0000
0000
0000
0000
0000
0000
0000
0000
0000
0000
0000
0000
0000
0000
0000
0000
0000
0000
0000
0000
0000
0000
0000
0000
0000
0000
0000
0000
0000
0000
0000
0000
0000
0000
0000
0000
0000
0000
0000
0000
0000
0000
0000
0000
0000
0000
0000
0000
0000
0000
0000
0000
0000
0000
0000
0000
0000
0000
0000
0000
0000
0000
0000
0000
0000
0000
0000
0000
0000
0000
0000
0000
0000
0000
0000
0000
0000
0000
0000
0000
0000
0000
0000
0000
0000
0000
0000
0000
0000
0000
0000
0000
0000
0000
0000
0000
0000
0000
0000
0000
0000
0000
0000
0000
0000
0000
0000
0000
0000
0000
0000
0000
0000
0000
0000
0000
0000
0000
0000
0000
0000
0000
0000
0000
0000
0000
0000
0000
0000
0000
0000
0000
0000
0000
0000
0000
0000
0000
0000
0000
0000
0000
0000
0000
0000
0000
0000
0000
0000
0000
0000
0000
0000
0000
0000
0000
0000
0000
0000
0000
0000
0000
0000
0000
0000
0000
0000
0000
0000
0000
0000
0000
0000
0000
0000
0000
0000
0000
0000
0000
0000
0000
0000
0000
0000
0000
0000
0000
0000
0000
0000
0000
0000
0000
0000
0000
0000
0000
0000
0000
0000
0000
0000
0000
0000
0000
0000
0000
0000
0000
0000
0000
0000
0000
0000
0000
0000
0000
0000
0000
0000
0000
0000
0000
0000
0000
0000
0000
0000
0000
0000
0000
0000
0000
0000
0000
0000
0000
0000
0000
0000
0000
0000
0000
0000
0000
0000
0000
0000
0000
0000
0000
0000
0000
0000
0000
0000
0000
0000
0000
0000
0000
0000
0000
0000
0000
0000
0000
0000
0000
0000
0000
0000
0000
0000
0000
0000
0000
0000
0000
0000
0000
0000
0000
0000
0000
0000
0000
0000
0000
0000
0000
0000
0000
0000
0000
0000
0000
0000
0000
0000
0000
0000
0000
0000
0000
0000
0000
0000
0000
0000
0000
0000
0000
0000
0000
0000
0000
0000
0000
0000
0000
0000
0000
0000
0000
0000
0000
0000
0000
0000
0000
0000
0000
0000
0000
0000
0000
0000
0000
0000
0000
0000
0000
0000
0000
0000
0000
0000
0000
0000
0000
0000
0000
0000
0000
0000
0000
0000
0000
0000
0000
0000
0000
0000
0000
0000
0000
0000
0000
0000
0000
0000
0000
0000
0000
0000
0000
0000
0000
0000
0000
0000
0000
0000
0000
0000
0000
0000
0000
0000
0000
0000
0000
0000
0000
0000
0000
0000
0000
0000
0000
0000
0000
0000
0000
0000
0000
0000
0000
0000
0000
0000
0000
0000
0000
0000
0000
0000
0000
0000
0000
0000
0000
0000
0000
0000
0000
0000
0000
0000
0000
0000
0000
0000
0000
0000
0000
0000
0000
0000
0000
0000
0000
0000
0000
0000
0000
0000
0000
0000
0000
0000
0000
0000
0000
0000
0000
0000
0000
0000
0000
0000
0000
0000
0000
0000
0000
0000
0000
0000
0000
0000
0000
0000
0000
0000
0000
0000
0000
0000
0000
0000
0000
0000
0000
0000
0000
0000
0000
0000
0000
0000
0000
0000
0000
0000
0000
0000
0000
0000
0000
0000
0000
0000
0000
0000
0000
0000
0000
0000
0000
0000
0000
0000
0000
0000
0000
0000
0000
0000
0000
0000
0000
0000
0000
0000
0000
0000
0000
0000
0000
0000
0000
0000
0000
0000
0000
0000
0000
0000
0000
0000
0000
0000
0000
0000
0000
0000
0000
0000
0000
0000
0000
0000
0000
0000
0000
0000
0000
0000
0000
0000
0000
0000
0000
0000
0000
0000
0000
0000
0000
0000
0000
0000
0000
0000
0000
0000
0000
0000
0000
0000
0000
0000
0000
0000
0000
0000
0000
0000
0000
0000
0000
0000
0000
0000
0000
0000
0000
0000
0000
0000
0000
0000
0000
0000
0000
0000
0000
0000
0000
0000
0000
0000
0000
0000
0000
0000
0000
0000
0000
0000
0000
0000
0000
0000
0000
0000
0000
0000
0000
0000
0000
0000
0000
0000
0000
0000
0000
0000
0000
0000
0000
0000
0000
0000
0000
0000
0000
0000
0000
0000
0000
0000
0000
0000
0000
0000
0000
0000
0000
0000
0000
0000
0000
0000
0000
0000
0000
0000
0000
0000
0000
0000
0000
0000
0000
0000
0000
0000
0000
0000
0000
0000
0000
0000
0000
0000
0000
0000
0000
0000
0000
0000
0000
0000
0000
0000
0000
0000
0000
0000
0000
0000
0000
0000
0000
0000
0000
0000
0000
0000
0000
0000
0000
0000
0000
0000
0000
0000
0000
0000
0000
0000
0000
0000
0000
0000
0000
0000
0000
0000
0000
0000
0000
0000
0000
0000
0000
0000
0000
0000
0000
0000
0000
0000
0000
0000
0000
0000
0000
0000
0000
0000
0000
0000
0000
0000
0000
0000
0000
0000
0000
0000
0000
0000
0000
0000
0000
0000
0000
0000
0000
0000
0000
0000
0000
0000
0000
0000
0000
0000
0000
0000
0000
0000
0000
0000
0000
0000
0000
0000
0000
0000
0000
0000
0000
0000
0000
0000
0000
0000
0000
0000
0000
0000
0000
0000
0000
0000
0000
0000
0000
0000
0000
0000
0000
0000
0000
0000
0000
0000
0000
0000
0000
0000
0000
0000
0000
0000
0000
0000
0000
0000
0000
0000
0000
0000
0000
0000
0000
0000
0000
0000
0000
0000
0000
0000
0000
0000
0000
0000
0000
0000
0000
0000
0000
0000
0000
0000
0000
0000
0000
0000
0000
0000
0000
0000
0000
0000
0000
0000
0000
0000
0000
0000
0000
0000
0000
0000
0000
0000
0000
0000
0000
0000
0000
0000
0000
0000
0000
0000
0000
0000
0000
0000
0000
0000
0000
0000
0000
0000
0000
0000
0000
0000
0000
0000
0000
0000
0000
0000
0000
0000
0000
0000
0000
0000
0000
0000
0000
0000
0000
0000
0000
0000
0000
0000
0000
0000
0000
0000
0000
0000
0000
0000
0000
0000
0000
0000
0000
0000
0000
0000
0000
0000
0000
0000
0000
0000
0000
0000
0000
0000
0000
0000
0000
0000
0000
0000
0000
0000
0000
0000
0000
0000
0000
0000
0000
0000
0000
0000
0000
0000
0000
0000
0000
0000
0000
0000
0000
0000
0000
0000
0000
0000
0000
0000
0000
0000
0000
0000
0000
0000
0000
0000
0000
0000
0000
0000
0000
0000
0000
0000
0000
0000
0000
0000
0000
0000
0000
0000
0000
0000
0000
0000
0000
0000
0000
0000
0000
0000
0000
0000
0000
0000
0000
0000
0000
0000
0000
0000
0000
0000
0000
0000
0000
0000
0000
0000
0000
0000
0000
0000
0000
0000
0000
0000
0000
0000
0000
0000
0000
0000
0000
0000
0000
0000
0000
0000
0000
0000
0000
0000
0000
0000
0000
0000
0000
0000
0000
0000
0000
0000
0000
0000
0000
0000
0000
0000
0000
0000
0000
0000
0000
0000
0000
0000
0000
0000
0000
0000
0000
0000
0000
0000
0000
0000
0000
0000
0000
0000
0000
0000
0000
0000
0000
0000
0000
0000
0000
0000
0000
0000
0000
0000
0000
0000
0000
0000
0000
0000
0000
0000
0000
0000
0000
0000
0000
0000
0000
0000
0000
0000
0000
0000
0000
0000
0000
0000
0000
0000
0000
0000
0000
0000
0000
0000
0000
0000
0000
0000
0000
0000
0000
0000
0000
0000
0000
0000
0000
0000
0000
0000
0000
0000
0000
0000
0000
0000
0000
0000
0000
0000
0000
0000
0000
0000
0000
0000
0000
0000
0000
0000
0000
0000
0000
0000
0000
0000
0000
0000
0000
0000
0000
0000
0000
0000
0000
0000
0000
0000
0000
0000
0000
0000
0000
0000
0000
0000
0000
0000
0000
0000
0000
0000
0000
0000
0000
0000
0000
0000
0000
0000
0000
0000
0000
0000
0000
0000
0000
0000
0000
0000
0000
0000
0000
0000
0000
0000
0000
0000
0000
0000
0000
0000
0000
0000
0000
0000
0000
0000
0000
0000
0000
0000
0000
0000
0000
0000
0000
0000
0000
0000
0000
0000
0000
0000
0000
0000
0000
0000
0000
0000
0000
0000
0000
0000
0000
0000
0000
0000
0000
0000
0000
0000
0000
0000
0000
0000
0000
0000
0000
0000
0000
0000
0000
0000
0000
0000
0000
0000
0000
0000
0000
0000
0000
0000
0000
0000
0000
0000
0000
0000
0000
0000
0000
0000
0000
0000
0000
0000
0000
0000
0000
0000
0000
0000
0000
0000
0000
0000
0000
0000
0000
0000
0000
0000
0000
0000
0000
0000
0000
0000
0000
0000
0000
0000
0000
0000
0000
0000
0000
0000
0000
0000
0000
0000
0000
0000
0000
0000
0000
0000
0000
0000
0000
0000
0000
0000
0000
0000
0000
0000
0000
0000
0000
0000
0000
0000
0000
0000
0000
0000
0000
0000
0000
0000
0000
0000
0000
0000
0000
0000
0000
0000
0000
0000
0000
0000
0000
0000
0000
0000
0000
0000
0000
0000
0000
0000
0000
0000
0000
0000
0000
0000
0000
0000
0000
0000
0000
0000
0000
0000
0000
0000
0000
0000
0000
0000
0000
0000
0000
0000
0000
0000
0000
0000
0000
0000
0000
0000
0000
0000
0000
0000
0000
0000
0000
0000
0000
0000
0000
0000
0000
0000
0000
0000
0000
0000
0000
0000
0000
0000
0000
0000
0000
0000
0000
0000
0000
0000
0000
0000
0000
0000
0000
0000
0000
0000
0000
0000
0000
0000
0000
0000
0000
0000
0000
0000
0000
0000
0000
0000
0000
0000
0000
0000
0000
0000
0000
0000
0000
0000
0000
0000
0000
0000
0000
0000
0000
0000
0000
0000
0000
0000
0000
0000
0000
0000
0000
0000
0000
0000
0000
0000
0000
0000
0000
0000
0000
0000
0000
0000
0000
0000
0000
0000
0000
0000
0000
0000
0000
0000
0000
0000
0000
0000
0000
0000
0000
0000
0000
0000
0000
0000
0000
0000
0000
0000
0000
0000
0000
0000
0000
0000
0000
0000
0000
0000
0000
0000
0000
0000
0000
0000
0000
0000
0000
0000
0000
0000
0000
0000
0000
0000
0000
0000
0000
0000
0000
0000
0000
0000
0000
0000
0000
0000
0000
0000
0000
0000
0000
0000
0000
0000
0000
0000
0000
0000
0000
0000
0000
0000
0000
0000
0000
0000
0000
0000
0000
0000
0000
0000
0000
0000
0000
0000
0000
0000
0000
0000
0000
0000
0000
0000
0000
0000
0000
0000
0000
0000
0000
0000
0000
0000
0000
0000
0000
0000
0000
0000
0000
0000
0000
0000
0000
0000
0000
0000
0000
0000
0000
0000
0000
0000
0000
0000
0000
0000
0000
0000
0000
0000
0000
0000
0000
0000
0000
0000
0000
0000
0000
0000
0000
0000
0000
0000
0000
0000
0000
0000
0000
0000
0000
0000
0000
0000
0000
0000
0000
0000
0000
0000
0000
0000
0000
0000
0000
0000
0000
0000
0000
0000
0000
0000
0000
0000
0000
0000
0000
0000
0000
0000
0000
0000
0000
0000
0000
0000
0000
0000
0000
0000
0000
0000
0000
0000
0000
0000
0000
0000
0000
0000
0000
0000
0000
0000
0000
0000
0000
0000
0000
0000
0000
0000
0000
0000
0000
0000
0000
0000
0000
0000
0000
0000
0000
0000
0000
0000
0000
0000
0000
0000
0000
0000
0000
0000
0000
0000
0000
0000
0000
0000
0000
0000
0000
0000
0000
0000
0000
0000
0000
0000
0000
0000
0000
0000
0000
0000
0000
0000
0000
0000
0000
0000
0000
0000
0000
0000
0000
0000
0000
0000
0000
0000
0000
0000
0000
0000
0000
0000
0000
0000
0000
0000
0000
0000
0000
0000
0000
0000
0000
0000
0000
0000
0000
0000
0000
0000
0000
0000
0000
0000
0000
0000
0000
0000
0000
0000
0000
0000
0000
0000
0000
0000
0000
0000
0000
0000
0000
0000
0000
0000
0000
0000
0000
0000
0000
0000
0000
0000
0000
0000
0000
0000
0000
0000
0000
0000
0000
0000
0000
0000
0000
0000
0000
0000
0000
0000
0000
0000
0000
0000
0000
0000
0000
0000
0000
0000
0000
0000
0000
0000
0000
0000
0000
0000
0000
0000
0000
0000
0000
0000
0000
0000
0000
0000
0000
0000
0000
0000
0000
0000
0000
0000
0000
0000
0000
0000
0000
0000
0000
0000
0000
0000
0000
0000
0000
0000
0000
0000
0000
0000
0000
0000
0000
0000
0000
0000
0000
0000
0000
0000
0000
0000
0000
0000
0000
0000
0000
0000
0000
0000
0000
0000
0000
0000
0000
0000
0000
0000
0000
0000
0000
0000
0000
0000
0000
0000
0000
0000
0000
0000
0000
0000
0000
0000
0000
0000
0000
0000
0000
0000
0000
0000
0000
0000
0000
0000
0000
0000
0000
0000
0000
0000
0000
0000
0000
0000
0000
0000
0000
0000
0000
0000
0000
0000
0000
0000
0000
0000
0000
0000
0000
0000
0000
0000
0000
0000
0000
0000
0000
0000
0000
0000
0000
0000
0000
0000
0000
0000
0000
0000
0000
0000
0000
0000
0000
0000
0000
0000
0000
0000
0000
0000
0000
0000
0000
0000
0000
0000
0000
0000
0000
0000
0000
0000
0000
0000
0000
0000
0000
0000
0000
0000
0000
0000
0000
0000
0000
0000
0000
0000
0000
0000
0000
0000
0000
0000
0000
0000
0000
0000
0000
0000
0000
0000
0000
0000
0000
0000
0000
0000
0000
0000
0000
0000
0000
0000
0000
0000
0000
0000
0000
0000
0000
0000
0000
0000
0000
0000
0000
0000
0000
0000
0000
0000
0000
0000
0000
0000
0000
0000
0000
0000
0000
0000
0000
0000
0000
0000
0000
0000
0000
0000
0000
0000
0000
0000
0000
0000
0000
0000
0000
0000
0000
0000
0000
0000
0000
0000
0000
0000
0000
0000
0000
0000
0000
0000
0000
0000
0000
0000
0000
0000
0000
0000
0000
0000
0000
0000
0000
0000
0000
0000
0000
0000
0000
0000
0000
0000
0000
0000
0000
0000
0000
0000
0000
0000
0000
0000
0000
0000
0000
0000
0000
0000
0000
0000
0000
0000
0000
0000
0000
0000
0000
0000
0000
0000
0000
0000
0000
0000
0000
0000
0000
0000
0000
0000
0000
0000
0000
0000
0000
0000
0000
0000
0000
0000
0000
0000
0000
0000
0000
0000
0000
0000
0000
0000
0000
0000
0000
0000
0000
0000
0000
0000
0000
0000
0000
0000
0000
0000
0000
0000
0000
0000
0000
0000
0000
0000
0000
0000
0000
0000
0000
0000
0000
0000
0000
0000
0000
0000
0000
0000
0000
0000
0000
0000
0000
0000
0000
0000
0000
0000
0000
0000
0000
0000
0000
0000
0000
0000
0000
0000
0000
0000
0000
0000
0000
0000
0000
0000
0000
0000
0000
0000
0000
0000
0000
0000
0000
0000
0000
0000
0000
0000
0000
0000
0000
0000
0000
0000
0000
0000
0000
0000
0000
0000
0000
0000
0000
0000
0000
0000
0000
0000
0000
0000
0000
0000
0000
0000
0000
0000
0000
0000
0000
0000
0000
0000
0000
0000
0000
0000
0000
0000
0000
0000
0000
0000
0000
0000
0000
0000
0000
0000
0000
0000
0000
0000
0000
0000
0000
0000
0000
0000
0000
0000
0000
0000
0000
0000
0000
0000
0000
0000
0000
0000
0000
0000
0000
0000
0000
0000
0000
0000
0000
0000
0000
0000
0000
0000
0000
0000
0000
0000
0000
0000
0000
0000
0000
0000
0000
0000
0000
0000
0000
0000
0000
0000
0000
0000
0000
0000
0000
0000
0000
0000
0000
0000
0000
0000
0000
0000
0000
0000
0000
0000
0000
0000
0000
0000
0000
0000
0000
0000
0000
0000
0000
0000
0000
0000
0000
0000
0000
0000
0000
0000
0000
0000
0000
0000
0000
0000
0000
0000
0000
0000
0000
0000
0000
0000
0000
0000
0000
0000
0000
0000
0000
0000
0000
0000
0000
0000
0000
0000
0000
0000
0000
0000
0000
0000
0000
0000
0000
0000
0000
0000
0000
0000
0000
0000
0000
0000
0000
0000
0000
0000
0000
0000
0000
0000
0000
0000
0000
0000
0000
0000
0000
0000
0000
0000
0000
0000
0000
0000
0000
0000
0000
0000
0000
0000
0000
0000
0000
0000
0000
0000
0000
0000
0000
0000
0000
0000
0000
0000
0000
0000
0000
0000
0000
0000
0000
0000
0000
0000
0000
0000
0000
0000
0000
0000
0000
0000
0000
0000
0000
0000
0000
0000
0000
0000
0000
0000
0000
0000
0000
0000
0000
0000
0000
0000
0000
0000
0000
0000
0000
0000
0000
0000
0000
0000
0000
0000
0000
0000
0000
0000
0000
0000
0000
0000
0000
0000
0000
0000
0000
0000
0000
0000
0000
0000
0000
0000
0000
0000
0000
0000
0000
0000
0000
0000
0000
0000
0000
0000
0000
0000
0000
0000
0000
0000
0000
0000
0000
0000
0000
0000
0000
0000
0000
0000
0000
0000
0000
0000
0000
0000
0000
0000
0000
0000
0000
0000
0000
0000
0000
0000
0000
0000
0000
0000
0000
0000
0000
0000
0000
0000
0000
0000
0000
0000
0000
0000
0000
0000
0000
0000
0000
0000
0000
0000
0000
0000
0000
0000
0000
0000
0000
0000
0000
0000
0000
0000
0000
0000
0000
0000
0000
0000
0000
0000
0000
0000
0000
0000
0000
0000
0000
0000
0000
0000
0000
0000
0000
0000
0000
0000
0000
0000
0000
0000
0000
0000
0000
0000
0000
0000
0000
0000
0000
0000
0000
0000
0000
0000
0000
0000
0000
0000
0000
0000
0000
0000
0000
0000
0000
0000
0000
0000
0000
0000
0000
0000
0000
0000
0000
0000
0000
0000
0000
0000
0000
0000
0000
0000
0000
0000
0000
0000
0000
0000
0000
0000
0000
0000
0000
0000
0000
0000
0000
0000
0000
0000
0000
0000
0000
0000
0000
0000
0000
0000
0000
0000
0000
0000
0000
0000
0000
0000
0000
0000
0000
0000
0000
0000
0000
0000
0000
0000
0000
0000
0000
0000
0000
0000
0000
0000
0000
0000
0000
0000
0000
0000
0000
0000
0000
0000
0000
0000
0000
0000
0000
0000
0000
0000
0000
0000
0000
0000
0000
0000
0000
0000
0000
0000
0000
0000
0000
0000
0000
0000
0000
0000
0000
0000
0000
0000
0000
0000
0000
0000
0000
0000
0000
0000
0000
0000
0000
0000
0000
0000
0000
0000
0000
0000
0000
0000
0000
0000
0000
0000
0000
0000
0000
0000
0000
0000
0000
0000
0000
0000
0000
0000
0000
0000
0000
0000
0000
0000
0000
0000
0000
0000
0000
0000
0000
0000
0000
0000
0000
0000
0000
0000
0000
0000
0000
0000
0000
0000
0000
0000
0000
0000
0000
0000
0000
0000
0000
0000
0000
0000
0000
0000
0000
0000
0000
0000
0000
0000
0000
0000
0000
0000
0000
0000
0000
0000
0000
0000
0000
0000
0000
0000
0000
0000
0000
0000
0000
0000
0000
0000
0000
0000
0000
0000
0000
0000
0000
0000
0000
0000
0000
0000
0000
0000
0000
0000
0000
0000
0000
0000
0000
0000
0000
0000
0000
0000
0000
0000
0000
0000
0000
0000
0000
0000
0000
0000
0000
0000
0000
0000
0000
0000
0000
0000
0000
0000
0000
0000
0000
0000
0000
0000
0000
0000
0000
0000
0000
0000
0000
0000
0000
0000
0000
0000
0000
0000
0000
0000
0000
0000
0000
0000
0000
0000
0000
0000
0000
0000
0000
0000
0000
0000
0000
0000
0000
0000
0000
0000
0000
0000
0000
0000
0000
0000
0000
0000
0000
0000
0000
0000
0000
0000
0000
0000
0000
0000
0000
0000
0000
0000
0000
0000
0000
0000
0000
0000
0000
0000
0000
0000
0000
0000
0000
0000
0000
0000
0000
0000
0000
0000
0000
0000
0000
0000
0000
0000
0000
0000
0000
0000
0000
0000
0000
0000
0000
0000
0000
0000
0000
0000
0000
0000
0000
0000
0000
0000
0000
0000
0000
0000
0000
0000
0000
0000
0000
0000
0000
0000
0000
0000
0000
0000
0000
0000
0000
0000
0000
0000
0000
0000
0000
0000
0000
0000
0000
0000
0000
0000
0000
0000
0000
0000
0000
0000
0000
0000
0000
0000
0000
0000
0000
0000
0000
0000
0000
0000
0000
0000
0000
0000
0000
0000
0000
0000
0000
0000
0000
0000
0000
0000
0000
0000
0000
0000
0000
0000
0000
0000
0000
0000
0000
0000
0000
0000
0000
0000
0000
0000
0000
0000
0000
0000
0000
0000
0000
0000
0000
0000
0000
0000
0000
0000
0000
0000
0000
0000
0000
0000
0000
0000
0000
0000
0000
0000
0000
0000
0000
0000
0000
0000
0000
0000
0000
0000
0000
0000
0000
0000
0000
0000
0000
0000
0000
0000
0000
0000
0000
0000
0000
0000
0000
0000
0000
0000
0000
0000
0000
0000
0000
0000
0000
0000
0000
0000
0000
0000
0000
0000
0000
0000
0000
0000
0000
0000
0000
0000
0000
0000
0000
0000
0000
0000
0000
0000
0000
0000
0000
0000
0000
0000
0000
0000
0000
0000
0000
0000
0000
0000
0000
0000
0000
0000
0000
0000
0000
0000
0000
0000
0000
0000
0000
0000
0000
0000
0000
0000
0000
0000
0000
0000
0000
0000
0000
0000
0000
0000
0000
0000
0000
0000
0000
0000
0000
0000
0000
0000
0000
0000
0000
0000
0000
0000
0000
0000
0000
0000
0000
0000
0000
0000
0000
0000
0000
0000
0000
0000
0000
0000
0000
0000
0000
0000
0000
0000
0000
0000
0000
0000
0000
0000
0000
0000
0000
0000
0000
0000
0000
0000
0000
0000
0000
0000
0000
0000
0000
0000
0000
0000
0000
0000
0000
0000
0000
0000
0000
0000
0000
0000
0000
0000
0000
0000
0000
0000
0000
0000
0000
0000
0000
0000
0000
0000
0000
0000
0000
0000
0000
0000
0000
0000
0000
0000
0000
0000
0000
0000
0000
0000
0000
0000
0000
0000
0000
0000
0000
0000
0000
0000
0000
0000
0000
0000
0000
0000
0000
0000
0000
0000
0000
0000
0000
0000
0000
0000
0000
0000
0000
0000
0000
0000
0000
0000
0000
0000
0000
0000
0000
0000
0000
0000
0000
0000
0000
0000
0000
0000
0000
0000
0000
0000
0000
0000
0000
0000
0000
0000
0000
0000
0000
0000
0000
0000
0000
0000
0000
0000
0000
0000
0000
0000
0000
0000
0000
0000
0000
0000
0000
0000
0000
0000
0000
0000
0000
0000
0000
0000
0000
0000
0000
0000
0000
0000
0000
0000
0000
0000
0000
0000
0000
0000
0000
0000
0000
0000
0000
0000
0000
0000
0000
0000
0000
0000
0000
0000
0000
0000
0000
0000
0000
0000
0000
0000
0000
0000
0000
0000
0000
0000
0000
0000
0000
0000
0000
0000
0000
0000
0000
0000
0000
0000
0000
0000
0000
0000
0000
0000
0000
0000
0000
0000
0000
0000
0000
0000
0000
0000
0000
0000
0000
0000
0000
0000
0000
0000
0000
0000
0000
0000
0000
0000
0000
0000
0000
0000
0000
0000
0000
0000
0000
0000
0000
0000
0000
0000
0000
0000
0000
0000
0000
0000
0000
0000
0000
0000
0000
0000
0000
0000
0000
0000
0000
0000
0000
0000
0000
0000
0000
0000
0000
0000
0000
0000
0000
0000
0000
0000
0000
0000
0000
0000
0000
0000
0000
0000
0000
0000
0000
0000
0000
0000
0000
0000
0000
0000
0000
0000
0000
0000
0000
0000
0000
0000
0000
0000
0000
0000
0000
0000
0000
0000
0000
0000
0000
0000
0000
0000
0000
0000
0000
0000
0000
0000
0000
0000
0000
0000
0000
0000
0000
0000
0000
0000
0000
0000
0000
0000
0000
0000
0000
0000
0000
0000
0000
0000
0000
0000
0000
0000
0000
0000
0000
0000
0000
0000
0000
0000
0000
0000
0000
0000
0000
0000
0000
0000
0000
0000
0000
0000
0000
0000
0000
0000
0000
0000
0000
0000
0000
0000
0000
0000
0000
0000
0000
0000
0000
0000
0000
0000
0000
0000
0000
0000
0000
0000
0000
0000
0000
0000
0000
0000
0000
0000
0000
0000
0000
0000
0000
0000
0000
0000
0000
0000
0000
0000
0000
0000
0000
0000
0000
0000
0000
0000
0000
0000
0000
0000
0000
0000
0000
0000
0000
0000
0000
0000
0000
0000
0000
0000
0000
0000
0000
0000
0000
0000
0000
0000
0000
0000
0000
0000
0000
0000
0000
0000
0000
0000
0000
0000
0000
0000
0000
0000
0000
0000
0000
0000
0000
0000
0000
0000
0000
0000
0000
0000
0000
0000
0000
0000
0000
0000
0000
0000
0000
0000
0000
0000
0000
0000
0000
0000
0000
0000
0000
0000
0000
0000
0000
0000
0000
0000
0000
0000
0000
0000
0000
0000
0000
0000
0000
0000
0000
0000
0000
0000
0000
0000
0000
0000
0000
0000
0000
0000
0000
0000
0000
0000
0000
0000
0000
0000
0000
0000
0000
0000
0000
0000
0000
0000
0000
0000
0000
0000
0000
0000
0000
0000
0000
0000
0000
0000
0000
0000
0000
0000
0000
0000
0000
0000
0000
0000
0000
0000
0000
0000
0000
0000
0000
0000
0000
0000
0000
0000
0000
0000
0000
0000
0000
0000
0000
0000
0000
0000
0000
0000
0000
0000
0000
0000
0000
0000
0000
0000
0000
0000
0000
0000
0000
0000
0000
0000
0000
0000
0000
0000
0000
0000
0000
0000
0000
0000
0000
0000
0000
0000
0000
0000
0000
0000
0000
0000
0000
0000
0000
0000
0000
0000
0000
0000
0000
0000
0000
0000
0000
0000
0000
0000
0000
0000
0000
0000
0000
0000
0000
0000
0000
0000
0000
0000
0000
0000
0000
0000
0000
0000
0000
0000
0000
0000
0000
0000
0000
0000
0000
0000
0000
0000
0000
0000
0000
0000
0000
0000
0000
0000
0000
0000
0000
0000
0000
0000
0000
0000
0000
0000
0000
0000
0000
0000
0000
0000
0000
0000
0000
0000
0000
0000
0000
0000
0000
0000
0000
0000
0000
0000
0000
0000
0000
0000
0000
0000
0000
0000
0000
0000
0000
0000
0000
0000
0000
0000
0000
0000
0000
0000
0000
0000
0000
0000
0000
0000
0000
0000
0000
0000
0000
0000
0000
0000
0000
0000
0000
0000
0000
0000
0000
0000
0000
0000
0000
0000
0000
0000
0000
0000
0000
0000
0000
0000
0000
0000
0000
0000
0000
0000
0000
0000
0000
0000
0000
0000
0000
0000
0000
0000
0000
0000
0000
0000
0000
0000
0000
0000
0000
0000
0000
0000
0000
0000
0000
0000
0000
0000
0000
0000
0000
0000
0000
0000
0000
0000
0000
0000
0000
0000
0000
0000
0000
0000
0000
0000
0000
0000
0000
0000
0000
0000
0000
0000
0000
0000
0000
0000
0000
0000
0000
0000
0000
0000
0000
0000
0000
0000
0000
0000
0000
0000
0000
0000
0000
0000
0000
0000
0000
0000
0000
0000
0000
0000
0000
0000
0000
0000
0000
0000
0000
0000
0000
0000
0000
0000
0000
0000
0000
0000
0000
0000
0000
0000
0000
0000
0000
0000
0000
0000
0000
0000
0000
0000
0000
0000
0000
0000
0000
0000
0000
0000
0000
0000
0000
0000
0000
0000
0000
0000
0000
0000
0000
0000
0000
0000
0000
0000
0000
0000
0000
0000
0000
0000
0000
0000
0000
0000
0000
0000
0000
0000
0000
0000
0000
0000
0000
0000
0000
0000
0000
0000
0000
0000
0000
0000
0000
0000
0000
0000
0000
0000
0000
0000
0000
0000
0000
0000
0000
0000
0000
0000
0000
0000
0000
0000
0000
0000
0000
0000
0000
0000
0000
0000
0000
0000
0000
0000
0000
0000
0000
0000
0000
0000
0000
0000
0000
0000
0000
0000
0000
0000
0000
0000
0000
0000
0000
0000
0000
0000
0000
0000
0000
0000
0000
0000
0000
0000
0000
0000
0000
0000
0000
0000
0000
0000
0000
0000
0000
0000
0000
0000
0000
0000
0000
0000
0000
0000
0000
0000
0000
0000
0000
0000
0000
0000
0000
0000
0000
0000
0000
0000
0000
0000
0000
0000
0000
0000
0000
0000
0000
0000
0000
0000
0000
0000
0000
0000
0000
0000
0000
0000
0000
0000
0000
0000
0000
0000
0000
0000
0000
0000
0000
0000
0000
0000
0000
0000
0000
0000
0000
0000
0000
0000
0000
0000
0000
0000
0000
0000
0000
0000
0000
0000
0000
0000
0000
0000
0000
0000
0000
0000
0000
0000
0000
0000
0000
0000
0000
0000
0000
0000
0000
0000
0000
0000
0000
0000
0000
0000
0000
0000
0000
0000
0000
0000
0000
0000
0000
0000
0000
0000
0000
0000
0000
0000
0000
0000
0000
0000
0000
0000
0000
0000
0000
0000
0000
0000
0000
0000
0000
0000
0000
0000
0000
0000
0000
0000
0000
0000
0000
0000
0000
0000
0000
0000
0000
0000
0000
0000
0000
0000
0000
0000
0000
0000
0000
0000
0000
0000
0000
0000
0000
0000
0000
0000
0000
0000
0000
0000
0000
0000
0000
0000
0000
0000
0000
0000
0000
0000
0000
0000
0000
0000
0000
0000
0000
0000
0000
0000
0000
0000
0000
0000
0000
0000
0000
0000
0000
0000
0000
0000
0000
0000
0000
0000
0000
0000
0000
0000
0000
0000
0000
0000
0000
0000
0000
0000
0000
0000
0000
0000
0000
0000
0000
0000
0000
0000
0000
0000
0000
0000
0000
0000
0000
0000
0000
0000
0000
0000
0000
0000
0000
0000
0000
0000
0000
0000
0000
0000
0000
0000
0000
0000
0000
0000
0000
0000
0000
0000
0000
0000
0000
0000
0000
0000
0000
0000
0000
0000
0000
0000
0000
0000
0000
0000
0000
0000
0000
0000
0000
0000
0000
0000
0000
0000
0000
0000
0000
0000
0000
0000
0000
0000
0000
0000
0000
0000
0000
0000
0000
0000
0000
0000
0000
0000
0000
0000
0000
0000
0000
0000
0000
0000
0000
0000
0000
0000
0000
0000
0000
0000
0000
0000
0000
0000
0000
0000
0000
0000
0000
0000
0000
0000
0000
0000
0000
0000
0000
0000
0000
0000
0000
0000
0000
0000
0000
0000
0000
0000
0000
0000
0000
0000
0000
0000
0000
0000
0000
0000
0000
0000
0000
0000
0000
0000
0000
0000
0000
0000
0000
0000
0000
0000
0000
0000
0000
0000
0000
0000
0000
0000
0000
0000
0000
0000
0000
0000
0000
0000
0000
0000
0000
0000
0000
0000
0000
0000
0000
0000
0000
0000
0000
0000
0000
0000
0000
0000
0000
0000
0000
0000
0000
0000
0000
0000
0000
0000
0000
0000
0000
0000
0000
0000
0000
0000
0000
0000
0000
0000
0000
0000
0000
0000
0000
0000
0000
0000
0000
0000
0000
0000
0000
0000
0000
0000
0000
0000
0000
0000
0000
0000
0000
0000
0000
0000
0000
0000
0000
0000
0000
0000
0000
0000
0000
0000
0000
0000
0000
0000
0000
0000
0000
0000
0000
0000
0000
0000
0000
0000
0000
0000
0000
0000
0000
0000
0000
0000
0000
0000
0000
0000
0000
0000
0000
0000
0000
0000
0000
0000
0000
0000
0000
0000
0000
0000
0000
0000
0000
0000
0000
0000
0000
0000
0000
0000
0000
0000
0000
0000
0000
0000
0000
0000
0000
0000
0000
0000
0000
0000
0000
0000
0000
0000
0000
0000
0000
0000
0000
0000
0000
0000
0000
0000
0000
0000
0000
0000
0000
0000
0000
0000
0000
0000
0000
0000
0000
0000
0000
0000
0000
0000
0000
0000
0000
0000
0000
0000
0000
0000
0000
0000
0000
0000
0000
0000
0000
0000
0000
0000
0000
0000
0000
0000
0000
0000
0000
0000
0000
0000
0000
0000
0000
0000
0000
0000
0000
0000
0000
0000
0000
0000
0000
0000
0000
0000
0000
0000
0000
0000
0000
0000
0000
0000
0000
0000
0000
0000
0000
0000
0000
0000
0000
0000
0000
0000
0000
0000
0000
0000
0000
0000
0000
0000
0000
0000
0000
0000
0000
0000
0000
0000
0000
0000
0000
0000
0000
0000
0000
0000
0000
0000
0000
0000
0000
0000
0000
0000
0000
0000
0000
0000
0000
0000
0000
0000
0000
0000
0000
0000
0000
0000
0000
0000
0000
0000
0000
0000
0000
0000
0000
0000
0000
0000
0000
0000
0000
0000
0000
0000
0000
0000
0000
0000
0000
0000
0000
0000
0000
0000
0000
0000
0000
0000
0000
0000
0000
0000
0000
0000
0000
0000
0000
0000
0000
0000
0000
0000
0000
0000
0000
0000
0000
0000
0000
0000
0000
0000
0000
0000
0000
0000
0000
0000
0000
0000
0000
0000
0000
0000
0000
0000
0000
0000
0000
0000
0000
0000
0000
0000
0000
0000
0000
0000
0000
0000
0000
0000
0000
0000
0000
0000
0000
0000
0000
0000
0000
0000
0000
0000
0000
0000
0000
0000
0000
0000
0000
0000
0000
0000
0000
0000
0000
0000
0000
0000
0000
0000
0000
0000
0000
0000
0000
0000
0000
0000
0000
0000
0000
0000
0000
0000
0000
0000
0000
0000
0000
0000
0000
0000
0000
0000
0000
0000
0000
0000
0000
0000
0000
0000
0000
0000
0000
0000
0000
0000
0000
0000
0000
0000
0000
0000
0000
0000
0000
0000
0000
0000
0000
0000
0000
0000
0000
0000
0000
0000
0000
0000
0000
0000
0000
0000
0000
0000
0000
0000
0000
0000
0000
0000
0000
0000
0000
0000
0000
0000
0000
0000
0000
0000
0000
0000
0000
0000
0000
0000
0000
0000
0000
0000
0000
0000
0000
0000
0000
0000
0000
0000
0000
0000
0000
0000
0000
0000
0000
0000
0000
0000
0000
0000
0000
0000
0000
0000
0000
0000
0000
0000
0000
0000
0000
0000
0000
0000
0000
0000
0000
0000
0000
0000
0000
0000
0000
0000
0000
0000
0000
0000
0000
0000
0000
0000
0000
0000
0000
0000
0000
0000
0000
0000
0000
0000
0000
0000
0000
0000
0000
0000
0000
0000
0000
0000
0000
0000
0000
0000
0000
0000
0000
0000
0000
0000
0000
0000
0000
0000
0000
0000
0000
0000
0000
0000
0000
0000
0000
0000
0000
0000
0000
0000
0000
0000
0000
0000
0000
0000
0000
0000
0000
0000
0000
0000
0000
0000
0000
0000
0000
0000
0000
0000
0000
0000
0000
0000
0000
0000
0000
0000
0000
0000
0000
0000
0000
0000
0000
0000
0000
0000
0000
0000
0000
0000
0000
0000
0000
0000
0000
0000
0000
0000
0000
0000
0000
0000
0000
0000
0000
0000
0000
0000
0000
0000
0000
0000
0000
0000
0000
0000
0000
0000
0000
0000
0000
0000
0000
0000
0000
0000
0000
0000
0000
0000
0000
0000
0000
0000
0000
0000
0000
0000
0000
0000
0000
0000
0000
0000
0000
0000
0000
0000
0000
0000
0000
0000
0000
0000
0000
0000
0000
0000
0000
0000
0000
0000
0000
0000
0000
0000
0000
0000
0000
0000
0000
0000
0000
0000
0000
0000
0000
0000
0000
0000
0000
0000
0000
0000
0000
0000
0000
0000
0000
0000
0000
0000
0000
0000
0000
0000
0000
0000
0000
0000
0000
0000
0000
0000
0000
0000
0000
0000
0000
0000
0000
0000
0000
0000
0000
0000
0000
0000
0000
0000
0000
0000
0000
0000
0000
0000
0000
0000
0000
0000
0000
0000
0000
0000
0000
0000
0000
0000
0000
0000
0000
0000
0000
0000
0000
0000
0000
0000
0000
0000
0000
0000
0000
0000
0000
0000
0000
0000
0000
0000
0000
0000
0000
0000
0000
0000
0000
0000
0000
0000
0000
0000
0000
0000
0000
0000
0000
0000
0000
0000
0000
0000
0000
0000
0000
0000
0000
0000
0000
0000
0000
0000
0000
0000
0000
0000
0000
0000
0000
0000
0000
0000
0000
0000
0000
0000
0000
0000
0000
0000
0000
0000
0000
0000
0000
0000
0000
0000
0000
0000
0000
0000
0000
0000
0000
0000
0000
0000
0000
0000
0000
0000
0000
0000
0000
0000
0000
0000
0000
0000
0000
0000
0000
0000
0000
0000
0000
0000
0000
0000
0000
0000
0000
0000
0000
0000
0000
0000
0000
0000
0000
0000
0000
0000
0000
0000
0000
0000
0000
0000
0000
0000
0000
0000
0000
0000
0000
0000
0000
0000
0000
0000
0000
0000
0000
0000
0000
0000
0000
0000
0000
0000
0000
0000
0000
0000
0000
0000
0000
0000
0000
0000
0000
0000
0000
0000
0000
0000
0000
0000
0000
0000
0000
0000
0000
0000
0000
0000
0000
0000
0000
0000
0000
0000
0000
0000
0000
0000
0000
0000
0000
0000
0000
0000
0000
0000
0000
0000
0000
0000
0000
0000
0000
0000
0000
0000
0000
0000
0000
0000
0000
0000
0000
0000
0000
0000
0000
0000
0000
0000
0000
0000
0000
0000
0000
0000
0000
0000
0000
0000
0000
0000
0000
0000
0000
0000
0000
0000
0000
0000
0000
0000
0000
0000
0000
0000
0000
0000
0000
0000
0000
0000
0000
0000
0000
0000
0000
0000
0000
0000
0000
0000
0000
0000
0000
0000
0000
0000
0000
0000
0000
0000
0000
0000
0000
0000
0000
0000
0000
0000
0000
0000
0000
0000
0000
0000
0000
0000
0000
0000
0000
0000
0000
0000
0000
0000
0000
0000
0000
0000
0000
0000
0000
0000
0000
0000
0000
0000
0000
0000
0000
0000
0000
0000
0000
0000
0000
0000
0000
0000
0000
0000
0000
0000
0000
0000
0000
0000
0000
0000
0000
0000
0000
0000
0000
0000
0000
0000
0000
0000
0000
0000
0000
0000
0000
0000
0000
0000
0000
0000
0000
0000
0000
0000
0000
0000
0000
0000
0000
0000
0000
0000
0000
0000
0000
0000
0000
0000
0000
0000
0000
0000
0000
0000
0000
0000
0000
0000
0000
0000
0000
0000
0000
0000
0000
0000
0000
0000
0000
0000
0000
0000
0000
0000
0000
0000
0000
0000
0000
0000
0000
0000
0000
0000
0000
0000
0000
0000
0000
0000
0000
0000
0000
0000
0000
0000
0000
0000
0000
0000
0000
0000
0000
0000
0000
0000
0000
0000
0000
0000
0000
0000
0000
0000
0000
0000
0000
0000
0000
0000
0000
0000
0000
0000
0000
0000
0000
0000
0000
0000
0000
0000
0000
0000
0000
0000
0000
0000
0000
0000
0000
0000
0000
0000
0000
0000
0000
0000
0000
0000
0000
0000
0000
0000
0000
0000
0000
0000
0000
0000
0000
0000
0000
0000
0000
0000
0000
0000
0000
0000
0000
0000
0000
0000
0000
0000
0000
0000
0000
0000
0000
0000
0000
0000
0000
0000
0000
0000
0000
0000
0000
0000
0000
0000
0000
0000
0000
0000
0000
0000
0000
0000
0000
0000
0000
0000
0000
0000
0000
0000
0000
0000
0000
0000
0000
0000
0000
0000
0000
0000
0000
0000
0000
0000
0000
0000
0000
0000
0000
0000
0000
0000
0000
0000
0000
0000
0000
0000
0000
0000
0000
0000
0000
0000
0000
0000
0000
0000
0000
0000
0000
0000
0000
0000
0000
0000
0000
0000
0000
0000
0000
0000
0000
0000
0000
0000
0000
0000
0000
0000
0000
0000
0000
0000
0000
0000
0000
0000
0000
0000
0000
0000
0000
0000
0000
0000
0000
0000
0000
0000
0000
0000
0000
0000
0000
0000
0000
0000
0000
0000
0000
0000
0000
0000
0000
0000
0000
0000
0000
0000
0000
0000
0000
0000
0000
0000
0000
0000
0000
0000
0000
0000
0000
0000
0000
0000
0000
0000
0000
0000
0000
0000
0000
0000
0000
0000
0000
0000
0000
0000
0000
0000
0000
0000
0000
0000
0000
0000
0000
0000
0000
0000
0000
0000
0000
0000
0000
0000
0000
0000
0000
0000
0000
0000
0000
0000
0000
0000
0000
0000
0000
0000
0000
0000
0000
0000
0000
0000
0000
0000
0000
0000
0000
0000
0000
0000
0000
0000
0000
0000
0000
0000
0000
0000
0000
0000
0000
0000
0000
0000
0000
0000
0000
0000
0000
0000
0000
0000
0000
0000
0000
0000
0000
0000
0000
0000
0000
0000
0000
0000
0000
0000
0000
0000
0000
0000
0000
0000
0000
0000
0000
0000
0000
0000
0000
0000
0000
0000
0000
0000
0000
0000
0000
0000
0000
0000
0000
0000
0000
0000
0000
0000
0000
0000
0000
0000
0000
0000
0000
0000
0000
0000
0000
0000
0000
0000
0000
0000
0000
0000
0000
0000
0000
0000
0000
0000
0000
0000
0000
0000
0000
0000
0000
0000
0000
0000
0000
0000
0000
0000
0000
0000
0000
0000
0000
0000
0000
0000
0000
0000
0000
0000
0000
0000
0000
0000
0000
0000
0000
0000
0000
0000
0000
0000
0000
0000
0000
0000
0000
0000
0000
0000
0000
0000
0000
0000
0000
0000
0000
0000
0000
0000
0000
0000
0000
0000
0000
0000
0000
0000
0000
0000
0000
0000
0000
0000
0000
0000
0000
0000
0000
0000
0000
0000
0000
0000
0000
0000
0000
0000
0000
0000
0000
0000
0000
0000
0000
0000
0000
0000
0000
0000
0000
0000
0000
0000
0000
0000
0000
0000
0000
0000
0000
0000
0000
0000
0000
0000
0000
0000
0000
0000
0000
0000
0000
0000
0000
0000
0000
0000
0000
0000
0000
0000
0000
0000
0000
0000
0000
0000
0000
0000
0000
0000
0000
0000
0000
0000
0000
0000
0000
0000
0000
0000
0000
0000
0000
0000
0000
0000
0000
0000
0000
0000
0000
0000
0000
0000
0000
0000
0000
0000
0000
0000
0000
0000
0000
0000
0000
0000
0000
0000
0000
0000
0000
0000
0000
0000
0000
0000
0000
0000
0000
0000
0000
0000
0000
0000
0000
0000
0000
0000
0000
0000
0000
0000
0000
0000
0000
0000
0000
0000
0000
0000
0000
0000
0000
0000
0000
0000
0000
0000
0000
0000
0000
0000
0000
0000
0000
0000
0000
0000
0000
0000
0000
0000
0000
0000
0000
0000
0000
0000
0000
0000
0000
0000
0000
0000
0000
0000
0000
0000
0000
0000
0000
0000
0000
0000
0000
0000
0000
0000
0000
0000
0000
0000
0000
0000
0000
0000
0000
0000
0000
0000
0000
0000
0000
0000
0000
0000
0000
0000
0000
0000
0000
0000
0000
0000
0000
0000
0000
0000
0000
0000
0000
0000
0000
0000
0000
0000
0000
0000
0000
0000
0000
0000
0000
0000
0000
0000
0000
0000
0000
0000
0000
0000
0000
0000
0000
0000
0000
0000
0000
0000
0000
0000
0000
0000
0000
0000
0000
0000
0000
0000
0000
0000
0000
0000
0000
0000
0000
0000
0000
0000
0000
0000
0000
0000
0000
0000
0000
0000
0000
0000
0000
0000
0000
0000
0000
0000
0000
0000
0000
0000
0000
0000
0000
0000
0000
0000
0000
0000
0000
0000
0000
0000
0000
0000
0000
0000
0000
0000
0000
0000
0000
0000
0000
0000
0000
0000
0000
0000
0000
0000
0000
0000
0000
0000
0000
0000
0000
0000
0000
0000
0000
0000
0000
0000
0000
0000
0000
0000
0000
0000
0000
0000
0000
0000
0000
0000
0000
0000
0000
0000
0000
0000
0000
0000
0000
0000
0000
0000
0000
0000
0000
0000
0000
0000
0000
0000
0000
0000
0000
0000
0000
0000
0000
0000
0000
0000
0000
0000
0000
0000
0000
0000
0000
0000
0000
0000
0000
0000
0000
0000
0000
0000
0000
0000
0000
0000
0000
0000
0000
0000
0000
0000
0000
0000
0000
0000
0000
0000
0000
0000
0000
0000
0000
0000
0000
0000
0000
0000
0000
0000
0000
0000
0000
0000
0000
0000
0000
0000
0000
0000
0000
0000
0000
0000
0000
0000
0000
0000
0000
0000
0000
0000
0000
0000
0000
0000
0000
0000
0000
0000
0000
0000
0000
0000
0000
0000
0000
0000
0000
0000
0000
0000
0000
0000
0000
0000
0000
0000
0000
0000
0000
0000
0000
0000
0000
0000
0000
0000
0000
0000
0000
0000
0000
0000
0000
0000
0000
0000
0000
0000
0000
0000
0000
0000
0000
0000
0000
0000
0000
0000
0000
0000
0000
0000
0000
0000
0000
0000
0000
0000
0000
0000
0000
0000
0000
0000
0000
0000
0000
0000
0000
0000
0000
0000
0000
0000
0000
0000
0000
0000
0000
0000
0000
0000
0000
0000
0000
0000
0000
0000
0000
0000
0000
0000
0000
0000
0000
0000
0000
0000
0000
0000
0000
0000
0000
0000
0000
0000
0000
0000
0000
0000
0000
0000
0000
0000
0000
0000
0000
0000
0000
0000
0000
0000
0000
0000
0000
0000
0000
0000
0000
0000
0000
0000
0000
0000
0000
0000
0000
0000
0000
0000
0000
0000
0000
0000
0000
0000
0000
0000
0000
0000
0000
0000
0000
0000
0000
0000
0000
0000
0000
0000
0000
0000
0000
0000
0000
0000
0000
0000
0000
0000
0000
0000
0000
0000
0000
0000
0000
0000
0000
0000
0000
0000
0000
0000
0000
0000
0000
0000
0000
0000
0000
0000
0000
0000
0000
0000
0000
0000
0000
0000
0000
0000
0000
0000
0000
0000
0000
0000
0000
0000
0000
0000
0000
0000
0000
0000
0000
0000
0000
0000
0000
0000
0000
0000
0000
0000
0000
0000
0000
0000
0000
0000
0000
0000
0000
0000
0000
0000
0000
0000
0000
0000
0000
0000
0000
0000
0000
0000
0000
0000
0000
0000
0000
0000
0000
0000
0000
0000
0000
0000
0000
0000
0000
0000
0000
0000
0000
0000
0000
0000
0000
0000
0000
0000
0000
0000
0000
0000
0000
0000
0000
0000
0000
0000
0000
0000
0000
0000
0000
0000
0000
0000
0000
0000
0000
0000
0000
0000
0000
0000
0000
0000
0000
0000
0000
0000
0000
0000
0000
0000
0000
0000
0000
0000
0000
0000
0000
0000
0000
0000
0000
0000
0000
0000
0000
0000
0000
0000
0000
0000
0000
0000
0000
0000
0000
0000
0000
0000
0000
0000
0000
0000
0000
0000
0000
0000
0000
0000
0000
0000
0000
0000
0000
0000
0000
0000
0000
0000
0000
0000
0000
0000
0000
0000
0000
0000
0000
0000
0000
0000
0000
0000
0000
0000
0000
0000
0000
0000
0000
0000
0000
0000
0000
0000
0000
0000
0000
0000
0000
0000
0000
0000
0000
0000
0000
0000
0000
0000
0000
0000
0000
0000
0000
0000
0000
0000
0000
0000
0000
0000
0000
0000
0000
0000
0000
0000
0000
0000
0000
0000
0000
0000
0000
0000
0000
0000
0000
0000
0000
0000
0000
0000
0000
0000
0000
0000
0000
0000
0000
0000
0000
0000
0000
0000
0000
0000
0000
0000
0000
0000
0000
0000
0000
0000
0000
0000
0000
0000
0000
0000
0000
0000
0000
0000
0000
0000
0000
0000
0000
0000
0000
0000
0000
0000
0000
0000
0000
0000
0000
0000
0000
0000
0000
0000
0000
0000
0000
0000
0000
0000
0000
0000
0000
0000
0000
0000
0000
0000
0000
0000
0000
0000
0000
0000
0000
0000
0000
0000
0000
0000
0000
0000
0000
0000
0000
0000
0000
0000
0000
0000
0000
0000
0000
0000
0000
0000
0000
0000
0000
0000
0000
0000
0000
0000
0000
0000
0000
0000
0000
0000
0000
0000
0000
0000
0000
0000
0000
0000
0000
0000
0000
0000
0000
0000
0000
0000
0000
0000
0000
0000
0000
0000
0000
0000
0000
0000
0000
0000
0000
0000
0000
0000
0000
0000
0000
0000
0000
0000
0000
0000
0000
0000
0000
0000
0000
0000
0000
0000
0000
0000
0000
0000
0000
0000
0000
0000
0000
0000
0000
0000
0000
0000
0000
0000
0000
0000
0000
0000
0000
0000
0000
0000
0000
0000
0000
0000
0000
0000
0000
0000
0000
0000
0000
0000
0000
0000
0000
0000
0000
0000
0000
0000
0000
0000
0000
0000
0000
0000
0000
0000
0000
0000
0000
0000
0000
0000
0000
0000
0000
0000
0000
0000
0000
0000
0000
0000
0000
0000
0000
0000
0000
0000
0000
0000
0000
0000
0000
0000
0000
0000
0000
0000
0000
0000
0000
0000
0000
0000
0000
0000
0000
0000
0000
0000
0000
0000
0000
0000
0000
0000
0000
0000
0000
0000
0000
0000
0000
0000
0000
0000
0000
0000
0000
0000
0000
0000
0000
0000
0000
0000
0000
0000
0000
0000
0000
0000
0000
0000
0000
0000
0000
0000
0000
0000
0000
0000
0000
0000
0000
0000
0000
0000
0000
0000
0000
0000
0000
0000
0000
0000
0000
0000
0000
0000
0000
0000
0000
0000
0000
0000
0000
0000
0000
0000
0000
0000
0000
0000
0000
0000
0000
0000
0000
0000
0000
0000
0000
0000
0000
0000
0000
0000
0000
0000
0000
0000
0000
0000
0000
0000
0000
0000
0000
0000
0000
0000
0000
0000
0000
0000
0000
0000
0000
0000
0000
0000
0000
0000
0000
0000
0000
0000
0000
0000
0000
0000
0000
0000
0000
0000
0000
0000
0000
0000
0000
0000
0000
0000
0000
0000
0000
0000
0000
0000
0000
0000
0000
0000
0000
0000
0000
0000
0000
0000
0000
0000
0000
0000
0000
0000
0000
0000
0000
0000
0000
0000
0000
0000
0000
0000
0000
0000
0000
0000
0000
0000
0000
0000
0000
0000
0000
0000
0000
0000
0000
0000
0000
0000
0000
0000
0000
0000
0000
0000
0000
0000
0000
0000
0000
0000
0000
0000
0000
0000
0000
0000
0000
0000
0000
0000
0000
0000
0000
0000
0000
0000
0000
0000
0000
0000
0000
0000
0000
0000
0000
0000
0000
0000
0000
0000
0000
0000
0000
0000
0000
0000
0000
0000
0000
0000
0000
0000
0000
0000
0000
0000
0000
0000
0000
0000
0000
0000
0000
0000
0000
0000
0000
0000
0000
0000
0000
0000
0000
0000
0000
0000
0000
0000
0000
0000
0000
0000
0000
0000
0000
0000
0000
0000
0000
0000
0000
0000
0000
0000
0000
0000
0000
0000
0000
0000
0000
0000
0000
0000
0000
0000
0000
0000
0000
0000
0000
0000
0000
0000
0000
0000
0000
0000
0000
0000
0000
0000
0000
0000
0000
0000
0000
0000
0000
0000
0000
0000
0000
0000
0000
0000
0000
0000
0000
0000
0000
0000
0000
0000
0000
0000
0000
0000
0000
0000
0000
0000
0000
0000
0000
0000
0000
0000
0000
0000
0000
0000
0000
0000
0000
0000
0000
0000
0000
0000
0000
0000
0000
0000
0000
0000
0000
0000
0000
0000
0000
0000
0000
0000
0000
0000
0000
0000
0000
0000
0000
0000
0000
0000
0000
0000
0000
0000
0000
0000
0000
0000
0000
0000
0000
0000
0000
0000
0000
0000
0000
0000
0000
0000
0000
0000
0000
0000
0000
0000
0000
0000
0000
0000
0000
0000
0000
0000
0000
0000
0000
0000
0000
0000
0000
0000
0000
0000
0000
0000
0000
0000
0000
0000
0000
0000
0000
0000
0000
0000
0000
0000
0000
0000
0000
0000
0000
0000
0000
0000
0000
0000
0000
0000
0000
0000
0000
0000
0000
0000
0000
0000
0000
0000
0000
0000
0000
0000
0000
0000
0000
0000
0000
0000
0000
0000
0000
0000
0000
0000
0000
0000
0000
0000
0000
0000
0000
0000
0000
0000
0000
0000
0000
0000
0000
0000
0000
0000
0000
0000
0000
0000
0000
0000
0000
0000
0000
0000
0000
0000
0000
0000
0000
0000
0000
0000
0000
0000
0000
0000
0000
0000
0000
0000
0000
0000
0000
0000
0000
0000
0000
0000
0000
0000
0000
0000
0000
0000
0000
0000
0000
0000
0000
0000
0000
0000
0000
0000
0000
0000
0000
0000
0000
0000
0000
0000
0000
0000
0000
0000
0000
0000
0000
0000
0000
0000
0000
0000
0000
0000
0000
0000
0000
0000
0000
0000
0000
0000
0000
0000
0000
0000
0000
0000
0000
0000
0000
0000
0000
0000
0000
0000
0000
0000
0000
0000
0000
0000
0000
0000
0000
0000
0000
0000
0000
0000
0000
0000
0000
0000
0000
0000
0000
0000
0000
0000
0000
0000
0000
0000
0000
0000
0000
0000
0000
0000
0000
0000
0000
0000
0000
0000
0000
0000
0000
0000
0000
0000
0000
0000
0000
0000
0000
0000
0000
0000
0000
0000
0000
0000
0000
0000
0000
0000
0000
0000
0000
0000
0000
0000
0000
0000
0000
0000
0000
0000
0000
0000
0000
0000
0000
0000
0000
0000
0000
0000
0000
0000
0000
0000
0000
0000
0000
0000
0000
0000
0000
0000
0000
0000
0000
0000
0000
0000
0000
0000
0000
0000
0000
0000
0000
0000
0000
0000
0000
0000
0000
0000
0000
0000
0000
0000
0000
0000
0000
0000
0000
0000
0000
0000
0000
0000
0000
0000
0000
0000
0000
0000
0000
0000
0000
0000
0000
0000
0000
0000
0000
0000
0000
0000
0000
0000
0000
0000
0000
0000
0000
0000
0000
0000
0000
0000
0000
0000
0000
0000
0000
0000
0000
0000
0000
0000
0000
0000
0000
0000
0000
0000
0000
0000
0000
0000
0000
0000
0000
0000
0000
0000
0000
0000
0000
0000
0000
0000
0000
0000
0000
0000
0000
0000
0000
0000
0000
0000
0000
0000
0000
0000
0000
0000
0000
0000
0000
0000
0000
0000
0000
0000
0000
0000
0000
0000
0000
0000
0000
0000
0000
0000
0000
0000
0000
0000
0000
0000
0000
0000
0000
0000
0000
0000
0000
0000
0000
0000
0000
0000
0000
0000
0000
0000
0000
0000
0000
0000
0000
0000
0000
0000
0000
0000
0000
0000
0000
0000
0000
0000
0000
0000
0000
0000
0000
0000
0000
0000
0000
0000
0000
0000
0000
0000
0000
0000
0000
0000
0000
0000
0000
0000
0000
0000
0000
0000
0000
0000
0000
0000
0000
0000
0000
0000
0000
0000
0000
0000
0000
0000
0000
0000
0000
0000
0000
0000
0000
0000
0000
0000
0000
0000
0000
0000
0000
0000
0000
0000
0000
0000
0000
0000
0000
0000
0000
0000
0000
0000
0000
0000
0000
0000
0000
0000
0000
0000
0000
0000
0000
0000
0000
0000
0000
0000
0000
0000
0000
0000
0000
0000
0000
0000
0000
0000
0000
0000
0000
0000
0000
0000
0000
0000
0000
0000
0000
0000
0000
0000
0000
0000
0000
0000
0000
0000
0000
0000
0000
0000
0000
0000
0000
0000
0000
0000
0000
0000
0000
0000
0000
0000
0000
0000
0000
0000
0000
0000
0000
0000
0000
0000
0000
0000
0000
0000
0000
0000
0000
0000
0000
0000
0000
0000
0000
0000
0000
0000
0000
0000
0000
0000
0000
0000
0000
0000
0000
0000
0000
0000
0000
0000
0000
0000
0000
0000
0000
0000
0000
0000
0000
0000
0000
0000
0000
0000
0000
0000
0000
0000
0000
0000
0000
0000
0000
0000
0000
0000
0000
0000
0000
0000
0000
0000
0000
0000
0000
0000
0000
0000
0000
0000
0000
0000
0000
0000
0000
0000
0000
0000
0000
0000
0000
0000
0000
0000
0000
0000
0000
0000
0000
0000
0000
0000
0000
0000
0000
0000
0000
0000
0000
0000
0000
0000
0000
0000
0000
0000
0000
0000
0000
0000
0000
0000
0000
0000
0000
0000
0000
0000
0000
0000
0000
0000
0000
0000
0000
0000
0000
0000
0000
0000
0000
0000
0000
0000
0000
0000
0000
0000
0000
0000
0000
0000
0000
0000
0000
0000
0000
0000
0000
0000
0000
0000
0000
0000
0000
0000
0000
0000
0000
0000
0000
0000
0000
0000
0000
0000
0000
0000
0000
0000
0000
0000
0000
0000
0000
0000
0000
0000
0000
0000
0000
0000
0000
0000
0000
0000
0000
0000
0000
0000
0000
0000
0000
0000
0000
0000
0000
0000
0000
0000
0000
0000
0000
0000
0000
0000
0000
0000
0000
0000
0000
0000
0000
0000
0000
0000
0000
0000
0000
0000
0000
0000
0000
0000
0000
0000
0000
0000
0000
0000
0000
0000
0000
0000
0000
0000
0000
0000
0000
0000
0000
0000
0000
0000
0000
0000
0000
0000
0000
0000
0000
0000
0000
0000
0000
0000
0000
0000
0000
0000
0000
0000
0000
0000
0000
0000
0000
0000
0000
0000
0000
0000
0000
0000
0000
0000
0000
0000
0000
0000
0000
0000
0000
0000
0000
0000
0000
0000
0000
0000
0000
0000
0000
0000
0000
0000
0000
0000
0000
0000
0000
0000
0000
0000
0000
0000
0000
0000
0000
0000
0000
0000
0000
0000
0000
0000
0000
0000
0000
0000
0000
0000
0000
0000
0000
0000
0000
0000
0000
0000
0000
0000
0000
0000
0000
0000
0000
0000
0000
0000
0000
0000
0000
0000
0000
0000
0000
0000
0000
0000
0000
0000
0000
0000
0000
0000
0000
0000
0000
0000
0000
0000
0000
0000
0000
0000
0000
0000
0000
0000
0000
0000
0000
0000
0000
0000
0000
0000
0000
0000
0000
0000
0000
0000
0000
0000
0000
0000
0000
0000
0000
0000
0000
0000
0000
0000
0000
0000
0000
0000
0000
0000
0000
0000
0000
0000
0000
0000
0000
0000
0000
0000
0000
0000
0000
0000
0000
0000
0000
0000
0000
0000
0000
0000
0000
0000
0000
0000
0000
0000
0000
0000
0000
0000
0000
0000
0000
0000
0000
0000
0000
0000
0000
0000
0000
0000
0000
0000
0000
0000
0000
0000
0000
0000
0000
0000
0000
0000
0000
0000
0000
0000
0000
0000
0000
0000
0000
0000
0000
0000
0000
0000
0000
0000
0000
0000
0000
0000
0000
0000
0000
0000
0000
0000
0000
0000
0000
0000
0000
0000
0000
0000
0000
0000
0000
0000
0000
0000
0000
0000
0000
0000
0000
0000
0000
0000
0000
0000
0000
0000
0000
0000
0000
0000
0000
0000
0000
0000
0000
0000
0000
0000
0000
0000
0000
0000
0000
0000
0000
0000
0000
0000
0000
0000
0000
0000
0000
0000
0000
0000
0000
0000
0000
0000
0000
0000
0000
0000
0000
0000
0000
0000
0000
0000
0000
0000
0000
0000
0000
0000
0000
0000
0000
0000
0000
0000
0000
0000
0000
0000
0000
0000
0000
0000
0000
0000
0000
0000
0000
0000
0000
0000
0000
0000
0000
0000
0000
0000
0000
0000
0000
0000
0000
0000
0000
0000
0000
0000
0000
0000
0000
0000
0000
0000
0000
0000
0000
0000
0000
0000
0000
0000
0000
0000
0000
0000
0000
0000
0000
0000
0000
0000
0000
0000
0000
0000
0000
0000
0000
0000
0000
0000
0000
0000
0000
0000
0000
0000
0000
0000
0000
0000
0000
0000
0000
0000
0000
0000
0000
0000
0000
0000
0000
0000
0000
0000
0000
0000
0000
0000
0000
0000
0000
0000
0000
0000
0000
0000
0000
0000
0000
0000
0000
0000
0000
0000
0000
0000
0000
0000
0000
0000
0000
0000
0000
0000
0000
0000
0000
0000
0000
0000
0000
0000
0000
0000
0000
0000
0000
0000
0000
0000
0000
0000
0000
0000
0000
0000
0000
FFFF
0000
0000
0000
0000
0000
0000
0000
0000
0000
0000
0000
0000
0000
0000
0000
0000
0000
0000
0000
0000
0000
0000
0000
0000
0000
0000
0000
0000
0000
0000
0000
0000
0000
0000
0001
0000
FFFF
0000
0000
0000
0000
0000
0000
0000
0000
0000
0000
0000
0001
0000
FFFF
FFFF
0001
0001
FFFF
FFFF
0000
0001
0000
0000
FFFF
0000
0001
0000
FFFF
0000
0001
0000
0000
FFFF
0000
0001
0000
FFFF
0000
0001
0000
0000
0000
0000
0000
0000
0000
0000
0000
0000
0001
0000
FFFF
0000
0001
FFFF
FFFF
0001
0001
0000
FFFF
FFFF
0002
0001
FFFE
FFFF
0001
0002
FFFF
FFFD
0000
0003
0001
FFFD
FFFF
0002
0000
FFFF
0000
0000
0000
0001
0000
FFFF
0000
0001
0000
0000
0000
0000
FFFF
0001
0000
FFFE
0000
0002
0000
FFFE
0000
0001
0001
0000
FFFE
FFFF
0002
0000
FFFE
0000
0001
0000
0000
0000
0000
FFFF
0001
0001
FFFF
FFFE
0001
0002
FFFE
FFFE
0002
0002
FFFE
FFFE
0001
0003
FFFF
FFFB
0001
0005
FFFE
FFFD
0004
FFFF
FFFB
0005
0005
FFF9
FFFB
0006
0005
FFFD
FFFB
0000
0006
0002
FFFB
FFFE
0002
0001
0002
0000
FFFB
0000
0007
0000
FFFA
FFFF
0003
0004
FFFF
FFFA
0000
0007
0000
FFF9
FFFE
0004
0004
0000
FFFA
FFFD
0007
0005
FFFA
FFFA
0003
0006
0000
FFFB
FFFF
0004
0001
FFFF
0000
FFFE
FFFE
0003
0004
FFFE
FFFB
0000
0006
0003
FFF9
FFFC
0006
0003
FFFB
FFFF
0004
0000
FFFE
0001
0002
FFFF
FFFE
0001
0002
0000
FFFD
FFFE
0003
0004
FFFC
FFFA
0005
0005
FFFC
FFFC
0002
0002
0000
FFFE
FFFD
0003
0003
FFFB
FFFF
0007
0000
FFF8
0000
0008
0003
FFF7
FFF9
000B
0009
FFF4
FFF6
000B
0009
FFFA
FFF7
0001
0009
0003
FFF6
FFFB
0008
0005
FFFB
FFFC
0001
0004
0002
FFFB
FFFC
0004
0004
FFFF
FFFD
FFFC
0004
0007
FFFB
FFF7
0006
0009
FFFC
FFF9
0001
0005
0002
FFFC
FFFB
0003
0006
FFFE
FFFB
0000
0003
0001
FFFF
FFFE
FFFF
0001
0003
0001
FFFD
FFFE
0003
0004
FFFE
FFFC
0001
0004
FFFF
FFFE
0001
0000
FFFD
0003
0004
FFFC
FFFC
0003
0004
FFFF
FFFC
FFFE
0004
0004
FFFD
FFFB
0002
0005
0000
FFFD
FFFF
0001
0002
0001
FFFE
FFFD
0001
0003
0000
FFFD
FFFF
0002
0003
0000
FFFD
FFFF
0001
0002
0001
FFFC
FFFC
0006
0006
FFF9
FFFB
0008
0003
FFF8
FFFF
0004
0000
FFFD
FFFE
0001
0004
FFFF
FFFA
0002
0005
FFFF
FFFB
FFFD
0004
0007
FFFB
FFF7
0005
000A
FFFE
FFF8
FFFF
0009
0006
FFF7
FFF9
000A
0006
FFF6
FFFD
0006
0000
FFFF
0001
0000
0002
0000
FFFD
0004
0003
FFFA
FFFF
0007
0001
FFFD
FFFE
FFFF
0004
0001
FFF9
FFFF
0005
0000
FFFF
FFFF
FFFB
0002
0008
FFFD
FFF7
0003
0009
0003
FFFB
FFFC
0005
0007
FFFC
FFF8
0003
0007
0001
FFFE
FFFE
FFFF
0004
0003
FFF9
FFF7
0004
0009
FFFD
FFF8
0003
0009
0000
FFF9
FFFE
0003
0001
FFFD
FFFD
0003
0004
FFFF
FFFE
0001
FFFD
FFFC
0000
FFFF
FFFF
0002
FFFD
FFFC
0004
0001
FFF8
FFFF
0009
0004
FFFB
FFFE
0006
0005
FFFC
FFFA
0004
0006
0000
FFFD
FFFE
0002
0002
FFFE
FFFD
FFFF
FFFC
FFFD
0005
0006
FFFE
FFFD
0005
000A
FFFF
FFF5
FFFD
0009
0006
FFFA
FFFA
0007
000D
0000
FFF4
0000
000C
0004
FFF8
FFFC
0004
0002
FFFC
FFFC
0000
FFFF
FFFD
0000
0004
0001
0000
0005
0005
FFFC
FFF8
FFFD
FFFE
FFFF
0002
FFFD
FFFC
0005
FFFF
FFF4
FFF9
FFFD
FFFB
0002
0002
FFFB
0003
0006
FFF7
FFF8
0003
FFFE
FFFA
FFFF
0003
000A
0008
FFFB
FFFF
000A
FFFF
FFF5
FFFE
000A
000F
0009
FFFB
FFFF
000B
0004
FFF6
FFFA
0004
0004
0002
FFFF
FFFA
FFF9
0003
0009
FFFE
FFFD
000F
0012
FFFD
FFEF
FFF7
0003
0007
0006
0007
0008
0007
0007
0005
FFF8
FFF5
0006
000E
0005
0000
FFFD
0000
000A
FFFB
FFDF
FFED
0009
0004
FFF9
FFFB
FFFC
000D
001A
0003
FFF5
FFFC
FFEE
FFE5
FFF6
FFF2
FFED
000E
0023
001C
000C
FFEE
FFE4
FFF7
FFEA
FFDD
0001
0010
0006
0023
002D
000C
000B
0005
FFDC
FFD6
FFE0
FFD1
FFEB
001F
0014
FFF5
FFFF
0009
FFEF
FFC5
FFAE
FFC5
FFF1
0003
0000
000B
0026
0028
0007
FFF0
FFF0
FFF6
0010
002D
0017
FFF5
0005
0014
0001
FFEF
FFF1
0014
0046
003F
000A
FFF8
0004
0007
FFF7
FFCC
FFC9
002F
0084
0065
0036
0028
0015
0017
0012
FFBA
FF77
FFBD
002B
005F
005D
002C
FFFD
0006
0003
FFC8
FFA6
FFB6
FFCF
0008
0059
0062
0022
FFF7
FFE9
FFC9
FFBE
FFEC
0012
0008
FFFE
FFFD
FFE5
FFCA
FFC2
FFB1
FFA7
FFDA
0037
0065
0047
001F
0006
FFCE
FF94
FFB0
FFFC
0024
003B
0039
0003
FFE9
0002
FFDF
FF98
FFA4
FFD1
FFE8
0028
004A
0002
FFE0
000B
FFDA
FF80
FFB7
0041
009F
00C9
0096
002A
0022
0065
005F
001A
FFD2
FFB5
0011
0095
00BF
00EC
014A
0146
00DB
005B
FFB3
FF39
FF3C
FF52
FF69
FFA9
FFA7
FF77
FF86
FF55
FEDA
FEF2
FF5E
FF5C
FF32
FF00
FE95
FE75
FE9B
FE77
FE9C
FFA3
00B0
0105
00D9
0043
FF48
FE65
FE32
FEA9
FF2C
FF74
FFC7
FFD3
FF4A
FF0C
FF93
FFEA
FFB3
FF6C
FF0B
FEAA
FEF7
0005
0173
0310
0455
04A7
03E4
0241
005E
FEFE
FE45
FE17
FE95
FFBA
0134
022D
01A3
0003
FED2
FE94
FF0F
FFF5
0094
0135
02D5
040D
02E6
00B1
FF65
FF1B
0028
0229
02B1
0141
FFFF
FF7C
FEC6
FDD2
FD26
FD89
FF32
0086
008F
00B1
0174
0173
0003
FDC7
FC1F
FCD8
002D
0425
06A9
06EF
05B1
0417
01D8
FED5
FCC0
FC0A
FB6C
FBB2
FDF1
005C
01CB
0324
03CE
0286
FFE4
FCC4
FA24
F9C0
FB7E
FDA4
0025
033B
050D
0455
0255
00C2
0024
0020
FFF5
FF59
FF30
0082
0271
02D1
0161
FFD8
FEDD
FE52
FEF3
0060
00CF
0035
FFB8
FF30
FEB7
FFAA
0253
0549
06F2
06CB
05FB
0584
0428
00C8
FCC6
F9BF
F85B
F9A1
FD9E
021C
0584
0812
08ED
0648
0168
FE19
FDAC
FECB
014A
04A4
057C
028F
FF75
FE49
FD82
FD39
FE96
0006
0028
002A
0051
FFAA
FECB
FEBD
FF42
FFDE
0057
0071
000E
FF11
FDDA
FD92
FE3E
FE7B
FEAC
00CE
0439
05BD
0470
0297
0208
028A
0303
0257
0093
FFE1
020D
05C7
08B5
0A27
0A2E
093D
088A
080F
06D2
061D
0731
072B
03AD
FFB0
FE5A
FEDF
00BB
0478
07BA
07BE
05DA
0414
01C6
FEF1
FCE7
FAB1
F73C
F593
F8AE
FDF9
00E1
00A3
FF59
FE51
FDA7
FDAC
FE8A
FF22
FE98
FE6B
FFD3
00FB
00CE
0145
025D
01A5
0045
003E
FE0A
F827
F60F
FBE9
0201
029E
028E
04BD
044D
FF3C
FA0A
F874
FACD
FF58
0311
0572
08D8
0C35
0C22
0AA5
0B73
0BFC
0988
0779
0762
0550
003B
FB76
F874
F79F
FA47
FECC
01DC
035E
03CB
0241
010E
0370
06C8
076B
07BD
0AFE
0FF6
145E
1698
156F
124B
0E73
0796
FEDA
FB9C
FF2C
0230
01B8
FFFA
FBB7
F650
F6F5
FC05
FAEA
F2F8
EAE5
E0C2
D311
CC40
D196
D96C
DD75
E104
E3BA
E2FC
E277
E416
E3A0
E0DB
DEF2
DC23
D7AF
D656
D855
D907
DA16
DF7F
E5D1
E8BA
E92C
E768
E3A1
E2D4
E7B5
EE47
F3D2
F7BE
F68E
F09C
EDA9
F0A3
F425
F607
F80A
F7EB
F448
F1F4
F3EF
F844
FE5C
0567
09A6
0B9D
0FD6
1542
1868
1B82
2085
2472
2620
2636
22F2
1ECE
2149
2976
2EE9
316C
356B
36BF
321A
2FB0
34C0
3A7B
3CBA
3FB1
43A0
4380
3ED9
3953
353D
3435
369B
39AB
3B8E
3CA3
3AB5
33E5
2D19
2BE7
2E40
2F87
2FE0
3143
32D3
330B
32CE
337F
346A
33B5
3066
2BF8
290E
2669
2043
1885
1510
1691
1901
18CE
13EA
0BA2
04A4
01D6
023F
03D9
050C
03B1
FD9B
F483
EE26
ECD9
EDA3
EF08
F214
F606
F81B
F619
F0C6
EB24
E4CF
DAC3
D068
CE61
D59E
DD37
DFA0
E081
E25C
E140
DBCA
D6C4
D4C3
D2E9
CFA0
CDD9
CF33
D009
CD75
CA7C
CAE9
CCCC
CB2A
C66D
C4C4
C7C2
C9F7
C803
C35E
BF80
BF8F
C228
C4AC
C88B
CCE9
CED1
D0EE
D55F
D98D
DBC5
DA3B
D52A
D1A8
D138
D2FE
D8AE
DFED
E685
ED6D
EF1C
EA12
E7A7
E7D0
E3DC
DED7
DCCE
DF8E
E8BE
F0D9
F158
EFA8
EF23
EF1B
F2AA
FA05
0145
04F1
036B
0109
01A8
019B
FFB2
FFF2
047F
0D4D
165F
1B51
1E83
211F
1F8D
1A8B
160B
145D
1558
1682
1872
1B6C
1A24
1648
181F
1E6B
22FF
22E6
1D74
1777
14B9
142F
183D
1F3B
2229
223F
1FB0
16B8
0D88
08EE
082B
0F35
185D
1B08
1EFA
2360
1D8C
1601
13C2
0F1A
0A90
0B94
1032
16FB
16E0
0C71
06C2
0792
0418
00A2
FF63
FB72
F950
F920
F890
FE48
0636
07BE
08CE
0A84
06D0
00FD
FC02
F866
F8B8
F891
F546
F374
F1A3
EF08
F078
F405
F6F0
FA6D
FBD4
FBA6
FD5B
FDA2
FA9D
F72E
F365
EE4A
E835
E5DF
ED90
F83C
FB2C
FB51
FDE3
FD6E
F7C5
F000
EA16
E7F1
E5A2
E289
E2E5
E579
E798
E73B
E4FC
EA83
F5F6
F995
FC03
0059
F447
E16F
DE30
DDBD
DA1F
E0CA
E71C
E57E
EA28
F01B
EA3B
DF66
D72C
D25F
D19D
D521
DF0F
E9C9
ED10
EF4C
F324
F2AA
F313
F289
E660
D82D
D21A
CE2E
CFCC
DEC0
F590
06E5
0398
EE7C
DDE7
D588
CA5D
C3BB
CEB3
E98C
048B
0F91
1046
111E
08E4
F884
EE3D
E588
DC8C
DF6F
EA28
F655
07F1
1392
0E10
04BB
029C
01FA
FF1C
FCDB
F981
F1B7
EF2D
FACC
0715
0A2E
0C5C
0B43
0335
FFDF
01A6
0256
0790
0FCD
1650
1C59
19FB
1044
0D9A
0D27
08E4
09B5
0B2D
0B2D
15A3
2262
24F2
24F5
2429
2089
1FA7
1BF7
10E9
0B15
1403
27C1
3A59
4504
4CF0
4A49
3005
1301
0B67
1089
18BE
237E
2CC7
3538
3854
30BE
2B2B
2A43
21FC
19D8
17D7
107B
0816
0A1C
10D3
151B
160F
14DD
129E
0C1B
05FC
07DF
0874
043D
0440
004C
F4AE
F31B
F9F3
F8E9
F3ED
F2E3
F3D3
F5DE
F8CC
FD50
0389
0721
073D
04F9
FEA4
F573
EB03
E440
E9B4
F449
F8F2
FD35
FEFE
F56D
EBBE
EBBF
F095
F990
0209
026D
FF73
F9C8
EDB0
E327
DE90
DC4F
DC06
DA73
D69E
D715
DD2B
E5FE
EC7B
EAD3
E740
E575
DE03
D918
DF3B
E24F
DFCF
E304
E8E6
F03D
FAFA
FF17
FB6E
F814
F4EF
F3AE
F550
F655
F9D9
FD75
FB86
FBFC
FEFB
FCFD
FE7F
0537
07A3
0C21
1673
1E6C
2667
2F57
3193
2E0D
27CC
1DE8
10D5
0272
FA5F
FA47
FC01
0A1B
24C7
2CF2
218D
1E82
1F9D
1D2C
20FD
20E7
187D
19C3
2192
2458
278B
2C7A
322B
3459
2442
0C3B
065A
0C61
138C
2596
3ACE
3E97
3366
2892
23B4
20CD
1D02
1A60
18CE
196F
205B
27D9
2965
2AD9
2E39
2DC0
27FA
1EC2
17D3
176B
17CF
17A5
1BC2
200C
218B
2401
2658
26B8
250C
214C
1F4F
1E05
1B2A
1DC8
23A9
249E
2656
2802
24B1
2700
296A
1BB6
0DF3
0EAB
1179
14CB
1B4C
1BBA
17D1
1445
0EF3
0D06
0E69
0D2A
0DE1
0FED
0C4C
05D7
FFF2
FE53
0338
02F4
FCDC
0046
084F
0961
06DE
FF71
F48A
F0CE
F219
F568
FDB1
02C6
036D
0850
0AB5
05F1
031A
023B
FE59
F7A8
EEC6
E69A
DF5B
D971
DC3D
E39D
E6EE
EDFF
F883
FC1D
FCE2
F97F
EC0C
E1D3
DFB1
DC30
DB96
DF1D
DE1B
D986
D47B
D5EA
E4D0
F1D3
F2D9
F26C
EB39
DA3E
D477
DBD8
E307
ECFB
F848
0047
0C0D
1502
0C42
F990
EE0E
ECB0
ED68
EEE4
FBA0
10EA
1ABA
1358
057A
FA11
F5BB
F618
F8AA
0011
0702
092A
0BFD
0C26
063F
0107
F954
ED2C
E5CD
DFC1
D8DD
DC08
E3C8
E979
F84A
0A3F
0FCE
1086
12AD
0FDB
0A6A
050E
FBC8
F298
F256
FA80
021B
0634
0CF8
1435
1334
0CC5
0682
0121
FF9D
FEBC
F917
F66E
FB94
010D
0326
0208
FEC6
FDA2
FD79
FA85
F3ED
E802
DD29
DBE6
DDA2
DEFD
E68C
F16C
FCE3
06BF
02D6
F640
EF46
E455
D6C7
DA82
E695
EC8F
F442
FA47
F956
FACC
FA4A
F2A1
EE62
EC85
E82F
E6E0
E6D5
E87A
F14C
F845
F746
F3D1
ECEA
E501
E235
E02A
DE2C
DF0C
DF3E
E13E
E68B
E9E3
ECE6
EBAC
E1C6
E042
EAD7
ED4B
EA76
EDC5
E9FB
D892
C78E
C2CB
CC45
DAB3
E64D
F40E
00E6
0122
F839
F034
EAB3
E675
E2F9
E135
E178
E4D1
F151
02C7
0A7F
0A14
08F0
01F8
F9A0
FA9D
FF5D
02A4
073B
0AD7
0DE2
1325
1585
138A
1327
155F
16E7
177A
19CD
1E43
2284
2772
2BEF
2B26
295A
2B49
2B03
2959
2B7B
2BA5
28AA
2856
2862
28A0
2D1D
32D6
3781
3B31
3BB0
3A94
3910
3712
3887
39C9
35DB
3489
3660
3433
3360
34B5
31D6
323F
3849
390A
358D
3304
2FAB
2F61
33EA
373D
37C6
360D
328B
2FFE
2DF8
2C62
2B0F
264A
2324
26D4
282B
24E9
22FB
1EE2
1B22
1CB0
1AFA
1804
1D0E
2148
21A2
2602
2880
25E7
240E
1F8B
1969
17EF
154A
0F05
0B5E
0ABD
0C8A
0F30
0EC3
0DD2
0C54
0741
0416
0245
FB82
F5AB
F3F8
F1A6
F0CF
F07C
ECF7
EB54
EA8E
E54F
E145
E0C6
DE49
D995
D52F
D3DA
D519
D267
CEC0
D12D
D20B
CD82
CB7E
CAD4
C82C
C747
C683
C41B
C3B3
C43C
C378
C2B2
C26C
C357
C3F3
C172
BE16
BAF1
B726
B612
B6FC
B73C
BA23
BBF2
B6EF
B395
B561
B43B
B284
B54B
B7F6
B954
BAE3
BBA0
BD6B
BEE5
BD6C
BD62
BD95
B953
B7DC
BD09
C0A3
C0A7
C10D
C272
C3A2
C1A2
BE1F
BF9C
C3A2
C5BA
C960
CE22
D183
D581
D7D4
D78E
D976
DC74
DE21
DEE1
DC21
D98E
DD60
E218
E388
E4B0
E493
E348
E33F
E484
E8BA
ED54
EE42
F05C
F3DB
F4E0
F8E0
FD3A
FA48
F88B
FA6B
F729
F521
F974
FBCC
FCBF
FFC0
0151
030E
05E9
0648
0658
0862
09D3
0955
07F8
080C
08F7
07AC
067A
07AA
091D
0B12
0C70
0B35
0A85
0A6C
099E
0BF3
0FF8
1247
150F
16CB
16AC
16A8
11C1
0A0A
0976
0BC0
0B38
0CD1
0EE7
0F22
1255
15D9
140B
0EFB
0A5A
083A
07ED
08A2
0C95
102B
0E2D
0ADD
0899
0654
0785
0916
0549
00C8
FE42
FBE8
FC92
FFC5
030A
0796
099B
069A
0464
038C
00ED
FEED
FDC5
FD1F
00DE
0604
0636
050F
0539
01BF
FD32
FD76
FD34
F8CF
F5A0
F39A
F1BD
F4B5
F996
FA79
F9CF
F8D2
F7C6
F8FA
F810
F4B3
F6F3
FB1F
F9E2
F7E3
F657
F341
F4A4
FA1A
FAEE
F6F4
F434
F508
F849
FC06
FE7B
FE22
FCD1
FD7F
FD74
FBC2
FC73
FDF5
FFD3
05FE
09CC
050C
FFD7
FE65
FD08
FB88
FA0B
FAFB
0121
055D
0389
01E4
0068
FBE8
F90A
F9C2
F9FE
F8DA
F8C3
FAD5
FCD8
FCB3
FCEE
FF61
006E
FD9C
F99E
F702
F56A
F4F1
F585
F544
F645
FBCA
00D6
01C0
02D0
03EA
02EF
02B4
024C
FFEB
FE1A
FCA2
FCB9
00A0
0321
031F
04EC
0552
036F
021C
FD25
F73B
F926
FE9E
01DE
0492
04E1
02F0
029D
0245
00A0
FECF
FC3A
FADF
FBB7
FBDD
FB93
FBC4
FC30
FF0A
0326
0475
040E
0404
02B0
FED6
FB55
FCBB
015F
045D
079D
0C37
0D29
0A26
05EE
016D
003F
0217
016A
0055
0379
072E
0778
0642
06CD
08BA
08FA
08CC
0AEA
0BC5
09C7
0981
0B0C
0BB3
0D2A
1095
13C5
147B
1266
1039
0FC5
0F94
1010
1314
164F
1642
140D
12BE
1183
0E83
0CD2
0EED
1152
11C6
11AE
1110
10E7
12C1
14E2
1745
1B58
1D62
1B08
180A
1597
12CD
1261
1495
160A
1674
1632
143B
11E9
10DE
1160
1384
14F1
14C4
15EE
16C2
14A4
13EA
14A8
1273
10AD
11BC
1257
1375
1426
1186
11A6
1620
16FE
156E
15A9
13F5
111A
0FB4
0C12
083C
0A41
0FCB
1438
16D4
17A2
156B
0ED4
08A7
098B
0C15
0A6D
0B69
0FA6
0F32
0CFE
0D0D
0B29
096F
0B12
0B57
0ADE
0D19
0E74
0F25
11E0
1279
10C1
1168
1202
0F87
0C96
0B31
0C00
0E33
0FC1
11C9
14B6
15A4
13D4
1041
0CF2
0C9B
0DCA
0F03
1081
0EC0
0BB2
0D73
0E8D
0B9F
0C5E
0EB3
0CDF
0BBA
0B93
0A34
0BCA
0D8F
0BDE
0C44
0E7D
0E2B
0D2A
0BF3
0A64
0977
072F
06EF
0C15
0F3A
0E8E
0FDB
1026
0D73
0C64
0B49
0813
0632
053F
0397
0302
03B0
04AF
05BD
067B
0793
08CC
0905
08D5
07CA
0531
03CD
0479
0494
04C0
060B
05DA
04D4
05AB
0579
0322
0352
053B
057D
06D3
08CD
07B6
06BF
0782
0659
04FD
057B
058E
0695
0929
0955
0720
0552
044B
0422
0482
04EF
0505
0359
015E
0234
0508
08CF
0DB0
1090
0E4D
08E8
05F4
06DE
06CE
06E5
0BB8
0DDB
08B4
05D6
0647
0456
04E5
0826
06F6
03FE
0306
025E
03A4
0673
076A
081A
094F
087F
05D5
02E3
00D5
0083
01D4
0527
086E
0744
031C
00C8
0008
FF84
00C9
034E
04B9
0622
083E
076D
0453
0402
044D
02F7
050D
08AD
07FD
064C
054B
038E
04A8
05EC
0211
FEE1
FF83
0036
021C
04CA
05B0
0759
0905
081D
07AB
07F3
073B
075C
0714
0508
04B8
062E
06D2
074A
07A9
0731
0694
0538
02C7
01DC
0350
0411
03CD
0542
05F5
039F
0390
05C2
0426
01DE
01EE
FFD3
FE83
01E9
036A
0122
FFB5
FE67
FD0B
FDB7
FEAF
FF98
0202
044A
0598
0764
08B8
0794
05E5
06B6
0807
0745
068C
06FB
089E
0C5C
0DCA
0A40
07DF
0792
0554
0465
06EB
0A59
0E4A
106C
0F5E
0EBA
0E22
0C31
0B24
0915
04EA
02A3
0228
025A
0490
0640
05BF
054F
0524
0546
062F
0633
054D
04F6
0613
0962
0CEB
0EDA
108C
11A6
1167
10BC
0F11
0DFD
0F7F
0FF6
0DFE
0C15
09BF
07FE
07DE
0674
051F
05B9
0574
06BA
0A2E
07A2
00AC
FEC9
FFDA
FEC8
FD93
FC59
F981
F77B
F8C1
FB7D
FC33
FB68
FB3F
F9D8
F79B
F8D6
FB53
FA87
F8B8
F78A
F584
F477
F539
F590
F625
F7DE
F8E6
F9A2
FB53
FC60
FD21
FFB1
0201
01EC
0102
FF21
FB7F
F8AF
F7E2
F83F
FA29
FC0A
FC08
FB98
FA1A
F615
F2EF
F2EF
F491
F721
F924
FA35
FD92
0211
0324
0236
0224
0265
034B
0423
029F
007C
0073
01A2
02FA
041D
043F
03B9
02F5
01E4
01F0
0425
077C
0B1F
0E3D
0F1B
0D94
0BC5
0ADD
0A30
0954
0892
07C6
078E
0936
0B23
0A7D
08B9
0842
079C
05FA
0534
0505
0457
0453
0596
073C
08B0
0945
08B6
07D0
06EF
0634
066B
0731
0742
0729
07DC
084E
07D8
0763
06D1
05EE
05D8
05F9
04F8
03DB
033A
02E8
03E8
0504
04F4
0620
06FA
0325
FE85
FDAD
FD58
FCF8
FF8F
0288
028C
003C
FCE8
FA8D
F982
F7DB
F78B
FA0F
FA9B
F84B
F81E
F984
F9C3
FA99
FA7A
F671
F3AB
F5E5
F77F
F60B
F52A
F446
F249
F285
F4A5
F512
F497
F520
F612
F768
F97C
FBD9
FE26
FF96
FFD7
FFC3
FEE0
FC66
FA8A
FB4A
FC66
FB90
FA74
FA77
FA84
FAEE
FBB8
FAAA
F95B
FB03
FD0C
FD67
FE65
FF41
FE73
FE20
FE6F
FE2B
FE05
FD67
FC5B
FC66
FC8D
FD3B
001D
0240
0281
03BB
03E8
00F8
FE96
FE1F
FE75
FFE4
0106
01DD
0466
05AC
035E
0165
013B
00F5
0121
018D
00B4
FF8E
FF15
FEC3
FEB2
FEA7
FDDE
FD98
0000
03C4
048C
019E
FEDA
FDF6
FD73
FCB1
FC36
FCD1
FE6E
FF38
FEFD
FF50
0007
015D
03DF
0517
03FD
02E5
0214
00D5
FFED
FF10
FE31
FEA1
0050
0240
0391
0426
05DB
0838
07C8
0566
0469
042B
03A6
03B7
0471
0639
08A6
08D9
0664
03F4
023D
0129
02A0
06B8
09E8
0A6A
0AC2
0C61
0D74
0D5E
0CEC
0C16
0C08
0DEC
0FD1
1049
1076
10C5
1188
1405
1714
17D0
163A
148C
1303
10B0
0F0B
1021
1272
139E
1457
1561
159C
15E9
182E
1A14
186C
15A2
14E7
14AF
1428
1520
1648
1548
1399
1309
1335
1348
128B
11F3
132A
14AB
145C
1301
1109
0E7F
0CD9
0C1B
0B99
0C50
0D97
0DBE
0DD4
0E12
0C95
0A7C
09E3
0975
0838
0754
06A8
05F6
061D
0609
0417
015F
FF3D
FD8E
FC43
FB61
FB64
FCE8
FDD2
FBFD
F993
F874
F73D
F67F
F81F
F9C1
F80B
F4AE
F329
F2E8
F21A
F1EC
F232
F076
EE98
EF70
F06F
F03A
F080
EFB7
ED89
ECEF
ED0D
EC3A
EBA6
EA9C
E968
EA53
EB76
EB74
EC43
EC36
EA3F
E925
E7A1
E46B
E370
E4DA
E52F
E488
E352
E15E
E062
E0D3
E1D4
E368
E529
E6E0
E89D
E984
E95D
E89F
E81E
E9C6
ED3F
EF81
F002
F06C
F17E
F2C9
F2EF
F23C
F2D5
F3D8
F30C
F17E
F07A
EF90
EEF9
EF4B
F05D
F19F
F2DE
F46C
F562
F4DF
F4C0
F64F
F85A
FA4D
FBBB
FBEF
FBC9
FBEF
FC5E
FDA5
FF13
0041
0268
0433
03A9
0301
041C
05AC
0732
08D2
094A
086E
080C
087A
082E
0769
0736
06B8
06AC
090A
0BC2
0CCC
0DA3
0E06
0D16
0BE9
09A5
0688
05EC
06C2
0649
062D
0628
043D
030C
03D8
03F6
03AE
0429
03FA
037A
03D9
03C9
0301
02EF
0341
033A
039D
04D8
067D
07FF
087B
07A3
0672
05AC
0520
048D
03E8
02FC
0192
0004
FEE7
FE07
FD69
FDAC
FD67
FA9C
F779
F733
F894
F9AB
FAF0
FB7D
F9DF
F831
F88F
F956
F939
F8C5
F783
F5F8
F607
F62A
F453
F2CE
F2F6
F368
F4A5
F5CB
F3A7
F03D
EFB6
F0CB
F19E
F2E0
F37E
F28D
F1D4
F214
F270
F263
F183
F069
EFDD
EEBA
ED0A
ECBD
ECFB
EC0B
EB36
EAFE
EA73
EAB4
EC38
ED8E
EEAF
EF8E
EF83
EFD3
F0CA
F029
ED84
EAC3
E94E
E954
EA5B
EC83
EF43
F024
EEF7
EE57
EEC2
EFA6
F0FB
F17A
F15E
F2D7
F516
F5D2
F534
F474
F461
F4F8
F545
F4EF
F4AF
F538
F698
F89C
FB38
FCD2
FBA9
FA60
FB77
FC3E
FBB5
FBDF
FBCD
FB2B
FBF4
FD36
FD97
FDD0
FDAE
FD3D
FD12
FCB6
FCC1
FDA2
FE21
FE7A
FF45
FF47
FE3A
FD63
FDD5
FF77
00CA
0159
01F1
028C
035F
039A
0121
FE01
FD67
FD8D
FDF4
00A6
02F9
018F
FE4B
FBFC
FB01
FABD
FB70
FDB9
FF77
FE6B
FCCE
FC65
FB90
FA9B
FAF1
FB25
FA16
F930
F923
F86C
F670
F535
F5C8
F6DE
F85D
FA07
F98D
F767
F63A
F517
F3AA
F592
FA33
FC10
FA7B
F8B1
F718
F5DC
F710
FA09
FBAC
FAD5
F8AF
F704
F667
F5FE
F67F
F93D
FC69
FD99
FCF0
FB7C
FA50
F9D8
F93A
F8C7
F9A5
FB25
FC54
FD06
FCF5
FCFA
FDF5
FEA7
FE42
FDF6
FED2
00C5
030D
0566
0812
09AA
0923
08CE
09B4
09CB
09A5
0AF3
0BEB
0BA0
0BD3
0C42
0C12
0C32
0C5F
0C55
0DBD
0FEC
1051
0F70
0EC6
0E26
0E1A
0EE2
0EDC
0DC2
0CF5
0C88
0C2E
0C41
0C6F
0CCA
0DEE
0E9D
0DC6
0C8F
0AC5
0812
0775
0928
092A
07F2
082D
084D
07B4
079D
0725
0751
098C
0AC9
09E0
08E7
07B8
076E
09A1
0AF5
09D0
091B
08D4
0816
07DC
06BB
0410
0260
0186
0022
FF27
FDF7
FC02
FC5F
FF3C
0028
FE6D
FCDD
FBA7
F9D4
F7BF
F65E
F774
FAD0
FD00
FD3C
FD47
FBF7
F8E2
F6ED
F6C0
F767
F969
FBA4
FC5E
FD05
FE72
FE43
FB7A
F882
F709
F63D
F5CF
F5F1
F5EB
F661
F81D
F923
F8FA
F979
F9A9
F84C
F759
F86E
FB54
FE49
FF17
FEA8
FE41
FC52
FA0F
FA45
FB0A
FAC6
FB7C
FCC5
FC80
FB7D
FBA5
FD28
FEE0
FFE0
002B
FF70
FDAA
FC7F
FCA1
FCFE
FDDA
FFB3
00D9
00A4
00BD
0127
0097
FFDC
005F
01D0
0326
039C
0379
03BC
041A
042E
049B
04D7
0484
04AA
04C1
0445
0466
04F9
05D8
078F
0899
08CD
0966
08BB
0788
090B
0AE7
0AC1
0B04
0AAC
0724
0311
013B
0137
01ED
0296
0384
049C
0474
0364
0280
0182
00DE
006F
FEB3
FD06
FDDD
FF75
FF16
FDC9
FD14
FC3B
FB83
FB69
F98E
F62A
F53B
F62E
F65E
F764
F98D
FB01
FC02
FBBD
F9AF
F839
F72A
F5BB
F668
F8CA
F9F6
F9F8
F972
F899
F827
F7BE
F6E3
F54E
F352
F374
F570
F61D
F780
FB86
FD11
FA20
F7AC
F7B9
F7F0
F7A0
F7EC
F855
F735
F5B3
F658
F82B
F8FB
F93B
F970
F865
F638
F5E8
F8F2
FC65
FE43
FF78
FF14
FCB5
FB0E
FAC3
FB23
FC7D
FDA8
FEBB
00BB
00B8
FE49
FE04
FFB7
0028
0003
0000
FF9D
FF28
FE95
FEE7
010C
0334
04D7
069D
0639
0345
01AE
02BC
0422
0531
0676
06EB
05FC
054A
0566
0553
05CF
0770
08F7
0A49
0ADA
093E
07A4
081D
08B9
08F3
094F
0916
09EB
0BFB
0BB1
09D6
0950
0912
0993
0BB4
0C73
0BEA
0CCB
0D8F
0D79
0DF9
0D65
0B83
0B4F
0C61
0CD4
0D21
0D4A
0D34
0D6D
0CA2
0A51
0925
09D6
0A33
0A2C
0A7F
09DC
08E1
09EA
0B5A
0AE0
0A39
0A1C
0908
0768
05AB
03FB
03EF
0493
041B
0421
044A
0278
0090
FFAC
FE67
FE24
FF46
FFA3
0026
01AE
021B
0153
00C6
0052
FFB4
FF0F
FE95
FE42
FD82
FCE8
FD47
FD9C
FDF8
FF57
FFCA
FDB1
FB2B
F9EB
F909
F7F2
F717
F657
F5B6
F60E
F701
F71C
F68C
F5E6
F4C6
F35F
F225
F1D6
F360
F4CB
F41B
F321
F2A1
F1F4
F2C7
F4A0
F4E9
F422
F30B
F1A6
F133
F164
F258
F59D
F892
F89B
F81E
F7EC
F70D
F658
F518
F333
F31F
F41F
F454
F50E
F659
F6CE
F6BE
F62F
F4E0
F3AF
F2AA
F189
F130
F216
F36C
F47E
F59A
F739
F911
FACC
FC0D
FBE0
FA63
F957
F9B1
FAB2
FB40
FB76
FCEF
0005
025E
027E
0196
0075
FF11
FE86
FF07
FEB2
FD91
FD6A
FDE7
FE91
004F
0260
036F
0371
0262
0133
00FF
0111
01A1
033E
0464
0504
05BE
0535
046D
0510
054F
058E
07A2
08F6
0844
07F0
07C0
06A9
05F2
05C9
054E
04DA
04E0
04F6
04A2
0431
041A
04A6
069B
096E
0B0C
0B47
0AB9
08FB
0743
069A
05F7
05ED
06F1
06CE
052A
0380
01E8
00F0
013A
01B3
019C
0105
0010
FF3D
FEEB
FFB7
01E8
040E
052D
05C1
0585
0419
020F
005D
0011
00BE
0128
01BD
0272
0249
0230
02A8
0292
0260
02BB
034D
04AF
0628
0534
0246
0041
0016
00BD
017E
0266
02EF
0224
0093
FFA0
FF7F
FF96
FF9F
0015
0132
0197
00A8
FFE2
FF9D
FF05
FE6A
FE4A
FEC1
FF36
FE30
FC44
FAF7
F98C
F8B9
FA8D
FD2E
FE76
FF0A
FEBF
FE27
FE28
FC4A
F90C
F961
FC89
FE26
FE37
FD4A
FB23
F9DE
FA3A
FA8A
FA7A
FA3B
FA10
FAA8
FAA5
F8DF
F7DC
F928
FA91
FADA
FAE9
FAC2
FA13
F96F
F8D3
F82C
F884
F9BF
FA99
FB2B
FB06
F928
F7B7
F847
F8B1
F891
F8F0
F891
F815
F90F
F99C
F947
F9EC
FA8B
FA6F
FAEB
FB4E
FB4E
FC45
FD27
FC83
FB36
F9B6
F81D
F75D
F76D
F75E
F72B
F790
F880
F8DF
F837
F6F5
F56D
F4C5
F5EA
F796
F90E
FB0C
FC8A
FC74
FC4A
FCDF
FD4C
FDB7
FECD
FFC8
FFD1
FF8E
FFCC
000B
FF83
FE88
FE45
FF38
003C
003C
FFD6
FF8E
FF33
FF58
0017
0081
0087
00A8
0138
026A
0304
01FC
00D2
00C5
0119
012E
0117
014C
01F2
0250
0286
030D
02BB
0187
0160
0243
0317
041A
0490
0312
0111
0105
0256
0351
044A
04F5
040C
032D
039F
032B
023B
0321
0441
052A
076F
07DE
04A8
026C
02A0
02AB
02D8
0384
0360
032A
03CC
043A
03DE
0367
0307
01A7
FF35
FE07
FEF7
004E
017C
0291
02FD
0376
0467
048F
03C2
02F2
0289
02BB
02E7
0256
0206
030D
04FC
06BA
0762
06FF
0622
04EC
0401
040C
042D
03B0
036A
03DE
0478
049A
043C
0374
0265
01F7
0230
018C
00C6
0219
045F
058A
0600
0601
0589
04F7
03B5
0260
0273
029D
01E2
01CF
023E
021C
024C
0323
03C3
0418
0466
0506
0689
085C
0927
08EE
08E1
0905
085D
06FC
0547
03AD
03AA
04B7
041F
02A1
024D
01F4
019A
029D
033E
02AF
02A4
02B3
0214
0181
00ED
009A
00D3
0090
FFF3
FFB1
FF69
FF4C
FF2B
FE5C
FDF3
FE5C
FEDE
0006
0166
0185
0091
FEBF
FC71
FB33
FABD
FA55
FB1F
FCAD
FD30
FC92
FBA1
FB46
FBF4
FCAC
FD0E
FD85
FD8B
FD5B
FDE4
FE88
FEA7
FE64
FD83
FC30
FB10
FAC4
FBB9
FC97
FC02
FB12
FA6D
F9BF
F9CA
FA5D
FAA2
FB2B
FBDB
FC37
FC64
FB6A
F9D2
FA29
FBDD
FD06
FDE3
FDFA
FCCF
FBCD
FB06
F9AA
F8A5
F848
F7FF
F879
F9A9
FA1A
FA14
FABD
FBA3
FC32
FC7C
FC6D
FC5E
FC8B
FC9E
FCB7
FCF9
FD1F
FD27
FD70
FF03
0166
0176
FF04
FD18
FBB1
FA7D
FB8F
FD7D
FD53
FCB2
FD6D
FE68
FF6E
0032
FEE8
FCCE
FD27
FED5
FF15
FF17
000A
0093
00FB
022E
02EF
030B
03DF
04ED
0530
04FC
046A
03C8
046A
0613
070D
0735
0720
064B
047C
02D3
0284
0354
048C
0656
07E2
0806
082E
08EA
0862
0734
06EC
06CA
0700
07FA
084D
0806
0868
08E5
08E1
0905
0907
07E4
06D2
0767
0820
0823
091F
0A66
0A86
0AD0
0BA6
0C67
0DDE
0F85
1039
1086
0FD7
0D0B
0A15
0924
08F7
0827
07B2
0772
05E1
044D
04CC
05F7
05F6
05DE
06AD
0705
05EC
04BB
04AB
050A
0533
0596
0639
0630
0567
0507
052F
04F9
0461
03FC
0465
0538
04FF
04AB
05C9
0659
05B9
0624
0710
0725
0689
04B5
02A5
01E6
0181
017A
0285
030A
030F
0429
050A
0460
038F
0354
0318
02DB
027C
01B7
010E
0053
FEE4
FD5A
FC25
FB2C
FACA
FA8A
FA03
F9B0
F933
F8D0
F9B0
FAE1
FB6E
FBFB
FC3E
FC28
FCA2
FD0E
FCE8
FD6C
FE92
FECB
FE48
FDF4
FCD0
FAD7
FA0C
FA7F
FB2A
FBFB
FC1B
FB92
FBE2
FD0F
FEA5
000B
0023
FFB3
FF56
FE9B
FED9
FF68
FD90
FB4B
FB90
FCE3
FDAF
FDF9
FD49
FBA8
FA2F
F9BD
FA6F
FBD1
FD5A
FEDA
0053
00FE
002D
FF0E
FEBD
FEE4
FF5B
FF81
FE82
FDB1
FE45
FEBE
FDFC
FD03
FC3A
FB31
FA7E
FA14
F8EF
F7F5
F7FE
F7E5
F808
F942
FA2E
FA42
FA5F
FA48
F9A5
F96A
FA63
FB0B
F9FE
F93A
F95D
F861
F776
F7DA
F799
F74F
F8C2
FA70
FABA
F9B1
F866
F82A
F8AC
F91D
F9A2
FA02
F9C7
F8FC
F894
F9AE
FB76
FC6A
FC66
FBCF
FB79
FBB6
FBA6
FB8C
FC01
FC3D
FC6E
FD0A
FCD5
FBCF
FBC6
FC6A
FBF7
FAF9
FAAA
FA77
FA59
FB06
FC28
FD79
FE68
FDEF
FCBD
FBEE
FB8D
FB95
FC05
FD6A
FF74
0020
FFBD
FFCA
FFB8
FFC2
000C
FF71
FF0B
FF9E
FFF2
002F
008D
011B
0290
036E
027C
00FF
FF91
FEB7
FEF5
FF70
005A
01F8
035F
0486
048E
02A2
00B9
FF2C
FD3D
FD94
007C
0268
0352
0402
0299
006B
FFD7
FF8D
FFA0
012A
027F
0341
0448
056A
0757
087F
06CB
055C
05AA
0578
057B
05EC
05FD
0718
07B0
05E7
04A2
04CD
04C3
04E2
0553
058C
0539
045D
043D
04CD
050A
067A
0969
0AAF
0938
0786
06D4
05BD
04A7
056B
0666
0599
0471
0396
028C
022E
0263
01E8
00BD
0029
00CA
01B2
028D
0384
03B5
03EA
0550
05F8
04F5
03AC
023C
00D0
FFF2
FF47
FF40
FFEA
001D
002E
0061
FF69
FDEA
FD8A
FD42
FCB0
FD41
FD56
FB99
FB46
FCD7
FCDC
FB9C
FACE
F9D1
F8FA
F938
F9FA
FA95
FB01
FB2A
FAA1
F9B3
F8FC
F853
F8D3
FAB7
FB00
F9F2
FA4E
FABC
FA77
FAA4
FA16
F940
F998
F9BC
F998
F9F2
F9C9
F9AF
FAA9
FB8C
FBD4
FC56
FD2E
FDD9
FE16
FD7B
FC24
FB82
FB9B
FB37
FAE5
FA1B
F81B
F7DF
F99D
FA43
FA9A
FAEA
F9FF
FA01
FAAF
F9DE
F9DB
FBC2
FD50
FDD3
FD48
FC7B
FCB5
FC88
FB6F
FBA3
FD4E
FF4F
01BB
032C
019D
FE52
FBFF
FBCA
FD9F
FFEC
013D
02F3
0567
05DB
0429
0354
0423
0503
0547
0520
047E
0438
0562
06BA
074C
07C0
0748
065B
0691
0612
04FC
060F
0741
070D
07CC
08BC
08AC
092A
09C6
0957
087D
078A
065D
057A
05CD
0712
07CF
07C0
0772
070A
06B9
0607
0499
0317
020F
01D8
01DF
01D6
02E1
03B7
02CC
0204
013F
FFA4
FF71
0076
016D
029B
01D9
FECE
FC57
FA7F
F980
FA88
FC17
FDA3
FF68
004F
011B
0204
013F
FF60
FDB6
FC15
FAEF
FA4B
F987
F917
F94B
FA2D
FBDA
FCA2
FB97
FADD
FAC9
FA0D
FA6B
FC15
FB70
F8C4
F7FC
F9BC
FC21
FE33
FEE2
FCC4
F9A3
F905
FA00
FAA3
FBB4
FB78
F8EB
F777
F77D
F7A4
F8C6
F9DB
FAB7
FC61
FCDC
FC30
FC93
FDE3
FFAF
00A0
0001
FF6C
FD4F
F985
F8CA
FAD9
FD28
00B5
03C7
044F
02C5
FE8A
FA7E
FAE6
FD95
FFC3
0125
0095
FF58
FF77
FFDF
0051
00EB
0016
FE1E
FC34
FA65
F98F
F9A7
F991
FA0F
FB16
FB20
FAAE
FA61
F988
F89A
F8AB
F998
FA46
FAB5
FBEC
FC70
FB01
F9FA
F9A7
F8DD
F987
FB71
FC93
FD2A
FC6A
FA94
F9E7
F961
F93D
FC08
FF58
FFE5
FE42
FBB1
F9EE
F9C7
FAC1
FD39
FF09
FD85
FB1F
F9B9
F83D
F77B
F7C2
F84F
F9D1
FA9C
F8CC
F73A
F725
F66E
F61A
F719
F6E1
F56C
F520
F5DD
F6B8
F7FE
F942
F8B1
F612
F44D
F471
F461
F4C4
F734
F96D
F9C2
F906
F7C1
F72F
F805
F877
F802
F843
F94D
FA2C
FAE2
FB35
FA88
F8D7
F669
F4F1
F6AA
FA1F
FC3F
FD1B
FDEC
FEAD
FE6A
FD1C
FD61
FF53
FF9B
FF55
0090
00C2
0016
0114
0233
01EC
018D
01BC
01CF
0166
00F7
00A8
011D
032E
04AC
0482
04D8
03DF
FFD5
FD40
FD9F
FD84
FC82
FC20
FD56
FFA3
0003
FE5B
FE5A
FFE6
008A
0173
02D4
0176
FE73
FDEC
FEBB
FE39
FD5F
FD49
FE63
00CD
0278
0180
FF13
FD62
FCC8
FD40
FF73
00CB
FE70
FB94
FAAB
FA5A
FB61
FD54
FDB7
FCE9
FB52
F916
F80A
F87B
F97C
FA25
FA6B
FB60
FB3F
F8E9
F7B7
F825
F7FA
F6F4
F54E
F518
F71B
F7FC
F791
F7BE
F769
F638
F45F
F23C
F1F0
F344
F447
F54C
F6A8
F6EB
F584
F501
F6A6
F769
F6F6
F790
F7D6
F6AF
F4F4
F375
F3A1
F44A
F409
F47F
F476
F381
F55E
F8F4
FA77
FA49
F929
F7A4
F744
F751
F60B
F531
F767
FA11
FAAB
FC12
FDBA
FCA7
FBAF
FC15
FBCD
FBC2
FB71
F9DD
FA2A
FD0C
FEC3
FDCD
FCB6
FD12
FD7B
FEBB
0267
0596
059C
03BC
01CB
FFCC
FD6B
FD79
00E7
038A
04F8
0638
05D4
0639
078C
06F5
0648
048D
020B
03DF
060D
0611
08E5
09E4
0718
083C
0C68
1107
1730
1B65
1CD8
1B5E
14CA
0ED9
0D82
0CC0
0CD8
0F91
12C4
145C
118F
0B27
081A
0A29
0CD0
1000
1453
165B
1774
1A70
1B58
18B4
1499
0E6E
09CA
0A08
0B3F
0C1A
0CD3
0BC8
0BD7
0D3E
0C01
0B5B
0E72
100C
0E65
0DD7
0C46
07A8
094B
106E
0F61
0AD9
0A67
04C4
FF99
058E
0A46
08F3
09A2
0941
06C7
05F3
03CB
0007
FF0F
01C4
02A2
FD93
F929
F76A
F3F9
F823
06A6
0E23
0ADF
0674
FED4
F291
EAC7
EC22
F1F4
F7A7
FCAF
FF7D
FEC5
FF34
02DD
01C5
F895
F031
EB6F
E53C
E2D3
E99D
F2ED
FBE2
02F1
0117
FA02
F44C
ED5E
E8CE
EB0B
EC73
E8EB
E6A8
E90F
EDBA
F4A8
FCA7
FC0C
F193
E9D3
E76C
E6F0
EB70
F108
F19A
EF0A
EB2D
E8CB
E9B0
EBA9
EF77
F28E
F040
EC22
E925
E870
EC78
F0E4
F327
F57C
F462
F07C
F036
F19B
F0E7
F10F
F2EF
F22A
EFAD
F23A
F6B0
F53A
F321
F3B1
EF21
EA8E
F1F3
FC7D
FE58
FEFB
0047
F95A
F2EA
F4C0
F2B9
EFD0
F6B4
FB40
FB77
02B7
048E
F98F
F55F
FC21
FEFC
FF83
051A
0735
0333
046A
07D7
0517
048C
0794
0591
0340
03EB
0186
FE86
00E5
06B1
0A81
0BB1
0CC1
0A03
0331
01A4
04FA
06C9
0904
0A83
08B6
0934
0E4A
12CD
1280
0E91
0AB1
06C0
0487
0A02
1375
1732
15FA
153A
13A2
1048
1035
12C4
1103
0C5B
09FB
09EA
0CFC
1251
155A
14CA
1190
0E04
0C67
0B96
0C1C
0DA7
0BDA
077F
04FE
0612
09FD
0D73
0F2E
0E73
0AA5
0ABC
1009
12C2
14DB
160E
0F45
0904
0C01
1115
1427
1515
11CE
0CCB
0857
0575
08A9
10FB
1542
12FE
0F87
09D7
030F
05AF
0D1E
0CCD
0B69
0BDA
072E
06E9
0D2E
0AAC
046E
0576
047A
021A
08F0
0DC8
0737
02A5
0356
011F
01D3
07F0
0B48
0B83
07DC
FEAC
F862
F8B6
FCB7
037C
0784
058D
00E2
FAEB
F789
F9C3
FC7C
FC44
FB26
FB52
FB5E
F951
F8E7
F96D
F5B4
F2CA
F27C
F0D4
F4E6
FCFF
FC35
F769
F591
F079
EC08
F0F5
F890
FAEB
FB8B
FBF7
F980
F9B2
FF42
FFE7
F9E1
F5E6
F35D
F072
F29E
F9CC
FE32
FBDB
F7F2
F71C
F798
FAA3
00C6
0315
0048
FCE6
F8B1
F505
F600
F950
FAA3
FBAC
FC44
F865
F662
FBD1
FEB3
FE08
00D7
FFBF
FB62
FD11
FEA8
FDF4
FEC1
FC0C
F8BA
F8C8
F76D
F844
FD07
FEDB
FF51
00BB
FF64
FCD5
FD59
FEC6
FD02
FB36
FABD
F65F
F375
F854
FC3C
FC12
FC34
FAA9
F8FB
F996
F8FD
F7B7
F87E
F9AA
F890
F704
F7DF
F69A
F3B3
F7A8
FCE1
FBA9
FB07
FBEA
F886
F389
F0D0
F00E
F090
F32A
F722
F896
F705
F3C9
F163
F433
F680
F48A
F639
F67E
F07C
F042
F4A8
F623
F9C0
FC74
F868
F3E4
F38A
F4AA
F4FD
F7B8
FBBF
F910
F591
F7D3
F66B
F57A
FD08
FF9D
FB6F
FD81
0057
FD06
FD7B
0239
FEEB
F9AE
FF66
04B8
0421
0A34
0CF9
0128
F968
FC97
FE67
019B
0A53
0D52
071B
03D3
06A2
07B4
097F
0E24
0D9B
0987
07D6
0655
0696
0AB0
0E99
1046
10FE
1219
10E3
0BA0
0912
0A29
08E0
0912
0E58
1304
1456
14AA
14E9
1355
1245
1585
16DC
14CC
172D
17D0
12AA
1309
15EF
1554
19CD
1DEF
179C
10FF
0F69
0CF3
0CE6
1160
1343
118A
1250
1640
18E0
19C0
1ADC
1A2B
1681
1258
0DAA
085E
05BB
0607
06DB
0980
0F62
14FC
1676
1449
10CF
0DFC
0D72
0E3B
0D81
0C70
0E41
10AF
10B3
122F
163C
1590
0FCA
0B96
0880
0686
08A4
0A93
0ACA
0B2F
0827
0579
0830
095A
08F2
0BCE
0B16
039F
FDE3
002A
064F
097C
0C89
0F02
094D
0303
03D8
04B6
065F
09F5
0838
047D
03F2
0389
02E9
044F
07C7
0933
0788
082C
07A8
02C3
0250
04EE
0329
01A8
0227
FFC0
FCFC
FF9F
03CB
028C
00CC
015F
FE32
FC27
FE50
FD47
FCDF
000F
0089
FF9B
FE62
FB07
F83E
F86E
FC7E
FFBC
FF40
000C
FD95
F672
F64F
F9B8
F841
F61F
F398
EF8B
ED1A
EF67
F67C
F8F8
F4F5
F2AD
EF0B
E9E4
EA34
EE39
F4BF
F8B5
F3BF
EDFE
E99A
E3BD
E510
EB9D
ED6C
EC64
EAD3
E79A
E549
E69C
E789
E31F
E056
E253
E15C
E1B4
E723
E941
E91F
EA46
E92F
E615
E325
E31A
E58B
E6B4
E820
E809
E57B
E701
E882
E660
E721
E726
E452
E514
E7A6
EA00
EC0A
EB5F
EA3F
E899
E576
E5AE
E92C
EBB1
ECC4
EE0C
EF9E
EEC2
EDE2
F0E3
F377
F4B1
F6EF
F73B
F673
F6B4
F60F
F495
F2CE
F240
F3DD
F61B
FAEB
FECA
FC1D
FB4D
FEF3
FEE6
00AD
0793
07A7
013A
FFC1
0196
013D
0331
07E5
08A1
0725
07FA
085D
0855
0B0D
0E0F
0E67
0D5E
0B03
068B
04DC
08A2
0B5D
0CA3
100C
0F38
0AD0
0BAE
0D8E
0C17
0C41
0CFF
0C99
0F00
12E5
1415
13DF
13B1
121D
117A
1353
133F
12D2
1662
180E
155A
14DF
167E
15C9
141E
12C8
0F62
0CF9
109B
14D5
178B
1C87
19BE
0E9A
0CAE
102A
0FB3
1469
19DC
1521
0F97
10D9
1289
1244
14AF
15CF
0EF8
0A54
0D3B
0D21
0CD2
100C
0DC1
0950
07FE
0564
04A4
07D1
0996
0864
05DF
03B9
01EC
01AB
041E
0437
01BB
003D
FD7C
FBCD
FC71
FBFE
FE3B
010F
FEB4
FC86
FBA1
F8B9
F673
F62E
F6A6
F51F
F36C
F592
F5AD
F3D6
F58C
F44E
F1C0
F3E1
F3C3
F242
F2BD
F0C8
EF94
F15C
F35F
F477
F212
EF5D
ED98
E9E8
EBF0
F26B
F2C7
F228
F347
F0AD
EE8F
F0C3
F4E9
F802
F805
F5A4
F0E4
ECB3
ECEF
EE98
F15E
F4AB
F329
F079
F0D4
F1CA
F3FE
F674
F6D4
F4EB
F21C
F444
F984
FC57
00FE
02D5
FB78
F558
F474
F4B8
F832
FDA8
0137
FFD7
FB5D
FC00
FEC6
FFD6
05F3
0894
FF4D
F9EA
FD07
FCD7
FD47
026E
0081
F90E
FB48
027D
03BE
0550
0734
0357
0108
0128
FDA8
FCB2
0030
0154
018D
03AD
0437
024E
020F
0367
0230
0091
0107
0152
0493
0A01
08E7
0436
029C
01C5
03F1
0A7B
0CEC
09CA
062B
017C
FD9B
FE49
FFC7
0016
0118
FF8E
FBF2
FCC8
00EB
03C4
05BE
06C6
0562
0204
FF41
FEF6
FED6
FD96
FD30
FD3B
FDA3
FFD1
015B
FFD9
FD59
FB90
F9ED
FA76
FE90
004D
FD7E
FBFF
FAAA
F7BA
FA2C
00EB
0357
0141
FE6A
FBEE
FB11
FD8C
0200
042B
0268
FD2A
F787
F77E
FAB2
FCC5
015B
0461
0049
FC9D
FC78
FDBD
0303
087E
07E1
0329
FEE3
FCD5
FCA4
FF2B
033E
04CF
04A3
0215
FD27
FE8D
0431
05E7
08D3
0AE3
05D2
040B
0A74
1057
12C9
13FC
1416
1147
0CB1
0ACC
0B3C
0C0C
0D50
0DA1
0DAB
0F57
1374
18CF
1A4F
1848
154A
0E4B
0909
0C84
121D
15C1
1792
15BF
13C7
14D9
187B
1B7D
1918
155D
1395
100A
0EE4
1199
12DE
1574
1885
16FB
144C
11F8
0ED2
0D6B
0DE6
0EAA
0E8E
0DB2
0DCE
0DC4
0D60
0E29
0E16
0CA2
0B5B
0A4B
09F9
09FB
0962
087E
08D4
0B4D
0AE9
0656
04DB
0515
02DD
02B2
040E
0459
04C7
0370
0221
02B9
0197
0179
0355
00F2
FC70
FA1D
F81A
F763
FA10
FE09
0052
008A
FFCC
FDD5
FCD4
FF1A
FE8B
F7AF
F2C9
F432
F70A
F952
FBDB
FC4D
FAAA
FA10
F93D
F7E2
F950
FAD5
FA3F
FB02
FACC
F7A5
F6C5
F8B0
FADD
FD16
FD13
FAC1
F86E
F650
F680
F92F
F990
F764
F678
F7AF
FB24
FFD0
0211
00CE
FD66
F853
F470
F5E2
FB11
FF4A
00DD
FF54
FAE8
F646
F46A
F6A8
FB6E
FE82
FE36
FC8B
FA5C
F940
FD91
0533
06E4
0140
FB94
F8AE
F758
F874
FC29
FFF6
00FD
FF12
FD22
FC46
FACA
F948
FA1E
FC9C
FDB7
FD21
FC89
FAD5
F824
F8DA
FC40
FC16
F92C
F8E7
F9D1
F8E7
F886
F88F
F64B
F500
F726
F853
F76E
F7AB
F820
F799
F8B1
FA7F
F8AC
F5A3
F5CF
F567
F40B
F717
F850
F21F
EE6D
EFAE
EF45
F1E1
F8CC
F9AC
F440
F01D
EDF4
EDBB
F0B7
F4C3
F893
FA96
F6F6
F0B2
EE8E
EEC3
EEBB
F218
F733
F841
F73C
F812
F979
FAA2
FB48
F947
F665
F63A
F748
F91E
FCDE
FD91
FA09
F8E9
F9A7
F96A
FC5F
007C
FF83
FC2F
F9D6
F8F0
FC8A
02BA
05B8
0554
027E
FDF0
FB9B
FBCF
FBE0
FCE3
FEC5
FFA9
0154
0444
05A7
057E
0578
0490
01EC
00A3
02BF
046D
041F
059B
081C
08E6
09ED
0B78
0CBA
0DDF
0B11
05F9
06F9
0A71
0966
097C
0A91
05CA
0317
091A
0E2C
0FAB
125B
1124
0B89
0A1A
0B85
0B4E
0CD6
0F29
0D05
08C1
0741
085E
0AF5
0E74
1016
0E91
0C36
0A20
0949
0B8A
0DF2
0D95
0D15
0D25
0D96
1104
14A9
1457
1275
0EDB
087F
0648
0951
0A1D
0AFA
0F0F
0E40
0A6F
0D9F
116A
101D
10FF
0FB8
06A1
02B7
07D7
0B49
0E4F
120A
0E84
097F
0B58
0CAA
0BF5
0E41
0C38
0423
005B
FFD4
FE2F
0027
03C4
0404
03C1
0256
FF35
012A
05FA
05A4
0435
04A4
0108
FCC8
FE98
0051
FDA3
FC41
FCD0
FC56
FD9C
0126
019C
FD86
F927
F77C
F80E
F9D0
FC51
FDF9
FC85
F94D
F7B9
F724
F657
F69D
F5B8
F257
F122
F225
F1DC
F1F2
F1DC
EF69
EEBC
F136
F2D8
F416
F5B5
F47E
F102
EDD3
EACB
EB4B
F18A
F5DB
F50E
F530
F4F9
F2C4
F4A5
F6C5
F2B8
F084
F2CF
F233
F2CF
F882
F92B
F37F
F11B
F064
EE5F
F0CA
F51D
F5F1
F6E6
F6EA
F3DA
F31D
F3FB
F4E3
F8D8
F8C4
F1F4
F04A
F3AC
F471
F77F
FCD7
FC5C
F9F1
FB65
FC95
FDAE
0183
02FC
0122
FFF4
FC8E
F8FB
FDE9
072D
0B99
0C0F
0A75
06C3
03F9
043C
06AB
08F7
08F2
06EC
053A
054B
06D4
0A35
0E95
0F6A
0CAD
0A83
0738
03A3
0622
0B1B
0C3D
0D3A
0F03
0DDA
0D22
0F0B
0E39
0BBE
0DB9
1076
0F49
0D85
0A3D
0470
03FC
0944
0BE7
0C70
0E75
0F33
0E2B
0DBE
0C70
09A7
08EE
0A35
0A98
0BCB
0D38
0A3A
0728
0A09
0C95
0A82
08D1
0666
0078
FE23
016B
0254
00C3
FFF2
FC50
F989
FDBA
015D
00FB
0302
03CE
0036
FF26
FE37
F982
F9AB
FE3A
FE03
FD03
FE46
FBA7
F951
FBD7
FAA3
F555
F3DF
F2EA
F09A
F3BD
F908
F893
F578
F479
F54F
F761
F8E2
F7C5
F3A1
ECB7
E727
E763
EA5F
ECB8
F00F
F2D0
F23B
F16C
F27B
F31B
F2B6
F16F
EE77
EB41
E96F
E989
ECF0
F172
F23E
F0B4
F018
EECD
EDF7
F098
F26C
F087
EF0D
EDBA
EB6A
EE6F
F5CE
F798
F4B6
F31A
F04B
ED8B
EFF6
F2F2
F2AA
F290
F175
EF6E
F276
F7A2
F919
FAD6
FCA8
F90A
F4B6
F4DD
F56E
F502
F532
F50F
F5D2
F7F1
F95B
FBC2
FED5
FE35
FBEB
FBA4
FBF4
FDD8
012C
0155
005F
00E6
FE3C
FC3C
027F
0899
071A
0589
0628
04BC
040C
0488
028F
010F
0198
01CE
0543
0B68
0AE2
053D
03B7
03A4
019D
03E8
08D5
0872
077A
0B22
0BDC
0853
0877
09A8
06A0
0577
0829
08AB
08A5
0B01
0B24
090F
0807
04D3
0040
014D
069F
0AAA
0E12
104B
0DBA
0840
04DF
04C5
05F8
0635
04F5
034F
0261
0332
0536
05CE
04DA
0467
0434
0462
05F8
05B5
0155
FDA4
FD66
FD94
FEEA
0402
087B
080B
05ED
0432
00CF
FDBC
FD42
FC4A
FB6B
FEB0
01FC
0151
01DF
0387
0028
FC50
FE74
0196
0205
0226
0094
FC5E
F8E3
F6E4
F614
F800
FBEA
FFD5
01FD
0081
FD64
FB28
F841
F6B5
F9CD
FCA4
FCA5
FE35
FE8E
F9E3
F791
FAE8
FD22
FD8B
FF6E
FFD0
FD22
FAF1
FA85
FB1D
FC78
FD59
FD71
FE02
FE2B
FC54
FADB
FCC6
FF77
FF4B
FEE7
00C1
0180
00E4
02C1
04D9
0346
00BC
FF50
FE2E
FFB7
03EC
0565
03C4
0379
0427
03E1
0493
064E
05DE
038E
024C
01DB
016F
02AC
04D8
0531
04CD
0577
0614
071C
088A
06FB
03C4
0392
0434
0345
045D
06D5
069E
054F
0419
0159
FF81
0027
00D8
0268
04FD
0454
0228
0384
04BE
023F
00FA
0283
028B
01F7
037B
03BB
0078
FD28
FBF7
FC99
000C
0555
0800
0626
0232
FE61
FAC9
F739
F519
F5FE
F8F4
FC9C
00A0
036E
0564
0849
061C
FA49
F01A
EFA6
F02E
EFDC
F5AA
FA63
F5B4
EFCC
EE6B
EEBB
F239
F82A
FB0C
FBDF
FCB8
FB16
F787
F3E7
F05A
EE4E
ECAF
EB63
EFCC
F650
F51E
F0E8
EFBD
EB6B
E7B7
EE89
F6BC
F6ED
F6A8
F78A
F4E5
F4B5
F8AF
F830
F467
F39C
F281
EF87
EF7B
F1A2
F32F
F68D
FB4A
FC1C
F929
F7DA
F8C7
F837
F6E2
F77A
F73F
F4EB
F615
FB49
FF26
03EE
0B8C
0CAD
0513
FEDE
FA53
F296
EF8C
F5B7
FC40
FFEB
033E
03FC
035D
0436
03EF
059E
0C29
0CEB
0588
024A
0168
FCED
0139
1055
17BC
14EE
1361
1152
0C44
0B04
0C6B
0A9E
096B
0D0B
10E1
1173
131C
17D7
1810
10D8
0C07
0D90
0EC8
110F
17FB
1AE8
15A5
10AD
0EF0
0D95
0EB6
1301
164E
151D
0E74
076E
0770
0C64
10F0
1678
1BD5
1BED
1840
1440
1064
0F20
1026
0F68
0F40
123F
132A
116C
11DE
11B4
0E3B
0C66
0CBF
0CCC
0FF9
14AD
1327
0D59
0871
01B9
FC2C
00AD
0A48
0DA9
0C81
0C7E
0B95
0854
060F
0650
0686
0495
0320
043B
03DA
01E2
0494
082A
0452
FF64
003B
00D4
0118
053B
03D7
F8CF
F21B
F4C1
F8E3
FE6F
04E7
04A4
0006
FDAA
F989
F393
F2C3
F2AE
EE82
EFEF
F803
F904
F381
F26D
F255
EF5A
F0F5
F3F8
EEA4
E89B
E9F3
EA43
E7E9
EB11
EF47
EE0D
EDB8
EFA2
ED42
E9D4
EACB
EBE9
EB27
EBC3
EB73
E721
E321
E370
E62C
E955
ECB3
EE80
ED3B
EB30
EB41
ECAB
EDA0
EDEE
ED13
EA89
E7F7
E7BD
EAB1
EF5A
F334
F65C
F9D5
F9BF
F336
EC44
E9AF
E7D6
E725
ED5E
F6CD
FAF9
FB40
FB49
F88C
F409
F2D2
F3CF
F4FD
F8F5
FD37
FC1D
F905
F8B2
F88F
F9BA
0078
06A1
0525
0139
FF26
FB94
F85A
F998
FBD7
FDD4
0390
09C3
0B33
0BC6
0CBB
0849
0193
00DA
0328
0382
0530
082B
08A8
09F7
0E89
1195
1270
13D2
12AB
0DFD
0B41
0B72
0AFB
0A19
0A6A
0BA3
0D6D
0F21
10AA
12E4
145C
1395
1217
1009
0D75
0E3A
1208
128E
0FA5
0DC3
0BA5
08A2
0991
0EA2
12FB
15EF
1824
176F
1430
10DC
0CD5
0819
0647
08E8
0D7B
11F7
15A0
171C
1529
1016
0A9A
08BC
0AEE
0CBD
0BEA
0B3A
0B98
0B06
0AB5
0C53
0CC0
0A23
0748
04EF
0358
067C
0CA9
0E2C
0C3E
0BAF
0790
FFEA
0056
07A9
0903
0588
03EA
0066
FD2C
038F
0D90
0EA5
092A
045F
0029
FC4F
FC2A
025D
0BE2
0F3F
0934
027E
FF0A
FAC5
F897
FBB3
FDBD
FD59
0001
031D
02D8
0241
0024
FA15
F6D6
FA28
FE47
00DD
02F4
01E8
FDE7
FB7F
FC11
FEB4
02BC
05D3
0657
051E
0303
0133
00B0
008F
0075
00D7
00F9
01C2
044D
04DD
014B
FE62
FEC7
0003
0251
06F5
0A80
0978
0540
010C
FD89
F9EC
F8E8
FEAC
082C
0DFD
0E81
0BBD
06F1
0366
02B5
01FB
01FE
055C
07ED
06C7
062C
0730
06A3
0441
006A
FCDC
FE9F
047A
0856
0B3C
0D5B
07DF
FE55
FD23
028E
0568
07AD
0AFF
0859
00EF
FEF0
02EC
05A6
0689
0847
086F
056C
0329
035E
032B
0232
0207
017A
00C2
0293
050A
044D
0215
0133
0122
0208
03AB
037A
01AD
007E
FF3B
FDF7
FE52
FE11
FBA0
FAC2
FC3F
FC48
FB78
FC79
FD0B
FB62
FA04
FA15
FA6C
FB63
FD70
FEF9
FDF1
F9D7
F4BF
F1E2
F1B8
F252
F34C
F477
F38E
F138
F220
F5CA
F5D9
F1DE
EF46
EDE3
EAE2
EA19
EEB3
F3A9
F501
F4D9
F444
F2AB
F131
EF76
EC4B
EA40
EB22
EC3C
EC67
ECEF
EC89
EAAF
EACB
EDC3
F08F
F257
F3F0
F45F
F34D
F1A7
EF3E
ED09
ED9D
F02C
F177
F17F
F1D4
F1BB
F0B8
F023
F062
F096
F09C
F137
F301
F552
F6C4
F76B
F86E
F9AD
FA70
FA77
F951
F761
F61C
F62E
F807
FB1D
FBFA
FA10
FAA9
FE44
FF01
FD3C
FD37
FD4B
FD02
FF7E
00E9
FD5A
FB29
FD31
FDBA
FE18
0290
0585
041B
0513
0855
0789
049C
031D
0098
FEE1
0325
0964
0A63
07CE
065B
05BE
053D
06EE
0A9F
0C53
0AC9
09E3
0B54
0B6F
08CC
06A7
0630
068B
08AA
0BE6
0DF8
0F76
0FB4
0C18
0933
0C7C
1064
10BA
1267
12EA
0C6B
086A
0EA9
146E
13F1
139A
114F
0A78
08DA
0E7A
123A
140F
165B
1492
1186
132B
147A
1328
14CC
16AB
1417
1200
11DE
0FC8
0EE8
121F
14FB
15CD
1697
1738
178C
164E
117F
0CA5
0B6E
0C1A
0EFB
142D
1579
1243
11A4
1305
121E
1232
142A
12F1
0F17
0CCE
0C2C
0CDA
0EFE
105E
0FB9
0D91
0A14
074F
07FF
0AFD
0CD9
0C63
0B28
0A33
07EC
0469
035F
04DC
0565
0548
046B
009A
FEA8
02E5
05D2
0374
0267
01EA
FC98
F827
F9D9
FC4D
FCB9
FD8A
FE5F
FF41
00E6
0043
FC03
F6F5
F32B
F283
F5A2
F8E7
FA50
FB05
F8F7
F357
EF50
EF0C
EFA8
F0DC
F2BD
F20C
EE4A
EB81
EBEB
EDA1
EEB1
F043
F347
F51F
F418
F204
EFAB
ED29
EBAC
E9A0
E6A8
E812
ED9F
EF9E
EDEC
ED18
EAE5
E788
E923
EE16
F054
F0AF
F06A
EE81
EDBA
EEB2
ED95
EBEE
ED00
ED57
EBBA
ECC2
EF89
EF78
EEE5
F145
F347
F28B
F1E7
F155
EE6B
EC57
EE8F
F16B
F2F5
F69D
FA6E
F9F3
F912
FAC6
F9B7
F598
F4A1
F604
F60C
F784
FBB2
FDA8
FB25
F795
F670
F7D9
FA2F
FD7B
01A8
037C
0258
0239
02BE
0083
FE62
FFB5
017B
0216
036C
0456
037A
0361
0566
07B5
091B
0968
07E4
04A0
01E9
01C2
030B
048A
06BE
075E
0419
0162
02EC
05CA
0935
0D6A
0D38
0893
0695
070F
06BA
07E1
07CB
0239
FECA
027E
058C
0560
0677
0729
05BC
0523
0562
05DD
0790
08AF
0880
07B3
0435
0070
0174
033E
0270
02E0
017D
FBEA
FCC7
052B
07F0
0555
04B8
0182
FB9F
FB5A
FE3F
FF95
02F5
062C
03EB
0039
FE5D
FCF8
FED8
03FC
05F6
03C4
011C
FEAE
FD45
FE18
FFDE
014E
0187
00ED
0291
0534
0413
0205
0352
041E
0335
049B
067B
06E3
0918
0AA1
076E
04F5
06AE
078D
06AD
065A
0426
0135
0395
097B
0BF6
0B2C
0A42
07CD
03DF
0346
06AE
0921
0990
0A4F
09A9
0734
0805
0C07
0CE1
0A94
095C
0812
056E
048A
0612
0700
05CA
03F1
046C
0764
097F
0AF1
0E44
0FD1
0BE0
0700
04BF
02EC
029A
060D
08C3
0687
02D9
01FA
030F
043D
05E9
07E9
0858
0746
067D
0543
0355
03D5
0638
05D9
03D9
0436
04B5
02BC
0112
0124
00E1
FFC3
FF40
0045
018B
00B3
FEB5
FE59
FEB5
FE8F
FF63
0049
FF58
FE17
FCF0
FB07
FA89
FB6E
FA9D
F96D
F9C4
F9E5
FB97
001B
0090
FA74
F597
F528
F5AF
F76F
FB37
FDC1
FD3D
FB3A
F9A8
F8CB
F6E1
F468
F4A0
F67A
F71F
F88E
FAB0
F9D9
F878
F96C
F883
F656
F8C2
FC40
FAFD
F8C9
F7B3
F40B
F041
F096
F25C
F423
F7E1
FB50
FCCE
FEC1
FE75
F875
F44B
F88E
FE33
FF9A
00CA
0072
F9B4
F3B4
F6C7
FD87
01A7
03F9
02CF
FE16
FD03
00FB
03CF
050A
067C
05A2
038C
03E6
04EF
04CF
04D6
044F
034A
0442
0675
0803
08F2
07B4
049B
03DE
0593
0716
09B1
0C97
0C26
0A30
095F
07D9
05FB
0569
0468
0408
0754
0BBC
0E77
10B7
112B
0DE2
09E5
0872
0983
0B85
0BDB
0A09
080C
05F6
04F1
0834
0C69
0BE1
0943
079E
04D5
0367
06B7
09D3
096C
08CF
0844
0730
089D
0B43
0A72
0716
044B
0294
025F
03A0
0630
0AE8
0E13
09BF
0136
FC49
FB33
FC37
0182
08C9
0B17
0775
02CC
FFF2
FED5
FF40
00FF
0329
03FC
0253
0017
001B
0106
FFE3
FEE8
0126
02AA
FFFE
FDE3
FE95
FCFF
FA1B
FC4F
00AB
00A8
FF1C
FF70
FE5B
FBEB
FC43
FDED
FCF7
FA9D
F9C7
FA25
F9FB
F923
F94B
FA71
F939
F4BB
F15F
F1C0
F42E
F88A
FE74
0041
FB27
F5CE
F504
F52C
F4F4
F732
F8E8
F5E8
F21F
F102
EFFA
EFA4
F28B
F4BE
F319
F173
F20F
F327
F42E
F469
F309
F1FC
F1FE
F239
F465
F7D0
F79C
F3FD
F121
EF21
EE33
F0C6
F4AB
F649
F635
F4AE
F22C
F282
F53F
F571
F3FF
F400
F331
F155
F1AE
F29B
F23E
F3D1
F6B7
F6CC
F67D
F8B7
F963
F74C
F6C3
F722
F572
F479
F648
F81E
F8DB
F8C0
F700
F5C2
F7B0
FA9E
FC7C
FD29
FAAB
F6CB
F82E
FE09
01C5
0308
0302
FFDB
FD3C
0011
04A4
068F
062C
02D9
FE69
FE31
00EB
0222
0399
0622
062F
044B
03A2
04B8
075A
0989
0887
0602
0366
FFE4
FFFB
0640
0AB8
09A1
0937
0AAD
0BAD
0F12
137E
1221
0B62
050E
01FB
0233
0417
084E
1152
1893
15AE
0FF9
1065
11D8
1232
1486
115F
06D4
03D3
0BE5
1266
1558
18C1
16FF
0F5E
0BAF
0E36
0FFE
0DDC
0A6A
088E
0802
07F6
0B78
12B8
1655
13F9
1208
11D6
104C
0F9A
10B2
0F43
0B3C
089C
0791
060A
040C
0456
09A0
1093
135E
1424
15EF
126A
07F9
01E7
0481
071E
0752
0A32
0D76
0C03
08F4
0872
086C
0759
0727
06C6
0292
FBA0
F795
F9BE
007D
0811
0D55
0E65
0A83
0381
FE85
FEFF
01C1
0208
FFD2
FD17
FAFB
FBC2
FFFE
038A
037D
0196
FF18
FC2C
FACC
FB24
FA7B
F8FE
F8F3
F9CD
FB13
FDCC
FF82
FCF2
F8B1
F6BA
F6A1
F739
F8BF
FAA0
FBFD
FBBB
F8D3
F60E
F6E9
F91F
FA50
FC94
FE35
FB2B
F759
F76B
F859
F8B7
FA26
F909
F45A
F306
F65B
F911
FB86
FE88
FD03
F71E
F3CF
F4BD
F648
F680
F518
F394
F4AD
F7D1
FA9F
FD1D
FEFC
FE3A
FB2B
F889
F7A1
F792
F793
F82A
F908
F849
F6A8
F770
FAF2
FF63
0349
02F7
FD35
F810
F639
F445
F593
FE08
043D
0166
FDBA
FD67
FB85
FA0D
FBC9
FA74
F544
F3F5
F6FF
FA6D
FEB1
0120
FDF9
FAD5
FC3E
FCBA
FA86
FA55
FA08
F5BB
F2F6
F609
F97E
F9AB
F9E3
FB03
FA27
F843
F954
FCF6
FE90
FCC2
FAA7
F9B7
F969
FB21
FE41
FDA1
F841
F364
F185
F25A
F767
FE3D
001C
FC0C
F653
F173
F028
F416
F8CF
FAB4
FB66
F9BE
F438
F13F
F508
F8E6
F7F2
F577
F39D
F29C
F4A2
F8AF
FAEE
FBD3
FC4F
F9C6
F625
F782
FC60
FEA9
FE4D
FC85
F7FC
F522
F9C7
0124
0455
0456
0153
FAD2
F882
FDF3
01AB
FFB2
FE48
FCC6
F8A3
F948
0069
038E
00C0
FFE2
00B9
FFFF
02E0
0A43
0C21
05EE
01AF
0280
01DF
0160
072D
0D51
0BFA
08AF
08D0
0861
077D
09F9
0C16
0A70
08AB
0824
07AE
08A4
09F3
09E9
0BD2
0FD2
1041
0C9A
09A3
0945
0A6F
0B7B
0C62
0F05
112E
0EE4
0B88
0A8A
0893
069B
089C
0A7C
09C8
0AAD
0B53
0981
0AEB
0DED
0B22
075A
0828
07DF
05CD
06DF
082C
0819
0A43
0AA1
049C
FE40
FC3B
FCA2
FF6D
03EC
05FE
0482
0196
FF9A
0063
0243
02AA
0248
0046
FBBA
F994
FB71
FBC6
FABB
FBC4
FB22
F74B
F56D
F5E1
F5FF
F655
F4BF
EFC7
ED67
F08A
F45C
F676
F710
F535
F300
F354
F51C
F725
F8E4
F8A4
F6CD
F3FC
EEBD
E99A
E8E6
EB4C
EECB
F2EF
F3FA
F1B8
F108
EFBC
EB04
EA65
EFB2
F204
F219
F58A
F5BC
EF95
EDB3
F301
F720
F81A
F7F5
F48F
EED8
EB7E
EB81
EDB9
F177
F52C
F7D5
F88F
F633
F404
F66A
FAA6
FC49
FBFD
FA06
F6A6
F6BF
FB84
FF0E
FF01
FD23
F9E6
F89C
FC15
FEF7
FE25
FE6C
FFAC
FE8D
FEAA
00BF
FF75
FD70
FFC6
01D8
00F1
017D
032C
0416
06F8
09CD
07B1
03D9
01F1
FF59
FD57
00E7
079B
0B35
0B5F
0AE8
09A3
0631
0237
011B
0381
06F7
08E6
083A
066F
05E5
0645
0712
0A34
0DD8
0CD3
0840
04F6
02D4
0115
0208
04EE
065A
0626
0630
06BA
0634
0358
002E
FFF3
0218
0482
067B
069E
0498
02D8
01FD
012F
0162
020C
01AA
0149
0013
FBFB
F8C2
F962
F9B6
F8A9
FA24
FD38
FF4D
01FE
0481
02D3
FD8E
F97C
F95C
FB88
FC9F
FC45
FC12
FBBD
FBB2
FD1D
FDC7
FD36
FE4E
FDF0
F811
F2FA
F39F
F509
F64E
FB94
01C3
0456
04A9
032C
FF78
FBDE
F8BD
F735
FBE2
036E
03FE
FEBC
FB67
F91C
F668
F890
FF08
031E
0556
094D
0C88
0D9D
0E16
0988
FCDA
F210
F2D6
F9B2
FF4E
0627
0DB7
0D8C
05B0
00E9
030F
066F
0873
08FD
04ED
FE33
FD65
0382
08CF
0B21
0DAB
0EC9
0BA6
0758
05B5
060D
068F
070A
07DC
097F
0C48
0F0D
0F84
0D1F
0A45
0988
0A4D
0929
04F4
02C9
07D7
10A9
1714
1B36
1BD7
12DC
03A2
FB34
FD09
020C
06B4
0A46
0A11
0762
0816
0E07
14D8
181C
16DA
0FEB
02F0
F90F
FD89
0A05
1014
1078
108F
0C26
05A3
0799
0EF5
108A
0CC5
08EB
04E3
022D
063D
116A
1A2F
16E9
0B37
010F
F99B
F528
FA80
0706
0E88
0EA9
0C10
07DA
0564
07A0
09A9
0855
0603
0291
FE8A
FD3F
FDFB
FFD3
0508
0A7E
0ABE
0860
07F3
07CA
051D
00A4
FC59
F94C
F833
FA3D
FE1E
000D
00D0
0379
0468
004C
FC4C
FBC7
FC44
FDC1
0034
002A
FDD8
FC18
FA72
F8DA
F945
FC31
0167
069A
0674
0068
F9FB
F593
F2B6
F47B
FCAA
04AA
04A5
FEC8
FAA6
F915
F7A0
F894
FBC6
FBE5
F94E
F804
F725
F6ED
F978
FAE6
F882
F6CF
F799
F8CF
FAD0
FC5F
FA84
F6CD
F497
F55F
F8F9
FC73
FDFA
FEDF
FDED
FAED
FA8A
FBD2
F9EA
F7B7
F724
F4E3
F53B
FBD6
FFD1
FCC3
F8F0
F5FC
F3CC
F666
FBF9
FF1D
FF66
FC94
F6C7
F285
F2BB
F73F
FE5F
01F0
FECC
FA39
F717
F5B8
F9F8
00B7
0112
FCD8
FA21
F7FB
F6EA
F8DC
FA6D
FAA8
FBDA
FC05
FAFB
FCC8
00D3
036D
02E1
FE96
F9D4
F956
FC11
FFB7
0388
03CA
0029
FDEA
FC5F
F8B0
F78B
FAAF
FD33
FF1F
0218
0307
0241
0299
0196
FE20
FC46
FD08
FE9A
0127
02C2
FF98
F99F
F69A
F773
FA10
FF51
0644
084B
02F5
FC51
F86A
F689
F7AC
FC2D
0129
0542
07E2
075B
04F5
033D
021F
01A0
01A2
008D
FF4A
FF43
FECF
FE25
FE7A
FE2D
FEFB
03A7
0707
05B9
0467
02E0
FE84
FCF3
004F
0216
01B3
026C
01DF
0005
00CD
02A4
0288
020E
01E7
0128
019D
04D6
081A
0729
01F2
FCCC
FA60
FB41
01CA
0BF4
1075
0B99
0348
FCC5
FACA
FE3F
0215
020C
0183
02E4
04C4
0812
0C3C
0CAF
086B
019C
FA1D
F723
FC1E
02CB
04F3
0412
0084
FA0B
F859
009C
0A4B
0C5D
0804
0036
F801
F6B5
FD70
038E
05EC
076F
04B3
FC56
F81F
FD96
05C8
0A02
0923
0439
FF7D
FF41
02B1
0645
06C1
0267
FBD4
F81E
F988
FF47
06FB
0D27
0EA0
0A49
03BB
0114
019C
FF7F
FBE7
FB37
FB95
FBB7
FE0C
01E9
06C0
0D31
0F57
0914
020B
0039
FFBA
FDF9
FC73
FB9B
FC92
0071
0550
0955
0BEF
0B94
06B9
FF28
FB2E
FE84
033D
03BD
02FA
0109
FB88
FA20
00A5
03E2
001E
FDBC
FC88
FAC0
FF52
06E2
0598
FF23
FD16
FCAB
FBFD
FFC9
047C
027F
FC9C
F8D0
F708
F793
FC25
0113
0235
013B
FECD
FA1D
F885
FC46
FD17
F98F
FA02
FB9E
F6E1
F300
F681
FA1E
FAB3
FBFF
FB7D
F87E
F967
FD94
FEE8
FE46
FD4D
F892
F246
F297
F8A5
FAE9
F7D8
F54F
F30B
F0BF
F587
FFE7
0454
0258
FF55
F88C
F213
F671
FEDC
FE75
F906
F4F6
F0E2
EF57
F3ED
FB56
009F
FFC3
F8FB
F3F2
F444
F6C6
FC9E
0455
04A1
FDBA
F8E9
F81B
FB3A
035B
0844
0280
F863
F242
F1A6
F565
FB1E
0121
0484
FF8A
F64D
F559
FBC6
0000
0238
033B
FFB9
FBCC
FBE6
FDDF
0150
0349
FECC
FB35
FFB2
03EA
03F1
05A7
063A
0327
037E
05C9
033B
0126
03D4
04EC
0376
04B7
080E
0A25
09EE
070B
035D
0200
0395
0785
0C8A
0F86
0E33
09D0
0669
06E6
09BF
0CC3
0F70
0E35
0734
0212
0457
0901
0DCE
142D
155D
0E23
0952
0BDB
0E32
0F52
1176
0E0E
05CA
0505
0BE1
0FF9
1159
12A3
0F0D
0863
06C0
0949
0BBC
0ED9
10B1
0EFC
0EAC
115E
10D0
0CDB
0AD9
0973
067F
0618
0900
0A71
0A3D
0BDB
0E6A
0F27
0F18
0FA9
0E5D
0A81
0891
092E
0832
07A4
0AC6
0C7B
0AB1
0A85
0A44
0615
0348
0474
04D2
054D
08F1
0BBB
0AE8
08E5
0727
065B
0649
051E
045B
05A1
05A8
0446
045B
036C
0202
05CB
0A1C
0702
01BB
004A
0013
0076
0214
0358
0583
0722
03F9
00C8
02AA
03D2
00DD
FD03
F82A
F46D
F791
FE54
0240
05A2
0892
0447
FBB8
F9FC
FE9E
0176
0264
034B
0099
FB58
FAC1
FFCE
0437
0472
01DC
FDF0
FA82
FB39
FF55
012A
00DA
0136
FDD7
F72D
F7C0
FF91
03AC
02BB
010A
FD3D
F952
FB68
006C
0102
FF7A
0017
FF17
FC97
FF7E
0510
05A5
0447
04B0
0375
0046
FD47
FBA3
FEB1
04B5
0697
0462
025D
011B
FFF5
FE49
FE5D
0335
065F
0256
FEDF
FF73
FDEF
FC34
FE54
FFB6
FECE
FF33
0030
008E
01F4
0354
01D1
FE4B
FBDB
FB0B
FABF
FB05
FBBC
FCA2
FE17
FEA0
FD27
FC0A
FC57
FD51
0029
03DB
041F
0007
FAFE
F868
F867
F995
FCFD
00F4
FF08
F8E9
F6BE
F7B2
F8D9
FE1A
04F7
0422
FC27
F576
F318
F36B
F62A
FA73
FD2A
FCD1
FA86
F8A9
FA6F
FE81
FF94
FEF7
FFAC
FD46
F863
F869
FB57
FBCA
FBDD
FD0A
FF33
02FE
04B3
0291
FFCC
FB5F
F520
F2A9
F492
F786
FB4F
FE00
FE22
FF6D
01ED
00E2
FD96
FCFD
FE2F
FE6E
FF3F
00E7
008C
FECA
FE51
FF59
01A2
03EB
0463
0450
033E
FEED
FB4C
FB6E
FC06
FD4C
0060
01EC
02A8
0455
0489
050F
0751
068A
0402
0424
0339
000B
FFA2
00C5
FF61
FD9A
FE3D
0090
0403
07DB
0940
070B
0391
00B8
0047
03D0
07A6
0835
07B0
05FB
02AC
02CE
0568
0558
04EF
0435
0116
0198
05C6
070B
07FC
0828
02E8
00AE
05B4
08FA
0B6F
0F51
0B83
0259
FF19
0095
0384
0884
0AE6
08A3
0525
FFF9
FA7B
FA3E
FDC8
FFAC
0044
0050
FDF8
FC83
0130
089F
0BAC
09BA
0505
FDF6
F7B3
F80D
FF19
0571
0641
0417
007A
FBD5
FC3E
0286
0540
0259
FE65
F7D4
F17B
F312
F8B5
FC11
FECD
FF31
FBD8
FB33
FE60
001E
FF6F
FC21
F664
F298
F22C
F39A
F7E9
FC70
FBE1
F886
F6DC
F630
F675
F808
F7BB
F554
F439
F402
F36E
F421
F622
F838
F98D
F83F
F645
F7F4
FA53
F938
F73C
F524
F1FE
F154
F350
F481
F598
F5C5
F44E
F792
FEBE
FF5C
FABA
F871
F516
F02D
F187
F656
F707
F6D8
F7D9
F62A
F4D9
F7D5
FBC5
FF82
01B3
FC37
F2C9
F003
F27C
F5E3
FD42
03E1
004E
F7B2
F4C4
F730
FB72
01F7
06B2
0268
F8B2
F4C2
F7A7
FBB6
00DF
03C1
FCEF
F357
F3A1
FA5A
FF69
03A8
0582
0024
F784
F425
F848
FFBC
04AC
049A
015C
FCC5
F82B
F7AA
FDC3
0538
076D
052B
022E
FF21
FD52
FEF6
01B9
01B7
FFB2
FE09
FD19
FE0E
02AE
07E8
0769
011C
FB7B
F934
F8C9
FC26
0336
0653
0258
FDDD
FC99
FD22
FFF2
02D4
007E
FADB
F7F4
F854
FA6C
FD7F
FF17
FE58
FD47
FCA4
FC93
FD92
FE21
FC97
FA04
F89C
F946
FB9F
FF1C
020E
0216
00D2
0177
01FE
0016
FDD9
FB97
F86C
F6A2
F72A
F93D
FCF3
FF57
FD7D
FAA8
FA46
FB7F
FD23
FE56
FDFD
FC1A
F9DB
F94A
FB95
FF68
0214
0102
FCF6
FA89
FB24
FCB5
FF44
013F
FFA1
FD2F
FD61
FEF7
0179
0452
0442
00D0
FCF4
FC06
0001
058B
07C2
0716
0402
FDDF
F98D
FB03
FEA1
014E
02DB
0197
FF50
0145
057E
060D
0480
03D0
0156
FDFD
FEA1
020E
04F9
06B1
04D6
0010
FD82
FD4F
FEB4
046D
09AB
070F
00C5
FD40
FCA0
FF67
045F
065A
04CE
032C
01D9
00B2
017A
037C
0271
FD16
F8FC
FAA8
FF16
0286
050F
0607
0433
009C
FD49
FC60
FDE8
FE63
FCCD
FBE4
FBD1
FBFA
FE6F
0268
0472
0497
03DF
0146
FD19
F99E
F8B8
F9CE
F9F7
F9E8
FCFA
FFFE
FF16
FE7B
FFA9
FE88
FD32
FE7D
FE9E
FCA3
FAB6
F842
F6AF
F797
F92A
FC09
FFA7
FE75
F929
F64E
F6CA
F8D2
FBD0
FD95
FCDB
FA04
F626
F571
F95C
FCE2
FDBC
FCFA
F983
F5F8
F740
FAD0
FCE7
FEBE
FE3C
F89F
F3F0
F5C8
FA7E
FDDA
FEF6
FCA7
F907
F79E
F6A8
F63D
FAE4
0118
01CB
000B
FFA2
FE4A
FE23
017C
0308
0133
0016
FF75
FF40
01D4
040E
02A2
009F
0056
012E
0228
0160
007D
02E5
0579
05CB
07AB
09DE
088C
070C
0629
029E
010B
04B5
06CF
05BC
0684
0778
06AA
086C
0BFF
0BD6
08CC
0679
053F
06A4
0B1A
0DBA
0C92
0B8D
0B4B
0AA6
0C0F
0EC1
0EB0
0CBA
0AB2
07F0
073C
0AF5
0E7D
0D66
09C9
07CF
0855
0996
0B97
0F15
1092
0CB0
06D5
0462
05C2
0829
0AFF
0EB7
0F9F
0BB3
08F0
0A16
0ABD
0AD2
0AB7
0671
01A1
02D5
067A
08FE
0C00
0CE2
09C1
0708
06DF
073B
0771
0810
07B1
0494
01F7
038A
05BB
0698
0972
0AE2
0706
033B
00B2
FCE3
FD77
02B1
035F
00BC
0165
01DC
0021
0166
043E
02EA
FF5C
FD7F
FC7F
FCE8
FF74
FFC3
FD1F
FCD6
FE13
FD5F
FE00
0084
0009
FD0F
FA8F
F874
F7C5
F8E0
F9DC
FA9F
FA63
F7E6
F6E7
F9B1
FBCE
FB94
FC0B
FC4D
FA92
F9CA
FA68
F8A5
F545
F3C0
F3F2
F5E2
F988
FB6C
FAF1
FABC
FA35
F96A
FA33
FAA1
F915
F70B
F56F
F5C7
F811
F9C9
FC88
00A4
002A
FB91
F8E5
F7C0
F763
F9BF
FBD9
FB64
FB07
FB38
FB0B
FC03
FE08
FE12
FB65
F9FF
FBEA
FDC1
FED7
0114
0184
FEE4
FCAA
FA9E
F8A9
F9BE
FBED
FCE6
FEBC
003E
FF9F
FFDB
0198
01D6
0020
FE4B
FCE8
FBA0
FC30
FF23
0099
00E9
0311
025E
FF4C
02BC
0786
049C
009A
FE67
F9C5
F7DD
FA70
FCD0
0208
0868
07E3
041A
01E7
FF4B
FFBD
03AA
030D
FE8B
FC49
FB74
FBEA
FFF5
04AD
06D0
0713
0535
0157
FF2C
FF82
FEC1
FDAB
FEC9
FEEC
FD50
FE0B
007E
02F1
0554
0344
FD2C
FB03
FCF4
FF00
0261
052F
04B2
03A9
0220
FF4F
FE9B
FFAD
FF66
FD8D
FB66
FD30
03D6
075C
05B0
0477
0200
FD5B
FD98
0273
04F8
041E
010E
FC68
F9CB
FBBF
0116
06CB
08C3
05C1
0103
FD25
FBA1
FF25
05F1
0818
03AB
006B
0197
0353
0683
0C76
0DD2
06B8
FED8
FC70
FDB4
0008
028B
03D0
0317
022A
0342
0644
0977
0A74
06EF
003E
FB79
FBA2
FF4B
0354
0591
05E3
0552
04F0
058E
070D
08AF
08C4
0528
FFFC
FE02
FEF5
00D1
036F
03E8
015F
00A2
02B9
052C
0768
07A5
05E8
0422
0063
FDA3
023C
078F
0682
0446
013B
FAE2
F816
FAF8
FF45
04D8
0719
01F5
FD9B
FE0A
FEFA
0245
06E4
0547
FFFB
FE0E
FE49
FFB3
03AF
0646
0339
FCD8
F84F
F876
FC2A
FFF1
01AB
011A
FDB7
F8C4
F72F
FAB5
FEEB
0196
02E6
0027
FA88
F815
F962
FB57
FCC6
FC51
FA95
F94A
F73F
F624
F8BD
FAEE
FA7F
FB11
FC8F
FDA5
FEAD
FDD6
FC36
FBD7
F99A
F743
FA27
FD96
FCEF
FCB8
FE16
FDD5
FCDF
FCD3
FCFB
FC25
FA02
F8D4
F9D5
FA86
F9B5
F90D
F9EC
FBD3
FCD2
FD6B
FEC7
FD96
FA0A
FA06
FC6A
FD20
FE46
FF4C
FDEB
FDA3
FE55
FC08
F959
F98C
FB10
FC57
FC90
FC87
FD47
FCBD
FBF5
FE08
FF60
FE06
FDB3
FD7E
FC9C
FE91
010E
010F
0140
009E
FE19
FE00
FF21
FE7D
0002
0293
00E2
FF3D
012D
0106
FE35
FD8E
FE2B
FEDC
01AF
04FE
0605
050F
0295
00C7
024E
0496
054D
05C5
0404
FF95
FEDB
02D8
05B2
06AA
06E8
04A2
0195
0158
03D9
0793
0A69
0ABD
09B4
07D7
0503
038D
03FA
040D
0454
05BD
0630
05D8
07CB
0B32
0BAA
090C
077D
07BD
078B
07A6
08F7
08B7
057D
0267
02BC
05A2
0820
0A90
0D9F
0C9D
069B
039A
05C7
0693
0555
056E
04D9
025C
010B
01A0
02CC
0459
053F
04F8
0552
0606
04FF
03F7
04B0
0445
025E
028A
0363
01A2
FF81
FF57
FF95
FEC5
FDBD
FF6B
04C1
09A2
0ABD
0838
0331
FE9A
FB6F
F875
F9DD
FFF2
00EE
FCD9
FBEC
FB27
F911
FBFD
FEE3
FBA0
FA35
FD8C
FF45
00DF
051F
055A
FDB0
F622
F687
FA99
FC80
FFA4
03EC
0181
F950
F453
F57F
F8F5
FAB2
FCFD
0394
07AA
0459
028C
0433
0178
FD9C
FD41
FB1F
F797
F7AA
F96C
FA8E
FB8D
FD4D
01CC
062D
0555
022F
0032
FD7F
FB4E
FAE9
F8CF
F5BF
F7BD
001D
0874
0A8C
0A5F
0CCE
0829
F7AD
ECEB
F0D2
F659
F9D2
007C
038A
0144
03CF
08D8
0791
03B3
015B
FCFA
F4CD
EC81
EE0D
FD4B
0A4B
0B26
0BFE
0DBD
0619
FF20
0112
FFB0
FA14
F870
F5FC
F400
F973
FEE5
013F
065C
087F
04F5
02BC
FF3E
FAC9
FDA5
0143
FDAE
F9A9
F707
F453
F718
FE2D
0458
07A6
03B0
FCC7
FBA1
F9AF
F748
008E
093F
02E6
FDF6
016F
014F
043D
0E28
0DB7
0320
FD83
FB7E
FA46
FD74
0097
01EF
04A4
04E2
038A
060C
084C
08FE
0A50
049E
F969
F632
F99D
FD63
0402
08D8
08A9
09D5
091C
03F1
03A9
058C
0318
03FC
04E8
FCAC
F942
0333
0ACF
0BC1
0DAE
0B99
0482
0349
0745
081F
070A
0639
045D
0466
0777
095C
0994
0957
06C8
030C
0180
0262
0505
080C
0923
0833
068D
0600
06AC
04B6
01A0
045C
09F2
0BF6
0CC5
0D24
0BD6
0B45
08E1
03EF
031B
03FB
027B
04D3
0899
0726
06C7
083A
05B1
055C
08D8
08C0
08F2
0B4A
07F4
0360
0438
0402
0393
08D8
0B3F
067C
0514
077F
0633
0544
06FF
04A9
01FD
0640
0A42
0942
0947
0938
064B
0603
07F7
07E6
0891
091F
0707
066C
04C8
FE85
FD2A
0291
04B9
0513
06D5
0499
00BE
FF6B
FE3F
00B6
0718
090B
08B0
09B0
05A7
0087
02AF
04C8
0257
01CF
0207
0001
0002
0209
0292
02A5
02F9
029A
026F
02A1
020B
0086
FE20
FB70
FA50
FB20
FCC9
FF80
0331
0685
0854
0631
0080
FD13
FAFE
F5EF
F66E
FF4A
015B
FB81
FA6F
FA96
F757
F7F2
FB74
FE05
009B
FEC8
FAD0
FC49
FBF3
F804
FC34
01FB
FDA7
F88E
F7AA
F4BB
F3D4
F6BA
F54A
F21B
F4A0
F8E4
FBA9
FF0D
FEBC
F7F1
F27F
F196
F06C
F080
F3AA
F561
F76D
FC59
FC2F
F605
F364
F3B9
F223
F160
F0CB
ED96
EC57
EFAC
F3A1
F5FA
F7D6
FAFF
FD54
F899
EFF2
EE57
F18B
F0FD
F157
F5B5
F56C
F05C
EECF
F069
F26A
F495
F425
F38D
F64B
F55A
F065
F1D3
F5CD
F423
F478
F8AA
F7B0
F505
F670
F64E
F432
F439
F45B
F649
FC13
FE3C
FAE9
F8BD
F747
F596
F7F9
FB12
F938
F655
F588
F518
F752
FD4B
0106
FF8A
FCED
FB9F
FAEC
FC3C
FF60
FFDE
FDA3
FCA6
FC07
FB67
FDD8
00BE
00B5
005B
006D
012D
04CF
0776
0666
0585
02A7
FC20
FC04
04F4
0AF5
090B
0508
00FC
FBB6
FA3D
017C
0A6A
0CE4
0C75
0BFD
0932
0757
0834
0745
04D2
0374
02A3
0341
0532
075F
0A8B
0BD9
09C9
0990
0B5F
0B90
0C98
0EAD
0D0A
080D
049A
059C
0918
0B86
0E46
1189
1052
0C29
0ACD
0AAB
0A03
0AFE
0BBA
0A14
0903
09E5
0A0B
08DA
0862
07B2
05AC
0621
090D
0952
08D3
09B1
0802
0728
0A34
097F
0705
0AE0
0D5B
09CC
08F0
0938
05A4
053E
08DD
08CA
0687
0633
051F
02F8
039E
0699
0727
0451
0233
029B
0396
0383
01A7
0026
0203
03B2
022B
0243
0490
0487
038C
027C
FF6E
FDB0
FDEE
FCCC
FCEA
FF03
FFBE
0150
0307
0159
0100
01E1
FEE7
FF8F
0671
07DF
03E3
0134
FCE2
F905
FA17
FB09
FB68
FDA8
FCC9
FAB4
FD04
FDE6
FBE8
FE3B
0128
FEB6
FC67
FCC7
FC7B
FC65
FB3A
F6D6
F5F4
FA93
FCF1
FE12
00E3
FE8D
F9A9
FA97
FA9B
F6C3
F86D
FC1A
F9AA
F745
F982
FC2B
FC4A
FA9A
FB68
FE46
FD77
FD73
010E
FDFD
F715
F799
F8CA
F723
FACA
FE7C
FC5F
FA9B
F8A1
F618
F83E
F8FE
F6D5
FD0D
04C9
0045
F9ED
FA64
F8AB
F619
F8F7
F9E4
F791
F9C7
FCBC
FC23
FD37
FE23
FB04
F9F9
FC3F
FC7E
FC5F
FCF0
FACA
F878
F957
FAE2
FB01
F9E6
F947
FAA1
FB62
FC03
0165
0744
0682
0333
00C7
FCE8
FADF
FC6A
FCA6
FC5E
FD5D
FB86
F913
FB17
FDAF
FF04
0204
0301
FFB9
FD47
FCB5
FC25
FCA2
FCF4
FBB3
FACE
FADE
FC17
FEE5
0113
0274
0405
0268
FDDD
FC5D
FDAE
FDA6
FCF6
FBC8
F845
F5F5
F8FE
FDDC
003A
0139
002E
FB07
F76C
FABA
FF25
FF8D
FF3F
FEC2
FBAC
F8E4
F82E
F6C4
F643
F8C1
F91C
F6EB
F95E
FDB3
FC38
F995
FA7E
FAC2
FAE2
FC7E
FB7F
F996
FA64
FAA0
FA45
FC05
FDCB
FF0F
FFCF
FE00
FBFF
FB68
FA3E
FA73
FC6A
FCEE
FC8E
F9E5
F3CF
F1C2
F554
F796
FA6C
0010
0197
FF6C
FFC9
FFF2
FD7D
FC04
F973
F3D8
F3D4
FBFE
00D6
FF1B
FEA2
FE11
F9D6
F896
FC0A
FE00
FEAB
FFFA
FF58
FD68
FD83
FF58
FFDC
FE15
FCF7
FD4B
FC80
FC8E
FF09
FFDE
FF9C
003C
FDDA
FABD
FB74
FAC2
F944
FE22
0286
FF48
FC7E
FDC0
FE69
0084
051B
0589
0086
FD34
FF0D
0140
010F
036B
07DE
064C
005B
FDCB
FD5C
FCFF
FE27
FE14
FD27
FF40
00F1
00CC
0308
03C9
0023
000A
0449
0490
01C0
015D
017D
FFF6
FEF0
FDCA
FB58
FC95
032D
075E
06ED
073F
0685
0182
FC78
F9BA
F964
FC78
FF20
0012
03D7
0829
0884
070D
0511
02B5
00DD
FE1C
FC79
FE59
FF7F
FFA5
0142
006A
FEAD
01D0
04C4
02BC
FFCD
FDDF
FC9E
FC7F
FCBC
FEB0
028A
04C1
056F
0582
0360
0125
FFEC
FD0E
FB9E
FEC8
017E
013E
013E
013E
000D
FFB7
FF96
FD03
FA4A
FA89
FBC0
FCFF
FFDC
0149
FEEB
FD10
FD39
FD34
FE62
0010
FF4E
FF2D
0168
0183
FF46
FDF8
FD2B
FC7C
FC38
FB4E
FB6F
FE48
00D0
012E
009F
FF56
FE77
FF63
FFE7
FEBF
FD38
FAD7
F8C3
FA0E
FC12
FB76
FBE7
FEFA
004A
FFC0
00C0
0189
FF36
FC09
FB29
FC2D
FD94
FF06
003C
0073
FF4F
FE2C
FFA0
033E
055D
0586
05A1
0457
0133
FF0E
FE24
FD78
FDCB
FDB4
FD03
FFD8
054E
07A5
0743
0748
0604
0270
FE8F
FB6F
FB33
FF8C
03FB
04E5
05C2
07AF
0801
082F
08A0
05FB
01FB
FFF0
FE54
FD5C
FE97
003A
0212
04A7
05AC
0561
0568
0463
02CC
024A
01F2
0256
03CC
03A4
0296
02E3
0308
0403
0700
0643
00C2
FD14
FA43
F6AD
FA3A
0310
04EF
0204
01A9
0029
FEEF
0348
0628
0315
FFEC
FD87
FB6E
FC5D
FD21
FBE7
FCFD
FFF6
0212
0363
0380
0357
018F
FA11
F268
F237
F54C
F7F6
FBD8
FE6C
FE1E
FCCC
FAF3
FA7B
FB8A
FAD2
F912
F6BD
F2CF
F2DB
F831
FAEC
FAB8
FBCB
FB75
F92B
F873
F98F
FB7A
FC31
FA57
F8E9
F87D
F744
F7B8
F9DC
FA35
F983
F7F8
F45B
F1E2
F26E
F540
FA47
FCC0
F9A1
F735
F74C
F4E3
F236
F394
F624
F6AF
F5D7
F57E
F6B9
F87F
F912
F73E
F403
F36F
F5A1
F6AA
F769
F943
FA31
FB75
FC76
F98B
F6B8
F6ED
F53F
F338
F562
F898
FB00
FCFD
FD5F
FE4D
FF10
FC10
FA6E
FD46
FE20
FC6B
FB52
F879
F554
F63F
F992
FC94
FE4C
FE21
FE02
FF04
FF58
FEE6
FF29
FF7E
FD9D
FAB1
FB07
FC9D
FB61
FC4E
007B
FFBD
FC50
FDB1
0080
0286
04DC
0281
FCAC
FB64
FD8B
FF72
0275
052B
048B
007E
FBED
FBA3
FE56
FE99
FDB5
FD82
FD45
004F
04AE
041C
02AB
024E
FCE7
F85B
FCDD
031D
0593
068C
04F2
0251
01AD
0051
FF8B
021F
030B
0116
FFC5
FD4F
FB25
FD80
FF5A
FD1C
FC82
FF2C
01D3
04B7
0784
075F
0446
00F5
FF69
FF96
00BD
034F
06FE
0915
077F
0372
0050
FFE6
0078
0097
016F
0313
0424
04F2
0603
062A
04CC
03C8
0518
06A7
04F5
023F
0279
0374
0400
084C
0D73
0AB3
0316
FFC1
FED1
FD22
FFBE
0551
0632
0456
0526
0720
09CB
0D80
0D1F
07B1
0368
0184
0040
01F0
0590
06EE
07F5
0A3B
0959
05DD
0572
0781
085A
07AE
0595
03FA
067B
0A91
0BB9
0BC6
0C23
0AB3
0821
0633
0582
06E8
08E4
09F1
0BB9
0D42
0BAF
084F
05A0
04F0
0698
080E
08B4
0AB4
0AC1
0604
0299
03F2
0597
065F
088A
0AB7
0A6C
07EF
0594
0487
03AB
02F8
0204
FEF9
FD5E
00A0
0331
02FE
0438
0344
FD9D
FA7F
FAF1
FAF3
FD47
0166
025D
022D
02A3
00D9
FE73
FE25
FDEC
FC85
FA7B
F8A4
F8CF
FA3B
FADF
FB4A
FB28
F990
F794
F56F
F505
F928
FD15
FB2A
F6D7
F3F6
F27F
F456
F94D
FC3E
FB3E
F939
F77E
F5E1
F5A4
F66B
F59A
F340
F1FA
F272
F37C
F50C
F7D9
FA9E
FA77
F718
F3F4
F3CC
F53A
F5CA
F62B
F715
F668
F474
F4EA
F736
F7E4
F7EA
F775
F32C
EED0
F0EF
F61A
F978
FB22
F9C9
F6F2
F601
F501
F518
F8F7
FB09
F9D9
FA81
F9FE
F6A9
F797
FB72
FB72
FA97
FB6B
FA99
FA8E
FE16
00A0
0062
FFE3
FEFF
FDFD
FEB0
0049
00E2
0066
FFA4
FED7
FE21
FE6E
0051
030F
0538
061D
0610
0479
025A
0330
0594
05E3
05F9
065E
04F7
0446
0541
04E9
0486
05FE
073B
0836
0A06
0B23
0C0E
0E09
0DC0
09AB
0623
05D9
0782
090D
096B
0A45
0C7E
0DB8
0D3F
0BFA
0A5D
09B8
0919
06CA
0555
0612
0748
095E
0BAE
0C60
0D8D
0FAA
0E6C
09D5
06C0
065D
0653
060A
07DB
0CF4
1078
0D88
0830
05C1
049C
033D
0316
0407
058B
0793
0900
091B
08A8
0791
0381
FDCF
FD6C
0297
0678
08C1
0A20
0642
FFFE
FD85
FDEC
00B0
052E
067B
04DC
02E6
FEE7
FC02
FEBC
02C4
03D4
0306
0136
0016
01BF
0510
0735
0530
FF8D
FB4B
F94B
F87D
FC87
02DE
037C
00A3
FECF
FBEF
FB13
FFD9
0473
0448
0043
FA74
F6D9
F65E
F74A
FBD3
023C
038E
0120
0076
00C3
01B9
0439
0310
FC31
F6C4
F65F
F80D
FA74
FD1C
0004
0365
03A2
FFBA
FCF6
FC99
FB96
F9AF
F801
F883
FC94
00DC
0293
03B0
043C
01FF
FF65
FF4D
FED3
FCA7
FBA2
FB68
FB6B
FE32
0248
03EC
03CD
040A
0404
0277
015B
02AC
02D8
FF95
FCF7
FC6C
FBEE
FCC2
FFA9
024A
036B
02B8
00D5
00C2
02B8
0346
0280
01E2
FFC2
FD8D
FE72
003A
0100
01D2
01DA
0103
011A
02FF
0619
0720
041D
FF74
FB68
FAC4
FEBC
01B9
0117
0078
FFA3
FF14
0266
0542
0199
FB25
F6E4
F4C8
F4FE
F845
FD87
01E5
022A
FF19
FC5C
FB45
FD31
01A9
019E
FBD6
F88F
F85F
F7BC
FA17
FDCF
FD41
FC03
FC43
FA71
F95F
FB2B
FB63
FAED
FBE4
F9B5
F5B2
F6BA
FAA8
FD26
0040
02A2
FFFF
FA53
F644
F5E3
F7F8
F8B6
F7B2
F754
F711
F73F
F9A4
FC3C
FD3B
FD68
FC48
FA06
F8D2
F9C4
FBBA
FC9F
FC21
FBCB
FC50
FD3A
FD7D
FD16
FD8A
FE0F
FC9E
FAD3
FB5A
FDAE
FF2A
FECD
FE9D
FF86
FFE2
FF35
FEA7
FF33
0082
011A
0122
01AF
01D3
0115
0162
038F
0572
0597
04C9
0310
015E
01B6
0258
02C0
0593
07C7
0689
05C7
05B2
0460
059D
092A
092C
0692
0594
04E2
04A1
0774
0A2A
0A6C
0B01
0B38
0AC0
0C34
0DD2
0DF0
0C4E
07C2
04D8
0601
0706
09D3
0EA9
0EAA
0CC1
0E3F
0E5F
0CEE
0E11
0D70
0899
05CF
073A
094C
0B4F
0D89
0EBE
0EE2
0E54
0CD5
0A7E
08D2
09A0
0AC3
0A1A
0ABF
0CE8
0D02
0BDC
0B1B
0A29
0909
07DB
06E2
05E1
053F
0624
0592
025A
0075
FE2A
F9C3
F955
FDBE
017E
031C
0345
0258
00ED
FF07
FDCD
FEBF
00E0
022C
01EA
00AD
FFD6
0023
0006
FEA6
FDAC
FD57
FD08
FD7A
FEBC
00D9
02B1
0166
FDE7
FB75
FAF7
FBA6
FB6B
FA50
FA9A
FB37
FB24
FC1A
FE63
FFD7
FD3A
F789
F3ED
F381
F571
F92E
FC0F
FE77
0031
FDFF
FBC2
FD9A
FF65
FF67
FEBD
FC3B
F98A
F963
FAC5
FC46
FCF5
FBBB
FA63
FB13
FC5F
FDDD
FFA6
FF08
FCCA
FADE
F7D7
F6CA
FA1C
FCE3
FD11
FBC5
F978
F76F
F558
F5A8
F9C8
FA8D
F772
F6C1
F5BE
F2A0
F30C
F8D1
FFBF
0238
FFD0
FCF2
FAD1
F995
F9CC
F975
F854
F74F
F622
F659
F8E1
FBE8
FD70
FCD2
FB4E
F9F4
F8E7
F96C
FB82
FB8A
F7D2
F527
F618
F714
F8F3
FC57
FC9E
FC07
FBC5
F766
F529
F888
F9F5
FAF1
FCCC
FA5E
F81F
F927
F939
F955
F96C
F794
F7A7
FB69
FF5A
004A
FD25
F857
F540
F30E
F091
F1C9
F75B
FA66
FA17
FA5F
F956
F70B
F5BA
F3E7
F38F
F673
F8CF
F983
FA27
FAEE
FA4A
F6A5
F35A
F39F
F582
F7B5
F951
F950
F830
F5B8
F431
F61B
F87F
FA1B
FC05
FC47
FAF6
FB5D
FE2D
00D3
01B9
020E
021D
01CD
0219
0170
FF26
FDC3
FCDD
FAD1
F9D7
FCA3
0118
02B6
0237
01C8
FFF3
FF22
0183
01E8
FFF3
0051
011D
00C3
027B
0554
0692
07CA
08CE
071A
0598
0746
08AD
0923
0C9A
110E
1104
0E07
0D32
0DFB
0D7B
0C53
0AC3
08AB
0952
0D33
0FCC
104C
119F
11E6
0DB3
08DE
07F8
08B1
08F9
0922
0856
0745
0752
0910
0C5A
0E6D
0E7F
0E0E
0C61
0BAF
0DA0
0D1D
0A62
0B2E
0D28
0D09
0F7E
14E6
168A
14C6
134C
0FA7
0BF7
0D91
1021
0EE5
0BFD
0993
083A
07BF
099C
0E3A
1200
1604
190C
1383
0BED
0ABD
0794
01AC
014E
02BD
021E
037A
0712
0A07
0B4C
096D
04CD
03BE
0879
0BB4
0B22
09CF
0683
00F4
FB0A
F9DD
01E6
0922
07EF
06D4
071F
03F0
FF8B
F9CF
F336
F046
F101
F38C
F803
FF9B
06C1
0426
F9DA
F37C
F1FA
F122
F2E6
F712
F6E9
F23F
F189
F33A
F2EC
F61F
F873
F480
F506
F9FC
F975
F5F0
F20B
EA59
DE7E
D84D
E35B
F4D5
FDBF
0255
019D
F8F3
F1F4
ED0A
E7EB
E8A9
EC7F
EC8E
EA0E
E89E
EA6F
F04F
F7C8
FB22
F9E6
F850
F4B2
EFF6
EEE7
EEF4
EE20
EB20
E51E
E448
EA78
F2C6
FD1E
0197
FA7F
F06A
E8ED
E4C9
E48F
EB30
F9EF
0028
F567
EC6B
EAE3
E861
E9DF
F18F
F705
F6CF
F530
F550
F543
F57A
F553
F15F
EF96
F2F4
F457
F4BB
F760
F8DD
F752
F3AD
F230
F52C
F98F
FE39
00E8
FF85
FD70
FC0F
FB33
FAD1
F9CC
F9BC
F9E9
F8E6
F901
FA5A
FEB2
0520
0702
07C2
0961
0524
00A1
0135
0117
015B
02F5
02B7
04F1
0997
0914
061A
07C4
0986
07E5
098E
0C06
0894
06A0
08AE
07D9
079E
0A26
0A83
0C59
12D0
1601
1190
0CD2
0C77
0B8A
0994
0A2C
0A4B
0A18
0D3F
1069
1193
132A
146B
1343
0F72
0BB4
0B90
0D51
0D67
0CCF
0D7F
0DD1
0D3F
0E88
10A6
117B
130A
13C3
107F
0BAB
080E
06FF
0812
08B5
0997
0B63
0D2D
0FE9
1099
0D05
0AB3
0B2D
0A30
0732
03F9
02AB
0560
09BD
0B71
0BDF
0E00
0E3A
09D9
04EA
02FB
0494
0708
0754
0794
080A
06CC
06BF
0908
0C67
0F30
0D3C
07FA
029C
FDD9
002E
0845
0AD8
091A
083A
0544
00F8
FF35
FFAF
0029
FFE6
FF87
FF28
0012
017F
0008
FE72
FF37
FEB7
FD7B
FED2
02AC
0532
01BD
FBA8
F862
F771
F8B9
FB1A
FD82
0088
00B5
FE83
FD6A
FC0F
FC49
FE09
FCD5
F9DB
F622
F3BC
F571
F69F
F856
FCC5
FC40
F946
FA95
FA86
F7BD
F668
F397
EDBB
EBA3
F0B7
F67C
F9C8
FBDC
FA11
F640
F282
EDD0
EF0B
F53D
F713
F85F
FA73
F868
F80A
FBE7
FD8B
FA6B
F5A9
F32D
F1C8
F14E
F49C
F83A
F9D6
F9FD
F7AE
F758
F881
F55C
F308
F4A5
F511
F4CD
F6AA
F9EC
FC0B
FCCF
FDE2
FCB0
FA12
F9F6
F969
F8B2
F96C
F700
F463
F7A7
FDD8
01CF
0195
FF87
FC9B
F794
F58D
F835
FAEA
FD97
FF18
FE2F
FE52
0123
0660
08BE
03B4
FE6B
FAC8
F4C8
F49F
FD37
022F
FFD8
FE81
FF0A
FE20
0332
0F0E
1203
0A13
0234
FB45
F7A0
FBF8
0241
03FB
020C
0063
0042
011B
0645
0D80
0E35
083D
FFCC
F9DE
FBB6
00F1
0521
0A3F
0AB2
0107
F7AB
FB1C
054A
09DE
0B16
0A3C
0153
F8E1
FAEC
0154
067E
0826
03F3
0076
0460
09EA
09CD
0799
060E
0000
F932
FAD5
027C
09D9
0C08
0766
0215
FEC7
FED3
0611
0C0E
08B5
0286
FDEA
FB62
FD2A
01F5
06C5
0769
019B
FB9E
FA6E
FAE6
FDA0
056B
0817
FF06
F960
FD11
FEE3
016C
0750
07AC
043D
FF8C
F864
F6C6
FA54
FB2F
FD57
037A
0759
067C
0392
0146
0080
003B
FEB1
FD30
FDC4
FD9C
FD55
0008
0143
0156
0445
0341
FD42
FBD7
FE59
FDD8
FBDD
FD6C
FEBD
FA1A
F661
F8CD
FB08
FCBE
0125
0311
FFB5
FD34
FF26
FFC4
FDEB
FFD9
0085
FC82
FDF3
00F4
FB97
F738
F913
F9CD
FA71
FD18
FC3C
F988
FBD9
FF59
FEF5
FE51
FC99
F813
F61A
F611
F613
F86F
F8AF
F727
FB08
FF57
FE2B
FCF9
FDCA
FC80
F9C8
F904
F953
FB6F
0154
0395
FE9F
FAFC
F984
F84D
FC96
016A
FE79
F9A9
F8B7
F87C
F90B
FCDE
FEA5
FAB7
F8A7
FABF
FB59
FC7E
FF68
FF07
FC10
F97E
F71E
F5F2
F795
FB46
FE0C
FEF9
FEFB
FD9F
FD40
FF57
007A
0041
FE46
FAC1
FC34
00C2
0108
012D
021A
FE02
FB91
0072
02F6
0096
01B7
030F
FEFA
FCC5
FE7E
FFC1
0344
06E0
04D1
0101
FF10
FE9F
FFE7
00B7
0051
001D
0106
03E0
0567
04A2
05CE
05C9
01B3
009E
03F0
05A5
063A
07BE
0579
FEC8
FCAA
01B6
06A2
0985
0B4D
0774
FE6B
F969
FC98
02AC
075E
098F
0900
09B7
0A4B
0364
FCDF
FFB8
01D2
00CE
0592
0ADD
0AF7
0B6F
0C83
0B79
0A55
076B
01CD
011F
05D1
0628
037D
03A8
0304
0395
07A6
05BE
004D
02BA
0713
0728
0894
08E1
0559
0658
09D4
06C8
0484
0811
07EF
05C7
0816
0824
0573
06B7
0906
0A17
0AA9
073F
02AC
03CB
078D
0868
07DA
076C
0550
01FB
0046
0270
07F5
0B93
0A5B
0778
0398
FF86
FFCD
02AB
039B
0350
020C
015F
04AE
0870
07C6
0401
FF7A
FCD5
FDB9
FE9A
00C0
09C0
0EFE
04F4
FAED
FC2B
FC46
FC00
0396
061E
FF4E
FCAD
FCAA
FA1F
FB5C
FC85
F7E3
F692
FAA5
FCC6
FF5A
0375
03DA
02D2
0125
FB38
F6D6
F849
FA62
FBBD
FC6D
FABA
F9DB
FAE3
FADF
FBA2
FDF6
FE1F
FCF0
FDDA
FEDF
FBFF
F66E
F2EC
F24C
F260
F520
FB74
FF61
FF0D
FE41
FB32
F611
F568
F69E
F3B6
F1E7
F4E6
F82A
F9E7
FAF5
FB91
FC24
FA92
F640
F413
F6BC
FB30
FE53
0023
0147
FF6E
F9C2
F656
F829
FA79
FC6B
FE28
FA6D
F458
F4C3
F7BA
F7A0
F973
FC9E
FA91
F729
F7F1
F856
F631
F682
F8F5
F98F
FA55
FD4B
FF63
FFBE
003A
FFBF
FCD9
FA40
FB5B
FE28
FE94
FE2B
FEE3
FDD9
FCE0
0048
030E
01E7
0208
0248
FF97
FF0D
00CC
00AE
01D3
04E0
0522
03C4
0446
05EA
06A2
055A
0349
02A2
0353
0402
03A9
0285
0206
01DE
01D9
040E
0736
0818
0866
0952
08C8
0826
08B6
08B8
09D2
0CA8
0D16
0B7D
0AF9
0997
0628
03DB
0466
05EF
06F8
0885
0ADD
0CE0
0E88
0ED8
0D4B
0CA4
0D5D
0E3B
1020
0FE6
0A6F
0615
0715
086A
0976
0CCD
0D09
07A0
0425
05A3
0815
0A6A
0C58
0C24
0B37
0B35
0A86
091F
0913
08B8
0641
04D2
0455
0347
0738
0EA7
0FAD
0CD0
0AA2
042D
FE24
002C
0385
03E0
03AE
010B
FF14
0250
04B9
049D
06BC
075F
04CE
0444
049C
048C
05B8
03DD
FF9A
FEE0
FE8D
FE2E
03A3
07F2
0274
FBB3
FB4B
FBD9
FC25
00F1
054F
0201
FBE8
F932
F873
F924
FC45
0020
028E
0230
FF80
FCF1
FBAE
FB03
F9C1
F877
F915
F9A9
F7EF
F74D
F89F
F891
F948
FCD3
FE11
FAC1
F6CB
F4C4
F559
F787
F8FB
FA76
FCB1
FD18
FB51
F90D
F68C
F41E
F23E
F223
F3E2
F4A1
F53E
F806
F9D4
FA22
FA75
F787
F2E8
F1ED
F31C
F503
F83F
FA0A
FA7A
FB70
FA09
F65D
F55B
F675
F680
F641
F3FC
EECC
EF30
F795
FD65
FE27
FE7B
FB0C
F5BA
F79B
FC64
FBBD
F9CE
F8B5
F4F8
F30F
F797
FF15
0555
06AC
02CE
FED3
FA9E
F4A9
F3B5
F9CE
FF5E
00C0
FFAC
FE50
FFC8
0394
0392
FF15
FD9F
FFAF
FFA2
0012
0344
0516
0653
070F
03EC
0155
0241
032A
04E6
056D
0064
FC75
FE26
0038
0237
045B
03CD
04E6
08E6
08F9
068E
05B8
0396
0153
011B
004B
00EE
04BB
071C
06F4
058A
02AD
01F3
04EE
060E
039B
0201
00FE
FF66
0258
08CB
0A8E
0920
0907
0772
04EB
02F0
FF3A
FE0D
0291
0604
05E0
05C3
05EA
0567
03EA
0257
0282
0228
00B7
01F3
030A
0166
0151
FFE1
FAB4
FA84
FE9C
FF67
00C2
0268
FE5E
FB4A
FDEC
FFC5
0080
02D6
0351
00AF
FCD6
F9F1
FB45
FE14
FD31
FCEE
FFA6
FE6F
FBA6
FF35
0340
020C
0107
00A2
FEB2
FF1B
FFFF
FD66
FC3D
FD20
FB71
FB8A
FF1D
FE12
F9BA
F9AD
FAC5
FA76
FD03
FF87
FF0D
00DF
02C9
FF9D
FDFD
FFDD
FF75
004E
017E
FB1A
F640
FB67
0026
02C3
08A5
09F4
0451
FF4C
FBA1
FA4D
FCB1
FDAD
FD3E
FE6F
FF33
0025
0157
FFD0
FEA4
FFA4
FF56
003C
0520
0865
0611
0186
FE2F
FB03
F8A0
FB7B
00ED
02AB
0390
0485
0171
FF78
012A
0084
008A
039A
02F5
0119
024B
0181
003A
01CB
01AE
00FC
024C
019E
00BE
01F9
FF79
FA30
F934
FBE4
FF76
0321
04A1
04AC
051E
03B9
00BE
FF70
FF08
FEA5
FFA9
0018
FEB8
FF28
01E1
036E
03DF
041C
0254
FF37
FE92
00DE
0298
0215
0102
FFDB
FDCB
FC1B
FC86
FF30
02BF
03B5
0137
FF73
FF5B
FEE5
FFE6
026F
02CA
0121
FF42
FDC9
FE9B
00A3
00EF
0124
018D
FFAE
FE62
FFEA
00EE
01B3
0387
02C8
00BB
01D7
02BC
01F8
03D1
04DF
0219
01D4
037F
01C3
009D
0094
FC66
F871
F97C
FC8B
00B7
0461
0529
0715
09D0
06C0
FFC6
FB86
FAFB
FB88
FC55
0029
04E3
03A0
0132
03EE
042F
01CB
04E2
06BF
02CF
01A2
021A
FFAA
FF2F
FFB7
FE47
0113
0843
0B0B
0867
0637
052E
0246
FF7E
0032
01D0
02E8
05CB
087D
08F9
07AD
0187
F94D
F895
FDD9
0159
039E
062E
072F
061D
038A
0212
035E
0474
04A5
0513
0338
00BE
02FC
0765
0882
06ED
04A0
0192
FDF8
FB8F
FCF0
0169
0475
047F
0448
04C5
040A
0275
02CE
0447
03AC
0251
0237
0147
004E
01ED
029F
00A7
0075
0100
FF40
FFCD
0384
0466
033B
034B
024A
00B7
0056
FE31
FC13
FEF9
034B
04DD
0634
0774
06B8
0527
028F
FED7
FD24
FD61
FD25
FDE1
0050
0241
0358
02A3
FEDA
FC1A
FCD9
FD49
FE76
0364
064F
0443
029F
01CE
00CF
0224
01EC
FE6E
FF6C
0389
02E9
010F
01C7
0212
0213
016B
0003
0264
0584
0380
0110
FFB1
FB9F
FAB4
0095
0663
0912
090A
0542
FFE2
FB25
F8A4
FAD9
FF17
01D0
0399
0356
0291
0582
0835
06E1
0451
FFE1
FA4D
F7EE
F761
F9E3
0221
06DD
0458
0360
02CA
FF7B
0024
0190
FCC9
F8FB
F93C
F81B
F964
FF74
02CF
0323
049D
037F
FF36
FD95
FDEC
FD75
FE75
FFAE
FE42
FD48
FE11
FE94
FFD1
010E
0062
FFAE
FE45
FB4D
FA57
F97C
F619
F632
FA97
FD66
FE8F
FDF3
FAD7
F949
F841
F5A2
F760
FD12
FF30
FE87
FE33
FCAF
FAF3
FB94
FDA2
FDC3
FB6D
FA60
FAEF
FB9F
FF26
018A
FC3F
F738
F856
F917
FB58
01A5
02B3
FEC6
FD95
FC18
FA3E
FD1B
001F
003C
004E
FCEA
F6F8
F7BD
FD33
FF6E
00A6
00B3
FA77
F4E0
F7EB
FD38
005F
036A
02B0
FEE6
FEE7
0009
000A
0342
0489
0005
FE5C
FFC0
FED5
0149
06CF
062A
018C
FE5D
FAAD
F9A1
FFA0
0599
0475
0086
FE5F
FBFD
FB5F
005B
0404
00BE
FDA3
FD1E
FBA2
FDF0
03C4
034E
FE00
FB8E
FAE3
FB5A
FFB4
05F1
0901
057B
FE57
FAB7
FAE8
FBDC
FEC5
01A5
008E
FCE7
F8D6
F721
FA98
FF41
025D
05AB
0496
FDA4
F9F9
FB6F
FC44
FC9A
FC91
FAF4
FB70
FE77
FFE6
0010
0002
FDD5
FAB4
FA2E
FC5A
FE76
FF55
FFAB
FE9E
FB5A
F8AF
F980
FD25
0122
0285
00B1
FE84
FD09
FB06
FA1A
FB93
FC46
FAB2
FA04
FAC9
FA34
FA46
FEAD
037D
0361
0064
FE71
FDB9
FBD9
F795
F5CA
FAD5
00A5
0183
01B7
03BA
03C4
00C9
FD54
FBA3
FB6B
FA72
FA39
FD16
FF4A
FF2F
00F2
039C
03A4
033D
0333
017F
0052
007B
FF07
FD83
FE0C
FE11
FECE
031A
0668
0659
0768
08B7
06FF
0547
03BF
FEE1
FA48
FA6E
FCE6
0024
0436
0668
0743
09E0
0AE1
068E
0212
01BE
01DE
00CD
018F
040E
0652
0711
04AE
0196
01E9
03B3
0503
07E3
09DA
071F
036F
02FD
03CD
04BC
08EB
0EC3
0E3C
076A
035E
026D
FFC8
FF65
0370
06A0
07B1
07C8
06F5
0734
0668
01B7
FEDD
00D9
0291
02C5
0313
033F
03E3
033C
0009
FF5D
02A1
04C7
0510
0458
015C
0003
0360
0558
0335
0238
019F
FD9A
FAC4
FCED
00DC
0420
044D
00A3
FEA2
FE71
FC80
FF40
06B4
06CA
0178
FEFE
FB20
F75D
FA35
FDE8
FECA
FEF6
FB7F
F7C3
F902
F9F7
FBEF
0319
045E
FC1A
F6EB
F6B6
F70F
FBC8
02E2
0498
016A
FD40
FA5D
FAC1
FBC2
FA42
F9E9
FC73
FDA0
FD58
FE0C
FD73
FB84
FAD1
F8C4
F5D1
F777
FB32
FCE9
FEC1
FEB2
FC1D
FCF4
FE2B
FBB5
FC6E
FEB5
FBFE
FB11
FD27
FA92
F8B6
FC06
FCC4
FC2A
FF49
FF73
FA0A
F6B5
F854
FBA5
FDF9
FEBE
FF86
0011
FDA2
FA30
FAE3
FE4E
FF6A
FF1B
0018
005B
FE3B
FB06
F866
F88D
FA57
F9D1
F991
FD34
010B
03EE
0718
0693
0299
FF0D
FA9C
F835
FC69
00DE
0170
0179
FF62
FC8B
FF09
024E
00CC
FEEB
FE13
FC89
FC55
FD31
FF5B
04C7
07B9
03F2
FFAE
FDA8
FBF0
FD72
0165
01EE
FF94
FCF9
FA66
FB01
FFA2
0498
0836
0748
0005
FACF
FC37
FE21
00B2
05A1
051E
FF07
FC74
FD12
FDD1
00A0
0299
00D3
FE8E
FCE2
FC90
FF97
0206
017D
0153
FF5C
FA3D
F9CF
FF91
03F1
054C
04DE
0137
FD89
FDF2
0037
01CE
021D
FF9A
FBCE
FAAA
FC31
FE4A
004E
018B
0142
FFC9
FE7E
FEC2
FF81
FF50
FFF2
0127
FFBA
FE41
009D
0266
00B8
0057
01E2
01A9
014F
02CA
0340
019E
004E
0079
00FD
0108
01FD
03CA
0393
02BB
0493
0584
02E6
013F
018E
00CE
FFA0
FEC2
FE66
000B
01B4
017C
01D1
02D0
02FA
0287
0016
FD25
FD8C
FE10
FD3E
010E
06E5
06F0
044D
0380
0233
00BA
00AA
00B8
025C
05D9
05F0
0299
01A8
028D
025C
03D9
0600
0342
FE84
FD90
FE3D
FE42
FF3E
016B
0426
0513
0267
0097
013B
0041
0035
0280
0019
FB23
FBF7
FF6E
0185
0446
04F8
01C9
FF4F
FF06
FFE6
01FB
0307
0202
00D3
FFC2
FF8C
01A2
03BF
03C6
025C
FE5E
F896
F799
FCF5
0141
0176
00FE
FFDF
FE9F
00DB
031A
0098
FE4F
FEF3
FE07
FC7D
FD4A
FE90
0015
018B
009F
FF2A
FDF2
FB34
FAE9
FE64
000C
FFDA
FF3B
FC12
FA34
FB8B
FB52
FC76
0139
0219
FFBD
FFB4
FF1F
FECC
00DE
FFCA
FD2E
FD61
FABB
F6B0
F920
FDF0
002E
0139
FF85
FCBB
FCD4
FD93
FF85
0466
058A
0102
FDFF
FD5C
FC6E
FE3E
0260
020B
FD15
FA51
FADF
FBDF
FE17
010D
032A
05C9
062C
0198
FE2B
FE1C
FD36
FD6C
FF51
FEE2
FE35
FECE
FE5A
FEC6
FFB6
FDE4
FBFA
FC64
FE12
00D4
0331
048C
056F
0373
FEFA
FB5C
F9D2
FC06
FFB7
0061
0095
FF6A
F997
F862
FE95
01A6
02B2
04A5
00A8
FABE
F9A5
F92F
FA68
FEDF
002C
FF58
0015
FF69
FE8C
FFBF
0073
005C
FF32
FCC6
FD00
FFB3
0189
02F9
02A3
FF59
FD08
FC74
FBED
FD4F
FF5B
FE55
FC5B
FBFE
FB81
FBF0
FF91
026C
01E3
021B
02E7
00DC
FF1C
FE3A
FA8E
F8B5
FBF4
FE60
FF29
00E8
01E5
0308
0422
029F
0269
03D4
020B
014C
0222
FD0A
F915
FECE
040F
036E
0338
01F2
FDF8
FCF4
FE27
FD1C
FBF3
FD58
0022
02A4
0397
026E
FFDA
FDDF
FE82
0097
019D
01AB
00F3
FFB6
00A8
0366
03F9
0315
02CE
011F
FF3C
0088
01BD
0028
FF95
00BA
00EF
01AB
036C
0303
015C
01DA
0304
028B
0215
0196
FE03
F97E
F99A
FD06
FF66
01B6
043A
03F9
026E
025A
0219
0114
0044
FE5D
FBC0
FAD5
FC76
0086
0410
0375
0185
0087
FD40
FA92
FDAB
0179
0145
FFD5
FE20
FD16
FEED
013B
02B6
03EC
01BD
FDCD
FD12
FD43
FDBB
00F8
02A6
0195
01B4
0000
FCF0
FEF0
009C
FB21
F5C3
F60B
F8F6
FD96
0389
08DE
0DBE
0FE5
0A18
FF3B
F8D6
F6B9
F303
F3B5
FCE7
0221
FED1
FC66
FB16
F8F4
F9BF
F948
F7F0
FE0E
03CB
01C7
02AB
0636
038E
FF22
F9CD
F28B
F3A8
FA6D
FBD2
FF48
062F
0208
F6F5
F4B1
FA15
FFA6
0409
0629
043F
FFE4
FE04
FEDE
FD98
FC46
FD37
FA94
F79E
FB67
FDD2
FBF0
FE7E
0152
FF37
0009
038B
034B
0186
FF7C
FC90
FB47
FA04
F792
F90F
01C6
0E06
1436
1010
0A03
04EA
FB02
F27B
F3BA
F9C0
FEF0
01C1
027D
050C
07B3
06DC
069D
0662
0336
0170
FF77
FC59
018A
0A58
09B3
05BD
0497
0065
FCB3
FF82
033C
03A1
0278
0146
0152
0316
06D9
0BCE
0D41
08E8
02B6
FE12
FBAE
FC4D
0070
0663
09E9
08C0
0564
02CB
0212
0368
063A
0966
0963
03DD
FE6D
FDFE
FEE2
FE94
FEA2
FEEF
0025
031D
0641
08BE
0989
0866
087D
087A
0411
FF51
FECF
FEE0
FD5B
FC53
FBCD
FBF3
FE0F
014B
044A
063F
051C
0057
FBAF
FA36
FA9B
FBB4
FDDC
FFA0
0090
0240
038F
0341
02B1
0104
FD8C
FC08
FDAD
FED0
FE50
FE37
FEE3
FE9E
FCD7
FC17
FE36
00D3
01E4
01BF
FF44
FB37
F9D1
FA28
F8AB
F8A5
FC92
0025
0183
0187
0014
FF1B
FD46
F78E
F571
FC40
022C
022E
0196
FFB7
FBA4
FACC
FD94
0059
02D8
03FF
01D3
FE22
FBEB
FAFF
FA0F
FA23
FB7D
FCCA
FFC8
0494
06A8
0561
0226
FD23
FB3C
FDA9
FF7F
02D3
05EC
FF7B
F73E
F965
FDFB
008B
0847
0F60
0C69
04D9
FFB4
FC71
FAAE
FB06
FBDD
FE01
047A
09AA
0718
0486
059B
01E4
FD9A
00D1
0538
08A3
0BEF
09A0
05D4
0255
F82D
F393
FDD7
0535
05C3
099B
096D
045D
0318
FFAB
FB33
FFA7
0524
056F
0786
0850
0274
FD3E
FEAF
0406
0838
0A00
0C2F
0D6D
091E
0082
F912
F7B0
FC12
FFDF
02A8
08F7
0E45
0D1B
0879
02D6
FE03
FCA7
FCC9
FE52
041E
0A35
0BF7
0ACD
07F4
0462
01CD
008C
021F
0557
0479
FFD4
FC46
FA0B
FAC9
020B
0AF6
0DEF
0B99
0791
027E
FEDB
FFF2
0135
FCFB
F8D1
FA01
FBDE
FE4A
04A2
07B6
0286
FC37
F9BB
FB00
002D
066D
0A69
0A17
0390
FB46
F81D
FA12
FF3E
057C
08F4
0991
069F
FEFA
FA90
FD7C
0022
0092
0076
FDF0
FF67
0831
0CA8
09E6
0785
0250
F891
F587
FD3C
05D9
078C
0437
0108
FF29
FE7B
00BE
0430
0530
03F4
0059
FB3A
FB8E
039D
0B18
0CF9
0BF4
0969
0618
03FE
00F7
FBA7
F944
FBC1
FF8F
046E
09A2
0B20
07E9
0110
FB64
FD88
023C
03A3
0793
07DC
FB9E
F556
FED3
058F
0792
0C84
0991
0105
0083
FFB6
FA19
FB12
FE89
FCB9
FCEC
0113
0464
0742
07E9
043E
FF32
F9B7
F569
F870
024A
08DF
06EF
01B9
FCEE
F805
F852
001F
04FD
02DC
005E
FD02
F916
FAC1
FD1F
FB09
FBA2
FE59
FD2B
FDC0
0258
0435
0351
00E7
FAB4
F56B
F65D
FAFE
009B
04F8
02E3
FA09
F265
F2F2
FA3B
01BB
0537
040B
FE92
F6E3
F2FD
F7AD
FFA7
029C
0309
0429
0112
FCED
FF29
014F
FE53
FB97
F84D
F541
FAA5
0393
05C8
036B
FE2B
F685
F4A3
F9B8
FEED
0357
0590
01B5
FBD6
FA01
FC3C
00B3
04A6
048A
00B4
FC9B
FA35
FA49
FD5B
0046
FF89
FEC2
00C8
0182
01BA
03F5
01C9
FB31
F932
FA43
FB1C
006C
0597
0416
03B7
066C
02AA
FB8A
FA9F
FC1B
FB27
FC04
FDA8
FAC4
F8E4
FD85
0129
0146
04C0
06F4
00B5
FB55
FD27
FE19
FCCB
FF04
01A5
0074
FF3E
FFD7
FEEB
FCAC
FBD9
FB8D
FAF2
FC29
FF12
0140
01D6
0136
00C1
FFF0
FB84
F68C
F7A9
FC68
00EB
06BD
0A86
0840
028B
FA52
F2E9
F431
FA78
FDA0
007D
02CF
FF5D
FB4C
FC55
FF66
022B
035C
01C1
FFA3
FCE1
F8FC
F8CF
FC3A
FDF0
FF32
015F
00C8
FEC4
FF6C
00E2
006A
FEA7
FC6E
FB62
FE0C
02A3
041D
0293
0136
FEDF
FC94
FFB4
04F6
04AE
0128
FE4D
FAA9
F7E8
F85A
FAC4
FEDD
026D
0219
0079
00AA
0231
0491
046F
FF34
FA3C
F98E
FAA0
FC79
FEA4
FE2A
FBDA
FBF3
FF0C
01FD
02DF
0258
00D3
FE93
FCBF
FB75
FB74
FE8C
020D
02CB
0357
0496
03CD
01BA
0082
0063
00CE
00D4
021C
055F
064C
04E8
0471
01EC
FE54
FE98
FE75
FDDC
03C4
086C
03E9
00AF
021D
0073
FFFA
0470
04FD
0150
01D7
048E
03D2
021D
0176
FFCD
FF35
02F1
0714
06F2
0474
0221
006A
0150
04E8
0749
06CE
0546
02EF
FF7C
FE88
0253
051A
0331
0202
022D
FF78
FEC7
0245
01B2
FEA2
FFFE
0035
FDCA
0023
0359
027E
0361
0498
0129
FEF2
FFAA
FE47
FE65
0232
034E
01EC
01FD
0199
01A9
03A9
0239
FE04
FE64
010B
015D
02ED
0535
0442
035F
02ED
FEDA
FBCB
FD2E
FC6D
F8BC
F736
F733
F928
FEE4
02CB
0183
FF72
FE3C
FDAA
FF7C
0119
FEA2
FAD5
F973
F942
F9E2
FE9B
055E
05EC
0071
FD39
FCFD
FCA9
FEFC
0395
04F0
01D5
FCBE
F985
FAC0
FCBE
FDBD
009F
0113
FC51
FAD2
FDD7
FF2E
01C0
055F
02AC
FD72
FBA8
FA21
FA6F
FDFB
FDA7
FB69
FE2D
004F
FF7F
0246
050C
0332
020D
00E8
FCEF
FCD4
00C7
01B5
017E
0157
FDA8
FBDC
FFB8
01E4
012A
01C4
017F
00E4
02B8
02B5
009D
0196
02C7
011A
00A2
0110
FF06
FD02
FD8D
FF5C
0160
02F3
035D
02FA
02EF
03D2
0452
037D
022D
FFD0
FCBE
FCDC
0058
02F4
037C
029C
00C4
FF0D
FCAC
FB08
FF3E
0615
0737
049C
027A
FE6A
FB4F
FDFB
FFC3
FBB2
F8F2
FA2F
FA8E
FC38
0313
0972
08BF
0287
FC54
F947
F8B6
FAF2
011F
054D
013E
FA9C
F852
F8E7
FBD8
01EF
06B8
066B
023E
FD61
FB13
FCAF
0182
0673
0609
00B0
FD1D
FC63
FCC9
003A
038B
01D2
FF71
0033
00FA
01AD
0368
0352
01BB
015E
0038
FCEE
FB5E
FD3E
FFEE
023C
047B
059E
04C6
0306
025E
0304
02CF
019B
0197
01BA
00A7
0127
0366
0375
011E
FEDF
FD1E
FC30
FD41
0027
030B
0449
0466
044A
034E
0161
FF5D
FE3B
FF4B
0144
017F
00A9
FFD8
FF5A
00A5
018A
FF81
FE3D
FD7B
F959
F878
FEFB
0224
FEA4
FD78
FDCD
FB17
FBF3
0309
07E9
07A8
05DF
0263
FDF1
FC45
FC2D
FB56
FC18
FDB9
FCB4
FBE0
FE05
FF67
FF6F
0076
FFB5
FD15
FD82
FFA4
0097
0241
01BA
FC19
F884
FA3F
FC73
FFBA
046D
04BA
0090
FC0C
F85E
F874
FC8A
FF47
0094
0202
FF88
FA75
F968
FBC2
FD8E
FE0F
FD2A
FD20
0061
0365
03B2
03DC
02CE
FEC1
FB99
FA4B
F95C
FBEE
FFBE
FE8D
FC7B
FBE7
F810
F84B
0231
07CB
0410
00A4
FBEA
F504
F52F
F94F
FA2C
FC7A
FF97
FE5C
FE4A
0215
0319
003E
FD67
FB94
FAAD
FA7B
FB5E
FE04
FFA4
FDD1
FB65
FA8E
FA4D
FB0C
FC96
FCE3
FD8D
005B
0134
FE70
FD11
FE23
FE52
FE37
FE16
FB43
F794
F6A4
F79F
F9FC
FDEF
00EE
02A5
047A
03ED
00CE
FFAC
004B
FFF2
0076
01B2
0078
FE3F
FD5D
FCF6
FDFF
00CC
01E3
0101
00D5
0029
FECA
00C7
04C9
0499
0133
FF1A
FD65
FCD1
003B
030C
0211
0199
FFCD
F9FB
F8CC
FE9E
0291
0494
0683
0180
F941
F9E9
002F
038A
05FB
0692
00F5
FB19
FA9B
FC35
FF4F
0366
03DF
035A
0423
0066
FD09
027F
06D4
03CD
0246
00F5
FCF2
0007
0829
08FC
04C1
0157
FDED
FDE8
0202
02EA
FFC0
FDF2
FDF2
FEA3
023D
090C
0E1A
0C4F
05B3
015C
00DA
0078
0142
047A
0401
FF00
FDB8
00CC
0374
072A
0A81
07AE
0068
FA39
F861
FC07
0116
040D
0593
02B4
FCA8
FD36
036E
065C
07A6
0893
0330
FBF1
FD4B
043D
0781
0679
03F5
FF9E
FBDB
FD72
01F7
033F
01C6
FFE7
FC3F
F94B
FCB9
03CF
0687
0411
008D
FCD0
F911
F7F4
FA7E
FE2C
FF86
FDEA
FC19
FBA5
FBEA
FC4E
FB9F
FB01
FD87
004F
0037
00D7
00D7
FB58
F5CA
F6A7
FAF2
FEBE
0197
03A2
02B5
FC4C
F5F5
F64A
F948
FBF8
0014
0199
FF37
FD1D
FAB9
F969
FC35
FE2F
FCCA
FB3A
F9DA
FB0E
FFE5
026E
01E0
00B9
FCFB
FABA
FEDD
028B
00B9
FCC0
F7E9
F3AA
F3A2
F71C
FC04
0204
05E3
044C
002A
FDCD
FD32
FE2D
00C6
011C
FDB8
FB3D
FB84
FD01
0012
03A6
049E
01E3
FDBE
FC77
FD8D
FCB3
FBDF
FCFF
FC94
FD16
010B
030D
038B
0403
FE97
F879
FB0F
FF84
0125
0448
05A9
0438
0434
01DB
FDFA
FFA0
0207
00A8
FFF1
FEAB
FD84
02A6
07D3
0590
027F
015D
FF31
015C
07BF
0759
00D1
FE0C
FDEC
FD00
FF42
02B7
02C7
0420
066A
0311
FF9A
0053
FDE3
FB0E
FE67
010E
0151
047A
0683
0611
05C6
0158
FC98
0085
0648
066B
05C3
03F7
FC3C
F4DF
F789
0084
04EA
04E7
04E2
00D1
FACA
FA7B
FB4F
FB0E
FF32
0158
FEEF
01DF
047C
FE46
FB7B
00D7
02BA
00FF
0314
05FC
03F3
FF77
FE21
FF0D
FEBD
FF19
01A7
0444
058E
035F
FDA5
F92D
F82C
FA36
FE98
0205
0482
06E4
0460
FFC7
00BF
020A
FFF6
0068
000C
FB90
FBCE
010B
0324
0406
056B
025D
FDCE
FE31
00B9
016F
0164
FFE9
FCC8
FC52
FEBF
FF7F
FF02
FF27
FE17
FCBD
FC90
FB07
F9D3
FCAF
FFD7
007A
01AB
0338
0359
0293
FF47
FA43
F853
F8C9
F99B
FCDC
0003
FF6F
FE04
FCE6
FBBE
FD4C
FFE0
0175
042F
0416
FF25
FD28
FE03
FCFE
FE1F
FEEC
F93D
F5D4
FA89
FECB
FF3B
FE70
FBE3
FA2A
FCD5
0130
032C
0260
FFDC
FBC8
F84F
F9E3
FE6A
FF8F
FEB4
FED3
FD6C
FB5F
FBE8
FDF9
0056
01F5
0111
FF34
FE28
FE20
00EC
04A6
02CC
FB98
F672
F6AD
FA64
004A
05C2
05F0
01CA
FF5A
FF9F
00E0
045B
087D
07E7
00CF
F809
F522
F919
FE92
049F
0A4C
0905
0267
FF54
0069
0342
07CA
0981
05F9
0158
FDA6
FBE7
FE70
027A
03DC
039E
02D7
00FF
003F
0235
0407
032F
00DD
FE6D
FCC3
FDEC
014B
0356
03D4
0426
02D3
00F0
0298
058B
0426
0030
FDEE
FC80
FC60
FFB8
02C1
02AC
02F9
038F
02DA
04E0
0845
0621
0099
FCED
FA7D
FA3E
FCC8
FE4E
FF08
0051
FEFB
FCAD
FDC6
FFB6
00E0
0280
00CC
FC96
FE41
0422
05D0
04C3
0396
FEAD
F902
F9A5
FE4D
01C4
03A8
039C
01DE
0099
FF7A
FED1
012F
040F
0315
0019
FE26
FDD2
0009
030F
0313
00B6
FEFC
FEAC
FFF4
02D1
0566
0501
01D6
FFF9
0119
02AB
0453
0630
0537
01B7
FF0C
FD96
FDBC
FFCE
0104
0101
0255
04AF
05E6
058E
0574
059A
029D
FEBD
0008
031F
0384
047C
048E
0041
FCF1
FE6E
0287
0792
0AFA
0B32
093B
0507
0141
0114
0272
04C2
076A
05CE
01F2
011B
0171
027B
059C
071E
05FF
04C3
0363
02B0
030F
030A
0384
0377
00DF
FFDB
0231
03B4
04C5
0618
0342
FE79
FE86
00C8
018D
04B5
0801
0488
FF4E
FED2
FF41
000A
02E9
0269
FEB6
FE46
FFE1
0143
03B7
0559
05D6
05BC
01ED
FCD2
FBA6
FC3C
FD27
0057
0347
0391
0250
0000
FE0C
FD99
FC68
FAD6
FD1A
01C4
0244
FECA
FD01
FD2A
FD53
FE33
FE1B
FCF0
FE75
0022
FEB7
FEA1
FFC7
FE25
FD00
FDF9
FE0B
FE79
FF6C
FEDE
FF74
00B0
FE94
FD04
FF7E
00DE
0022
00E6
0051
FD90
FE61
006F
FE26
FC9F
FEB1
FF81
0051
01BB
FF47
FDA1
00DB
024D
027A
05DD
06A2
02B4
FF01
FC18
FBEB
FFAB
0216
03F9
0771
04F4
FD7C
FBF6
FEE7
001D
019B
0281
00E3
00BB
0138
FFCA
00CD
03DD
0461
0443
0289
FD57
FD1D
02E2
0459
02EA
02DE
FEC4
FA1C
FCF6
01C0
0355
0457
035D
FF58
FBF4
FA8C
FB46
FEE9
0399
061C
0510
0287
0148
00DD
009F
00BE
FFB0
FE10
FDC6
FD4B
FD46
00C4
047D
03E7
0158
FF38
FC8E
FB79
FE63
009E
FE47
FBA6
FAD0
F970
FA9F
FFED
031C
01CE
FEE1
FC0A
FB69
FCCF
FE96
024E
04D2
018E
FE70
FF5D
FFAE
FFE1
0142
FFEF
FD68
FD4B
FE7C
008A
01DE
FFB0
FCC3
FC1F
FCF4
FEE7
000E
FEBF
FD72
FB60
F66C
F529
FC14
0318
044B
038B
0236
FE2D
FA24
F95C
FB49
FEDE
013F
FFB4
FDE4
FF63
01AD
0298
0151
FD6C
FA63
F968
F7B3
F8C5
FFD8
058F
0481
0097
FDC0
FD53
FEE1
FFCA
FF27
FDA4
FBAA
FAD3
FB47
FC52
FF68
0261
010C
FDAE
FB23
F952
FA25
FC76
FD4F
FFC2
0345
0227
FF78
001A
009F
FF31
FDB8
FC4E
FB7E
FBE7
FD65
FFBB
0072
FEDF
FD20
FAFB
FB14
009D
04D5
03D1
039D
02B2
FC9B
F873
FAF1
FEEC
0185
02C0
01FF
0176
0314
037F
FFC8
FC15
FC78
FD80
FD43
FF29
0228
02FD
01F2
FF04
FC91
FDFD
FFD6
FFCB
0041
FF70
FD08
FCA8
FD46
FEFE
0383
057E
02E2
00CF
FFB2
FEEB
FFE0
FFB2
FDF2
FE5E
FFAD
FFF8
014E
0366
03FE
027E
FFA6
FDA6
FE6A
016C
0411
03D4
019A
FF9C
FDEF
FDFB
00A7
024C
01EF
01EF
00B9
FE61
FF3C
022D
02F3
0219
0145
0060
FFDA
0013
0040
FF77
FE2C
FD5A
FCE9
FDD9
00D2
01F1
FF93
FE72
FF7E
FF4E
FEE7
0023
01D5
0304
01EA
FE22
FBA1
FB95
FBD7
FD9F
00E0
021D
01B8
0195
0089
FF35
FF5D
FF26
FD50
FC7B
FDFF
FFF8
014F
020B
012D
FF6F
FF3A
FF87
FEDF
FFA1
0158
0082
FEA3
FE31
FDD8
FE0A
FF35
FEBC
FCFC
FBF6
FB6E
FCE6
00AB
0252
00A3
FF1D
FF30
0000
0083
00B2
01C6
024E
FF82
FBE4
FBBC
FE76
01B0
035C
010B
FCC9
FBC2
FD54
FED2
027D
075E
0693
FF59
F967
FA3F
FEFE
021C
046C
0739
04B4
FE47
FE55
020F
0187
0164
0077
F9A8
F98C
03FF
07BE
0476
049D
01BA
FC03
FECE
0451
040C
03E8
04A6
0193
FE87
FE9D
FF9A
01E2
049C
03D8
00C5
FEAE
FC86
FB32
FE16
02B1
0477
03C4
028D
024E
02FD
01FA
0017
0023
FFBB
FEA6
00ED
0464
0606
071F
0534
00DE
00C6
02DD
0338
0504
048F
FE48
FB61
FF28
02D7
0546
066A
0466
0185
FEB9
FC58
FDCF
0124
01D4
019F
01C8
01EC
04FE
0885
05BB
0061
FE9F
FC38
F91C
FCCD
0374
04B5
043E
04D3
026E
001A
00BD
FF43
FD9A
008E
01FB
FF7D
FEFF
FF48
FF2D
02EE
06C8
0587
02DD
01A0
018F
029A
01DC
FE24
FAF5
FB2B
FE8E
0231
0428
051B
02C8
FCED
FA77
FCD2
FE9A
FFEF
0150
FF81
FC94
FC13
FCE4
FE98
0048
FFA9
FE13
FD09
FCCE
FF07
01BD
01AC
0063
FF2F
FE3A
FE11
FD3B
FD2E
FFA9
FF63
FBD7
FC0E
FEB1
FE51
FDD0
FFF6
011D
FFBD
FEBC
FE9A
FE36
FF24
005E
FDEE
FA9C
FB53
FD34
FD86
FEFD
0114
FFD6
FC07
FA4B
FBF6
FE08
FF0D
FF44
FCA2
F8D1
F9F9
FE30
FFF4
01D5
0338
FE9C
F8F0
F961
FC96
FE3C
FE55
FD94
FCF4
FCDF
FD96
FEB3
FF0B
FFF5
00EC
FE8D
FB5E
FB85
FDF8
013C
0310
0232
022F
021B
FD99
F8A6
F84D
FA71
FC61
FD2B
FD84
FFF7
02A7
01A1
FF59
FF39
FFA5
FF5C
FEF4
FF15
00D5
0242
0014
FD07
FD67
FF7F
00E4
0267
02DA
0087
FE91
FE89
FE27
FF30
01C4
00EF
FF02
FF77
FEB0
FE5E
001A
FE74
FD00
FFC7
FE98
FA07
FA30
FB5B
FAB5
FC0E
FD2B
FD94
0181
04AC
0262
FF97
FE1D
FB21
F9B6
FBDF
FDAA
FE6D
FF85
FF77
FECF
FF14
FF26
FFA9
01A2
01D5
FF54
FDE1
FD65
FBD1
FB5E
FC73
FCBD
FD42
FE8D
FF95
0159
028A
008A
FD11
FAE8
FAF0
FC60
FD69
FE63
FFDA
0064
FFF9
FEC0
FCB2
FC31
FCD0
FACE
F7D0
F916
FE15
01AF
01E3
00B3
FFFE
FF98
FE63
FD09
FD6D
FE93
FE99
FE26
FE17
FF7A
0278
03AB
01CE
FF74
FCEC
FA87
FA44
FB0F
FC13
FF5F
034E
03D8
0244
01BE
018C
005D
FF0B
FEFB
FFE2
FF50
FDD9
FEA0
FF30
FD48
FD75
FFC3
FFC6
FFB9
019D
01D1
0045
FFE0
FF84
FE69
FF03
00B3
016E
02BE
0369
0094
FE01
FE27
FE55
FF1A
008B
00A2
019D
0420
0521
04C3
03DB
025E
01A5
0180
00F9
00AD
00C0
0134
01F2
01F0
01A3
01E4
01C9
0179
0130
FFE8
FF3B
FFAD
FE8E
FE40
00CD
0109
FF70
00C5
01B4
017C
047F
068B
02CA
FE70
FDD6
FE84
FEDE
FFCA
FF93
FD9F
FE95
02B2
049C
046B
0468
03A5
0152
FC53
F790
F99A
FF79
0245
03AF
0493
019F
FC86
F907
F86E
FAC8
FDB0
FF59
0066
FF68
FC9F
FC76
FE4C
FE46
FD9F
FD89
FD55
FE3C
FFC4
0073
0045
FE9C
FCB1
FBB8
FA38
FA4C
FD9D
FFCC
FFAC
FF71
FE94
FE26
FFC7
014A
0101
FFBF
FEBF
FED8
FF2C
FEBE
FF43
0174
0270
01B0
018D
0155
00C0
0124
FFF4
FD31
FD5A
FF03
FF95
0116
0247
021A
03E5
0657
05CF
0437
031E
0121
FEBA
FCA5
FBD3
FED9
0362
04D9
05E3
0755
04A8
01AC
0338
03EF
0211
0153
FFEF
FD6B
FDD4
01B1
06A5
0928
067C
02CB
01DB
0022
FF93
0591
09FF
05B8
012E
FFFA
FDD1
FD94
0043
0228
0410
049B
0223
015F
024D
0114
0069
0260
03AE
02CB
019C
01DD
0348
0468
0395
FFF2
FC35
FC09
FE64
00CD
03CA
0728
0818
0542
0107
FF52
0115
0327
03E5
0461
0361
00CF
FFE0
0026
0038
0153
0229
02A3
0470
0407
00BF
FF7F
FF48
FDCB
FE28
00AD
01D0
0125
00BD
0089
FFCC
00C4
03AC
04F0
04AC
0462
02B4
00E6
0040
FDC2
FAA9
FC8C
0187
033C
028F
02D5
02AF
01C2
00B6
FE84
FD8C
FF9F
0175
0244
036C
040B
046E
0456
01CE
FF13
FF2F
FF7D
FDD1
FCD6
FD98
FF5D
02DB
056B
04B1
03EB
0238
FD55
FC3A
0149
03C5
019B
0024
FE77
FA66
F966
FE6B
02C5
02F3
027E
0182
FFF9
0198
03A6
008D
FC62
FBDF
FB56
FACA
FE7E
02BF
03DB
0416
021A
FEA7
FEBA
FF55
FEA7
01BC
042B
FFC7
FB51
FAF2
FAE0
FCB2
00D3
0146
FF4C
FFBE
FFC0
FE80
FF71
0072
FECA
FC2A
FA8B
FB4F
FE36
017F
0497
06BE
0538
FF21
FAE0
FDA6
00BC
0030
0110
011C
FDD7
FCE9
FE29
FFB5
02E5
0388
01F9
038F
031A
FDBD
FBCE
FE04
FE63
FE18
FEBB
FEF6
00EE
041E
03D1
015F
0002
FDFA
FC9D
FFC3
03C4
0308
0028
FF33
FE2D
FD13
FFF9
04ED
0632
02FF
FE38
FB3D
FABA
FACF
FC6F
0039
02E3
02E4
018D
0073
00D1
01F5
02A2
01E8
FEF6
FC83
FD74
FEDC
FE2F
FD99
FD64
FC28
FC29
FEA0
00B1
018D
01CC
FF5C
FA12
F74D
FC06
03BA
0640
05B8
0488
FD20
F433
F3D9
F8CC
FE1A
02EE
049C
04D3
03A3
FEAB
FCA5
FEDD
FDC4
FC7E
FD3A
FAF7
FBA6
0163
00F1
FBC7
FA61
F98A
F9DF
0021
05EB
068C
05F7
03FB
FFAD
FD36
FC3B
F8C9
F6C5
FAE2
FE94
FD41
FD15
FEDD
FEBD
FF51
0097
00CE
02C7
0470
0370
0292
FF5E
F978
F809
FB39
FE0B
FFCC
00E4
0189
01C0
0118
0080
FFE4
FE4F
FD21
FCCD
FB42
FAB3
0009
0635
04E5
00E8
FFA5
FD51
FB4C
FBD6
FB62
FD01
02C5
0580
04DF
0577
04F4
02D0
017E
FEAE
FA30
F858
F8CC
F9F3
FF48
0713
08B1
03FC
FFDD
FDE6
FCBC
FBFF
FC3E
FF80
038E
0468
04B0
058F
0430
03A2
0504
02B8
FE5A
FDBC
FF07
FF9D
00E1
02E1
0402
02B7
FF69
FDA5
FEA6
FFD0
00A2
0195
0153
00E9
020C
02AC
01FD
0181
FFBC
FC3F
FBA3
FFAB
033D
035C
035F
03C5
016F
FEFD
FF74
FFA5
FEC4
FF1D
0006
0130
0317
03D1
020F
FFF9
0013
011C
0193
02EB
0392
0164
0076
0248
0263
00D9
0148
02C1
0228
0035
FF7A
0000
0140
02D5
02A6
0150
01E7
0313
01F5
001B
001B
00F1
0074
FF2D
FF10
01A5
0609
07A9
05E7
04DD
0316
FFA8
0066
0420
042B
0223
014D
FFD4
FE13
FEAD
011D
03B8
05BE
05A1
0385
0224
0119
FECD
FDAA
FF05
00E4
0259
039A
0503
06B3
0791
0665
03BD
0269
0357
044D
0568
0652
0464
0198
FF81
FD0B
FD63
FFE1
00AD
0308
0636
052B
037C
0360
0195
FF77
FE3D
FCCD
FD95
0107
027B
00F5
001E
0067
00E5
020C
0259
02E3
04CF
0303
FEE3
FE41
FD74
FBD7
FE74
0282
03C8
032A
0308
0355
017F
FF22
FD13
FA67
FC1F
FF6A
FF19
0230
044C
FDF4
FB2B
FEFE
01CA
05C7
0A5C
0B0E
046B
F81E
F4DC
FBFF
FED5
009A
05F9
04B2
FC84
F5C2
F423
F868
FE5D
0249
0629
0A9A
0CFA
0BAD
0777
0294
FE4B
F9E8
F696
F79B
FB9D
FF20
019E
018C
FF7A
FE23
FCF1
FEA4
0467
07AE
07BA
0666
0259
001F
01E8
02DE
00F5
FD54
FB3F
FBEA
FCBC
FDD7
00E9
0766
0DC0
0BEF
063E
0391
0007
FCA6
F9C6
F34C
EFC0
F334
F98A
01D6
0A88
130A
17CB
104E
0168
F704
F357
F2C5
F297
F807
0363
05F3
FF1A
FC65
FD13
FD5E
FF54
FEB1
FAF1
FCB5
029A
0375
02C0
04A3
01C2
FCD3
FE04
FF1D
FC7C
FB91
FBC5
F925
F56F
F703
FCFA
012A
057B
07B9
03B1
00B3
FB8E
EF17
EB70
F4FF
FD59
01DA
04E0
036F
FF37
FE8B
00C4
FF5D
FCD6
FCA8
FA14
F78B
F924
FBC1
FDD5
FCAB
FA1E
FADB
F9E5
FB42
0578
0A74
03F2
FCE7
F901
F6DD
F6E7
FACA
00D6
0255
0069
FDEB
F940
F804
FA9C
FB21
FDC8
0269
0293
FFF8
FD05
FAD5
FA5B
FA41
FC5C
FFE9
00B8
00F3
01BE
FFD4
FCF1
FCAB
FD24
FBCB
FB8B
FD98
FDF9
FE60
01D3
0379
0165
FF44
FE36
FE87
FFE3
FF5F
FC96
FBCD
FE5E
001F
012C
046A
06E9
07DA
088D
0443
FC48
F945
FABC
FC0C
FEA1
034F
06CB
064E
030B
007A
FF31
FEB5
000E
005B
FD41
FD1E
021B
0422
0220
0162
0039
FDC2
FE71
01BD
0416
057A
04DF
012E
FF41
0093
FEC7
FC0C
FF93
0393
0272
01F2
03D8
03B2
00D1
FF10
0033
0044
FFED
0316
030F
FDFE
FD8A
FF55
FDC1
FF21
0250
0142
0102
01F7
FD7C
F881
F966
FB38
FD2F
02EA
05AF
016E
FE8A
FEF6
FD88
FD3B
0087
0203
FFF4
FD2C
FA97
F8CA
F7FC
F869
FA6F
FBA6
FDAF
043C
0716
0154
FD00
F9D4
F1C2
F00C
FA86
0502
09A4
09EC
0557
FE4A
F6E4
F19A
F4DB
FDF0
02A5
02C4
0101
FC89
FA47
FB56
FA71
FBCD
0164
0390
0565
0A83
080A
FD25
F742
F860
F9F3
FC7C
00C6
02C6
0224
FFD5
F974
F40D
F78D
FE79
0318
094A
0D21
082F
01CC
FF3C
FB6E
F745
F6EF
F857
FBD6
036C
09CD
09B0
053C
00DB
FC93
F828
FB72
0783
0CFA
0846
0372
FBCD
F2D1
F653
0108
04CF
05C6
07F6
05E1
01DC
012A
00D1
FF8A
00B8
02A1
01B1
000E
0037
0015
FD95
FA92
FA19
FD6A
030B
0739
09B8
0B76
06F1
FDE9
FB84
FDAA
FE7A
026D
0616
02AB
FD1E
FA4B
FB2E
FFAA
0543
0BAD
105A
0E49
06D7
FDF5
F89A
F979
FABA
FCD6
04E9
098B
059D
035E
026C
FCC0
F94A
FB42
FE74
0681
11E0
140A
0BD2
022D
F9BD
F2FE
F1D3
F8EB
0304
063B
043A
04A2
03C9
FFA8
FF40
01C4
01A1
0163
0491
0774
06CB
05B2
0399
FCBE
F819
FB8E
FFF0
03B1
096C
07F0
FF00
FE68
044E
02DD
00EF
0493
00B8
F82C
FB23
01F0
002D
FE56
00E9
00DA
0148
0893
0FD1
1048
0DE2
09A7
015E
FB47
FC68
FEF8
FEF4
FF12
FE82
FB61
FADF
FF2E
0213
0307
056F
05C4
035A
0218
00CE
FF54
FF14
FD2A
FB2D
FD6E
0054
01FF
05E0
06FB
009B
FC81
FFA3
01D6
0353
0784
06EC
00A1
FC08
F87A
F637
F98B
FE9E
0232
06E5
08E6
0540
031F
03A4
0106
FE69
FDF8
FADE
F88E
FBE7
0065
02B4
0239
FF46
FD26
FB62
FA7B
FF7E
0599
041B
FEC7
FB0D
F6FA
F4E2
FB2B
03C3
0363
FEC6
FD35
FAC6
F9A2
FE6A
02CD
02AD
FF8C
FB29
F955
F9B7
FAF3
FFB1
0414
0295
FE37
FB87
FC36
FDAD
FC88
FBD8
FD45
FDE8
FE2B
FEE1
FFB8
FFF4
FD0C
FA33
FC98
002E
0101
01B3
01C3
FDC3
F92B
FB4F
013E
0252
0096
FFD1
FC96
F9D7
FD57
029E
0498
040B
00D6
FBFA
FA39
FCDC
00F9
0553
06C5
01A8
FB82
F946
F78A
F91B
0180
06EB
0458
023A
02D4
0145
FEF2
FE40
FD1A
FCC1
FEB7
FF6A
0068
0441
03E8
FDF7
FA1A
F92F
FA09
FD81
0086
0223
02DB
015F
004D
0051
FF15
FF36
FFBF
FD38
FD6A
01B5
0178
FD4B
FB38
F98C
F8A2
FC6A
01DB
043F
03F6
021A
FF2D
FCD9
FCD6
FECC
00F0
01DB
FFE3
FBD9
FA2B
FB3C
FCB7
FF4F
01AB
01DB
0179
00FC
011A
0202
00B7
FEA6
FDF7
FC51
FBBE
FCFD
FC80
FE99
0226
FC6C
F633
FD68
04AE
026B
02F5
03DF
FB86
F72A
FD49
FF79
FD12
FE50
FE42
FCB4
FFC8
0124
FDA9
FE3B
0160
009B
FFB3
FE6E
FB3A
FE56
0529
0466
003C
FDE9
FA3C
F988
FDF4
0048
0018
FFE5
FDA2
FC93
FF73
FF9A
FC91
FE1E
0085
FD23
FBBE
FF68
FF94
FEB4
0233
024F
FD2B
FBFD
FEF8
FFED
FFD2
00E2
FF7E
FAA3
F8AD
FB80
FCB0
FC2F
FF53
0170
FEA5
FF97
04B0
0469
026A
0286
FCB6
F7AD
FFD0
0768
02B1
FF07
FF3D
F90A
F53F
FC3D
0076
FDBA
FEF5
0198
0048
0261
06EA
0493
FF3D
FD79
FB3B
F8D4
FCC5
0332
0394
0026
FE08
FBD5
F9CE
FB90
FFB9
0312
0697
0965
06B2
005A
FDF3
FE0A
FA6E
F7C2
FAE0
FD0D
FCCB
00A9
04B1
0334
021D
0257
FEA6
FC83
0026
01B5
FEE0
FCCE
FB2E
FA15
FD12
0174
02BC
0266
014F
FEDC
FEDD
0364
07BE
078A
0304
FD8D
FAC7
FB41
FEAD
03EF
0584
01C8
FED9
FE29
FDC2
00A1
0546
056C
0280
006B
FE97
FD91
FE6B
FF76
FF0A
FD5D
FC5D
FCED
FE29
0116
0471
0333
FF48
FED6
00CD
0203
02A1
01F4
FEE7
FB09
FA44
FE5B
033A
058A
05E5
0378
FFDD
FF9D
00DD
00C5
01D3
02BC
0090
FE9F
FF25
0055
01B4
02A3
0240
0199
015C
0150
0161
019D
024A
0256
011D
00B6
0104
FF80
FD66
FE00
0190
0479
03E2
0376
051F
0292
FCDB
FD2A
0105
012A
0097
0190
00DC
FF2C
FF8A
02E3
06EC
06F4
03EE
0265
0000
FBA7
FC4E
029D
0638
04A2
025A
00B8
FE9F
FE7D
01D1
0456
03B1
0293
01AD
011E
0266
0335
0210
0211
02D0
0218
01AA
01EC
01EF
02C1
0304
0124
FF9B
FF6E
FF99
0119
03AB
0529
058B
059B
0529
0485
03FB
033F
033B
042E
0335
0008
FEFB
0012
000D
00AD
02E0
0345
01E1
00A2
FFA6
FF23
FDA7
FC71
00DB
077F
08CC
0728
0567
0247
00C5
01A0
021B
035C
040F
0222
01A8
02AE
01D7
0218
03FE
038A
01DE
0113
00A8
00CE
FFBE
FD4E
FEA0
033F
042E
01CC
010F
FFB2
FB17
F862
FA69
FD4B
FF71
0190
033C
04A8
038A
FF49
FF32
0402
052E
0387
0305
FFDD
FC17
FC7D
FD2D
FDA9
00BF
025A
0276
04E1
04B1
FF75
FC27
FCA0
FCC2
FC25
FC95
FF03
027F
03A2
014C
FE33
FC11
FB36
FB8D
FBA6
FBD6
FE1A
009A
00F0
0132
0271
02FA
023F
FF15
FA3A
F938
FC43
FDA9
FEE7
02E9
035C
FD9A
F9F7
FC33
FF21
00B6
0181
FEB8
FA25
FAD5
FF76
01B3
02C5
03DB
0114
FC42
FAE3
FC86
FE1D
FE99
FE93
FEFD
FEAA
FE0E
00B2
042B
0341
00FF
0096
FEEC
FC8C
FC05
FB60
FB24
FCDE
FCDC
FBFC
FEF9
0137
FF4C
FFF5
02E3
01B8
FFCD
0030
FF37
FE47
FF46
FF1E
FE9C
FF31
FE9D
FDF4
FDE9
FBC9
FA0F
FC2D
FEE2
002E
0174
0006
FA71
F794
FB75
FF80
FFF4
00A4
00F0
FE5A
FC30
FC2C
FDB3
014F
033E
00D9
FDC1
FA39
F715
FAB7
022D
0411
01FC
00AA
FDE2
FA55
FC27
038A
081C
055D
010E
FF27
FCFA
FBDF
FF2D
027E
00F1
FDA5
FC6D
FC8C
FE4B
01D0
01EB
FD90
FBFD
FDD1
FEC4
019F
0596
047F
00D0
FE60
FC64
FD8E
0148
0276
0279
01FD
FE56
FC47
FF79
0300
04AF
0586
02BB
FC1F
F91A
FDC9
02A9
0269
0204
00BE
FAF2
F9AB
002E
02F3
00DD
FFE2
FC78
F89E
FC65
02D5
03DD
0209
FFE5
FC7D
FA44
FB5A
FE36
025B
0670
05C5
014F
FEDF
FD33
FAD7
FCDD
0079
FE76
FB7C
FC37
FCC3
FDE7
01B1
02FF
FFB3
FBB5
F9AB
FA44
FC3E
FD3D
FC87
FACB
FB05
FEBF
0154
017C
02BC
00E7
F9F7
F7B5
FB1A
FBAD
FBAB
FD53
FBA0
FAFB
FF98
014F
FEB2
FD92
FC01
F92C
F8CA
FADE
FEFA
0256
001A
FC4F
FB61
F9B4
F8A0
FC23
00ED
03E6
03E8
0092
FEDA
FFCE
FDC8
FA84
FB35
FD39
FD59
FCFB
FD69
FED7
00EA
01E2
0028
FDB2
FDFE
0003
0144
0223
0121
FDC6
FC9D
FE2D
FF91
0152
01AC
FEFC
FD9E
FEAB
FFA8
01A6
03D0
03C2
02F8
026B
0193
00CA
0065
019B
0341
0254
01EE
048E
0576
041B
03F5
035E
01B5
0164
0208
036D
05EF
071B
05D5
03E6
02B9
033E
05BB
0865
0865
0516
01B1
00F4
016B
017E
028D
0564
0786
06DD
05C9
0665
06A6
0632
05C6
033A
0103
038C
062A
060B
07C3
082E
03A5
020C
0516
05AE
0597
070E
05B7
0454
0690
0701
04EB
04FA
056C
0494
04E1
0635
07FF
091D
0659
023D
0173
013E
001C
01EF
058E
0684
0535
03F6
03AB
042D
03E3
0206
00CC
01A1
0269
01EB
01C6
0198
0033
0000
018F
01AF
00C3
0142
022D
01BD
0017
FF52
00FE
0294
026D
02A8
0272
0031
FE53
FDBF
FE42
015E
04E6
059E
04D6
030F
FF31
FC60
FE1A
0135
00FE
FF5F
FF11
FDA2
FBFD
FE0A
00E7
01D1
02C1
028C
0098
FF10
FD60
FD29
FFF6
0142
010C
026B
02AC
0281
0354
00BC
FDD8
FFC4
012C
01B5
05F8
0852
0472
FFA2
FD84
FD9B
FE5A
FED6
FFED
0126
0236
03A4
033D
01D4
01BF
FF70
FCB4
0052
0524
04B5
032E
01CB
FE6A
FC01
FCE1
005D
044F
05A4
051B
0454
0272
009B
FED7
FC39
FCBB
0029
00DE
00B7
02D1
045E
0542
0544
0262
00B3
01EF
01C1
0234
053A
053B
022A
0023
FE37
FDAA
0043
0197
00C1
0108
0142
0146
02B3
036F
03ED
0589
037F
FDF2
FC48
FE18
FEC5
FFE6
017D
0039
FE45
FF23
0115
01FA
01F2
00D7
FEF9
FD1C
FBA8
FC90
FFE2
00DD
FECF
FDD8
FCBB
FAED
FDC3
02B0
02C9
012C
0092
FE30
FD6A
0049
0030
FC85
FB5D
FBFD
FBAE
FDE5
0210
000B
F966
F905
FD0B
FE4F
01B3
063C
02C2
FCFF
FBE7
F9EF
F8C6
FBD9
FC1E
FADB
FE97
01DD
00DD
001B
00A3
0161
019B
FF97
FCB9
FB81
FBF4
FD36
FDB8
FD4A
FDCF
FF80
01A1
02FC
01B7
FF48
FD89
FB20
F91B
FA76
FE87
0205
0266
0107
0027
FE42
FD45
00F1
0343
FFA8
FC64
FBC3
FB6B
FCB7
FDEE
FCEC
FD26
FEC8
FF40
FFDB
00DF
0128
0088
FD80
F9CA
F9BE
FB96
FCF9
0052
02B0
FED6
FA5E
FBB2
FDEF
FD89
FE1A
FE9D
FC7B
FBB2
FDA4
FECD
FF96
00C6
0047
FF1B
FECA
FDBC
FCCB
FE5F
0071
FFD6
FD9F
FC52
FC48
FD9C
0047
01F0
0134
FFC7
FE65
FCF4
FCAA
FDA2
FED0
FFA7
FFD4
FFB0
FFF9
01B0
03F9
01C5
FB62
F93E
FB72
FC96
FFD5
04A2
042C
0110
FEF9
FCB5
FD79
FFE8
FF02
FFC8
02D7
00A9
FD4E
FE6E
FF49
FF94
01C5
0204
FFC0
FE7B
FE8A
FF5C
0048
0007
FEDC
FE07
FF1A
0190
01BB
FF3B
FD87
FCA7
FB01
FAA5
FD62
0007
FF63
FDB4
FCCA
FB3E
FB17
FDC7
FFA5
0091
0195
0028
FF2D
0076
FDCE
F93D
F9AC
FB55
FC0E
FEE8
010F
019E
022A
FFC0
FCFF
FE38
FF15
FF38
0149
FFC4
FA14
F756
F852
FB1A
FE9E
000D
0124
0404
047C
020A
0014
FDCF
FBB8
FB7C
FAD5
FADD
FEEF
02DE
0298
0199
00C8
FD89
FBF0
FFA0
0250
00A6
FFB9
FF3C
FCD2
FD43
0024
0026
011D
04BC
044C
01B1
020C
0114
FE9B
0013
0276
0193
00A1
017F
025F
0291
0263
023B
0208
01C1
02A2
047E
053E
0453
0227
FF6A
FE6A
FFEF
0189
023B
02FB
02A6
0097
0049
032E
05BB
06CB
074D
0572
02A6
02EF
03A7
01BC
001D
FF1A
FD0F
FD3E
014C
0541
05B8
037C
0199
0085
FF98
01D0
0616
0580
0116
FE70
FCAD
FC07
FEF8
02F9
0562
04E6
00E7
FE2C
FEF1
FF4D
FF8D
FFEA
FE0E
FE76
0252
0328
02F8
045C
00A9
F9BF
F8A6
FC89
00F9
0476
0591
04F1
0285
FD4B
F9AD
FB39
FEC3
0143
0202
0124
005B
0094
017F
0279
0256
0151
0039
FF7B
001E
002F
FDBC
FC5E
FCA9
FBEB
FD54
019E
0478
0608
04F1
FF59
FBBC
FB9C
FA7A
FCC3
036D
0584
02F9
0185
0092
FF89
FF2D
FF26
FFF7
000C
FE57
FDF1
FF1D
FFEE
018D
0368
02AE
0019
FF19
00B4
01FE
01A7
0174
FFFD
FD8A
FF78
03A2
045C
049F
0503
0216
FFA4
FF01
FCEF
FD16
FFC9
FF86
0017
0448
04ED
0245
01FF
0148
FED7
FE80
FE71
FD6E
FF08
00D3
FF6A
FEED
003C
009D
0236
02C1
FD9C
FA1D
FD06
FEF9
005D
05A9
088B
0644
032A
FF31
FCA0
FE07
FE20
FCD2
FEBE
0050
FF8D
FFF1
008B
0096
00A3
FE91
FCE7
FEBB
000F
0038
0176
0103
FF7D
FFDE
FF21
FD79
FF17
0179
01DD
01E5
00AA
FEB8
FFE1
0233
017A
FF4D
FDF5
FD1C
FD25
FE0A
FE88
FEAE
FF1C
FF66
FF76
FFD9
0060
007B
0010
FF3A
FE58
FE00
FDFE
FDF0
FECF
00EA
018F
FF5E
FDE3
FEEF
FF61
FFB6
02A3
0328
FDFC
FAA8
FBFF
FC8C
FD2F
FF74
FEFF
FD81
FF06
00A6
019E
02D2
013A
FE9D
FDFF
FC6C
FB53
FD75
FE3B
FD2F
FD90
FCFC
FC88
FF57
0136
00C1
0083
FE8C
FC2A
FCA7
FCED
FCB0
FE84
FF62
FEC7
FF94
004B
00AA
013B
FF1F
FC67
FC69
FBC4
FB42
FE85
FFE6
FC6F
FB03
FD22
FEDA
003F
00FA
005C
0099
0038
FD0A
FB31
FC0E
FC63
FDAF
005A
002B
FEEA
FFA8
FF15
FDE7
FF30
FE61
FA38
F936
FC25
FEE4
FFDD
FEC0
FE1C
FF92
FE1A
F937
F833
FB11
FCA9
FDD9
FF7E
FFD3
0073
01B9
0108
FF98
FED6
FCD7
FB31
FC50
FD5A
FD8C
FF57
00B7
008F
0160
012F
FF18
FFD6
01AF
0009
FEB4
FF37
FD95
FBE9
FCB1
FD65
FE8F
0055
FFDB
FF4F
0030
FE8E
FBF0
FCB8
FE2A
FDF2
FE95
001F
0078
FF3F
FD4D
FCEC
FF0A
00AB
0087
005C
FED5
FB42
FAA0
FDFC
FFF6
0058
018C
00C6
FEF2
00FE
03B2
02D1
01EE
01C0
FF83
FE0E
FED3
FE8E
FE81
00DC
0251
01F8
022C
0164
FF3C
FF2C
001C
FF75
FFB6
00AF
FFAA
000D
0343
0401
0247
01FD
01FB
013A
00E2
0094
00B9
011D
0014
FF65
0002
FF12
FE25
010C
04F2
0552
02D5
0059
FF03
FEB2
FF92
0125
01F6
0234
02D6
0343
030A
0291
025C
02B8
0241
00B1
006F
012C
013C
01C2
027D
028D
0335
0381
02B9
02F7
0348
0247
010D
FEF4
FDDA
008E
021A
0081
0158
028F
0026
FF63
010C
FFDC
FDEE
FDB6
FCA6
FD12
014F
03DA
026D
0155
00F6
001C
00BE
01A0
0058
FF3C
FF74
FFCB
00D5
0197
01A9
031D
0302
FFCF
FF61
00E7
FFCF
0007
016A
FF9D
FFE0
0327
01D3
FEE6
FF31
FD95
FBA4
FFB2
04AA
047D
0237
0073
FEC5
FE73
FFED
00BA
FFFD
FFB6
FFF0
FF2B
FEF1
0057
0107
005B
FF4B
FD7F
FC2A
FC8D
FD13
FE1A
0116
0309
01F3
00F5
0141
00EA
0009
FF6D
FEFF
FECB
FE1F
FDCF
FFE8
01A0
006B
0045
018B
005D
FF5F
004D
FF77
FE55
FE86
FD48
FDBC
01C0
02F9
01A6
023E
01B5
FFE5
00D3
01AE
0064
0042
00D7
0040
0075
0265
0403
03B6
025F
01C6
0161
00AC
01DA
046E
0416
00A2
FEDA
002E
01B6
039A
070B
0743
01A5
FCF7
FD6F
FF7C
0162
037B
0464
042A
038B
024A
01B0
02A8
0395
0348
01F6
006E
0053
021F
039D
0311
01DE
00B8
FE61
FD0D
FF82
0246
0275
01FF
00AA
FE2F
FDA4
FF37
012A
0304
02EC
0104
FF74
FE04
FECE
02F1
0403
00E6
FFC0
FF37
FD4B
FECC
02A7
0452
0536
04F0
0218
007A
0019
FD8D
FC18
FDF0
FECE
FED1
00D3
024A
02B3
03DB
01CA
FCF3
FD1C
0034
0077
01FB
0402
00DE
FE2B
FFB6
0048
014F
03C0
0291
00B2
0071
FDAC
FCB5
0004
00C0
00E8
0280
FF06
FC69
0184
03B9
008F
0036
FEFA
FB93
FD5A
00DE
017A
02F5
036D
00F8
0033
FF3E
FC59
FE63
03C5
03BD
00B9
FF95
FD4F
FB1B
FD98
00BF
0037
0012
01DC
0258
0331
0538
0343
FEDB
FEAD
0024
FF5E
FFF9
0173
FFF2
FE70
FE7E
FD09
FC28
FDEC
FEB6
FF06
01F1
03FD
0288
00CD
FF70
FCE7
FB1E
FAB9
F9EE
FAC1
FEC1
01BA
0210
02F8
039D
0204
00DE
008C
FEAB
FCC6
FC0D
FB86
FD26
00C9
0258
021F
0223
0150
00E2
01FC
016F
FF8B
FF83
FEFC
FC1E
FA97
FAD5
FA47
FB9E
00FD
04E6
039C
0144
00B7
FFDC
FE59
FD96
FD11
FCE0
FE13
FFE0
016B
031A
03C3
0222
005B
002B
FF94
FE4D
FE40
FDFC
FDB5
0119
0435
016D
FEDC
004D
FFE0
FECD
00F9
01C6
00FF
0223
0164
FEED
FF26
FEA0
FD0A
FFD8
0334
0236
00B2
FFEE
FF14
0036
00D7
FECF
FF18
027E
045F
051D
0634
05D7
0421
019D
FE3A
FD2D
FF2B
FFAA
FEE9
0058
020E
02F1
0480
0416
0188
0070
FD6F
F6FB
F600
FC02
FFF0
00CF
02D6
03BC
0239
016E
00AE
FE48
FDA3
FF92
FF56
FE23
00FB
035B
00AD
FF18
006A
FF4E
FE35
003B
0032
FCE6
FA85
F983
F9C0
FC48
FF6B
019D
03BE
0571
040C
FFB7
FD1E
FD31
FC5C
FC45
FEAA
FEB0
FCEF
FE77
000D
FFC5
01B8
0231
FD33
FA5D
FD17
FF28
FFC6
00D0
FF5F
FD6F
0000
02D6
017B
0083
0107
FECD
FBE1
FB4D
FB39
FC71
FFC6
01A8
0194
00E2
FE19
FB54
FC81
FF6E
00A2
0083
005F
00C8
011B
007E
0012
0080
0096
002C
FF97
FE7F
FDED
FF08
0055
0031
FF7D
FF36
FEDE
FECA
FFA8
0061
002C
FFF1
0082
01FE
037D
0422
04A1
0496
02F2
01AF
01DD
019F
0101
0005
FD87
FC1E
FDFB
0064
01A2
030F
050E
059E
031D
00CC
01F7
02B6
007F
FF69
00A8
01E5
0205
0031
FE6E
FF1A
FF7D
FF20
0107
031A
02F2
0254
01BD
0196
02BE
0334
023B
017B
0179
026C
0339
028E
0289
0315
0136
FFDE
0285
04DD
03F8
02A9
00FC
FD4F
FB44
FE29
0203
029C
01DA
01C3
01AF
01BA
013E
FFDA
007A
0304
0349
020D
02B3
038D
0246
0061
FFD2
0096
0118
00B3
015D
0368
0393
00FE
FEA0
FDE7
FE0A
FE22
FD7D
FE02
01D1
04FA
03DD
0241
025A
0193
FFE3
FDA6
FB70
FD2A
00FD
00FD
006F
0289
01D9
FE4E
FD00
FCEB
FD26
FF35
0058
FF6F
0036
0278
027B
00DE
00A7
00EF
FF00
FC4F
FC5E
FF17
01CA
0287
0141
FF96
FE0A
FBE5
FB0C
FDBA
0150
01DB
FFE6
FE3E
FDA8
FE9B
01B3
03A6
0171
FE87
FD7F
FC5C
FC6C
FF70
021A
029F
01FE
0081
FFD7
0060
FFDD
FF4B
FFC4
FEE4
FD0B
FC67
FC7B
FD8C
000B
0219
0344
040A
0357
01E9
019C
009A
FD0C
FA76
FBFD
FE7C
FEF7
FF1F
FFB6
FFFF
00A8
00C3
FF43
FE8A
FF62
FFB1
FF6C
FF73
FF86
FFAE
FFFD
005D
00DD
017E
01C3
001F
FD4C
FD07
FE84
FE96
FF51
00F4
0055
000A
01BB
00FD
FE91
FE3B
FE0F
FD71
FEAA
FFE2
FF0B
FE0D
FDE9
FD7A
FD19
FE02
FF36
FF4F
FED6
FDBB
FC2D
FC23
FCF2
FD60
FF78
019A
0035
FE6B
FE7E
FDAE
FCE1
FDA6
FDEC
FDFC
FE71
FD68
FC16
FC83
FC7C
FAD2
FB04
FEF3
0248
0194
0028
FFBF
FD9F
FB01
F9FB
F90B
F963
FBEA
FD68
FE65
0082
00D8
FF38
FDA9
FBC1
FB6A
FD47
FD87
FDFA
022A
045F
00DA
FD68
FCEB
FCFA
FD64
FDD6
FCCE
FC35
FE07
000B
00B5
0193
02A5
0213
FFF0
FDB7
FC44
FC37
FD7C
FE66
FE45
FEF1
00EA
01FC
01C7
019A
00A6
FEAE
FDBD
FD6B
FC6A
FCE6
FF1D
FF9D
FF3C
00A6
00A5
FDB2
FCFB
FF4B
001A
FFCE
001B
FF77
FF94
01E3
020E
FFAC
FF37
FF9D
FE71
FDD7
FDD7
FCEC
FD15
FE9E
FF02
FF05
FFAC
FEF4
FDE3
FEEB
FF23
FD25
FCEA
FE0B
FE16
FF8F
00F3
FE14
FBC0
FD88
FEAC
FF1C
00E4
FFF8
FC77
FB43
FBF9
FCCE
FDCB
FD78
FC6D
FD7F
FFC0
005D
FF82
FE80
FD3C
FBE7
FB77
FBC0
FD26
0076
0283
0104
FF3A
FE1F
FCB8
FD84
FF55
FE99
FDF2
FE97
FE03
FDB7
FDA7
FBEA
FC6E
FFCA
00BF
0091
012A
FE82
FABD
FBE2
FF2C
0050
0100
01E6
01F5
01CB
00FD
FFF3
0124
0294
00DF
FE3C
FBF7
F958
FA56
FFA8
0307
0345
037D
031A
01A4
FFE5
FE35
FE99
00BA
011F
003D
0039
002D
0046
027F
05B2
061D
036D
011C
0012
0010
0266
035F
FFE4
FEA4
0146
0147
01F4
06FD
07C6
020E
FD7A
FB8C
FB2C
FD63
004C
038A
0881
0ABD
06B0
01A5
FFD8
FF23
0004
0384
0367
FE66
FD23
FFB6
0034
0200
060A
06CB
063D
05EA
0253
FF3B
FEA2
FB8E
F9A2
FCF6
FF2C
FF8F
0242
03CD
0389
04AC
0311
FDFB
FD09
FFD5
005F
0040
0109
FFE0
FF4D
026B
0461
031F
02E8
02D2
003F
FED4
0012
00D2
0147
0266
0260
0151
0057
FF4D
FFB3
023B
03D8
030D
01F5
018D
0134
0167
029F
0365
026B
011F
0134
01DD
02BA
050C
0709
04F3
00A5
FF4E
002C
FFA3
FF9A
01E8
02E4
01B8
0171
013B
007F
0122
00F0
FF6F
0112
0399
0295
01A6
01B2
FF3F
FDC1
00A1
041F
0522
03FF
02A5
0229
002D
FD89
FE5D
008D
0131
020F
02B4
02C7
0333
0139
FE48
FF6C
01AD
01FE
0336
0428
0280
FFF6
FD20
FB55
FC8B
FE10
FE6A
002F
028A
020F
FF49
FDBA
FE3E
FEB8
FF4F
00C3
0136
0137
0169
FEF5
FC4F
FD24
FD62
FD88
01D8
0439
0168
0049
00B9
FF4C
FEFA
FE40
FA28
F872
FBFB
FF78
0118
034B
052B
037F
FF68
FE38
007B
0186
015F
0272
01C6
FDBD
FAD2
FB91
FE29
00D7
02AE
03AA
0414
026A
FE6E
FC02
FD81
000E
0117
018C
01D7
012C
00FA
023C
029C
01B8
0153
FFB1
FCD3
FD76
00FF
02AC
0325
03A4
02DC
02E2
04AB
048D
0215
FFFE
FEA5
FDBB
FD5B
FDC0
003E
042A
0606
052E
040D
0328
01F3
0148
0087
FE54
FD56
FF8C
0178
01FF
03A1
046B
02AB
01C8
0277
0263
01AD
00EB
0029
FF95
FF27
FFF5
0160
014B
01CE
0395
0292
0051
00B3
0124
00A3
013B
018D
01D0
039B
03CB
00E7
FECC
FF3F
000B
0002
00CC
02B1
0328
02CD
038D
0325
01A5
012B
FEAE
FBA3
FF07
049F
0465
0230
01AD
FF6B
FC9E
FD90
00C9
02AC
02B7
0208
00E8
FF62
FE33
FD35
FC87
FDA6
FF2F
FED6
FE68
FE7E
FDAF
FDFC
FF17
FDA3
FBE2
FC2A
FC26
FC7F
FDBD
FD7B
FDF9
0081
0132
0145
02D5
01ED
FF4C
FEDE
FE3E
FCAD
FCB5
FCB0
FC76
FE61
FFB7
FE55
FD51
FDF3
FF0F
0054
00BA
FF98
FE58
FDCE
FD7F
FD30
FCBB
FBF5
FB78
FC37
FE6F
00FE
0198
0005
FF26
FEC0
FBF8
FA4E
FD87
0046
FF91
FF5C
FF9E
0038
034E
03A0
FEA0
FBCD
FBF2
FB6C
FDFB
0205
00F4
FE8F
FEF2
FEFD
FF41
00EF
01C0
028C
0242
FD4C
F893
F999
FC29
FDD1
0130
039A
01C7
FFC3
00D9
024F
025F
0202
0050
FD3A
FC71
FEC4
002C
FF70
FEB0
FDB7
FBDE
FBDA
FF83
031A
029C
0008
FDEF
FBA2
FB7A
FE9A
FEAE
FB58
FBD8
FDA4
FC93
FF20
0411
01BC
FC14
FB0A
FB4C
FB64
FDF1
FFC8
FF32
FEC7
FD69
FB09
FBC7
FED2
008E
0238
0322
FF00
F9A0
FA5F
FE04
FF1D
000D
0103
FF17
FD5D
FE5F
FF79
FFE4
FFD6
FEA5
FE02
FEA5
FEC8
FE17
FCC8
FB1C
FA24
FA15
FBC2
FF12
0048
FEE3
FE3F
FDBE
FD25
FF91
02B6
018E
FDF6
FC67
FCA5
FC4D
FB94
FC0E
FD7E
FF3A
00F6
0186
01A2
02B5
0252
FF6D
FD96
FE6C
003D
0147
012E
011F
FFE1
FC1B
FACB
FE39
0098
008C
011D
00C4
FE90
FCAF
FC25
FD75
FFA1
00E7
024E
0393
02DD
0126
FF35
FE03
FFE5
0206
0158
01F2
042D
0285
FEA7
FDE2
FEA1
FDE4
FD20
FDE7
FF6F
0101
0207
012B
FF58
FEF4
FE92
FD2D
FEEB
0376
0423
0145
0048
0038
FFA3
0163
0328
008E
FDE0
FF08
FFC7
FFA2
0266
0449
017B
FF5E
0084
009E
FFAB
FFFD
FFE9
FFF7
024F
03CA
02B6
02E1
03BE
028A
02AB
04BE
0348
FF73
FE78
FEA6
FDE2
FF57
03B8
06FA
06CD
052A
043C
0387
02E6
0305
02E5
027F
02DD
029A
0123
0039
006C
01EE
0415
047D
03B3
0375
02D9
020A
0199
00F8
01BC
03A4
0383
028E
02F7
02EC
0220
01E8
01BF
01A1
0221
0334
04C6
05C4
04EC
024C
FF4B
FE98
007D
01DC
020A
0246
0170
FF75
FF51
0292
068D
07D1
074A
06B4
046A
0188
00E3
003B
FEB4
FE8B
FE40
FE01
0076
02EC
038F
044C
03B8
0198
005F
FF0C
FDE6
FEE0
FF91
FEBB
FE28
FD71
FDBF
0162
0576
05FF
034A
FFFF
FE1B
FD05
FC6D
FE69
0180
0118
FDC8
FB75
FB0D
FC26
FE4E
FF7C
FE4C
FCCE
FD97
FFC8
016E
0257
0195
FE69
FBB1
FC01
FE34
006B
0161
0092
FED3
FCD1
FBE4
FE23
018A
0217
007A
FEF7
FD72
FC5C
FC96
FD7E
FE3E
FE53
FDF1
FE56
0011
026D
0356
00EA
FD9A
FC5F
FB27
FA46
FD99
018E
00B5
FE84
FE11
FDAD
FE82
005A
FF6B
FDCA
FF29
0049
FF3B
FF05
FF77
FED0
FE89
FE91
FD08
FB98
FC32
FCFE
FD05
FDC4
FEAB
FE62
FE84
0003
00D0
0071
0045
FF9F
FE01
FCDF
FC5E
FC3C
FD50
FECD
FFC6
00D7
00E9
FF58
FE2F
FD80
FC59
FC01
FC75
FCFF
FE0F
FE6F
FE11
FED7
FF35
FE2B
FE2B
FEA8
FEC0
0016
009E
FEF5
FEC3
FF45
FD17
FBC2
FE00
FF82
FE84
FE17
FE7D
FDFE
FD98
FE3B
FE99
FE91
FF18
FF91
FF1B
FDE2
FC95
FC18
FC9A
FDC9
FF13
FF4F
FF0A
FEF0
FCE0
FA9F
FCF2
0098
0130
01D3
023A
FF12
FC72
FDC9
FF65
FF34
FE9D
FDE3
FCBA
FC63
FE5B
008F
0017
FF2E
FFC9
FF61
FE05
FDD1
FDEB
FE0F
FEA2
FE68
FE52
FFD5
00A1
FF82
FEB3
FE91
FDA1
FCD3
FD5B
FDB3
FD73
FE31
FEE8
FE34
FDBB
FE09
FE59
FF49
FFBE
FE02
FC43
FCDE
FE9E
FF82
FF0F
FE39
FE33
FEF5
FF39
FE69
FE1E
FEE4
FE37
FCA2
FDA4
FF9B
FF9B
FF6F
FF51
FD7C
FBD4
FC2B
FD1B
FD75
FD33
FCCC
FC8F
FC44
FCBA
FE80
FFAD
FF16
FE0B
FD12
FBC8
FB85
FD10
FE4C
FEB6
FFF2
007C
FF82
FFDC
FFBE
FCB2
FC3B
FF92
000C
FE72
FF12
FEFE
FDAF
FF02
0056
FDCE
FB2E
FB57
FB0C
FA60
FC87
FEE2
FF52
00EF
01E1
FF91
FEAA
FE4D
F96A
F606
F9BF
FED0
015E
02EB
0389
030A
01B3
0037
FF2D
FD2D
FB3C
FBCD
FC45
FC0E
FEFC
0263
01CD
0087
00E9
0075
0041
0247
027D
FEB8
FC94
FE2E
FEE1
FF61
0264
036F
0171
0165
0239
017B
0190
01AC
0014
FF7B
FFB7
FE1A
FCC1
FE2B
0031
012D
028D
03E8
030E
01C4
02C1
03FD
03C3
0356
0237
00B8
01B6
03F9
03CE
0237
0174
0036
FE44
FE85
00F6
0253
024E
025B
0215
0253
043B
059B
04E0
0317
0125
FFF1
FFB4
0027
0255
04ED
0489
0252
0137
011C
01B9
0247
0158
00AA
01AF
0296
0311
03F9
0412
0310
028E
02E8
036F
03C4
0392
030A
02D9
02BB
0247
023E
028D
021C
0197
018D
00DC
007D
0229
0457
0546
0533
04C4
04B8
044D
026E
015D
0242
02C9
02DC
0321
029D
034B
05B0
0541
026A
01B5
01A3
00BA
0209
03FA
0305
0216
032A
0389
03CC
0573
0515
023B
01D6
03EA
0424
030D
0312
02F4
0217
0227
02B8
0269
01DE
0197
0111
0105
029D
04E1
057D
0456
0388
02F3
0143
00D2
02E0
03A5
02B6
034A
038F
0216
0293
041C
029E
00B5
011B
014C
0120
01CA
016D
00EA
02C5
03E0
01FA
00D6
0134
0086
009C
025F
02C2
026F
0342
0353
02D1
0324
02ED
02D8
03B5
02C4
0091
0018
0078
00D7
018A
01E4
02C5
0403
039C
0317
0301
00A1
FE0B
FE97
0049
018D
0296
0333
047C
0529
02D8
015A
0357
0464
03B6
0426
02C8
FDD2
FB33
FE22
020E
036A
036D
0326
01A7
FEE5
FD55
FECD
00EC
010C
00D4
00E0
FF6A
FFA6
0415
0615
023D
FEF2
FDFA
FB68
F9FF
FD90
0192
01EB
0139
010D
003F
0044
00FC
FE6E
FA71
FAFF
FE0C
FF35
00F4
0426
0567
04A6
02CE
FFE8
FE8B
FF3B
FF20
FEF0
0004
FFCA
FDF5
FD95
FEB7
FF78
FFDD
FFA3
FE04
FD11
FEC9
007A
FFE3
FF27
FEE4
FDBC
FD73
FF0D
0020
002C
000E
FF4A
FE8B
FE40
FDC2
FE9D
011B
0224
01A2
0183
014B
0173
0250
0138
FEDD
FE9C
FF02
FED1
00D1
0391
02EB
00BE
FFED
FEF4
FDEE
FEAD
FF0E
FD7E
FD03
FED2
00C3
0248
036D
035D
02B0
0198
FF88
FEBE
0082
01D9
022F
0413
05FB
04A4
01A5
0099
018F
01B4
0008
FEBB
FEFC
FFAD
00D4
0295
0362
0399
04C6
048A
00B7
FD53
FDDA
FF2D
FEDB
FF5A
015C
029E
02FE
035B
02FC
01C4
0122
01C9
01D5
FF4D
FCB7
FD7D
FFC1
011F
02DC
04F0
054F
032B
FFA0
FDE3
FEE7
FF7B
FFA6
00A6
FE8C
FA3B
FB33
0011
0213
02A4
039C
0148
FD18
FCBD
FEFC
FFB5
0001
009A
FF2D
FD7F
FF0A
0203
0355
026A
FFF4
FDFA
FC88
FAC4
FC5D
0126
01E2
FF56
FF73
FF92
FE09
FF5E
020F
019C
FF42
FCF0
FB46
FB2A
FBBD
FCAD
FF2B
01A1
01AC
0073
FFEF
FFAE
FEAA
FD05
FB23
FA0C
FB66
FE0D
FF54
FFDF
003E
FE8E
FC9A
FDB5
FF81
FF81
FFA5
FF7C
FD21
FC5E
0032
037B
02C0
0197
0082
FD66
FC37
FF50
01DB
023B
0232
003E
FD80
FD9B
FEBD
FEB9
FF37
FF2D
FD3D
FC36
FC86
FC6D
FE24
0207
0395
025F
0180
00BD
0008
00D5
014B
FF78
FD36
FC66
FCCF
FDC5
FFAE
02A7
03B6
0160
FF5E
FF14
FEA3
FF01
FFA8
FE7B
FE87
0174
0369
0386
03B4
039E
021E
FE96
FB44
FBFE
FF2F
0143
034C
0612
076A
0623
0337
011D
007F
FF12
FCBC
FBE9
FDD2
01C1
042E
02FC
0194
014C
000B
FFA9
0117
0137
0091
0094
FF62
FE54
FFAE
0054
FEF7
FF1F
00B6
00BC
006C
019A
0242
01C2
01C1
0163
0005
FFC9
013C
02D5
0386
02A1
007A
FEB8
FEDB
00F9
02E8
02E7
01FE
0126
0144
0353
04B0
0398
02A4
00EB
FCEC
FC39
00DB
0434
036F
01A1
FFF9
FE46
FE0F
0033
0238
01C8
007B
FFC4
FF19
FFCC
01E4
023E
0138
015C
01C1
01A7
022C
02E7
02E4
022D
0104
FFED
FF69
FFB2
0066
007D
FFEC
FF45
FE76
FE6E
FFD6
00CE
0098
00A0
00CA
00A4
00BC
00C7
0081
FF7D
FCEC
FBBC
FED5
01CE
0119
0073
00BF
FEF3
FD1B
FDF3
FF64
FFAA
FEB3
FCE6
FBAD
FB27
FB67
FE05
00FB
00C3
FEDC
FDAA
FD47
FE67
0140
03EE
0383
FF4A
FBA6
FB43
FB61
FCE2
0120
01E4
FD92
FAF9
FB63
FC29
FE0D
0095
01D8
0172
FF65
FD92
FDCE
FEAC
FF19
FEBA
FCF4
FC51
FE13
FEC5
FE5E
FF1C
FE0B
FAF5
FBFC
00A4
023C
0118
00AA
FF1E
FCDD
FE6D
021E
0293
00AF
FF92
FE79
FD3D
FE39
00C1
0131
FFA1
FEDF
FE45
FCDD
FD60
004B
01E6
00B9
FED1
FDF4
FE0B
FE8D
FFE1
0157
0172
0111
009A
FF05
FE40
FF44
FF62
FF15
0000
0053
0032
00EE
0123
00FB
00D7
FEC9
FC5C
FCB8
FE7F
FFB9
00EA
0277
0334
00C3
FC23
FA91
FC76
FD5B
FDA7
FF77
007C
0009
0044
0081
000F
007E
011F
0053
FF68
FFAC
0069
009B
FFEF
FF59
FF73
FED6
FD8B
FDA6
FEC5
FF14
FF09
FFC0
005C
FEDD
FBC9
FAB6
FC85
FE6F
FF85
0086
015E
015D
FF1D
FBB6
FAE8
FC4B
FD26
FE2D
FF7A
0000
00AA
00A3
FF15
FE83
FE9F
FD75
FD4F
FED4
FF35
FF14
000C
009A
006B
00E5
0112
FF4C
FCEF
FC62
FD26
FD53
FD1B
FD3E
FCE2
FC05
FC37
FD6B
FE40
FEB4
FF28
FF68
FFC7
FFF2
FEF9
FDC1
FD24
FC9E
FD00
FE38
FE2B
FDAF
FE25
FD7E
FC5C
FDBB
FF66
FE74
FD5C
FDDB
FDDA
FD1A
FD4D
FD5F
FC79
FD33
FF13
FE56
FCA5
FD35
FDC6
FD5C
FDAA
FD2A
FBB1
FC27
FDB9
FE29
FE40
FE51
FDB1
FCE4
FCB1
FD60
FE60
FEE8
FF44
FF16
FD96
FD00
FF0F
009C
FFC5
FF1C
FEB4
FCB0
FB83
FCD5
FD5E
FC4D
FC0B
FC1E
FBE6
FD3B
FFE1
013D
005F
FED8
FE2C
FE09
FE2B
FEA4
FE3E
FD6B
FDF6
FE7E
FE43
FF22
0001
FF0D
FD39
FB92
FBE9
FE6D
FFCB
00B1
0281
005B
FABD
F8F8
FAB0
FBE5
FD8F
0012
01E3
01E9
FFA3
FDC5
FE56
FEC4
FE44
FE89
FF54
001D
0039
FF61
FF68
FFC9
FF3F
0076
02AC
0187
FF12
FEF6
FFE4
00EC
01B4
0126
00D5
01B1
0219
01EF
0177
0059
FF24
FD5B
FB78
FC72
FFC3
0249
03A1
046C
050D
0484
00A4
FD38
FF0B
013D
00AE
01B8
024E
FF8C
FF59
0242
02AA
01F2
01A0
FF9B
FF42
02A6
0402
01B6
0080
0091
FFA9
FF7F
0058
003D
00DE
0266
012D
FEDE
FE69
FD61
FCC4
FE63
FD7A
FAA9
FB5A
FCBD
FD20
FFF2
021A
0128
014B
021F
017F
018C
0160
FF59
FEAC
0060
016B
00E4
FFFB
FEEA
FD8A
FC9A
FCD7
FE5C
009D
01CB
011B
002E
FEE4
FCC3
FCC2
FF57
015C
0225
01B5
0040
FFCE
FF4E
FD78
FD4E
FEA9
FEAB
FE2B
FE07
FE60
FFB7
FFE5
FE8B
FE17
FDBE
FD66
FEC2
FFB4
FEED
FE50
FE3C
FF14
0092
014A
02E9
0483
0182
FCE1
FBB7
FBB3
FBE2
FDB6
FF0F
006A
034F
03C8
0150
00A0
00DD
FF8A
FF06
FF95
FF83
0034
015A
0180
020A
0147
FD30
FAFF
FCBF
FD9A
FE13
FFEA
FFD5
FF17
009F
012E
FFE3
FF8C
FF9D
FFB1
FFDD
FE75
FDE6
0146
0420
0293
FFF5
FE70
FD00
FDB7
00F8
013C
FE0B
FD2E
FDC8
FCEA
FE2A
0189
02D3
02BA
019C
FF1D
FE85
FEE7
FE1F
FFDD
02C0
0217
013F
01FE
0102
FFBE
FFA7
FEFF
FEF2
005A
01B9
02F0
03D1
03D6
0265
FEBA
FBF0
FD37
FFC8
0153
028D
030A
034B
0361
016F
FF51
FF3C
FEFB
FE6A
FF25
FFFC
014C
03A8
03E3
0192
FFF6
FF02
FDC0
FE32
00EF
0376
03CB
023D
00DC
00D7
0116
018C
02CB
0249
FFAA
FF2D
0098
0178
0450
06FF
0357
FDD9
FD17
FDC7
FE81
01F3
058C
068E
0586
02BA
0029
FF61
FEFA
FF74
017C
028F
01AE
0047
FF78
FF9A
FFB3
FFFD
016D
013C
FE71
FD5A
FDE4
FC5A
FB4F
FE24
00E9
FFD0
FE12
FECE
FF85
FEED
FF57
FFD8
FEE1
FECD
FF78
FEAB
FDE3
FDD2
FD9A
FE6A
FF33
FE11
FCFB
FC64
FB6F
FC1D
FD8A
FCBD
FB66
FB32
FB0B
FB5D
FC94
FE65
009E
0072
FD28
FB71
FC42
FC65
FCBF
FDF7
FD4F
FBC5
FC31
FD69
FE62
FFA9
FFFA
FEA6
FD10
FBBA
FAB5
FAD9
FBF2
FCA3
FC5D
FC41
FDA5
FFB5
0099
0089
0084
FF90
FCBF
FA3C
FAEE
FDDA
FFD7
003A
FFAC
FE67
FDD1
FE13
FD41
FC1D
FC63
FCD1
FD21
FE44
FF05
FF7F
00A9
002B
FD84
FBED
FB7D
FB2E
FD83
0230
0407
019E
FF01
FE69
FE71
FE68
FED2
FEF3
FE55
FE67
FF93
0081
00E8
0123
0068
FEA0
FD94
FE65
0005
011A
0170
00DB
FF79
FF02
000C
0091
0019
FF78
FDB9
FC89
FF6C
030E
02B1
014C
0131
FFB0
FE47
0053
02A1
0142
FE8F
FE0E
FEF5
FFB6
01DC
0551
05CA
029A
FFF1
FEA2
FD60
FD94
FEFE
FEC0
FD37
FD18
FE69
FFBE
019B
0415
0423
00DB
FE76
FF2C
007F
0125
01AE
01A2
0085
FEA6
FD26
FDC3
0015
022A
0421
05B6
0482
01E0
01CF
02C5
018E
FFF7
FEA7
FC18
FB42
FDE7
0028
0114
027D
037B
03B0
02AA
FF89
FE46
00E8
026E
0210
02ED
02D5
008B
FF26
FEBF
FE11
FE13
FF4B
015F
0318
02FF
0218
01D0
01BB
01EE
0268
01D4
FFE7
FDDD
FD38
FE86
0069
01AD
02B5
0370
0337
01FC
0096
0086
016F
0129
001B
FFD5
FFFA
00E5
0286
026B
0107
00B5
FFFC
FECF
0067
02E0
0295
01AE
018D
005E
FFCD
0163
01AC
FF2C
FD5C
FE0F
FF46
FFEB
0186
0374
028F
0045
0078
0191
01AB
0306
0443
0204
FEFA
FE46
FE65
FEF5
00FA
02A5
027B
0222
0256
0165
FFB2
FF84
FFCF
FE7B
FD28
FD78
FE62
FFB9
01C0
02FB
024C
00E3
00DE
01DE
0152
FFCC
FFCA
0023
FFC3
0046
00B4
FFDA
002F
019C
017F
0127
01F6
023E
029A
0424
0454
026A
010E
00A2
0000
FF96
FFB5
0053
0153
01D8
0210
0275
01D7
010E
0222
031E
02CC
0394
04BF
042D
031F
0186
FF00
FF07
01FC
0375
0316
039A
0440
03D5
041C
053D
0473
01FE
0066
FE82
FCC1
005E
0694
0676
023F
001C
FDDF
FCC4
013F
0579
0411
01BF
009F
FEED
FE7F
0002
01CE
0355
031A
0127
0043
0092
0152
02B7
0260
FFCC
FEC9
0021
0219
0498
060A
041C
FFD0
FC08
FAE3
FC66
FEE1
0113
01FC
0118
FFE7
FF96
FFEC
00F7
01BF
0084
FDD0
FC57
FE32
01A9
02DE
01E0
005D
FDAD
FC0B
FEBA
0275
0323
01B6
FFA8
FD70
FC06
FCD6
005F
0339
0230
FFD4
FE58
FD24
FE59
0255
0472
02AF
FF47
FCD3
FCBD
FDA0
FE1F
FF5A
007E
FFE2
FF63
0077
01DE
025A
0116
FE5B
FBD9
FB28
FD65
0126
0341
040C
0421
0090
FB30
FA19
FC33
FD4D
FE4C
FF0E
FE32
FF10
0284
03BE
024D
0119
FEE4
FB7B
FAF6
FE92
02C8
0482
03F3
027B
0016
FD8C
FD2E
FEF2
0115
0227
00E7
FF41
FF61
FE22
FB2C
FB88
FE34
FEEE
FF65
015E
02BF
0236
00FB
00C9
0075
FEE5
FF43
00DB
FF73
FE60
FFD2
FEAD
FCAF
FE4F
FFAC
FFAC
00BB
FFF8
FE46
003D
02CA
02DE
0328
0255
FE5F
FC8A
FFB2
02BB
033F
03AD
0356
00D7
FEB8
FEBB
FFDF
0093
FFD9
FF05
FEAC
FDB5
FF85
056C
0809
0592
0350
0075
FCB0
FBF0
FD8C
0085
03BA
024E
FEF1
FEB0
FD3B
FC30
01F3
06FB
04DE
023C
00F4
FE8C
FE07
FF42
FEBE
FDC2
FE57
0012
023C
0393
0394
0324
022E
007C
FF58
FF17
FE5C
FDD5
FF06
FF48
FCBD
FBA6
FDB2
FF2E
0046
0289
0331
020F
01F6
0203
00DE
FF17
FC90
FB53
FD79
FFC2
0065
01FA
0315
019B
0071
FF12
FB3B
F9AF
FC9E
FEF5
FFE2
0163
02A3
0411
0414
FFBC
FBCF
FBF7
FBCE
FBFB
FFDE
01F5
FF38
FDFF
003E
0169
0157
02AE
0306
FF58
FAFC
FA26
FC17
FE75
FFBD
007B
024B
0270
FF25
FDB1
FF14
FF08
FF33
0021
FDFA
FBBE
FD10
FEB6
FF90
0054
FFB2
FF16
003A
01F6
033B
02AC
00A5
FF81
FDAF
FA8B
FB58
00CE
04B6
046B
027B
00AE
FEC0
FD9C
FEDC
006A
FFE5
FF3B
FF67
FFB5
012D
0279
01B7
0137
0171
008A
FFE1
0074
0180
02F2
033E
01A8
0061
FFFB
002B
01CE
03DA
047C
0344
00B8
FF49
005E
01DF
02AD
0378
03C0
02D5
0121
005C
0195
027E
01DE
01F9
027A
01DB
01CF
0268
01E7
0184
0212
0218
01BC
01F8
0256
0252
0243
0245
0184
0036
0021
0109
015E
01B7
023F
01E9
01A4
0258
033E
03E1
0394
0249
0177
00CD
FFAF
FFD7
0108
0179
01D1
021F
0184
010B
00E4
00C4
0206
0322
01AA
004A
008C
FF97
FDF8
FE50
FF48
FF95
0031
00C1
00F1
01D7
02C2
021A
00D2
007B
0036
FF41
FF0B
FFB2
FF9B
FF7F
006B
00C9
006B
00D0
011C
0084
0037
0071
00B4
00BF
005F
0025
FF81
FDF0
FE6C
015A
0283
0212
0283
029F
02BF
02FC
0015
FC95
FD8B
0003
0162
03F8
0657
05D6
03BD
0192
0049
002F
005E
0142
021C
005F
FDEB
FE05
FF4A
004F
01F0
03D7
049F
038B
01BA
00E2
0056
FFB2
FF86
FDED
FB9A
FCD2
FFF7
014E
02AF
03FA
025F
005C
006C
005A
FFD2
005B
00D2
0051
0019
FFD3
FE5F
FE64
01A7
03B9
0322
0408
03FD
FF14
FB87
FD0A
FEBC
0014
026F
0386
0433
048E
01C8
FF7E
00B4
00D5
FFE5
0114
00CA
FE1D
FE22
0049
00F6
015E
01E8
0026
FDBE
FE41
FFDC
FFE7
004D
0124
0052
0038
0216
02D3
02E6
0388
02E0
020A
0141
FE77
FE3F
0330
0635
0554
0490
029C
FEAD
FB8E
FAA8
FDAF
02D8
045F
03B9
0506
0481
0037
FDB1
FF7F
0209
0298
0294
02D8
014A
FEDA
FEB2
FFC4
00B7
01E8
0200
01B8
01CF
FF34
FBB5
FBE8
FD79
FEBE
012C
028B
028C
028F
007F
FE59
FF07
FEE8
FE54
FFF4
FF24
FC1D
FD46
0011
0050
00C3
00F4
FEC7
FD83
FE84
FF63
FFD5
FFD7
FF18
FF8E
00CC
FF66
FCFB
FD9F
FF21
FEAE
FEB1
FF54
FE36
FD43
FDFE
FDF1
FCE7
FC92
FCB1
FD05
FD77
FD48
FCEB
FCF1
FD07
FDA1
FEE1
FF6A
FEC3
FDF7
FD97
FD3B
FCA6
FC2E
FBCC
FB34
FB20
FC7D
FE3F
FE91
FDE6
FDC8
FDC4
FCF4
FC50
FCC6
FDDB
FEA0
FE9E
FED2
FF58
FDC7
FADD
FAE4
FD33
FE13
FE1F
FE89
FE23
FD8B
FE00
FE67
FDD7
FD13
FC9C
FC32
FC0A
FCC8
FE0F
FEDC
FF00
FED4
FE89
FDE9
FCAB
FC23
FD7A
FEC3
FEE9
FF6E
FFC7
FF1D
FF57
0024
FF5D
FE68
FEA1
FE6B
FDFC
FE7A
FE8C
FE34
FF25
0000
FF90
FFD5
0067
FF10
FD6F
FD7D
FE52
FF8E
00E7
0104
0008
FEE1
FE24
FE7C
FF44
FF87
FF89
FF01
FE30
FE65
FF0E
FF82
0074
00CB
FFA9
FE7C
FD8E
FD62
FF9F
023C
0200
0023
FE58
FBFC
FA8B
FC74
FF97
0062
FFC8
FFC0
FF59
FF40
01BA
0456
0370
00E9
FF38
FD39
FC2E
FEED
01C5
0036
FE29
FEE7
FEF9
FE80
0072
01C4
FFDF
FD5A
FBE4
FBC3
FC84
FD1B
FF16
019A
0010
FCF8
FDC9
003A
01F8
044A
0531
02F1
FF68
FC96
FC08
FD2C
FE06
FF24
0073
0040
FF90
FFC5
00BC
026E
03C3
0456
0401
0071
FC39
FCF3
FF40
FED3
FF93
01ED
0134
FE35
FC9D
FD1A
FE88
FFE1
0106
01E4
030A
0538
0556
01D2
FF54
FE4F
FBC9
FB08
FCF9
FDB0
FE5D
FFC7
FFB5
FFFE
0076
FEBE
FDAB
FE21
FE4B
FF79
0064
006B
028F
0248
FCAE
FADA
FE7D
006A
024B
0581
041F
FF2B
FD10
FDDB
FE54
FE3A
FEAB
FEDB
FE3A
FE62
FEAE
FDB8
FDA7
FE94
FE72
FE72
FE4C
FD18
FDBC
FF5B
FEE2
FE84
FE90
FD4F
FD90
FF4A
FF3D
FE98
FDF4
FC50
FBD5
FC8B
FC6B
FD0C
FEDA
FF5C
FF0A
FF59
FF27
FE2A
FDCF
FD88
FC0F
FB10
FBBC
FC25
FC59
FE0A
FF58
FE42
FCC1
FCD7
FD93
FD8F
FDDF
FF4B
FF88
FEBF
FF9D
0078
FFFC
000C
FEB3
FB84
FB33
FCEC
FD4E
FE21
FF0E
FE4B
FE65
FFDF
005D
0001
FF75
FE93
FD7C
FC78
FC7E
FD54
FE2C
FFFA
0197
0139
0139
01BD
FFFD
FDCB
FD5D
FD7D
FE52
FFB2
0068
01D1
03B7
0346
0147
FFCC
FDD8
FBC4
FC15
FDF2
FE5F
FDA0
FD6D
FDB3
FEA9
0092
01F9
0274
0303
0329
026B
01CD
01BB
0161
004B
FF88
FF98
FF1F
FE85
FF59
0054
0093
00CC
001E
FF42
0013
00D2
0067
FFF2
FEC4
FDA8
FEB0
0070
017C
01F9
0167
0119
0215
027A
022A
01DF
0081
FF35
FFB0
0095
0222
0633
0A0B
093B
04FE
01A3
FFF1
FEDD
FF71
01EC
03F3
0414
0337
02A2
023C
01B3
01EC
020A
0038
FEBB
FF8A
00E0
0336
0662
0644
039F
0237
0124
007C
0188
01AF
00C5
0152
01EC
016C
017D
0208
023B
0225
015C
000C
FF59
FFDB
0107
0205
02CD
027C
FFD8
FD8C
FE86
0089
016A
0228
02F9
033C
023D
FF4F
FC5F
FBBC
FC49
FCFF
FEA6
0031
FFF7
FF57
0008
00AD
FFE8
FED8
FE14
FD3E
FD68
FE88
FEA0
FDEC
FDBF
FDA0
FDF6
FF6C
FFFC
FECF
FE38
FEBA
FE8D
FDD5
FD6D
FC6C
FAAA
F9B0
F9D3
FA75
FBA9
FD4C
FF27
009A
FF48
FB4D
F926
F9D0
FA1A
FAF3
FD93
FDD9
FB7C
FBA1
FDC5
FE90
FFB6
00FE
FE6F
FA0F
F949
FB6D
FD1D
FE68
FFDB
0030
FF4C
FEBE
FE9C
FDF8
FD71
FD92
FDBE
FE3F
FF49
FF99
FF27
FF33
FF4D
FEBF
FF2E
0136
013E
FD94
FACC
FB76
FC58
FCCB
FEE5
0116
0134
FFC2
FE00
FD49
FD81
FDB5
FEE9
0014
FE2B
FB82
FBFB
FE2F
002E
01CA
01E0
0066
FEB6
FD54
FCE4
FD81
FDDF
FE89
00EE
02A0
0159
0039
0108
010E
006E
0018
FE15
FCB9
FEA7
FF7B
FE67
FEA8
FDB2
FBD6
FD98
0002
0040
00EB
0106
FFF7
FFB3
FE5A
FC8D
FDBE
FF67
FF56
FF73
FFC2
000E
FF9F
FC8E
F9C2
FA48
FBA6
FCE9
FF24
0100
0191
00A3
FE57
FC76
FB7C
FB2B
FC8E
FE3B
FE35
FDAC
FD39
FCCA
FDAC
FED6
FE44
FD1E
FC34
FABD
FA67
FC81
FE64
FEB0
FEDA
FDBF
FA9F
F999
FC3C
FEAE
FF86
FFA5
FE06
FB8C
FBC1
FEDF
0124
00C3
FF7B
FDAF
FB43
FB85
FEA5
FF6C
FD88
FC25
FA33
F866
FAF0
00A7
03FB
02A0
FEED
FC02
FA7C
FAC2
FE01
01FA
02F3
00F5
FE49
FCA8
FC73
FE15
021D
045C
00B6
FC5E
FB85
FAE3
FBBF
0056
0329
021C
00D9
FFDA
FF0E
FF26
FF0E
FF2C
FFD2
FFD1
004F
0207
036C
0437
03EF
01C6
FF71
FE88
FF07
006D
00F8
FFDB
FEFB
FF67
FFFB
FFAB
FF20
FF9D
0064
0027
FFCA
0019
00AE
0150
0133
FFF9
FEC0
FE14
FEEB
025B
04F4
02B3
FE94
FCDC
FC70
FC85
FE64
000F
FFDD
0079
023D
0301
0414
054E
02BB
FD95
FB35
FC01
FD29
FE7C
00F6
02D1
019E
FF54
FEB6
FE32
FD73
FE5A
FEE2
FE3B
FFB0
01FD
021A
0239
02FA
01F1
0027
FE83
FC04
FB39
FE1D
0144
02BE
03E2
03F2
0267
00F3
FFE5
FF7B
001D
FF83
FE1E
FF9F
01CE
012E
00F1
0269
028F
020E
0298
0312
0360
03B1
0304
0197
004B
FF64
FFF6
0291
042F
0204
FF7D
001E
0103
0143
0321
03A8
0199
0127
0199
011F
0201
0270
0105
016C
0208
0003
FF53
00C8
0156
023D
03CE
0394
02BA
0331
0393
02E5
0209
00F1
FF9E
002F
0306
0570
0685
0694
0548
03FA
0282
FF94
FE67
FFCF
FF6F
FDF0
FDCA
FDB7
FEE9
01CB
0317
0326
02BD
0139
01EA
0420
0235
FE78
FDBB
FDCD
FDE0
003A
02D3
029C
0101
0067
0068
0058
0124
029A
0379
02CC
FF02
F9F8
F8D6
FB49
FDC9
008C
02D0
022E
FFD2
FE04
FDA6
FE45
FE5A
FE74
FF1E
FE3A
FCC8
FD9C
FF36
0049
01E6
0315
0297
0123
001B
006A
0130
0131
009D
004E
0224
0598
05F0
02F7
00CE
FE9C
FBBC
FC2E
FFB3
024C
0341
033C
0278
016F
0041
FFEC
0138
028A
0286
01C0
0120
0113
0141
0100
FFF0
FE2B
FD2C
FDFB
FF4E
0150
056A
084D
069C
0432
0458
0431
0343
036B
020B
FF1F
FFAD
0258
02B8
0304
044F
03BD
0279
0243
01EA
017C
010C
FFFB
FE8C
FC62
FB1E
FD88
013B
033F
047B
04A7
03A9
02BA
008A
FDD7
FE39
0075
0176
01EE
02AD
029B
0118
FFA0
FFAC
FF9F
FE6D
FDE8
FE22
FE15
FDDE
FD23
FD0E
FE93
FFE3
0178
0355
0201
FED0
FC99
FA2C
F9B6
FC14
FD99
00EB
063D
051F
FF6B
FD20
FC56
FC13
FEB7
004F
FEDF
FD82
FCBD
FC69
FCD0
FD35
FDDA
FEF8
00B0
02A4
024F
0043
FF0E
FCD3
F95F
F818
F9BF
FE48
030D
0369
0234
0182
FC82
F6DF
F7E2
FBEE
FF33
0247
03EF
04B0
0432
00EA
FEF6
FF5B
FDCF
FC3B
FC8D
FCA6
FE33
0070
FFEB
FFB2
0103
0107
01D8
03BB
02D0
0013
FE2E
FDBD
FEF2
0024
0118
02BD
02A1
00E8
0097
0045
FF37
FEE1
FD60
FBB3
FE0B
0266
0493
046C
02B7
FFCB
FC55
FABE
FDC5
0226
0305
0284
0278
007D
FE7B
002B
0353
03F9
0239
004D
FE69
FC35
FC59
FFA1
01D2
018D
0165
0178
0159
0191
0105
FFBD
FF72
FFC3
FFAB
FFA4
003E
012F
0177
0112
0100
009B
FF69
FECD
FEE0
FF31
0004
FFFD
FEC2
FE4F
FE60
FE66
FFA8
009E
FF9D
FEF2
FF56
FF0C
FE8D
FE80
FE24
FDB8
FDA6
FDC2
FE31
FEC6
FF0D
FEF4
FEA1
FE3F
FD9E
FCE8
FD0A
FDC0
FDE9
FD90
FD68
FE3A
FF60
FE76
FC7F
FC54
FC1C
FAED
FBAA
FCD4
FC50
FCFF
FE88
FE74
FEE3
0008
FF50
FDF5
FD4F
FC86
FC0B
FC2B
FC91
FD0C
FC9A
FBBA
FB7C
FACA
FA3F
FB80
FD50
FF59
0185
00BF
FD2A
FAC6
FA3A
FA2C
FAE9
FD11
FFDE
00B1
FF10
FE48
FEB5
FE39
FDCB
FDB3
FD3F
FED6
0249
03E9
0406
03F6
020D
FF08
FDAC
FDF6
FED9
0039
018F
0253
030A
042B
04E0
046B
03C7
03B2
0336
01F2
00F0
00E9
01A2
0247
0268
0275
0272
0208
021A
0373
04E1
051F
04BB
0465
0379
0218
0252
042D
0460
0273
014B
00B9
FFFA
01D3
05C6
075B
0607
03DB
01E2
0136
00A0
FEF2
FF95
02E2
0447
0403
045E
040C
03F5
059F
062D
0443
0208
008B
FFFD
FFBF
FE76
FD77
FEE6
0167
02F6
0404
0504
052B
0443
02D2
019B
01DC
030F
031A
0280
0215
003A
FE75
FF83
009D
FFC8
FF17
FE2B
FD16
FEAB
017E
0254
0210
01AF
00BA
000A
FFCF
FE9E
FC81
FB9C
FCD7
FE73
FF4B
002E
018A
0296
01C2
FEFC
FD16
FCD4
FC8B
FDAB
0045
FFD6
FC6F
FAE2
FBE5
FD77
FFA5
02B3
0438
01A4
FD5E
FB8F
FBC4
FC47
FCCA
FD13
FEC6
0178
012A
FF6D
FFBA
FF54
FDE4
FE56
FEDF
FE83
FECD
FE8C
FDD7
FDE5
FD8D
FD9F
FEF5
FF1D
FE54
FE5C
FE0B
FD58
FD45
FCF3
FCA8
FD5D
FE2F
FEA7
FF4C
FFAE
FF38
FEC6
FF33
FF57
FE49
FD8E
FDA5
FD61
FDCD
FFD8
00E9
FFA6
FE5B
FE00
FD9D
FDBA
FE7E
FE6F
FDE7
FDE6
FDD9
FE72
FFE1
FFC4
FEEB
FF8F
FF87
FE5D
FE77
FE91
FDFB
FEA1
FF0B
FE18
FDFB
FECE
FF9A
0066
0007
FE4E
FCD5
FC75
FD91
FF5B
0013
000F
0020
FFEE
FFCA
FFAE
FF27
FF00
FF51
FF1C
FE98
FEA6
FF7F
003C
FFC5
FEFD
FF12
FF41
FF41
FF9D
FF98
FEB8
FDED
FDBD
FDD7
FE3F
FF6C
0121
0224
01DE
00E7
0002
FF57
FE6C
FD6D
FD4C
FDD3
FE5E
FF23
FFD3
0017
007C
00B2
0034
FFCF
FFFD
0055
0063
0023
0078
0161
0151
0084
0074
0088
FFF8
0010
015A
01DA
0074
FF10
FEFA
FEEF
FE79
FE93
FF79
00A0
010B
00A1
009B
0080
FFA3
FFA0
FFE5
FEAD
FDFA
FEB6
FEF7
FF6B
009F
00BD
0004
FFAA
FF81
FFC0
0046
009F
00FC
00E2
002D
FF80
FEB5
FE66
FF08
FF58
FFCC
00B4
FF5D
FCA8
FC58
FD2D
FD48
FE70
FFF4
FF77
FE1A
FDB0
FE0A
FE9C
FEFD
FF47
0006
0090
FFE4
FED7
FE85
FE5C
FDFA
FE0C
FE38
FDD1
FD83
FD9F
FDA1
FD75
FD08
FCC7
FD62
FD9D
FCE1
FCF3
FD99
FD80
FDCC
FE74
FE16
FDCB
FE0E
FD9C
FD38
FD7C
FD3C
FCD9
FD2E
FDA2
FDEC
FE1B
FE3D
FE78
FDDC
FC38
FB83
FC59
FD60
FDF9
FE29
FE49
FEA9
FE62
FD48
FCE0
FD6B
FDE1
FE2E
FEAE
FF2D
FF0C
FE33
FDC9
FE5E
FF06
FF88
0018
FFC3
FEA1
FE84
FF8A
FFF3
FF77
FF0A
FE74
FDA8
FE02
FF68
0015
001F
007D
00A4
007B
00B0
00D4
0082
006D
00C4
00E4
00D4
0149
01EE
01BC
0122
00EC
00A2
0059
0077
003A
FFE4
0063
00D7
00C1
00D1
00B3
003F
FFFE
FFAF
FFA0
0066
010B
0124
016F
0195
0126
00F3
0164
01D8
01C0
017A
0177
00D4
FF56
FEEB
000D
00B1
0063
0039
FFF3
FF53
FF42
FFC8
0012
0002
FFAD
FF55
FFD8
009B
FFE7
FED0
FF57
002F
001F
0085
013A
00BD
FF91
FEC0
FE71
FEA6
FEEF
FF12
FF86
FFF4
FFD2
FF6F
FF1A
FF16
FF5C
FF47
FF2A
FF8F
FF96
FEFF
FE96
FE59
FE5E
FEEB
FF0B
FE55
FDEF
FE57
FF12
FFDA
0087
00C0
007B
0073
00F5
00F9
0046
FFC6
FF43
FE6E
FE3C
FED6
FF4A
FF37
FEFB
FEF4
FE93
FD80
FD3F
FE4A
FEDC
FEAC
FEA2
FE81
FE89
FF42
FFE0
0001
FFF4
FFA0
FF6A
FFA7
FFA2
FF38
FF61
003D
0099
0027
0008
0022
FF43
FE2F
FE4C
FEF9
FF4B
FF6C
FF98
FF9B
FF2B
FEAE
FE9E
FEB3
FF21
FFFD
0048
007A
0151
0142
0060
0086
010F
010F
00E9
003B
FFD7
00C9
0148
00C2
00AA
002E
FEEE
FF36
011A
020B
015B
004C
FF6E
FEAA
FE72
FED3
FF14
FF6D
0027
007D
00BD
0151
00F6
000E
007D
0198
01EC
01E4
01BA
0113
00B1
016B
026A
025D
0172
0070
FF88
FEFF
FEDB
FEDE
FF76
0040
002E
FFF9
0029
0002
0000
004B
0028
0086
017B
01CF
0272
0346
021F
007D
00DD
019C
0177
0180
0165
0093
000B
002C
0040
0025
0028
0043
007E
00D9
00A5
FFBD
FF68
0011
0088
0098
0127
0219
0260
01A2
00BB
0076
0075
0058
0069
008C
0089
007F
0033
FFB3
FF9C
FFD8
0032
00ED
016B
0103
0070
0020
FFBB
FF80
FF5A
FECE
FE8E
FF27
FFCB
002E
008D
008E
0040
0020
001C
002B
0059
0058
0029
FFFF
FFF5
0010
FFF3
FFA6
FFB3
FFAC
FF33
FF2C
FF90
FF83
FF58
FF62
FF70
FFC3
0010
FFC9
FFC2
0090
011C
00C7
004C
FFE8
FF5B
FF66
0074
0118
00A2
0020
FFBC
FF13
FECB
FF01
FF10
FF08
FF13
FF0A
FED6
FE90
FEB7
FF63
0021
00E0
014B
0101
0099
0013
FF61
FFD0
00E5
00DF
00C7
015D
013F
00EC
0131
00BD
FFC1
FF9D
FFC4
FF9E
FFAE
FFE3
FFC6
FF77
FF7E
FFE5
000F
0014
0071
0092
FFF7
FF48
FF2E
FF92
FFFD
0054
00C1
00C8
0050
0038
003C
FFC5
FF98
FFB4
FF85
FFF5
0107
013F
00B4
0045
FFD0
FF3F
FED6
FEEC
FF93
FFF7
FF9B
FF05
FE93
FEA4
FF26
FF01
FE8D
FF1A
FFC7
FFAB
FFCC
FFE2
FED8
FDCB
FDFE
FEBE
FF2C
FF4F
FF5D
FF6F
FF86
FF82
FF32
FEE4
FF25
FF9B
FFC3
FFFA
0036
FFF9
FFA2
FF89
FF75
FF46
FEAD
FDC2
FD9B
FE64
FF12
FF48
FF32
FEF0
FEC3
FE97
FE7E
FEE3
FF67
FF81
FF72
FF20
FE5E
FE03
FE82
FF13
FF4B
FF81
FFAC
FF9D
FFB4
FFFF
FFF5
FF87
FF11
FECF
FEBC
FE43
FDB1
FE91
001F
0036
FFCA
FFEC
FF5E
FEBA
FF14
FF35
FF1F
FF78
FF5B
FF49
FF92
FEA4
FDB5
FEE5
0068
00B7
00BC
008E
000F
FFCE
FFA4
FF65
FF33
FF1D
FF49
FF7E
FF9A
FFB2
FF46
FEB7
FF00
FF73
FFB1
0058
0083
FFED
FFFA
0039
FFDE
FFD8
0003
FFD5
0023
006A
FF79
FE7C
FE82
FEA6
FEBE
FF65
FFED
FFB5
FF78
FF92
FF99
FF9E
FF89
FF29
FF3E
FFFA
005B
0049
0039
FFF6
FFBB
FFDF
FFEF
FFC2
FF7E
FF4A
FF73
FF82
FF2B
FF68
FFD6
FF1E
FE5D
FEBA
FEFE
FEF7
FF80
FFBC
FF27
FED6
FF0E
FF48
FF59
FF2B
FF28
FFB1
FFDF
FF4A
FF0F
FF74
FFB3
0007
00E2
0160
00C1
FFE1
FFC2
FFD7
FF85
FF95
003B
0033
FF52
FEDB
FEDC
FE98
FE89
FF19
FF62
FF42
FFB1
003C
FFF1
FFBC
0023
001D
FFD4
001C
006E
0081
00A4
009A
007E
0074
000A
FF9E
FFAF
FFAE
FF88
FF83
FF29
FE9D
FEA6
FF37
FFC8
002E
0094
00F9
00E4
0049
FFEA
0018
005E
005D
0062
00C1
00D6
0080
00A0
00A9
FFE5
FFB0
005B
00BC
00F7
00E9
000B
FF4F
FEF1
FE8C
FEBA
FF02
FF30
0077
0162
0045
FF5B
FF76
FF1A
FF1B
FFF0
003C
004C
009D
0079
0030
001B
FFA6
FF20
FF53
0014
008C
0052
FFFC
FFDA
FF62
FECD
FEDD
FF68
FFDC
FFF5
FFAF
FF25
FE9A
FEDE
000E
00BE
00A5
00D0
00E3
0083
0082
0068
FFA8
FF62
FFC3
FFE9
0012
00A0
011B
00F5
0031
FF99
FF89
FF64
FF46
FFA2
0002
003C
006B
0042
0020
0047
003F
0079
0152
01C1
016F
00F9
0063
FFD0
FFA0
FFDC
0080
00F3
008C
000D
FFF0
FFB1
FFA6
001B
0060
007E
00B0
0095
0089
00A7
0030
FFAD
000D
0097
00B9
00ED
0134
013C
0109
00B3
0083
00BC
0113
0155
01B1
01A9
0070
FEF7
FEED
FFD6
0052
0078
007D
003E
004B
0093
0070
0040
003E
0004
FFFB
0054
00A1
010B
0171
012B
0087
0019
000C
007B
00D1
007F
0010
FFC9
FF8B
FFBD
004C
00AC
00C8
00AE
008C
00A6
0099
0038
FFF8
FFC3
FF6A
FF4D
FF78
FFC2
0029
0050
FFF2
FF6C
FF3A
FF86
000B
005C
0079
0066
FFEF
FF6E
FF5D
FF90
FFD2
000D
0003
FFD6
FFD9
FFF9
0011
0006
FFB5
FF46
FEEF
FEAA
FEBA
FF43
FFB0
FFB7
FFB0
FFA4
FF84
FF99
FFDB
0002
0007
FFD4
FF58
FEF9
FEE7
FEE2
FED3
FED6
FEFA
FF3D
FF6A
FF65
FF6E
FF84
FF5D
FEFC
FEA4
FE92
FED8
FF26
FF3F
FF3D
FF11
FEC0
FECB
FF52
FFCC
FFD9
FF72
FEE5
FEB5
FEFF
FF82
001A
0087
005F
FF8D
FEA8
FE9B
FF88
007A
00CE
009A
FFDC
FF0E
FF12
FFB0
FFF0
FF97
FF06
FE9E
FEA7
FEF6
FF32
FF55
FF6F
FF6A
FF59
FF92
002E
00D7
0135
0136
00E0
0050
FFC9
FFA4
0014
00B3
00CB
0061
FFF7
FFB4
FFA4
FFD8
0030
0083
009E
0055
0009
0001
FFF7
FFEB
0009
0019
0007
FFF4
FFE1
FFFA
0044
0032
FFA4
FF4C
FF99
003A
00AB
00B6
007E
0026
FFEC
0013
006E
0098
007F
0030
FFBF
FF80
FFBE
005E
00E5
00E2
0080
0022
FFC4
FF66
FF4B
FF5B
FF50
FF39
FF45
FF9B
0041
00CA
00C7
006E
002F
0025
002A
FFFF
FF9E
FF64
FF90
FFD9
FFF4
FFED
FFE5
FFD8
FFCC
FFDD
0003
001D
001E
0019
0017
FFF4
FF9A
FF51
FF6F
FFCB
FFF4
FFC5
FF78
FF38
FF15
FF21
FF5A
FF8A
FF92
FF8B
FF78
FF4E
FF3A
FF6F
FFD8
0039
006C
0066
0033
0018
0052
00A3
0095
0036
FFD9
FF92
FF83
FFCC
0002
FFC4
FF62
FF36
FF2E
FF3A
FF76
FFE9
004F
0043
FFE3
FFC0
0004
0062
0094
005E
FFD9
FF99
FFD1
001F
0047
0039
FFE1
FF84
FF74
FFA4
FFFA
004F
0067
0050
0026
FFDB
FFCA
0055
0112
0177
0152
0078
FF55
FEE8
FF5E
0007
0082
00D0
00E8
00C8
0064
FFE1
FFBA
000A
0063
0097
00B8
00AD
007E
006B
007A
007A
0055
0049
00B5
0169
01A2
0135
00BE
0091
0084
0064
0035
005E
00F6
013D
00DB
007C
0067
0052
0051
006F
006E
005E
006E
0090
00CB
0109
00F5
0099
0065
0091
00E4
0122
0165
01AE
018E
00EC
0060
0041
006E
00C7
0114
010A
00BB
0075
006D
0083
0078
0066
0097
00F0
011A
00F7
00A9
0065
004A
0059
0097
00DD
00DE
00A5
007B
0076
008F
00BA
00E7
0127
017B
01A4
0184
0148
0108
00A6
004E
0076
010C
0168
0160
0159
016D
0160
0108
008A
005B
00B3
013D
01B0
01DE
0198
0137
013F
018A
01C5
01F1
01EA
01A0
015E
013E
00FC
0081
0017
FFFE
0024
0070
00E2
0128
0100
00C7
00D6
0113
014C
0151
0119
00FD
0126
0154
015E
013A
00E5
008A
003E
0000
FFF2
FFFF
FFE6
FFC4
FFDD
003C
00CE
0155
017C
0146
00FF
00CE
00AA
008A
0080
0097
00BB
00C7
00A7
0073
006E
00A1
00BF
00A4
007A
0059
0038
001C
0020
004D
0082
0085
005D
004D
006A
0072
002A
FFB1
FF59
FF5F
FFB0
FFFA
001D
004A
008A
00AB
00AF
00AF
00A8
009A
008E
0083
007B
0087
00C6
0124
014D
0120
00BC
0030
FFB6
FFAF
0000
0049
0078
0086
0056
000B
FFEF
0025
009C
0113
014E
0138
00D2
0053
0001
FFF0
0015
005C
00A3
00DF
0104
00ED
00B7
00AB
00CD
0102
0129
010C
00B2
0061
002B
FFFD
FFE5
FFEC
0013
005D
009D
0094
0054
0038
0062
0091
0081
0042
0028
0062
00B2
00B8
007D
0052
0044
0033
002E
0058
00A2
00E4
0105
0102
00C9
004A
FFBE
FF7F
FFA2
FFEB
0009
FFE0
FF9A
FF6E
FF7E
FFD4
0041
0075
005F
0027
FFD7
FF65
FEF7
FED3
FEFC
FF20
FF18
FF19
FF5F
FFDC
003C
002D
FFD0
FF76
FF31
FF10
FF2D
FF66
FF8B
FF92
FF81
FF7C
FF89
FF70
FF4C
FF67
FFA1
FFCC
FFF7
000F
FFFF
FFE4
FFB1
FF55
FF11
FF1F
FF5C
FF75
FF38
FECF
FE9F
FEDE
FF67
FFF4
005D
0094
008A
004D
0017
000D
0021
003B
003F
002F
002D
003E
003E
0011
FFD2
FFC1
FFF6
003D
005A
0034
FFD0
FF6F
FF55
FF7A
FFD4
006A
00EB
00F1
0091
002A
FFE0
FFAF
FFA5
FFEF
008B
0117
0128
00BA
0022
FFC0
FFCE
0041
00CA
010F
00EB
0089
0038
001C
001C
0022
003D
006D
0078
0045
000B
FFE4
FFBB
FFAC
FFE6
0040
0072
0081
008F
009C
00AF
00D3
00D0
006D
FFDF
FF7E
FF65
FFA1
0028
009C
00A1
0053
000F
0008
0035
0065
0079
0078
005F
0015
FFB3
FF7D
FF9B
FFEC
0022
002A
0036
0050
0061
0073
008A
0080
0050
0017
FFF6
FFFC
0002
FFDB
FFBB
FFE0
0023
0051
005A
0040
0029
002B
0011
FFC3
FF7D
FF78
FFC7
0050
00C8
00F8
00DF
00AA
00A0
00CA
00D3
00A1
0064
0022
FFE3
FFBF
FF98
FF4F
FF0E
FF03
FF36
FF97
FFF0
0004
FFCA
FF7C
FF7B
FFE7
0075
00E9
011B
00DA
0065
003A
0047
0040
0020
FFC8
FF44
FF11
FF4F
FFA3
FFEA
0017
000B
FFF2
FFDB
FF95
FF51
FF5F
FFA4
FFDB
FFD7
FF8F
FF58
FF86
FFEF
0036
003D
0027
001D
0008
FFB3
FF49
FF1B
FF25
FF3B
FF4B
FF5E
FF9E
FFFD
0024
0000
FFE5
0011
0073
00A9
0048
FF96
FF52
FF9A
FFF9
0039
006D
0082
0056
FFF1
FF89
FF58
FF6D
FFB8
0026
007D
006A
FFF3
FF8E
FF8C
FFC1
FFE8
FFFA
FFF5
FFBD
FF72
FF66
FFA1
FFDE
FFF6
FFF9
FFFB
0014
004E
0080
006C
0014
FFB6
FF91
FFBA
0002
002E
0035
0037
0048
004E
0024
FFDC
FFBC
FFD0
FFE2
FFE5
FFED
FFF1
FFD9
FF9B
FF52
FF41
FF7D
FFDB
003A
0078
005C
0011
FFFF
0020
004F
0093
00BC
0075
FFDA
FF53
FF38
FF99
0024
0078
007C
002A
FFAA
FF6E
FF8C
FFBC
FFF3
0017
FFCD
FF4C
FF30
FF85
FFFB
0064
00A6
00CE
00EE
00BF
0037
FFC7
FFA1
FFA0
FFB5
FFCD
FFBF
FFA4
FFA3
FFAB
FFAD
FFC1
0004
0072
00D3
00CA
0054
FFE2
FFCE
0004
006A
00E1
0104
009B
0005
FFA7
FF82
FF78
FF78
FF77
FF8D
FFBF
FFD7
FFC5
FFC8
FFF4
0017
0023
0026
0015
0000
0005
0010
000E
0003
FFE3
FFA7
FF79
FF7A
FFA0
FFC8
FFC2
FF7A
FF24
FF15
FF79
0013
0074
0074
0036
FFD9
FF9C
FFC9
0039
007C
0065
000D
FFA6
FF6F
FF7D
FF9D
FFAC
FFB8
FFCD
FFE2
FFE3
FFBB
FF8C
FF87
FFA4
FFCA
FFF3
0014
003A
0066
0043
FFAD
FF25
FF13
FF5B
FFBB
FFED
FFC7
FF8E
FF96
FFC3
FFD5
FFC8
FFBA
FFC7
FFF0
001A
0024
0000
FFBB
FF6B
FF1A
FEF7
FF31
FF9F
FFDC
FFB8
FF50
FEE4
FEA9
FEB9
FF07
FF53
FF66
FF58
FF5F
FF65
FF3F
FF0D
FF13
FF5E
FFBE
FFF8
000C
0020
0025
FFF4
FFA4
FF6D
FF6E
FFA2
FFD4
FFD3
FFB6
FFA9
FF9A
FF86
FF83
FF8E
FFA5
FFB5
FF82
FF13
FEC8
FED8
FF26
FF7B
FFB5
FFDF
0004
0001
FFD5
FFA5
FF7E
FF5C
FF4B
FF49
FF4E
FF5D
FF74
FF92
FFB1
FFD3
0009
003A
0036
0019
0017
0026
0030
0037
0044
0053
0044
0001
FFAF
FF8D
FF9E
FFC8
FFFD
001A
FFFE
FFD3
FFCF
FFF1
0025
0044
001D
FFCB
FFA6
FFB8
FFD0
FFE6
FFFF
001C
0043
005F
0053
002F
0017
0016
0021
0025
0013
FFF5
FFED
0006
0023
0035
0037
000A
FFB0
FF72
FF83
FFC2
FFF6
FFF1
FFB8
FF84
FF88
FFB2
FFD2
FFD6
FFD8
FFF7
0024
0029
FFEA
FF9D
FF8F
FFC1
0003
0035
0036
FFFF
FFAE
FF5B
FF22
FF2C
FF6B
FFB2
FFE7
FFED
FFB9
FF88
FF86
FFA0
FFBB
FFD2
FFFB
0043
0076
0062
0026
FFFB
FFEE
FFE6
FFD1
FFB4
FFA5
FFA9
FFB4
FFAE
FF8E
FF7C
FFAF
0015
005D
0057
0015
FFB7
FF66
FF53
FF8A
FFD8
0008
0010
0001
FFE8
FFCF
FFD7
000A
003A
0045
0040
0020
FFCB
FF5D
FF23
FF5F
FFF2
0051
0032
FFE3
FFBD
FFCD
FFF1
FFF2
FFBF
FF92
FF95
FFBC
FFEF
0022
0054
0071
0053
FFFC
FF8E
FF2A
FF01
FF3E
FFBE
002F
0053
0025
FFCF
FF87
FF84
FFEA
007E
00BB
006C
FFDD
FF78
FF64
FF85
FFB8
FFE5
0002
000D
0017
002E
0041
0029
FFD6
FF74
FF38
FF3C
FF77
FFC9
0017
0046
0044
002A
0027
003E
005A
0068
0057
003C
002F
0017
FFE2
FFA2
FF7D
FF93
FFDF
0028
0042
0033
0012
FFF5
FFEC
FFF6
000E
0034
0069
008E
0083
0061
0055
005A
004B
001D
FFE5
FFC3
FFC3
FFCC
FFD5
FFF8
003F
008F
00B9
00B3
00A5
00AD
00BD
00AC
005D
FFF6
FFCA
FFE8
0031
0099
00EC
00DD
006C
FFDE
FF81
FF82
FFD2
003F
00AA
00DC
0096
FFFC
FF96
FFB4
001E
0080
00B7
00BD
009A
0069
0046
0045
0061
0070
004F
0005
FFC8
FFE1
0055
00D1
0110
0100
00B6
0075
007F
00B6
00C8
0099
0053
003E
0068
009C
00A7
0080
0042
0013
FFFF
000E
004C
0096
00A6
006F
0027
FFFD
FFEF
FFEF
0002
0020
002E
002C
0034
0044
0046
002A
0003
0003
0035
0074
00B4
0102
0136
0102
005C
FFBB
FF91
FFC4
FFFD
0018
0018
001C
0036
0048
003C
0022
000B
000E
002C
003E
003A
0041
0051
004E
003F
0045
0067
0088
008C
0071
0040
000E
FFFD
001B
004D
006A
0065
0052
0047
0043
0051
007C
00A8
00AB
0074
0013
FFBA
FF9E
FFD2
0027
0047
0021
FFF3
FFD7
FFC2
FFBC
FFC3
FFD7
0004
0030
003A
003B
0051
0077
009F
00B0
009F
0082
0072
0067
0056
003D
0026
001A
0014
000A
FFF8
FFE1
FFD1
FFCF
FFE1
FFFA
FFFF
FFFB
0008
000D
FFF2
FFD0
FFDB
0025
0083
00A8
0091
0072
006B
007B
008B
007C
0058
0040
0043
0060
0083
0090
0082
0057
0010
FFCD
FFAA
FFA5
FFA9
FFAD
FFAA
FF94
FF6E
FF5D
FF86
FFEA
0071
00D8
00CC
0061
FFFF
FFDF
FFE9
FFF0
FFFE
0043
00AD
00F0
00EB
00BB
0080
0045
0013
0001
0009
0004
FFED
FFDF
FFD1
FFBB
FFB3
FFC8
FFF5
001D
0019
FFE4
FFA7
FF99
FFD0
001B
0039
0026
0003
FFD2
FF91
FF64
FF82
FFE5
0031
002E
FFF4
FFAB
FF72
FF65
FF7C
FF95
FF98
FF92
FF98
FF9D
FF87
FF68
FF5B
FF5F
FF74
FF92
FFA9
FFB5
FFA9
FF7A
FF58
FF6E
FFAB
FFDB
FFEC
FFF0
FFF7
FFE6
FFA8
FF5B
FF2B
FF28
FF4D
FF8F
FFD8
FFF8
FFD9
FF9E
FF76
FF7A
FFA1
FFC0
FFBB
FFA8
FFA0
FFA7
FFB9
FFD1
FFEF
0012
0025
0026
002C
002F
0022
0011
000B
000F
0000
FFC9
FF8F
FF76
FF79
FF91
FFBA
FFEF
0039
008B
00B6
00AD
0085
0053
0044
0078
00B9
00B9
0080
0051
0052
0066
005A
001A
FFD7
FFD3
0007
003E
005D
0064
006D
0092
00B8
00B7
009D
0076
003F
0014
0011
002C
0047
0045
002B
0024
003A
0056
006C
007C
0081
0086
0098
00BA
00DA
00E3
00E0
00D7
00BB
0088
0052
002A
0012
0004
FFF9
FFEF
FFDF
FFD3
FFE0
0004
0021
0026
0020
0024
003D
0060
0081
0087
006E
0054
0047
0031
0014
FFFB
FFD4
FF97
FF68
FF85
FFEA
003C
0031
FFF0
FFB9
FF9B
FF9C
FFC2
FFF7
0017
0016
0005
0003
001F
0050
0073
0061
0023
FFE0
FFB4
FFA4
FFAA
FFBA
FFBC
FFA6
FF92
FF95
FFA6
FFB0
FF9C
FF54
FEFD
FEE7
FF21
FF7C
FFCA
FFF2
FFF4
FFE1
FFC6
FFB2
FFB3
FFC3
FFE4
0024
006A
0082
004E
FFF2
FFB1
FFA1
FFAB
FFBD
FFC5
FFB0
FF81
FF49
FF14
FEF7
FF0E
FF63
FFC6
FFE8
FFBB
FF76
FF4C
FF51
FF7C
FFA7
FFB9
FFB5
FFAB
FFA5
FFA1
FFA1
FFB1
FFD5
FFFC
0016
0024
002F
0039
0035
0018
FFE6
FFBC
FFBF
FFEE
0021
003D
003B
001F
0000
FFE2
FFC7
FFC5
FFE0
FFF2
FFF5
FFFE
000C
001D
0035
0051
0070
0096
00B2
00AE
0084
0045
000F
FFF0
FFE0
FFE7
0014
004C
0052
0017
FFCF
FFAB
FFB2
FFDD
0029
0099
011B
016E
016A
012F
00F0
00C7
00B4
00A3
0087
0066
0049
003D
0046
0051
0051
0054
0068
008E
00B2
00AF
007F
004F
0044
005C
0079
0082
007F
0086
00A8
00D4
00E0
00C6
00AE
00A8
00A0
0082
0054
0040
0074
00CB
00F5
00D8
0096
0061
0065
009D
00D3
00D8
00A6
0052
FFF6
FFB6
FFB2
FFE4
0025
0045
0033
0011
0007
002C
007A
00BF
00CC
00BD
00C0
00CB
00C2
009A
005B
0023
0006
FFEE
FFD0
FFBC
FFC9
FFFC
0027
0019
FFE6
FFD4
FFFB
003A
005E
004B
001E
0004
0001
FFFA
FFE2
FFCE
FFE4
0020
003A
0000
FF9F
FF62
FF67
FF98
FFC7
FFDE
FFF4
001D
003A
002D
FFFE
FFBD
FF82
FF6D
FF8C
FFC8
FFF0
FFE5
FFBF
FF99
FF76
FF78
FFB9
0005
0015
FFE2
FFA0
FF8D
FFBF
0005
0019
FFEF
FFBA
FF9E
FF98
FF98
FFA1
FFA6
FF89
FF55
FF38
FF46
FF6B
FF89
FF8A
FF72
FF68
FF83
FFB3
FFE6
0009
FFFD
FFC3
FF85
FF68
FF73
FF99
FFBD
FFD0
FFDD
FFEF
0003
001C
0036
0047
0044
0024
FFE6
FFB0
FFB3
FFE7
001E
0037
0024
FFEA
FFB2
FFB2
FFE9
0021
0030
000E
FFDC
FFD1
0006
005E
00A0
00A9
0083
004D
0020
000C
0019
0036
0043
0039
0022
000F
000D
0026
004F
0072
007B
0071
0066
0057
003F
0035
004C
0068
006A
005D
0053
0049
0036
0015
FFE9
FFC9
FFCF
FFF8
002A
0048
0042
002E
002A
0032
0030
001A
FFFB
FFEF
000D
0045
006B
006C
0056
003C
0023
0013
001C
0045
007C
009C
0087
0046
0005
FFF0
0010
0041
004F
002E
FFF7
FFD1
FFDB
0013
0048
004E
0031
001F
0025
0032
0039
0036
0032
0037
0046
0057
0065
0067
0055
0034
000F
FFF5
FFFB
0025
0058
0071
004D
FFF0
FFA3
FFB1
0006
0059
007E
007C
006C
0060
0052
0045
003F
002F
000C
FFEC
FFED
000E
0037
0049
0034
0005
FFDA
FFE5
0043
00B7
00D5
0088
001E
FFDF
FFE3
0018
003B
0023
FFED
FFC6
FFB8
FFBC
FFC3
FFBE
FFBB
FFCB
FFE0
FFEF
FFFB
0005
FFFE
FFDB
FFA9
FF8C
FF9A
FFCA
0002
001F
0015
FFFC
FFF0
FFEC
FFE3
FFDA
FFD9
FFDC
FFD5
FFBF
FFA5
FFA2
FFC2
FFED
000A
000A
FFF0
FFCF
FFC0
FFC3
FFC3
FFBA
FFBA
FFD1
FFF5
0017
0028
001F
0008
FFFC
0005
0021
003B
0040
0036
002A
001A
FFFD
FFD8
FFC2
FFCE
FFF9
001F
0025
0016
0009
0003
FFF7
FFD6
FFAC
FF9B
FFB4
FFE3
000E
001E
0003
FFC2
FF82
FF70
FF95
FFD3
FFFF
0005
FFEA
FFC7
FFB5
FFB8
FFCA
FFE9
000E
0028
002C
001F
0003
FFDD
FFBC
FFAB
FFAA
FFB1
FFB9
FFBD
FFB6
FFA3
FF93
FF93
FF9C
FFA4
FFB3
FFCF
FFE9
FFED
FFDA
FFBC
FFA6
FF97
FF8E
FF8A
FF8B
FF94
FFA3
FF9D
FF72
FF45
FF51
FF99
FFEB
001A
001B
FFF5
FFBF
FF9B
FF90
FF8E
FF8B
FF8C
FF97
FFAD
FFBD
FFB8
FFA2
FF93
FF95
FFA2
FFA9
FFA3
FFA1
FFAF
FFB9
FFA2
FF71
FF44
FF39
FF6A
FFC2
0007
0015
FFF7
FFCA
FFA4
FF8F
FF93
FFBE
0009
003E
003C
0013
FFEB
FFDB
FFE4
FFF6
0000
0002
0006
0012
0019
FFFE
FFBD
FF84
FF88
FFBE
FFF0
FFFD
FFF2
FFE7
FFE2
FFE2
FFEC
0005
002D
006A
00AE
00D8
00D0
00A2
006A
003E
0025
001F
002D
004C
006B
006B
0041
0017
0020
006A
00CA
00FA
00D8
0086
003C
0017
0010
001C
0032
0049
005C
0063
0064
006E
0086
00A4
00B4
00AC
0097
0092
00A8
00C6
00CD
00A8
006B
0049
0060
009D
00D3
00E7
00D7
00B5
0090
0069
004A
003E
0043
004C
004C
003E
002C
0028
0039
004E
0050
0039
0023
0031
0062
0087
0075
0033
FFF1
FFD6
FFE9
0012
002B
002C
002B
0038
0046
003F
001F
0002
000C
003D
0060
004F
001B
FFE3
FFB3
FF8D
FF79
FF87
FFB7
FFF0
0017
0018
FFEB
FFAB
FF8B
FFA0
FFD5
0003
0012
0007
FFF6
FFE6
FFDA
FFDE
FFF6
0017
002A
001D
FFF4
FFC9
FFAC
FF96
FF85
FF8A
FFB9
0005
0038
0029
FFE8
FFA7
FF89
FF9F
FFDB
0010
0019
FFFA
FFC7
FF8D
FF5C
FF53
FF89
FFE5
0019
FFFD
FFB7
FF85
FF7B
FF8C
FFA7
FFC4
FFDF
FFF1
FFFA
FFFF
0000
FFF3
FFDA
FFC7
FFC2
FFCB
FFD7
FFDA
FFC7
FF9D
FF80
FF97
FFD6
0009
0011
FFF7
FFDD
FFE3
0004
0017
FFFE
FFC7
FF8D
FF72
FF8E
FFD1
0004
0001
FFDA
FFB6
FFA7
FFA2
FFA9
FFD2
001F
0065
0074
004E
0021
000E
0009
FFF8
FFD7
FFB4
FFA3
FFAB
FFC2
FFD6
FFD6
FFBE
FF9E
FF95
FFAF
FFD8
FFF1
FFE4
FFBC
FF97
FF8A
FF96
FFBD
FFF7
0026
0027
FFF7
FFBF
FFAD
FFC7
FFEC
0000
0003
FFFE
FFF4
FFE6
FFD2
FFBF
FFB6
FFB5
FFAD
FF9B
FF8D
FF91
FFA9
FFC4
FFCB
FFB0
FF86
FF7C
FFB0
0003
0036
0023
FFE4
FFA8
FF89
FF88
FF9F
FFBE
FFCA
FFBD
FFA9
FF9D
FF95
FF8F
FF8C
FF93
FF9D
FF9F
FF9A
FF9D
FFAA
FFB4
FFB1
FFB5
FFD0
FFFC
001E
0021
000A
FFF2
FFE9
FFEB
FFEF
FFF3
FFEF
FFD7
FFA9
FF7A
FF65
FF79
FFAA
FFDF
FFFD
FFF5
FFD3
FFBD
FFC6
FFE3
FFF5
FFE6
FFB8
FF91
FF98
FFC8
FFFA
000D
FFFD
FFE1
FFCF
FFC8
FFCC
FFE3
0001
0008
FFED
FFC2
FFAA
FFBB
FFE7
0003
FFF6
FFC7
FF8E
FF64
FF63
FF92
FFCF
FFEB
FFD9
FFBC
FFB5
FFC2
FFCD
FFC5
FFAF
FF9C
FF9D
FFB8
FFE4
0008
000C
FFF0
FFCE
FFC1
FFC8
FFD5
FFD9
FFCD
FFB4
FF98
FF8D
FF9B
FFBB
FFDD
FFF3
FFF1
FFD9
FFBF
FFBD
FFD3
FFE9
FFEA
FFDA
FFCE
FFD8
FFF1
FFFC
FFE6
FFBE
FFA5
FFB1
FFD5
FFE9
FFD9
FFC2
FFC7
FFEA
0013
002E
0034
002D
001E
000C
0002
0006
0018
002A
002D
0014
FFEC
FFD6
FFE0
FFF8
FFFD
FFE3
FFC1
FFB4
FFBB
FFC5
FFC8
FFC5
FFB9
FFAB
FFA7
FFB1
FFC6
FFE6
0014
0045
0058
002C
FFD8
FF9F
FF9E
FFB3
FFBA
FFB7
FFBD
FFC8
FFCB
FFC7
FFC8
FFD1
FFDB
FFE6
FFF9
000F
0016
0008
FFE8
FFC4
FFA9
FF9B
FF9D
FFA9
FFAE
FF9D
FF84
FF7D
FF95
FFBD
FFD2
FFC6
FFAA
FF9F
FFB3
FFE0
0017
0045
0058
004F
0039
0022
0012
0009
0004
FFFF
FFF8
FFE2
FFC0
FFA7
FFB0
FFD3
FFF4
FFF5
FFD9
FFC1
FFCA
FFF1
001A
0026
0011
FFF3
FFE8
FFF2
0006
001A
0026
0025
001C
001E
0031
004F
006C
007E
0079
005A
0030
0016
001D
0037
003B
0017
FFDF
FFC4
FFE4
002E
006E
0078
0050
0016
FFED
FFE7
FFFB
000C
000C
0006
0009
0017
002B
0043
0059
0066
0062
0053
004D
0056
005A
003E
0006
FFD8
FFD1
FFF2
0027
005A
0073
005C
001A
FFDB
FFC8
FFDF
0002
0019
0025
0035
004F
006E
008B
00A4
00B4
00AF
0096
0079
006D
0071
0074
006B
005A
004A
003D
0038
0042
004E
004F
0045
003F
004B
006B
0090
009F
0091
0075
0065
0062
005E
004E
0039
002A
0020
0016
000E
000B
0008
FFFC
FFEA
FFE5
FFFF
002E
0058
0062
0044
0014
FFFB
0007
0025
003C
003E
0026
FFFD
FFDA
FFCD
FFD6
FFEF
000C
0027
0034
0029
000F
FFFE
FFFF
0001
FFFA
FFF5
0004
0020
002E
0021
0008
FFF4
FFE5
FFD5
FFC3
FFB7
FFBA
FFCA
FFD9
FFDB
FFCA
FFA5
FF8B
FF9A
FFCA
FFF5
0005
0001
FFFF
0007
000F
000E
0007
FFFE
FFF6
FFEB
FFDC
FFCA
FFBD
FFBD
FFC7
FFCC
FFC7
FFC1
FFD1
FFF7
0011
FFFF
FFC7
FF8E
FF70
FF79
FFA9
FFF1
0028
002E
0011
FFF9
FFFE
0019
002A
001A
FFF4
FFD0
FFB7
FFA2
FF98
FFA4
FFC0
FFD9
FFE0
FFDA
FFD3
FFD3
FFDB
FFE5
FFEA
FFEB
FFF2
0000
000E
0012
000A
FFFD
FFFA
FFFD
FFF4
FFDB
FFC7
FFCA
FFE0
FFF0
FFE7
FFCE
FFC2
FFCD
FFE9
000F
0033
0045
003C
001B
FFF2
FFD0
FFC4
FFD1
FFEA
FFF9
FFF1
FFD9
FFC5
FFC5
FFDD
0005
002C
0044
0045
0036
002A
0028
002D
0035
002E
000C
FFDF
FFC5
FFCC
FFE1
FFE7
FFDC
FFD7
FFF3
002B
0062
0083
0082
0067
003F
0022
0023
003E
0056
0051
002D
FFFD
FFE1
FFED
000D
001E
0010
FFF0
FFD7
FFD2
FFDD
FFEF
0001
0009
0003
FFFB
FFFC
000A
0028
0049
0051
0034
0009
FFF3
0003
0025
002F
0010
FFE3
FFCD
FFDC
FFFF
0022
0031
0027
0012
0008
000E
0012
0005
FFEC
FFD5
FFCA
FFCC
FFD9
FFEA
FFF9
0000
0002
000E
0028
0049
006C
008B
009B
0099
0087
006A
004E
003D
002A
0006
FFD7
FFB4
FFB1
FFCA
FFE2
FFE8
FFE5
FFE4
FFE8
FFF4
0015
004E
0081
008E
0072
0052
0047
0048
0041
002D
0019
000F
0012
0021
0034
003A
0026
000A
0002
0011
0024
002D
0032
0040
004C
0043
0027
000D
000D
0027
0044
0045
0020
FFF4
FFEB
000A
0031
0046
004B
004D
0055
0060
0066
0063
0056
003E
0021
0011
0014
001E
0021
001F
001B
0017
0012
000C
0005
0000
FFFF
0001
0004
0009
0008
FFFC
FFF2
FFF4
0000
000B
000E
000B
0000
FFED
FFD6
FFC7
FFC7
FFCE
FFD0
FFCA
FFC2
FFBF
FFC7
FFDC
FFF6
000C
000F
FFF3
FFC3
FFA3
FFA5
FFB8
FFBF
FFAD
FF92
FF92
FFB9
FFEB
000D
0017
000E
0004
0006
0013
001D
001B
0010
FFFA
FFD8
FFB0
FF94
FF92
FF9E
FFA7
FFAA
FFAE
FFB7
FFC1
FFC2
FFBD
FFC1
FFCF
FFD8
FFD5
FFCF
FFD1
FFD7
FFD5
FFC4
FFA9
FF92
FF8E
FFA9
FFDD
000A
0012
FFF7
FFD9
FFCD
FFD0
FFDD
FFF9
0022
0042
003E
0014
FFDC
FFBA
FFC2
FFE9
0010
001C
0010
FFFD
FFF2
FFF3
0008
002B
004C
0059
0055
0049
0039
0028
001C
0015
000D
FFFE
FFE9
FFD7
FFC9
FFC1
FFC6
FFDC
FFF3
FFFF
0001
0008
001A
002F
0036
0028
0015
000E
000D
0005
FFF9
FFFC
0012
002A
002F
0020
000D
FFFD
FFF4
FFF8
000E
0028
0032
0029
001A
0010
0010
001D
0032
003D
0036
0022
0011
0006
FFFF
FFFB
FFFD
FFFF
0004
000A
000B
0005
FFFB
FFF8
FFFC
0007
0017
0022
001E
0009
FFEB
FFD6
FFD5
FFE4
FFF3
FFFD
0003
0006
0006
0004
0001
0000
0002
0004
0001
FFFD
FFF7
FFF1
FFE8
FFDC
FFD1
FFC6
FFBA
FFB9
FFC9
FFDF
FFEA
FFE8
FFDF
FFD3
FFC8
FFC0
FFC0
FFC9
FFD4
FFDA
FFD5
FFC9
FFC2
FFCD
FFE7
0000
000D
000F
0009
FFFB
FFE8
FFD8
FFD3
FFDB
FFE6
FFE7
FFD9
FFC7
FFC6
FFE2
0006
0011
FFFE
FFE6
FFDA
FFD7
FFDA
FFE2
FFF0
FFFF
0004
FFFD
FFF8
0004
0026
0048
0052
003C
001B
0005
0000
0000
0004
000C
0019
0024
0024
0018
0008
FFFA
FFF6
FFF9
FFF9
FFF5
FFF2
FFF9
000C
0028
0038
002F
001D
0020
003A
0048
002B
FFEF
FFC8
FFDB
0017
004C
005B
0041
0016
FFF9
FFF8
0006
0011
000E
FFFE
FFE3
FFBE
FFA1
FFA0
FFB9
FFD0
FFD2
FFCE
FFDA
FFFB
0012
0001
FFD5
FFB3
FFB4
FFD7
0009
0028
0020
FFFC
FFDA
FFCD
FFCD
FFCA
FFC4
FFC4
FFC7
FFC2
FFB8
FFB6
FFC0
FFCE
FFD7
FFDC
FFDE
FFDE
FFDE
FFDF
FFD7
FFC8
FFC0
FFCA
FFDE
FFEC
FFED
FFE2
FFCB
FFB2
FFA9
FFC1
FFEF
0017
0027
0021
000C
FFF3
FFE0
FFDC
FFE5
FFF3
FFF7
FFE9
FFCD
FFB4
FFAC
FFB7
FFCA
FFDC
FFE6
FFE3
FFD5
FFC7
FFC2
FFC9
FFD6
FFE1
FFE1
FFD2
FFB8
FFA9
FFB7
FFDB
FFF8
FFFF
FFF3
FFE2
FFD4
FFCB
FFC3
FFB7
FFA8
FF9B
FF90
FF89
FF83
FF85
FF93
FFAD
FFC5
FFD3
FFD9
FFE1
FFED
FFEE
FFDD
FFC2
FFAB
FFA1
FFA1
FFAC
FFBF
FFCA
FFC4
FFB1
FFA5
FFAA
FFBE
FFD7
FFDF
FFCC
FFAC
FF9A
FF9F
FFAA
FFAD
FFB2
FFC9
FFEC
0000
FFFB
FFE8
FFD6
FFCE
FFD2
FFDA
FFDF
FFE5
FFEC
FFEF
FFE6
FFDD
FFEA
000E
002A
0028
000D
FFEE
FFD6
FFD3
FFE8
0004
000F
000A
FFFE
FFED
FFCE
FFAA
FF9F
FFBE
FFEE
0012
0026
0032
0037
002C
0016
0009
0011
0028
0040
004E
004D
003A
001A
0002
0005
0019
0020
000F
FFFE
0001
0013
001D
001A
0013
0010
0016
002B
0045
004D
0036
0019
000E
0014
001B
0023
0035
004B
0051
0043
0026
0001
FFDF
FFD9
FFF9
0024
003E
0045
004B
004F
0049
0040
0046
0061
007A
007B
0060
0036
000D
FFF7
FFF9
0008
0017
001C
0019
000C
FFFA
FFEE
FFF3
0007
001A
001F
001D
0023
0038
004A
0049
0035
001C
000B
0003
0000
0001
0002
FFFE
FFF4
FFEA
FFDF
FFD5
FFD0
FFD4
FFDB
FFDD
FFD4
FFC0
FFA2
FF85
FF7E
FF97
FFC0
FFDA
FFD4
FFB8
FF98
FF85
FF89
FF9F
FFB5
FFBD
FFBA
FFBA
FFC2
FFD2
FFE5
FFF4
FFF4
FFE3
FFD0
FFC8
FFCE
FFDA
FFE2
FFE3
FFDC
FFD1
FFCC
FFD0
FFD1
FFC4
FFAE
FF9A
FF8C
FF88
FF93
FFB1
FFDD
0008
0020
0023
001C
0017
0016
0013
000A
0003
0009
0018
0025
0028
001F
000F
0004
000D
0029
0044
004E
0045
0032
001C
0005
FFF4
FFED
FFF4
0005
001A
002F
003D
003D
0035
0030
0036
0043
0051
005F
006A
0067
004F
002C
001E
0033
005C
0076
006E
004D
0031
0033
0053
0077
0080
006C
005B
0060
006A
005D
0041
002A
0017
FFFC
FFE0
FFE2
000B
003D
005A
005A
0048
0032
002C
0041
0067
0081
0080
006E
005E
0052
0043
0036
0035
003C
003D
002C
0015
0008
000E
001D
002D
003C
004A
0050
0042
0024
0008
FFFE
0006
0016
0025
0027
0016
FFFB
FFED
FFFB
001A
0035
0041
003A
001F
FFFA
FFE1
FFDE
FFE4
FFE6
FFE5
FFEC
FFF9
0001
FFFD
FFF8
FFF2
FFE6
FFD9
FFDB
FFF1
0007
0007
FFF0
FFD3
FFC0
FFBF
FFD0
FFF0
000F
0017
0006
FFF0
FFE2
FFDD
FFD2
FFBD
FFA8
FFA1
FFA7
FFB3
FFBE
FFC5
FFC8
FFC7
FFCC
FFDC
FFF2
0004
000E
000D
0003
FFF4
FFE5
FFE1
FFEA
FFF5
FFFA
FFF6
FFF1
FFF3
0001
0013
0018
000A
FFEC
FFCD
FFBD
FFBF
FFC9
FFCF
FFCE
FFCE
FFDB
FFF0
FFFF
0002
0001
FFF9
FFE5
FFCA
FFC0
FFDD
0016
0049
0055
003B
0010
FFE9
FFD4
FFCC
FFCA
FFC8
FFC7
FFCA
FFCD
FFD3
FFE3
FFFD
000D
0006
FFEF
FFDD
FFE0
FFF3
0002
0001
FFEF
FFDC
FFDC
FFF6
0017
0023
0010
FFEF
FFDF
FFE7
FFF7
0002
0006
0004
0000
FFFD
FFFB
FFF4
FFEC
FFEB
FFFC
001D
0035
0030
000E
FFE2
FFBC
FFA5
FFA4
FFBA
FFD8
FFED
FFF2
FFF1
FFF5
0004
001E
003A
004E
0054
004F
0041
0028
0007
FFEF
FFEF
0005
001B
001E
000E
FFFD
FFF8
FFFC
FFFC
FFF3
FFE9
FFED
FFFC
000D
001C
0026
0025
0013
FFFA
FFE8
FFE1
FFD6
FFC6
FFBC
FFC3
FFD1
FFDB
FFE6
FFF0
FFED
FFD4
FFB0
FF9F
FFAD
FFCB
FFE1
FFF0
0003
001D
002E
0029
0010
FFF0
FFCC
FFAA
FF9A
FFAE
FFDA
FFFB
FFF9
FFDA
FFB6
FF9D
FF98
FFAA
FFC8
FFDF
FFE1
FFD8
FFD3
FFD3
FFD0
FFC8
FFC3
FFC5
FFD1
FFE8
0001
000B
FFFA
FFD7
FFB8
FFAD
FFB5
FFC8
FFDC
FFE5
FFDE
FFCB
FFBF
FFC1
FFCC
FFD4
FFD5
FFD2
FFCB
FFC2
FFBC
FFC3
FFD4
FFE3
FFED
FFF8
0004
0007
0003
0001
0009
0016
0019
000A
FFF2
FFE8
FFF4
0007
000E
0000
FFED
FFEC
0002
001C
0026
0020
0016
000F
000B
0004
FFFD
FFFC
0002
0006
FFFF
FFF1
FFE5
FFE4
FFEE
FFFF
000B
000F
0012
001C
002F
003C
0039
002C
0022
001E
001B
001E
0028
0030
0027
0010
FFFF
0002
0012
0024
0030
0032
002A
0020
001E
0024
002A
002E
0032
0039
003B
0033
0024
0014
0007
0000
0003
000D
0014
0013
000D
000B
000F
0016
0020
002D
003A
003F
0036
002C
002F
003F
0048
003A
001C
0003
FFFB
0000
0006
0003
FFFD
FFFE
000F
002B
0043
0045
0032
001C
0018
0026
0035
0037
002E
0022
0017
000E
000E
001D
0035
0043
003E
002F
0025
0026
0028
0020
000C
FFF6
FFF2
0008
0028
0034
0026
0015
0013
001E
001F
000D
FFF9
FFF9
0011
0030
0041
0042
0039
002F
002D
0032
003B
0046
004C
0049
0040
0036
0032
0039
0045
004B
004B
0047
003F
0034
002B
0029
002C
002A
0023
0026
0039
0053
005E
0055
003B
0018
FFF4
FFE2
FFF2
0016
002E
002B
001C
0014
0015
0013
0009
0001
0006
0012
001C
0026
0035
0041
003E
002B
0017
000C
0005
0001
0003
000C
0013
0014
0014
0016
0013
000A
0006
000D
0016
0017
000F
0000
FFE7
FFC9
FFB9
FFC6
FFE9
0005
000B
0004
FFFA
FFF1
FFEB
FFEA
FFED
FFEF
FFE9
FFDB
FFCD
FFC7
FFCD
FFD9
FFDB
FFCA
FFAD
FF91
FF89
FF9F
FFCC
FFF1
FFF8
FFE7
FFD2
FFC5
FFBB
FFB1
FFAD
FFB8
FFC9
FFD2
FFCF
FFC2
FFB3
FFA8
FFA8
FFB2
FFBE
FFC5
FFC7
FFCC
FFD8
FFE1
FFDD
FFCD
FFBD
FFB5
FFB3
FFB3
FFB4
FFB9
FFC0
FFC5
FFC9
FFCB
FFCA
FFBE
FFAF
FFAD
FFC4
FFE6
FFFB
FFF9
FFEB
FFDE
FFDB
FFD9
FFCF
FFC0
FFB1
FFA5
FFA1
FFA7
FFB7
FFC5
FFC5
FFBE
FFBF
FFCE
FFE0
FFE9
FFE7
FFDE
FFD2
FFCE
FFD8
FFEC
FFF5
FFE0
FFB8
FF9B
FF9C
FFB3
FFD9
0005
0029
002C
0003
FFCB
FFB1
FFBF
FFD8
FFE3
FFE1
FFE4
FFF4
0007
000B
FFFE
FFED
FFE5
FFED
FFFB
FFFC
FFF1
FFEC
FFF7
0005
0007
0000
FFFF
0009
000D
FFFD
FFDE
FFC3
FFBC
FFC6
FFCE
FFCB
FFC8
FFD4
FFED
0002
0002
FFF2
FFE9
FFF3
0003
0004
FFF1
FFDB
FFCF
FFC9
FFBC
FFA9
FFA1
FFAF
FFCF
FFED
FFFB
FFF5
FFE8
FFE6
FFF0
FFF9
FFFA
FFFB
0008
001A
001B
0007
FFF1
FFE3
FFD6
FFC8
FFC0
FFC5
FFD3
FFDF
FFE2
FFDF
FFDB
FFDD
FFEC
0001
0013
001F
0029
0031
002F
001D
0004
FFF1
FFEC
FFED
FFEA
FFE4
FFE3
FFEB
FFF3
FFF1
FFE5
FFDB
FFDC
FFDF
FFDA
FFD1
FFD3
FFE2
FFF4
FFFF
0001
FFF9
FFEA
FFDB
FFD8
FFE1
FFEF
FFFB
FFFF
FFFC
FFF7
FFF3
FFF2
FFF6
0001
0013
0024
002D
0025
000E
FFFD
FFFC
0000
FFFB
FFEB
FFDA
FFD1
FFD5
FFDB
FFDA
FFD3
FFCD
FFD1
FFDE
FFED
FFF7
FFFE
0005
000C
000F
000E
000B
0006
0000
FFF8
FFEC
FFDF
FFDA
FFE8
0005
001B
001D
0012
0007
FFFE
FFF4
FFEC
FFEA
FFEC
FFEB
FFE8
FFE5
FFE3
FFE0
FFE2
FFF0
0006
001C
0029
002A
0021
000F
FFFC
FFF1
FFF2
FFFC
0008
000E
0012
0013
0010
0007
FFFA
FFEF
FFE8
FFE6
FFEB
FFFB
0017
0031
003C
0036
0026
0013
FFFD
FFEB
FFE8
FFF3
FFFF
0001
FFFA
FFF7
0003
001A
002A
0028
001F
001E
0029
0035
003B
0037
0032
0031
0035
0039
0038
002F
0024
0024
002B
002D
0028
0024
0026
0029
0020
0010
0008
0015
002D
003B
0035
0022
001A
0027
0041
0050
004A
0035
0022
001E
0026
0030
0033
0030
0029
0024
0023
0026
0031
003D
003F
0035
0026
001D
0023
0030
003A
0039
0034
0033
0035
002E
001A
0000
FFEE
FFEE
FFF9
0001
FFFD
FFED
FFDD
FFDA
FFE8
FFFD
0010
001E
0027
0023
000F
FFF2
FFDE
FFDE
FFED
FFFC
FFFD
FFF0
FFDD
FFD4
FFDB
FFED
FFFD
0002
FFFE
FFF5
FFE6
FFD5
FFCA
FFCB
FFD6
FFE0
FFE6
FFEB
FFF6
FFFE
FFFC
FFEF
FFE0
FFDC
FFE8
FFF9
0002
FFFE
FFF6
FFF4
FFF8
0001
000A
0015
0022
0029
0020
000C
FFF5
FFE8
FFEA
FFF2
FFF0
FFE1
FFD1
FFCB
FFCE
FFD6
FFE0
FFF3
000D
0021
0027
001F
000F
FFFE
FFF3
FFEE
FFEB
FFEA
FFE8
FFE6
FFE7
FFEA
FFF0
FFF5
FFF5
FFF2
FFF1
FFF8
0004
000F
0015
0015
0012
000E
000A
0003
FFFA
FFF4
FFF8
0005
000D
0008
FFFA
FFEE
FFEA
FFEA
FFE9
FFE4
FFE2
FFE3
FFE3
FFDF
FFD7
FFD3
FFD6
FFDD
FFDE
FFD5
FFC7
FFBC
FFBE
FFCE
FFDF
FFE4
FFDE
FFD4
FFCD
FFCA
FFC6
FFC5
FFCC
FFD6
FFDD
FFE0
FFE1
FFDE
FFD6
FFC7
FFBA
FFB6
FFBC
FFC5
FFCB
FFC9
FFBC
FFAC
FFA4
FFA7
FFB0
FFBD
FFD0
FFE8
FFF9
FFF5
FFDE
FFC6
FFBB
FFBF
FFC9
FFD3
FFDA
FFDE
FFDF
FFE1
FFE5
FFE7
FFE5
FFE0
FFDB
FFDA
FFDE
FFE3
FFE7
FFE9
FFE5
FFD9
FFC8
FFBD
FFBD
FFC5
FFCA
FFC8
FFCA
FFDB
FFF7
000F
001A
001C
001B
0019
000F
FFF9
FFDD
FFCA
FFC7
FFD2
FFE4
FFF4
FFFE
0000
FFFF
FFFD
FFFB
FFF9
FFFE
0009
0015
001A
0014
000A
0008
000E
0014
000F
FFFD
FFE6
FFD4
FFCD
FFD1
FFDE
FFF5
000E
001D
001F
0018
0013
0017
001A
0015
000C
0009
0011
001E
0024
001C
0006
FFED
FFD9
FFD3
FFD6
FFDE
FFED
0002
0018
0023
001E
000F
0005
0003
0004
0003
0003
0006
0009
0009
0003
FFFC
FFF6
FFF7
FFFA
FFFB
FFF4
FFE9
FFE5
FFED
FFFB
000A
0016
0021
0024
001E
0011
0006
0000
0001
0008
0011
0015
000D
0001
FFF8
FFF4
FFEE
FFE7
FFE8
FFF5
0008
0018
001E
0017
0004
FFEF
FFE6
FFEF
0003
0015
001E
0023
0027
0028
0027
0028
002D
0034
0035
0026
000C
FFF6
FFF1
FFFB
0007
000C
0008
0002
FFFE
FFFE
0002
000B
0019
002B
003C
0042
0038
0024
0017
0015
001A
001B
0019
0015
0010
0009
FFFD
FFF2
FFF3
0003
001C
002C
0028
0014
0003
0001
000D
001D
0028
0026
0015
FFFF
FFEE
FFE5
FFE4
FFE7
FFEA
FFEB
FFEA
FFEE
FFFB
000E
001A
001C
0018
0017
001C
0022
0026
0028
0027
0026
0025
0020
0016
0009
FFFF
FFFA
FFF8
FFFA
0002
0010
001D
0023
0021
0019
0012
000D
000B
0008
0001
FFF7
FFF0
FFF6
000B
0024
0033
002E
001D
0010
000F
0016
001D
0024
002E
003A
0045
0049
0045
003A
002B
001C
0010
000C
0010
001A
0024
0027
001D
000F
0006
0009
0015
0020
0026
002B
0030
0032
002F
0028
0020
001C
001B
001A
0017
0014
0010
000E
000E
000E
0010
0017
0022
002C
002C
0022
0015
0010
0010
0011
000D
0004
FFFA
FFF4
FFF4
FFFA
0001
0008
000D
0011
0013
0013
000F
0005
FFF3
FFDF
FFD2
FFD6
FFE4
FFF0
FFF4
FFEF
FFE6
FFDD
FFDC
FFE6
FFF8
0009
0015
001B
0019
0010
0002
FFF3
FFE9
FFE1
FFD7
FFCF
FFCB
FFCD
FFD0
FFD3
FFD4
FFD7
FFDD
FFE0
FFD9
FFC8
FFB6
FFAD
FFB5
FFC9
FFE3
FFFA
0009
000D
000A
0004
0000
FFFF
FFFE
FFF9
FFF0
FFE6
FFE0
FFE3
FFED
FFFA
0005
000A
0005
FFFD
FFF8
FFFC
0004
0006
FFFC
FFE8
FFD7
FFD2
FFDD
FFEF
FFFC
0001
0005
0009
000B
0009
0008
0009
000C
000F
0012
0016
0018
0015
0013
0015
001A
001E
0023
0029
002D
002C
0026
0023
0025
0028
0029
0026
0022
0021
0023
0026
0028
0026
0022
001F
001A
0013
000C
000A
000E
0015
0018
0015
0010
0010
0019
0025
0030
0038
003D
003C
0033
0025
0018
000F
000B
000B
000E
0011
0013
0015
0010
0002
FFEF
FFE6
FFED
FFFD
0009
0008
FFFD
FFF3
FFEF
FFF6
0005
0013
001D
0022
0024
0022
001A
0010
000C
000C
0009
FFFE
FFF0
FFE5
FFE0
FFE2
FFE9
FFF2
FFFB
0006
0010
0012
0003
FFEB
FFD7
FFD2
FFDB
FFE7
FFEE
FFEF
FFE9
FFE5
FFE6
FFEC
FFF2
FFF4
FFF0
FFE9
FFE5
FFE7
FFEF
FFF7
FFFD
0002
000A
0010
0010
000A
0002
FFFC
FFF5
FFEF
FFEC
FFED
FFF0
FFF2
FFF3
FFF2
FFF4
FFF8
FFFC
FFFB
FFF5
FFF0
FFF1
FFF6
FFFA
FFFC
FFFE
0000
0000
FFFA
FFEE
FFE1
FFD9
FFDF
FFF1
0003
000D
000D
0008
0005
0004
0004
0006
000A
000C
0006
FFF8
FFE7
FFDD
FFDF
FFEB
FFF6
FFF8
FFF3
FFED
FFE6
FFDD
FFD4
FFD1
FFD8
FFE7
FFF2
FFF4
FFF1
FFEF
FFF1
FFF9
0003
000B
0012
0015
0014
000D
0002
FFF6
FFED
FFE8
FFE7
FFE8
FFEE
FFF8
0001
0001
FFF7
FFEC
FFE5
FFE1
FFE0
FFE2
FFEA
FFF5
FFFF
0003
0003
0002
0003
0004
0007
0008
0004
FFFE
FFFC
0001
000C
0018
001B
000E
FFF9
FFE9
FFE6
FFF1
FFFF
0006
0005
0002
0002
0004
0007
000E
001C
002C
0033
0029
0015
FFFE
FFED
FFE6
FFEC
FFFD
000F
001E
002A
0033
002F
001A
FFFE
FFF0
FFF6
0007
0013
0018
0017
0010
0007
0002
0006
0010
0019
001E
0018
0009
FFF9
FFF4
FFF9
FFFE
0001
0002
0006
000A
000C
000D
0010
0016
001B
001C
0018
0011
0008
FFFD
FFF1
FFE7
FFE2
FFE4
FFED
FFF7
FFFC
FFFB
FFF6
FFF3
FFF5
FFFC
0004
000A
000C
0006
FFFD
FFF4
FFEE
FFEA
FFE7
FFE5
FFE4
FFE3
FFE4
FFEA
FFF1
FFF5
FFF0
FFE4
FFD9
FFD7
FFDD
FFE8
FFF3
FFFB
0000
0001
FFFF
FFFB
FFF6
FFF1
FFF2
FFFA
0001
0001
FFF8
FFEF
FFE8
FFE3
FFE5
FFEE
FFFA
FFFF
FFFC
FFF5
FFEC
FFE6
FFE9
FFF7
000A
0013
0011
000A
0005
0006
000A
0010
0016
001C
001D
001C
001D
0021
0026
0024
001B
000E
0004
0000
0002
0007
0010
0015
0013
000F
000C
000A
0009
0009
000D
0012
0016
0019
001E
0025
002C
0031
0031
002E
002B
0027
0024
0021
001E
001C
001F
0024
0028
002B
002E
0032
0034
0032
002E
0029
0026
0021
0017
000B
0001
0002
000B
0015
0016
0010
0007
FFFD
FFF5
FFF7
0005
0017
0024
002A
002C
002D
002B
0024
001D
0018
0017
0017
0018
0019
0014
0009
FFFC
FFF7
FFF9
FFFF
0004
0003
FFFB
FFF1
FFEE
FFF1
FFF7
FFFB
FFFC
FFFE
0002
0007
0009
0007
0004
FFFF
FFFA
FFF7
FFF8
FFF9
FFFA
FFF8
FFF5
FFF5
FFF8
FFFA
FFF7
FFF1
FFEC
FFEB
FFEB
FFED
FFF3
FFFC
0003
0004
FFFE
FFF6
FFF0
FFF2
FFFD
0009
000C
0005
FFFA
FFF1
FFEF
FFF3
FFFB
0000
FFFF
FFFC
FFFC
FFFE
FFFE
FFFA
FFF7
FFFA
0003
000A
000C
000C
000F
0011
000F
0007
FFFD
FFF6
FFF2
FFEF
FFF0
FFF6
FFFE
0002
0002
0002
0001
0000
0000
FFFE
FFFA
FFF8
FFF9
FFFF
0005
000D
0013
0015
0012
000C
0007
0002
FFFD
FFFD
0001
0005
0007
0005
0003
0000
FFFE
FFFE
0000
0004
0008
0006
FFFF
FFF4
FFE9
FFE2
FFE3
FFE7
FFE9
FFE7
FFE6
FFE7
FFEA
FFEE
FFF2
FFF6
FFF8
FFFB
FFFE
FFFE
FFF9
FFF2
FFF0
FFF3
FFFB
0001
0004
0002
FFFB
FFF0
FFE2
FFD8
FFD5
FFD4
FFD3
FFD3
FFD3
FFD5
FFD8
FFDF
FFE5
FFE9
FFEC
FFEF
FFF2
FFF6
FFFD
0004
0008
0008
0006
0003
FFFF
FFFB
FFF7
FFF4
FFF4
FFF6
FFFA
FFFC
FFFC
FFF8
FFF0
FFE8
FFE6
FFE9
FFEF
FFF4
FFF3
FFEF
FFED
FFF2
FFF9
FFFF
0001
0000
FFFB
FFF4
FFEE
FFE9
FFE6
FFE4
FFE5
FFE7
FFEB
FFF0
FFF2
FFF4
FFF7
FFFE
0008
0011
0014
0010
0007
FFFF
FFF8
FFF6
FFFC
0002
0000
FFF6
FFEB
FFE3
FFE1
FFE6
FFF0
FFF9
FFFB
FFF7
FFF2
FFEF
FFF1
FFF7
0002
000A
000A
0004
FFFD
FFF7
FFF3
FFEF
FFEA
FFE5
FFE5
FFEB
FFF4
FFFB
FFFE
FFFC
FFF9
FFF8
FFFC
0002
0005
0006
0003
FFFE
FFFB
FFF9
FFF8
FFF8
FFF9
FFF7
FFF4
FFF1
FFF0
FFEE
FFEC
FFEA
FFE9
FFEB
FFF3
FFFC
FFFE
FFFA
FFF8
FFFA
0000
0007
000C
000D
000D
0010
0012
0012
0010
000F
000F
000F
0010
000F
000A
0004
FFFF
FFF9
FFF3
FFEF
FFF0
FFF6
FFFB
FFFE
FFFF
FFFD
FFFB
FFFD
0004
000E
0016
001A
0019
0012
000B
0007
0008
000C
000D
000B
0007
0003
0001
0002
0006
000B
0010
0015
001A
0019
0013
000E
000C
000C
000B
000B
000B
000B
000B
000A
0006
0003
0002
0002
0003
0005
0007
0008
000A
000D
0010
0013
0015
0014
000D
0007
0005
0009
0010
0014
0012
000B
0002
FFFD
FFFE
0003
0008
000D
000F
0010
000F
0010
0011
0012
0010
0009
FFFE
FFF6
FFF6
FFFA
FFFE
0000
FFFF
FFFD
FFF9
FFF4
FFEE
FFE6
FFE2
FFE5
FFEE
FFFD
0008
000D
000D
0009
0005
0004
0004
0004
0002
FFFD
FFF8
FFF3
FFEF
FFF1
FFF6
FFFB
FFFC
FFFB
FFFA
FFFA
FFFA
FFFC
FFFB
FFF8
FFF7
FFF9
FFFD
0001
0003
0001
FFFA
FFF2
FFEE
FFF1
FFFA
0003
000A
000C
0009
0007
0009
000F
0016
001B
001A
0015
0010
0011
0013
0012
000C
0004
FFFE
FFFC
FFFE
0000
0002
0003
0003
0003
0003
0002
0005
000C
0013
0018
001C
001D
001E
001F
0020
001F
001D
001B
001B
001B
001A
0019
001B
0020
0024
0026
0025
0022
001C
0017
0015
0015
0016
0016
0014
000F
0009
0007
000B
0010
0012
0011
000E
0009
0007
0008
000B
000E
0011
0013
0015
0014
000F
0008
0003
0003
0005
0008
000A
0008
0003
0000
FFFF
FFFF
0000
0002
0001
FFFD
FFFA
FFFA
FFFD
0000
0001
FFFF
FFFE
0000
0003
0001
FFFC
FFF7
FFF4
FFF3
FFF8
0000
0005
0005
0004
0002
0000
FFFF
0001
0002
0002
0000
FFFE
FFFC
FFFB
FFF9
FFF9
FFF8
FFF8
FFF8
FFF9
FFFA
FFF9
FFF9
FFF9
FFF9
FFFA
FFFA
FFF8
FFF5
FFF3
FFF3
FFF5
FFF8
FFF9
FFF9
FFF9
FFFA
FFFC
FFFE
FFFF
0000
FFFF
FFFF
0000
0002
0002
0002
0004
0005
0005
0002
FFFD
FFF8
FFF6
FFF8
FFFA
FFFD
0000
0002
0002
0000
FFFE
FFFF
0004
000A
000A
0006
0001
FFFC
FFF7
FFF7
FFF5
FFF2
FFF2
FFF3
FFF8
0001
0008
000A
0009
0007
0006
0005
0004
0002
FFFF
FFFD
FFF9
FFF7
FFF5
FFF5
FFF7
FFF9
FFF8
FFF7
FFF7
FFF9
FFFB
FFFC
FFFC
FFFA
FFFC
0001
0007
0008
0005
0001
FFFE
FFFD
FFFE
FFFE
FFFD
FFFC
FFF9
FFF8
FFF8
FFF8
FFF8
FFF8
FFF8
FFF8
FFF9
FFFB
FFFF
0003
0005
0003
0000
FFFF
FFFF
0000
FFFF
FFFA
FFF6
FFF5
FFF5
FFF7
FFFA
FFFC
FFFF
FFFF
FFFE
FFFB
FFF7
FFF8
FFFC
FFFF
0002
0002
0002
0004
0007
000B
000F
000E
0008
0001
FFFD
FFFD
FFFF
0001
0002
0001
FFFF
0000
0002
0005
0008
0009
000C
000F
000D
000A
0006
0002
0000
0001
0005
0009
000D
000D
000C
000B
0008
0006
0007
000C
0011
0012
0011
000F
000C
000A
000B
000D
000F
0010
000F
000C
0008
0005
0005
0008
0009
0009
000A
000A
000D
000F
000F
000D
000E
0012
0014
0014
0014
0012
000E
000C
0008
0006
0004
0003
0004
0007
000A
000C
000D
000D
000E
000E
000B
0009
000A
000D
0011
0010
000F
000E
000B
000B
000C
000C
000C
000C
000A
0007
0006
0006
0006
0006
0007
0007
0008
0009
000B
000D
000E
000E
000F
000F
000E
000D
000C
0009
0007
0008
0009
000A
000A
0008
0007
0006
0008
000A
000A
000C
000E
0010
0012
0011
000F
000E
000D
000A
0008
0009
000B
000B
000B
0009
0008
000A
000B
000B
000A
0009
000A
000C
0010
0013
0015
0013
0010
000D
000A
000B
000C
000A
000A
000A
000C
000D
000C
000D
000E
000D
000D
000E
000E
000C
0009
0008
0005
0004
0005
0005
0005
0005
0005
0006
0006
0005
0006
0008
000A
000C
000C
000D
000D
000C
000B
0009
0007
0007
0008
0007
0008
0007
0005
0003
0001
0000
0001
0001
0002
0003
0006
0008
0007
0006
0004
0001
0000
0002
0003
0004
0003
0001
0000
FFFF
FFFD
FFFE
FFFE
FFFF
0001
0002
0003
0003
0004
0003
0002
0001
0001
0002
0003
0004
0003
FFFF
FFFF
0002
0003
0004
0004
0004
0004
0003
0003
0003
0002
0001
0001
0001
0001
0001
0001
0001
0002
0003
0004
0004
0005
0006
0007
0008
0007
0006
0005
0004
0003
0002
0002
0003
0002
FFFF
FFFE
FFFE
0000
0004
0006
0007
0008
0008
000A
0009
0007
0005
0003
0003
0003
0002
0001
FFFF
FFFE
FFFD
FFFE
FFFE
FFFF
FFFF
FFFF
0001
0004
0005
0006
0006
0006
0004
0002
0002
0002
0002
0002
0000
FFFF
FFFF
FFFF
0000
0000
0000
FFFF
FFFD
FFFC
FFFE
0000
0001
0000
FFFF
FFFE
FFFE
FFFE
FFFE
FFFE
FFFD
FFFD
FFFD
FFFB
FFFB
FFFC
FFFD
FFFE
FFFD
FFFD
FFFD
FFFF
0001
0000
0000
0000
0001
0002
0002
FFFF
FFFC
FFFC
FFFE
0000
0000
FFFE
FFFC
FFF9
FFF8
FFFA
FFFB
FFFC
FFFD
FFFC
FFFC
FFFB
FFFB
FFFE
0000
0000
0000
FFFF
FFFD
FFFD
FFFD
FFFE
FFFE
FFFF
FFFF
FFFE
FFFE
FFFF
0000
0000
0000
0001
0001
0000
0002
0003
0002
0001
0000
FFFF
FFFF
FFFF
FFFF
0000
FFFF
FFFD
FFFC
FFFD
FFFF
FFFF
0000
0001
0001
0001
0002
0003
0004
0005
0002
0000
FFFE
FFFD
FFFF
FFFE
FFFD
0000
0002
0001
0001
FFFF
0001
0003
0001
0004
0004
0002
0003
0001
0002
0003
0002
0006
0007
0001
FFFF
0001
0002
0003
0004
0003
0002
0002
0001
0000
0000
FFFE
FFFB
FFFC
FFFD
FFFD
FFFA
FFFC
FFFF
FFFE
0000
0004
0004
0005
0005
0004
0005
0003
0002
0005
0004
0001
0000
FFFF
FFFE
FFFD
FFFE
FFFE
FFFD
FFFD
FFFD
FFFF
0001
0000
0000
0002
0003
0003
0002
0002
0002
0000
FFFE
FFFD
FFFF
0000
FFFE
FFFE
FFFE
FFFD
FFFD
FFFE
FFFF
0001
0001
0001
0001
0004
0008
0005
0002
0002
0001
0000
FFFE
FFFD
FFFF
FFFF
FFFE
FFFE
FFFF
0000
0001
0000
FFFF
0000
0003
0002
0002
0004
0003
0003
0003
0003
0003
0001
0001
0000
FFFE
0000
0001
0000
FFFF
FFFE
FFFE
FFFE
0001
0004
0001
0000
0003
0002
0002
0004
0004
0003
0002
0001
0000
0000
FFFF
FFFF
0000
FFFF
FFFE
FFFE
FFFE
FFFF
0000
FFFF
FFFF
0000
0001
0002
0001
0001
0002
0000
FFFE
FFFF
0001
0001
0000
0000
0002
0003
FFFF
FFFE
FFFF
FFFD
FFFE
FFFE
FFFD
FFFD
FFFE
FFFF
FFFF
FFFF
FFFE
0001
0002
0000
FFFD
FFFD
0000
0000
FFFF
0002
0001
FFFF
0000
0000
0000
0000
0000
FFFF
FFFC
FFFE
0002
0001
0001
0003
0003
0003
0001
0000
0001
0001
0000
FFFF
FFFF
FFFE
FFFE
FFFE
0000
0000
0000
0001
0001
0002
0002
0001
0001
0001
0002
0000
FFFF
0004
0005
0001
0000
0000
0000
FFFE
FFFC
FFFF
0001
0001
0001
0001
0001
0001
0002
0002
0001
0001
0001
0001
0001
0001
0000
0001
0001
0001
0001
0000
0001
0000
FFFD
FFFF
0001
0001
0002
0002
0003
0002
0000
0001
0001
0000
0001
0000
0000
0000
0000
0000
FFFF
0000
FFFF
FFFF
FFFF
0000
0000
FFFF
FFFF
0000
0000
0000
0000
0000
0001
0000
FFFF
0000
0000
FFFF
0000
0001
0000
FFFF
FFFF
0000
FFFF
0000
0001
0000
0000
0001
0000
0000
0000
0000
0000
0000
FFFF
FFFF
0000
FFFF
FFFE
0000
0001
0000
0000
0000
0000
0001
0001
0000
0000
0001
0001
0001
0001
0001
0002
0001
0000
0000
0001
0001
0001
0001
0002
0002
0002
0002
0001
0002
0002
0000
0000
0001
0001
0001
0000
0000
0001
FFFF
FFFF
0000
0001
0001
0001
0001
0001
0001
FFFF
0001
0001
0000
0001
0001
0001
0000
0001
0003
0002
0000
0001
0000
0000
0000
0000
0000
0000
0001
0001
0001
0001
0001
0001
0000
0000
0000
0000
FFFF
FFFE
FFFF
0001
0001
0001
0000
0000
0000
FFFF
FFFE
FFFF
0001
0001
0000
0000
0001
0001
0000
FFFF
FFFF
FFFF
0000
FFFF
0000
0001
0001
0001
0000
0000
0000
FFFF
FFFF
FFFF
FFFF
0000
0000
FFFF
0000
0000
0000
0000
0000
0000
0000
0000
0000
0000
0000
0000
FFFF
0000
0000
0000
FFFF
FFFF
0000
0000
FFFF
0000
0000
0000
0000
0001
0000
FFFF
0000
0000
0000
0000
0000
0000
0000
0000
FFFF
FFFF
0000
0000
0000
0000
0000
0000
FFFF
FFFF
0000
0000
FFFF
0000
0001
0001
0000
0000
0001
0000
0000
FFFF
0000
0000
0000
0000
0000
0000
FFFF
FFFF
FFFF
0000
0000
FFFF
0000
FFFF
0000
0000
0000
0000
0000
0000
0001
0000
0000
0000
FFFF
0000
0000
0000
0000
0000
0000
0000
0001
0000
FFFF
0000
0000
FFFF
0000
0000
0000
0000
0000
0000
0000
0000
0000
0000
0000
0000
0000
0001
0001
0001
0001
0000
0000
0000
0000
0001
0001
0000
0001
0000
0000
0000
0000
0000
0000
0000
0001
0001
0000
0001
0000
0000
0000
0001
0001
0001
0001
0001
0001
0000
0000
0000
0001
0000
0000
0000
0000
0001
0000
0000
0000
0000
0000
0000
0000
0001
0001
0000
0000
0001
0001
0000
0001
0001
0000
0000
0000
0000
0000
0000
0000
0000
0000
0000
0000
0000
0000
0000
0000
0000
0000
0001
0000
0000
0000
0000
0000
0000
0000
0000
0000
0000
0000
0000
0000
0000
0000
0000
0000
0000
0000
0000
0000
0000
0000
0000
0000
0000
0000
0000
0000
0000
0000
0000
0000
0000
0000
0000
0000
FFFF
0000
0000
0000
0000
0000
0000
0000
FFFF
0000
0000
0000
0000
0000
0000
0000
0000
0000
FFFF
0000
0000
0000
0000
FFFF
0000
0000
0000
0000
0000
0000
0000
0000
0000
FFFF
0000
0000
0000
0000
0000
0000
0000
0000
0000
0000
FFFF
0000
0000
0000
0000
0000
0000
FFFF
FFFF
FFFF
0000
0000
FFFF
0000
0000
FFFF
0000
0000
0000
0000
0000
0000
0000
0000
0000
0000
FFFF
0000
0000
0000
0000
0000
0000
FFFF
FFFF
0000
0000
0000
0000
0000
0000
0000
0000
0000
0000
0000
0000
FFFF
FFFF
0000
0000
FFFF
FFFF
0000
0000
0000
FFFF
0000
0000
0000
0000
0000
0000
0000
0000
0000
0000
0000
0000
0000
0000
0000
0000
0000
0000
0000
FFFF
0000
0000
0000
0000
FFFF
0000
0000
0000
0000
0000
0000
0000
0000
0000
0000
0000
0000
0000
0000
0000
0000
0000
0000
0000
0000
0000
0000
0000
0000
0000
0000
0000
0000
0000
0000
0000
0000
0000
0000
0000
0000
0000
0000
0000
0000
0000
0000
0000
0000
0000
0000
0000
0000
0000
0000
0000
0000
0000
0000
0000
0000
0000
0000
0000
0000
0000
0000
0000
0000
0000
0000
0000
0000
0000
0000
0000
0000
0000
0000
0000
0000
0000
0000
0000
0000
0000
0000
0000
0000
0000
0000
0000
0000
0000
0000
0000
0000
0000
0000
0000
0000
0000
0000
0000
0000
0000
0000
0000
0000
0000
0000
0000
0000
0000
0000
0000
0000
0001
0000
0000
0000
0000
0000
0000
0000
0000
0000
0000
0000
0000
0000
0000
0000
0000
0000
0000
0000
0000
0000
0000
0000
0000
0000
0000
0000
0000
0000
0000
0000
0000
0000
0000
0000
0000
0000
0000
0000
0000
0000
0000
0000
0000
0000
0000
0000
0000
0000
0000
0000
0000
0000
0000
0000
0000
0000
0000
0000
0000
0000
0000
0000
0000
0000
0000
0000
0000
0000
0000
0000
0000
0000
0000
0000
0000
0000
0000
0000
0000
0000
0000
0000
0000
0000
0000
0000
0000
0000
0000
0000
0000
0000
0000
0000
0000
0000
0000
0000
0000
0000
0000
0000
0000
0000
FFFF
0000
0000
0000
0000
0000
0000
0000
0000
0000
0000
0000
0000
0000
0000
0000
0000
0000
0000
0000
0000
0000
0000
0000
0000
0000
0000
0000
0000
0000
0000
0000
0000
0000
0000
0000
0000
0000
0000
0000
0000
0000
0000
0000
0000
0000
0000
0000
0000
0000
0000
0000
0000
0000
0000
0000
0000
0000
0000
0000
0000
0000
0000
0000
0000
0000
0000
0000
0000
0000
0000
0000
0000
0000
0000
0000
0000
0000
0000
0000
0000
0000
0000
0000
0000
0000
0000
0000
0000
0000
0000
0000
0000
0000
0000
0000
0000
0000
0000
0000
0000
0000
0000
0000
0000
0000
0000
0000
0000
0000
0000
0000
0000
0000
0000
0000
0000
0000
0000
0000
0000
0000
0000
0000
0000
0000
0000
0000
0000
0000
0000
0000
0000
0000
0000
0000
0000
0000
0000
0000
0000
0000
0000
0000
0000
0000
0000
0000
0000
0000
0000
0000
0000
0000
0000
0000
0000
0000
0000
0000
0000
0000
0000
0000
0000
0000
0000
0000
0000
0000
0000
0000
0000
0000
0000
0000
0000
0000
0000
0000
0000
0000
0000
0000
0000
0000
0000
0000
0000
0000
0000
0000
0000
0000
0000
0000
0000
0000
0000
0000
0000
0000
0000
0000
0000
0000
0000
0000
0000
0000
0000
0000
0000
0000
0000
0000
0000
0000
0000
0000
0000
0000
0000
0000
0000
0000
0000
0000
0000
0000
0000
0000
0000
0000
0000
0000
0000
0000
0000
0000
0000
0000
0000
0000
0000
0000
0000
0000
0000
0000
0000
0000
0000
0000
0000
0000
0000
0000
0000
0000
0000
0000
0000
0000
0000
0000
0000
0000
0000
0000
0000
0000
0000
0000
0000
0000
0000
0000
0000
0000
0000
0000
0000
0000
0000
0000
0000
0000
0000
0000
0000
0000
0000
0000
0000
0000
0000
0000
0000
0000
0000
0000
0000
0000
0000
0000
0000
0000
0000
0000
0000
0000
0000
0000
0000
0000
0000
0000
0000
0000
0000
0000
0000
0000
0000
0000
0000
0000
0000
0000
0000
0000
0000
0000
0000
0000
0000
0000
0000
0000
0000
0000
0000
0000
0000
0000
0000
0000
0000
0000
0000
0000
0000
0000
0000
0000
0000
0000
0000
0000
0000
0000
0000
0000
0000
0000
0000
0000
0000
0000
0000
0000
0000
0000
0000
0000
0000
0000
0000
0000
0000
0000
0000
0000
0000
0000
0000
0000
0000
0000
0000
0000
0000
0000
0000
0000
0000
0000
0000
0000
0000
0000
0000
0000
0000
0000
0000
0000
0000
0000
0000
0000
0000
0000
0000
0000
0000
0000
0000
0000
0000
0000
0000
0000
0000
0000
0000
0000
0000
0000
0000
0000
0000
0000
0000
0000
0000
0000
0000
0000
0000
0000
0000
0000
0000
0000
0000
0000
0000
0000
0000
0000
0000
0000
0000
0000
0000
0000
0000
0000
0000
0000
0000
0000
0000
0000
0000
0000
0000
0000
0000
0000
0000
0000
0000
0000
0000
0000
0000
0000
0000
0000
0000
0000
0000
0000
0000
0000
0000
0000
0000
0000
0000
0000
0000
0000
0000
0000
0000
0000
0000
0000
0000
0000
0000
0000
0000
0000
0000
0000
0000
0000
0000
0000
0000
0000
0000
0000
0000
0000
0000
0000
0000
0000
0000
0000
0000
0000
0000
0000
0000
0000
0000
0000
0000
0000
0000
0000
0000
0000
0000
0000
0000
0000
0000
0000
0000
0000
0000
0000
0000
0000
0000
0000
0000
0000
0000
0000
0000
0000
0000
0000
0000
0000
0000
0000
0000
0000
0000
0000
0000
0000
0000
0000
0000
0000
0000
0000
0000
0000
0000
0000
0000
0000
0000
0000
0000
0000
0000
0000
0000
0000
0000
0000
0000
0000
0000
0000
0000
0000
0000
0000
0000
0000
0000
0000
0000
0000
0000
0000
0000
0000
0000
0000
0000
0000
0000
0000
0000
0000
0000
0000
0000
0000
0000
0000
0000
0000
0000
0000
0000
0000
0000
0000
0000
0000
0000
0000
0000
0000
0000
0000
0000
0000
0000
0000
0000
0000
0000
0000
0000
0000
0000
0000
0000
0000
0000
0000
0000
0000
0000
0000
0000
0000
0000
0000
0000
0000
0000
0000
0000
0000
0000
0000
0000
0000
0000
0000
0000
0000
0000
0000
0000
0000
0000
0000
0000
0000
0000
0000
0000
0000
0000
0000
0000
0000
0000
0000
0000
0000
0000
0000
0000
0000
0000
0000
0000
0000
0000
0000
0000
0000
0000
0000
0000
0000
0000
0000
0000
0000
0000
0000
0000
0000
0000
0000
0000
0000
0000
0000
0000
0000
0000
0000
0000
0000
0000
0000
0000
0000
0000
0000
0000
0000
0000
0000
0000
0000
0000
0000
0000
0000
0000
0000
0000
0000
0000
0000
0000
0000
0000
0000
0000
0000
0000
0000
0000
0000
0000
0000
0000
0000
0000
0000
0000
0000
0000
0000
0000
0000
0000
0000
0000
0000
0000
0000
0000
0000
0000
0000
0000
0000
0000
0000
0000
0000
0000
0000
0000
0000
0000
0000
0000
0000
0000
0000
0000
0000
0000
0000
0000
0000
0000
0000
0000
0000
0000
0000
0000
0000
0000
0000
0000
0000
0000
0000
0000
0000
0000
0000
0000
0000
0000
0000
0000
0000
0000
0000
0000
0000
0000
0000
0000
0000
0000
0000
0000
0000
0000
0000
0000
0000
0000
0000
0000
0000
0000
0000
0000
0000
0000
0000
0000
0000
0000
0000
0000
0000
0000
0000
0000
0000
0000
0000
0000
0000
0000
0000
0000
0000
0000
0000
0000
0000
0000
0000
0000
0000
0000
0000
0000
0000
0000
0000
0000
0000
0000
0000
0000
0000
0000
0000
0000
0000
0000
0000
0000
0000
0000
0000
0000
0000
0000
0000
0000
0000
0000
0000
0000
0000
0000
0000
0000
0000
0000
0000
0000
0000
0000
0000
0000
0000
0000
0000
0000
0000
0000
0000
0000
0000
0000
0000
0000
0000
0000
0000
0000
0000
0000
0000
0000
0000
0000
0000
0000
0000
0000
0000
0000
0000
0000
0000
0000
0000
0000
0000
0000
0000
0000
0000
0000
0000
0000
0000
0000
0000
0000
0000
0000
0000
0000
0000
0000
0000
0000
0000
0000
0000
0000
0000
0000
0000
0000
0000
0000
0000
0000
0000
0000
0000
0000
0000
0000
0000
0000
0000
0000
0000
0000
0000
0000
0000
0000
0000
0000
0000
0000
0000
0000
0000
0000
0000
0000
0000
0000
0000
0000
0000
0000
0000
0000
0000
0000
0000
0000
0000
0000
0000
0000
0000
0000
0000
0000
0000
0000
0000
0000
0000
0000
0000
0000
0000
0000
0000
0000
0000
0000
0000
0000
0000
0000
0000
0000
0000
0000
0000
0000
0000
0000
0000
0000
0000
0000
0000
0000
0000
0000
0000
0000
0000
0000
0000
0000
0000
0000
0000
0000
0000
0000
0000
0000
0000
0000
0000
0000
0000
0000
0000
0000
0000
0000
0000
0000
0000
0000
0000
0000
0000
0000
0000
0000
0000
0000
0000
0000
0000
0000
0000
0000
0000
0000
0000
0000
0000
0000
0000
0000
0000
0000
0000
0000
0000
0000
0000
0000
0000
0000
0000
0000
0000
0000
0000
0000
0000
0000
0000
0000
0000
0000
0000
0000
0000
0000
0000
0000
0000
0000
0000
0000
0000
0000
0000
0000
0000
0000
0000
0000
0000
0000
0000
0000
0000
0000
0000
0000
0000
0000
0000
0000
0000
0000
0000
0000
0000
0000
0000
0000
0000
0000
0000
0000
0000
0000
0000
0000
0000
0000
0000
0000
0000
0000
0000
0000
0000
0000
0000
0000
0000
0000
0000
0000
0000
0000
0000
0000
0000
0000
0000
0000
0000
0000
0000
0000
0000
0000
0000
0000
0000
0000
0000
0000
0000
0000
0000
0000
0000
0000
0000
0000
0000
0000
0000
0000
0000
0000
0000
0000
0000
0000
0000
0000
0000
0000
0000
0000
0000
0000
0000
0000
0000
0000
0000
0000
0000
0000
0000
0000
0000
0000
0000
0000
0000
0000
0000
0000
0000
0000
0000
0000
0000
0000
0000
0000
0000
0000
0000
0000
0000
0000
0000
0000
0000
0000
0000
0000
0000
0000
0000
0000
0000
0000
0000
0000
0000
0000
0000
0000
0000
0000
0000
0000
0000
0000
0000
0000
0000
0000
0000
0000
0000
0000
0000
0000
0000
0000
0000
0000
0000
0000
0000
0000
0000
0000
0000
0000
0000
0000
0000
0000
0000
0000
0000
0000
0000
0000
0000
0000
0000
0000
0000
0000
0000
0000
0000
0000
0000
0000
0000
0000
0000
0000
0000
0000
0000
0000
0000
0000
0000
0000
0000
0000
0000
0000
0000
0000
0000
0000
0000
0000
0000
0000
0000
0000
0000
0000
0000
0000
0000
0000
0000
0000
0000
0000
0000
0000
0000
0000
0000
0000
0000
0000
0000
0000
0000
0000
0000
0000
0000
0000
0000
0000
0000
0000
0000
0000
0000
0000
0000
0000
0000
0000
0000
0000
0000
0000
0000
0000
0000
0000
0000
0000
0000
0000
0000
0000
0000
0000
0000
0000
0000
0000
0000
0000
0000
0000
0000
0000
0000
0000
0000
0000
0000
0000
0000
0000
0000
0000
0000
0000
0000
0000
0000
0000
0000
0000
0000
0000
0000
0000
0000
0000
0000
0000
0000
0000
0000
0000
0000
0000
0000
0000
0000
0000
0000
0000
FFFF
0000
0000
0000
FFFF
0000
0000
0000
0000
0000
0000
0001
0000
0000
0000
0000
0000
0000
0000
0000
0000
0000
0000
0000
0000
0000
0000
0000
0000
0000
0000
0000
0000
0000
0000
0000
0000
0000
0000
0000
0000
0000
0000
0000
0000
0000
0000
0000
0000
0000
0000
0000
0000
0000
0000
0000
0000
0000
0000
0000
0000
0000
0000
0000
0000
0000
0000
0000
0000
0000
0000
0000
0000
0000
0000
0000
0000
0000
0000
0000
0000
0000
0000
0000
0000
0000
0000
0000
0000
0000
0000
0000
0000
0000
0000
0000
0000
0000
0000
0000
0000
0000
0000
0000
0000
0000
0000
0000
0000
0000
0000
0000
0000
0000
0000
0000
0000
0000
0000
0000
0000
0000
0000
0000
0000
0000
0000
0000
0000
0000
0000
0000
0000
0000
0000
0000
0000
0000
0000
0000
0000
0000
0000
0000
0000
0000
0000
0000
0000
0000
0000
0000
0000
0000
0000
0000
0000
0000
0000
0000
0000
0000
0000
0000
0000
0000
0000
0000
0000
0000
0000
0000
0000
0000
0000
0000
0000
0000
0000
0000
0000
0000
0000
0000
0000
0000
0000
0000
0000
0000
0000
0000
0000
0000
0000
0000
0000
0000
0000
0000
0000
0000
0000
0000
0000
0000
0000
0000
0000
0000
0000
0000
0000
0000
0000
0000
0000
0000
0000
0000
0000
0000
0000
0000
0000
0000
0000
0000
0000
0000
0000
0000
0000
0000
0000
0000
0000
0000
0000
0000
0000
0000
0000
0000
0000
0000
0000
0000
0000
0000
0000
0000
0000
0000
0000
0000
0000
0000
0000
0000
0000
0000
0000
0000
0000
0000
0000
0000
0000
0000
0000
0000
0000
0000
0000
0000
0000
0000
0000
0000
0000
0000
0000
0000
0000
0000
0000
0000
0000
0000
0000
0000
0000
0000
0000
0000
0000
0000
0000
0000
0000
0000
0000
0000
0000
0000
0000
0000
0000
0000
0000
0000
0000
0000
0000
0000
0000
0000
0000
0000
0000
0000
0000
0000
0000
0000
0000
0000
0000
0000
0000
0000
0000
0000
0000
0000
0000
0000
0000
0000
0000
0000
0000
0000
0000
0000
0000
0000
0000
0000
0000
0000
0000
0000
0000
0000
0000
0000
0000
0000
0000
0000
0000
0000
0000
0000
0000
0000
0000
0000
0000
0000
0000
0000
0000
0000
0000
0000
0000
0000
0000
0000
0000
0000
0000
0000
0000
0000
0000
0000
0000
0000
0000
0000
0000
0000
0000
0000
0000
0000
0000
0000
0000
0000
0000
0000
0000
0000
0000
0000
0000
0000
0000
0000
0000
0000
0000
0000
0000
0000
0000
0000
0000
0000
0000
0000
0000
0000
0000
0000
0000
0000
0000
0000
0000
0000
0000
0000
0000
0000
0000
0000
0000
0000
0000
0000
0000
0000
0000
0000
0000
0000
0000
0000
0000
0000
0000
0000
0000
0000
0000
0000
0000
0000
0000
0000
0000
0000
0000
0000
0000
0000
0000
0000
0000
0000
0000
0000
0000
0000
0000
0000
0000
0000
0000
0000
0000
0000
0000
0000
0000
0000
0000
0000
0000
0000
0000
0000
0000
0000
0000
0000
0000
0000
0000
0000
0000
0000
0000
0000
0000
0000
0000
0000
0000
0000
0000
0000
0000
0000
0000
0000
0000
0000
0000
0000
0000
0000
0000
0000
0000
0000
0000
0000
0000
0000
0000
0000
0000
0000
0000
0000
0000
0000
0000
0000
0000
0000
0000
0000
0000
0000
0000
0000
0000
0000
0000
0000
0000
0000
0000
0000
0000
0000
0000
0000
0000
0000
0000
0000
0000
0000
0000
0000
0000
0000
0000
0000
0000
0000
0000
0000
0000
0000
0000
0000
0000
0000
0000
0000
0000
0000
0000
0000
0000
0000
0000
0000
0000
0000
0000
0000
0000
0000
0000
0000
0000
0000
0000
0000
0000
0000
0000
0000
0000
0000
0000
0000
0000
0000
0000
0000
0000
0000
0000
0000
0000
0000
0000
0000
0000
0000
0000
0000
0000
0000
0000
0000
0000
0000
0000
0000
0000
0000
0000
0000
0000
0000
0000
0000
0000
0000
0000
0000
0000
0000
0000
0000
0000
0000
0000
0000
0000
0000
0000
0000
0000
0000
0000
0000
0000
0000
0000
0000
0000
0000
0000
0000
0000
0000
0000
0000
0000
0000
0000
0000
0000
0000
0000
0000
0000
0000
0000
0000
0000
0000
0000
0000
0000
0000
0000
0000
0000
0000
0000
0000
0000
0000
0000
0000
0000
0000
0000
0000
0000
0000
0000
0000
0000
0000
0000
0000
0000
0000
0000
0000
0000
0000
0000
0000
0000
0000
0000
0000
0000
0000
0000
0000
0000
0000
0000
0000
0000
0000
0000
0000
0000
0000
0000
0000
0000
0000
0000
0000
0000
0000
0000
0000
