0000
0000
0000
0000
0000
0000
0000
0000
0000
0000
0000
0000
0000
0000
0000
0000
0000
0000
0000
0000
0000
0000
0000
0000
0000
0000
0000
0000
0000
0000
0000
0000
0000
0000
0000
0000
0000
0000
0000
0000
0000
0000
0000
0000
0000
0000
0000
0000
0000
0000
0000
0000
0000
0000
0000
0000
0000
0000
0000
0000
0000
0000
0000
0000
0000
0000
0000
0000
0000
0000
0000
0000
0000
0000
0000
0000
0000
0000
0000
0000
0000
0000
0000
0000
0000
0000
0000
0000
0000
0000
0000
0000
0000
0000
0000
0000
0000
0000
0000
0000
0000
0000
0000
0000
0000
0000
0000
0000
0000
0000
0000
0000
0000
0000
0000
0000
0000
0000
0000
0000
0000
0000
0000
0000
0000
0000
0000
0000
0000
0000
0000
0000
0000
0000
0000
0000
0000
0000
0000
0000
0000
0000
0000
0000
0000
0000
0000
0000
0000
0000
0000
0000
0000
0000
0000
0000
0000
0000
0000
0000
0000
0000
0000
0000
0000
0000
0000
0000
0000
0000
0000
0000
0000
0000
0000
0000
0000
0000
0000
0000
0000
0000
0000
0000
0000
0000
0000
0000
0000
0000
0000
0000
0000
0000
0000
0000
0000
0000
0000
0000
0000
0000
0000
0000
0000
0000
0000
0000
0000
0000
0000
0000
0000
0000
0000
0000
0000
0000
0000
0000
0000
0000
0000
0000
0000
0000
0000
0000
0000
0000
0000
0000
0000
0000
0000
0000
0000
0000
0000
0000
0000
0000
0000
0000
0000
0000
0000
0000
0000
0000
0000
0000
0000
0000
0000
0000
0000
0000
0000
0000
0000
0000
0000
0000
0000
0000
0000
0000
0000
0000
0000
0000
0000
0000
0000
0000
0000
0000
0000
0000
0000
0000
0000
0000
0000
0000
0000
0000
0000
0000
0000
0000
0000
0000
0000
0000
0000
0000
0000
0000
0000
0000
0000
0000
0000
0000
0000
0000
0000
0000
0000
0000
0000
0000
0000
0000
0000
0000
0000
0000
0000
0000
0000
0000
0000
0000
0000
0000
0000
0000
0000
0000
0000
0000
0000
0000
0000
0000
0000
0000
0000
0000
0000
0000
0000
0000
0000
0000
0000
0000
0000
0000
0000
0000
0000
0000
0000
0000
0000
0000
0000
0000
0000
0000
0000
0000
0000
0000
0000
0000
0000
0000
0000
0000
0000
0000
0000
0000
0000
0000
0000
0000
0000
0000
0000
0000
0000
0000
0000
0000
0000
0000
0000
0000
0000
0000
0000
0000
0000
0000
0000
0000
0000
0000
0000
0000
0000
0000
0000
0000
0000
0000
0000
0000
0000
0000
0000
0000
0000
0000
0000
0000
0000
0000
0000
0000
0000
0000
0000
0000
0000
0000
0000
0000
0000
0000
0000
0000
0000
0000
0000
0000
0000
0000
0000
0000
0000
0000
0000
0000
0000
0000
0000
0000
0000
0000
0000
0000
0000
0000
0000
0000
0000
0000
0000
0000
0000
0000
0000
0000
0000
0000
0000
0000
0000
0000
0000
0000
0000
0000
0000
0000
0000
0000
0000
0000
0000
0000
0000
0000
0000
0000
0000
0000
0000
0000
0000
0000
0000
0000
0000
0000
0000
0000
0000
0000
0000
0000
0000
0000
0000
0000
0000
0000
0000
0000
0000
0000
0000
0000
0000
0000
0000
0000
0000
0000
0000
0000
0000
0000
0000
0000
0000
0000
0000
0000
0000
0000
0000
0000
0000
0000
0000
0000
0000
0000
0000
0000
0000
0000
0000
0000
0000
0000
0000
0000
0000
0000
0000
0000
0000
0000
0000
0000
0000
0000
0000
0000
0000
0000
0000
0000
0000
0000
0000
0000
0000
0000
0000
0000
0000
0000
0000
0000
0000
0000
0000
0000
0000
0000
0000
0000
0000
0000
0000
0000
0000
0000
0000
0000
0000
0000
0000
0000
0000
0000
0000
0000
0000
0000
0000
0000
0000
0000
0000
0000
0000
0000
0000
0000
0000
0000
0000
0000
0000
0000
0000
0000
0000
0000
0000
0000
0000
0000
0000
0000
0000
0000
0000
0000
0000
0000
0000
0000
0000
0000
0000
0000
0000
0000
0000
0000
0000
0000
0000
0000
0000
0000
0000
0000
0000
0000
0000
0000
0000
0000
0000
0000
0000
0000
0000
0000
0000
0000
0000
0000
0000
0000
0000
0000
0000
0000
0000
0000
0000
0000
0000
0000
0000
0000
0000
0000
0000
0000
0000
0000
0000
0000
0000
0000
0000
0000
0000
0000
0000
0000
0000
0000
0000
0000
0000
0000
0000
0000
0000
0000
0000
0000
0000
0000
0000
0000
0000
0000
0000
0000
0000
0000
0000
0000
0000
0000
0000
0000
0000
0000
0000
0000
0000
0000
0000
0000
0000
0000
0000
0000
0000
0000
0000
0000
0000
0000
0000
0000
0000
0000
0000
0000
0000
0000
0000
0000
0000
0000
0000
0000
0000
0000
0000
0000
0000
0000
0000
0000
0000
0000
0000
0000
0000
0000
0000
0000
0000
0000
0000
0000
0000
0000
0000
0000
0000
0000
0000
0000
0000
0000
0000
0000
0000
0000
0000
0000
0000
0000
0000
0000
0000
0000
0000
0000
0000
0000
0000
0000
0000
0000
0000
0000
0000
0000
0000
0000
0000
0000
0000
0000
0000
0000
0000
0000
0000
0000
0000
0000
0000
0000
0000
0000
0000
0000
0000
0000
0000
0000
0000
0000
0000
0000
0000
0000
0000
0000
0000
0000
0000
0000
0000
0000
0000
0000
0000
0000
0000
0000
0000
0000
0000
0000
0000
0000
0000
0000
0000
0000
0000
0000
0000
0000
0000
0000
0000
0000
0000
0000
0000
0000
0000
0000
0000
0000
0000
0000
0000
0000
0000
0000
0000
0000
0000
0000
0000
0000
0000
0000
0000
0000
0000
0000
0000
0000
0000
0000
0000
0000
0000
0000
0000
0000
0000
0000
0000
0000
0000
0000
0000
0000
0000
0000
0000
0000
0000
0000
0000
0000
0000
0000
0000
0000
0000
0000
0000
0000
0000
0000
0000
0000
0000
0000
0000
0000
0000
0000
0000
0000
0000
0000
0000
0000
0000
0000
0000
0000
0000
0000
0000
0000
0000
0000
0000
0000
0000
0000
0000
0000
0000
0000
0000
0000
0000
0000
0000
0000
0000
0000
0000
0000
0000
0000
0000
0000
0000
0000
0000
0000
0000
0000
0000
0000
0000
0000
0000
0000
0000
0000
0000
0000
0000
0000
0000
0000
0000
0000
0000
0000
0000
0000
0000
0000
0000
0000
0000
0000
0000
0000
0000
0000
0000
0000
0000
0000
0000
0000
0000
0000
0000
0000
0000
0000
0000
0000
0000
0000
0000
0000
0000
0000
0000
0000
0000
0000
0000
0000
0000
0000
0000
0000
0000
0000
0000
0000
0000
0000
0000
0000
0000
0000
0000
0000
0000
0000
0000
0000
0000
0000
0000
0000
0000
0000
0000
0000
0000
0000
0000
0000
0000
0000
0000
0000
0000
0000
0000
0000
0000
0000
0000
0000
0000
0000
0000
0000
0000
0000
0000
0000
0000
0000
0000
0000
0000
0000
0000
0000
0000
0000
0000
0000
0000
0000
0000
0000
0000
0000
0000
0000
0000
0000
0000
0000
0000
0000
0000
0000
0000
0000
0000
0000
0000
0000
0000
0000
0000
0000
0000
0000
0000
0000
0000
0000
0000
0000
0000
0000
0000
0000
0000
0000
0000
0000
0000
0000
0000
0000
0000
0000
0000
0000
0000
0000
0000
0000
0000
0000
0000
0000
0000
0000
0000
0000
0000
0000
0000
0000
0000
0000
0000
0000
0000
0000
0000
0000
0000
0000
0000
0000
0000
0000
0000
0000
0000
0000
0000
0000
0000
0000
0000
0000
0000
0000
0000
0000
0000
0000
0000
0000
0000
0000
0000
0000
0000
0000
0000
0000
0000
0000
0000
0000
0000
0000
0000
0000
0000
0000
0000
0000
0000
0000
0000
0000
0000
0000
0000
0000
0000
0000
0000
0000
0000
0000
0000
0000
0000
0000
0000
0000
0000
0000
0000
0000
0000
0000
0000
0000
0000
0000
0000
0000
0000
0000
0000
0000
0000
0000
0000
0000
0000
0000
0000
0000
0000
0000
0000
0000
0000
0000
0000
0000
0000
0000
0000
0000
0000
0000
0000
0000
0000
0000
0000
0000
0000
0000
0000
0000
0000
0000
0000
0000
0000
0000
0000
0000
0000
0000
0000
0000
0000
0000
0000
0000
0000
0000
0000
0000
0000
0000
0000
0000
0000
0000
0000
0000
0000
0000
0000
0000
0000
0000
0000
0000
0000
0000
0000
0000
0000
0000
0000
0000
0000
0000
0000
0000
0000
0000
0000
0000
0000
0000
0000
0000
0000
0000
0000
0000
0000
0000
0000
0000
0000
0000
0000
0000
0000
0000
0000
0000
0000
0000
0000
0000
0000
0000
0000
0000
0000
0000
0000
0000
0000
0000
0000
0000
0000
0000
0000
0000
0000
0000
0000
0000
0000
0000
0000
0000
0000
0000
0000
0000
0000
0000
0000
0000
0000
0000
0000
0000
0000
0000
0000
0000
0000
0000
0000
0000
0000
0000
0000
0000
0000
0000
0000
0000
0000
0000
0000
0000
0000
0000
0000
0000
0000
0000
0000
0000
0000
0000
0000
0000
0000
0000
0000
0000
0000
0000
0000
0000
0000
0000
0000
0000
0000
0000
0000
0000
0000
0000
0000
0000
0000
0000
0000
0000
0000
0000
0000
0000
0000
0000
0000
0000
0000
0000
0000
0000
0000
0000
0000
0000
0000
0000
0000
0000
0000
0000
0000
0000
0000
0000
0000
0000
0000
0000
0000
0000
0000
0000
0000
0000
0000
0000
0000
0000
0000
0000
0000
0000
0000
0000
0000
0000
0000
0000
0000
0000
0000
0000
0000
0000
0000
0000
0000
0000
0000
0000
0000
0000
0000
0000
0000
0000
0000
0000
0000
0000
0000
0000
0000
0000
0000
0000
0000
0000
0000
0000
0000
0000
0000
0000
0000
0000
0000
0000
0000
0000
0000
0000
0000
0000
0000
0000
0000
0000
0000
0000
0000
0000
0000
0000
0000
0000
0000
0000
0000
0000
0000
0000
0000
0000
0000
0000
0000
0000
0000
0000
0000
0000
0000
0000
0000
0000
0000
0000
0000
0000
0000
0000
0000
0000
0000
0000
0000
0000
0000
0000
0000
0000
0000
0000
0000
0000
0000
0000
0000
0000
0000
0000
0000
0000
0000
0000
0000
0000
0000
0000
0000
0000
0000
0000
0000
0000
0000
0000
0000
0000
0000
0000
0000
0000
0000
0000
0000
0000
0000
0000
0000
0000
0000
0000
0000
0000
0000
0000
0000
0000
0000
0000
0000
0000
0000
0000
0000
0000
0000
0000
0000
0000
0000
0000
0000
0000
0000
0000
0000
0000
0000
0000
0000
0000
0000
0000
0000
0000
0000
0000
0000
0000
0000
0000
0000
0000
0000
0000
0000
0000
0000
0000
0000
0000
0000
0000
0000
0000
0000
0000
0000
0000
0000
0000
0000
0000
0000
0000
0000
0000
0000
0000
0000
0000
0000
0000
0000
0000
0000
0000
0000
0000
0000
0000
0000
0000
0000
0000
0000
0000
0000
0000
0000
0000
0000
0000
0000
0000
0000
0000
0000
0000
0000
0000
0000
0000
0000
0000
0000
0000
0000
0000
0000
0000
0000
0000
0000
0000
0000
0000
0000
0000
0000
0000
0000
0000
0000
0000
0000
0000
0000
0000
0000
0000
0000
0000
0000
0000
0000
0000
0000
0000
0000
0000
0000
0000
0000
0000
0000
0000
0000
0000
0000
0000
0000
0000
0000
0000
0000
0000
0000
0000
0000
0000
0000
0000
0000
0000
0000
0000
0000
0000
0000
0000
0000
0000
0000
0000
0000
0000
0000
0000
0000
0000
0000
0000
0000
0000
0000
0000
0000
0000
0000
0000
0000
0000
0000
0000
0000
0000
0000
0000
0000
0000
0000
0000
0000
0000
0000
0000
0000
0000
0000
0000
0000
0000
0000
0000
0000
0000
0000
0000
0000
0000
0000
0000
0000
0000
0000
0000
0000
0000
0000
0000
0000
0000
0000
0000
0000
0000
0000
0000
0000
0000
0000
0000
0000
0000
0000
0000
0000
0000
0000
0000
0000
0000
0000
0000
0000
0000
0000
0000
0000
0000
0000
0000
0000
0000
0000
0000
0000
0000
0000
0000
0000
0000
0000
0000
0000
0000
0000
0000
0000
0000
0000
0000
0000
0000
0000
0000
0000
0000
0000
0000
0000
0000
0000
0000
0000
0000
0000
0000
0000
0000
0000
0000
0000
0000
0000
0000
0000
0000
0000
0000
0000
0000
0000
0000
0000
0000
0000
0000
0000
0000
0000
0000
0000
0000
0000
0000
0000
0000
0000
0000
0000
0000
0000
0000
0000
0000
0000
0000
0000
0000
0000
0000
0000
0000
0000
0000
0000
0000
0000
0000
0000
0000
0000
0000
0000
0000
0000
0000
0000
0000
0000
0000
0000
0000
0000
0000
0000
0000
0000
0000
0000
0000
0000
0000
0000
0000
0000
0000
0000
0000
0000
0000
0000
0000
0000
0000
0000
0000
0000
0000
0000
0000
0000
0000
0000
0000
0000
0000
0000
0000
0000
0000
0000
0000
0000
0000
0000
0000
0000
0000
0000
0000
0000
0000
0000
0000
0000
0000
0000
0000
0000
0000
0000
0000
0000
0000
0000
0000
0000
0000
0000
0000
0000
0000
0000
0000
0000
0000
0000
0000
0000
0000
0000
0000
0000
0000
0000
0000
0000
0000
0000
0000
0000
0000
0000
0000
0000
0000
0000
0000
0000
0000
0000
0000
0000
0000
0000
0000
0000
0000
0000
0000
0000
0000
0000
0000
0000
0000
0000
0000
0000
0000
0000
0000
0000
0000
0000
0000
0000
0000
0000
0000
0000
0000
0000
0000
0000
0000
0000
0000
0000
0000
0000
0000
0000
0000
0000
0000
0000
0000
0000
0000
0000
0000
0000
0000
0000
0000
0000
0000
0000
0000
0000
0000
0000
0000
0000
0000
0000
0000
0000
0000
0000
0000
0000
0000
0000
0000
0000
0000
0000
0000
0000
0000
0000
0000
0000
0000
0000
0000
0000
0000
0000
0000
0000
0000
0000
0000
0000
0000
0000
0000
0000
0000
0000
0000
0000
0000
0000
0000
0000
0000
0000
0000
0000
0000
0000
0000
0000
0000
0000
0000
0000
0000
0000
0000
0000
0000
0000
0000
0000
0000
0000
0000
0000
0000
0000
0000
0000
0000
0000
0000
0000
0000
0000
0000
0000
0000
0000
0000
0000
0000
0000
0000
0000
0000
0000
0000
0000
0000
0000
0000
0000
0000
0000
0000
0000
0000
0000
0000
0000
0000
0000
0000
0000
0000
0000
0000
0000
0000
0000
0000
0000
0000
0000
0000
0000
0000
0000
0000
0000
0000
0000
0000
0000
0000
0000
0000
0000
0000
0000
0000
0000
0000
0000
0000
0000
0000
0000
0000
0000
0000
0000
0000
0000
0000
0000
0000
0000
0000
0000
0000
0000
0000
0000
0000
0000
0000
0000
0000
0000
0000
0000
0000
0000
0000
0000
0000
0000
0000
0000
0000
0000
0000
0000
0000
0000
0000
0000
0000
0000
0000
0000
0000
0000
0000
0000
0000
0000
0000
0000
0000
0000
0000
0000
0000
0000
0000
0000
0000
0000
0000
0000
0000
0000
0000
0000
0000
0000
0000
0000
0000
0000
0000
0000
0000
0000
0000
0000
0000
0000
0000
0000
0000
0000
0000
0000
0000
0000
0000
0000
0000
0000
0000
0000
0000
0000
0000
0000
0000
0000
0000
0000
0000
0000
0000
0000
0000
0000
0000
0000
0000
0000
0000
0000
0000
0000
0000
0000
0000
0000
0000
0000
0000
0000
0000
0000
0000
0000
0000
0000
0000
0000
0000
0000
0000
0000
0000
0000
0000
0000
0000
0000
0000
0000
0000
0000
0000
0000
0000
0000
0000
0000
0000
0000
0000
0000
0000
0000
0000
0000
0000
0000
0000
0000
0000
0000
0000
0000
0000
0000
0000
0000
0000
0000
0000
0000
0000
0000
0000
0000
0000
0000
0000
0000
0000
0000
0000
0000
0000
0000
0000
0000
0000
0000
0000
0000
0000
0000
0000
0000
0000
0000
0000
0000
0000
0000
0000
0000
0000
0000
0000
0000
0000
0000
0000
0000
0000
0000
0000
0000
0000
0000
0000
0000
0000
0000
0000
0000
0000
0000
0000
0000
0000
0000
0000
0000
0000
0000
0000
0000
0000
0000
0000
0000
0000
0000
0000
0000
0000
0000
0000
0000
0000
0000
0000
0000
0000
0000
0000
0000
0000
0000
0000
0000
0000
0000
0000
0000
0000
0000
0000
0000
0000
0000
0000
0000
0000
0000
0000
0000
0000
0000
0000
0000
0000
0000
0000
0000
0000
0000
0000
0000
0000
0000
0000
0000
0000
0000
0000
0000
0000
0000
0000
0000
0000
0000
0000
0000
0000
0000
0000
0000
0000
0000
0000
0000
0000
0000
0000
0000
0000
0000
0000
0000
0000
0000
0000
0000
0000
0000
0000
0000
0000
0000
0000
0000
0000
0000
0000
0000
0000
0000
0000
0000
0000
0000
0000
0000
0000
0000
0000
0000
0000
0000
0000
0000
0000
0000
0000
0000
0000
0000
0000
0000
0000
0000
0000
0000
0000
0000
0000
0000
0000
0000
0000
0000
0000
0000
0000
0000
0000
0000
0000
0000
0000
0000
0000
0000
0000
0000
0000
0000
0000
0000
0000
0000
0000
0000
0000
0000
0000
0000
0000
0000
0000
0000
0000
0000
0000
0000
0000
0000
0000
0000
0000
0000
0000
0000
0000
0000
0000
0000
0000
0000
0000
0000
0000
0000
0000
0000
0000
0000
0000
0000
0000
0000
0000
0000
0000
0000
0000
0000
0000
0000
0000
0000
0000
0000
0000
0000
0000
0000
0000
0000
0000
0000
0000
0000
0000
0000
0000
0000
0000
0000
0000
0000
0000
0000
0000
0000
0000
0000
0000
0000
0000
0000
0000
0000
0000
0000
0000
0000
0000
0000
0000
0000
0000
0000
0000
0000
0000
0000
0000
0000
0000
0000
0000
0000
0000
0000
0000
0000
0000
0000
0000
0000
0000
0000
0000
0000
0000
0000
0000
0000
0000
0000
0000
0000
0000
0000
0000
0000
0000
0000
0000
0000
0000
0000
0000
0000
0000
0000
0000
0000
0000
0000
0000
0000
0000
0000
0000
0000
0000
0000
0000
0000
0000
0000
0000
0000
0000
0000
0000
0000
0000
0000
0000
0000
0000
0000
0000
0000
0000
0000
0000
0000
0000
0000
0000
0000
0000
0000
0000
0000
0000
0000
0000
0000
0000
0000
0000
0000
0000
0000
0000
0000
0000
0000
0000
0000
0000
0000
0000
0000
0000
0000
0000
0000
0000
0000
0000
0000
0000
0000
0000
0000
0000
0000
0000
0000
0000
0000
0000
0000
0000
0000
0000
0000
0000
0000
0000
0000
0000
0000
0000
0000
0000
0000
0000
0000
0000
0000
0000
0000
0000
0000
0000
0000
0000
0000
0000
0000
0000
0000
0000
0000
0000
0000
0000
0000
0000
0000
0000
0000
0000
0000
0000
0000
0000
0000
0000
0000
0000
0000
0000
0000
0000
0000
0000
0000
0000
0000
0000
0000
0000
0000
0000
0000
0000
0000
0000
0000
0000
0000
0000
0000
0000
0000
0000
0000
0000
0000
0000
0000
0000
0000
0000
0000
0000
0000
0000
0000
0000
0000
0000
0000
0000
0000
0000
0000
0000
0000
0000
0000
0000
0000
0000
0000
0000
0000
0000
0000
0000
0000
0000
0000
0000
0000
0000
0000
0000
0000
0000
0000
0000
0000
0000
0000
0000
0000
0000
0000
0000
0000
0000
0000
0000
0000
0000
0000
0000
0000
0000
0000
0000
0000
0000
0000
0000
0000
0000
0000
0000
0000
0000
0000
0000
0000
0000
0000
0000
0000
0000
0000
0000
0000
0000
0000
0000
0000
0000
0000
0000
0000
0000
0000
0000
0000
0000
0000
0000
0000
0000
0000
0000
0000
0000
0000
0000
0000
0000
0000
0000
0000
0000
0000
0000
0000
0000
0000
0000
0000
0000
0000
0000
0000
0000
0000
0000
0000
0000
0000
0000
0000
0000
0000
0000
0000
0000
0000
0000
0000
0000
0000
0000
0000
0000
0000
0000
0000
0000
0000
0000
0000
0000
0000
0000
0000
0000
0000
0000
0000
0000
0000
0000
0000
0000
0000
0000
0000
0000
0000
0000
0000
0000
0000
0000
0000
0000
0000
0000
0000
0000
0000
0000
0000
0000
0000
0000
0000
0000
0000
0000
0000
0000
0000
0000
0000
0000
0000
0000
0000
0000
0000
0000
0000
0000
0000
0000
0000
0000
0000
0000
0000
0000
0000
0000
0000
0000
0000
0000
0000
0000
0000
0000
0000
0000
0000
0000
0000
0000
0000
0000
0000
0000
0000
0000
0000
0000
0000
0000
0000
0000
0000
0000
0000
0000
0000
0000
0000
0000
0000
0000
0000
0000
0000
0000
0000
0000
0000
0000
0000
0000
0000
0000
0000
0000
0000
0000
0000
0000
0000
0000
0000
0000
0000
0000
0000
0000
0000
0000
0000
0000
0000
0000
0000
0000
0000
0000
0000
0000
0000
0000
0000
0000
0000
0000
0000
0000
0000
0000
0000
0000
0000
0000
0000
0000
0000
0000
0000
0000
0000
0000
0000
0000
0000
0000
0000
0000
0000
0000
0000
0000
0000
0000
0000
0000
0000
0000
0000
0000
0000
0000
0000
0000
0000
0000
0000
0000
0000
0000
0000
0000
0000
0000
0000
0000
0000
0000
0000
0000
0000
0000
0000
0000
0000
0000
0000
0000
0000
0000
0000
0000
0000
0000
0000
0000
0000
0000
0000
0000
0000
0000
0000
0000
0000
0000
0000
0000
0000
0000
0000
0000
0000
0000
0000
0000
0000
0000
0000
0000
0000
0000
0000
0000
0000
0000
0000
0000
0000
0000
0000
0000
0000
0000
0000
0000
0000
0000
0000
0000
0000
0000
0000
0000
0000
0000
0000
0000
0000
0000
0000
0000
0000
0000
0000
0000
0000
0000
0000
0000
0000
0000
0000
0000
0000
0000
0000
0000
0000
0000
0000
0000
0000
0000
0000
0000
0000
0000
0000
0000
0000
0000
0000
0000
0000
0000
0000
0000
0000
0000
0000
0000
0000
0000
0000
0000
0000
0000
0000
0000
0000
0000
0000
0000
0000
0000
0000
0000
0000
0000
0000
0000
0000
0000
0000
0000
0000
0000
0000
0000
0000
0000
0000
0000
0000
0000
0000
0000
0000
0000
0000
0000
0000
0000
0000
0000
0000
0000
0000
0000
0000
0000
0000
0000
0000
0000
0000
0000
0000
0000
0000
0000
0000
0000
0000
0000
0000
0000
0000
0000
0000
0000
0000
0000
0000
0000
0000
0000
0000
0000
0000
0000
0000
0000
0000
0000
0000
0000
0000
0000
0000
0000
0000
0000
0000
0000
0000
0000
0000
0000
0000
0000
0000
0000
0000
0000
0000
0000
0000
0000
0000
0000
0000
0000
0000
0000
0000
0000
0000
0000
0000
0000
0000
0000
0000
0000
0000
0000
0000
0000
0000
0000
0000
0000
0000
0000
0000
0000
0000
0000
0000
0000
0000
0000
0000
0000
0000
0000
0000
0000
0000
0000
0000
0000
0000
0000
0000
0000
0000
0000
0000
0000
0000
0000
0000
0000
0000
0000
0000
0000
0000
0000
0000
0000
0000
0000
0000
0000
0000
0000
0000
0000
0000
0000
0000
0000
0000
0000
0000
0000
0000
0000
0000
0000
0000
0000
0000
0000
0000
0000
0000
0000
0000
0000
0000
0000
0000
0000
0000
0000
0000
0000
0000
0000
0000
0000
0000
0000
0000
0000
0000
0000
0000
0000
0000
0000
0000
0000
0000
0000
0000
0000
0000
0000
0000
0000
0000
0000
0000
0000
0000
0000
0000
0000
0000
0000
0000
0000
0000
0000
0000
0000
0000
0000
0000
0000
0000
0000
0000
0000
0000
0000
0000
0000
0000
0000
0000
0000
0000
0000
0000
0000
0000
0000
0000
0000
0000
0000
0000
0000
0000
0000
0000
0000
0000
0000
0000
0000
0000
0000
0000
0000
0000
0000
0000
0000
0000
0000
0000
0000
0000
0000
0000
0000
0000
0000
0000
0000
0000
0000
0000
0000
0000
0000
0000
0000
0000
0000
0000
0000
0000
0000
0000
0000
0000
0000
0000
0000
0000
0000
0000
0000
0000
0000
0000
0000
0000
0000
0000
0000
0000
0000
0000
0000
0000
0000
0000
0000
0000
0000
0000
0000
0000
0000
0000
0000
0000
0000
0000
0000
0000
0000
0000
0000
0000
0000
0000
0000
0000
0000
0000
0000
0000
0000
0000
0000
0000
0000
0000
0000
0000
0000
0000
0000
0000
0000
0000
0000
0000
0000
0000
0000
0000
0000
0000
0000
0000
0000
0000
0000
0000
0000
0000
0000
0000
0000
0000
0000
0000
0000
0000
0000
0000
0000
0000
0000
0000
0000
0000
0000
0000
0000
0000
0000
0000
0000
0000
0000
0000
0000
0000
0000
0000
0000
0000
0000
0000
0000
0000
0000
0000
0000
0000
0000
0000
0000
0000
0000
0000
0000
0000
0000
0000
0000
0000
0000
0000
0000
0000
0000
0000
0000
0000
0000
0000
0000
0000
0000
0000
0000
0000
0000
0000
0000
0000
0000
0000
0000
0000
0000
0000
0000
0000
0000
0000
0000
0000
0000
0000
0000
0000
0000
0000
0000
0000
0000
0000
0000
0000
0000
0000
0000
0000
0000
0000
0000
0000
0000
0000
0000
0000
0000
0000
0000
0000
0000
0000
0000
0000
0000
0000
0000
0000
0000
0000
0000
0000
0000
0000
0000
0000
0000
0000
0000
0000
0000
0000
0000
0000
0000
0000
0000
0000
0000
0000
0000
0000
0000
0000
0000
0000
0000
0000
0000
0000
0000
0000
0000
0000
0000
0000
0000
0000
0000
0000
0000
0000
0000
0000
0000
0000
0000
0000
0000
0000
0000
0000
0000
0000
0000
0000
0000
0000
0000
0000
0000
0000
0000
0000
0000
0000
0000
0000
0000
0000
0000
0000
0000
0000
0000
0000
0000
0000
0000
0000
0000
0000
0000
0000
0000
0000
0000
0000
0000
0000
0000
0000
0000
0000
0000
0000
0000
0000
0000
0000
0000
0000
0000
0000
0000
0000
0000
0000
0000
0000
0000
0000
0000
0000
0000
0000
0000
0000
0000
0000
0000
0000
0000
0000
0000
0000
0000
0000
0000
0000
0000
0000
0000
0000
0000
0000
0000
0000
0000
0000
0000
0000
0000
0000
0000
0000
0000
0000
0000
0000
0000
0000
0000
0000
0000
0000
0000
0000
0000
0000
0000
0000
0000
0000
0000
0000
0000
0000
0000
0000
0000
0000
0000
0000
0000
0000
0000
0000
0000
0000
0000
0000
0000
0000
0000
0000
0000
0000
0000
0000
0000
0000
0000
0000
0000
0000
0000
0000
0000
0000
0000
0000
0000
0000
0000
0000
0000
0000
0000
0000
0000
0000
0000
0000
0000
0000
0000
0000
0000
0000
0000
0000
0000
0000
0000
0000
0000
0000
0000
0000
0000
0000
0000
0000
0000
0000
0000
0000
0000
0000
0000
0000
0000
0000
0000
0000
0000
0000
0000
0000
0000
0000
0000
0000
0000
0000
0000
0000
0000
0000
0000
0000
0000
0000
0000
0000
0000
0000
0000
0000
0000
0000
0000
0000
0000
0000
0000
0000
0000
0000
0000
0000
0000
0000
0000
0000
0000
0000
0000
0000
0000
0000
0000
0000
0000
0000
0000
0000
0000
0000
0000
0000
0000
0000
0000
0000
0000
0000
0000
0000
0000
0000
0000
0000
0000
0000
0000
0000
0000
0000
0000
0000
0000
0000
0000
0000
0000
0000
0000
0000
0000
0000
0000
0000
0000
0000
0000
0000
0000
0000
0000
0000
0000
0000
0000
0000
0000
0000
0000
0000
0000
0000
0000
0000
0000
0000
0000
0000
0000
0000
0000
0000
0000
0000
0000
0000
0000
0000
0000
0000
0000
0000
0000
0000
0000
0000
0000
0000
0000
0000
0000
0000
0000
0000
0000
0000
0000
0000
0000
0000
0000
0000
0000
0000
0000
0000
0000
0000
0000
0000
0000
0000
0000
0000
0000
0000
0000
0000
0000
0000
0000
0000
0000
0000
0000
0000
0000
0000
0000
0000
0000
0000
0000
0000
0000
0000
0000
0000
0000
0000
0000
0000
0000
0000
0000
0000
0000
0000
0000
0000
0000
0000
0000
0000
0000
0000
0000
0000
0000
0000
0000
0000
0000
0000
0000
0000
0000
0000
0000
0000
0000
0000
0000
0000
0000
0000
0000
0000
0000
0000
0000
0000
0000
0000
0000
0000
0000
0000
0000
0000
0000
0000
0000
0000
0000
0000
0000
0000
0000
0000
0000
0000
0000
0000
0000
0000
0000
0000
0000
0000
0000
0000
0000
0000
0000
0000
0000
0000
0000
0000
0000
0000
0000
0000
0000
0000
0000
0000
0000
0000
0000
0000
0000
0000
0000
0000
0000
0000
0000
0000
0000
0000
0000
0000
0000
0000
0000
0000
0000
0000
0000
0000
0000
0000
0000
0000
0000
0000
0000
0000
0000
0000
0000
0000
0000
0000
0000
0000
0000
0000
0000
0000
0000
0000
0000
0000
0000
0000
0000
0000
0000
0000
0000
0000
0000
0000
0000
0000
0000
0000
0000
0000
0000
0000
0000
0000
0000
0000
0000
0000
0000
0000
0000
0000
0000
0000
0000
0000
0000
0000
0000
0000
0000
0000
0000
0000
0000
0000
0000
0000
0000
0000
0000
0000
0000
0000
0000
0000
0000
0000
0000
0000
0000
0000
0000
0000
0000
0000
0000
0000
0000
0000
0000
0000
0000
0000
0000
0000
0000
0000
0000
0000
0000
0000
0000
0000
0000
0000
0000
0000
0000
0000
0000
0000
0000
0000
0000
0000
0000
0000
0000
0000
0000
0000
0000
0000
0000
0000
0000
0000
0000
0000
0000
0000
0000
0000
0000
0000
0000
0000
0000
0000
0000
0000
0000
0000
0000
0000
0000
0000
0000
0000
0000
0000
0000
0000
0000
0000
0000
0000
0000
0000
0000
0000
0000
0000
0000
0000
0000
0000
0000
0000
0000
0000
0000
0000
0000
0000
0000
0000
0000
0000
0000
0000
0000
0000
0000
0000
0000
0000
0000
0000
0000
0000
0000
0000
0000
0000
0000
0000
0000
0000
0000
0000
0000
0000
0000
0000
0000
0000
0000
0000
0000
0000
0000
0000
0000
0000
0000
0000
0000
0000
0000
0000
0000
0000
0000
0000
0000
0000
0000
0000
0000
0000
0000
0000
0000
0000
0000
0000
0000
0000
0000
0000
0000
0000
0000
0000
0000
0000
0000
0000
0000
0000
0000
0000
0000
0000
0000
0000
0000
0000
0000
0000
0000
0000
0000
0000
0000
0000
0000
0000
0000
0000
0000
0000
0000
0000
0000
0000
0000
0000
0000
0000
0000
0000
0000
0000
0000
0000
0000
0000
0000
0000
0000
0000
0000
0000
0000
0000
0000
0000
0000
0000
0000
0000
0000
0000
0000
0000
0000
0000
0000
0000
0000
0000
0000
0000
0000
0000
0000
0000
0000
0000
0000
0000
0000
0000
0000
0000
0000
0000
0000
0000
0000
0000
0000
0000
0000
0000
0000
0000
0000
0000
0000
0000
0000
0000
0000
0000
0000
0000
0000
0000
0000
0000
0000
0000
0000
0000
0000
0000
0000
0000
0000
0000
0000
0000
0000
0000
0000
0000
0000
0000
0000
0000
0000
0000
0000
0000
0000
0000
0000
0000
0000
0000
0000
0000
0000
0000
0000
0000
0000
0000
0000
0000
0000
0000
0000
0000
0000
0000
0000
0000
0000
0000
0000
0000
0000
0000
0000
0000
0000
0000
0000
0000
0000
0000
0000
0000
0000
0000
0000
0000
0000
0000
0000
0000
0000
0000
0000
0000
0000
0000
0000
0000
0000
0000
0000
0000
0000
0000
0000
0000
0000
0000
0000
0000
0000
0000
0000
0000
0000
0000
0000
0000
0000
0000
0000
0000
0000
0000
0000
0000
0000
0000
0000
0000
0000
0000
0000
0000
0000
0000
0000
0000
0000
0000
0000
0000
0000
0000
0000
0000
0000
0000
0000
0000
0000
0000
0000
0000
0000
0000
0000
0000
0000
0000
0000
0000
0000
0000
0000
0000
0000
0000
0000
0000
0000
0000
0000
0000
0000
0000
0000
0000
0000
0000
0000
0000
0000
0000
0000
0000
0000
0000
0000
0000
0000
0000
0000
0000
0000
0000
0000
0000
0000
0000
0000
0000
0000
0000
0000
0000
0000
0000
0000
0000
0000
0000
0000
0000
0000
0000
0000
0000
0000
0000
0000
0000
0000
0000
0000
0000
0000
0000
0000
0000
0000
0000
0000
0000
0000
0000
0000
0000
0000
0000
0000
0000
0000
0000
0000
0000
0000
0000
0000
0000
0000
0000
0000
0000
0000
0000
0000
0000
0000
0000
0000
0000
0000
0000
0000
0000
0000
0000
0000
0000
0000
0000
0000
0000
0000
0000
0000
0000
0000
0000
0000
0000
0000
0000
0000
0000
0000
0000
0000
0000
0000
0000
0000
0000
0000
0000
0000
0000
0000
0000
0000
0000
0000
0000
0000
0000
0000
0000
0000
0000
0000
0000
0000
0000
0000
0000
0000
0000
0000
0000
0000
0000
0000
0000
0000
0000
0000
0000
0000
0000
0000
0000
0000
0000
0000
0000
0000
0000
0000
0000
0000
0000
0000
0000
0000
0000
0000
0000
0000
0000
0000
0000
0000
0000
0000
0000
0000
0000
0000
0000
0000
0000
0000
0000
0000
0000
0000
0000
0000
0000
0000
0000
0000
0000
0000
0000
0000
0000
0000
0000
0000
0000
0000
0000
0000
0000
0000
0000
0000
0000
0000
0000
0000
0000
0000
0000
0000
0000
0000
0000
0000
0000
0000
0000
0000
0000
0000
0000
0000
0000
0000
0000
0000
0000
0000
0000
0000
0000
0000
0000
0000
0000
0000
0000
0000
0000
0000
0000
0000
0000
0000
0000
0000
0000
0000
0000
0000
0000
0000
0000
0000
0000
0000
0000
0000
0000
0000
0000
0000
0000
0000
0000
0000
0000
0000
0000
0000
0000
0000
0000
0000
0000
0000
0000
0000
0000
0000
0000
0000
0000
0000
0000
0000
0000
0000
0000
0000
0000
0000
0000
0000
0000
0000
0000
0000
0000
0000
0000
0000
0000
0000
0000
0000
0000
0000
0000
0000
0000
0000
0000
0000
0000
0000
0000
0000
0000
0000
0000
0000
0000
0000
0000
0000
0000
0000
0000
0000
0000
0000
0000
0000
0000
0000
0000
0000
0000
0000
0000
0000
0000
0000
0000
0000
0000
0000
0000
0000
0000
0000
0000
0000
0000
0000
0000
0000
0000
0000
0000
0000
0000
0000
0000
0000
0000
0000
0000
0000
0000
0000
0000
0000
0000
0000
0000
0000
0000
0000
0000
0000
0000
0000
0000
0000
0000
0000
0000
0000
0000
0000
0000
0000
0000
0000
0000
0000
0000
0000
0000
0000
0000
0000
0000
0000
0000
0000
0000
0000
0000
0000
0000
0000
0000
0000
0000
0000
0000
0000
0000
0000
0000
0000
0000
0000
0000
0000
0000
0000
0000
0000
0000
0000
0000
0000
0000
0000
0000
0000
0000
0000
0000
0000
0000
0000
0000
0000
0000
0000
0000
0000
0000
0000
0000
0000
0000
0000
0000
0000
0000
0000
0000
0000
0000
0000
0000
0000
0000
0000
0000
0000
0000
0000
0000
0000
0000
0000
0000
0000
0000
0000
0000
0000
0000
0000
0000
0000
0000
0000
0000
0000
0000
0000
0000
0000
0000
0000
0000
0000
0000
0000
0000
0000
0000
0000
0000
0000
0000
0000
0000
0000
0000
0000
0000
0000
0000
0000
0000
0000
0000
0000
0000
0000
0000
0000
0000
0000
0000
0000
0000
0000
0000
0000
0000
0000
0000
0000
0000
0000
0000
0000
0000
0000
0000
0000
0000
0000
0000
0000
0000
0000
0000
0000
0000
0000
0000
0000
0000
0000
0000
0000
0000
0000
0000
0000
0000
0000
0000
0000
0000
0000
0000
0000
0000
0000
0000
0000
0000
0000
0000
0000
0000
0000
0000
0000
0000
0000
0000
0000
0000
0000
0000
0000
0000
0000
0000
0000
0000
0000
0000
0000
0000
0000
0000
0000
0000
0000
0000
0000
0000
0000
0000
0000
0000
0000
0000
0000
0000
0000
0000
0000
0000
0000
0000
0000
0000
0000
0000
0000
0000
0000
0000
0000
0000
0000
0000
0000
0000
0000
0000
0000
0000
0000
0000
0000
0000
0000
0000
0000
0000
0000
0000
0000
0000
0000
0000
0000
0000
0000
0000
0000
0000
0000
0000
0000
0000
0000
0000
0000
0000
0000
0000
0000
0000
0000
0000
0000
0000
0000
0000
0000
0000
0000
0000
0000
0000
0000
0000
0000
0000
0000
0000
0000
0000
0000
0000
0000
0000
0000
0000
0000
0000
0000
0000
0000
0000
0000
0000
0000
0000
0000
0000
0000
0000
0000
0000
0000
0000
0000
0000
0000
0000
0000
0000
0000
0000
0000
0000
0000
0000
0000
0000
0000
0000
0000
0000
0000
0000
0000
0000
0000
0000
0000
0000
0000
0000
0000
0000
0000
0000
0000
0000
0000
0000
0000
0000
0000
0000
0000
0000
0000
0000
0000
0000
0000
0000
0000
0000
0000
0000
0000
0000
0000
0000
0000
0000
0000
0000
0000
0000
0000
0000
0000
0000
0000
0000
0000
0000
0000
0000
0000
0000
0000
0000
0000
0000
0000
0000
0000
0000
0000
0000
0000
0000
0000
0000
0000
0000
0000
0000
0000
0000
0000
0000
0000
0000
0000
0000
0000
0000
0000
0000
0000
0000
0000
0000
0000
0000
0000
0000
0000
0000
0000
0000
0000
0000
0000
0000
0000
0000
0000
0000
0000
0000
0000
0000
0000
0000
0000
0000
0000
0000
0000
0000
0000
0000
0000
0000
0000
0000
0000
0000
0000
0000
0000
0000
0000
0000
0000
0000
0000
0000
0000
0000
0000
0000
0000
0000
0000
0000
0000
0000
0000
0000
0000
0000
0000
0000
0000
0000
0000
0000
0000
0000
0000
0000
0000
0000
0000
0000
0000
0000
0000
0000
0000
0000
0000
0000
0000
0000
0000
0000
0000
0000
0000
0000
0000
0000
0000
0000
0000
0000
0000
0000
0000
0000
0000
0000
0000
0000
0000
0000
0000
0000
0000
0000
0000
0000
0000
0000
0000
0000
0000
0000
0000
0000
0000
0000
0000
0000
0000
0000
0000
0000
0000
0000
0000
0000
0000
0000
0000
0000
0000
0000
0000
0000
0000
0000
0000
0000
0000
0000
0000
0000
0000
0000
0000
0000
0000
0000
0000
0000
0000
0000
0000
0000
0000
0000
0000
0000
0000
0000
0000
0000
0000
0000
0000
0000
0000
0000
0000
0000
0000
0000
0000
0000
0000
0000
0000
0000
0000
0000
0000
0000
0000
0000
0000
0000
0000
0000
0000
0000
0000
0000
0000
0000
0000
0000
0000
0000
0000
0000
0000
0000
0000
0000
0000
0000
0000
0000
0000
0000
0000
0000
0000
0000
0000
0000
0000
0000
0000
0000
0000
0000
0000
0000
0000
0000
0000
0000
0000
0000
0000
0000
0000
0000
0000
0000
0000
0000
0000
0000
0000
0000
0000
0000
0000
0000
0000
0000
0000
0000
0000
0000
0000
0000
0000
0000
0000
0000
0000
0000
0000
0000
0000
0000
0000
0000
0000
0000
0000
0000
0000
0000
0000
0000
0000
0000
0000
0000
0000
0000
0000
0000
0000
0000
0000
0000
0000
0000
0000
0000
0000
0000
0000
0000
0000
0000
0000
0000
0000
0000
0000
0000
0000
0000
0000
0000
0000
0000
0000
0000
0000
0000
0000
0000
0000
0000
0000
0000
0000
0000
0000
0000
0000
0000
0000
0000
0000
0000
0000
0000
0000
0000
0000
0000
0000
0000
0000
0000
0000
0000
0000
0000
0000
0000
0000
0000
0000
0000
0000
0000
0000
0000
0000
0000
0000
0000
0000
0000
0000
0000
0000
0000
0000
0000
0000
0000
0000
0000
0000
0000
0000
0000
0000
0000
0000
0000
0000
0000
0000
0000
0000
0000
0000
0000
0000
0000
0000
0000
0000
0000
0000
0000
0000
0000
0000
0000
0000
0000
0000
0000
0000
0000
0000
0000
0000
0000
0000
0000
0000
0000
0000
0000
0000
0000
0000
0000
0000
0000
0000
0000
0000
0000
0000
0000
0000
0000
0000
0000
0000
0000
0000
0000
0000
0000
0000
0000
0000
0000
0000
0000
0000
0000
0000
0000
0000
0000
0000
0000
0000
0000
0000
0000
0000
0000
0000
0000
0000
0000
0000
0000
0000
0000
0000
0000
0000
0000
0000
0000
0000
0000
0000
0000
0000
0000
0000
0000
0000
0000
0000
0000
0000
0000
0000
0000
0000
0000
0000
0000
0000
0000
0000
0000
0000
0000
0000
0000
0000
0000
0000
0000
0000
0000
0000
0000
0000
0000
0000
0000
0000
0000
0000
0000
0000
0000
0000
0000
0000
0000
0000
0000
0000
0000
0000
0000
0000
0000
0000
0000
0000
0000
0000
0000
0000
0000
0000
0000
0000
0000
0000
0000
0000
0000
0000
0000
0000
0000
0000
0000
0000
0000
0000
0000
0000
0000
0000
0000
0000
0000
0000
0000
0000
0000
0000
0000
0000
0000
0000
0000
0000
0000
0000
0000
0000
0000
0000
0000
0000
0000
0000
0000
0000
0000
0000
0000
0000
0000
0000
0000
0000
0000
0000
0000
0000
0000
0000
0000
0000
0000
0000
0000
0000
0000
0000
0000
0000
0000
0000
0000
0000
0000
0000
0000
0000
0000
0000
0000
0000
0000
0000
0000
0000
0000
0000
0000
0000
0000
0000
0000
0000
0000
0000
0000
0000
0000
0000
0000
0000
0000
0000
0000
0000
0000
0000
0000
0000
0000
0000
0000
0000
0000
0000
0000
0000
0000
0000
0000
0000
0000
0000
0000
0000
0000
0000
0000
0000
0000
0000
0000
0000
0000
0000
0000
0000
0000
0000
0000
0000
0000
0000
0000
0000
0000
0000
0000
0000
0000
0000
0000
0000
0000
0000
0000
0000
0000
0000
0000
0000
0000
0000
0000
0000
0000
0000
0000
0000
0000
0000
0000
0000
0000
0000
0000
0000
0000
0000
0000
0000
0000
0000
0000
0000
0000
0000
0000
0000
0000
0000
0000
0000
0000
0000
0000
0000
0000
0000
0000
0000
0000
0000
0000
0000
0000
0000
0000
0000
0000
0000
0000
0000
0000
0000
0000
0000
0000
0000
0000
0000
0000
0000
0000
0000
0000
0000
0000
0000
0000
0000
0000
0000
0000
0000
0000
0000
0000
0000
0000
0000
0000
0000
0000
0000
0000
0000
0000
0000
0000
0000
0000
0000
0000
0000
0000
0000
0000
0000
0000
0000
0000
0000
0000
0000
0000
0000
0000
0000
0000
0000
0000
0000
0000
0000
0000
0000
0000
0000
0000
0000
0000
0000
0000
0000
0000
0000
0000
0000
0000
0000
0000
0000
0000
0000
0000
0000
0000
0000
0000
0000
0000
0000
0000
0000
0000
0000
0000
0000
0000
0000
0000
0000
0000
0000
0000
0000
0000
0000
0000
0000
0000
0000
0000
0000
0000
0000
0000
0000
0000
0000
0000
0000
0000
0000
0000
0000
0000
0000
0000
0000
0000
0000
0000
0000
0000
0000
0000
0000
0000
0000
0000
0000
0000
0000
0000
0000
0000
0000
0000
0000
0000
0000
0000
0000
0000
0000
0000
0000
0000
0000
0000
0000
0000
0000
0000
0000
0000
0000
0000
0000
0000
0000
0000
0000
0000
0000
0000
0000
0000
0000
0000
0000
0000
0000
0000
0000
0000
0000
0000
0000
0000
0000
0000
0000
0000
0000
0000
0000
0000
0000
0000
0000
0000
0000
0000
0000
0000
0000
0000
0000
0000
0000
0000
0000
0000
0000
0000
0000
0000
0000
0000
0000
0000
0000
0000
0000
0000
0000
0000
0000
0000
0000
0000
0000
0000
0000
0000
0000
0000
0000
0000
0000
0000
0000
0000
0000
0000
0000
0000
0000
0000
0000
0000
0000
0000
0000
0000
0000
0000
0000
0000
0000
0000
0000
0000
0000
0000
0000
0000
0000
0000
0000
0000
0000
0000
0000
0000
0000
0000
0000
0000
0000
0000
0000
0000
0000
0000
0000
0000
0000
0000
0000
0000
0000
0000
0000
0000
0000
0000
0000
0000
0000
0000
0000
0000
0000
0000
0000
0000
0000
0000
0000
0000
0000
0000
0000
0000
0000
0000
0000
0000
0000
0000
0000
0000
0000
0000
0000
0000
0000
0000
0000
0000
0000
0000
0000
0000
0000
0000
0000
0000
0000
0000
0000
0000
0000
0000
0000
0000
0000
0000
0000
0000
0000
0000
0000
0000
0000
0000
0000
0000
0000
0000
0000
0000
0000
0000
0000
0000
0000
0000
0000
0000
0000
0000
0000
0000
0000
0000
0000
0000
0000
0000
0000
0000
0000
0000
0000
0000
0000
0000
0000
0000
0000
0000
0000
0000
0000
0000
0000
0000
0000
0000
0000
0000
0000
0000
0000
0000
0000
0000
0000
0000
0000
0000
0000
0000
0000
0000
0000
0000
0000
0000
0000
0000
0000
0000
0000
0000
0000
0000
0000
0000
0000
0000
0000
0000
0000
0000
0000
0000
0000
0000
0000
0000
0000
0000
0000
0000
0000
0000
0000
0000
0000
0000
0000
0000
0000
0000
0000
0000
0000
0000
0000
0000
0000
0000
0000
0000
0000
0000
0000
0000
0000
0000
0000
0000
0000
0000
0000
0000
0000
0000
0000
0000
0000
0000
0000
0000
0000
0000
0000
0000
0000
0000
0000
0000
0000
0000
0000
0000
0000
0000
0000
0000
0000
0000
0000
0000
0000
0000
0000
0000
0000
0000
0000
0000
0000
0000
0000
0000
0000
0000
0000
0000
0000
0000
0000
0000
0000
0000
0000
0000
0000
0000
0000
0000
0000
0000
0000
0000
0000
0000
0000
0000
0000
0000
0000
0000
0000
0000
0000
0000
0000
0000
0000
0000
0000
0000
0000
0000
0000
0000
0000
0000
0000
0000
0000
0000
0000
0000
0000
0000
0000
0000
0000
0000
0000
0000
0000
0000
0000
0000
0000
0000
0000
0000
0000
0000
0000
0000
0000
0000
0000
0000
0000
0000
0000
0000
0000
0000
0000
0000
0000
0000
0000
0000
0000
0000
0000
0000
0000
0000
0000
0000
0000
0000
0000
0000
0000
0000
0000
0000
0000
0000
0000
0000
0000
0000
0000
0000
0000
0000
0000
0000
0000
0000
0000
0000
0000
0000
0000
0000
0000
0000
0000
0000
0000
0000
0000
0000
0000
0000
0000
0000
0000
0000
0000
0000
0000
0000
0000
0000
0000
0000
0000
0000
0000
0000
0000
0000
0000
0000
0000
0000
0000
0000
0000
0000
0000
0000
0000
0000
0000
0000
0000
0000
0000
0000
0000
0000
0000
0000
0000
0000
0000
0000
0000
0000
0000
0000
0000
0000
0000
0000
0000
0000
0000
0000
0000
0000
0000
0000
0000
0000
0000
0000
0000
0000
0000
0000
0000
0000
0000
0000
0000
0000
0000
0000
0000
0000
0000
0000
0000
0000
0000
0000
0000
0000
0000
0000
0000
0000
0000
0000
0000
0000
0000
0000
0000
0000
0000
0000
0000
0000
0000
0000
0000
0000
0000
0000
0000
0000
0000
0000
0000
0000
0000
0000
0000
0000
0000
0000
0000
0000
0000
0000
0000
0000
0000
0000
0000
0000
0000
0000
0000
0000
0000
0000
0000
0000
0000
0000
0000
0000
0000
0000
0000
0000
0000
0000
0000
0000
0000
0000
0000
0000
0000
0000
0000
0000
0000
0000
0000
0000
0000
0000
0000
0000
0000
0000
0000
0000
0000
0000
0000
0000
0000
0000
0000
0000
0000
0000
0000
0000
0000
0000
0000
0000
0000
0000
0000
0000
0000
0000
0000
0000
0000
0000
0000
0000
0000
0000
0000
0000
0000
0000
0000
0000
0000
0000
0000
0000
0000
0000
0000
0000
0000
0000
0000
0000
0000
0000
0000
0000
0000
0000
0000
0000
0000
0000
0000
0000
0000
0000
0000
0000
0000
0000
0000
0000
0000
0000
0000
0000
0000
0000
0000
0000
0000
0000
0000
0000
0000
0000
0000
0000
0000
0000
0000
0000
0000
0000
0000
0000
0000
0000
0000
0000
0000
0000
0000
0000
0000
0000
0000
0000
0000
0000
0000
0000
0000
0000
0000
0000
0000
0000
0000
0000
0000
0000
0000
0000
0000
0000
0000
0000
0000
0000
0000
0000
0000
0000
0000
0000
0000
0000
0000
0000
0000
0000
0000
0000
0000
0000
0000
0000
0000
0000
0000
0000
0000
0000
0000
0000
0000
0000
0000
0000
0000
0000
0000
0000
0000
0000
0000
0000
0000
0000
0000
0000
0000
0000
0000
0000
0000
0000
0000
0000
0000
0000
0000
0000
0000
0000
0000
0000
0000
0000
0000
0000
0000
0000
0000
0000
0000
0000
0000
0000
0000
0000
0000
0000
0000
0000
0000
0000
0000
0000
0000
0000
0000
0000
0000
0000
0000
0000
0000
0000
0000
0000
0000
0000
0000
0000
0000
0000
0000
0000
0000
0000
0000
0000
0000
0000
0000
0000
0000
0000
0000
0000
0000
0000
0000
0000
0000
0000
0000
0000
0000
0000
0000
0000
0000
0000
0000
0000
0000
0000
0000
0000
0000
0000
0000
0000
0000
0000
0000
0000
0000
0000
0000
0000
0000
0000
0000
0000
0000
0000
0000
0000
0000
0000
0000
0000
0000
0000
0000
0000
0000
0000
0000
0000
0000
0000
0000
0000
0000
0000
0000
0000
0000
0000
0000
0000
0000
0000
0000
0000
0000
0000
0000
0000
0000
0000
0000
0000
0000
0000
0000
0000
0000
0000
0000
0000
0000
0000
0000
0000
0000
0000
0000
0000
0000
0000
0000
0000
0000
0000
0000
0000
0000
0000
0000
0000
0000
0000
0000
0000
0000
0000
0000
0000
0000
0000
0000
0000
0000
0000
0000
0000
0000
0000
0000
0000
0000
0000
0000
0000
0000
0000
0000
0000
0000
0000
0000
0000
0000
0000
0000
0000
0000
0000
0000
0000
0000
0000
0000
0000
0000
0000
0000
0000
0000
0000
0000
0000
0000
0000
0000
0000
0000
0000
0000
0000
0000
0000
0000
0000
0000
0000
0000
0000
0000
0000
0000
0000
0000
0000
0000
0000
0000
0000
0000
0000
0000
0000
0000
0000
0000
0000
0000
0000
0000
0000
0000
0000
0000
0000
0000
0000
0000
0000
0000
0000
0000
0000
0000
0000
0000
0000
0000
0000
0000
0000
0000
0000
0000
0000
0000
0000
0000
0000
0000
0000
0000
0000
0000
0000
0000
0000
0000
0000
0000
0000
0000
0000
0000
0000
0000
0000
0000
0000
0000
0000
0000
0000
0000
0000
0000
0000
0000
0000
0000
0000
0000
0000
0000
0000
0000
0000
0000
0000
0000
0000
0000
0000
0000
0000
0000
0000
0000
0000
0000
0000
0000
0000
0000
0000
0000
0000
0000
0000
0000
0000
0000
0000
0000
0000
0000
0000
0000
0000
0000
0000
0000
0000
0000
0000
0000
0000
0000
0000
0000
0000
0000
0000
0000
0000
0000
0000
0000
0000
0000
0000
0000
0000
0000
0000
0000
0000
0000
0000
0000
0000
0000
0000
0000
0000
0000
0000
0000
0000
0000
0000
0000
0000
0000
0000
0000
0000
0000
0000
0000
0000
0000
0000
0000
0000
0000
0000
0000
0000
0000
0000
0000
0000
0000
0000
0000
0000
0000
0000
0000
0000
0000
0000
0000
0000
0000
0000
0000
0000
0000
0000
0000
0000
0000
0000
0000
0000
0000
0000
0000
0000
0000
0000
0000
0000
0000
0000
0000
0000
0000
0000
0000
0000
0000
0000
0000
0000
0000
0000
0000
0000
0000
0000
0000
0000
0000
0000
0000
0000
0000
0000
0000
0000
0000
0000
0000
0000
0000
0000
0000
0000
0000
0000
0000
0000
0000
0000
0000
0000
0000
0000
0000
0000
0000
0000
0000
0000
0000
0000
0000
0000
0000
0000
0000
0000
0000
0000
0000
0000
0000
0000
0000
0000
0000
0000
0000
0000
0000
0000
0000
0000
0000
0000
0000
0000
0000
0000
0000
0000
0000
0000
0000
0000
0000
0000
0000
0000
0000
0000
0000
0000
0000
0000
0000
0000
0000
0000
0000
0000
0000
0000
0000
0000
0000
0000
0000
0000
0000
0000
0000
0000
0000
0000
0000
0000
0000
0000
0000
0000
0000
0000
0000
0000
0000
0000
0000
0000
0000
0000
0000
0000
0000
0000
0000
0000
0000
0000
0000
0000
0000
0000
0000
0000
0000
0000
0000
0000
0000
0000
0000
0000
0000
0000
0000
0000
0000
0000
0000
0000
0000
0000
0000
0000
0000
0000
0000
0000
0000
0000
0000
0000
0000
0000
0000
0000
0000
0000
0000
0000
0000
0000
0000
0000
0000
0000
0000
0000
0000
0000
0000
0000
0000
0000
0000
0000
0000
0000
0000
0000
0000
0000
0000
0000
0000
0000
0000
0000
0000
0000
0000
0000
0000
0000
0000
0000
0000
0000
0000
0000
0000
0000
0000
0000
0000
0000
0000
0000
0000
0000
0000
0000
0000
0000
0000
0000
0000
0000
0000
0000
0000
0000
0000
0000
0000
0000
0000
0000
0000
0000
0000
0000
0000
0000
0000
0000
0000
0000
0000
0000
0000
0000
0000
0000
0000
0000
0000
0000
0000
0000
0000
0000
0000
0000
0000
0000
0000
0000
0000
0000
0000
0000
0000
0000
0000
0000
0000
0000
0000
0000
0000
0000
0000
0000
0000
0000
0000
0000
0000
0000
0000
0000
0000
0000
0000
0000
0000
0000
0000
0000
0000
0000
0000
0000
0000
0000
0000
0000
0000
0000
0000
0000
0000
0000
0000
0000
0000
0000
0000
0000
0000
0000
0000
0000
0000
0000
0000
0000
0000
0000
0000
0000
0000
0000
0000
0000
0000
0000
0000
0000
0000
0000
0000
0000
0000
0000
0000
0000
0000
0000
0000
0000
0000
0000
0000
0000
0000
0000
0000
0000
0000
0000
0000
0000
0000
0000
0000
0000
0000
0000
0000
0000
0000
0000
0000
0000
0000
0000
0000
0000
0000
0000
0000
0000
0000
0000
0000
0000
0000
0000
0000
0000
0000
0000
0000
0000
0000
0000
0000
0000
0000
0000
0000
0000
0000
0000
0000
0000
0000
0000
0000
0000
0000
0000
0000
0000
0000
0000
0000
0000
0000
0000
0000
0000
0000
0000
0000
0000
0000
0000
0000
0000
0000
0000
0000
0000
0000
0000
0000
0000
0000
0000
0000
0000
0000
0000
0000
0000
0000
0000
0000
0000
0000
0000
0000
0000
0000
0000
0000
0000
0000
0000
0000
0000
0000
0000
0000
0000
0000
0000
0000
0000
0000
0000
0000
0000
0000
0000
0000
0000
0000
0000
0000
0000
0000
0000
0000
0000
0000
0000
0000
0000
0000
0000
0000
0000
0000
0000
0000
0000
0000
0000
0000
0000
0000
0000
0000
0000
0000
0000
0000
0000
0000
0000
0000
0000
0000
0000
0000
0000
0000
0000
0000
0000
0000
0000
0000
0000
0000
0000
0000
0000
0000
0000
0000
0000
0000
0000
0000
0000
0000
0000
0000
0000
0000
0000
0000
0000
0000
0000
0000
0000
0000
0000
0000
0000
0000
0000
0000
0000
0000
0000
0000
0000
0000
0000
0000
0000
0000
0000
0000
0000
0000
0000
0000
0000
0000
0000
0000
0000
0000
0000
0000
0000
0000
0000
0000
0000
0000
0000
0000
0000
0000
0000
0000
0000
0000
0000
0000
0000
0000
0000
0000
0000
0000
0000
0000
0000
0000
0000
0000
0000
0000
0000
0000
0000
0000
0000
0000
0000
0000
0000
0000
0000
0000
0000
0000
0000
0000
0000
0000
0000
0000
0000
0000
0000
0000
0000
0000
0000
0000
0000
0000
0000
0000
0000
0000
0000
0000
0000
0000
0000
0000
0000
0000
0000
0000
0000
0000
0000
0000
0000
0000
0000
0000
0000
0000
0000
0000
0000
0000
0000
0000
0000
0000
0000
0000
0000
0000
0000
0000
0000
0000
0000
0000
0000
0000
0000
0000
0000
0000
0000
0000
0000
0000
0000
0000
0000
0000
0000
0000
0000
0000
0000
0000
0000
0000
0000
0000
0000
0000
0000
0000
0000
0000
0000
0000
0000
0000
0000
0000
0000
0000
0000
0000
0000
0000
0000
0000
0000
0000
0000
0000
0000
0000
0000
0000
0000
0000
0000
0000
0000
0000
0000
0000
0000
0000
0000
0000
0000
0000
0000
0000
0000
0000
0000
0000
0000
0000
0000
0000
0000
0000
0000
0000
0000
0000
0000
0000
0000
0000
0000
0000
0000
0000
0000
0000
0000
0000
0000
0000
0000
0000
0000
0000
0000
0000
0000
0000
0000
0000
0000
0000
0000
0000
0000
0000
0000
0000
0000
0000
0000
0000
0000
0000
0000
0000
0000
0000
0000
0000
0000
0000
0000
0000
0000
0000
0000
0000
0000
0000
0000
0000
0000
0000
0000
0000
0000
0000
0000
0000
0000
0000
0000
0000
0000
0000
0000
0000
0000
0000
0000
0000
0000
0000
0000
0000
0000
0000
0000
0000
0000
0000
0000
0000
0000
0000
0000
0000
0000
0000
0000
0000
0000
0000
0000
0000
0000
0000
0000
0000
0000
0000
0000
0000
0000
0000
0000
0000
0000
0000
0000
0000
0000
0000
0000
0000
0000
0000
0000
0000
0000
0000
0000
0000
0000
0000
0000
0000
0000
0000
0000
0000
0000
0000
0000
0000
0000
0000
0000
0000
0000
0000
0000
0000
0000
0000
0000
0000
0000
0000
0000
0000
0000
0000
0000
0000
0000
0000
0000
0000
0000
0000
0000
0000
0000
0000
0000
0000
0000
0000
0000
0000
0000
0000
0000
0000
0000
0000
0000
0000
0000
0000
0000
0000
0000
0000
0000
0000
0000
0000
0000
0000
0000
0000
0000
0000
0000
0000
0000
0000
0000
0000
0000
0000
0000
0000
0000
0000
0000
0000
0000
0000
0000
0000
0000
0000
0000
0000
0000
0000
0000
0000
0000
0000
0000
0000
0000
0000
0000
0000
0000
0000
0000
0000
0000
0000
0000
0000
0000
0000
0000
0000
0000
0000
0000
0000
0000
0000
0000
0000
0000
0000
0000
0000
0000
0000
0000
0000
0000
0000
0000
0000
0000
0000
0000
0000
0000
0000
0000
0000
0000
0000
0000
0000
0000
0000
0000
0000
0000
0000
0000
0000
0000
0000
0000
0000
0000
0000
0000
0000
0000
0000
0000
0000
0000
0000
0000
0000
0000
0000
0000
0000
0000
0000
0000
0000
0000
0000
0000
0000
0000
0000
0000
0000
0000
0000
0000
0000
0000
0000
0000
0000
0000
0000
0000
0000
0000
0000
0000
0000
0000
0000
0000
0000
0000
0000
0000
0000
0000
0000
0000
0000
0000
0000
0000
0000
0000
0000
0000
0000
0000
0000
0000
0000
0000
0000
0000
0000
0000
0000
0000
0000
0000
0000
0000
0000
0000
0000
0000
0000
0000
0000
0000
0000
0000
0000
0000
0000
0000
0000
0000
0000
0000
0000
0000
0000
0000
0000
0000
0000
0000
0000
0000
0000
0000
0000
0000
0000
0000
0000
0000
0000
0000
0000
0000
0000
0000
0000
0000
0000
0000
0000
0000
0000
0000
0000
0000
0000
0000
0000
0000
0000
0000
0000
0000
0000
0000
0000
0000
0000
0000
0000
0000
0000
0000
0000
0000
0000
0000
0000
0000
0000
0000
0000
0000
0000
0000
0000
0000
0000
0000
0000
0000
0000
0000
0000
0000
0000
0000
0000
0000
0000
0000
0000
0000
0000
0000
0000
0000
0000
0000
0000
0000
0000
0000
0000
0000
0000
0000
0000
0000
0000
0000
0000
0000
0000
0000
0000
0000
0000
0000
0000
0000
0000
0000
0000
0000
0000
0000
0000
0000
0000
0000
0000
0000
0000
0000
0000
0000
0000
0000
0000
0000
0000
0000
0000
0000
0000
0000
0000
0000
0000
0000
0000
0000
0000
0000
0000
0000
0000
0000
0000
0000
0000
0000
0000
0000
0000
0000
0000
0000
0000
0000
0000
0000
0000
0000
0000
0000
0000
0000
0000
0000
0000
0000
0000
0000
0000
0000
0000
0000
0000
0000
0000
0000
0000
0000
0000
0000
0000
0000
0000
0000
0000
0000
0000
0000
0000
0000
0000
0000
0000
0000
0000
0000
0000
0000
0000
0000
0000
0000
0000
0000
0000
0000
0000
0000
0000
0000
0000
0000
0000
0000
0000
0000
0000
0000
0000
0000
0000
0000
0000
0000
0000
0000
0000
0000
0000
0000
0000
0000
0000
0000
0000
0000
0000
0000
0000
0000
0000
0000
0000
0000
0000
0000
0000
0000
0000
0000
0000
0000
0000
0000
0000
0000
0000
0000
0000
0000
0000
0000
0000
0000
0000
0000
0000
0000
0000
0000
0000
0000
0000
0000
0000
0000
0000
0000
0000
0000
0000
0000
0000
0000
0000
0000
0000
0000
0000
0000
0000
0000
0000
0000
0000
0000
0000
0000
0000
0000
0000
0000
0000
0000
0000
0000
0000
0000
0000
0000
0000
0000
0000
0000
0000
0000
0000
0000
0000
0000
0000
0000
0000
0000
0000
0000
0000
0000
0000
0000
0000
0000
0000
0000
0000
0000
0000
0000
0000
0000
0000
0000
0000
0000
0000
0000
0000
0000
0000
0000
0000
0000
0000
0000
0000
0000
0000
0000
0000
0000
0000
0000
0000
0000
0000
0000
0000
0000
0000
0000
0000
0000
0000
0000
0000
0000
0000
0000
0000
0000
0000
0000
0000
0000
0000
0000
0000
0000
0000
0000
0000
0000
0000
0000
0000
0000
0000
0000
0000
0000
0000
0000
0000
0000
0000
0000
0000
0000
0000
0000
0000
0000
0000
0000
0000
0000
0000
0000
0000
0000
0000
0000
0000
0000
0000
0000
0000
0000
0000
0000
0000
0000
0000
0000
0000
0000
0000
0000
0000
0000
0000
0000
0000
0000
0000
0000
0000
0000
0000
0000
0000
0000
0000
0000
0000
0000
0000
0000
0000
0000
0000
0000
0000
0000
0000
0000
0000
0000
0000
0000
0000
0000
0000
0000
0000
0000
0000
0000
0000
0000
0000
0000
0000
0000
0000
0000
0000
0000
0000
0000
0000
0000
0000
0000
0000
0000
0000
0000
0000
0000
0000
0000
0000
0000
0000
0000
0000
0000
0000
0000
0000
0000
0000
0000
0000
0000
0000
0000
0000
0000
0000
0000
0000
0000
0000
0000
0000
0000
0000
0000
0000
0000
0000
0000
0000
0000
0000
0000
0000
0000
0000
0000
0000
0000
0000
0000
0000
0000
0000
0000
0000
0000
0000
0000
0000
0000
0000
0000
0000
0000
0000
0000
0000
0000
0000
0000
0000
0000
0000
0000
0000
0000
0000
0000
0000
0000
0000
0000
0000
0000
0000
0000
0000
0000
0000
0000
0000
0000
0000
0000
0000
0000
0000
0000
0000
0000
0000
0000
0000
0000
0000
0000
0000
0000
0000
0000
0000
0000
0000
0000
0000
0000
0000
0000
0000
0000
0000
0000
0000
0000
0000
0000
0000
0000
0000
0000
0000
0000
0000
0000
0000
0000
0000
0000
0000
0000
0000
0000
0000
0000
0000
0000
0000
0000
0000
0000
0000
0000
0000
0000
0000
0000
0000
0000
0000
0000
0000
0000
0000
0000
0000
0000
0000
0000
0000
0000
0000
0000
0000
0000
0000
0000
0000
0000
0000
0000
0000
0000
0000
0000
0000
0000
0000
0000
0000
0000
0000
0000
0000
0000
0000
0000
0000
0000
0000
0000
0000
0000
0000
0000
0000
0000
0000
0000
0000
0000
0000
0000
0000
0000
0000
0000
0000
0000
0000
0000
0000
0000
0000
0000
0000
0000
0000
0000
0000
0000
0000
0000
0000
0000
0000
0000
0000
0000
0000
0000
0000
0000
0000
0000
0000
0000
0000
0000
0000
0000
0000
0000
0000
0000
0000
0000
0000
0000
0000
0000
0000
0000
0000
0000
0000
0000
0000
0000
0000
0000
0000
0000
0000
0000
0000
0000
0000
0000
0000
0000
0000
0000
0000
0000
0000
0000
0000
0000
0000
0000
0000
0000
0000
0000
0000
0000
0000
0000
0000
0000
0000
0000
0000
0000
0000
0000
0000
0000
0000
0000
0000
0000
0000
0000
0000
0000
0000
0000
0000
0000
0000
0000
0000
0000
0000
0000
0000
0000
0000
0000
0000
0000
0000
0000
0000
0000
0000
0000
0000
0000
0000
0000
0000
0000
0000
0000
0000
0000
0000
0000
0000
0000
0000
0000
0000
0000
0000
0000
0000
0000
0000
0000
0000
0000
0000
0000
0000
0000
0000
0000
0000
0000
0000
0000
0000
0000
0000
0000
0000
0000
0000
0000
0000
0000
0000
0000
0000
0000
0000
0000
0000
0000
0000
0000
0000
0000
0000
0000
0000
0000
0000
0000
0000
0000
0000
0000
0000
0000
0000
0000
0000
0000
0000
0000
0000
0000
0000
0000
0000
0000
0000
0000
0000
0000
0000
0000
0000
0000
0000
0000
0000
0000
0000
0000
0000
0000
0000
0000
0000
0000
0000
0000
0000
0000
0000
0000
0000
0000
0000
0000
0000
0000
0000
0000
0000
0000
0000
0000
0000
0000
0000
0000
0000
0000
0000
0000
0000
0000
0000
0000
0000
0000
0000
0000
0000
0000
0000
0000
0000
0000
0000
0000
0000
0000
0000
0000
0000
0000
0000
0000
0000
0000
0000
0000
0000
0000
0000
0000
0000
0000
0000
0000
0000
0000
0000
0000
0000
0000
0000
0000
0000
0000
0000
0000
0000
0000
0000
0000
0000
0000
0000
0000
0000
0000
0000
0000
0000
0000
0000
0000
0000
0000
0000
0000
0000
0000
0000
0000
0000
0000
0000
0000
0000
0000
0000
0000
0000
0000
0000
0000
0000
0000
0000
0000
0000
0000
0000
0000
0000
0000
0000
0000
0000
0000
0000
0000
0000
0000
0000
0000
0000
0000
0000
0000
0000
0000
0000
0000
0000
0000
0000
0000
0000
0000
0000
0000
0000
0000
0000
0000
0000
0000
0000
0000
0000
0000
0000
0000
0000
0000
0000
0000
0000
0000
0000
0000
0000
0000
0000
0000
0000
0000
0000
0000
0000
0000
0000
0000
0000
0000
0000
0000
0000
0000
0000
0000
0000
0000
0000
0000
0000
0000
0000
0000
0000
0000
0000
0000
0000
0000
0000
0000
0000
0000
0000
0000
0000
0000
0000
0000
0000
0000
0000
0000
0000
0000
0000
0000
0000
0000
0000
0000
0000
0000
0000
0000
0000
0000
0000
0000
0000
0000
0000
0000
0000
0000
0000
0000
0000
0000
0000
0000
0000
0000
0000
0000
0000
0000
0000
0000
0000
0000
0000
0000
0000
0000
0000
0000
0000
0000
0000
0000
0000
0000
0000
0000
0000
0000
0000
0000
0000
0000
0000
0000
0000
0000
0000
0000
0000
0000
0000
0000
0000
0000
0000
0000
0000
0000
0000
0000
0000
0000
0000
0000
0000
0000
0000
0000
0000
0000
0000
0000
0000
0000
0000
0000
0000
0000
0000
0000
0000
0000
0000
0000
0000
0000
0000
0000
0000
0000
0000
0000
0000
0000
0000
0000
0000
0000
0000
0000
0000
0000
0000
0000
0000
0000
0000
0000
0000
0000
0000
0000
0000
0000
0000
0000
0000
0000
0000
0000
0000
0000
0000
0000
0000
0000
0000
0000
0000
0000
0000
0000
0000
0000
0000
0000
0000
0000
0000
0000
0000
0000
0000
0000
0000
0000
0000
0000
0000
0000
0000
0000
0000
0000
0000
0000
0000
0000
0000
0000
0000
0000
0000
0000
0000
0000
0000
0000
0000
0000
0000
0000
0000
0000
0000
0000
0000
0000
0000
0000
0000
0000
0000
0000
0000
0000
0000
0000
0000
0000
0000
0000
0000
0000
0000
0000
0000
0000
0000
0000
0000
0000
0000
0000
0000
0000
0000
0000
0000
0000
0000
0000
0000
0000
0000
0000
0000
0000
0000
0000
0000
0000
0000
0000
0000
0000
0000
0000
0000
0000
0000
0000
0000
0000
0000
0000
0000
0000
0000
0000
0000
0000
0000
0000
0000
0000
0000
0000
0000
0000
0000
0000
0000
0000
0000
0000
0000
0000
0000
0000
0000
0000
0000
0000
0000
0000
0000
0000
0000
0000
0000
0000
0000
0000
0000
0000
0000
0000
0000
0000
0000
0000
0000
0000
0000
0000
0000
0000
0000
0000
0000
0000
0000
0000
0000
0000
0000
0000
0000
0000
0000
0000
0000
0000
0000
0000
0000
0000
0000
0000
0000
0000
0000
0000
0000
0000
0000
0000
0000
0000
0000
0000
0000
0000
0000
0000
0000
0000
0000
0000
0000
0000
0000
0000
0000
0000
0000
0000
0000
0000
0000
0000
0000
0000
0000
0000
0000
0000
0000
0000
0000
0000
0000
0000
0000
0000
0000
0000
0000
0000
0000
0000
0000
0000
0000
0000
0000
0000
0000
0000
0000
0000
0000
0000
0000
0000
0000
0000
0000
0000
0000
0000
0000
0000
0000
0000
0000
0000
0000
0000
0000
0000
0000
0000
0000
0000
0000
0000
0000
0000
0000
0000
0000
0000
0000
0000
0000
0000
0000
0000
0000
0000
0000
0000
0000
0000
0000
0000
0000
0000
0000
0000
0000
0000
0000
0000
0000
0000
0000
0000
0000
0000
0000
0000
0000
0000
0000
0000
0000
0000
0000
0000
0000
0000
0000
0000
0000
0000
0000
0000
0000
0000
0000
0000
0000
0000
0000
0000
0000
0000
0000
0000
0000
0000
0000
0000
0000
0000
0000
0000
0000
0000
0000
0000
0000
0000
0000
0000
0000
0000
0000
0000
0000
0000
0000
0000
0000
0000
0000
0000
0000
0000
0000
0000
0000
0000
0000
0000
0000
0000
0000
0000
0000
0000
0000
0000
0000
0000
0000
0000
0000
0000
0000
0000
0000
0000
0000
0000
0000
0000
0000
0000
0000
0000
0000
0000
0000
0000
0000
0000
0000
0000
0000
0000
0000
0000
0000
0000
0000
0000
0000
0000
0000
0000
0000
0000
0000
0000
0000
0000
0000
0000
0000
0000
0000
0000
0000
0000
0000
0000
0000
0000
0000
0000
0000
0000
0000
0000
0000
0000
0000
0000
0000
0000
0000
0000
0000
0000
0000
0000
0000
0000
0000
0000
0000
0000
0000
0000
0000
0000
0000
0000
0000
0000
0000
0000
0000
0000
0000
0000
0000
0000
0000
0000
0000
0000
0000
0000
0000
0000
0000
0000
0000
0000
0000
0000
0000
0000
0000
0000
0000
0000
0000
0000
0000
0000
0000
0000
0000
0000
0000
0000
0000
0000
0000
0000
0000
0000
0000
0000
0000
0000
0000
0000
0000
0000
0000
0000
0000
0000
0000
0000
0000
0000
0000
0000
0000
0000
0000
0000
0000
0000
0000
0000
0000
0000
0000
0000
0000
0000
0000
0000
0000
0000
0000
0000
0000
0000
0000
0000
0000
0000
0000
0000
0000
0000
0000
0000
0000
0000
0000
0000
0000
0000
0000
0000
0000
0000
0000
0000
0000
0000
0000
0000
0000
0000
0000
0000
0000
0000
0000
0000
0000
0000
0000
0000
0000
0000
0000
0000
0000
0000
0000
0000
0000
0000
0000
0000
0000
0000
0000
0000
0000
0000
0000
0000
0000
0000
0000
0000
0000
0000
0000
0000
0000
0000
0000
0000
0000
0000
0000
0000
0000
0000
0000
0000
0000
0000
0000
0000
0000
0000
0000
0000
0000
0000
0000
0000
0000
0000
0000
0000
0000
0000
0000
0000
0000
0000
0000
0000
0000
0000
0000
0000
0000
0000
0000
0000
0000
0000
0000
0000
0000
0000
0000
0000
0000
0000
0000
0000
0000
0000
0000
0000
0000
0000
0000
0000
0000
0000
0000
0000
0000
0000
0000
0000
0000
0000
0000
0000
0000
0000
0000
0000
0000
0000
0000
0000
0000
0000
0000
0000
0000
0000
0000
0000
0000
0000
0000
0000
0000
0000
0000
0000
0000
0000
0000
0000
0000
0000
0000
0000
0000
0000
0000
0000
0000
0000
0000
0000
0000
0000
0000
0000
0000
0000
0000
0000
0000
0000
0000
0000
0000
0000
0000
0000
0000
0000
0000
0000
0000
0000
0000
0000
0000
0000
0000
0000
0000
0000
0000
0000
0000
0000
0000
0000
0000
0000
0000
0000
0000
0000
0000
0000
0000
0000
0000
0000
0000
0000
0000
0000
0000
0000
0000
0000
0000
0000
0000
0000
0000
0000
0000
0000
0000
0000
0000
0000
0000
0000
0000
0000
0000
0000
0000
0000
0000
0000
0000
0000
0000
0000
0000
0000
0000
0000
0000
0000
0000
0000
0000
0000
0000
0000
0000
0000
0000
0000
0000
0000
0000
0000
0000
0000
0000
0000
0000
0000
0000
0000
0000
0000
0000
0000
0000
0000
0000
0000
0000
0000
0000
0000
0000
0000
0000
0000
0000
0000
0000
0000
0000
0000
0000
0000
0000
0000
0000
0000
0000
0000
0000
0000
0000
0000
0000
0000
0000
0000
0000
0000
0000
0000
0000
0000
0000
0000
0000
0000
0000
0000
0000
0000
0000
0000
0000
0000
0000
0000
0000
0000
0000
0000
0000
0000
0000
0000
0000
0000
0000
0000
0000
0000
0000
0000
0000
0000
0000
0000
0000
0000
0000
0000
0000
0000
0000
0000
0000
0000
0000
0000
0000
0000
0000
0000
0000
0000
0000
0000
0000
0000
0000
0000
0000
0000
0000
0000
0000
0000
0000
0000
0000
0000
0000
0000
0000
0000
0000
0000
0000
0000
0000
0000
0000
0000
0000
0000
0000
0000
0000
0000
0000
0000
0000
0000
0000
0000
0000
0000
0000
0000
0000
0000
0000
0000
0000
0000
0000
0000
0000
0000
0000
0000
0000
0000
0000
0000
0000
0000
0000
0000
0000
0000
0000
0000
0000
0000
0000
0000
0000
0000
0000
0000
0000
0000
0000
0000
0000
0000
0000
0000
0000
0000
0000
0000
0000
0000
0000
0000
0000
0000
0000
0000
0000
0000
0000
0000
0000
0000
0000
0000
0000
0000
0000
0000
0000
0000
0000
0000
0000
0000
0000
0000
0000
0000
0000
0000
0000
0000
0000
0000
0000
0000
0000
0000
0000
0000
0000
0000
0000
0000
0000
0000
0000
0000
0000
0000
0000
0000
0000
0000
0000
0000
0000
0000
0000
0000
0000
0000
0000
0000
0000
0000
0000
0000
0000
0000
0000
0000
0000
0000
0000
0000
0000
0000
0000
0000
0000
0000
0000
0000
0000
0000
0000
0000
0000
0000
0000
0000
0000
0000
0000
0000
0000
0000
0000
0000
0000
0000
0000
0000
0000
0000
0000
0000
0000
0000
0000
0000
0000
0000
0000
0000
0000
0000
0000
0000
0000
0000
0000
0000
0000
0000
0000
0000
0000
0000
0000
0000
0000
0000
0000
0000
0000
0000
0000
0000
0000
0000
0000
0000
0000
0000
0000
0000
0000
0000
0000
0000
0000
0000
0000
0000
0000
0000
0000
0000
0000
0000
0000
0000
0000
0000
0000
0000
0000
0000
0000
0000
0000
0000
0000
0000
0000
0000
0000
0000
0000
0000
0000
0000
0000
0000
0000
0000
0000
0000
0000
0000
0000
0000
0000
0000
0000
0000
0000
0000
0000
0000
0000
0000
0000
0000
0000
0000
0000
0000
0000
0000
0000
0000
0000
0000
0000
0000
0000
0000
0000
0000
0000
0000
0000
0000
0000
0000
0000
0000
0000
0000
0000
0000
0000
0000
0000
0000
0000
0000
0000
0000
0000
0000
0000
0000
0000
0000
0000
0000
0000
0000
0000
0000
0000
0000
0000
0000
0000
0000
0000
0000
0000
0000
0000
0000
0000
0000
0000
0000
0000
0000
0000
0000
0000
0000
0000
0000
0000
0000
0000
0000
0000
0000
0000
0000
0000
0000
0000
0000
0000
0000
0000
0000
0000
0000
0000
0000
0000
0000
0000
0000
0000
0000
0000
0000
0000
0000
0000
0000
0000
0000
0000
0000
0000
0000
0000
0000
0000
0000
0000
0000
0000
0000
0000
0000
0000
0000
0000
0000
0000
0000
0000
0000
0000
0000
0000
0000
0000
0000
0000
0000
0000
0000
0000
0000
0000
0000
0000
0000
0000
0000
0000
0000
0000
0000
0000
0000
0000
0000
0000
0000
0000
0000
0000
0000
0000
0000
0000
0000
0000
0000
0000
0000
0000
0000
0000
0000
0000
0000
0000
0000
0000
0000
0000
0000
0000
0000
0000
0000
0000
0000
0000
0000
0000
0000
0000
0000
0000
0000
0000
0000
0000
0000
0000
0000
0000
0000
0000
0000
0000
0000
0000
0000
0000
0000
0000
0000
0000
0000
0000
0000
0000
0000
0000
0000
0000
0000
0000
0000
0000
0000
0000
0000
0000
0000
0000
0000
0000
0000
0000
0000
0000
0000
0000
0000
0000
0000
0000
0000
0000
0000
0000
0000
0000
0000
0000
0000
0000
0000
0000
0000
0000
0000
0000
0000
0000
0000
0000
0000
0000
0000
0000
0000
0000
0000
0000
0000
0000
0000
0000
0000
0000
0000
0000
0000
0000
0000
0000
0000
0000
0000
0000
0000
0000
0000
0000
0000
0000
0000
0000
0000
0000
0000
0000
0000
0000
0000
0000
0000
0000
0000
0000
0000
0000
0000
0000
0000
0000
0000
0000
0000
0000
0000
0000
0000
0000
0000
0000
0000
0000
0000
0000
0000
0000
0000
0000
0000
0000
0000
0000
0000
0000
0000
0000
0000
0000
0000
0000
0000
0000
0000
0000
0000
0000
0000
0000
0000
0000
0000
0000
0000
0000
0000
0000
0000
0000
0000
0000
0000
0000
0000
0000
0000
0000
0000
0000
0000
0000
0000
0000
0000
0000
0000
0000
0000
0000
0000
0000
0000
0000
0000
0000
0000
0000
0000
0000
0000
0000
0000
0000
0000
0000
0000
0000
0000
0000
0000
0000
0000
0000
0000
0000
0000
0000
0000
0000
0000
0000
0000
0000
0000
0000
0000
0000
0000
0000
0000
0000
0000
0000
0000
0000
0000
0000
0000
0000
0000
0000
0000
0000
0000
0000
0000
0000
0000
0000
0000
0000
0000
0000
0000
0000
0000
0000
0000
0000
0000
0000
0000
0000
0000
0000
0000
0000
0000
0000
0000
0000
0000
0000
0000
0000
0000
0000
0000
0000
0000
0000
0000
0000
0000
0000
0000
0000
0000
0000
0000
0000
0000
0000
0000
0000
0000
0000
0000
0000
0000
0000
0000
0000
0000
0000
0000
0000
0000
0000
0000
0000
0000
0000
0000
0000
0000
0000
0000
0000
0000
0000
0000
0000
0000
0000
0000
0000
0000
0000
0000
0000
0000
0000
0000
0000
0000
0000
0000
0000
0000
0000
0000
0000
0000
0000
0000
0000
0000
0000
0000
0000
0000
0000
0000
0000
0000
0000
0000
0000
0000
0000
0000
0000
0000
0000
0000
0000
0000
0000
0000
0000
0000
0000
0000
0000
0000
0000
0000
0000
0000
0000
0000
0000
0000
0000
0000
0000
0000
0000
0000
0000
0000
0000
0000
0000
0000
0000
0000
0000
0000
0000
0000
0000
0000
0000
0000
0000
0000
0000
0000
0000
0000
0000
0000
0000
0000
0000
0000
0000
0000
0000
0000
0000
0000
0000
0000
0000
0000
0000
0000
0000
0000
0000
0000
0000
0000
0000
0000
0000
0000
0000
0000
0000
0000
0000
0000
0000
0000
0000
0000
0000
0000
0000
0000
0000
0000
0000
0000
0000
0000
0000
0000
0000
0000
0000
0000
0000
0000
0000
0000
0000
0000
0000
0000
0000
0000
0000
0000
0000
0000
0000
0000
0000
0000
0000
0000
0000
0000
0000
0000
0000
0000
0000
0000
0000
0000
0000
0000
0000
0000
0000
0000
0000
0000
0000
0000
0000
0000
0000
0000
0000
0000
0000
0000
0000
0000
0000
0000
0000
0000
0000
0000
0000
0000
0000
0000
0000
0000
0000
0000
0000
0000
0000
0000
0000
0000
0000
0000
0000
0000
0000
0000
0000
0000
0000
0000
0000
0000
0000
0000
0000
0000
0000
0000
0000
0000
0000
0000
0000
0000
0000
0000
0000
0000
0000
0000
0000
0000
0000
0000
0000
0000
0000
0000
0000
0000
0000
0000
0000
0000
0000
0000
0000
0000
0000
0000
0000
0000
0000
0000
0000
0000
0000
0000
0000
0000
0000
0000
0000
0000
0000
0000
0000
0000
0000
0000
0000
0000
0000
0000
0000
0000
0000
0000
0000
0000
0000
0000
0000
0000
0000
0000
0000
0000
0000
0000
0000
0000
0000
0000
0000
0000
0000
0000
0000
0000
0000
0000
0000
0000
0000
0000
0000
0000
0000
0000
0000
0000
0000
0000
0000
0000
0000
0000
0000
0000
0000
0000
0000
0000
0000
0000
0000
0000
0000
0000
0000
0000
0000
0000
0000
0000
0000
0000
0000
0000
0000
0000
0000
0000
0000
0000
0000
0000
0000
0000
0000
0000
0000
0000
0000
0000
0000
0000
0000
0000
0000
0000
0000
0000
0000
0000
0000
0000
0000
0000
0000
0000
0000
0000
0000
0000
0000
0000
0000
0000
0000
0000
0000
0000
0000
0000
0000
0000
0000
0000
0000
0000
0000
0000
0000
0000
0000
0000
0000
0000
0000
0000
0000
0000
0000
0000
0000
0000
0000
0000
0000
0000
0000
0000
0000
0000
0000
0000
0000
0000
0000
0000
0000
0000
0000
0000
0000
0000
0000
0000
0000
0000
0000
0000
0000
0000
0000
0000
0000
0000
0000
0000
0000
0000
0000
0000
0000
0000
0000
0000
0000
0000
0000
0000
0000
0000
0000
0000
0000
0000
0000
0000
0000
0000
0000
0000
0000
0000
0000
0000
0000
0000
0000
0000
0000
0000
0000
0000
0000
0000
0000
0000
0000
0000
0000
0000
0000
0000
0000
0000
0000
0000
0000
0000
0000
0000
0000
0000
0000
0000
0000
0000
0000
0000
0000
0000
0000
0000
0000
0000
0000
0000
0000
0000
0000
0000
0000
0000
0000
0000
0000
0000
0000
0000
0000
0000
0000
0000
0000
0000
0000
0000
0000
0000
0000
0000
0000
0000
0000
0000
0000
0000
0000
0000
0000
0000
0000
0000
0000
0000
0000
0000
0000
0000
0000
0000
0000
0000
0000
0000
0000
0000
0000
0000
0000
0000
0000
0000
0000
0000
0000
0000
0000
0000
0000
0000
0000
0000
0000
0000
0000
0000
0000
0000
0000
0000
0000
0000
0000
0000
0000
0000
0000
0000
0000
0000
0000
0000
0000
0000
0000
0000
0000
0000
0000
0000
0000
0000
0000
0000
0000
0000
0000
0000
0000
0000
0000
0000
0000
0000
0000
0000
0000
0000
0000
0000
0000
0000
0000
0000
0000
0000
0000
0000
0000
0000
0000
0000
0000
0000
0000
0000
0000
0000
0000
0000
0000
0000
0000
0000
0000
0000
0000
0000
0000
0000
0000
0000
0000
0000
0000
0000
0000
0000
0000
0000
0000
0000
0000
0000
0000
0000
0000
0000
0000
0000
0000
0000
0000
0000
0000
0000
0000
0000
0000
0000
0000
0000
0000
0000
0000
0000
0000
0000
0000
0000
0000
0000
0000
0000
0000
0000
0000
0000
0000
0000
0000
0000
0000
0000
0000
0000
0000
0000
0000
0000
0000
0000
0000
0000
0000
0000
0000
0000
0000
0000
0000
0000
0000
0000
0000
0000
0000
0000
0000
0000
0000
0000
0000
0000
0000
0000
0000
0000
0000
0000
0000
0000
0000
0000
0000
0000
0000
0000
0000
0000
0000
0000
0000
0000
0000
0000
0000
0000
0000
0000
0000
0000
0000
0000
0000
0000
0000
0000
0000
0000
0000
0000
0000
0000
0000
0000
0000
0000
0000
0000
0000
0000
0000
0000
0000
0000
0000
0000
0000
0000
0000
0000
0000
0000
0000
0000
0000
0000
0000
0000
0000
0000
0000
0000
0000
0000
0000
0000
0000
0000
0000
0000
0000
0000
0000
0000
0000
0000
0000
0000
0000
0000
0000
0000
0000
0000
0000
0000
0000
0000
0000
0000
0000
0000
0000
0000
0000
0000
0000
0000
0000
0000
0000
0000
0000
0000
0000
0000
0000
0000
0000
0000
0000
0000
0000
0000
0000
0000
0000
0000
0000
0000
0000
0000
0000
0000
0000
0000
0000
0000
0000
0000
0000
0000
0000
0000
0000
0000
0000
0000
0000
0000
0000
0000
0000
0000
0000
0000
0000
0000
0000
0000
0000
0000
0000
0000
0000
0000
0000
0000
0000
0000
0000
0000
0000
0000
0000
0000
0000
0000
0000
0000
0000
0000
0000
0000
0000
0000
0000
0000
0000
0000
0000
0000
0000
0000
0000
0000
0000
0000
0000
0000
0000
0000
0000
0000
0000
0000
0000
0000
0000
0000
0000
0000
0000
0000
0000
0000
0000
0000
0000
0000
0000
0000
0000
0000
0000
0000
0000
0000
0000
0000
0000
0000
0000
0000
0000
0000
0000
0000
0000
0000
0000
0000
0000
0000
0000
0000
0000
0000
0000
0000
0000
0000
0000
0000
0000
0000
0000
0000
0000
0000
0000
0000
0000
0000
0000
0000
0000
0000
0000
0000
0000
0000
0000
0000
0000
0000
0000
0000
0000
0000
0000
0000
0000
0000
0000
0000
0000
0000
0000
0000
0000
0000
0000
0000
0000
0000
0000
0000
0000
0000
0000
0000
0000
0000
0000
0000
0000
0000
0000
0000
0000
0000
0000
0000
0000
0000
0000
0000
0000
0000
0000
0000
0000
0000
0000
0000
0000
0000
0000
0000
0000
0000
0000
0000
0000
0000
0000
0000
0000
0000
0000
0000
0000
0000
0000
0000
0000
0000
0000
0000
0000
0000
0000
0000
0000
0000
0000
0000
0000
0000
0000
0000
0000
0000
0000
0000
0000
0000
0000
0000
0000
0000
0000
0000
0000
0000
0000
0000
0000
0000
0000
0000
0000
0000
0000
0000
0000
0000
0000
0000
0000
0000
0000
0000
0000
0000
0000
0000
0000
0000
0000
0000
0000
0000
0000
0000
0000
0000
0000
0000
0000
0000
0000
0000
0000
0000
0000
0000
0000
0000
0000
0000
0000
0000
0000
0000
0000
0000
0000
0000
0000
0000
0000
0000
0000
0000
0000
0000
0000
0000
0000
0000
0000
0000
0000
0000
0000
0000
0000
0000
0000
0000
0000
0000
0000
0000
0000
0000
0000
0000
0000
0000
0000
0000
0000
0000
0000
0000
0000
0000
0000
0000
0000
0000
0000
0000
0000
0000
0000
0000
0000
0000
0000
0000
0000
0000
0000
0000
0000
0000
0000
0000
0000
0000
0000
0000
0000
0000
0000
0000
0000
0000
0000
0000
0000
0000
0000
0000
0000
0000
0000
0000
0000
0000
0000
0000
0000
0000
0000
0000
0000
0000
0000
0000
0000
0000
0000
0000
0000
0000
0000
0000
0000
0000
0000
0000
0000
0000
0000
0000
0000
0000
0000
0000
0000
0000
0000
0000
0000
0000
0000
0000
0000
0000
0000
0000
0000
0000
0000
0000
0000
0000
0000
0000
0000
0000
0000
0000
0000
0000
0000
0000
0000
0000
0000
0000
0000
0000
0000
0000
0000
0000
0000
0000
0000
0000
0000
0000
0000
0000
0000
0000
0000
0000
0000
0000
0000
0000
0000
0000
0000
0000
0000
0000
0000
0000
0000
0000
0000
0000
0000
0000
0000
0000
0000
0000
0000
0000
0000
0000
0000
0000
0000
0000
0000
0000
0000
0000
0000
0000
0000
0000
0000
0000
0000
0000
0000
0000
0000
0000
0000
0000
0000
0000
0000
0000
0000
0000
0000
0000
0000
0000
0000
0000
0000
0000
0000
0000
0000
0000
0000
0000
0000
0000
0000
0000
0000
0000
0000
0000
0000
0000
0000
0000
0000
0000
0000
0000
0000
0000
0000
0000
0000
0000
0000
0000
0000
0000
0000
0000
0000
0000
0000
0000
0000
0000
0000
0000
0000
0000
0000
0000
0000
0000
0000
0000
0000
0000
0000
0000
0000
0000
0000
0000
0000
0000
0000
0000
0000
0000
0000
0000
0000
0000
0000
0000
0000
0000
0000
0000
0000
0000
0000
0000
0000
0000
0000
0000
0000
0000
0000
0000
0000
0000
0000
0000
0000
0000
0000
0000
0000
0000
0000
0000
0000
0000
0000
0000
0000
0000
0000
0000
0000
0000
0000
0000
0000
0000
0000
0000
0000
0000
0000
0000
0000
0000
0000
0000
0000
0000
0000
0000
0000
0000
0000
0000
0000
0000
0000
0000
0000
0000
0000
0000
0000
0000
0000
0000
0000
0000
0000
0000
0000
0000
0000
0000
0000
0000
0000
0000
0000
0000
0000
0000
0000
0000
0000
0000
0000
0000
0000
0000
0000
0000
0000
0000
0000
0000
0000
0000
0000
0000
0000
0000
0000
0000
0000
0000
0000
0000
0000
0000
0000
0000
0000
0000
0000
0000
0000
0000
0000
0000
0000
0000
0000
0000
0000
0000
0000
0000
0000
0000
0000
0000
0000
0000
0000
0000
0000
0000
0000
0000
0000
0000
0000
0000
0000
0000
0000
0000
0000
0000
0000
0000
0000
0000
0000
0000
0000
0000
0000
0000
0000
0000
0000
0000
0000
0000
0000
0000
0000
0000
0000
0000
0000
0000
0000
0000
0000
0000
0000
0000
0000
0000
0000
0000
0000
0000
0000
0000
0000
0000
0000
0000
0000
0000
0000
0000
0000
0000
0000
0000
0000
0000
0000
0000
0000
0000
0000
0000
0000
0000
0000
0000
0000
0000
0000
0000
0000
0000
0000
0000
0000
0000
0000
0000
0000
0000
0000
0000
0000
0000
0000
0000
0000
0000
0000
0000
0000
0000
0000
0000
0000
0000
0000
0000
0000
0000
0000
0000
0000
0000
0000
0000
0000
0000
0000
0000
0000
0000
0000
0000
0000
0000
0000
0000
0000
0000
0000
0000
0000
0000
0000
0000
0000
0000
0000
0000
0000
0000
0000
0000
0000
0000
0000
0000
0000
0000
0000
0000
0000
0000
0000
0000
0000
0000
0000
0000
0000
0000
0000
0000
0000
0000
0000
0000
0000
0000
0000
0000
0000
0000
0000
0000
0000
0000
0000
0000
0000
0000
0000
0000
0000
0000
0000
0000
0000
0000
0000
0000
0000
0000
0000
0000
0000
0000
0000
0000
0000
0000
0000
0000
0000
0000
0000
0000
0000
0000
0000
0000
0000
0000
0000
0000
0000
0000
0000
0000
0000
0000
0000
0000
0000
0000
0000
0000
0000
0000
0000
0000
0000
0000
0000
0000
0000
0000
0000
0000
0000
0000
0000
0000
0000
0000
0000
0000
0000
0000
0000
0000
0000
0000
0000
0000
0000
0000
0000
0000
0000
0000
0000
0000
0000
0000
0000
0000
0000
0000
0000
0000
0000
0000
0000
0000
0000
0000
0000
0000
0000
0000
0000
0000
0000
0000
0000
0000
0000
0000
0000
0000
0000
0000
0000
0000
0000
0000
0000
0000
0000
0000
0000
0000
0000
0000
0000
0000
0000
0000
0000
0000
0000
0000
0000
0000
0000
0000
0000
0000
0000
0000
0000
0000
0000
0000
0000
0000
0000
0000
0000
0000
0000
0000
0000
0000
0000
0000
0000
0000
0000
0000
0000
0000
0000
0000
0000
0000
0000
0000
0000
0000
0000
0000
0000
0000
0000
0000
0000
0000
0000
0000
0000
0000
0000
0000
0000
0000
0000
0000
0000
0000
0000
0000
0000
0000
0000
0000
0000
0000
0000
0000
0000
0000
0000
0000
0000
0000
0000
0000
0000
0000
0000
0000
0000
0000
0000
0000
0000
0000
0000
0000
0000
0000
0000
0000
0000
0000
0000
0000
0000
0000
0000
0000
0000
0000
0000
0000
0000
0000
0000
0000
0000
0000
0000
0000
0000
0000
0000
0000
0000
0000
0000
0000
0000
0000
0000
0000
0000
0000
0000
0000
0000
0000
0000
0000
0000
0000
0000
0000
0000
0000
0000
0000
0000
0000
0000
0000
0000
0000
0000
0000
0000
0000
0000
0000
0000
0000
0000
0000
0000
0000
0000
0000
0000
0000
0000
0000
0000
0000
0000
0000
0000
0000
0000
0000
0000
0000
0000
0000
0000
0000
0000
0000
0000
0000
0000
0000
0000
0000
0000
0000
0000
0000
0000
0000
0000
0000
0000
0000
0000
0000
0000
0000
0000
0000
0000
0000
0000
0000
0000
0000
0000
0000
0000
0000
0000
0000
0000
0000
0000
0000
0000
0000
0000
0000
0000
0000
0000
0000
0000
0000
0000
0000
0000
0000
0000
0000
0000
0000
0000
0000
0000
0000
0000
0000
0000
0000
0000
0000
0000
0000
0000
0000
0000
0000
0000
0000
0000
0000
0000
0000
0000
0000
0000
0000
0000
0000
0000
0000
0000
0000
0000
0000
0000
0000
0000
0000
0000
0000
0000
0000
0000
0000
0000
0000
0000
0000
0000
0000
0000
0000
0000
0000
0000
0000
0000
0000
0000
0000
0000
0000
0000
0000
0000
0000
0000
0000
0000
0000
0000
0000
0000
0000
0000
0000
0000
0000
0000
0000
0000
0000
0000
0000
0000
0000
0000
0000
0000
0000
0000
0000
0000
0000
0000
0000
0000
0000
0000
0000
0000
0000
0000
0000
0000
0000
0000
0000
0000
0000
0000
0000
0000
0000
0000
0000
0000
0000
0000
0000
0000
0000
0000
0000
0000
0000
0000
0000
0000
0000
0000
0000
0000
0000
0000
0000
0000
0000
0000
0000
0000
0000
0000
0000
0000
0000
0000
0000
0000
0000
0000
0000
0000
0000
0000
0000
0000
0000
0000
0000
0000
0000
0000
0000
0000
0000
0000
0000
0000
0000
0000
0000
0000
0000
0000
0000
0000
0000
0000
0000
0000
0000
0000
0000
0000
0000
0000
0000
0000
0000
0000
0000
0000
0000
0000
0000
0000
0000
0000
0000
0000
0000
0000
0000
0000
0000
0000
0000
0000
0000
0000
0000
0000
0000
0000
0000
0000
0000
0000
0000
0000
0000
0000
0000
0000
0000
0000
0000
0000
0000
0000
0000
0000
0000
0000
0000
0000
0000
0000
0000
0000
0000
0000
0000
0000
0000
0000
0000
0000
0000
0000
0000
0000
0000
0000
0000
0000
0000
0000
0000
0000
0000
0000
0000
0000
0000
0000
0000
0000
0000
0000
0000
0000
0000
0000
0000
0000
0000
0000
0000
0000
0000
0000
0000
0000
0000
0000
0000
0000
0000
0000
0000
0000
0000
0000
0000
0000
0000
0000
0000
0000
0000
0000
0000
0000
0000
0000
0000
0000
0000
0000
0000
0000
0000
0000
0000
0000
0000
0000
0000
0000
0000
0000
0000
0000
0000
0000
0000
0000
0000
0000
0000
0000
0000
0000
0000
0000
0000
0000
0000
0000
0000
0000
0000
0000
0000
0000
0000
0000
0000
0000
0000
0000
0000
0000
0000
0000
0000
0000
0000
0000
0000
0000
0000
0000
0000
0000
0000
0000
0000
0000
0000
0000
0000
0000
0000
0000
0000
0000
0000
0000
0000
0000
0000
0000
0000
0000
0000
0000
0000
0000
0000
0000
0000
0000
0000
0000
0000
0000
0000
0000
0000
0000
0000
0000
0000
0000
0000
0000
0000
0000
0000
0000
0000
0000
0000
0000
0000
0000
0000
0000
0000
0000
0000
0000
0000
0000
0000
0000
0000
0000
0000
0000
0000
0000
0000
0000
0000
0000
0000
0000
0000
0000
0000
0000
0000
0000
0000
0000
0000
0000
0000
0000
0000
0000
0000
0000
0000
0000
0000
0000
0000
0000
0000
0000
0000
0000
0000
0000
0000
0000
0000
0000
0000
0000
0000
0000
0000
0000
0000
0000
0000
0000
0000
0000
0000
0000
0000
0000
0000
0000
0000
0000
0000
0000
0000
0000
0000
0000
0000
0000
0000
0000
0000
0000
0000
0000
0000
0000
0000
0000
0000
0000
0000
0000
0000
0000
0000
0000
0000
0000
0000
0000
0000
0000
0000
0000
0000
0000
0000
0000
0000
0000
0000
0000
0000
0000
0000
0000
0000
0000
0000
0000
0000
0000
0000
0000
0000
0000
0000
0000
0000
0000
0000
0000
0000
0000
0000
0000
0000
0000
0000
0000
0000
0000
0000
0000
0000
0000
0000
0000
0000
0000
0000
0000
0000
0000
0000
0000
0000
0000
0000
0000
0000
0000
0000
0000
0000
0000
0000
0000
0000
0000
0000
0000
0000
0000
0000
0000
0000
0000
0000
0000
0000
0000
0000
0000
0000
0000
0000
0000
0000
0000
0000
0000
0000
0000
0000
0000
0000
0000
0000
0000
0000
0000
0000
0000
0000
0000
0000
0000
0000
0000
0000
0000
0000
0000
0000
0000
0000
0000
0000
0000
0000
0000
0000
0000
0000
0000
0000
0000
0000
0000
0000
0000
0000
0000
0000
0000
0000
0000
0000
0000
0000
0000
0000
0000
0000
0000
0000
0000
0000
0000
0000
0000
0000
0000
0000
0000
0000
0000
0000
0000
0000
0000
0000
0000
0000
0000
0000
0000
0000
0000
0000
0000
0000
0000
0000
0000
0000
0000
0000
0000
0000
0000
0000
0000
0000
0000
0000
0000
0000
0000
0000
0000
0000
0000
0000
0000
0000
0000
0000
0000
0000
0000
0000
0000
0000
0000
0000
0000
0000
0000
0000
0000
0000
0000
0000
0000
0000
0000
0000
0000
0000
0000
0000
0000
0000
0000
0000
0000
0000
0000
0000
0000
0000
0000
0000
0000
0000
0000
0000
0000
0000
0000
0000
0000
0000
0000
0000
0000
0000
0000
0000
0000
0000
0000
0000
0000
0000
0000
0000
0000
0000
0000
0000
0000
0000
0000
0000
0000
0000
0000
0000
0000
0000
0000
0000
0000
0000
0000
0000
0000
0000
0000
0000
0000
0000
0000
0000
0000
0000
0000
0000
0000
0000
0000
0000
0000
0000
0000
0000
0000
0000
0000
0000
0000
0000
0000
0000
0000
0000
0000
0000
0000
0000
0000
0000
0000
0000
0000
0000
0000
0000
0000
0000
0000
0000
0000
0000
0000
0000
0000
0000
0000
0000
0000
0000
0000
0000
0000
0000
0000
0000
0000
0000
0000
0000
0000
0000
0000
0000
0000
0000
0000
0000
0000
0000
0000
0000
0000
0000
0000
0000
0000
0000
0000
0000
0000
0000
0000
0000
0000
0000
0000
0000
0000
0000
0000
0000
0000
0000
0000
0000
0000
0000
0000
0000
0000
0000
0000
0000
0000
0000
0000
0000
0000
0000
0000
0000
0000
0000
0000
0000
0000
0000
0000
0000
0000
0000
0000
0000
0000
0000
0000
0000
0000
0000
0000
0000
0000
0000
0000
0000
0000
0000
0000
0000
0000
0000
0000
0000
0000
0000
0000
0000
0000
0000
0000
0000
0000
0000
0000
0000
0000
0000
0000
0000
0000
0000
0000
0000
0000
0000
0000
0000
0000
0000
0000
0000
0000
0000
0000
0000
0000
0000
0000
0000
0000
0000
0000
0000
0000
0000
0000
0000
0000
0000
0000
0000
0000
0000
0000
0000
0000
0000
0000
0000
0000
0000
0000
0000
0000
0000
0000
0000
0000
0000
0000
0000
0000
0000
0000
0000
0000
0000
0000
0000
0000
0000
0000
0000
0000
0000
0000
0000
0000
0000
0000
0000
0000
0000
0000
0000
0000
0000
0000
0000
0000
0000
0000
0000
0000
0000
0000
0000
0000
0000
0000
0000
0000
0000
0000
0000
0000
0000
0000
0000
0000
0000
0000
0000
0000
0000
0000
0000
0000
0000
0000
0000
0000
0000
0000
0000
0000
0000
0000
0000
0000
0000
0000
0000
0000
0000
0000
0000
0000
0000
0000
0000
0000
0000
0000
0000
0000
0000
0000
0000
0000
0000
0000
0000
0000
0000
0000
0000
0000
0000
0000
0000
0000
0000
0000
0000
0000
0000
0000
0000
0000
0000
0000
0000
0000
0000
0000
0000
0000
0000
0000
0000
0000
0000
0000
0000
0000
0000
0000
0000
0000
0000
0000
0000
0000
0000
0000
0000
0000
0000
0000
0000
0000
0000
0000
0000
0000
0000
0000
0000
0000
0000
0000
0000
0000
0000
0000
0000
0000
0000
0000
0000
0000
0000
0000
0000
0000
0000
0000
0000
0000
0000
0000
0000
0000
0000
0000
0000
0000
0000
0000
0000
0000
0000
0000
0000
0000
0000
0000
0000
0000
0000
0000
0000
0000
0000
0000
0000
0000
0000
0000
0000
0000
0000
0000
0000
0000
0000
0000
0000
0000
0000
0000
0000
0000
0000
0000
0000
0000
0000
0000
0000
0000
0000
0000
0000
0000
0000
0000
0000
0000
0000
0000
0000
0000
0000
0000
0000
0000
0000
0000
0000
0000
0000
0000
0000
0000
0000
0000
0000
0000
0000
0000
0000
0000
0000
0000
0000
0000
0000
0000
0000
0000
0000
0000
0000
0000
0000
0000
0000
0000
0000
0000
0000
0000
0000
0000
0000
0000
0000
0000
0000
0000
0000
0000
0000
0000
0000
0000
0000
0000
0000
0000
0000
0000
0000
0000
0000
0000
0000
0000
0000
0000
0000
0000
0000
0000
0000
0000
0000
0000
0000
0000
0000
0000
0000
0000
0000
0000
0000
0000
0000
0000
0000
0000
0000
0000
0000
0000
0000
0000
0000
0000
0000
0000
0000
0000
0000
0000
0000
0000
0000
0000
0000
0000
0000
0000
0000
0000
0000
0000
0000
0000
0000
0000
0000
0000
0000
0000
0000
0000
0000
0000
0000
0000
0000
0000
0000
0000
0000
0000
0000
0000
0000
0000
0000
0000
0000
0000
0000
0000
0000
0000
0000
0000
0000
0000
0000
0000
0000
0000
0000
0000
0000
0000
0000
0000
0000
0000
0000
0000
0000
0000
0000
0000
0000
0000
0000
0000
0000
0000
0000
0000
0000
0000
0000
0000
0000
0000
0000
0000
0000
0000
0000
0000
0000
0000
0000
0000
0000
0000
0000
0000
0000
0000
0000
0000
0000
0000
0000
0000
0000
0000
0000
0000
0000
0000
0000
0000
0000
0000
0000
0000
0000
0000
0000
0000
0000
0000
0000
0000
0000
0000
0000
0000
0000
0000
0000
0000
0000
0000
0000
0000
0000
0000
0000
0000
0000
0000
0000
0000
0000
0000
0000
0000
0000
0000
0000
0000
0000
0000
0000
0000
0000
0000
0000
0000
0000
0000
0000
0000
0000
0000
0000
0000
0000
0000
0000
0000
0000
0000
0000
0000
0000
0000
0000
0000
0000
0000
0000
0000
0000
0000
0000
0000
0000
0000
0000
0000
0000
0000
0000
0000
0000
0000
0000
0000
0000
0000
0000
0000
0000
0000
0000
0000
0000
0000
0000
0000
0000
0000
0000
0000
0000
FFFF
0000
0000
0001
0000
FFFF
0000
0001
0000
FFFF
0000
0001
0000
FFFF
0000
0000
0000
0000
FFFF
0000
0001
0000
FFFF
0000
0001
0000
FFFF
0000
0000
0000
0000
0000
0000
0000
0000
0000
0001
0000
FFFF
FFFF
0001
0001
FFFF
FFFF
0001
0001
0000
FFFF
0000
0000
0001
0000
FFFF
0000
0001
0000
FFFF
0000
0001
0000
FFFF
FFFF
0001
0001
FFFF
0000
0001
0000
0000
0000
0000
0000
0000
0000
FFFF
0000
0001
FFFF
FFFF
0001
0001
FFFE
0000
0001
FFFF
FFFF
0001
0000
FFFF
0001
0000
FFFF
0000
0000
0000
0000
0000
FFFF
0001
0001
FFFF
0000
0001
0000
FFFF
0001
0000
FFFF
0000
0000
0000
0000
0000
0000
0000
0000
0000
0000
0001
0000
FFFF
0001
0001
FFFF
FFFF
0001
0001
FFFF
FFFF
0000
0001
0000
FFFF
0000
0001
0000
FFFF
0000
0001
0000
FFFF
FFFF
0000
0001
0000
FFFF
FFFF
0001
0001
FFFE
FFFF
0002
0001
FFFE
0000
0001
0000
0000
FFFF
0000
0001
0000
FFFF
0000
0000
0001
0000
FFFF
0000
0001
0000
FFFF
FFFF
0000
0001
0000
FFFF
0000
0001
0000
FFFF
0000
0000
0000
0001
FFFF
FFFF
0001
0002
0000
FFFE
0000
0002
0000
FFFF
0000
0001
0001
0000
FFFF
0000
0001
0000
FFFF
0000
0000
FFFF
0001
0000
FFFE
0001
0001
FFFF
FFFF
0001
FFFF
FFFF
0001
0000
FFFF
0000
0001
0000
0000
0000
0000
0001
0001
FFFF
FFFF
0001
0001
FFFF
FFFF
0001
0000
FFFF
0000
0000
0000
0000
FFFF
0000
0001
0000
FFFF
0000
0001
0000
FFFF
0000
0001
0001
FFFF
FFFF
0001
0001
FFFF
FFFF
0001
0001
FFFF
0000
0000
0000
0000
0000
FFFF
0000
0001
0000
FFFF
0000
0001
0000
FFFF
0000
0000
0000
0000
0000
0000
0001
0000
FFFF
0000
0001
0000
FFFF
0000
0001
0001
FFFF
FFFF
0001
0001
0000
FFFF
0000
0001
0000
FFFF
0000
0001
0000
FFFF
0000
0000
0000
0001
0000
FFFF
0000
0001
0000
FFFF
0000
0001
0001
FFFF
FFFF
0000
0001
0000
0000
0000
0000
0000
0000
FFFF
0000
0001
0000
0000
0000
0000
0000
0000
0000
FFFF
0000
0001
0000
FFFF
0000
0001
0000
0000
0000
0000
0000
0000
FFFF
0000
0001
0000
FFFF
0001
0000
FFFF
0000
0000
0001
0000
FFFF
0000
0001
0000
FFFF
FFFF
0001
0001
FFFF
FFFE
0000
0002
0000
FFFE
FFFF
0002
0001
FFFF
FFFF
0000
0001
0001
FFFF
FFFE
0001
0002
0000
FFFE
0000
0002
0001
FFFE
FFFF
0001
0001
FFFF
FFFF
0000
0001
0000
FFFF
FFFF
0001
0001
0000
FFFF
FFFF
0001
0002
FFFF
FFFF
0001
0001
0000
0000
0000
0000
0001
0000
FFFF
0000
0001
0000
FFFE
0000
0002
0000
FFFE
0001
0001
FFFF
0000
0000
0000
0000
0001
FFFF
FFFF
0001
0001
FFFF
0000
0001
0000
0000
0000
0000
0000
0000
0000
0000
0000
0000
FFFF
0000
0000
FFFF
0000
0001
FFFF
FFFF
0001
0000
FFFF
0001
0001
FFFF
FFFF
0001
0001
FFFF
FFFF
0001
0001
0000
FFFF
0000
0001
0001
FFFE
FFFF
0002
0001
FFFF
FFFF
0000
0001
0000
FFFE
0000
0002
0000
FFFE
0000
0001
0000
FFFF
0000
0000
0000
0000
0000
FFFF
0000
0001
0000
FFFF
0001
0001
FFFF
0000
0001
FFFF
0000
0001
FFFF
FFFF
0001
0000
FFFF
0000
0000
FFFF
0001
0001
FFFF
FFFF
0001
0001
0000
FFFF
0000
0001
0001
FFFF
FFFE
0001
0003
FFFF
FFFD
0000
0002
0000
FFFF
FFFE
0001
0002
FFFF
FFFE
0001
0001
0000
FFFF
FFFF
0000
0001
0000
FFFF
0000
0001
0000
0000
0000
0000
0000
0000
0000
0000
FFFF
0001
0001
FFFF
FFFF
0001
0001
FFFF
0000
0000
0000
0001
0000
FFFF
0001
0001
FFFF
FFFF
0001
0000
0000
FFFF
0000
0001
0000
FFFE
0000
0002
0000
FFFE
0000
0001
0001
FFFF
FFFF
0001
0002
0000
FFFE
FFFF
0002
0001
FFFE
FFFE
0001
0002
FFFF
FFFE
0000
0001
0000
FFFF
0000
0000
0000
0000
FFFF
FFFF
0001
0000
FFFF
0000
0001
FFFF
0000
0001
0000
FFFF
0000
0001
0000
FFFF
0000
0001
0000
FFFF
0001
0001
FFFF
0000
0001
0000
FFFF
0000
0000
0000
0000
0000
FFFF
0000
0001
FFFF
FFFF
0001
0000
0000
0000
FFFF
0000
0001
0000
FFFF
0001
0000
FFFF
0001
0000
FFFF
0000
0001
0000
0000
0000
0000
0000
0001
FFFF
FFFF
0001
0001
FFFF
FFFF
0000
0001
0000
0000
FFFF
0000
0001
0000
FFFF
0001
0000
FFFF
0000
0000
FFFF
0000
0002
FFFF
FFFF
0001
0000
FFFF
0000
0000
FFFF
0001
0000
FFFE
0000
0002
0000
FFFF
0000
0001
0000
FFFF
0000
0001
0000
0000
0000
0000
0000
0000
0000
0000
0000
0000
0000
FFFF
0000
0002
0000
FFFE
0000
0001
0000
0000
FFFF
0000
0001
0000
FFFE
FFFF
0001
0000
FFFF
FFFF
0000
0001
0000
0000
FFFF
0000
0002
0000
FFFE
0000
0002
0000
FFFF
0000
0001
0001
0000
0000
0000
0000
0001
0001
FFFE
FFFF
0002
0000
FFFE
0000
0001
0000
0000
0000
FFFF
0000
0001
0000
FFFF
0000
0001
FFFF
FFFF
0001
0000
FFFF
0000
0001
FFFF
0000
0001
0000
0000
0000
0000
0000
0001
0000
FFFF
0000
0001
0000
FFFF
0000
0000
0000
0000
0000
0000
0000
0000
0000
0000
0000
0001
0000
FFFF
0000
0001
0001
FFFF
FFFF
0001
0001
0000
FFFF
0000
0002
0001
FFFE
FFFF
0002
0001
FFFE
0000
0002
0000
FFFF
0000
0000
0000
0001
0000
FFFE
0000
0002
0000
FFFE
0000
0001
0001
FFFF
FFFF
0000
0001
0000
FFFE
FFFF
0001
0001
FFFF
FFFF
0000
0001
0000
FFFF
0000
0001
0000
FFFF
0000
0000
0000
0000
0000
0000
0000
0001
FFFF
0000
0001
0000
FFFE
0000
0002
FFFF
FFFF
0001
0001
0000
FFFF
0000
0001
0000
FFFF
0000
0001
0000
0000
0000
0000
0000
0001
0000
FFFF
0001
0001
FFFF
FFFF
0001
0001
FFFF
0000
0001
0000
FFFF
0001
0000
0000
0001
0000
FFFF
0001
0001
FFFF
0000
0001
0000
FFFF
0000
0001
FFFF
FFFF
0001
0001
FFFF
0000
0001
0000
FFFF
0000
0001
0000
FFFF
0000
0000
FFFF
0000
0001
0000
FFFF
0001
0000
FFFF
0000
0001
0000
FFFF
0001
0001
FFFF
0000
0001
0000
0000
0000
0000
0000
0000
FFFF
0000
0001
0000
0000
0000
0000
FFFF
FFFF
0000
0001
FFFF
FFFF
0000
0001
0000
FFFF
FFFF
0001
0001
0000
FFFE
0000
0002
0001
FFFE
FFFE
0001
0002
0000
FFFE
0000
0002
0001
FFFE
FFFE
0001
0001
FFFF
FFFF
0001
0001
0000
0000
0001
FFFF
FFFF
0001
0001
FFFF
0000
0001
0000
0000
0000
0000
0000
0000
FFFF
FFFF
0002
0001
FFFE
0000
0002
0000
FFFE
0000
0001
0000
0000
FFFF
FFFF
0001
0001
FFFD
FFFE
0002
0001
FFFE
FFFF
0001
0000
0000
FFFF
FFFF
0001
0001
FFFF
FFFF
0000
0001
0000
FFFF
0000
0001
0000
0000
0000
0001
0000
0000
0000
0001
FFFF
0000
0001
0000
FFFF
0000
0000
0000
0000
FFFF
FFFF
0001
0001
FFFE
FFFF
0001
0001
FFFF
FFFE
0000
0002
0000
FFFE
FFFF
0001
0000
FFFF
0000
0001
FFFF
0000
0000
FFFF
FFFE
0000
0000
FFFF
0000
0001
0000
0000
0001
0000
0000
0000
0001
0001
FFFF
FFFF
0001
0001
FFFE
FFFF
0002
0001
FFFE
0000
0002
0001
0001
0000
FFFF
0001
0002
FFFF
FFFE
0002
0002
FFFF
FFFE
0000
0001
0001
0001
FFFF
0000
0001
0001
0000
0001
0000
0000
0001
0000
FFFF
0000
0001
0000
FFFE
FFFF
0000
0000
FFFF
FFFE
0000
0001
FFFF
0000
0003
0001
FFFD
FFFE
0001
0001
0000
0002
0001
FFFF
FFFF
FFFF
FFFE
FFFF
0000
FFFE
FFFD
FFFE
0000
0000
0000
FFFF
FFFD
FFFE
0000
0000
0000
FFFE
FFFF
0001
0002
0001
0000
0001
0001
0001
0000
0002
0005
0005
0004
0002
FFFF
FFFE
0001
0003
FFFF
FFFB
FFFF
0004
0003
0000
FFFF
FFFE
FFFD
FFFE
FFFF
FFFE
0000
0002
0001
0000
0002
0002
0003
0005
0003
0001
0003
0005
0003
0001
0000
FFFF
0000
0002
0000
FFFE
FFFE
FFFE
FFFC
FFFB
FFFE
FFFF
FFFF
FFFE
FFFC
FFFC
0000
0004
0001
FFFE
0000
0000
0000
0002
0002
0001
0001
0003
0002
0000
FFFF
FFFE
FFFE
FFFA
FFF7
FFFA
FFFF
FFFE
FFFB
FFFA
FFFA
FFFE
0000
FFFF
FFFE
FFFF
FFFF
FFFE
FFFE
FFFF
FFFF
FFFF
0000
0003
0001
FFFE
FFFE
0000
FFFF
0001
0002
0001
FFFF
FFFE
FFFD
FFFD
FFFE
FFFB
FFFA
FFFC
FFFD
FFFC
FFFD
FFFD
FFFB
FFFB
FFFC
FFFC
FFFB
FFFE
FFFE
FFFC
FFFF
0002
0000
0001
0006
0005
0004
0009
0006
FFFF
0003
0005
FFFD
FFFB
FFFF
FFFB
FFF7
FFFB
FFFB
FFF9
FFF8
FFF6
FFFA
0007
000B
0005
0003
0004
0004
0004
000A
0009
0001
0001
0008
0001
FFFA
0004
0004
FFF9
0005
0010
FFF8
FFE8
FFF7
FFFC
FFF6
FFFA
FFF4
FFE6
FFEA
FFF1
FFED
FFF5
0000
FFFA
FFF4
FFF8
FFFD
000A
001A
0013
0002
0001
0002
FFFE
FFFB
FFF4
FFE7
FFEA
FFF5
FFF3
FFF4
0004
000D
0007
0004
0003
0001
0008
0011
000A
0000
FFFE
0000
0004
0008
0003
FFF5
FFF2
FFFC
0009
0017
0024
0026
001F
001C
001A
000C
0003
0009
0006
FFF9
FFFF
0005
FFF6
FFEF
FFF8
FFFA
0000
0013
001B
001C
0024
0014
FFEC
FFDA
FFE7
FFF8
0004
0002
FFF0
FFE2
FFE6
FFF5
FFFF
0003
000A
0006
FFF1
FFF5
0016
001A
0003
000B
0014
FFF4
FFE3
FFF5
FFF3
FFEC
FFFF
FFFB
FFDE
FFEC
0014
0018
0008
0003
0005
0009
0004
FFFA
0006
001B
0012
FFF9
FFE5
FFD8
FFEE
0015
0005
FFE4
0000
0017
FFF4
FFE3
FFF4
FFEF
FFE5
FFE7
FFD3
FFB8
FFA6
FF85
FF6F
FF86
FFA1
FFAD
FFCE
000B
004D
0069
0029
FFB6
FF83
FFAC
0004
0085
0138
01DF
0220
0206
01D0
015C
0096
FFF3
FF7D
FEAD
FDF8
FE41
FF21
FFD9
0083
00F3
00BB
006A
00A1
00F5
00F7
00D3
00C0
00D1
00E8
00CD
0087
001F
FF8E
FF42
FF8F
FFEE
000D
0075
0170
027F
02F8
027B
0157
0066
0039
00A3
00FD
00B9
FFE7
FEE5
FDCA
FCE8
FCFE
FE26
FF9E
0096
009A
FFCB
FECE
FE3E
FE89
FF9D
005C
000F
FF91
FF7E
FF71
FF90
FFD8
FF4B
FE17
FDAE
FE51
FF40
FFE9
FFB1
FEF6
FF0F
FFD6
0043
00A5
00E2
FFDE
FE66
FE5E
FF94
00DF
01E8
0213
011A
006D
0136
0299
0369
0340
01B3
FF0B
FD52
FE16
000E
014E
01BC
01A3
00C6
FF67
FDC8
FC24
FBD5
FD62
FF14
0020
0124
0194
0193
02B6
0415
03D6
0333
0316
0249
014E
00C5
FF1C
FCE6
FC60
FC6B
FB64
FA51
F991
F93E
FACA
FD5F
FE91
FEB4
FEA1
FDF3
FD92
FDCD
FD3D
FCD6
FE3E
FFBB
FFA4
FE52
FBD4
F9D3
FB29
FE63
FFF5
FFDB
FF57
FEDC
FF6B
0060
FF2D
FBD5
F8F0
F8A8
FC39
0269
0733
0821
0608
02E3
00D7
00FA
0263
03C2
03E6
0205
FFC2
FF4D
0042
0171
0158
FDE0
F90D
F7D1
FA96
FF3F
04DF
07DD
05B4
02C0
01B6
002A
FEF4
FF57
FE7D
FD9B
FFB8
0107
FF98
FF51
FF0F
FC56
FAB4
FA2A
F79A
F6DE
F9E6
FB54
FB32
FD0D
FEBD
0054
0456
05CC
011C
FB9C
F80F
F59E
F697
F965
F8DD
F71D
F817
F9D9
FB5A
FCB6
FA96
F4F6
F0BD
EF92
F091
F3D3
F788
F961
FA0B
FADC
FC85
FF5F
01CE
017E
FD6C
F625
EFA9
EF12
F4B8
FDFF
07E0
0CA5
0975
028F
FADE
F2EF
EEA5
EE2B
ECAF
EBAD
EE51
F1AD
F683
FFB0
0748
09AC
0BC5
0D04
0B0E
0AE0
0BB6
07D0
03FE
04AA
040B
00EA
FCA7
F20D
E484
E052
E5F5
EFBF
FCDA
0719
08BB
0919
0CD5
0E19
0BA3
0630
FA29
EBFD
E4F5
E472
E7AA
EFD9
F919
FEEE
039C
0728
0685
03AB
00D9
FD2B
FA6C
FAF3
FD75
00AF
03B4
043B
017E
FCC0
F7EF
F5B8
F717
FB0A
0125
07B2
0C5D
10C7
164B
1AC2
1E61
216A
1FE7
1A34
14FF
0F96
09A3
079F
08B9
0A81
10DF
1A54
1ECA
1DEA
19B0
1024
06DB
053E
0779
0ABA
11F8
18D6
1A96
1A7F
16E5
0BCF
FFED
F8C8
F40B
F3EE
FA50
00B6
051E
0A56
0C3A
0824
02EB
FD6E
F6A7
F2E4
F299
F1CA
F221
F578
F838
F8C2
F6C6
EF4E
E3AB
DA14
D5EB
D830
E0FA
EC81
F5E6
FAEB
FA60
F3FB
E8FF
DB2D
CD5D
C34B
BF9E
C3D1
CEC1
DB8C
E5F8
EC8F
EE24
EBCB
E971
E88C
E909
ECAC
F21E
F4D7
F41F
F0D2
EA6C
E46B
E2DD
E352
E3A3
E507
E583
E3FB
E3E2
E4E7
E45D
E43A
E4B2
E26A
DE61
DA8F
D5B6
D18A
D0B2
D0FA
D143
D3DB
D805
DB32
DC9A
DA2A
D24F
C8FD
C2E8
C093
C1E9
C6DA
CD6D
D531
DEC5
E6E6
E9FE
E8DB
E5E6
E406
E646
EBBE
F0EE
F476
F6A8
F86B
FA94
FC0B
FB8F
F9D3
F867
F922
FCE6
02C5
0A39
1280
18E9
1BC5
1B77
1928
1754
17FC
1AA0
1E5C
22F7
283F
2E12
337E
36D3
3686
322D
2C65
2905
29E9
301C
3A47
4339
47A8
473C
420E
3C02
39DF
3B4C
3F1E
4540
4C43
5468
5DF6
64FE
6592
5F16
53F9
4913
40BE
3A59
36C8
36C3
3A32
418B
49DE
4E9F
4F8B
4E6B
4CC8
4B9B
495F
4581
429B
432E
48EA
5241
5911
5984
53DF
49B6
3F32
3706
3052
2D71
319B
3AD3
4595
4DEB
4FA3
4B38
4379
39B9
2FFC
2848
233D
207B
1E3C
1B69
1742
1026
07D4
0099
F893
F108
EE1A
EF72
F4AA
FBF1
FE21
FA36
F4F6
ED29
E303
DBB2
D5FC
CED2
CA2E
CBA9
D1A6
D972
E145
E6F4
E89D
E8A7
EA35
EA7F
E8B8
E855
E537
DB0F
D051
C8EA
C33A
C1CA
C4A0
C838
CDAF
D3F1
D6C6
D764
D660
D085
C727
BDDB
B523
AD6E
A874
A7C3
AB11
B04B
B61C
BAA3
BBA1
BA4F
B795
B29F
AEA8
AE4A
AFCB
B471
BD44
C59A
CA9D
CC5E
CA04
C5C6
C308
C165
C0C2
C375
CA6A
D312
D9D8
DE3B
E001
DCDE
D699
D0A9
C9E3
C320
BF48
BD24
BE30
C5DC
D0AF
D9D7
DE7C
DC35
D6A1
D1C7
CC17
C7DA
C7ED
C94F
CD5B
D6F2
E152
E896
EC43
EB88
E8DA
E6D2
E5AA
E660
E7D1
E9AA
EE1A
F1FA
F3E6
F857
FC69
FD13
FF03
000D
FCDB
FB03
FBB7
FE06
04B6
0BB6
1078
16B8
196F
142B
0CDF
0597
FE05
F898
F423
F2D2
F87B
0042
06CB
0BAE
0A8A
054D
004E
F9AA
F603
FB9B
05C3
10F8
1D0F
262A
2A4C
2753
1C21
1010
07A6
0118
FDDF
FD6E
FF13
0669
0F04
12FE
15CB
169A
13D7
1365
13C1
117D
11DF
145B
15A4
1869
196A
142A
0B73
00DE
F84D
F7D9
FDA3
07DF
1663
227D
287C
290A
22DA
1A19
133B
0C73
0822
08E9
0DA0
18FE
2741
2EDD
320B
3323
2C82
211E
1902
1786
1CDD
22ED
2628
2A3B
2BB4
27B1
235D
1BBC
0E9B
03E0
FB96
F639
FCFE
0B4A
163D
1E42
217C
1DC5
1844
103A
0366
F76D
F1ED
F644
01B1
0BAE
13E6
1ABF
1A3A
15F3
1320
0DC7
0990
0BA8
0F28
149A
1DF3
24AC
2748
2804
25FC
226C
1C25
1268
0A45
02E3
FBB9
FB97
FF6C
024B
0892
0DB8
0D48
0EA0
0EDA
093B
0645
0443
FCF6
F9FB
FF82
05FE
0B5D
0EB9
0EE0
0E85
0D59
0A8D
07A9
0470
0261
0298
03AE
0691
0996
0C1E
12BF
1664
0F18
0766
01A4
F6BA
F1D2
F7D6
FC8E
01F4
0AF6
0E1D
0EA6
115B
0DE4
057D
FF84
FB5E
FA2C
FB6D
FA56
F8F2
FA1C
FBD4
FCB2
FBB7
FB0D
FCBF
FCFA
FD5E
01B9
04B1
0728
0EED
169E
1C27
2224
21BC
1AC3
1562
10E7
0E86
120A
1603
18A4
1A9D
1600
0E08
0A8E
0906
0956
0DFA
1423
1C99
2461
230A
1D82
19D2
127E
0B57
0C62
0E79
0AEA
0616
035E
0320
0754
108B
17D5
14E1
0CFF
0977
0802
089C
0F14
14A4
166D
19A5
1986
139F
1023
0EEF
0E41
13FF
1CCC
2087
20A8
1EFF
1ACC
16DC
14C7
1319
11B3
1366
19B6
1FC9
22F5
26E1
27B6
207B
19ED
1970
1916
191C
1CA8
202C
21DC
2428
28E1
2EB1
314B
30BE
2FB2
2D32
2CBE
3141
326C
2EA2
2D9F
2C61
289A
2927
2A5F
2558
2060
20B5
235E
2649
28D4
2A42
29B6
2813
28CB
294D
24BC
1F83
1BCA
1530
0E7E
099F
02BE
FE3C
FF74
00CC
035C
0A45
1077
1381
131A
0D45
05B9
FF86
F95D
F632
F60A
F2CE
ED4E
E9E1
E822
E832
EAF7
F00F
F6CC
FC3C
FF61
02F0
05D0
0717
0A16
0CF3
0BCA
0843
026A
F981
F198
EC5F
E940
EAFE
F1DC
FAA5
0334
0887
09D6
0A32
0846
0187
FA28
F50F
F08B
EDDF
EE45
EF6B
F0CC
F219
F10B
EEA8
ED60
ED1A
EF61
F61B
FF30
0829
0E98
0EDB
0A2B
0476
FC59
F0A4
E5DB
DFC8
DF03
E2BD
E7F8
EC24
EE86
ED89
E93F
E616
E795
ECA2
F375
FC14
033B
01CD
F7D4
EDB7
E77B
E406
E3B2
E58B
E8A3
EE03
F209
F1C4
F204
F39F
F2D8
F2CD
F4EA
F486
F3DB
F6B8
F8C1
F8C7
FA4E
FB1D
F9CA
FA4F
FBFE
FBA0
FB20
FB51
FB0A
FD2F
0142
0155
FF2B
005B
0214
01DC
0259
01D7
FF0B
FE0D
FE08
FB12
F74F
F491
F0FE
EE69
F067
F4A5
F5CD
F40D
F284
EF53
E965
E580
E58B
E99A
F30E
FACB
F9AA
F526
EFC8
E854
E813
F130
F7F7
FA72
FC26
F88C
EF07
E4FE
DE5E
DE30
E23D
E69C
EDBD
F6DE
FBE6
FABD
F329
E739
DC7D
D4DF
D1B0
D421
D846
DF25
E9F8
EEA5
EC82
EC6C
E7C8
DC08
D710
D8E4
D98C
DCAC
E066
DF9F
DF57
DF6F
DC81
DBF8
DEC3
E0A7
E397
E83A
EBCF
EECF
F225
F4F7
F48A
EF59
E9CB
E5E5
E224
E32B
E84E
E84C
E58B
E5C3
E378
DFAC
E0F4
E2F0
E2FE
E570
E805
E7E8
E7BF
E7DE
E755
E5BD
E15C
DAEC
D422
CD3D
C893
C7EC
CC0A
D761
E561
EC34
EC85
EBDB
E8D9
E45E
E3A1
E585
E5F7
E545
E47E
E335
E21A
E2E4
E487
E1FD
DA2E
D3E0
D29F
D3B5
D924
E4D7
EE5A
EFF8
EEDE
EC9D
E68F
E0B6
DD6A
D8C4
D533
D8B9
E033
E4E7
E536
E1D5
DBF4
D655
D413
D669
DB9F
E180
E736
EB36
EC18
EA83
E6DB
E190
DC9E
D950
D81D
D8D8
DA0E
DBEB
DE83
DEFD
DDFB
DEB8
DF68
DF69
E1BC
E3F3
E331
E23D
E11D
DDB1
D90F
D2E4
CBD9
C88B
C8E5
C9F4
CD9B
D488
DBD7
E25C
E5FA
E470
E0CF
DE03
DB97
DB5F
DE23
DFCF
DF9E
E06D
E101
E0D6
E32E
E61E
E5B8
E4B7
E554
E6FC
EC88
F4EA
FA46
FE0D
0168
FDAA
F4F9
F14A
F12A
EFEC
F153
F3FD
F197
EF93
F535
FB75
FCBA
FE97
FF4D
F8A3
F1C0
EFC2
ECAD
EC4D
F46A
FC1A
0000
042E
01E7
F804
F147
EEC4
EE88
F413
FADF
FDFE
0010
FF74
FBC2
FA79
FB11
FC5E
0206
099D
0E25
0F86
0DDD
09BB
0444
FD60
F7CF
F5E2
F631
F8A1
FB6B
FB52
FB09
FBF4
FAC5
F9FB
FD62
01F3
04EF
06C0
0718
04EE
00AA
FDFD
FEB7
FFAF
0135
04CA
0701
095B
0EC5
118A
11A9
1475
1494
10AF
1078
0FA5
0B19
0ED5
1973
1BED
1906
191C
15E1
0F60
0FB3
1289
0F87
0DBE
108B
111F
12C8
18EA
1A22
15C6
13EA
115A
0B78
0818
06EA
067D
0A67
1004
11E6
112E
10DF
11FE
12F6
12FE
168B
1DE8
22CF
254B
27A8
26A3
22FF
20C3
1E9B
1AD6
16D0
1472
1576
1925
1D62
200B
1E76
1B10
1B01
1D3E
203B
23AF
22AB
1CD8
1700
1054
0A5C
097F
0A6A
0CE3
1424
1898
15D4
125A
0F94
0DF6
1174
174B
1E68
28F7
2EE1
2B59
2641
21C3
1C3B
1AC5
1CF9
1C44
18EB
16CE
1705
1981
1E5D
2515
2913
2690
2318
22FE
2299
232F
2734
2804
2310
1D05
1592
0D09
086F
077D
0742
0867
0ADE
0E17
12C3
177B
19FF
1A0F
188D
1604
1200
0EA0
0F29
1042
0F36
1046
1192
0F36
102E
1615
19B8
1D70
22A2
22CF
2234
265A
27BD
245F
219F
1D7B
1757
140C
1389
12DB
1101
0F14
0F67
108E
10B7
1268
155D
170C
17BE
1704
15B4
15B4
14E5
1376
140A
14F9
160E
1802
182A
1797
17EC
16B9
1643
18BC
1A22
1B3A
1E33
1EFE
1EF8
22D8
26F5
27BA
262D
2225
1CE7
186E
159A
163D
188C
1A02
1BFA
1C17
18E5
1691
140C
1127
135A
1768
18C1
1AEA
1BDE
18C8
1752
1817
172E
166D
16CA
1791
1AAC
1FBC
258B
2B6F
2E30
2DFF
2D47
2A7A
26A2
239E
1F7F
1D17
1FFF
25DB
2CDB
3223
334B
31BB
2A15
1D17
15F3
15A5
1651
1ADF
22AF
2723
26AF
2229
1C25
1893
16FB
165F
18D2
1D8F
1F35
1B71
16ED
1431
10AF
0E11
0DC5
0B51
08B4
0BE8
113E
15EE
1E0B
25F4
266D
210C
1981
120A
0D8B
0B44
09FA
0A66
0B15
0B9B
0BBD
0949
06CC
0663
04E7
0333
0381
048D
05C4
056A
041F
04E4
03E2
0072
FFBB
FD27
F63E
F302
F32B
F37F
F7CF
FD1A
FEA7
008B
029F
01D0
0252
04DB
04F1
03A6
027C
000D
FE2C
FF09
0091
FFD1
FE2E
FE42
FCE6
F974
F98C
FBA2
FCE7
00B2
0282
FDF0
FA0E
F7A8
F23E
EE43
ED98
EB40
E900
EB88
EF02
EFE4
F22A
F550
F57B
F566
F415
ED9A
E8AC
EA42
ECCF
EF96
F5F1
FB24
FB2B
FA9E
F9C9
F52A
F1A7
F156
F009
F1E2
FA0A
0270
071E
0835
07F6
0655
0154
FEE4
FF42
F9EC
F52F
F6A4
F556
F308
F559
F5E6
F34F
F25A
F2E6
F3AD
F522
F792
F8C4
F6DC
F5EB
F958
FD9F
FFC8
0146
0250
0244
01BC
FE65
F8F0
F7C8
F8A1
F831
FCAE
020E
011F
00CA
01DD
FFD6
FFBA
0181
00DA
0080
0142
003B
FCBB
F8CC
F63C
F3C7
F374
F877
FCCB
FB54
F8A7
F825
F7BA
F7BA
FB38
FE62
FB5F
F6F7
F521
F33F
F458
F9B3
FF03
04D9
0A3F
0BC9
0B97
0B46
0A3E
0983
0A6D
0CEE
0DCA
0CA3
0D26
0D4F
0C0F
0D23
0D12
0814
026A
FE8E
FC13
FB9E
FD6A
005B
00B1
FD16
F917
F4F7
F051
EE87
EE8F
EE4B
F05F
F286
F144
F044
EEC9
E99C
E54E
E1F7
DC18
D885
D950
DC0A
E1EC
E93A
EF9E
F453
F494
F3F0
F3EE
EE1E
E696
E186
D92D
D33A
D595
D87A
DB5B
E094
E335
E46D
E4AE
DE39
D636
D625
DAD6
DF51
E5A3
EB39
E896
DD6B
D0BA
CA10
CA5D
CC89
D1C6
DAB6
DDDF
DB68
DB01
D90F
D5B7
D6BA
D8C7
DBA4
E295
E9F6
F00C
F38E
F1A3
EDC9
E9D3
E467
E13E
E164
E1C9
E356
E66A
E8AE
EA5B
EB5F
E9FB
E8BB
E9AE
E8EB
E628
E388
DE40
D865
D665
D545
D528
D7A3
D80C
D760
D898
D823
D8BB
DEC6
E40A
E651
EA58
ECB8
EB56
EC7A
EE80
EC2A
E7FE
E27E
DC33
D90F
D9DC
E258
F098
F957
FEDE
0362
FEA0
F7F1
F63E
F42F
F612
FA2E
F8AF
F737
F499
ED27
E971
E991
EA57
EE3F
F144
F273
F5E3
F998
FBF8
FE82
01B4
0392
020B
0081
004B
FE96
FDEE
FFA8
008D
00ED
01E0
030D
04A7
0556
02CB
FE3F
FC2E
FCDD
FEF6
04C9
0B2B
0D4F
0C8B
084B
0234
FD0D
F59A
EEF4
ECC4
EB9E
ED88
F12E
F2F0
F776
FC8F
0035
05BB
0574
FE4A
F859
F237
EECB
F1B0
F644
FE75
06DD
064C
02E1
00EA
FB63
F765
F950
FAF8
FD4C
0476
0953
0A17
0D3E
0C7B
03B7
FC5C
F829
F65E
F82A
F87E
F95A
FB9B
F93E
F890
FBE4
FCA8
FE92
FFBE
FB7D
F7D3
F43C
F06F
F14E
F2B1
F33A
F41C
F15B
EDFB
EBBD
E856
EA00
F09E
F44C
F861
FEBB
FF3C
FB59
F956
F534
EF3E
ED92
ED0A
ED2C
F201
F554
F42B
F2EE
EFDA
EB48
E95E
E863
E669
E601
E995
EE56
F102
F429
F79B
F90C
F9DA
F7FA
F402
F1D1
EDE7
E9C6
EB40
ED78
ED2C
EE01
EFB6
F0BE
F231
F546
F7FC
F8DC
FAD7
FB89
F6A4
F141
EDC2
E8EB
E75C
EC79
EFEE
EE57
EE5C
EE3E
EAD4
EA5E
EA20
E792
EAB4
EDF9
EDA4
F1D7
F3D5
F176
F0CC
EB0C
E73E
ED6B
F06C
F1E9
F65D
F383
ECAD
E809
E6B7
EC2A
F1DF
F60E
FB12
F898
F3CA
F644
F99B
FD92
0415
06EB
0657
03B4
FCE7
F4E3
F0D0
F12E
F28C
F5DF
FCFC
03FB
0B53
12D2
1410
1179
0E92
06F1
FD0B
F77B
F69D
F7D9
F964
FBC5
FEB8
0184
05EF
0AE6
0E8A
1292
15C5
157A
1406
135E
10E1
0D08
0C25
0C57
0ACD
0A67
0ADC
0B1F
0C6C
0D2B
0E35
1056
1236
15CF
18CB
1A05
1D5D
1EB7
1E5C
2017
1E11
1BA2
1A4E
104E
05AC
013A
FD96
029C
0E61
1719
2394
2D76
29F4
236B
1CD2
14C4
1216
11C0
11F5
1540
15A5
1423
153D
1502
1574
185B
183E
1937
1E7E
1FAF
1DEB
1E70
1B7E
1749
1967
1B44
19A4
1AC6
1BB8
19AF
1A57
1CBA
1B79
17BF
14BC
13DA
14C2
14CF
142E
150B
147B
11D6
1127
0F43
0A26
0795
05D0
01F2
018A
0407
04BA
04E5
05AA
06EE
08C5
0A39
0B7E
0B71
06E8
FF74
F9F7
F608
F304
F4C5
F817
FB4F
055E
0E13
0E3F
1033
0C03
FBA8
F450
F784
FA99
022E
09A1
0CFC
0FBE
0E90
0E76
1148
0F8D
0E14
0CBE
0713
054A
0701
066D
0663
0657
0408
0053
FD79
FD29
FDFC
005E
0176
FDFF
FB25
F71A
F0B4
EF88
EECE
EDB3
F377
F782
F7FB
FB70
FBB2
F91E
F8E5
F8AC
F913
F9F5
FAAB
FB5D
F9B3
FA36
FE03
FE59
FD93
FDAD
FB5F
F966
FA2C
FCAE
FE4E
FD07
FC0D
FB71
F8B6
F6F7
F769
F76C
F52F
F147
EE42
EB56
E8C4
E98E
EB6B
ED13
EF63
F007
F0C0
F3E3
F6D1
F881
FA14
FD8E
0183
01E1
029D
0609
0734
081B
08FE
0565
0408
0752
06D0
06B2
0B75
0B9E
087D
099C
092F
06F3
07FA
05D6
01BA
04E7
0A28
0BBB
0CE9
0BFA
0849
069C
0557
00C5
FBAD
F947
F9C2
FC7A
0118
0874
0F55
116F
1418
1843
16D8
15DA
183C
1486
0EF8
0B6C
04EF
038F
08FE
0DA7
166C
2020
213E
1EFF
1BBB
1584
112D
0ECA
0CCC
0F2B
1590
1AC6
1C4A
1A3E
16FB
1451
0EA5
0904
0C9B
10D5
0DBC
0CB3
0AAD
0433
0254
FF17
F9A5
FD09
025F
0505
0952
0BFC
0C68
0A84
08B3
0A3A
07C5
039F
0215
FC7F
FB57
0378
0A8D
116B
169F
16AF
14DE
0D91
0507
01A7
FEF3
FE4A
FC3E
F4C7
EEAC
E7CA
E490
ED3D
F622
FCDE
047B
0578
059D
0725
039C
013D
FF94
FB58
FAF5
FBDE
FC1D
0196
0AFA
1468
1BB1
1F1D
1F7A
1B90
12A5
0AEE
0913
08BE
0954
0F20
147D
1706
1ACB
1851
0FB9
0AE0
06D5
03FD
057C
06EF
09F4
0A1F
03A3
025E
04B2
048D
0936
0CE9
0A9E
0B9A
0C4D
0697
015E
FDE5
F898
F636
F8EC
FAA2
FBAC
FEAE
005D
0440
0C7E
126E
168C
1920
184B
17F1
1528
0FE9
0E13
0B51
0A70
107F
13BA
13A4
14A8
119C
0C69
099F
09B6
0C81
0DB7
0E06
0F5D
0D7A
0BFB
0F2A
11CC
127E
1306
121E
1046
0FFF
1183
1240
131F
16FF
1A85
1C16
1F6A
2262
223A
243E
2967
2ADF
2957
2913
2610
2037
1D07
1BAE
1C25
1F84
22D0
26AE
29B3
2651
1F03
182D
117A
0D5A
0E2F
0FB3
0ED3
0F63
10B7
0E37
0AC0
070E
0186
FE3F
FBDC
F9D0
FC7A
FF3F
00DB
047F
066B
0843
0A59
095A
0A84
0B23
06BF
0494
0205
FA81
F467
F081
EEAD
F2E6
FA1A
FE25
002F
047A
063D
0192
FCDF
F7BF
F014
EA2F
E440
E02A
E0D0
DF35
DC27
DA4A
D761
D732
D70F
D53E
D8A5
DD1F
DF92
E2C6
E1F2
DF9D
E0C7
E144
E209
E57F
E945
ECD8
F0DC
F585
F87F
F7BD
F479
F098
F0AD
F4B1
F76D
FA05
FB10
F768
F372
F038
EDDE
EE18
EDFF
EE21
EE8B
EDDD
EF66
F087
F047
F311
F543
F655
F7E4
F61A
F4F5
F683
F653
F677
F6B5
F55C
F6B7
FCBC
0502
0B09
0E41
1073
0E4B
0AE4
0B67
0BDA
0D1E
1059
113E
117B
118F
1078
0EBE
0980
0415
005F
F9D6
F5D8
F677
F8AB
0346
1157
15E2
154B
1343
0B2E
011C
FBAE
FAA2
FC4A
0136
086A
0E65
12C5
1667
14C0
0C2F
063B
06BE
0589
05E7
0E2E
1306
1332
19D6
20AA
22A6
259A
25E6
212F
1B9F
15CC
1183
10E1
139F
1778
191F
1AA2
1ADD
14D4
0F56
0F29
0E1E
0DB5
10DF
1256
134D
188D
1CEE
1C81
1C1F
1C4B
1B29
1C62
1F82
2202
24F2
2620
2644
2863
28B6
273A
26A6
23FC
202D
1E6C
1DA2
1C32
19BE
19B6
1C37
1ACA
16E8
148D
0F9B
095C
07A7
0789
0582
061D
0AF8
0F17
125C
165C
176E
14DF
0FF0
0993
0545
0111
FB26
F79A
F4AF
F338
F864
FE85
0249
0710
097C
0953
0A6A
0950
0254
F839
F03F
EB65
E8E1
EDDF
F90D
FE27
FB94
F8DD
F55F
EF69
EAE0
E714
E096
DC33
DE56
E1A2
E3C9
E7F9
EA79
E654
DE9F
D7B7
D1FA
CD9C
CBDB
CC06
CD32
CF7E
D17B
D2AB
D3C3
D44E
D566
D6E9
D798
DA08
DE24
E0C3
E195
DF8B
DB26
D671
D06D
CC24
CCF3
CFF2
D567
DDA1
E42D
E8C8
EBDE
EADA
E722
E423
E29A
E16B
E0D2
E2A9
E48C
E3CD
E45B
E77F
E9D6
EB7F
EC6E
EBE7
ED67
F268
F852
FDE4
01B1
0253
00C6
FD80
F944
F5FB
F3F9
F481
F813
FB51
FE07
01FE
055B
0849
0B36
0B78
09C7
0711
033F
02EE
0610
06CC
0614
054D
0197
FD74
FB82
F85D
F3C3
F0FE
F0FE
F3CD
F861
FD96
046F
09C1
07F4
031E
0188
FFF4
FDCA
0125
0791
07A2
FF77
F657
F235
F01B
EEB8
F4B0
FEF6
0402
086B
0FD4
1245
10AF
0F2E
079F
FAEC
F359
F36F
F7C3
FED2
082C
11FB
1755
1465
0B7C
01CC
FAB8
F756
F7B4
FC63
03F2
085C
0811
09BF
0D95
0E19
0E6B
0F18
0A3F
05E4
0851
0A90
0B8F
0F85
128A
1272
103C
0BA4
08DF
08E8
07E1
08EE
0C9E
0CA5
0BFC
0F70
122B
1188
0ECB
09BE
0353
FCC7
FA75
FF62
03A6
0459
07A3
099A
06F0
0619
06BA
050C
022C
FF01
FC32
F93A
F776
FA75
FDFA
FE43
FF5A
0094
FF62
FDE3
FD54
FDB0
FC77
F81F
F4F0
F2C3
EF3C
EEA5
F066
EFFE
EFF2
F156
F238
F3F8
F622
F7A9
F8D2
F765
F628
F95D
FB7F
FBB3
FF15
0059
FE9E
00F5
02AB
00BA
005E
FE15
F8F7
F790
F840
F856
F99C
FAD0
FA9A
F910
F796
FAC4
03FB
0E40
144F
1431
0DA4
01A6
F481
EB55
E85C
EA0B
EC31
EE83
F282
F532
F72E
F9DA
F8DE
F6AD
F667
F30B
EF9B
F0C9
F30D
F84C
FF78
0044
FDC1
FB4E
F441
EF5E
F2F9
F52D
F336
F42F
F576
F52D
F896
FCF8
FCB7
F98C
F636
F2AB
EDF3
E96D
E6FF
E453
E21E
E3B3
E59E
E616
E79C
E8BB
E944
EAAA
EBDF
ED32
EE75
EF00
F028
F0CC
EECA
EB3A
E91F
E98F
EA3C
EB2E
ECDA
EC75
EC27
ECBE
E994
E784
E9E8
E8C6
E59D
E540
E217
DD82
DDDF
DFE7
E11D
E2AB
E17E
DD12
D966
D7A9
D81D
DB6C
E05C
E5E7
EAB6
ECCC
EBB3
E7D1
E438
E397
E38B
E484
E78B
E7C8
E566
E295
DD4A
DA82
DD37
DFC8
E458
EC71
F017
EF5F
F08F
F2B5
F357
F451
F663
F4B1
ED52
E708
E4BB
E401
E7B3
F028
F647
F82A
F92C
F86A
F58D
F4ED
F6C2
F720
F731
FB40
03B0
0BC3
0EA2
0E55
0E0A
0AF1
05C3
04C6
08AB
0E28
142E
1978
1C15
1BE1
1A25
189E
17E0
1651
1454
145E
151D
15FB
18A4
1954
17B5
18B2
1894
16ED
19A1
1A0B
16EE
1C1F
246E
25FA
2719
2771
218C
1F06
273A
305A
2FB8
284D
21F1
1AF7
13DA
183B
265F
2FA3
3384
338A
2A7C
1F5E
18D5
1688
2191
3567
3DAE
3CC3
3958
2AE8
195C
1188
0C9A
081A
090A
0C8F
11E4
1B29
24E4
2A33
295E
2535
20F1
1BF2
16F8
13FA
12AF
13F9
1723
18A3
18F2
1891
14B5
0F58
0BB9
082E
0659
0974
0D9D
1022
12C9
1291
0DA8
0972
0770
050C
03A2
020F
FD16
F8FC
F889
F7A1
F75F
F914
F74B
F328
F140
EEA8
EBDD
ECF7
EF75
F166
F372
F285
ED52
E83F
E670
E517
E233
E1DE
E468
E55E
E642
E7B7
E680
E66D
EA96
EEE4
F23C
F487
F2E3
ED0F
E4C5
DD54
D999
D790
D6EB
D97E
DC1A
DCDE
DDF4
DFD4
E2DD
E66D
E909
EBB8
EBC6
E630
E04B
DC91
D7F6
D445
D362
D4FA
D899
D95B
D66E
D593
D5DC
D53F
D653
D63F
D2C6
D097
D0BF
D15F
D361
D569
D49B
D27C
D1AD
D001
CB1E
C72E
C7B5
C98E
CB26
CE67
D1DE
D2AD
D1E4
D226
D2A8
D1F8
D22B
D29D
D059
CDF3
CBB8
C62C
C148
BFC2
BEA2
C086
C533
C796
CAEA
D04C
D273
D30C
D482
D5F8
D90D
DC0E
DCCF
DCE0
DB6B
DA71
DCC2
DDC5
DDFD
E1E7
E550
E71C
E9D6
E90F
E579
E4BD
E579
E73B
EB30
EDBF
ED90
EBBC
E98A
EA24
EBD7
EBC8
ED58
F02E
F0D1
F29E
F806
FD25
FF49
001C
01BA
02DF
034B
06B1
0C09
0E21
0D02
0AF3
0847
0632
06E2
0B04
0F74
1112
11E5
132B
13A0
1587
1977
1BCF
1CB9
1E14
1F10
2082
241D
27D3
27FB
24CB
2185
1E17
19B4
176B
1714
169E
197F
1F8C
2360
25B6
287A
29CD
2A72
2B4E
2A67
2730
23F8
238B
2464
2414
2556
273F
25D6
2543
2814
2A9B
2D56
2FED
3045
30A7
3068
2F48
3153
339F
334F
3334
2FB0
27AD
222A
1EA5
1ACF
1965
186F
16B0
1686
167B
16B1
182A
18A6
19FB
1D59
1E4A
1C19
187E
13E9
114E
116B
1229
1391
1460
1393
12FF
121B
1072
101D
0FD1
0D87
0B88
0B55
0B36
0ACD
0AE8
09D1
0679
02D4
FE86
F916
F635
F62F
F639
F760
F97A
FAFE
FD25
FEAC
FE56
FDE2
FBDD
F798
F307
EDE2
EB82
EEC4
F1AA
F229
F391
F30D
EF30
EC60
ED00
EFD1
F0F7
F04C
F25E
F4B6
F400
F57C
F94D
F8ED
F3A5
ECC9
E745
E367
E062
E1B8
E6D5
E99A
EBD6
F01A
F2B4
F4CD
F7EA
F8F5
F884
F7D1
F6DE
F68F
F4CF
F2AD
F351
F202
ECC1
E875
E635
E706
EB9A
F1D9
FBD4
064C
091C
08A1
08E6
05EB
0490
0861
0BC1
0E8A
0EEF
0825
0079
FC66
F89E
F982
0298
0BD7
0F72
1007
0F86
0CD9
0AD7
0DC1
0FE9
0B35
06AB
0699
05C7
067D
0C17
0D5B
065C
0287
06BB
0AF0
0D52
1118
1219
0FDD
1112
149A
1660
16DF
14C6
1192
10CA
0FD6
0F4F
11F2
13C8
14BB
165D
1466
11AD
136D
1654
1909
1A40
161E
1091
0D4A
0BC9
0E2C
10B1
0F28
0E0F
0C52
07F4
06B6
058F
0051
FE76
0084
00D3
019C
0382
043A
04EB
0523
0452
0306
0011
FD12
FC2E
FB9F
FB83
FD08
FEBD
0038
01B8
0290
024B
0071
FEBA
FFE8
02CF
0554
07DF
0A0C
09BC
05FF
0066
FAD9
F678
F4E9
F5E8
F75B
F9E1
FCEE
FD18
FB9A
FB4B
FBBD
FD76
FF9D
FF91
FEE3
FF19
FF0B
FF98
00F9
0199
00FC
FEC6
FC53
FBEF
FCC3
FD86
FD80
FC19
FC1E
FF69
03A7
078B
09EF
0940
0643
0191
FD5C
FD53
FF6B
007D
012E
0028
FD22
FB65
FBFA
FEE3
02E2
04B5
0567
0641
049F
023C
0288
047C
0728
08AE
0697
0311
FF98
FBA5
F962
F906
F95C
FC11
0067
0457
0939
0E49
1150
1349
140E
127C
101A
0D2C
0946
06D3
057F
0294
00D0
027D
044F
07E2
10B5
1742
1498
0EF5
0CF5
0D68
0EE8
11BC
12A4
0D24
0586
037A
0317
0043
008B
0109
FD4F
001F
0B1F
128F
176B
1BEB
192F
1248
0E21
0BC2
0B91
0DC2
0FEA
11FF
12A1
108C
0CE0
0789
0357
0258
00C3
FFE0
0290
0511
0843
0D6D
0E23
0AFE
097E
0772
0390
FFE3
FCA5
FB95
FCD2
FE28
006E
0316
042E
0513
05C2
0524
047F
0388
01BD
0144
02A2
0377
023A
0063
FF27
FD18
FB2B
FAC6
F91F
F80F
FBEB
0019
0194
03C5
048B
0366
065C
0B0C
0A7E
0675
0299
FE7C
FAFE
FA79
FB63
FA3F
F8DA
F9AA
F934
F703
F658
F53C
F464
F85A
FCE9
FD7D
FDAD
FDB8
FB60
F94C
F8B2
F84B
F8D8
FA91
FC2F
FCC6
FC42
FC49
FEF2
03F1
084F
0985
07FA
0526
0327
049E
0733
0689
045C
0280
FF99
FDCF
FE58
FE61
FE98
00EA
03F4
06B7
087B
0858
07AA
07BD
079C
0634
04CE
0578
0781
0B29
116B
1403
0EF7
099E
0734
054F
06F9
0AD9
0A83
080A
07A0
0906
0BF2
0EC7
1044
0FA9
0ACF
0617
069D
07C9
0880
0C87
0FEE
0FA2
0DDB
0B4C
09D4
09E7
0A4C
0D46
1059
1077
1231
125A
0C42
0824
0639
00AB
FED3
016E
FFD1
FCFD
FC02
FAB9
FC4C
FFDD
0262
05DD
0873
0A6F
0FD0
1402
156D
185F
192C
1781
17BE
1525
0EEB
0A7A
050D
FE12
FA8B
FA3C
FCBB
011F
03C7
05ED
06F0
03F2
02AB
0486
02EE
0034
FEC6
FA72
F79E
FACA
FD44
FCC5
FD2C
FD86
FD60
FEC7
0106
03CE
07A5
0AAD
0BAD
0B00
0888
04C6
0082
FC88
FA3C
F8C1
F715
F795
F9B7
FA8F
FC0A
FDF5
FD7E
FF4D
04D9
072F
070F
06AE
0095
F835
F60A
F724
F7E9
F9A3
FA3A
F7D7
F3E3
F175
F2C0
F402
F3A8
F55B
F613
F544
FA46
0108
01FD
011F
FEC7
F8FF
F55C
F4DB
F58C
F8B3
FB3A
FC5E
FF48
013B
0263
05BB
070E
0624
0672
0473
00B5
FF58
FC70
F6B8
F37F
F356
F387
F390
F447
F4DF
F364
F415
FAE3
0096
01F1
0458
0472
FF9C
FD73
FD0B
F8BC
F602
F818
FA57
FCC9
0026
007E
FE47
FE4B
006E
01DA
035C
04A9
02AF
0055
025E
04FB
04D9
04FC
04EC
02EB
014F
FFAC
FCCE
FBD9
FD57
FEE0
00F8
03C6
0557
0581
0594
063A
076D
08D3
09D8
09DE
0940
08A8
07B4
0709
07A0
075A
04F2
026E
FFD7
FCBD
FC52
FFA6
0366
0688
0A39
0CDF
0CB9
0BA4
0B5F
0B2A
0B36
0C31
0C4A
0A10
0752
0690
07DB
0942
0A2C
0AC7
08E6
04E8
035E
0414
03E7
03DE
038E
0102
FE9C
FE5D
0021
0327
03FC
029B
0216
0021
FD4E
FDF8
FE69
FD56
FFBD
0233
029F
06BC
0BC0
0C5A
0B05
08B4
063E
05A0
044D
026F
00F3
FC6F
F843
F8B2
F98A
FB4B
0015
02C1
02AF
01B9
FE35
FB8F
FB57
F9F2
FA2B
FC83
FB41
F883
F786
F5E8
F56B
F730
F790
F669
F552
F5CA
FA09
FEC3
0058
0169
015B
FD5D
F930
F6F3
F3A1
F08D
F081
F1AF
F43B
F986
FC8D
F9F0
F6F0
F622
F519
F60A
FAD5
FECB
FEC7
FC65
F918
F512
F0FC
EE9E
EDB9
EC10
EB1F
EC67
ECDB
ECD2
EF4F
F2F5
F6C1
FA7E
FC4E
FD65
FE68
FD2A
FB68
F9F3
F6BD
F536
F797
F9F4
FBAE
FDB7
FEB9
005A
038B
053F
055F
0635
068D
04FB
0488
068B
0686
041A
0435
0561
049C
0410
0252
FD65
F90F
F729
F7D0
FB41
FEA1
01EA
05BE
0649
04EC
04E2
0478
0613
09D9
0A17
0929
0813
022E
FE61
0195
0486
08DE
1225
179E
1512
0F20
0A35
0920
0A68
0D06
1101
1112
0E44
0E7B
0CD1
0878
0854
07BB
04BC
074F
0B85
0B9A
0C2A
0C48
0A3F
0A79
0A4B
0729
068E
07DB
0706
069A
0689
035E
FFD6
FFDF
0217
0464
0615
066E
067F
07D5
0931
094F
08BD
0747
04BA
01CC
FEFD
FD85
FE2A
FF92
0037
FF20
FC7F
F9C4
F772
F76B
FB08
FD01
FA75
F860
F746
F4B2
F3E9
F614
F814
F8AB
F798
F5FD
F47A
F179
F010
F272
F2AB
F060
F128
F24A
F112
F1F9
F501
F651
F6B7
F792
F705
F45D
F172
EEFE
ED5C
EE88
F137
F1EB
F1A9
F19A
F102
F147
F18E
F17D
F581
FB1B
FC40
FBA2
F953
F26B
EE9A
F2CE
F810
FA84
FAAA
F735
F23D
F127
F49B
F651
F2DC
EF69
EDE7
EC2D
EED9
F6A6
FC64
00A4
053B
05A9
0371
0153
FD5B
FBA6
FF86
03CC
0685
0840
06A5
0404
0461
057E
04AC
039C
0402
048B
03C9
029B
0173
00BB
02B2
0645
070E
03F6
FDF6
F65D
F164
F337
FB27
03BF
0837
098E
099D
07A7
0624
0777
0819
0625
03A2
004F
FC03
FA0A
FD68
04E5
0C0F
10B9
1337
126C
0FC1
0EDF
0D94
08EE
0468
01D5
FED3
FC6E
FD60
0066
02D1
03C6
0337
0185
FF88
FDAD
FD0F
FF16
01E1
029C
021F
01F3
021F
028E
02BE
02EF
0306
00DD
FDAF
FC0B
F9C6
F7DF
FA39
FD7F
FF5F
0320
079E
0AF0
0E32
0EE0
0B13
060B
03F9
06CA
0A59
0A5F
0995
072A
012B
FF51
024A
0165
FF99
0156
017E
0172
050A
07C7
07C9
06EA
049C
01DC
FFD2
FE7A
FF7E
0258
04E7
0747
08FE
0A64
0DAE
10E5
100B
0B82
065A
02D6
01AA
034A
07CA
0BD2
0C5C
0BD9
0C1A
0B5A
09FB
0937
0803
063F
0454
016A
FEA9
FE75
FF4D
FE98
FE14
FEF5
FE8D
FD9B
FFA5
0301
0522
07C5
0B38
0D05
0BBE
07C9
03E8
01E8
0042
FFD7
030C
0741
09D8
0C75
0F0A
0FEB
0FDE
0EFB
0B57
05D3
0282
02F2
055E
0977
0EA4
1045
0CA4
08C4
0749
0699
07BE
0B15
0CF9
0DCF
112B
1460
13E9
12D2
1261
0FFC
0D13
0B2D
082D
054E
0519
0666
093D
0D7F
0F18
0CE7
09EE
070D
04F7
0632
0B79
1374
1B48
1DEF
1829
0D48
0421
FF6C
FE8F
0311
0B30
0ED9
0BC8
07F3
05F7
04BC
056E
09A1
0FAD
1183
0B09
011B
F895
F088
ECBC
F146
F671
F5B2
F3ED
F4A4
F69C
FB3F
022E
0602
0423
FFC2
FBF6
F8C7
F680
F6E3
F994
FC3D
FDC7
FD59
FA67
F6EB
F4D8
F4DB
F829
FCB6
FD40
FA31
F873
F894
F9AB
FCD8
FF36
FC83
F848
F7E4
F91C
F8ED
F91F
F87F
F38E
EEAF
F062
F59D
F964
FCD0
FEDF
FBFE
F763
F618
F6C9
F7DE
FA08
FB55
FAA2
F91A
F4D4
EE3E
ECA0
F204
F8B2
FF9D
07EF
0C5F
09DE
056C
022B
FE5B
FA56
F742
F3AE
F0D4
F249
F5A1
F610
F541
F57E
F47B
F28E
F26A
F2A9
F1DD
F14A
F0F1
F18F
F4DC
F882
F9FA
F9C6
F68D
F093
EC76
EACB
EA01
ECC8
F251
F58F
F65C
F631
F45B
F1F6
EF73
EBFC
E9BB
EA24
EB60
ECE1
EF17
F104
F1F1
F22F
F188
EEC5
EA47
E747
E75E
E96D
EDD1
F52A
FD45
02F4
04AB
0364
006A
FB1B
F4D5
F14D
F064
F031
F1E1
F597
F94A
FD23
00D8
0188
FF35
FCDA
FB17
F997
F935
F9D0
FBAD
FF62
0272
03FA
0679
0896
08C0
0AA5
0DEA
0E1C
0CE6
0CDC
0B70
0805
0533
03C6
032B
0341
0493
06F5
0860
085E
086C
0661
FFEC
F995
F6D2
F4A5
F3FD
F7C2
FA70
F956
FA7C
FD35
FD96
FF90
0365
04D5
0667
0986
09EE
060B
FEE8
F74A
F28C
EFCD
EE98
F094
F388
F522
F633
F7A2
FA28
FC70
FCA3
FA74
F2B3
E6DF
E068
E040
E31F
ECE8
F979
FE20
FB54
F4FF
EC38
E467
DED4
DC05
DDDC
E133
E349
E579
E6BB
E749
E8B7
E73D
E0FF
DA65
D5E7
D404
D679
DCB5
E3DE
EAA1
EFBA
EFCB
EA72
E448
DF6B
DB4A
DA2A
DD77
E345
E8D5
EAFF
E9DB
E7CE
E3E7
DFD0
DF96
DF97
DD34
DCFF
DD71
DB27
DBC3
E084
E2DE
E3A4
E625
E676
E44D
E438
E392
E02C
E055
E493
E5EE
E4EB
E5D0
E718
E81D
EC24
F1DE
F36A
F153
F174
F289
F1E4
F4B0
FA23
FA13
F5D0
F257
EEF1
ED67
F193
FA64
0149
0047
FB86
F8BA
F59D
F583
FD1A
0573
0B8D
100C
0D71
07C3
0518
00BB
FFA3
07A9
0D1E
0CCD
0E93
0E7C
0ADC
0C2D
1211
1561
15ED
1737
170A
1185
0AB7
065E
02BB
0469
0EDA
1985
1F21
20C9
1D03
15A0
0F49
0BA4
0C23
1060
1550
18BD
1988
1942
191A
181F
193A
1C6B
1B46
162B
1047
087C
0421
094D
12D7
1991
1B33
1722
0D09
FFCC
F97B
FFC1
0A8B
1412
1C71
1DE6
164D
0C2A
0312
FD51
FDA3
0122
0457
0812
0D29
123A
1470
1211
0C4C
055C
FE72
F8D5
F88D
FF97
083A
0DE1
119C
1162
0AE4
016D
F859
F128
ECB7
EC2E
F0E9
F6FC
FBA5
02DA
093F
0A4A
0C80
0E46
08BD
0209
FA9B
ED41
E41F
E4F6
E7A1
EB83
F1ED
F557
F607
F883
FB2E
F8C4
F114
E9C4
E3DF
DD1F
DA1E
DDCD
E3B5
E9BF
EEE6
F009
ED87
E8FD
E265
DB76
D6E3
D583
D696
D9CA
DEC3
E39B
E6E8
E739
E3BB
E0B6
E021
DE58
DCDE
DCB9
DA12
D887
DB35
DD7F
E0BF
E6B2
EB37
EFA7
F448
F408
F086
EE0A
ECDF
EBC7
E8EE
E61C
E442
E02F
DE1F
E1FB
E509
E6C3
EBB1
EF56
EF01
EE95
EED8
EDAD
EB8D
EC7F
EFF7
F103
F297
F5A7
F331
EF2E
EEF6
EC91
EA61
EE02
F22D
F478
F5B3
F549
F5C0
F6C8
F8E7
FD15
FBD0
F6E3
F63A
F2D3
ED80
EEE4
EE2D
EA77
EDA8
F03F
EF01
F0CB
F01E
EC87
ED04
EDE6
EDE9
EF0C
EE0A
ECA7
EC82
EB81
EBF9
ECCB
EC79
EF7B
F2C5
F2E5
F4A4
F479
EE4D
EB30
EE40
F05B
F108
F39F
F635
F683
F72F
FA1C
FB01
F79E
F45F
F247
EF6B
F028
F749
FEB8
03B4
09B3
0DE8
0C4D
0A12
09E9
0798
0482
03C2
0274
000B
FFE8
01FB
041E
0779
0DE0
1340
143E
14F8
14C7
0F79
0B5F
0D36
1064
1392
1680
182B
1B65
2060
263C
2B09
27C2
1DE5
13BC
0819
0117
05BA
1047
1E4E
2AFE
2D2E
2B33
2756
1CD7
184A
1B9F
1A74
1B48
1F42
1CEB
1BB3
1CEE
1A14
199C
1A9A
1A84
2049
2590
2602
285B
26C8
2022
1C93
1847
14C1
17F9
1BCC
1F5C
227F
1EA5
1902
159F
1114
1055
12AE
1300
1605
19C0
1A4C
1D9F
2212
237F
23EB
2072
19F4
151D
0F57
0B27
0C10
0BD4
0B43
0EC3
101D
0D0C
0AA9
08C8
061D
0642
0B5E
0FED
0E06
08B7
02D4
FB43
F730
F936
FB65
FD73
0056
FF71
FD42
FE3B
FF3D
01F0
092E
0DB5
0C6F
09C5
0462
FD30
FA32
F94A
F845
F955
F7CF
F3E4
F476
F49D
F290
F5CC
F6FA
EFAC
EAB3
EA76
EA46
EE0B
F671
FD75
FCA4
F467
EE96
EA6E
E2F7
E378
EAF2
EC28
EFCF
F95E
FB75
FA3E
FAF7
F698
F0DD
EE4D
ED79
F027
F279
F228
F263
F04C
EE86
F0D4
F10F
F254
F717
F594
F1BB
F240
F211
F642
0179
0940
0CAB
0C16
03B0
FAB1
F5FA
F343
F5B1
FCCE
02E8
079E
0CCB
1028
0D01
07C0
08B0
090D
05E1
0996
0E44
0D55
12C6
1B15
1B0E
1ACD
1BB3
170D
124F
0ECF
08F0
0535
0691
0D17
1870
23C8
2BD4
2EDC
2B76
263F
2155
1A2F
14FE
153F
1684
17C8
1BEB
2026
20DD
2157
232D
2126
1CEC
1E56
232D
263C
293D
2A69
2594
1E93
1B68
1B47
1B93
1F4A
26AB
2A74
2AEE
2B46
24DD
1AC5
1897
1AA3
1CFD
229E
23F9
1D7D
1734
13D0
1442
18C3
1CD1
2048
2125
1B84
162A
13F0
1052
0F6D
123A
12E9
1366
14F3
14F3
1528
14B0
10D7
0BF9
0708
013F
FDEE
0061
0575
0831
0A5E
0CD5
0ACD
08F4
0E82
147C
163F
1772
1549
0ED5
0A66
09E8
0B61
0C5D
0B30
0967
07C1
074D
0A62
0E87
10A6
0FE1
0B8B
07DF
077C
072B
0851
0C0F
0F5E
13F4
19DB
1D35
1D7C
199A
1382
1029
0D82
0C0A
0F78
12FD
1584
1A8C
1DD5
1E2F
1E5F
1D2A
1CAC
1E4B
1F30
1F99
1F2B
1E82
1FDC
1FD6
1EBB
1ED1
1B61
1817
19D9
1955
1870
1C1F
1C68
195A
172D
1233
0E65
0E8D
0E43
1080
1380
121A
12CC
14C9
110B
0CB0
09A2
04F5
02F1
03E1
0419
0358
019A
0247
0711
0B94
0FB0
121C
0DF3
07FF
04BA
005B
FC9E
FC6C
FCB2
FDA7
0025
00C3
FECE
FC8F
FB95
FC99
FDF1
FD2C
FAB0
F7A8
F472
F319
F444
F408
F177
EF9E
ED16
E939
E850
E9B2
EA90
ECB6
EF4A
EF1C
ED28
EC1E
ECDD
EE15
EFD0
F214
EF8F
E82F
E2E4
DDFB
D9A4
DD3C
E2A1
E34D
E543
E47A
DBD6
D585
D57C
D75B
DB56
DF79
E014
DCB0
D818
D6C6
D652
D46C
D517
D43E
CFA5
CE7B
CCAC
C860
CADE
CE8E
CF90
D6D4
DB61
D4F1
D01C
CE7A
CA71
CA2B
CD9B
CE51
CD43
CE9F
D3BB
D89B
DBCD
E08F
E1CF
DD8E
DC48
DC22
D9D3
DC08
E085
E412
EABF
EE9E
EC18
EA89
E8CF
E556
E62B
E8F5
E911
EA25
EDB7
F0CD
F353
F7E7
FD7C
007D
032A
06B8
063D
045A
054D
0414
0285
05DA
085A
09AE
0EBD
11C9
111E
124B
12AC
1272
17B8
1D96
1E71
1EC3
1E0D
190D
14D6
12D1
0E2A
09C8
0AAB
0DB8
1060
14D3
19A3
1A8E
1973
1975
1628
0F81
0DF3
0FBC
10A7
17EA
2174
2217
20EF
20F2
1A47
13D9
1225
0EFD
0F32
13D2
1593
1728
17BF
13D9
11E4
110A
0ED3
10A4
11EA
0FD9
105D
0F10
0B8A
0C0B
0AE5
07F1
088A
0732
0543
06E0
0647
04EA
04A4
0206
0225
03E5
01C4
01D5
01E3
FD65
FD71
FFA6
FD45
FDED
0058
FEC4
FE3D
FE19
FC54
FC9B
FDC9
00C7
0584
0524
015B
FC38
F1B6
E912
E709
E539
E752
EFC5
F51F
F646
F66D
F354
EF17
EC48
E9E0
E8E3
E8DD
E8F2
EA3A
EAA3
E95B
E88F
E67D
E1BA
DC2F
D5EA
CF9D
CBAD
CAA1
CCD2
D1C6
D74B
DCFB
E1FC
E413
E45E
E395
DFED
DC3F
DBEC
DC23
DBCA
DCF0
DE53
DF8C
E176
E1CB
E113
E1AA
E171
E0B2
E20C
E382
E588
EA8F
EEBC
F037
F1C5
F17D
EEFA
EEE0
EFAC
EE17
EEBB
F29E
F397
F369
F64D
F5DE
F187
F2E7
F6E6
F6AA
F999
017A
0749
0E18
1625
1668
1065
0B2F
0677
02D2
0285
03EB
062E
0AC8
10FD
1624
19D2
1CBD
1D38
1BB6
1AB7
17C4
11EE
0D98
0B96
0C30
10E0
15EA
19FD
1E65
1E8D
1AAD
183F
1557
129E
167E
1D7C
1FFB
1F4B
1E43
1AFB
163B
14B7
14FB
12DB
11F6
12DE
10BC
0FC1
11CC
115E
135E
19B0
1B3F
1AA3
1B12
151A
0CA5
0898
0544
0412
06C7
0871
088E
06FE
03A6
0191
FDD1
F89D
F7DA
F803
F8BA
FEFF
03C5
047B
0630
0397
FEF5
00A9
00DF
FE9C
01C6
00D3
F8C7
F66C
F6CB
F48C
F897
00F2
0370
0307
04EA
061C
0473
023E
001C
FC3C
FA0F
FDB0
0138
00F7
024B
03D3
028F
047E
0837
06FF
0642
095A
0A6C
0C22
11E0
1480
13A4
15A7
1739
1545
14A5
155D
14EB
15A7
16E8
1709
18EB
1BA1
1D49
2019
20C1
1DE5
1FA6
249A
25D3
281E
2B37
288D
2608
263A
2317
215C
243B
25DB
2849
2CD2
2DCA
2CC0
2D0D
2E52
3183
3437
3531
366D
340C
2F44
2E7D
2D19
2A5C
2CCF
2E32
2B8C
2C72
2D5E
2C14
2EC9
30AD
2EC5
2F9C
30E3
3071
3153
2F41
2A64
27D7
2444
2073
1FCE
1C88
1852
19B5
1B77
1C5A
204D
21BC
1FFF
20CC
20C4
1EF6
1FD9
1FD8
1CE5
1A5C
165E
1195
1075
1089
10AE
130E
135F
10A4
0FAD
0E3F
0AFF
0A53
09D4
073B
0743
0884
075E
078A
0951
08DE
0703
0476
00D9
FE9B
FF36
01C6
03C8
02F4
016C
00AC
FF58
FFC4
01D4
010B
FF87
FEDE
FB12
F74D
F63A
F189
EA4D
E6BB
E460
E292
E551
E98A
EADB
EB70
ED12
EE4C
EFAE
F2F3
F4C1
F137
EC78
E9F5
E640
E278
E278
E336
E382
E738
EC7C
EE0A
ECC2
ECD2
ED89
ECE5
EEB5
F325
F426
F4B1
F7FA
F651
F199
F102
EE70
EADD
EE96
F25D
F1FB
F429
F63D
F633
F7FF
F98C
FB82
FEB3
FE63
FE93
0133
FF7D
FEF6
0367
03BB
02B8
04C7
02D6
FFAC
0021
FFDA
00AF
03FE
0654
09E0
0D30
0DFC
1053
1134
0FB1
1186
10C4
0CAE
0F4C
1283
123B
16EF
18AA
1132
0CD7
0C8A
0C51
11F8
19C5
1C80
1A65
1312
0C2A
0AB1
0930
09ED
0FF9
117D
0F63
11D1
1305
10DC
1109
10D3
0E73
0DD7
0F21
108C
10C8
104F
10A9
0F13
0C28
0C9A
0C73
0971
0946
093F
066E
0781
0AD0
09B5
07A5
077F
0776
08E6
0C6A
0F5E
0EE2
0AF0
085A
0855
07CC
09BB
0D17
0880
FF65
FB77
F8C2
F5DA
FA09
0148
0456
0760
0B55
0A60
067E
04FC
03FE
01A6
0118
01BD
FE86
F93A
F7C7
F88C
F98A
FE7A
040A
03C1
0243
0345
0267
013F
0333
0478
03F8
03B5
027B
0086
FE65
FB53
F958
F866
F67C
F5DB
F626
F4D4
F522
F77D
F890
FA95
FDF9
FF22
FEED
FE07
FBAF
F9E3
F801
F4D2
F256
F030
EF14
F193
F4B2
F6CC
F988
F99D
F71E
F6C3
F616
F3A8
F43A
F655
F5F9
F520
F4D6
F33E
F0F6
F061
F119
F01B
EDD4
ECB9
EBCC
EC09
EF6A
F22C
F37A
F56B
F3E2
EFE6
F025
F11C
EF0C
EE17
ECFA
E963
E74C
E76E
E811
E9A8
EADD
EA5C
E8B8
E73A
E86E
ECF2
F3A6
FB1E
FE93
FB8C
F485
E9BB
DE7B
D96F
D8EE
DA1E
DDF1
E0FE
E33E
E7D5
E99C
E78C
E7A1
E7E8
E715
E862
E850
E58E
E3ED
E256
E15A
E2D8
E31D
E25F
E2C7
E0B7
DCE8
DB72
DB41
DCB8
E1E5
E8DD
EFCC
F616
FAB8
FC3E
F8E4
F29F
EC32
E4E9
E08B
E27F
E3FB
E2AB
E43B
E6FF
E948
EFC6
F7EA
FB07
F96B
F547
EF2D
E87F
E386
E230
E39A
E602
E93D
EB87
EC1B
ED0C
EDA0
EDB8
EF46
EF43
ED1F
EE5C
F145
F1CC
F3E2
F774
F6CC
F3E1
F37A
F401
F41B
F6CC
FB9F
FC80
F88B
F546
F356
F21A
F62B
FE2C
03A4
06D9
0770
0248
FC65
FABF
FAD9
FCE5
00E1
00A8
FB75
F78C
F6BB
F76C
FAFE
021C
0801
0823
0581
041D
020C
0047
03B1
08E1
09BA
090B
0955
0795
054A
05FF
06B8
04B5
02DF
0337
053D
0967
0EE5
12EF
14EB
14DC
10B3
09AD
049F
0259
01B5
03E3
0684
05D1
04F9
06E6
0907
0B53
0DB8
0C1A
07AE
04F5
02F7
022C
05B8
0AC2
0E00
10CE
11BB
0E36
0982
0734
0547
01E3
FF82
FED0
FDD1
FF26
0426
067D
051F
04BB
0246
FCD3
FB9E
FD55
FC83
FC3C
FC94
F91E
F430
F0D3
EDC0
EB3B
EAF9
ED12
EEBF
EE37
EECE
F06C
EFE9
F216
F789
F735
F2BD
EF34
E6F3
DD1E
DB9E
DDCA
DE6A
E167
E502
E655
E96D
EFD0
F5D8
F7D9
F58E
F17C
EB2A
E335
DF15
DE78
DEA2
E2FA
E899
E943
E989
EAFD
E906
E8CB
ECF9
ED86
EAA9
E8E1
E484
DFEC
E42B
EEC3
F68F
FA29
FB75
F904
F39F
F053
EF73
EC73
E90F
E9A5
EB7A
ED8F
F3D9
FB0D
FDE1
FFF2
034D
0416
0297
006A
FC19
F82A
F8BB
FCB4
01B6
0506
0320
FDE3
F92C
F547
F5D1
FE36
0747
0A98
0BA4
0B26
0614
00B0
0083
0304
03CF
03AE
0451
0326
FF9C
FF8A
036A
0488
042E
0686
0699
03F1
0594
088A
0714
05CB
06DB
06A8
070E
09B5
0A2D
0747
04FC
0487
0390
01AA
0120
01A9
0188
036E
08BA
0C81
0C4F
0956
0319
FCA7
FADD
FBCA
FCA3
FDD4
FD7B
FB97
FB34
FAF6
F9B8
F9FB
FAA8
FABC
FCEE
FFD7
00A1
00E8
009B
FEAD
FD67
FCF7
FBDD
FB0F
F9E5
F78C
F686
F6FB
F738
F89B
FAA1
F9CE
F6E4
F5D9
F752
F88B
F868
F8B6
F8C7
F67D
F51F
F6D7
F680
F326
F195
F0BD
EED0
EF88
F277
F3C4
F47D
F59C
F56D
F437
F2FD
F28C
F3C0
F58C
F825
FC0C
FCF5
F9ED
F754
F31A
EC8A
ED14
F5A2
FC2A
FF30
005D
FB4D
F2CB
F006
F324
F6A6
F959
FB9A
FB51
F77B
F26F
ED9F
E964
E8D3
ECB8
F1E0
F81C
FD51
FBC2
F779
F777
F7E7
F7E1
FBCF
FD9F
F93C
F7C6
FB91
FE24
0071
0365
01A6
FCAF
FB1D
FC18
FC41
FCC0
FDD9
FD9B
FD3C
FFD0
0485
06F8
063F
0670
07CF
063D
031E
00D7
FB81
F46E
F349
F6A0
F8DA
FC1F
015A
0344
0141
0153
0524
077A
0715
0668
016E
F810
F489
F6B1
F69B
F7F7
FBE9
FBAF
FAFD
FD40
FCA9
FAFD
FB83
FAB9
FAF1
FD28
FB5C
F898
F9E9
FA63
F8B8
F82F
F6C9
F43D
F491
F7F4
FA37
F8BA
F63E
F599
F5B9
F891
FF35
02DF
0295
041F
049A
01BC
00C0
FF93
FB2C
F9F2
FC63
FD26
FEB3
0212
02A3
01F3
0336
0445
0537
07BF
0990
0981
09B4
0A78
0A04
07BF
0531
03BD
0336
04D7
099D
0D39
0C6F
0B16
0B94
0C64
0F2C
1520
1A39
1BE5
1BBD
1A1B
162C
11E7
0FB4
0E07
0B15
0938
0A1E
0C13
0EF9
13A8
17F9
19FE
1ABE
1AEC
19CB
17F3
1709
16FD
17AD
191E
183B
1422
1109
0EF7
0C90
0D9E
0FE0
0E4F
0ED7
13F4
15FA
1516
1541
1399
1014
0DD7
0C52
09FA
067E
04DC
072A
08E8
09DB
0CF4
0C23
06E6
050C
02E8
FD82
FC43
FE0E
FF6A
0400
087A
088F
07EB
0708
05A3
05D0
04FB
022D
FF33
FAAF
F650
F506
F5CB
F9A9
FFCB
02A0
0170
FE37
F935
F499
F1EF
F281
F78C
FB6A
F998
F64C
F27A
ED2A
ED2B
F49F
FA6B
FA11
F764
F2E3
EC67
EAF0
F148
F7DA
FB11
FC0C
F8B8
F3E4
F23B
F192
F3AE
FAE1
FEF3
FCD5
FA40
F706
F38D
F4C7
F9EC
FE60
FEFB
FC3B
F9AD
F751
F67F
FB88
00DC
0136
01C5
0121
FC30
F953
F826
F57E
F658
F954
FB9D
0182
0735
07CA
078E
0529
FE99
FA78
F9BA
F9C4
FD48
02ED
0615
0547
FF67
F75F
F3C8
F614
FD47
0910
136E
14A2
0E1C
06D4
0130
FDB7
FEFC
02ED
0437
03EA
0568
06DF
06AA
0715
0848
06FC
054F
0837
0A89
07F4
0884
0C42
0CB2
104E
1598
0FEA
0642
01EC
FCEA
FB82
02D5
08F7
0C3A
0F7D
0D8C
0924
0735
058F
06A1
0B6E
1012
1400
143A
1058
0E07
0B56
07BD
0827
079F
0599
0974
0D2A
0D26
103C
10DF
0AA0
066C
0582
04F9
0756
0AA7
0CC1
0EA5
0F08
0F48
101B
0D9A
0995
0725
0270
FC27
FB1A
FED6
0186
043A
0A9F
0FBA
0FA9
0F5C
0DA2
0622
FF80
FD43
FB70
FD2B
0408
09D9
0C80
0CE5
0BF5
0B4B
0985
06A6
036E
FEFD
FEE0
04AD
08E5
0DE1
13ED
0FA5
05AC
FFCD
F864
F2EB
F677
FAB5
FDF9
0362
05A3
073F
0A20
07C7
03F0
00E5
F9A3
F55C
F810
FA82
FDBC
00A6
FD07
F7D5
F432
F053
F11C
F4F0
F601
F6B2
F58B
F14E
F0A3
F32E
F65C
FBBF
FE0B
FC4A
FC84
FA98
F615
F6E3
F731
F263
F2C0
F86C
FC22
0164
0733
0445
F9A7
F088
ED68
EFAA
F71F
03BD
0E22
0E51
0943
0468
FC53
F4E2
F521
F8C4
FDB1
07BA
11E2
1622
1746
172F
148C
10E2
0F41
0FCC
0F5B
0E50
1017
11AE
108A
1129
12C1
1254
13FE
167E
14A1
12BA
1419
1514
15D8
182E
19D1
18E5
17AB
1915
1A59
19AD
1C2E
1F37
1CBC
1C12
1EEA
1CAC
1ABF
1E2D
1EE0
1E9D
22C7
261B
27C8
2A0F
29EA
2698
214E
1D35
1D1E
1C88
1C47
20E7
22AC
200C
2103
20A3
1D85
2031
242E
25C3
296E
2916
2174
1971
1185
0A30
06FF
077D
0D2F
15AB
1A80
1E1D
2006
1BFA
187A
165D
0FB7
0B98
0DAC
0F0B
1154
15AA
15A7
120D
0ED3
0B82
08AB
07FE
0992
0B2E
0B82
0CD9
0D99
0A6F
0785
0692
03C9
00B0
FE59
FA42
F6E8
F6BA
F783
F881
FAC0
FD4D
FCC7
F900
F5D7
F215
ED05
EC92
EEFE
EFFA
F3DA
F75D
F54E
F54C
F790
F5AD
F464
F467
F067
EB7A
E86E
E75C
E8A9
E997
EC38
F105
F0C6
EFCC
F3A7
F393
F178
F510
F69D
F3FC
F317
F0DC
ECD5
EA08
E752
E631
E67D
E80B
EE8F
F395
F19F
F02B
EE2E
E8B3
E912
EE56
F133
F5B3
FAF2
FBCB
FB44
F918
F379
EF32
EE39
EF26
F0EF
F130
F033
F001
F1D1
F6E6
FB97
FC1C
FBDA
FBCD
FA2C
F9A7
FA23
F957
F9EE
FC43
FCBC
FBC9
FB55
F98A
F55A
F285
F303
F3E5
F543
F83E
F9B0
FA35
FC56
FDCC
FE8D
FE58
FA07
F49E
F016
EB5C
EC93
F383
F802
FB94
FE33
FC11
FB35
FCA0
FB88
FB20
FA33
F6F0
F6BF
F6CE
F63A
FA63
FC24
FA1C
FC9B
FD01
F97D
FA0C
F8FF
F665
F895
F847
F7CC
FD81
00C4
0444
0B21
085F
0083
FC73
F4DD
F0F4
F759
FBF2
0035
076E
081A
0634
05F2
0232
00A3
0285
0380
0907
0E3C
0C5C
0BE5
0AB2
045C
0269
0256
006C
051F
09DE
0816
0908
09C5
066F
08A5
0DE4
0FC9
122C
1238
0DD3
0A4B
068F
0396
04FB
055D
047D
070E
08B2
09BC
0F8C
14B6
1502
13E2
10AE
0B74
08BA
0991
0C7A
0F03
0ED5
0E00
0D72
0B8F
0B8A
0E93
0FFE
1036
1111
0F7A
0D08
0D98
0EE3
1051
12FA
12E3
0FB8
0E4E
0E59
0E11
0EDD
0F72
0DA3
0B9C
0C15
0E8A
1106
1302
14B6
14CD
131D
120D
11D5
113A
119E
1348
12E6
0F75
0CD8
0D38
0E1F
0F16
10FA
1026
0C0F
0A6E
0B6C
0BD9
0D9E
101B
0F3E
0C7B
0B17
09F2
068F
0244
0116
01A5
00B4
016E
02AA
FE7A
F9AE
F8EB
F75A
F6D1
FACA
FD83
FDD7
FEE6
FE32
FAF8
F708
F2B6
EF98
EDD0
ED10
EF0B
F1A2
F27E
F31F
F2C2
F174
F153
F0CE
F018
F11F
F127
EF31
ED2D
EAC7
E86C
E695
E52F
E63E
E993
EDAE
F1A8
F1B2
EE2C
EBA4
E95F
E907
EE0C
F2E6
F487
F5DF
F65C
F7BC
FAF6
FBFD
FC2D
FB94
F753
F4E6
F489
F248
F4F2
FA18
F88A
F6BB
F53C
EE05
EBC0
F2DA
FAE3
0416
0B48
0A01
0407
FB47
F410
F5CA
F942
FAD0
FFF9
0144
FDD9
00C3
0593
089F
0EEE
11E0
0F1A
0C68
079D
0560
0AB5
0D9F
0D75
0ED9
0A61
048D
0801
0C89
0C5B
0C34
0A3E
0630
0541
0978
1280
1A7C
1BF7
1BE9
1ABA
1326
0CA0
0D34
0D0D
0B15
0C75
0CFB
0B07
0D48
13E1
1969
1B70
18E6
1314
0CBF
0721
0511
06BA
07E2
0A70
0F30
0F11
0C8A
0DA5
0CF7
0B64
0DB8
0C68
079F
0724
05FD
0361
0445
024B
FE20
000A
03F8
0746
0AC2
0823
0115
FB52
F5EE
F596
FB74
FFE3
0467
098F
096B
06E9
0330
FCF4
FB70
FCAD
FB3A
FE08
01CE
FE54
FB95
FBA7
F8AD
F727
F87E
FA48
FEAD
0171
005E
0054
FE7E
FA81
FAB4
FC06
FBEE
FE41
002A
FFC8
FFE9
FE4A
F996
F47E
F0EB
F11D
F421
F7B7
FD5B
02FC
0628
09BC
0BCE
0A24
0991
0929
053D
01BC
FF47
FB02
F8FC
FC69
01FD
0692
0956
0A24
08C5
06C4
07A6
0AAD
0BF9
0C23
0CC7
0C6C
0ADB
0A29
0BD9
0E92
0FD9
1088
10B6
0D50
08B9
07D3
08BD
092D
0A14
0A38
08CF
076E
06BF
0734
08B9
09BC
094E
0740
0405
0095
FD69
FC0C
FD54
FF14
00F8
0440
07CF
0AE2
0BC2
0839
0486
0390
0143
FFA8
02EE
04C1
012E
FCFB
F911
F4FB
F429
F637
F81D
FA80
FECB
03DF
075A
08BB
0907
060D
FE63
F788
F561
F507
F510
F64F
F73A
F6E7
F72B
F9D6
FDA1
FF1A
FEE2
FFE7
FF68
FB25
F779
F5DD
F46F
F5A6
FAA1
0022
04A8
0659
0232
FA46
F374
EFE7
F00F
F337
F7A2
FBA9
FD94
FD0E
FBBD
FA97
F9BF
F9D3
FAC5
FB6A
FB48
FB2D
FB29
FAD3
FBF6
FE9A
FED8
FD24
FD2F
FCF8
FB44
FBA5
FD32
FDE1
00FA
06CF
0B09
0BA0
08C4
03A9
FDEA
F8D8
F6D8
F860
FB77
FFEB
03A2
0332
00DF
FE8A
FB59
FB1E
FF40
030B
05C1
0822
08B2
0898
07C3
0517
02E3
0037
FB66
F83E
F73D
F7BD
FDFF
0739
0C23
0D96
0BFD
0566
FE8E
FBAE
FBEC
FE21
FF56
FE25
FCD7
FA55
F6CF
F763
FAA3
FB32
FAAD
FAF4
FA2A
F9B1
FBA2
FDAD
FD34
FB3E
FA70
FAE3
FB30
FC31
FCD2
F963
F531
F650
F9EF
FCE6
01F2
0720
08A2
0884
0655
FFFC
F9D3
F698
F52A
F79B
FD0B
005A
0141
0111
FFE2
004B
01BF
00DB
FF7C
FFBE
0081
0256
045F
03FD
024F
0148
0239
0651
09F7
09F0
0898
0589
FF7C
FBAA
FCC6
0017
0599
0C90
1149
1324
1259
0DC9
06CD
003A
FC65
FBE4
FC6C
FD8A
FFED
0001
FD2E
FC4A
FCA8
FB95
FB9C
FC1E
FA49
F937
FA8D
FB61
FBD9
FD25
FE5C
FEA3
FC17
F709
F391
F1AF
EFD7
F0E6
F303
F138
EFF0
F301
F52C
F5EB
F8CD
FA2A
F884
F97A
FD2D
FE21
FB5C
F824
F634
F482
F333
F380
F270
EE16
EB36
EB73
EBAF
EC72
ED64
EC7D
EC9A
EE99
EFEC
F22C
F4D9
F4FF
F5FC
F8FC
F968
F7E9
F66E
F351
F07A
EFDF
EFC4
F0E9
F3BF
F5E1
F7FD
FB4D
FE50
014E
044A
0445
00C7
FCBF
FA0A
F94C
FACA
FDA6
FFA3
FDCF
F7F5
F1C3
ED4D
EA79
EB76
F081
F583
F9D6
FE47
FF81
FE1A
FE30
FDD6
FBD8
FB90
FB39
F87B
F724
F89E
FB50
0029
063B
08E3
053F
FE87
FB2F
FC06
FED4
04C8
0901
040F
FCA6
FA83
F964
F977
FDB3
FEF2
FAE0
F958
FBB3
FE7B
0247
0640
06F5
03DA
FF6D
FC94
FBD9
FB24
F95D
F765
F5DE
F4BF
F410
F42D
F52A
F606
F5E0
F54B
F534
F66D
FA13
FECF
00FD
0055
FEB0
FBF1
FAB2
FE27
01D9
01EA
0113
FED4
FAB6
F9C3
FB27
FB06
FCF0
0180
0460
06C8
08AF
0635
02DF
047C
08E4
0B98
0BA3
093E
03A3
FC86
F9D1
FC40
FE59
0128
06D1
09E6
0B75
10F8
1477
121A
102E
0E6E
0ABB
0A59
0C63
0BFB
0B96
0BF6
0A83
0933
090F
0898
08A3
09F4
0C67
0E9C
0E62
0DE8
0E67
0BED
0769
0319
FC24
F5CC
F504
F66E
F9EB
00FA
0579
0571
0466
0283
0123
0127
00EA
01AC
0173
FD0C
F95B
F894
F78F
F742
F6DC
F469
F27C
F160
F168
F3E7
F4EA
F4B8
F652
F5A8
F495
F758
F773
F51B
F68D
F75A
F779
FCE6
0254
0191
FC81
F616
F0FC
EE1D
EF71
F62C
FA2E
F8F3
F9B8
F8B6
F3D9
F459
F7D1
FAF4
0467
0D8C
0E1F
0CB8
09D4
02E4
FE49
FD04
FC3C
FD71
0057
03AC
0591
045D
02A2
FF8A
FB0D
FC91
01AD
0357
065A
08E1
0387
FE38
FE6E
FE36
FF6D
0495
0740
052D
016F
FD67
FAA4
FB02
FE72
0358
0891
0CCA
0C47
0674
0001
FA98
F665
F639
F8EE
FBB8
0046
059A
06D6
0458
01C0
FE3A
F976
F895
FBAD
FD1E
FF2C
03DE
046C
01E1
0174
FE9A
F97F
F80B
F87D
FA0A
FD24
FE63
FFD2
01E0
FFBE
FCEB
FC34
FA66
FAAF
FE92
0227
0445
0182
F9E1
F32F
ECA3
E843
EAB5
ED35
EEEF
F511
F93B
FB98
00D5
01B3
0077
0344
0234
FE8D
FCD8
F5E8
EEE0
EEFD
EE73
EE3E
F20E
F2E1
F160
F105
F03D
F0EB
F1AB
F28B
F7D7
FB14
FA33
FC2B
FAC3
F52C
F64B
F910
F990
FEBC
01CB
FDE9
FA94
F72F
F39F
F436
F682
FAAE
FF64
FEF9
FE8A
FEE6
F86E
F362
F625
F74F
F787
FA55
F8E9
F593
F749
FADC
FD49
FF80
021E
053C
07CB
0AD5
0CA7
0770
0073
FF40
FE90
FE8A
037A
04D1
00EC
00CC
018E
0054
0254
0438
03F3
07CC
0D26
0E57
0DDD
0C88
0978
06E5
04F7
02E9
011A
FF8D
FFC0
01C2
0372
0565
0762
07F8
0967
0C26
0DF5
0F25
0FA7
1004
1153
1025
0D4A
0DF3
0ECC
0EB4
12B6
1497
0F77
0CC7
0E8F
0F8F
1265
15DD
13DB
0F20
0CAB
0C06
0C2A
0D73
1015
1260
12A2
1111
0C7B
05B5
01CB
0157
02E8
07E4
0D48
0F3E
0EC1
0B99
06DD
037E
0005
FCCB
FBB0
F91B
F4FB
F364
F331
F37D
F52F
F5B9
F3D9
F17F
F0FF
F2F9
F43A
F34F
F193
EE0D
EAF7
EBA6
ED09
EE6B
F08F
EF2B
EB48
E7A3
E12E
DACC
D7ED
D51A
D502
DA16
DE4D
E0CF
E2FD
E1E2
DEF3
DC21
D889
D5D3
D3D6
D1DD
D202
D38B
D5EA
D9BD
DCDD
DF7F
E0E1
DDE0
DB1D
DBE0
DC3B
DDE6
E171
E228
E359
E77C
E968
E8C8
E67B
E0CF
DA87
D6D2
D66F
D87E
DA3B
DD21
E20D
E4F0
E849
EE0D
EF73
EDD8
EF2B
EFBD
EE27
EDBE
EDCB
EE52
F035
F2B6
F56E
F5D9
F395
F204
F102
F1EA
F7F6
FEF7
0369
06E0
07D1
0621
047A
0217
FFC2
0011
01C1
0326
03DA
0340
0235
0385
0956
1049
12D9
1151
0CB7
0619
03E2
06E9
0A1B
0E49
1238
12E5
13F6
1468
120F
1284
143D
1348
13D9
139F
0F92
0DE6
0ED4
1018
147C
1966
1BD6
1C90
1AE8
195B
1843
1592
16D5
1A3F
1771
147F
1434
0FE9
0E54
12E8
1422
1385
149B
127B
100E
10B5
0F88
0BFD
08B4
060B
0553
0742
0AC6
0CCD
0B58
0A9C
0CA8
0E3F
1062
1368
138C
1201
10B3
0D5F
07D9
01DF
FD1D
FB56
FC66
FEF8
0053
FF19
FEDC
FFE8
FF1C
FE26
FC1F
F6CE
F3D1
F442
F34E
F352
F4EA
F3F9
F2DD
F379
F2D0
F0D9
EECA
ECC1
EA7F
E769
E5B1
E653
E6CC
E831
EB21
EC91
ED9E
EF00
EE1F
ED0C
ED5C
ECDD
ED7E
F0AD
F2CC
F360
F4C0
F53E
F2E1
F0D4
F0BF
EF21
EDAA
F097
F333
F3B3
F74B
FA50
F994
FACC
FB9B
F80F
F6D6
FA66
FF01
02E4
0332
FFD5
FBC6
F8C7
FBC1
0494
0AE3
0DD3
0ECE
0AA8
0645
0671
074E
0957
0D98
10DA
14C8
18B5
173D
1233
0D50
0922
0852
0B5C
0F84
13A8
175D
1B63
1F7A
20AF
1FDC
1EC9
1B24
16A7
15A0
15DA
14BE
14F5
1755
1925
1B4A
20D4
26A9
28D2
29B9
2963
24D5
1F05
1AAB
1776
1760
199D
1C07
1FA8
2267
2314
2366
1F5E
173A
1203
0E32
0B02
0E1A
140B
1902
1F8D
2320
2106
1E39
1964
11A2
0BBC
0753
0471
05B1
07DC
08E1
0A12
0A24
0913
06F5
0372
0273
0372
022B
022C
0460
0374
01E0
01CD
FEF4
FBCE
FB25
F8D5
F694
F78E
F7B5
F781
FAA5
FD7B
FD34
FC0C
FA17
F749
F652
F792
F81D
F6ED
F668
F67E
F4CB
F3C7
F4C3
F3AB
F2A1
F541
F6A4
F692
F871
F7D7
F623
F975
FD0B
FE26
FFAF
FD68
F78F
F507
F44C
F2F5
F329
F3E6
F440
F527
F85B
FEE2
02D7
0160
FF94
FBC4
F5DD
F4B5
F43F
F15F
F1B9
F1A8
F148
F70A
FACB
F9A6
FA3C
F6B1
F182
F44A
F610
F535
F908
F860
F3B2
F54F
F63F
F51B
F801
F7F1
F49F
F385
F100
EF9E
F1BE
F238
F456
F944
FC1E
FF96
0251
0188
0299
029D
FF85
00E9
024E
FFF5
025E
0580
03BE
041E
040E
FF25
FD93
00D2
0364
05E8
08DE
0A02
0892
0653
04DB
01D5
FE62
FFB8
02D9
0428
066A
0664
017A
FEA3
FFC2
0153
04BA
09A0
0CA0
0F63
1421
160C
10F3
0A48
0669
0249
00B4
04E3
06FF
0621
0955
0C6F
0C2A
0D6C
0CC9
0733
0444
065E
0898
0A55
0D2F
0F36
0E2F
0C61
0AA4
04F7
FDD4
FBB7
FC64
FDCB
02A6
07CF
0949
08DA
0879
07E5
04CD
FF98
FC2D
F977
F877
FE6D
0562
080B
0B86
0B94
0456
FEDF
FB4F
F660
F6AD
FB3F
FFA5
05BA
0A47
0AB0
0837
0214
FDF6
FE9D
FEC3
0311
0AB2
0971
052E
043D
FD7E
F71E
F91B
FA05
FBBC
037A
0748
05D9
04B6
0130
FCD0
FC2A
FFF2
067F
0889
050B
02D8
FF67
FB7E
FE59
004A
FD3B
FF04
0209
00C5
0367
08EC
0B1D
0D18
0E53
0C37
08EF
0400
FDE8
F8CB
F45A
F40B
F8F1
FDF6
045D
0C0C
0CCB
0787
027C
FC22
F692
F794
FBF5
FF41
036A
07F6
0852
053C
0354
00E6
FC1F
FAA2
FBEE
FAAD
FC38
0267
0525
066A
09C2
0999
088F
0A39
0736
FF9A
F95D
F394
F043
F21F
F5E4
FAD3
FF29
FFF1
0135
027F
FEF8
FC0D
FDBB
FF59
00C1
0321
0366
00F2
FDD5
FB26
F6F5
F0B1
EEC5
F22F
F495
F877
FE6B
FEF7
FF08
0393
044E
036D
05F5
034F
FD89
FD5E
FB66
F4ED
F37F
F67C
F92A
FE05
03C7
0455
FF70
FA66
F719
F3DE
F281
F455
F699
FA03
FFA5
03F9
06C7
0905
0791
01DB
F9E2
F19C
ECCD
ECAD
EFB2
F464
F80A
FB27
FEED
FF6B
FD98
FD03
F9D8
F4E2
F339
F289
F306
F702
FA4D
FCDF
0089
017C
FFDB
FC48
F5BB
F1D3
F204
F2AB
F6C8
FC36
FCD6
FC0D
FA4C
F595
F31A
F12A
EC6A
EB1A
EC7B
ECDA
F18C
F90F
FD16
FF83
0044
FCBF
F770
F29F
EF34
ED9B
ED6E
EFA9
F255
F35B
F57F
F625
F21C
F037
F1F1
F2C6
F5D8
FA7F
FB6B
FC05
FDE4
FD39
FC06
FB26
F758
F288
EF95
ED46
EB96
EC9C
EFF8
F2FE
F5D5
F8A4
F722
F25C
F05B
EFC0
F005
F437
F6BD
F5A3
F6EB
F6B3
F270
F107
F04F
EDBD
EFE6
F4FA
F788
F878
F5CC
EFBA
EBAA
EB14
EF28
F708
FCBC
FFE5
0125
FE11
FAF7
F92D
F4B1
F2BC
F5CD
F7CC
FA0B
FD26
FBBE
F87F
F792
F82B
FB34
FF18
015B
02F3
0270
00A5
00CA
FFF6
FE31
FEBB
FDDA
FB68
FB59
FB3C
FB47
FDAB
FF16
00A4
049A
0735
0900
0B4E
0ACE
093B
08A6
0700
06CB
0996
0BA4
0CA6
0DFF
0E55
0D61
0D5E
0F93
1138
1161
13FB
1710
175C
197A
1BC6
1972
1853
18A6
1586
14AC
15DD
1281
0F80
0EFF
0E2D
11D4
1875
1C72
209D
2356
2256
22AB
220C
1E61
1D82
1D76
1BD5
1CE9
1E1E
1D16
1CA3
1B54
1A49
1BE1
1D0E
1F3D
231F
23D3
23E3
24A3
2167
1E9C
1F14
1D67
1C14
1CE0
1A8E
175F
1698
163A
1761
1986
1AD0
1D94
2065
20C3
2023
1C72
15CE
11B6
0F4F
0D11
0F10
1334
1394
116B
0F8A
0CE8
09E9
09BE
0B70
0A86
08EA
0ABB
0D15
0E67
109D
1128
0F94
0F7F
0FF5
0F7C
0F13
0DFA
0BDD
08C4
0500
0270
FFAE
FCD6
FE91
0224
042C
09D6
1085
1189
1163
1169
0CEB
0700
0316
00F0
01E0
03F8
057C
07F9
09A4
09C4
097A
067B
0267
0071
FE41
FCF0
FEB3
002C
026E
07D9
0B91
0BB4
0B2C
09A9
0650
02D9
0116
FF52
FAE4
F7C6
F941
FBD4
004A
06FE
0909
06F9
04F2
00EC
FE74
FFCF
FE84
FC3D
FB54
F5AC
EF42
EE91
EE6D
EECE
F3E4
F932
FB5D
FCA6
FE45
FEBD
FCF2
FC67
FCED
F99C
F76D
F79A
F111
EB2D
ED7A
EDC1
F185
FF71
04EC
009C
FFE4
FA97
F1BB
F1E5
F2B1
F037
F240
F403
F3FA
F5A8
F481
F2BE
F383
F315
F518
F992
FADA
FC8F
FDB6
FB67
FC9E
FE89
FCCB
FF22
0202
0021
00AF
00CF
FD73
FD76
FD1B
FB5F
FEAD
006F
FF8D
02A0
0231
FD42
FC51
FC4E
FD8E
036D
07FA
0B54
0D37
080F
030C
0182
FCD8
FB9C
0031
00E7
002F
0101
FED0
FCEE
FD67
FE41
00B5
0155
FEF8
FD34
F9D6
F70B
F81F
F7A7
F818
FC05
FBB5
FB10
FEA7
FE8A
FE29
019E
010E
FF63
002A
FE09
FCF5
FE57
FCBF
FAF4
F84E
F428
F5B4
F819
F5E9
F577
F3A3
EEF6
EF7F
F182
F2F6
F86A
FB90
FC14
FDBD
F968
F39B
F368
F06A
EE32
F278
F234
EFAC
F2C6
F2FC
EF71
EE16
ECE1
ED60
F0AB
F51E
FC0E
FFA4
FDA0
FD73
FBA6
F685
F63D
F5F1
F15A
EF78
EE44
EC43
EDF4
F00F
F27F
F6CC
F74D
F643
F691
F385
F065
EF08
EC4B
EDED
F30F
F490
F67D
F8F6
F89C
FAB1
FDB3
FD3D
FB9A
F79C
F434
F576
F52F
F518
F923
FA27
FC12
037D
0692
0709
0888
0304
FAC4
F4EE
EEC2
F039
F85D
FD02
0340
0901
0717
0740
0876
0439
0421
0487
FF4D
0144
0606
01FE
FF05
FE2C
F992
F95C
FDAA
0057
02C8
0347
0265
0290
0072
0003
038E
0411
054E
088B
0458
FEB5
FDFD
FA51
F73E
F944
F7BB
F48B
F62A
F7CC
F880
FB28
FDDA
001A
0217
0354
03E6
013D
FB72
F5FA
F0DE
EDE0
EFE3
F354
F5BE
F882
F92C
F5CA
F1CC
EFF7
EFA3
F0BE
F455
F842
FA74
FDA5
00D7
FF90
FCD4
FAE5
F5CE
F00E
EE5F
EE20
EDCE
EEC8
F0A6
F327
F538
F5D4
F5C8
F3A8
EE7E
E965
E6D3
E708
E93F
ECD8
F193
F3EB
F21A
F07A
EF58
EC4E
E9BC
E79A
E596
E690
E818
E904
EC29
EDB5
EC92
ED01
EC40
E992
E803
E56D
E379
E42A
E47E
E742
EB19
EA55
EB87
EF0D
EDEC
EFB8
F4B6
F3AA
F2D7
F307
EE33
EC62
EC9F
E979
EBC3
EF87
EE8D
F2E2
F6DA
F2EC
F25F
F237
ED91
EF8D
F568
FA86
035B
06E5
038C
0188
FA67
F28A
F4EE
F7D4
FA56
019C
025F
FF39
00B9
FF55
FEE8
0444
070A
0BAD
1272
1176
10FC
11B7
093B
0378
04E5
025D
0328
090D
0976
0A2F
0D42
0CB4
0EE4
139B
14FD
1732
186E
1612
152B
13C6
1229
14D7
16A5
16B8
1780
137C
0E6E
0E3E
0DBA
0F47
15AB
1A4C
1F6A
258F
24BF
206A
1B84
1231
0B3A
0AC2
0D0D
1440
1CA3
1FCB
21CD
21C0
1D84
1BCF
1AA5
164F
14B6
144C
125A
13E5
166F
167A
165E
1445
11CA
1231
1162
1118
1337
10A4
0C8A
0CA7
0AF6
093A
0BF9
0D23
0D55
0E8A
0B66
0842
0882
05B8
0339
0383
FFB7
FBD5
FBFD
FA3D
F8AB
F9BA
F97F
FB64
FFAA
00AF
0197
022B
FD59
F850
F520
EFD1
ED46
EFDD
F27E
F4A4
F572
F2A6
EE9A
EB09
EA49
EE94
F365
F6E9
FB62
FDB1
FE57
0161
0287
FFDA
FDF6
FC1E
F9F7
FA9E
FB7C
FA1B
F8D2
F73F
F4EB
F50B
F7BD
F998
FA4B
FB3F
FB36
FAA9
FD0D
00DA
0277
037C
03EC
01CC
0031
00AD
0147
026D
031F
020F
0132
0067
0068
03CB
0778
0985
0BB6
0BA0
09CB
0951
0740
047C
0457
0309
019D
03D0
04D4
041B
05B1
0716
07D9
0A4A
0CAF
0E1D
0DFB
0D1C
0E9C
0ED5
0BF3
0B88
0A3F
05A5
0732
0DFE
11E8
1570
1857
160B
1170
0D82
0B21
0B35
0C19
0EB0
12E3
1454
14A0
15AB
13DF
110D
0FB7
0DB8
0C2B
0C03
0DBE
12D8
165E
1693
17C5
163C
1201
124E
138A
13C9
1812
1B7F
1BED
1DB2
1C8E
1876
1612
121A
0E3D
0DAB
0C31
0CC2
11D1
1666
1BD5
1F2F
1A33
1444
1024
09F4
08ED
0D0B
0E3B
0F0D
0F0B
0B8F
0A71
0A85
08E4
0995
0992
0785
0850
08C5
084B
09CA
07EE
0434
046E
042B
0355
04FA
04A5
037A
0454
02D9
FFC5
FDEC
FB62
F8D7
F743
F661
F713
F7A0
F852
FB1C
FCBF
FC71
FB27
F5AE
EE7D
E9C1
E563
E35D
E5E1
E8EA
EC6B
F091
F119
EE47
EAE9
E901
E9AB
E99E
E8D6
E986
E68E
E0DB
DFEA
E000
DE3B
DFD1
E1E4
E121
E1FB
E457
E5DB
E747
E7C1
E6CC
E45B
E112
E0B7
E1FA
E0FE
E192
E491
E58A
E711
EA35
E968
E5C3
E39E
E1F8
E18C
E508
EA63
EE5C
F0B6
F1E7
F1A1
EFF6
ED7E
EA73
E7ED
E8A4
ED1D
F1C4
F42A
F5BF
F665
F43B
F21A
F339
F489
F4CC
F6C8
F8D7
F9C9
FCE2
0099
00AC
FDAC
F8D4
F2F5
EEAC
EDD0
F0BB
F520
F770
F8D4
FA9A
FA6F
FA2A
FC50
FD88
FD4D
FE9E
005C
0169
0247
015D
FE6E
FB3C
F897
F7AA
F89E
F9D7
FB95
FE55
00BC
0265
030D
01B4
FF15
FC51
F9F9
F9E0
FC5B
FE80
FE5E
FC53
F94D
F6D8
F5CB
F531
F48B
F47E
F599
F87A
FD12
01D0
0510
05DE
03D4
FFE8
FB9B
F7AE
F500
F43E
F4E5
F6A0
F8C8
F99D
F9BA
FB27
FC56
FB9C
FA56
F7F2
F425
F2A2
F408
F5B5
F802
FA74
FB64
FC7E
FE37
FEEB
FF09
FECE
FE8D
FF30
FF54
FF35
FF88
FD5A
FA08
F8EF
F781
F6E6
F9CE
FB36
FAC0
FBFB
FB59
F96F
FA67
FA9F
F8CE
F7D7
F6F1
F756
FA0B
FCE3
004D
02B6
02C6
0478
05FA
04CB
0591
05A8
017C
FF0B
FD63
F88B
F58C
F4F6
F44E
F70D
FD23
0350
078F
0744
047D
021A
FF74
FFD8
03BD
04D0
02C3
000E
FC4A
FA24
FA82
FB40
FCCD
FD75
FB99
FA3F
F9F9
F980
F9B4
FA76
FB15
FB05
FAB5
FBC8
FC24
FA9A
F9C5
F6F5
F1A0
F107
F49B
F754
FA6B
FC6F
FB0C
F8FF
F7A1
F77F
F81D
F720
F6AC
F771
F6F7
F839
FABE
FA05
F8C5
F78B
F432
F285
F264
F283
F62B
FA1A
FC18
FF83
0077
FE3A
FE48
FDE1
FCB5
FEF3
0093
0078
0134
FF92
FC60
F9F2
F73E
F858
FDA3
0235
079B
0BFF
0AB6
085D
077D
06E6
08CB
0A28
088C
07BB
062A
0305
020B
0145
0017
010A
017C
01A5
036D
03BD
03B0
0568
066A
080F
0A67
0A14
0AC4
0DAF
0D01
0A8C
0A03
084E
06B2
0854
0912
074B
076A
0983
0AFB
0D42
105A
105B
0D8D
0C68
0D67
0E0A
0E76
0F72
0ED9
0B9A
0972
0A48
0B19
0BFD
0E99
0FE5
0F44
0F30
0E7B
0D58
0D70
0D1E
0CDD
0D6B
0CE7
0D7B
0EF8
0CC6
0A73
0B30
0ABF
0B68
0F9D
11AA
11A1
11CE
0EA0
0A10
0822
06E1
06D0
08E8
0A7E
0C31
0E48
0E55
0DCB
0D6E
0B74
0A04
0A5A
0A87
0B91
0D89
0E19
0E9F
0FD2
0F3C
0E03
0DC1
0C8A
0B10
0A92
08A6
0646
06A3
07EA
08CF
0ACC
0C14
0B51
0B65
0DF2
10FF
118E
0F5F
0CB4
0931
05BE
0720
0B16
0C10
0CFB
0EAF
0CD4
0A20
08E9
0684
0654
0AD9
0F42
12F2
16F8
17E7
1626
13C2
0EB2
081F
0361
FFD0
FE07
FFE9
02C7
0443
05C1
071B
0769
0788
0672
02E2
FF40
FD52
FC93
FD1E
FDF5
FDB9
FD64
FD0B
FC15
FBBC
FBB5
FB67
FC1C
FC62
FAEE
FA34
F9C9
F81D
F793
F818
F789
F6D0
F54D
F208
EEF0
EBAC
E8CE
E9B1
EBD4
ECCA
EFAD
F186
EEC3
EC5C
EA81
E65C
E508
E780
E9E1
EDE0
F24C
F3D0
F424
F1C9
EC28
E73D
E0ED
DADE
DBC1
DD6F
DC5E
DEFF
DFEA
DC7F
DE1B
E0D7
E003
E32E
E7B7
E9E4
EF01
F2D5
F15C
EEB3
E99D
E4C9
E522
E5C3
E7DB
EEA1
F274
F359
F509
F2A6
EF5E
F023
F099
F23F
F651
F7CB
F960
FC59
FC69
FC69
FCF7
FB37
FB67
FDDE
FFA0
03EF
09C7
0E29
13BD
1785
14E5
1055
0CF3
0A17
0A45
0DF7
123C
1656
1A1F
1C45
1C89
1B19
1751
120A
0DE6
0C26
0CDC
0FD9
13F3
18ED
1E2F
214E
22BC
2342
20AF
1C3C
17FF
12EC
0F41
0EC2
1008
1431
1864
18B7
19B6
1B01
1874
17CD
1937
1619
1287
113D
0E83
0D23
0F23
116F
1203
0FB6
0DF8
0E8D
0C90
0AEC
0BCC
071C
019C
04A0
08C0
0B76
10CA
111D
09FE
0270
FB7B
F6D6
F7D1
FC52
0303
0A3C
0E41
0E3A
0946
00F4
FAFF
F763
F3FE
F340
F454
F51C
F84D
FDC5
0120
0178
0036
FC1E
F4C8
EE08
EA3F
E8F5
EBA9
F23C
F977
FF0B
FF25
F92F
F348
EE98
EA59
EA90
EC92
EC95
EE78
F103
F23E
F5E7
F8F8
F94F
FB07
FB43
F889
F6C0
F3F2
F124
F1C2
F257
F403
F89B
FB30
FD36
FF5F
FC56
F7C3
F44C
EF86
F063
F7B6
FCDE
01E2
0714
0614
039E
039E
010D
FD59
FC0E
FB4C
FAD3
FC22
FFA0
0372
04C6
050D
04FF
01CF
FDB4
FB73
F8EC
F7BD
FB07
0015
0423
07D5
0B59
0CC0
0B39
092F
0665
0070
FACA
F835
F621
F5EA
F8D2
FB2E
FD93
01BF
04F5
06C8
077E
051C
00C5
FC94
F917
F73B
F646
F5CE
F6E4
F775
F5BC
F2F4
EF54
ECCD
EE0D
F0E0
F428
F905
FC34
FC73
FD2B
FD1C
FA01
F6C8
F449
F0CF
EDE3
ECFA
ED7C
EF65
F212
F439
F455
F041
E9F9
E6BA
E6BE
E7ED
EA6D
EB7D
E87D
E474
E16A
DF42
DFDA
E29C
E553
E8EC
EC9E
EDEA
EE13
EE0F
EC58
E9D0
E82F
E667
E3B4
E23E
E3F7
E763
EA7D
ED7E
EF69
EE1B
EB00
E8A6
E6C3
E538
E552
E6FD
E99E
EDCF
F34F
F803
FA7F
FAC9
F918
F64E
F407
F338
F409
F5C9
F7D2
FA4D
FC05
FBD7
FBCD
FCD0
FDBA
0005
03CE
05EB
06F7
08D4
09DE
0A33
0B17
0AC9
08E9
0720
05A5
0532
069A
08B4
0B02
0D53
0E41
0E26
0E65
0E88
0E60
0EF8
10A5
12E8
149E
157C
169A
1705
158B
1472
1435
12D1
11AE
11C5
110E
1082
11F8
1460
16D4
1895
1995
1AC6
1AD6
1A2A
1AE0
19A3
154B
12A4
1171
109F
131B
16CE
18C7
19F2
196B
1870
187E
15DA
11A8
0F9D
0D72
0CE3
10BE
141F
15C2
17D9
179C
14E1
1327
136B
14DB
153C
13FA
11B3
0CF9
093A
0A95
0C87
0D46
0E96
0CB4
085D
05E7
037B
017E
01C1
01D8
02BB
057F
074D
0817
091F
0BA5
0FB4
1156
10D7
0FA1
099C
028B
00B2
002E
0118
056D
080B
091F
0904
03F6
FDD5
F884
F35D
F448
F90B
FD99
0612
0C56
0BF4
0C53
0A71
0549
047E
02B4
FEC4
FF2A
FD93
FBB6
00CD
04AE
08E2
13C1
1ADE
1C1D
1B97
14DC
0CE0
084E
04A5
0701
0C64
0E44
132B
1780
1596
15FC
1548
1018
11D1
16FF
1931
1DE7
200E
1D83
1D78
1C12
1A34
1D0B
1D24
1B68
1CE8
1AB5
173E
18B7
1AB8
1E9C
240B
23C7
204D
1ABC
10F5
0ADC
09F7
09A8
0DEB
1534
19AA
1D4D
1E37
1924
12DF
0E60
0C15
0CDD
0EB8
1104
12C0
1154
1006
10A1
0F23
0C56
0940
02F2
FC64
F9C6
F94C
FA7C
FDDF
0088
0135
0139
0059
FE82
FCC4
FA78
F71F
F474
F2C2
F1C1
F392
F778
F9AB
F9F9
F8C4
F474
EE01
E7DC
E3B7
E1E1
E053
DF74
E11C
E2D5
E45C
E7CE
E926
E69D
E474
E1E0
DDBD
DCAA
DF81
E355
E803
ED09
F017
F052
EE82
EB2A
E64C
E1EE
E065
E09F
E21C
E5C9
E92B
E9FD
E93F
E6CB
E2A8
DF45
DD4F
DBB2
DB1E
DC39
DD63
DE21
E01B
E284
E3D3
E5B2
E825
E99D
EB64
ED37
EE10
EFFE
F21A
F25F
F253
F0FC
EE15
ECF9
EC84
EBF2
EDED
F06D
F2D8
F6F7
F892
F718
F688
F53B
F496
F8C0
FEF8
060E
0DE8
11C6
11E7
109E
0C21
0661
0202
FF9D
0253
08B9
0E66
142A
188C
1861
156D
10F1
0CA4
0B17
0A74
0AAD
0D2F
0F98
130A
185D
1ACE
1B38
1C03
19DE
16DF
16FA
1778
1827
1B2C
1EAE
2194
2426
256A
23F0
1EA7
179F
1178
0C40
09FF
0BAD
0DE4
1079
1488
177C
188D
183F
15D6
118D
0B5D
055D
0328
0335
0411
06DD
08C8
0921
0A65
09F3
0690
02CE
FE48
FA31
F8FA
FA1F
FEA5
04E6
0757
05FD
0212
FAEB
F439
F037
EE18
EEF6
F073
F00F
F054
F090
EF65
EF1A
EEAD
ED4D
EC47
E9FD
E7CF
E809
E835
EA1C
EF3E
F17B
F09E
F05D
EDF4
EA58
E969
E8E4
E879
EA6D
ED2F
EFC9
F27B
F4DD
F705
F732
F54B
F4C7
F529
F50A
F689
F8B1
F95D
F8E2
F5ED
F155
EF50
EFC9
F133
F487
F869
FA15
F989
F832
F6FD
F653
F6FF
F8D0
F9C8
FABC
FDBA
002E
0094
00F2
0003
FCF6
FB3E
FB32
FA63
F983
FA38
FC64
FF95
03FB
081B
07B0
026F
FD58
F9B6
F760
F9BD
FF4B
02F1
0516
0604
03C9
0070
FDC1
FAE2
F88B
F6DD
F5C3
F728
FA55
FD21
FFB2
00CD
FEAD
FA6F
F56F
F14C
EF6E
EE7F
EEC7
F19E
F3E0
F45B
F5F4
F72E
F68D
F711
F7C9
F665
F524
F407
F1BA
EFF5
EE85
ED7B
EF14
F189
F3D1
F75C
F888
F696
F65F
F649
F4E9
F61B
F784
F6BC
F6F8
F64C
F358
F1CF
F073
EE41
ED44
EB6D
E9D7
EB43
EC0A
ED24
F18B
F474
F67D
FB32
FD86
FD42
FD91
F960
F161
ECFC
EC27
ED7E
F16E
F59A
F948
FC0B
FD30
FF05
000F
FDD7
FBB3
F966
F57A
F45B
F4B1
F218
F047
F03A
EF04
EFC3
F338
F51E
F56E
F50E
F375
F2A2
F381
F4EB
F70B
F9AC
FC1E
FEFF
0268
056D
0717
067A
03B6
0025
FCE8
FADE
FB04
FD1C
FFCC
030D
06A8
0823
077E
0772
075C
067A
06F4
07BE
0756
0896
0B29
0B76
0A3B
08BC
0623
03CD
02F5
02F9
044F
06F2
09AD
0C66
0E73
0E25
0B2E
0645
0113
FE32
FE38
0025
045F
0A74
0FB3
12F3
14AD
1455
1205
0F30
0C5F
09C9
08EA
0B9B
1134
15C5
1724
1620
119B
0AD1
07A8
0814
0837
094C
0A23
07D0
05EC
0597
0489
0573
081B
097E
0B95
0D83
0D9E
0F32
1074
0F32
0F24
0E57
0B2F
09EB
07B7
0333
01F0
01CC
0198
056F
08B7
09C4
0D41
0E7D
0B99
09E6
070A
02B4
016A
01FF
050A
09E1
0ACD
0A49
0AC1
0877
0719
08E8
0A92
0EC2
1348
129B
10AE
0D4E
0668
02D3
027E
0251
05DE
094F
0942
0A0D
08E3
053C
057B
079C
09D0
0D5C
0DAA
0B46
0967
06CD
084B
0F3E
14DC
1A61
1FE6
1FCD
1CCB
18A5
1246
0E83
0CBC
0ABA
0C4B
0E55
0E14
0F19
0EF5
0DFB
0FD8
1007
0F2D
102F
0C55
0538
01CC
000A
01C4
0871
0E0A
12B2
1588
1218
0E08
0C34
08F3
07F4
0A13
0C27
1043
1356
11A4
0F22
0B43
0504
014B
0070
0210
07AB
0D70
1158
1475
14E2
12F5
0FEB
0B47
076E
04E6
0239
019F
02DB
03E7
065A
09CE
0C69
0DF5
0D00
0993
04DF
FFED
FF14
02A9
059A
0868
0B58
0A97
0897
085E
0749
0510
026F
FEDF
FBAC
F92F
F84E
FA4C
FC04
FD27
007A
02E3
0388
05C9
0690
03EE
01EC
00CA
0013
0164
029B
023C
00F9
FD9D
F9B5
F7F5
F71E
F77E
FA14
FCDF
00BF
066A
0997
09BB
0954
06D4
02F3
010B
0046
FFEE
005D
FFAE
FEDB
FFAE
0005
002C
018F
021D
0285
0445
0551
0674
0827
0686
022D
FED6
FCF7
FD72
0038
02E7
04E7
051B
032B
0264
02F3
0336
043F
046A
0251
0027
FD45
FA2D
FA23
FB31
FC2F
FF35
00F7
FFD9
FF93
FF84
FEC3
FF7E
0060
0081
012A
00E7
FFBC
FEFE
FDB0
FD1A
FE46
FED7
FF90
0166
0239
03A3
0667
06CE
05BD
0465
FFA1
FAAD
FA62
FBDC
FE99
0418
07CE
0839
0818
074D
07C4
0AD5
0CBD
0D51
0D73
0ABA
07C6
06DB
0576
05B8
0857
09F9
0D66
1246
1325
1310
138B
1103
0FA5
10E1
10A5
121C
150B
149F
143A
1487
1240
1169
1317
14A5
17A4
19AE
18BB
1870
16EA
12F2
118D
1193
1137
1355
1500
13FC
1366
1167
0CEC
0A36
093A
0887
09AC
0BC5
0D96
0F3E
0EBA
0BB7
08B5
05BC
02A7
019A
0211
0212
02CD
03C6
01FE
FF2B
FD86
FA7E
F6A5
F50B
F47E
F517
F86B
FC08
FE97
0032
FE79
F9B2
F4B1
F0DB
EF6D
EFD4
F11F
F40E
F5A2
F396
F152
EEB4
EAAB
E962
EA82
EAFE
EC8F
EE3E
EDDF
EDF2
EE65
ED1F
EB04
E80B
E3FE
E01C
DD1D
DCCE
DF89
E2CD
E6BA
EB2B
ED7D
EEB1
F029
F035
EFBF
EFD3
EE95
ECC8
EC46
EB96
E99C
E7BC
E70B
E76B
E971
EDA5
F199
F362
F50C
F6CD
F703
F7A7
F8F9
F7E3
F5D8
F560
F4CB
F3F9
F46E
F4F6
F4A8
F40C
F3B6
F508
F81E
FB9B
FFA5
0339
03CC
0271
0137
FFB4
FEB5
FECF
FE50
FDDF
FE9A
FEAD
FDCD
FCDE
FB76
FAD5
FB92
FC3B
FDD1
0077
01E7
0314
0490
0469
03D5
03F3
03E6
0522
075E
0863
096E
0AA8
0A88
0A66
0A3B
08F1
07D9
068E
04BD
0426
038F
02C1
0443
05F2
057C
04D9
03AA
0160
0051
FFE2
FEF0
FF6D
019B
0441
0726
097C
0A69
0975
067F
035D
0140
FF56
FE36
FE54
FE16
FD71
FD69
FD25
FC6B
FC36
FBC1
FA25
F8B2
F882
F940
FAE0
FD05
FE9E
001B
0272
046E
0476
0293
FF79
FC2C
FA07
F9E9
FBD5
FEF7
025E
0592
07E2
0902
0960
0890
067E
04B6
035B
018C
0090
0123
01E1
02BA
03E6
03E2
02D7
02D4
0412
05AC
0772
090C
0A37
0B27
0B98
0B03
0997
07A0
04AF
010C
FEEB
FF78
0114
02B3
047D
0593
05E2
065B
0632
0514
0487
044E
0381
035F
0454
049E
035D
017D
FFF6
FEAA
FD54
FC83
FC2C
FB56
FA63
FA8C
FB42
FB4E
FB22
FB3E
FAB2
F990
F8FD
F873
F7B5
F78D
F693
F3F2
F14A
EE3D
EAAD
E8FE
E8AA
E861
E939
E9A7
E806
E66B
E54A
E429
E3E5
E390
E311
E3B4
E4A1
E630
E892
E8CB
E72D
E555
E182
DDAA
DCCA
DC65
DBC1
DBD6
DA77
D7F0
D636
D533
D61C
D8E0
DB42
DD3F
DDEF
DC7B
DB1C
D8FE
D53E
D3CF
D486
D4F0
D796
DBFB
DEF0
E1E3
E486
E4DE
E528
E5D8
E584
E5F4
E6C1
E5D2
E4EB
E51F
E5B9
E7B8
EA9A
EC86
EDFB
EFC0
F1FC
F4C5
F6CA
F729
F629
F3BE
F1F1
F32D
F5B9
F7E6
FA65
FC12
FBE4
FB84
FC14
FDD4
0089
02A2
03B7
03EF
0253
000C
FF26
FEE0
FED9
FF9F
004E
0116
02B0
03DA
0426
046C
04BD
050E
0511
0505
0628
07BB
08CC
0A60
0B60
0A8A
09EC
0977
07AE
06A4
0736
077A
0761
06B9
0470
01F2
00DD
00D7
0155
01CF
01D6
0159
00B6
0150
0398
0662
0970
0BCA
0B5E
0941
06B1
0245
FDDB
FCAB
FCCB
FC9F
FD9B
FE8B
FE49
FF62
0285
0572
0748
07D3
0681
03F9
017A
FEE6
FB7D
F888
F803
F8D7
F9D6
FCC1
0111
03E4
0560
05BB
039C
0071
FDF1
FBBD
FACE
FBB1
FD12
FEF9
013E
0263
028F
0227
009D
FEF0
FE9C
FF1C
FEE4
FDCD
FD26
FCF7
FD56
00A0
062A
09F9
0BC3
0C41
09EB
062D
03E3
0303
02AD
01DC
0050
FF3F
FE88
FECD
01F8
0619
0906
0B74
0C25
0AC8
09A9
084F
069F
060D
052D
03ED
03CE
038B
03EA
066B
0874
09B0
0BC3
0D60
0F06
11B2
1297
1094
0D13
090B
0626
04D4
0466
0592
07FF
0B18
0F3B
1227
1258
11C9
10B7
0ED8
0E01
0E16
0DC5
0D43
0CB4
0C2F
0C21
0C9E
0DEC
0FE2
11B5
126F
1109
0E16
0ADB
0760
04AD
0444
05EB
0935
0D0B
1045
1362
14E1
132F
1096
0D32
081A
048D
033B
033F
0757
0E18
1322
169E
17E1
159C
118E
0C07
06B4
0560
06D6
093A
0C75
0D81
0BE3
09D4
06C3
046E
04C5
0510
0575
06F1
0674
04A7
0389
0121
FEE0
FF7C
00CB
0221
052B
089B
0A10
08D4
0642
042B
026D
0196
0311
0518
0628
07E5
0A61
0C21
0DA6
0F5A
0FE5
0F0D
0E67
0E3F
0DC3
0D77
0DA5
0D73
0C66
09B4
0643
0554
06EE
0975
0D9A
11B6
13A5
14F7
154C
1370
115C
0F0F
0BEB
09EA
0938
09FC
0D10
103A
12DA
15C2
16C9
1648
15BA
1372
1105
1045
0ED4
0E5B
112E
142A
1697
18FC
1916
17AC
1612
13AD
1257
126A
129D
14A2
1781
1862
189B
1823
150C
10BF
0CBF
0A59
0B4F
0E1B
113E
149D
1584
1312
0F8C
0B8B
0878
07F1
0877
0A06
0D24
0F6B
10C1
124E
12A0
1251
1287
1136
0E7F
0CCC
0C60
0D10
0EAC
1036
1128
10BA
0F25
0DEF
0C6A
0A41
0929
0845
06D2
0692
067A
0586
05B8
0607
0477
0297
00D5
FEAC
FD96
FDB7
FDB4
FD1B
FC14
FB6A
FB4C
FBAE
FDB4
0021
00AD
00E0
0124
FFA6
FDA4
FB67
F77A
F449
F3A6
F422
F5E4
F876
F970
F877
F6AB
F550
F506
F4DA
F4AC
F436
F1C9
EE98
EC86
EA8E
E92B
E920
E8F1
E91A
EA3C
EB6A
EDD2
F17E
F45C
F689
F733
F49F
F052
EBB8
E7DC
E704
E897
EB29
EF23
F31F
F5A4
F671
F473
F156
EFDF
EF7F
F0C7
F4B4
F8A4
FB2F
FC8F
FBE4
FA6A
F984
F87E
F891
FAB1
FCD6
FDCA
FD52
FB2A
F87A
F660
F5A3
F798
FBC5
001F
03C3
066C
078E
0726
0596
02FD
FFDC
FD63
FBE8
FB75
FD80
01F5
0600
0832
08F3
089D
07F7
07FE
09EB
0DF4
11C4
14DC
186F
1A5F
1A14
19CF
184F
1558
13AA
1259
1133
1281
1475
159F
16CE
1628
1445
1460
15D5
17C8
1A52
1BE5
1C2F
1AE3
17F6
1692
16FC
1708
181D
195B
18CB
1A43
1E9A
21E8
24B7
26FB
2552
20BB
1BC8
1660
1175
0E7C
0D6D
0E03
1006
136C
1749
1968
1971
1862
15E7
1281
1018
0F43
0FF3
120F
13CD
1353
1127
0E50
0B11
0853
0675
04B5
0394
0371
034D
039E
0448
030B
008B
FEE1
FD49
FBC4
FB74
FB52
FA76
F92A
F7B1
F6AE
F5DE
F4D8
F48A
F502
F654
F8EC
FA74
F9A9
F864
F645
F33A
F26A
F3E8
F4E3
F4E0
F44E
F313
F12C
EE73
EB2B
E79F
E41D
E193
E014
DF80
E0C4
E364
E5D1
E76D
E726
E469
E0B6
DD7D
DB7F
DB7A
DD4A
DFC6
E1C1
E331
E48E
E54B
E593
E63B
E642
E59E
E617
E716
E77F
E831
E914
E962
E937
E88A
E76E
E5F7
E43D
E333
E35B
E4BA
E6F5
E81F
E7DC
E810
E8A3
E987
EBEC
EE9F
F0A8
F2B6
F41C
F4BF
F4D7
F341
F0EB
EF58
EE34
EE43
EF75
F082
F247
F467
F573
F648
F62C
F462
F32E
F263
F172
F21B
F2D4
F26C
F292
F1E0
F045
F0D5
F29C
F4D3
F88C
FA8A
F928
F72E
F4E6
F25D
F184
F2F4
F6EE
FBC9
FE9C
0040
0115
FF57
FC9B
F9C0
F5D3
F360
F2F7
F237
F30E
F648
F89B
FA21
FBF8
FCFD
FE17
FFB9
0049
009F
0177
0118
FF46
FD13
FB33
FAA4
FB6D
FD3C
FFDB
0102
FF98
FE30
FDB1
FD08
FD3F
FEDE
0085
013B
FFEA
FCA9
F998
F734
F567
F583
F6C6
F7DA
F99A
FB61
FBEC
FC6C
FCCF
FC03
FB5F
FBA1
FBF3
FC61
FCB6
FC8E
FC3A
FBBE
FBBF
FD26
FF5C
01EF
0492
0610
065B
0598
0366
0189
010C
0046
FFC6
00B1
016E
025B
04DA
06CA
06BF
05DF
0407
0117
FE9A
FD9E
FE11
FF1F
FFF5
00A9
012F
0198
0249
0232
00AB
FF44
FE73
FDD5
FE5F
FFB1
0046
0056
004D
0031
0097
0133
0164
0127
0033
FF6D
0024
010B
00C3
FFA2
FCBF
F796
F286
EF9C
EECA
EF74
F0C7
F195
F0C2
EEB6
EDA8
EE43
EF0F
EFDC
F09E
EFB1
ED63
EC14
EBF2
EB8D
EABB
E9A2
E77F
E443
E16C
E055
E0CF
E1F8
E350
E477
E50E
E55C
E5FB
E741
E9DC
EDB3
F046
F020
EEB8
EC20
E763
E2CB
E0C9
E0CA
E224
E453
E626
E7D1
E9DF
EAF2
E9A3
E68F
E32C
DFFB
DDDC
DF62
E502
EBA9
F16A
F5C5
F7A1
F7AE
F784
F74E
F80B
FA86
FC9B
FCD4
FC36
FB4A
FA5A
FABC
FCD0
FF3A
0154
03DE
06A2
08E1
0B70
0E62
0FA7
0E91
0C5F
0A06
0845
07DC
0951
0C8D
1030
131B
155A
16F5
1841
1992
1A83
1B5E
1C3E
1C41
1BB5
1B74
1BD9
1DBE
2079
2286
2465
25DA
2620
26FF
28C7
29AE
2A46
2AB7
298B
27A2
2634
24B5
2388
2398
2477
252B
2596
26D5
2922
2B81
2E4A
315A
325C
30D6
2EB1
2C85
2A44
2885
26E9
2498
2243
211E
2114
21E5
23D8
261A
2715
262D
23A4
208B
1E0F
1C29
1AC2
1A02
1966
1897
1745
150C
129F
0FE6
0BF9
07E1
0473
017C
0083
021D
04CA
081D
0B80
0D70
0D3B
0A62
0571
0003
FAAF
F6C5
F58E
F5ED
F7AC
FA5F
FAB5
F860
F60F
F381
F082
EED1
EE66
EE4F
EE99
EF89
F0FD
F286
F425
F4B5
F1B3
EC3B
E772
E35A
E077
E05D
E19D
E2F3
E41D
E3D0
E2F2
E32C
E3D7
E528
E756
E8BF
E8B8
E728
E487
E2A0
E172
E081
E09E
E0C8
E0CD
E2D0
E626
E931
EBF1
ECC6
EB0B
E92D
E859
E8C2
EADF
ED5F
EEDE
EF62
EECC
ED46
EBE9
EB72
EB97
EBFF
ED10
EE56
EECD
EFAB
F20D
F460
F5E2
F73C
F7D5
F7AF
F88E
FA81
FB66
FB00
FA94
F92D
F6F0
F745
F9C3
FB7F
FE04
015D
0266
023D
015C
FCFA
F777
F4B9
F3AE
F354
F3E6
F49A
F4B0
F3D7
F378
F4A4
F565
F5F3
F796
F7D8
F734
F7ED
F6DA
F3BD
F2A2
F21E
F0CB
F14D
F25D
F118
EEB3
ED3B
ECEE
ECBF
ECC5
EE2F
EF88
EFF6
F1B3
F3A6
F38C
F330
F2E2
F152
EFDB
EEE1
EDA9
ECD8
EC46
EC1A
ECF7
EDD3
EF6E
F32E
F694
F82C
F905
F7D6
F451
F183
F0F2
F239
F4A0
F69F
F787
F7CF
F7B5
F77B
F736
F75C
F8E9
FAEB
FC2D
FDF7
00AA
030B
054A
071D
0761
06F3
0689
05AA
0561
069E
0841
0941
096E
093F
0958
0979
0A12
0BF5
0DCD
0EED
10CC
1335
1581
1893
1B58
1BB3
19FE
173B
1408
1182
1036
1011
1102
12EB
15D8
1973
1D1F
20ED
2464
2648
2690
265D
26A6
2780
289A
2A0E
2B5C
2BD0
2C04
2B79
28FB
2607
2395
2115
2060
223B
2489
271B
29F7
2BAE
2CB9
2D65
2CE6
2C31
2C1C
2CC7
2E47
2F0D
2EB9
2E4E
2C7F
2980
27CA
26F1
26BD
2889
2B47
2E27
30C3
309A
2DDA
2B36
2916
27B6
27A5
2871
2A1B
2B33
2A20
2896
26E1
239E
206D
1DCC
1A6F
1860
18B9
1984
1AE0
1D3C
1EEB
1F81
1F99
1ECD
1CA0
1979
165B
135F
0FF5
0D40
0C55
0C39
0C53
0CB3
0CBA
0C66
0C03
0B3F
0A31
08C9
0683
03BC
00F4
FE35
FC02
FA80
F906
F753
F5C5
F4FE
F528
F587
F5D9
F61F
F525
F2C9
F0B4
EEDF
ECE7
EC4E
EC5D
EA41
E673
E2E4
DF9F
DD48
DCC4
DD65
DEE4
E103
E295
E3B2
E4A6
E486
E37D
E222
DFC9
DC74
D917
D675
D545
D569
D669
D828
D979
D9C7
DA7D
DB8F
DC52
DDA2
DE6D
DD00
DAF5
D974
D803
D78B
D81F
D8EE
DA49
DB0F
DA47
DA1B
DB44
DC92
DE9C
E148
E330
E409
E402
E4B0
E788
EA5F
EC1D
EDDD
EDC4
EBEB
EC1C
ED7C
EDCC
EE9E
EF5B
EED3
EFD3
F3AF
F8D5
FDDF
011F
024C
0252
0107
FF95
FF6C
FFE7
0174
0443
065F
0819
0A17
0A43
090B
0911
0A6C
0C60
0EEA
11E0
1501
176D
18FE
1A85
1B51
1B11
1B02
1AB3
19B1
199E
1AD3
1C5F
1E43
2068
220E
22A8
22BA
23B1
25D6
2890
2BB6
2E4E
2F12
2E08
2B9C
287C
25CE
243C
23CB
23A7
2340
231C
22E0
2261
2313
245A
24DF
25B6
264D
251E
23D2
2386
2364
233E
2289
210E
1EF1
1B89
1884
176C
1614
146E
13B7
11F5
0FE8
1022
10F8
116A
11FD
1122
0EDC
0BD4
077B
03D1
0208
0087
FF93
FEEE
FD48
FBDB
FAB3
F99E
FAE9
FD09
FD48
FD6C
FCA1
F8FD
F637
F62B
F6D4
F829
F957
F8DE
F7CA
F61B
F351
F090
EDDB
EBA1
EB29
EBAE
ED88
F188
F4ED
F697
F7FB
F7C6
F585
F329
F09F
EEEC
F0A3
F43B
F71B
F942
F9E9
F875
F660
F49D
F36C
F303
F2D4
F2CA
F326
F384
F469
F63D
F7B1
F873
F961
F9E9
F9C3
F9DB
F9B3
F86D
F6FA
F610
F53D
F49C
F49B
F50C
F58E
F5CE
F5B6
F54A
F40E
F225
F072
EE63
EB54
E91B
E8E5
E9B7
EBB6
EF1D
F20F
F3A5
F4D3
F5AD
F586
F451
F275
F046
EE08
ECB2
ECE7
ED6F
EDAE
EE8F
EFB6
F0AB
F25F
F458
F596
F6D1
F809
F898
F929
F9E5
FA3D
FA45
F99C
F7FC
F63B
F4CC
F3EC
F41A
F4EE
F62E
F82C
F9E6
FA93
FB06
FB75
FB6F
FB20
FABA
FABE
FBA0
FC8A
FD37
FE1E
FDC0
FB26
F852
F640
F480
F41B
F555
F6EE
F929
FC79
FF6D
00C3
00D4
00C8
00DB
0049
FFC8
002A
FFD6
FE3A
FCC6
FB6C
F9DD
F89B
F722
F58C
F4A3
F425
F468
F591
F6A0
F7BE
F85D
F74F
F6B8
F79E
F7D7
F801
F8B3
F7D4
F6AE
F734
F78C
F71F
F681
F482
F12B
EDD3
EC13
ED53
EFA4
F0E8
F1DE
F126
EDA6
EA84
E879
E65D
E643
E823
EA05
ED5F
F22E
F5A9
F78B
F81F
F6F2
F519
F32E
F139
F096
F1FB
F4A2
F6FA
F73F
F593
F2A0
EE2D
EA57
E954
E97B
E9F1
EBDA
EDFB
EF83
F19A
F342
F323
F239
F109
EF9C
EEBF
EEA5
EF66
F11E
F2C1
F38C
F3BF
F369
F2D5
F2A9
F351
F544
F813
FA79
FC56
FDC7
FE39
FE39
FE82
FE11
FC78
FAC3
F922
F74C
F61F
F636
F70E
F87F
FA9E
FCBE
FE8C
0057
01E2
0313
0466
0577
05AA
052C
03DA
01E3
0039
FEDB
FDDC
FE11
FEB2
FED8
FF4D
FFD9
0013
016C
0420
06C6
0898
08EA
07D1
0653
04A3
03B8
04A1
05BA
0669
07E1
08E5
08EE
09AA
0A42
09BA
0931
084E
06C0
0598
04A9
0401
0412
0455
05BD
08D4
0C07
0F67
1270
1288
1058
0D93
09EA
070B
0638
0610
06F2
08E1
0A05
0A7E
0A28
083C
0644
049B
02B8
01E7
011C
FECF
FD12
FC70
FC0E
FD41
FFAA
019C
0334
03E9
0392
034E
029F
0196
013C
007F
FF02
FDEE
FCF2
FC10
FC24
FCD5
FD91
FDA5
FCB0
FBDA
FB79
FB43
FC10
FD32
FD57
FD49
FD6B
FDA1
FE9D
FFA5
FF99
FE88
FC61
F9F9
F850
F711
F6D2
F806
F99B
FBC0
FE38
FF40
FF7D
0010
0024
FFF5
FFAE
FE25
FB9A
F91B
F777
F74E
F80D
F968
FB0C
FB4F
FB04
FC3E
FDD4
FF67
0205
0437
052A
0564
0489
0398
0331
0261
020D
026B
0290
03B0
04FF
04BD
04CF
0532
0478
04BE
0605
0685
0736
0756
05D1
0442
0264
00AF
01A2
03C1
050C
05D7
0527
0359
01BC
0026
0050
022A
0289
024E
0277
0113
FF52
FDE2
FB59
F99D
F94A
F8FF
FA1E
FC3D
FDDF
FFAC
003A
FF5C
FF48
FEA5
FD7B
FDE8
FDB7
FCC1
FD50
FD80
FD82
FF2C
0060
0160
02E4
01DF
FF34
FD74
FC22
FCC8
0008
03F2
08A3
0CA2
0E47
0F82
0F75
0D16
0B74
0A5D
0905
0943
0909
0771
0780
086D
09E4
0DFA
1290
1611
1909
19A6
189D
17D1
1643
15A5
176B
1911
1ADA
1D09
1D36
1CE8
1D56
1C3F
1AD2
1A56
190A
1809
1886
193D
1B27
1EE1
22A0
2620
2938
2ADB
2BB2
2C13
2B15
28EA
262A
2384
221F
21C4
21D1
2305
24DF
258B
2544
2500
2475
241E
24AB
254B
25E2
26DD
2719
264D
2580
2464
228A
2025
1D2F
1AB5
196D
187E
1855
1949
1998
1895
1675
134A
1084
0E83
0C5C
0ABE
0914
0640
0462
03E1
02C8
0228
027A
023E
02A9
0442
0516
0504
040B
0182
FE75
FB10
F6E6
F32C
F00F
ED98
ED33
EE25
EF08
F060
F1CF
F359
F637
F8A5
F86C
F649
F246
EC98
E830
E690
E6EB
E8B9
EACF
EC21
ED12
ED59
ECB3
EC33
EC04
EBD2
EC27
ECC3
ED2D
EDD0
EE9A
EF6A
F061
F0DE
F0BF
F042
EF4D
EF60
F144
F299
F29E
F2AF
F272
F23A
F367
F598
F8A8
FC4D
FEE9
00B6
01F5
0131
FF4D
FDBA
FC41
FC15
FD76
FEC6
005F
024F
0406
06BA
0976
0AC1
0C1A
0CB0
0B24
09A7
088B
0773
0877
0ACC
0CBD
0EC5
0F87
0E63
0CE2
0AEF
09EC
0B84
0D81
0F46
11B0
1311
13A7
1462
13EA
130E
129D
1182
10DE
110D
1106
11C3
1267
119A
111E
1045
0DF8
0CF0
0D5D
0D81
0E2C
0F04
0F47
0FB1
0FA6
0F12
0EC1
0DFE
0D08
0C4E
0B02
0A47
0B15
0C46
0DCE
0F4F
0F86
0EFB
0DEE
0C1E
0ACF
0A56
09FC
099A
08CA
07A0
0662
04AC
0315
024A
021A
02B5
0371
0388
03B2
03D4
03E0
04A5
0514
04B0
0469
0313
00A4
FF7E
FF93
FFD7
002E
FFDB
FEFD
FE0D
FCB7
FB5C
F9D3
F849
F89C
FA53
FC06
FE6F
0062
0089
0056
FF56
FCE6
FAE5
F92F
F75B
F6EA
F747
F73D
F710
F6C2
F6EE
F7D2
F8BE
F9F8
FA14
F77C
F4BB
F2E7
F0AF
EFEC
F0E4
F0B7
EF8C
EE52
ECE8
ECE2
EE9A
F112
F495
F811
F9F2
FA8F
FA05
F8C8
F7F1
F71E
F677
F679
F5D2
F46A
F373
F283
F1CF
F21D
F286
F2EC
F427
F5E1
F7DB
F9E2
FB11
FB34
FA2F
F7F2
F608
F567
F558
F600
F798
F8FB
F9B9
FA6D
FB75
FCE5
FE54
FF5F
0021
0062
006B
0151
02BC
03F1
057F
06C7
069B
05CE
04E2
03B6
03B4
0522
06A4
0854
0A1D
0AC4
0ABA
0AEB
0B12
0B18
0AD7
0A38
09EA
09ED
09F7
0A7D
0B13
0B1F
0AFF
0A4A
08C3
0779
0681
05C9
0647
0788
08A1
0A15
0B3F
0AD3
09AB
08A7
078A
06DE
0705
0752
0741
069C
0597
04A2
03B3
034A
03E8
0466
0479
0508
0516
040B
0360
02F2
01FC
0173
0183
01B6
0229
0214
014E
0086
FF21
FD46
FBFF
FAE8
FA79
FBA4
FD4E
FF2F
0160
0206
0147
008E
FEEB
FC8E
FAB1
F84E
F543
F2BD
F073
EE95
EDD4
EDBD
EE5C
EFC5
F167
F2FF
F322
F086
ECDE
E9A1
E6B8
E553
E60E
E74D
E83B
E94A
EA69
EB50
EC42
ECF0
EBA9
E810
E420
E0CE
DE41
DDDA
DFBD
E2BF
E67A
E9C7
EB4E
EB58
EA71
E92D
E82B
E7BD
E8BC
EA5D
EAE4
EC09
EEB1
F09E
F2BA
F5F3
F79C
F7BA
F76F
F5F0
F48F
F3D0
F27E
F219
F2D9
F3B0
F5E9
F849
F94F
FAB9
FB61
FAFD
FCCE
FF7E
01DB
05B2
085C
091C
0A34
090A
06BF
07AA
0910
0A47
0D78
0F22
0ECE
0E84
0C5A
0A76
0B08
0B52
0CF5
107F
124D
1412
15F7
1507
1450
142C
11EF
10EB
1131
0FB4
0E6D
0CDB
0A08
095E
0A65
0C26
0FCF
1194
0FDE
0DD8
0B01
07DD
071D
0826
0AA0
0CFB
0C47
0A9F
095B
0718
0620
0698
05E3
0549
04D7
036B
02CA
028C
0208
02BA
0321
021B
00AF
FE0A
FB0E
F95F
F7E4
F768
F8C0
FA35
FC2D
FEB1
000C
00F1
0122
FF33
FC79
F9B0
F6EE
F555
F459
F40F
F539
F5D3
F58D
F609
F622
F563
F4C9
F3B3
F23B
F0EA
EFB4
EFE7
F193
F38D
F688
F98E
F9A1
F6CF
F311
EF88
ED2F
EC9D
EDCB
F008
F1E0
F271
F208
F17C
F139
F0E4
F058
EFA0
EE83
ED3E
EBCB
EA45
E9BE
E98D
E86D
E79C
E749
E69C
E708
E8A3
EA13
EBF3
EDA3
ED8E
ECA8
EBEB
EB94
EC32
ED71
EF48
F194
F2B4
F2AE
F281
F1C9
F131
F197
F23B
F313
F449
F546
F614
F682
F64F
F5DF
F51B
F457
F448
F497
F527
F61E
F749
F8CC
FA1A
FAD7
FBC5
FC2D
FB98
FB67
FB66
FB9A
FD8C
FFFF
00FA
00B2
FF61
FD85
FB9F
FA06
FA34
FB4B
FB22
FB1A
FB4E
FA24
F9BA
FADC
FBDC
FD86
FF28
FF3C
FF62
FF57
FE52
FE81
FF45
FF05
FF07
FEB7
FD5A
FC7F
FBC6
FB0E
FBB7
FCA1
FCF9
FD97
FDB8
FD59
FD92
FD9C
FD25
FD08
FCDA
FC77
FC7F
FC7B
FC58
FCD2
FD13
FC47
FBB3
FBAF
FB58
FB8E
FCAE
FD3A
FD1C
FC6F
FAC9
F982
F8C8
F795
F75A
F878
F995
FB17
FC65
FCC5
FD68
FCDE
FA10
F781
F5CF
F5A2
F8C8
FD34
01D4
06FC
08F3
0756
054F
0224
FF26
FEB5
FE79
FF0C
01EC
0423
06A3
0B04
0E60
11A5
15A8
1733
1719
1623
132B
1154
113B
1111
13AD
1847
1AF1
1CE8
1E13
1D8D
1E1A
1EF0
1F2A
21EC
2565
26BD
27EF
284F
26BE
254B
23C9
2271
22E7
23A4
2457
2653
2802
2911
2A4A
2A53
29F6
2A77
2A4B
29EF
2A96
2A8F
2966
27A4
24BC
21F6
206A
1EF7
1E1A
1EAA
1ED1
1D5E
1AED
17C9
14A1
1267
1149
1202
14CB
175B
1801
1756
152F
1155
0D37
098B
06B0
05A3
056C
04FB
058F
06E4
075E
06E7
0511
01BF
FE46
FAD3
F81E
F7A2
F835
F962
FBB3
FC37
F9D2
F719
F364
EE53
EAD7
E8C4
E6C0
E5DF
E5F2
E69B
E887
EB09
EDA4
EF4C
EDCB
EA4E
E6C9
E2A9
DF87
DF61
E0DA
E318
E582
E695
E706
E71E
E598
E3B1
E295
E155
E05E
E044
E08D
E1BC
E3A3
E4E4
E535
E4A7
E34C
E217
E1CE
E2B0
E4CB
E78B
EA16
EC19
EDAA
EEB6
EF22
EF5E
EF7F
EEE8
EDD9
ECFA
EC77
EC76
EC8F
EC84
ECF8
ED9B
EE5F
F074
F32A
F55E
F792
F918
F953
F948
F8B6
F7CE
F80F
F8BB
F930
FA9A
FCB1
FEBC
00BE
024E
03CC
055B
05FE
05DD
0533
03EA
034C
0376
0385
040A
04BF
0524
0624
072E
0749
0732
06E6
0629
05BE
060F
0752
08DB
096F
09A5
09DB
096D
0948
09E1
0A57
0A9E
0A6F
09BF
0966
08E8
081F
07CC
073B
0693
06C3
06E6
072D
085F
0983
0AAF
0BC6
0B27
096A
076C
0506
03C1
03FE
04EA
0740
098A
09AD
08DB
06FF
039F
0146
0054
FF6E
FF3D
FF3A
FE86
FE0F
FD84
FC97
FBF6
FADE
F95C
F82C
F64C
F452
F3EA
F437
F4A8
F5A7
F634
F5E0
F51E
F401
F357
F354
F334
F394
F4A3
F512
F50E
F552
F527
F435
F2A2
F067
EE7B
EDBD
EDDF
EF0C
F166
F3ED
F635
F80F
F866
F74A
F5AC
F394
F1DB
F1B7
F264
F345
F4A9
F616
F78D
F941
FA74
FBA8
FD4D
FE00
FE10
FEA5
FED5
FE86
FE04
FC24
F9E2
F8F4
F877
F8E8
FBE3
FFC4
02B7
04EC
0601
05B0
04BB
03D1
0393
03CF
03FF
04EA
0691
07B9
08D8
0A83
0B9B
0C1B
0C98
0C46
0B0D
09AC
07D7
05BB
049C
0500
06A8
08F5
0B13
0CC0
0D66
0BFE
091E
05F0
0298
FFD5
FE65
FD91
FD5F
FE74
FFF9
013D
0289
03AC
045A
0459
038E
02C1
0216
00BE
FF18
FDAA
FC25
FB28
FB33
FBB2
FCAC
FE18
FF34
0030
0138
0179
00E3
FFCF
FE1E
FC87
FBDA
FBA2
FBDD
FD44
FF03
FFC9
0006
0026
FFAC
FEFC
FE64
FD33
FBA9
FA8E
F9E7
F9F6
FABA
FBBA
FD0B
FDE4
FD4C
FC42
FB5B
FA29
F983
F95E
F8AF
F826
F7ED
F751
F736
F7C8
F84B
F96A
FAD4
FB6D
FBA4
FB97
FB43
FB7C
FBBC
FB8D
FBA2
FB68
FADC
FB5C
FC70
FD73
FF1D
0124
02DA
03BD
0306
018B
0058
FF16
FE74
FF20
007B
029E
0497
049D
03CB
030B
014E
FFDE
0034
012F
0272
0409
04F7
0508
0415
021F
0066
FEEE
FD5F
FD2B
FE2D
FF2E
00E1
02E8
03AD
03A7
038B
0333
02F1
02BB
0296
02AC
024B
020D
030E
0409
048D
05B9
066B
0597
0437
0287
00DD
0023
0029
0118
0319
04E5
0625
0722
0744
06F1
06C2
0669
0671
0701
0761
07D0
07FB
0732
065D
0593
0445
0399
03F9
048B
0581
06DD
07F3
08C4
0969
09B2
0977
08C1
080E
078D
076A
0852
09F5
0BC1
0DF6
0FCB
1084
10C0
1064
0F5F
0EA7
0E8D
0F59
10E5
123F
13E1
1575
152D
1449
144C
1406
13F9
14CF
154D
15D9
16C7
178D
1933
1B1E
1C36
1DB6
1E6F
1D16
1BC8
1A47
185F
18F1
1B11
1D0F
206F
2347
2311
213C
1E5D
1B81
1AAF
1AFD
1CA3
2060
236C
252B
2697
2604
245D
233E
212B
1F72
1F54
1E5F
1D48
1D91
1D63
1D7C
1F63
2180
2394
25D4
26E0
2707
26C0
2551
230E
2039
1D31
1B46
1A35
195C
1982
1A0B
19BA
18F7
17DD
15F7
13D9
1249
1153
10DC
111E
1201
12AF
12BE
11FD
0FFF
0D6D
0B1B
089F
0641
04B9
039A
02AB
01FC
013E
007B
FF47
FD65
FBDC
FA7B
F88D
F6F9
F582
F349
F16D
F027
EE71
ECE0
EB9E
E99F
E6F7
E479
E295
E0FB
DF47
DE4A
DE20
DDB3
DD9A
DDD8
DCA6
DAA4
D8F9
D6D2
D52B
D56D
D671
D7C6
D9B3
DB57
DC60
DC7A
DB4B
D9C6
D821
D6B8
D753
D903
D9D0
DA93
DAF6
DA01
D9BA
DAE6
DC52
DE44
E037
E12D
E1E8
E226
E1CD
E2F2
E5CA
E8E7
EC60
EF9E
F185
F2A2
F352
F379
F3A0
F3C3
F3B6
F3A6
F328
F2AD
F3AC
F60C
F8DB
FC08
FF38
01D4
0442
06B2
086A
0967
0A6B
0B47
0B62
0B57
0C0B
0D43
0E69
0FBF
11A3
1383
1517
1707
18C8
1956
19C7
1AEE
1BEF
1D31
1F1D
202D
2019
1FDF
1F58
1EB0
1E7E
1E72
1EB1
1FB3
214C
2369
258A
270A
2834
28EB
28CC
286F
27EB
270C
2686
2651
25F8
25E3
25B9
24D2
23C4
22D5
21B7
20ED
20D9
20CF
2082
20E5
2256
236D
2358
22C7
21BC
1FE1
1DCD
1BCC
19BC
17B8
15B1
13FB
12F8
1246
11C2
113C
100C
0EB3
0D9D
0C1A
0A92
0985
07FC
05E0
03FA
0230
0067
FED2
FD77
FC23
FA68
F8D0
F833
F7D8
F764
F720
F62E
F4AC
F339
F0E2
EE80
EDC6
ED45
EC6A
EC6D
EC30
EAE2
E938
E6C8
E40D
E1F2
DFDB
DE71
DE52
DE6D
DF3D
E0C1
E14B
E19C
E1E7
E09B
DFA3
E06B
E096
DFFB
DF54
DD58
DAE8
D964
D84E
D868
D9C9
DAD4
DBD6
DCFE
DCEB
DBBB
DA04
D800
D6B3
D625
D5C8
D5F2
D62C
D5FC
D5D8
D574
D4DD
D4B7
D473
D3DE
D390
D350
D367
D463
D597
D6BC
D7EE
D88D
D8B7
D88E
D74F
D556
D3BE
D2A0
D20F
D268
D394
D52B
D6A3
D7CD
D8E8
D9A5
D9CD
D9E8
D9D3
D8E6
D777
D645
D5D5
D693
D801
D951
DAA9
DBA0
DB78
DB43
DBDF
DC9B
DDFB
E044
E145
E05D
DF3C
DE3A
DD82
DE33
E039
E26C
E39A
E3D9
E4DF
E6C1
E88B
EB39
EE37
EF55
EF95
EFFE
EFC3
EFEA
F0C6
F108
F165
F1F4
F1B3
F1FA
F30C
F38C
F459
F549
F4A7
F3A2
F3C4
F4B5
F6AF
F994
FC61
FE97
FF88
FF1D
FE72
FDED
FDA7
FE22
FEF4
FF4D
FF13
FEBD
FF21
0053
019D
0343
059C
0798
087D
08F3
0999
0A40
0AC0
0B3C
0B5D
0ADB
0A77
0A9C
0A93
0A1A
099D
0947
0929
095B
09E4
0AE2
0C39
0D9C
0EC8
0F4C
0EB2
0D2A
0B5E
09BD
085E
0767
06DD
0685
06AB
07A0
08BE
0976
09E4
09F8
09CF
09E0
0A04
0A02
0A4B
0AC2
0A8E
09BD
08ED
07AD
05C9
0479
0433
044B
04F7
0649
0754
07F2
088E
0924
0991
097C
08D0
07E1
0688
04FF
03FD
0391
03EF
04F7
05DC
0720
08DA
099F
0A07
0AD6
0A96
0990
08CE
0792
06B5
07A2
0949
0A81
0AA8
099F
0886
0783
06BB
0787
08D2
094E
0A5F
0B8A
0B87
0B90
0BDA
0C20
0D79
0F3C
108C
11F4
12C4
12BA
1289
119B
107B
106C
10BE
119B
13B2
158C
1663
16C5
168F
160A
15C0
15C6
164D
16B6
167E
1677
168F
1653
165A
1662
15E7
1555
145F
1322
12E3
137F
1472
1660
18D3
1A76
1AEE
1A31
1894
170C
15C5
147E
138C
1346
13B2
1462
1493
1456
141E
1380
1295
1242
121A
1162
10C0
109E
10A5
10AD
1054
0F7B
0EC4
0E1C
0CF2
0B8A
0A26
0886
071E
073F
093B
0B92
0D1E
0E20
0E70
0DAA
0C72
0B45
0A1E
090E
07F9
06E6
05F1
0525
0545
065A
075F
0882
09E6
0AAB
0AFF
0AEB
0A29
09D0
09A9
088F
076D
066C
0521
04FF
058B
04EB
0389
0193
FF4F
FE2D
FDB2
FDF7
006E
02E8
0385
03A9
0294
FFB9
FDCD
FD6D
FD29
FCA3
FB7B
F9C8
F7AA
F4B7
F27C
F235
F27E
F34F
F53B
F68C
F6A0
F663
F54E
F304
F08A
EE48
EC11
EA2A
E8C8
E7F6
E7FD
E895
E8D9
E8E0
E90C
E89F
E7AF
E72C
E6A7
E594
E460
E362
E30C
E371
E41F
E579
E75F
E8BD
E9A7
EA31
E9D4
E8F7
E7EC
E720
E7CC
E9CB
EC49
EF48
F231
F49E
F6AB
F76B
F6C2
F5E0
F519
F4B4
F522
F645
F836
FA73
FC5A
FE8E
0120
03B0
06A7
0971
0B6A
0CEF
0DBE
0E2B
0F1D
102E
118A
1362
145F
1477
1477
1487
15A6
17F2
1A75
1D5D
1FD0
20E7
21BD
21FF
2172
21BE
222B
2207
22B6
2321
224C
2184
2067
1F28
1F46
2035
21B5
234D
2302
219A
2029
1DAD
1BD9
1C25
1CEE
1E1E
1F83
1F95
1F04
1E36
1D09
1CEF
1D11
1BF2
1AB3
1909
1676
14A4
1363
123A
1244
12AD
12B2
12FC
12CE
11D9
106A
0DC0
0ACE
08F2
076E
068D
06F4
074A
070A
06A5
05F9
0576
055B
0527
04FD
04A4
0371
01C3
0014
FE55
FCC5
FBB4
FAF5
FA12
F934
F92B
F9F3
FAD3
FB99
FBF2
FB70
FA9E
FA0C
F96B
F885
F7BE
F741
F69B
F597
F48E
F38C
F2A1
F251
F2B3
F39C
F4FF
F659
F75C
F812
F813
F76B
F6A1
F572
F3BC
F225
F114
F08E
F054
F024
F02C
F028
EFAF
EF72
EFD4
F04C
F0FB
F216
F30A
F39D
F3D7
F383
F2E9
F28E
F254
F1EC
F150
F04A
EEB3
ED18
EBFA
EB42
EB2C
EBD7
ECD0
EE41
F01D
F14C
F1B2
F1B0
F0B3
EF32
EE18
ECED
EC17
EC9A
ED8D
EE20
EEAC
EEE9
EEC4
EED8
EF44
F013
F119
F1DA
F274
F2BC
F274
F269
F2A7
F28A
F2DE
F3E3
F49A
F56C
F693
F709
F74C
F839
F948
FA8A
FC0F
FD00
FDCC
FF4A
00DE
0214
02F3
031C
02A1
01B1
005C
FF7C
FF7F
FFFA
0105
0272
0397
045F
049D
047E
04DA
053D
0506
04F9
04D1
03F5
03CB
04C9
05A1
063B
06A8
0646
05C5
0603
0642
05EC
0588
0546
04BF
0431
042A
0456
047E
051F
05D1
05F7
0607
060B
05D0
05B1
0517
036E
0196
FFFB
FEA6
FE57
FF15
0057
01D9
02C0
028D
01A1
0012
FE4D
FCF4
FB9B
FA22
F93B
F8D1
F888
F894
F901
F989
F9FF
FA60
FA72
F9EE
F939
F898
F7A5
F6C6
F673
F5F5
F531
F4B6
F416
F312
F1DD
F057
EF0F
EED0
EFAE
F1A2
F42E
F68B
F877
F91C
F7F5
F659
F4DA
F2D7
F10C
F002
EED1
EDA7
EDB5
EF0E
F0F8
F2FF
F4D5
F5EF
F633
F671
F6F4
F711
F6B5
F605
F492
F283
F08B
EEE1
ED9F
ECCC
EC4C
EC52
ECFB
EE2A
EFE0
F1AA
F2DA
F373
F3AA
F3A1
F3BF
F435
F50A
F65B
F754
F70E
F634
F54B
F411
F36C
F3ED
F45B
F47F
F510
F588
F61A
F784
F8AD
F938
FA61
FBBB
FCAB
FDF2
FEF8
FEE4
FEB4
FED2
FEF3
FFBF
0166
0371
05F5
0863
0992
09A4
098E
099D
09D2
0A7E
0BBD
0D27
0E81
0FE4
112D
1211
12AF
131D
12F8
1262
124E
1329
14BA
16F4
192E
1A6D
1AB7
19DE
175C
143C
11B8
0FD8
0EE3
0F15
1003
114B
1255
12F9
13BD
1441
1449
1461
1434
1406
14AF
14F4
1433
13A4
12EB
1197
109C
0F9B
0E27
0CE8
0BC4
0AE3
0AC8
0AFE
0BBB
0D3D
0E4E
0E8C
0E3A
0CE1
0ACC
08A2
064A
0423
02C7
0214
01B0
0181
0184
0129
0012
FF1F
FEB5
FE66
FE94
FF65
0053
0163
0260
02F8
0318
021D
0053
FE9C
FC89
FACB
FA8F
FAA4
FA7A
FA90
FA09
F914
F891
F826
F86A
F9A0
FA8B
FB54
FBED
FB40
F9FB
F8BE
F782
F735
F734
F66C
F5AF
F4AA
F2D0
F178
F0FA
F138
F2BE
F4C0
F68E
F81B
F8DE
F983
FA78
FA95
FA30
F9ED
F91C
F887
F911
F9D5
FA7A
FB29
FBAB
FC11
FC8F
FDBF
FFA3
00F5
018B
01BE
00F3
FF8F
FE3E
FCE9
FC55
FC72
FC41
FC58
FCE6
FD57
FE90
00BE
02C4
0400
03F2
0324
0272
0193
016D
0285
02AD
017A
004A
FEBC
FD38
FD14
FE00
FFA4
01A6
0364
052D
066E
0670
0610
0522
03BA
03B0
049B
0538
062D
06F6
06BB
064D
05A5
04C2
04AC
0535
05F7
073B
089D
09DA
0AF8
0BCE
0CCB
0E04
0F10
1058
11CA
1283
126A
11D0
1103
106B
101F
1038
10A3
1121
120E
137A
14FF
16C7
18B5
1A2A
1ACC
1A2F
18C4
17C4
1729
1702
1817
1988
19E0
18FA
1742
15A3
14CC
14A3
158E
1748
1859
18D3
196F
19D8
1A3A
1AAD
1A5E
1967
1845
1700
161A
15B2
1545
152D
15A8
160A
1641
16D0
1751
1716
164D
14DB
11F1
0E2E
0B21
08D1
06F0
05DD
0506
03D1
02AE
0176
FFBF
FDE1
FBED
F9DB
F811
F6A4
F5B5
F5A2
F612
F664
F65F
F59F
F37B
EFDD
EBA6
E7FA
E581
E48E
E502
E626
E799
E91D
E9C0
E91C
E803
E6F5
E5D0
E4C5
E42C
E3DE
E382
E2FE
E240
E13A
E018
DED2
DD34
DBCF
DB8C
DC74
DE19
E010
E193
E1EE
E103
DEFE
DCA6
DB40
DAE7
DACC
DB29
DC15
DC34
DB4C
DA9B
DA49
DA37
DAB3
DB1C
DB2F
DB70
DB63
DB2A
DBDC
DD09
DE2A
DFBF
E11B
E1B1
E282
E3D7
E530
E687
E7B0
E84B
E814
E730
E68A
E698
E728
E86C
EA0C
EB57
EC8E
EDA7
EE3F
EEA3
EEC5
EE6B
EE09
EDA6
ED6A
EE1D
EF6A
F0B0
F238
F3A4
F468
F512
F61B
F76E
F8B3
F93E
F8DB
F79A
F55E
F311
F1E8
F1C1
F263
F3DD
F568
F69F
F808
F9AB
FB6F
FD64
FED4
FF38
FEDB
FDBB
FC1C
FAF2
FA97
FB2B
FCE7
FF17
0149
03CA
05DE
0707
07FA
0878
084B
0858
0878
0893
099C
0AD7
0B53
0BDC
0BEB
0AA5
0943
0807
068F
067A
085A
0AC0
0D46
0FB4
1126
11AB
11AF
1142
10B3
101B
0F84
0F19
0EC9
0EE6
0FAE
105A
10D0
118F
11E1
1186
115E
112D
109C
105F
1052
100D
1011
106A
10E0
11A4
123A
1220
119A
10BF
0FC1
0F0E
0ED1
0F67
1086
1104
10EA
10C6
1036
0F9F
0F7A
0F2B
0F15
0FB5
1003
1004
1070
1099
1020
0F68
0E6A
0D7A
0CCD
0C3A
0C48
0CEF
0D78
0E47
0F74
0FF3
0F9C
0EC0
0CE9
0A3E
07FF
06E6
068A
0684
06DF
074E
075E
0715
066A
0585
0502
04F7
0548
0615
0704
07AA
07D8
0752
0659
051D
0379
01FA
0097
FEA7
FCF0
FBF9
FB48
FB5B
FC11
FC46
FC40
FBFE
FA97
F8A0
F6BA
F4B5
F32C
F23E
F163
F09A
EF77
EDCE
EC40
EABB
E963
E8D0
E8C6
E97C
EAF3
EBC2
EBBC
EB7D
EA49
E875
E721
E600
E520
E4F8
E4E7
E4D8
E51E
E53D
E54A
E5C9
E6A2
E7D5
E94C
EAB4
EC00
ECE7
ED1B
ED17
ED34
ED15
EC8C
EBC0
EA86
E8E4
E7BB
E770
E76E
E7B8
E87A
E914
E9A0
EABF
EC33
EDEE
F001
F1E4
F37F
F4B8
F523
F557
F5D9
F643
F6BF
F764
F7D0
F833
F8BE
F9BB
FB8F
FD90
FF71
01A7
0363
0452
0513
04A5
0300
021E
020E
0263
0414
0695
08BF
0AAA
0BF2
0C89
0D3D
0DF1
0EAA
0FDE
1140
12C5
1443
150D
15A5
1679
170B
17F5
196D
1A6F
1B4B
1C5B
1CEA
1D85
1E8E
1F1C
1F79
2029
208D
20CD
2145
218A
21BF
221F
2272
22EF
2384
23DF
2458
2506
2554
250F
248F
244E
245F
248E
250D
25C1
2617
264C
2688
261E
250F
23C2
222A
20AE
1FB0
1EF9
1EA6
1EAC
1E80
1E14
1D76
1C6F
1B3F
1A3A
1945
183C
171F
15FC
14B9
136F
12B4
125B
1183
1058
0F3D
0DEF
0CD7
0C6B
0C3F
0C2E
0C1F
0B8D
0A8C
096A
0834
074E
06DD
0690
063C
059C
048E
0340
0178
FF58
FDD8
FD3C
FD12
FD39
FD7F
FD93
FD66
FCD6
FBD5
FA95
F914
F722
F4D6
F259
EFC1
ED9F
EC92
EBEF
EAEC
EA20
E98F
E870
E7A3
E831
E945
EA3A
EB3F
EBFF
EC18
EBA8
EB77
EC25
ECF0
ED63
EDF7
EE01
ED35
EC81
EB80
EA3F
EA51
EB4B
EC51
EE0B
EFB7
F080
F10A
F0D1
EFBF
EF0C
EE4B
ED42
ED2F
EE02
EF53
F122
F29A
F3CD
F506
F585
F5BA
F615
F5B1
F514
F4F0
F4B0
F4CD
F56D
F5C6
F66C
F773
F834
F982
FB37
FC51
FD7F
FE9C
FE90
FE0C
FDA8
FD2D
FD19
FD84
FE1D
FED2
FF2E
FF53
FFBC
FFE9
FFD2
FFE1
FF7F
FE83
FDB9
FD94
FE27
FF4C
00EE
0304
04CE
05D0
066E
0690
063C
05F0
057A
04DA
0465
03C4
0303
02A2
0292
031D
0482
063B
07E6
0928
09CA
0A12
09BE
08E9
0870
080E
07A7
07F2
0822
07C0
07CD
07F3
07FF
090F
0A8C
0B86
0C83
0D1B
0CD0
0C7D
0C33
0B6D
0A83
09E2
099E
097D
0939
08FD
08C1
087F
08B9
0942
0970
094F
08DA
07FD
072A
06B8
06FE
07FA
08E0
096A
09B5
097B
08FA
085A
0737
060B
053A
0455
03B3
038B
0356
035C
03E0
0467
04CA
04D8
0450
0334
015A
FF8F
FF0F
FF37
FF35
FF72
FF61
FE0D
FC02
FA61
F9CB
FA19
FAE9
FC39
FD83
FE3F
FEF4
FF84
FF5A
FEEA
FE1F
FCA3
FB19
F970
F7CA
F757
F796
F7B1
F861
F911
F8E4
F8DC
F909
F8C2
F87D
F816
F748
F697
F5D6
F502
F47E
F3CE
F301
F270
F195
F0A3
F02A
F00C
F094
F15B
F169
F143
F0E2
EF86
EE2C
ED54
EC6B
EBFF
EBEC
EB75
EB2E
EAC6
E9A1
E8BA
E842
E7F7
E885
E984
EA87
EBB0
EBF2
EBA3
EC64
ED60
EDF9
EF0F
EFAD
EF1A
EE5F
EDAF
ED67
EE29
EF37
F08E
F278
F3D4
F4AB
F5CE
F6CC
F7D7
F94A
FA67
FB4D
FC6C
FD62
FE33
FEAD
FE72
FE12
FD85
FCAC
FCB9
FDF7
FFDD
02B0
05E8
08AE
0B3C
0CD5
0CA6
0BC6
0ADB
098C
086D
07CF
0751
0755
0833
0966
0A99
0BBE
0C95
0CCE
0C29
0ADF
09C7
096C
098E
09FB
0AAF
0B3F
0B80
0BE0
0C43
0C2E
0BB8
0AFE
09EA
08D0
082A
0849
090A
09D3
0A87
0B5B
0BE7
0BFB
0BC2
0B08
09CA
081A
05D5
0387
01A3
FFFA
FF08
FF02
FF05
FF06
FF54
FF4E
FED9
FE59
FDA2
FCA2
FB8E
FAA3
FA2F
FA1E
FA6C
FB20
FB61
FAEB
FA8F
FA4C
F9E9
F9BB
F973
F916
F936
F942
F8BE
F830
F77C
F662
F543
F42C
F31A
F240
F170
F090
EFB3
EEA7
ED6A
EC39
EB3C
EAAF
EAAE
EAF9
EB71
EC39
ECFE
ECF1
EC1B
EB3D
EA4B
E93F
E8AE
E865
E849
E903
EA26
EB13
EC04
EC80
EC4D
EC0D
EB8D
EB23
EBB6
EC7A
ED09
EDFD
EE75
EDFA
ED5A
EC8F
EBF7
EC2C
EC8A
ED45
EED2
F03C
F183
F342
F4F1
F689
F824
F940
FA06
FA42
F9B0
F958
F966
F95F
F9F1
FAF3
FBDF
FD7E
FF9D
0146
02CF
0443
0534
05F9
06FB
087F
0A4B
0B88
0C36
0C9C
0C75
0C25
0C0E
0BCC
0B83
0B81
0B9A
0BF2
0CA3
0DAD
0F49
1138
131D
14F8
169D
17D0
1891
18F8
1927
18F7
187C
1833
180C
17F6
1855
190E
1A1B
1B7C
1C7D
1D42
1E18
1E29
1DB7
1D8A
1D04
1C7B
1CA0
1C9D
1C8E
1CE8
1C9B
1BD5
1B9E
1BBD
1C48
1D4A
1DFB
1E4A
1E23
1D55
1CD4
1CF3
1D47
1E0A
1EC7
1EDE
1EB0
1DFA
1C7D
1B27
1A38
1961
18DE
18A0
1857
17E9
1754
1703
1728
1760
17A7
17ED
1784
1625
1450
129E
112E
0FF3
0F3C
0EDA
0E1D
0D33
0C99
0C37
0C1C
0C3F
0C25
0BB3
0B10
0A4B
096D
085E
073F
0631
0518
03E8
0257
00A0
FFE0
FFF7
0063
01D7
0373
03B4
0389
034C
0237
0132
0076
FF32
FE04
FD18
FBE7
FAD9
F9D8
F8CC
F850
F82F
F88E
F9BD
FAA3
FB16
FB7E
FB06
FA1A
F985
F896
F7CC
F7CF
F7C6
F80B
F8E6
F943
F93A
F8E9
F809
F7B8
F7FD
F80A
F8A1
F952
F909
F8CD
F8D7
F88D
F8C1
F928
F8DE
F874
F7A2
F611
F4E7
F456
F41A
F4C2
F5F8
F75B
F922
FA6E
FAE8
FB7A
FC10
FC88
FD8A
FEC5
FFA9
0042
0032
FF99
FF3D
FEE4
FE5E
FE65
FF07
FFF8
0147
0266
02FB
0351
02E4
0176
0020
FF42
FE97
FE80
FEC9
FF08
FF78
FF8E
FED9
FE28
FDA4
FD03
FCD2
FD36
FDED
FEE9
FF94
FFBA
FFE4
FFE4
FFB5
FFE9
003F
0063
008F
00A5
00A3
00CC
010F
0182
0217
026F
02CD
0364
03B1
03AC
03A3
0376
0331
0311
030E
031C
0326
0318
02F7
02A6
0211
0156
008C
FFC0
FF19
FEB1
FE9D
FF00
FFC4
008B
012C
01A7
01BB
0162
0104
00B7
007F
0080
0079
005C
007B
00B0
0105
01B8
023B
0252
0260
0240
01F1
01A8
0114
0089
009E
00CE
00C9
00CF
0096
FFE0
FEC1
FD60
FC4C
FBB3
FB4A
FB34
FB4E
FB2C
FB24
FB40
FAC3
F98C
F804
F63C
F45E
F300
F233
F171
F0CC
F0B0
F0E8
F176
F280
F366
F3EB
F46C
F4CA
F523
F5AD
F621
F698
F6BD
F5EC
F506
F4A7
F45B
F4BE
F5E1
F6D2
F7F0
F94B
FA32
FB2D
FC35
FCB8
FD5B
FDDD
FDAE
FDAB
FDC2
FDA7
FE3B
FF44
005F
0206
038F
0498
05A2
0642
06A5
078D
088B
09D6
0BEE
0DC3
0EC9
0F4B
0F0B
0E2D
0D1B
0C14
0BA7
0BBA
0BE7
0C52
0CD0
0D55
0E36
0F22
0FEF
10A3
10CC
108A
0FFA
0ECE
0E01
0E45
0E7E
0E53
0E41
0DE4
0D49
0D31
0D87
0DD6
0E1F
0E72
0E94
0E88
0E88
0E40
0D9C
0D26
0C9C
0B8E
0A6D
091C
0773
0628
053A
0464
03ED
03AD
03A2
03E7
03F2
03D1
039A
02C1
01B7
00D9
FF9D
FE48
FCDF
FAE5
F91C
F7CF
F690
F5D7
F564
F488
F395
F25C
F0F2
F035
EFCD
EF91
EFF7
F051
F069
F081
EFBE
EE35
EC97
EAA9
E8CC
E77A
E6A7
E688
E63C
E526
E469
E3D7
E2E5
E2A8
E2C5
E244
E1B9
E0ED
DFC3
DF17
DE89
DE1A
DE66
DE76
DDE5
DD49
DC52
DB47
DAC8
DAC1
DB50
DBE5
DBE6
DC0A
DC1C
DBBF
DBEE
DC56
DC6B
DCD9
DCF5
DC5F
DC21
DBDE
DB91
DC7A
DE29
DFE4
E1B6
E2F3
E3A6
E443
E448
E3F2
E3E8
E42E
E505
E60D
E6C6
E7A3
E818
E7A3
E785
E7EB
E835
E90D
EA71
EBD1
ED8B
EF89
F153
F2EF
F443
F561
F64F
F6C7
F730
F7AE
F7AB
F79A
F81F
F8EB
FA18
FBE1
FDC1
FF77
0116
027D
03C5
0511
0638
0706
075C
0761
077C
07CE
0847
0909
0A25
0B50
0C5B
0D6B
0E7D
0F89
10BE
11EE
12E6
1407
1560
1690
178F
186A
1926
19EA
1ABC
1BBB
1CD8
1DA1
1E41
1F0A
1F95
1FF6
207A
20A2
2056
200E
1FCB
1F95
1FA2
1FF2
2056
2065
1FFA
1F58
1E7D
1D93
1CF9
1CB7
1CFB
1DB2
1E2B
1E6A
1EC0
1ED2
1EBC
1ECE
1EBA
1E6C
1DFF
1D7B
1D1D
1CD6
1CA6
1CBD
1C8D
1BCD
1AFA
1A05
18DC
17E6
1736
16EA
16C3
161F
156D
14FE
1431
1351
1297
1147
0FAD
0E5E
0D17
0BFB
0B15
0A0E
090D
083F
07E9
0868
0935
09EC
0AA1
0AAC
09C9
083F
05F7
039F
01F1
0080
FF89
FF5B
FEFD
FE68
FE32
FDD6
FD59
FD2D
FCC1
FBEC
FB12
FA02
F8B2
F753
F5F7
F4CC
F3AD
F283
F1D8
F185
F0EB
F060
F025
EFCD
EF86
EFA4
EFD7
EFE8
EFA6
EEDF
EDCE
EC84
EAF6
E9DD
E983
E933
E8B1
E821
E764
E6B5
E645
E5F4
E5DA
E5C6
E58B
E58A
E5B6
E5E9
E66F
E6CF
E6A3
E673
E60E
E551
E4E8
E49A
E42E
E423
E3FC
E391
E3AE
E404
E441
E4E6
E5A8
E612
E628
E5D1
E561
E506
E48F
E452
E42A
E3CE
E3D3
E3ED
E3A9
E3D8
E43D
E469
E570
E705
E828
E963
EA7B
EAC6
EAEB
EB07
EB0D
EB84
EC01
EC53
ECD1
ECD2
EC72
ECBB
ED62
EE27
EF6F
F0D6
F220
F379
F4A2
F5D2
F76E
F926
FAD5
FC7E
FDC6
FE92
FF44
000D
009C
00D2
0109
012E
0131
01D7
032D
044D
0527
05F8
0673
06A8
06E2
071D
073E
073D
0749
078A
07D7
0850
0911
09B2
0A15
0A58
0A79
0AC5
0B47
0B9E
0BF4
0C8A
0D0A
0D52
0D91
0DA7
0D71
0D1D
0CAD
0BC3
0A90
09D3
099A
09C6
0A9B
0BDF
0D86
0FF6
1255
1393
13FD
13BD
12CA
11D9
1142
10CD
1099
10D4
116F
1236
130F
13E2
141A
1365
1235
10AC
0F16
0E0B
0D75
0D9E
0EC2
0F8C
0F97
0FD6
0FD1
0F59
0F5C
0F60
0EDB
0E85
0E7B
0E98
0EEA
0F43
0FC9
101F
0FD4
0FED
10A4
10F8
113E
1194
1120
104A
0F86
0E82
0DA8
0D4D
0D3B
0D89
0E0F
0EA9
0F7D
1021
1066
1096
1074
1000
0F77
0E9D
0D94
0CBB
0BFF
0B7B
0B46
0B2B
0B27
0B1D
0AEE
0AC8
0A86
0A04
097E
08C8
0788
05F5
0494
03AA
0303
026D
0215
01C5
0125
0083
FFFC
FF4B
FE94
FDDB
FCE5
FBE8
FB23
FAA0
FA8A
FAEF
FB9F
FC54
FCE3
FD42
FD3E
FCB7
FC10
FB90
FB15
FAA7
FA57
FA11
FA17
FAC4
FBC9
FCA0
FD54
FDD4
FD86
FC8C
FBB3
FB12
FA7E
FA1E
F9CA
F985
F991
F980
F91F
F8E4
F8AE
F82A
F799
F6FF
F633
F576
F51E
F519
F4F8
F4A2
F453
F3F0
F382
F361
F359
F35B
F3DE
F4BA
F596
F679
F73F
F804
F8F1
F975
F96E
F93D
F8B8
F7EE
F753
F6D6
F65D
F605
F5CD
F5B6
F5CF
F642
F718
F800
F917
FA89
FBD0
FCEF
FE40
FF43
FFDD
004D
0027
FFA1
FF50
FEFC
FEE6
FF94
00B8
023F
0404
0545
060E
0696
0664
0590
0493
03AC
0356
03AE
0483
05EE
0777
0886
0965
0A1C
0A63
0AA3
0AF7
0B09
0B43
0C42
0DD9
0F7D
10DA
11D8
123D
11D2
10ED
1005
0F20
0E37
0D77
0CF8
0CB6
0CB3
0CFD
0DAE
0E99
0F61
0FEE
1045
102A
0FCC
0FF0
10A8
114C
11BC
120D
11E5
1162
1145
11B0
11F5
11B5
1142
10BF
1015
0FE1
1091
115E
11CE
1218
11F8
116D
10ED
104A
0F7F
0EF9
0E6E
0D9C
0CD3
0BE9
0ABB
09BE
091E
08A2
0828
07B9
075C
06D9
063E
0600
05F3
05BA
0572
04E7
03E9
02E4
020E
018E
019D
01DC
0222
02AD
032C
0385
0402
0485
04FF
0562
0567
054A
0519
0471
03B7
031B
021B
0106
003D
FF80
FF11
FF15
FF2D
FF54
FF61
FF53
FFA0
FFDE
FFCE
0042
00D9
00A9
0033
FFCB
FF25
FEA2
FE93
FEE3
FF5F
FF8A
FF88
FFC2
FFE4
001F
00D5
0156
0199
0231
0287
0250
01F7
0112
FF8D
FE12
FCB9
FBCA
FBA0
FBB5
FBEE
FC82
FCDE
FD01
FD7E
FDE6
FDE0
FDC3
FD57
FC9C
FC57
FCAC
FD11
FD62
FD8E
FD66
FD15
FD03
FD23
FD10
FCE4
FCF4
FD03
FCDF
FCD1
FCC6
FCA2
FC9E
FC5B
FB93
FAED
FA88
FA27
FA62
FB42
FC1B
FD19
FE22
FE90
FEB6
FEC1
FE36
FDA0
FD84
FD64
FD3F
FD35
FCF3
FC6E
FB67
F9DA
F8DD
F8B1
F8B0
F915
F9DD
FA71
FADA
FAD1
F9F2
F8CA
F775
F5CF
F486
F39F
F2D8
F2CE
F34B
F3AA
F440
F4DA
F4CC
F47D
F463
F47B
F4D3
F520
F547
F596
F5B8
F574
F55A
F57D
F59B
F5C7
F5D8
F59E
F56E
F58B
F603
F6BF
F76D
F808
F8BD
F95D
F9CC
FA47
FAC5
FB19
FB72
FBDB
FC06
FC10
FC46
FC6C
FC68
FC8F
FCCC
FCFD
FD76
FE21
FEA6
FF4B
0058
01A0
02F6
0437
0518
0537
0489
03C4
035E
030A
02ED
033F
0370
038D
042B
04E2
0571
0645
0703
0752
078F
0770
06BE
063E
0626
0635
06BC
0781
07F7
0858
08A0
0840
0775
06BF
0601
053B
04DB
0536
0612
06C8
0725
0764
0751
06B4
05C5
0486
032D
0263
0216
01F0
0244
02F1
0341
0318
02A9
022E
01F8
01E4
01D9
0235
02CD
0325
0333
02CA
01EA
00EB
FFAE
FE82
FE3F
FE72
FE59
FE5A
FE62
FDEC
FD4D
FCBF
FC3A
FBF7
FBA7
FB00
FA48
F958
F83B
F766
F67D
F581
F527
F509
F4CE
F51A
F5AE
F60B
F691
F6EE
F6C3
F692
F638
F5A0
F597
F5F5
F605
F604
F5FC
F5B5
F584
F575
F57B
F5E4
F666
F68B
F67E
F643
F5E0
F5A7
F569
F4FF
F4BC
F47C
F3FC
F385
F328
F2B1
F21C
F170
F0EF
F0C5
F09F
F086
F0C8
F14B
F236
F376
F455
F4F8
F5B3
F5E5
F5D1
F631
F62A
F563
F4BA
F3FE
F317
F2D3
F2FB
F33D
F404
F4D2
F51E
F55E
F593
F572
F550
F54D
F532
F527
F56A
F5D7
F641
F6FA
F7F8
F857
F83D
F8AC
F951
F9BE
FA7F
FB32
FB31
FB27
FB85
FBFA
FC83
FD1D
FD8E
FDD1
FE2A
FEE6
FFB1
001C
006A
0095
004B
FFCA
FF4C
FF1B
FFA7
0088
016E
028D
033E
02FD
0223
00C1
FF6B
FEDB
FE97
FEB8
FFB7
00B6
0155
01D0
0183
00A8
FFF9
FF02
FDFA
FD71
FD10
FD34
FE02
FE8E
FF1D
FFCA
FF67
FE6D
FDFA
FDA4
FD58
FD68
FD75
FD79
FD99
FDDD
FE7C
FEF6
FEED
FEEE
FEB0
FDD1
FD22
FCC4
FC51
FC1B
FBF9
FB96
FB35
FAA8
F9FD
F9C3
F9C2
F9E0
FA86
FB41
FBA6
FBF8
FBF3
FB72
FAD5
FA06
F92D
F8B4
F84B
F7FA
F841
F8D0
F959
FA19
FAB9
FAF5
FB2E
FB5D
FB54
FB33
FAED
FAA3
FA8C
FA6B
FA7C
FB30
FBEF
FC72
FD5E
FE86
FF81
00A6
01BD
0254
02D3
0379
0428
04E1
0565
0583
0549
04A9
03F9
0392
0336
0312
0366
03CB
044F
0520
05E2
06DF
0849
0977
0A8B
0BEE
0D0F
0DB7
0E0B
0DCD
0D43
0CC8
0C52
0C49
0CD2
0D77
0E29
0ECC
0F12
0F10
0EB0
0E0B
0DD0
0DD3
0D7F
0D26
0CCC
0C30
0BE2
0BEC
0B9B
0B20
0AF6
0AE3
0ACF
0AD9
0AE8
0ADB
0A9B
0A57
0A5E
0A61
0A0B
09C6
0982
08BC
07C0
06DB
05CA
04CC
0405
031F
029D
02E1
0324
0323
0335
0317
02C5
02A6
02AE
02C1
02E0
02F0
02E8
0293
01D8
00FA
FFCD
FE56
FD45
FC8B
FBD4
FB81
FB6B
FB41
FB73
FBD9
FC2C
FCEC
FDD8
FE69
FF29
0001
004E
0089
0119
019B
0218
02C3
036E
03FB
045B
049A
04CA
04DE
04EA
04FF
04F8
0510
0586
0602
064F
0698
06CE
06DB
06CD
068C
061F
05C1
0581
0551
0555
05A9
062C
069C
06DA
06F9
0710
06F8
0696
062D
05B4
04E7
0427
039C
02CC
01FE
0187
00C7
FFF5
FFD2
FFCF
FF97
FF9A
FF85
FF2F
FF08
FEE5
FEA1
FE48
FDA0
FCEF
FC87
FC34
FC3B
FC99
FCDD
FD55
FDDF
FDD5
FD95
FCF6
FB69
F9E9
F8ED
F7E7
F769
F7AB
F808
F8C1
F9AD
FA06
F9F6
F99F
F8FF
F89D
F882
F8CE
F9CC
FAA1
FADD
FB1C
FB25
FAE3
FAE9
FAF4
FAE6
FB0A
FB08
FAFF
FB41
FB62
FBAC
FC8E
FD41
FD7F
FDC8
FDFE
FE10
FE6F
FF2F
FFFD
00AA
0169
0243
02DE
0357
03FE
0486
04C2
04C3
0481
0464
04B7
0540
0623
075C
0854
08FD
097D
099A
096B
0928
08C8
083A
0793
0744
0784
07DA
0853
0934
09C8
0A0D
0AE3
0BF8
0CE7
0E19
0F2A
0FB0
1011
100E
0F66
0EA7
0DF1
0D3E
0CE4
0CDB
0D1C
0DAB
0DFA
0DFC
0E08
0DCF
0D74
0D8E
0DF8
0E92
0F35
0F38
0EC3
0E47
0D6E
0C97
0C55
0C4A
0CA6
0DAF
0EBB
0FE0
115C
125E
12D1
133C
136F
1380
139B
137A
1337
12CD
1203
1149
10B3
1014
0FCD
0FAD
0F6A
0F59
0F11
0E87
0EAA
0F27
0F78
1024
107A
0FB0
0EB5
0DE4
0CF6
0C62
0C19
0BC2
0B7A
0B0A
0A7D
0A3A
09DB
093F
08CF
083D
0763
069E
05D7
0507
0445
035D
026C
0195
00BE
001B
FF93
FEDD
FE4D
FDDA
FD1D
FC71
FBFC
FB78
FB24
FB01
FABF
FA93
FA51
F993
F8AE
F7E7
F744
F6DC
F673
F5FB
F57D
F485
F367
F2D5
F26D
F221
F25D
F2AF
F315
F3E7
F478
F4A4
F4D5
F482
F3B2
F2F0
F1E7
F0D3
F051
EFE4
EF72
EF4C
EF00
EE9E
EE91
EE79
EE43
EE1B
EDB4
ED2A
ECAC
EC11
EB9D
EB8C
EBB4
EC26
ECC2
ED45
EDDB
EE7A
EEF0
EF6A
EFE9
F054
F0D4
F163
F1F5
F29C
F32E
F3A4
F40D
F428
F3FB
F3A6
F2D9
F1D6
F168
F164
F172
F1F5
F2BD
F34C
F3D8
F441
F42C
F40C
F3E5
F34C
F2B9
F252
F1CE
F1C0
F24D
F2DA
F389
F45C
F4F4
F598
F626
F66A
F705
F7D6
F867
F911
F971
F912
F89C
F81C
F78E
F7B9
F855
F8EF
FA0B
FB10
FB1B
FAB6
FA4E
F9ED
F9E4
FA16
FA55
FA9F
FADC
FB63
FC3C
FCBB
FD03
FD4D
FD13
FCA9
FCBF
FD16
FDAC
FEC0
FFF4
0133
02B6
0457
05F2
0741
07E9
0830
0844
07F4
0797
0764
070E
06E6
0750
080B
092C
0AB7
0C19
0D47
0E5C
0EEB
0F1B
0F41
0F35
0F32
0F68
0FA5
1022
10C4
1122
1184
11D0
11B1
11A5
117E
10CD
1060
105A
102A
1057
10F5
1152
115C
10D7
0FA6
0E73
0D33
0BAF
0A88
0A09
0A2D
0AC2
0B14
0B21
0B2A
0AAC
09DE
0947
0898
07FF
07AD
071A
0680
0611
053B
043F
0380
02B2
01FC
016C
00CB
007E
0061
FFF0
FF76
FEF0
FE1D
FD7A
FCED
FC10
FB51
FA9C
F988
F87F
F772
F602
F4A4
F35C
F1C1
F051
EF53
EE90
EE49
EE74
EEAE
EF1B
EF8E
EF9E
EF89
EF45
EE99
EDD1
ECFC
EC20
EB9A
EB17
EA60
E9EF
E985
E8D4
E83E
E7B7
E73C
E721
E712
E6F9
E728
E752
E781
E7F5
E856
E8CE
E9AA
EA7C
EB49
EC28
ECB0
ECF3
ECF9
ECBE
ECDC
ED4F
EDD3
EED3
EFFB
F0CC
F178
F1B3
F198
F1D4
F20A
F23C
F2E8
F35A
F37B
F3FA
F480
F515
F63A
F77B
F879
F901
F8EA
F8EF
F929
F929
F9BF
FB18
FC32
FD07
FDA9
FDD7
FDFC
FE33
FE82
FF5B
0065
0148
0231
02AE
02DB
034B
0398
03E3
04B6
0549
0557
057C
0556
04D0
048B
0465
045B
04BD
053A
05DE
06DC
079C
07F5
083E
0842
0822
083F
0842
081D
082A
082E
0816
080C
07BC
0730
06DB
06AB
06C5
0792
08CE
0A15
0B3F
0C06
0C66
0C74
0C33
0C0F
0C08
0BA3
0B3B
0B10
0AAF
0A94
0B4D
0C07
0C4C
0C78
0C52
0BAC
0B06
0A9A
0A16
0951
089C
083B
07F1
07A4
079B
07C9
081A
08B5
0962
09D5
0A38
0A8B
0A85
0A3F
09F5
0999
0931
08FF
0906
0934
09A2
09F0
099C
08F2
0856
07A9
0702
069A
064F
060F
0611
0662
06BD
0704
075B
0790
075E
0714
06C9
0625
0566
04D4
0446
03EE
03D5
0391
0335
0301
02E5
02E9
0304
032B
0387
03E1
0405
0427
0442
0438
044D
049B
04F5
0521
04FC
04A0
0414
0352
02AB
0238
01D4
01AC
01CA
01F5
023E
0290
02A8
029F
0289
0236
01A2
00EC
002A
FF7E
FF01
FEB6
FE97
FE8F
FE8A
FE77
FE36
FDDD
FDA9
FD54
FC8C
FBD1
FB5B
FABD
FA49
FA58
FA3C
F9D0
F98A
F929
F8AB
F84F
F7D8
F776
F760
F72B
F70D
F741
F75C
F77F
F79F
F75B
F73F
F760
F733
F713
F6ED
F648
F5A7
F50B
F449
F421
F469
F49E
F541
F5FF
F649
F6A0
F714
F798
F893
F99F
FA60
FB0C
FB5A
FB34
FAF0
FA9D
FA71
FA86
FAB7
FB17
FB5D
FB57
FB7A
FBA3
FB7F
FB80
FB9F
FB96
FBC6
FC16
FC3B
FC7D
FCEC
FD5E
FDFF
FEDA
FFAA
0054
0123
0229
030A
03E0
04DE
0570
0567
0541
0520
0522
0576
05FF
06C2
077C
07FA
08BD
09A4
0A44
0B19
0BF6
0C40
0C88
0CFF
0D37
0D70
0D9B
0D86
0D87
0D84
0D68
0D87
0DA0
0D97
0DA6
0D8E
0D4F
0D13
0CCD
0CF7
0D99
0E05
0E68
0EDB
0EC3
0E42
0D9B
0C9E
0BA6
0AF4
0A47
09C7
098B
0954
0941
098D
0A05
0A35
09E7
093B
082A
06C4
059E
04E8
0451
03EB
03B3
034B
02AC
0211
016C
009C
FFDE
FF6A
FEF4
FE70
FE43
FE35
FDF5
FDD4
FDBC
FD74
FD39
FCC8
FBD9
FACE
F9B7
F888
F78E
F6B5
F5E0
F547
F4E8
F4D9
F512
F543
F578
F5B0
F5A2
F56D
F511
F46D
F3E4
F376
F2E6
F297
F29D
F2B7
F30D
F368
F37A
F3A3
F3E5
F401
F442
F49C
F488
F3FB
F335
F249
F161
F0D9
F0D4
F0EE
F0F4
F12F
F199
F215
F2E3
F3F6
F514
F679
F811
F95A
FA51
FB18
FB6B
FB5B
FB50
FB1E
FA86
FA1A
FA45
FAB8
FB78
FCB0
FDBA
FE08
FE15
FE3A
FE3A
FE40
FEA7
FF2F
FFB7
0099
01AB
027B
032A
03BD
0400
0437
047A
0491
04B2
04F6
0519
053F
05A8
0628
0681
06A5
06BE
06DA
06DE
0704
077A
07D6
07EE
07FE
080D
0808
07FC
080A
082C
0828
0826
0865
0876
0842
081F
07C3
0732
06EF
06C9
0687
062B
0573
0485
0389
0256
0189
018A
01CA
022B
02A9
02E2
02F1
02B5
01F9
0157
00E3
0047
FFEB
FFAD
FF18
FE97
FE48
FDEC
FDA8
FD5A
FCD1
FC39
FB90
FAE9
FA60
F9E2
F996
F974
F926
F8B7
F81F
F744
F674
F5BA
F518
F4D9
F4D0
F4E5
F558
F5D3
F63A
F6F3
F7AF
F842
F908
F9AC
F9DD
F9DE
F9AD
F948
F8F4
F8B2
F890
F8BF
F92A
F9B3
FA49
FAE0
FB79
FBEC
FC27
FC57
FC7A
FC7C
FC85
FC89
FC77
FCA4
FD21
FD95
FE0A
FEC2
FF94
0074
017C
026F
0322
03AC
0418
0488
04FE
0545
05AD
065C
06C9
070B
0799
082F
08AC
0939
09B6
0A1B
0A51
0A4D
0A70
0A9E
0A81
0A75
0A6C
0A34
0A65
0AE5
0B14
0B18
0AE2
0A51
09E2
0989
092C
0946
099D
09CD
0A28
0AA3
0B03
0B92
0C55
0D06
0D9A
0E00
0E1F
0E03
0DC0
0D5F
0CFA
0CB5
0C82
0C4B
0C23
0BEB
0B88
0B31
0AE6
0A9A
0A72
0A49
0A1C
0A12
09D7
098B
0990
0963
08EB
088D
07D5
06A6
0596
04BC
0440
041F
03E4
03CC
03EC
03BA
0383
0371
0317
02BD
0257
0170
0062
FF3D
FDC4
FC66
FB39
FA2A
F972
F8DE
F876
F862
F804
F75C
F6F6
F69F
F66D
F68F
F68D
F681
F68F
F634
F5A4
F551
F505
F4C7
F4AA
F48D
F496
F4D9
F53D
F5B5
F605
F601
F596
F49E
F378
F2B1
F24F
F23D
F280
F2F4
F360
F3C4
F448
F49B
F47A
F456
F422
F39B
F395
F44F
F50A
F5DB
F6B9
F72D
F79D
F822
F86A
F8AB
F8B5
F88D
F8C6
F90B
F987
FB0F
FCC3
FDCA
FE95
FEED
FED0
FED7
FEE6
FF15
FF7B
FF9C
FFBD
FFF8
FFD1
FFC8
FFE5
FF94
FF8B
0020
00E0
020B
0360
0453
050D
0534
04E3
051B
05A0
05FA
066E
06B1
06A4
068F
0672
06C2
0798
0845
08F7
09C7
0A3D
0AB9
0B5A
0BA0
0BD3
0BFF
0BD6
0BA9
0B79
0B47
0B8A
0C0B
0C80
0D25
0DC6
0E26
0E3A
0DD3
0D54
0D23
0D02
0D21
0DC3
0E77
0EF4
0F41
0F53
0F3D
0F0E
0ECD
0E87
0E14
0D95
0D63
0D5B
0D55
0D84
0DCE
0DE0
0DEE
0E60
0EF4
0F44
0F7A
0F6E
0EB0
0D9D
0C70
0AF6
09CB
0957
092E
0968
0A24
0AF1
0B93
0BD3
0BA4
0B3B
0A57
0917
07F7
06D9
061D
0624
05F4
0562
04FA
0425
0309
0275
0205
01A6
0185
010A
0084
005F
0015
FFD4
FFCE
FFA2
FFB9
0019
0037
006B
00AF
0094
005F
FFDB
FEBB
FD65
FBCD
FA0A
F87C
F719
F6BD
F7F1
F961
FABE
FC54
FCA2
FB4D
F9B8
F819
F6A2
F612
F60D
F652
F71D
F7FB
F8CB
F9C8
FA9D
FB15
FB2C
FA9E
F97C
F823
F728
F701
F738
F760
F7CC
F825
F7D7
F78C
F7CA
F7F2
F7E2
F801
F7EC
F763
F712
F726
F727
F728
F73A
F706
F6B2
F670
F5DB
F50F
F49E
F47A
F474
F4A7
F4E1
F4E0
F4D9
F507
F534
F52B
F512
F4DF
F464
F3D8
F367
F2D7
F237
F1C7
F172
F12E
F131
F179
F1BF
F1C2
F183
F11C
F09B
F028
EFDC
EF8E
EF51
EF5F
EFA5
F00F
F099
F119
F179
F1A1
F177
F138
F10E
F0E6
F0EE
F14E
F1EC
F2AC
F360
F3F6
F47F
F4DA
F4F6
F4D1
F458
F3CC
F366
F30E
F2FF
F362
F409
F51A
F652
F707
F77D
F802
F847
F887
F8F1
F941
F9BA
FA5B
FAC2
FB39
FBDA
FC53
FCF2
FDB5
FE07
FE10
FE33
FE78
FEFA
FFBF
00A8
017F
01F5
0213
0212
01E9
01BB
01B2
01DE
026F
0349
0437
0542
0635
06FF
07D7
086B
0886
087A
084D
0817
07F3
07AC
07A6
07FE
07F2
07AF
0796
0729
06A3
0681
067C
06BA
074E
07C7
0832
086F
0855
0855
0863
0892
0966
0A31
0A84
0AEB
0AD9
0A15
0978
08E4
0874
08C0
0931
09B5
0AB0
0B60
0BBD
0C39
0C3D
0BF4
0BAC
0AD3
09CB
08D8
0770
0643
05C6
0581
05D5
06B3
0753
07BC
0792
06A5
05F7
0592
0514
04F3
04E0
048F
0465
03D5
0298
0158
FFDB
FE06
FC8A
FB4D
FA2D
F994
F957
F940
F970
F9B4
F9CB
F9A0
F934
F8C8
F873
F80B
F789
F71B
F6E6
F6A3
F603
F552
F4B3
F401
F386
F345
F2FD
F2E6
F2E9
F2C2
F2C3
F2D4
F2A2
F27E
F26D
F229
F1EA
F1D6
F1D1
F1BF
F187
F14C
F110
F0A6
F06A
F07B
F05F
F049
F07F
F092
F090
F0D8
F11D
F127
F128
F10F
F0D1
F0CD
F131
F1D1
F2BF
F3FB
F51D
F611
F6F8
F77F
F7B4
F811
F889
F90C
F9CC
FAA8
FBA0
FCB7
FD94
FE59
FF1B
FF72
FF8F
FFA4
FF75
FF86
0026
00DD
01CB
02FD
03F5
04BE
0525
04E0
0490
0471
043C
0458
04C2
0518
059A
0630
06C3
07BC
08CC
0993
0A5C
0AD7
0AE1
0B2C
0BAC
0C13
0CB1
0D63
0DEE
0E9A
0F3B
0F8C
0FBC
0FC0
0F99
0F90
0F81
0F6B
0FC5
106F
10DA
10FE
10E8
1057
0F60
0E6D
0D9E
0CF8
0CC0
0D05
0D6E
0DEA
0EA3
0F45
0F7E
0F96
0FA4
0F76
0F39
0EFB
0E8E
0E3D
0E37
0E17
0DE2
0DE6
0DF2
0E01
0E78
0F3E
0FDC
1041
107E
104D
0FA8
0EF5
0E4A
0D99
0D28
0CFA
0CCE
0CC0
0CC7
0CA6
0C74
0C17
0B61
0AA6
0A01
0941
08C5
08C8
08DC
08BF
089E
088D
0851
07DA
0782
0734
06B7
0685
0673
05CB
04F5
0424
02C5
0170
00DC
0094
008E
00E7
0112
0104
00EC
0098
001C
FFA0
FF20
FEAF
FE3E
FDF6
FE05
FE15
FE20
FE5D
FE79
FE83
FEA9
FE6B
FDE8
FDE5
FE45
FE96
FEDC
FF1B
FF2D
FF0F
FF05
FF11
FEE6
FED2
FF1E
FF71
FFF1
009E
00BD
0082
007F
005D
0031
004D
0062
008C
00D7
00E1
00F8
0138
0150
0198
01F8
0210
025C
029F
0247
01F0
019A
00DD
008B
00CC
00DC
00E9
00F9
00A4
0063
006B
0059
004B
004E
0014
FFB6
FF5A
FF0A
FEE5
FECD
FEAC
FE9E
FE91
FE77
FE4F
FDF6
FD76
FCD8
FBDD
FAA3
F98C
F891
F79F
F6F2
F676
F5EF
F58D
F554
F4E4
F455
F3D3
F30C
F23E
F207
F208
F1D5
F1D0
F1D7
F199
F174
F174
F162
F190
F20B
F27E
F2EF
F36B
F3C9
F3DA
F399
F36A
F36B
F348
F340
F390
F3D4
F428
F49C
F4B7
F4EF
F5BB
F66F
F731
F884
F9AB
FA7B
FB89
FC7E
FD44
FE40
FF0F
FF7F
0000
0082
00DD
011A
011F
0105
00DD
008D
006A
00AD
011B
01C3
02B6
03B2
04B0
05B8
069C
0757
0804
089F
091F
097D
09A3
098D
0956
0924
0908
08FE
08F9
08F8
0915
0964
09D7
0A54
0AAB
0AC1
0AAE
0A69
09FA
09C1
09D7
0A16
0A7B
0AE2
0B2D
0B4F
0AFC
0A5A
09C7
0900
0816
075B
0687
05C3
0584
0560
0544
057F
05A1
05A4
05C6
0576
04C1
042A
0368
02A0
0244
01F7
01B6
01C0
01AF
016F
011F
0079
FFA2
FED6
FDE9
FCF8
FC21
FB39
FA67
F9C3
F924
F8C9
F8FB
F966
F9A6
F9C6
F9CB
F98C
F922
F8B2
F821
F7CB
F80C
F873
F8D9
F981
FA0F
FA58
FAA1
FA9F
FA42
F9FB
F9C0
F988
F9AA
FA3E
FB36
FC34
FCB9
FCF6
FCFB
FC72
FB9F
FACC
F9F8
F9A8
FA0C
FAA9
FB7D
FC8E
FD68
FDFA
FE8F
FF45
FFFD
0082
00DE
0111
00FF
010A
0151
0150
011B
00F6
009E
005E
0088
0090
004B
0026
000C
FFF1
0016
0069
00BC
012A
01A0
01C2
0195
0164
0103
0066
001B
000B
FFB5
FF67
FF47
FEF1
FEAD
FEB9
FEC3
FEDA
FF1C
FF5F
FFBE
003A
00AD
0130
0199
01A7
015F
00B4
FFCB
FEE3
FDFC
FD79
FD8A
FD98
FD96
FDC5
FDAE
FD6B
FD7A
FD92
FDB5
FE1D
FE44
FE26
FE13
FD98
FCA0
FBAF
FAE9
FA85
FAB3
FB1C
FBAE
FC60
FCBB
FCA5
FC4D
FBCD
FB5F
FB1A
FB11
FB7E
FC10
FC7D
FD0A
FD77
FD85
FD9A
FD78
FCEE
FCE5
FD5B
FD6E
FD5F
FD55
FCD1
FC4C
FC25
FBCD
FB6A
FB62
FB74
FBBD
FC60
FD16
FDFD
FF0A
FFBD
001C
004F
0055
006D
0092
00B1
0122
01B8
0219
0286
02DC
02D7
02CD
02B9
0279
0273
02A6
02F3
03A6
049A
05A4
06B8
074A
0768
07BD
080A
0843
0907
09F2
0A8B
0B1D
0B5E
0B15
0ACD
0A82
0A1D
0A21
0A86
0AFD
0BA9
0C65
0CF2
0D5D
0D7F
0D41
0CCF
0C2D
0B83
0AF6
0A65
09F7
09BC
0950
08E8
08EA
0902
0927
0995
09DC
09CB
099D
091C
0871
081B
07CB
0771
0789
07A9
0740
068B
05A8
04AC
03F4
0362
02F8
032B
03DF
048D
0501
0530
051B
049D
03AD
02E7
0281
0200
0175
0101
0040
FF5C
FE9E
FDCA
FD15
FCAE
FC38
FBD2
FBB4
FB85
FB67
FB9A
FB8D
FAF8
FA30
F933
F800
F714
F6AE
F6A4
F6DE
F743
F79A
F7DC
F7DF
F74C
F67D
F5F1
F570
F4F3
F4CF
F4BC
F492
F4AE
F500
F55C
F5BA
F5CF
F5B5
F5AC
F571
F52F
F551
F58C
F5CD
F646
F6A9
F6FC
F78B
F7E9
F7C0
F74A
F6D7
F691
F66B
F69A
F76E
F853
F8D3
F955
F9AC
F9A0
F9B3
F9A3
F931
F966
FA71
FB7A
FC99
FDD2
FE75
FE81
FE4D
FE04
FDF6
FE2C
FE78
FF0A
FFEB
00D8
0194
01EF
0202
0205
01DD
0196
0169
0165
01C0
0285
0332
03A7
042A
047F
046F
0444
0437
0469
0512
0626
0776
08D5
09E8
0A70
0A6C
09D6
08CE
07B3
06A3
05AD
0526
0528
059A
064D
06BA
069F
065B
05D6
04F7
049B
050F
05A2
0654
0766
0857
08E2
0945
0965
08D9
07A9
0672
0578
0488
044C
0551
0670
0701
0798
07C1
071E
068A
05E9
04D1
03FC
0363
028C
01FF
01AA
00FE
0061
0009
FF7A
FEA7
FDD0
FD1B
FC8D
FC35
FC79
FD3D
FDC7
FE2E
FE9F
FE79
FDD5
FD20
FBF3
FA88
F99E
F8FE
F87F
F894
F912
F971
F972
F904
F845
F763
F68E
F5FA
F5AE
F5D7
F6A8
F787
F7F6
F86A
F8D9
F8B2
F869
F893
F8D8
F931
FA06
FAFE
FBB1
FC51
FCA1
FC17
FB1D
FA6E
F9FD
F9B5
F9DC
FA5B
FAD5
FB47
FBE3
FC91
FD14
FD95
FE3D
FEBD
FF0A
FF5C
FF66
FF40
FF74
FF9C
FF83
FFDA
0050
0052
0085
00F4
0114
0159
01D7
0202
0252
0338
0429
04F9
05D4
065E
064A
05DF
056D
04C8
03F5
037A
0359
0359
03E8
04C4
0500
04DC
04BE
0457
0409
041E
042B
047B
052B
0569
0553
055D
0511
048E
0455
03DB
02D2
01E8
0164
0129
0162
0211
02D8
035A
0391
039D
036A
02FD
029F
0251
01EC
019A
0173
012D
00BD
004E
FFBA
FED7
FDE2
FD18
FC8A
FC47
FC56
FCB4
FD59
FE13
FEA8
FEFF
FF07
FED3
FE99
FE67
FE3E
FE1B
FDED
FDCA
FDAD
FD6B
FD2F
FD09
FCB2
FC67
FC76
FC7D
FC5E
FC65
FC5D
FC26
FC0A
FC01
FBC3
FB4E
FACE
FA5E
F9E9
F971
F92A
F8FE
F8CC
F8D9
F939
F9AD
FA15
FA41
FA10
F997
F8D5
F813
F7C3
F7BE
F7FE
F8D3
F9D4
FA8B
FB1E
FB5A
FB1C
FADC
FA97
FA2E
FA22
FA8B
FB0E
FBBA
FC6A
FCBD
FCC5
FCAF
FC60
FBED
FBB5
FBDD
FC25
FC9B
FD85
FE79
FF2A
FFEB
0059
0006
FF94
FF18
FE33
FD94
FD9E
FDF0
FEBD
FFEE
00FA
0213
030E
0352
0341
0343
0328
032F
039D
044A
050F
05BA
0640
06AB
06B7
0683
064D
05D7
0561
0533
04C4
0438
042E
0459
04AB
0574
0644
06E4
077C
07A4
074E
06D5
0618
0557
0532
0580
05DB
0633
0678
069F
0693
064A
0618
0622
0624
0623
063D
063D
0619
05F1
0586
04B5
03EA
0355
02CF
0274
0245
01F3
0196
0158
0100
0096
004D
0007
FFCD
FFBF
FFAA
FF6B
FF18
FEC4
FE58
FDA4
FCF3
FCAF
FC94
FC7E
FCBF
FD0D
FD13
FCFB
FC8D
FBAC
FAD1
FA2F
F9B2
F954
F906
F8E3
F8C4
F868
F826
F805
F79B
F726
F6B8
F600
F56B
F548
F552
F595
F5F0
F605
F5E5
F571
F49D
F3C8
F2F1
F230
F1F2
F210
F27E
F373
F471
F53B
F607
F6A1
F735
F7FE
F89D
F934
F9DD
FA00
F9BC
F972
F8E1
F856
F853
F8DC
FA27
FC07
FDB6
FF11
0016
0062
0029
FFEB
FFCB
FFB9
FF98
FF88
FFB1
0005
00C7
0203
02FB
038E
041B
0439
03B7
0330
02D6
02A3
02E1
0391
0482
05C2
073C
087F
094E
09CE
0A12
0A07
09E4
09E6
0A17
0AA5
0B83
0C24
0C4F
0C3A
0BE4
0B54
0AF8
0AFA
0B07
0B12
0B69
0BE6
0C31
0C7B
0CC2
0C88
0BF2
0B8D
0B4B
0B29
0B70
0BDC
0BF6
0BE4
0BD9
0B9B
0B0C
0A59
0981
0883
07D2
079B
077C
0776
07BC
07EE
07C6
0768
06D1
0612
0577
04F7
0477
0416
03CB
0359
02C3
0247
01EF
01B5
01C0
0200
022C
0253
026B
0214
0161
00A6
FFD5
FF11
FEA7
FE92
FEBE
FEFC
FF19
FF41
FF5E
FF28
FEFE
FF02
FEA9
FDFF
FD5F
FC9B
FBC9
FB23
FA85
FA1B
FA27
FA62
FAA9
FAFF
FB21
FB04
FAAF
F9E5
F8E4
F852
F853
F8B8
F96C
FA72
FB95
FC11
FBA4
FAFC
FA39
F91D
F84D
F7FD
F7C0
F7F9
F89F
F8DF
F8E9
F910
F8E6
F8A9
F8CA
F919
F984
F9DA
F9F4
FA22
FA2A
F9DF
F9DC
F9F1
F9D0
FA2E
FAD4
FB1F
FB91
FC0B
FBE2
FB86
FB23
FA73
F9D2
F957
F8CE
F87C
F881
F8E1
F992
FA3B
FAD0
FB46
FB53
FB5F
FBA0
FBB5
FC0C
FCD7
FD72
FE1D
FF11
FF88
FFA5
FFF3
000A
FFEF
0021
0064
0086
0097
0053
FFBA
FF26
FEB6
FE62
FE48
FE87
FF03
FF86
0015
00B9
013F
0189
0195
012F
0065
FFDA
FFCF
0009
00A6
01AE
02A3
0394
04C3
05A2
05FF
0615
0588
048B
0383
01B1
FF65
FE17
FDA0
FDC8
FF6F
022D
04F4
0745
0842
07CA
06B7
050C
02D9
00FA
FFE4
0006
0193
03EA
06A3
094F
0ADD
0A96
086D
0574
036B
0265
01E8
02B3
0446
053D
05F7
06AB
06B1
0669
0610
0530
0416
0332
02AA
02C0
032F
03AE
0450
04B4
04AB
0494
0453
03D7
03A0
03C0
0409
04A4
057D
0619
0625
05BF
0511
042D
0347
0262
013D
002F
FFD3
002D
0101
020E
02E2
034A
034A
02D5
0204
0115
0043
FF97
FEE5
FE61
FE61
FEB8
FF49
0011
00B4
012A
0192
0199
0131
0091
FFAF
FEC3
FE09
FD7E
FD75
FE07
FEB6
FF50
FFCC
FFFA
FFCF
FF35
FE41
FD41
FC38
FB5A
FB08
FB03
FB2C
FBA9
FBE2
FB8C
FB33
FAD0
FA2F
F9AE
F945
F8CE
F8AA
F8FC
F982
FA35
FAF3
FB59
FB57
FB08
FA46
F92D
F867
F82C
F823
F84F
F8A0
F8A6
F884
F8A4
F8DF
F924
F9A1
FA2B
FA99
FB07
FB73
FBD1
FC2C
FC6E
FC70
FC30
FBEA
FBF0
FC4E
FCC1
FD21
FD7A
FDBC
FDD3
FDE7
FE04
FE01
FE0D
FE6D
FF02
FFC4
00C8
01C2
0264
02B0
02D0
02F6
0312
02FC
02F1
030D
0320
0364
041C
04F6
05BE
067F
06FA
06DE
067C
066B
06B9
072C
07F2
0910
09FF
0A8C
0AD5
0A9D
09D9
08FD
0835
0789
076F
0819
08EF
09A5
0A7F
0B3C
0B78
0B82
0B53
0A98
09D9
099C
099D
09E9
0AC4
0BB7
0C12
0BB5
0AFE
0A1F
0908
0809
075C
06F2
072C
07E9
0851
0887
08C4
0863
07B3
0748
06C4
0688
06EC
0725
072F
0742
06B9
05DA
0545
04A6
042B
041C
0408
040E
0454
0456
040E
03A4
0305
0263
01D0
014F
0123
0127
0121
013A
016B
01A2
01E0
01F6
0207
021E
01DB
0156
00CC
000F
FF3F
FE81
FDBD
FD71
FDE1
FE5F
FEA5
FEF4
FF18
FEE7
FEA5
FE47
FD91
FCC4
FC1F
FB87
FB43
FBCA
FCC6
FD91
FE10
FE5C
FE68
FE2E
FDDA
FDB2
FD9F
FD79
FD6F
FD6D
FD40
FD1B
FCEA
FC61
FBAC
FAE8
FA2E
F9D2
F9C5
FA13
FAEA
FBB5
FC15
FC46
FC08
FB59
FAB4
FA02
F96C
F969
F99A
F9D7
FA4F
FA99
FABA
FAEC
FAC7
FA7D
FA7E
FA65
FA32
FA37
FA3E
FA49
FA7F
FAD4
FB6D
FC2B
FCD2
FD85
FE10
FE57
FEB5
FEBA
FE18
FD99
FD50
FCED
FD0F
FDB3
FE09
FE30
FE68
FE6C
FE5F
FE88
FEE5
FF92
0058
00BC
00D7
00D6
008B
0012
FFBE
FFA5
FFB4
FFC8
FFD8
0005
003B
0069
0099
008E
006B
00B4
010A
0104
011E
0146
0110
00EC
00F4
00E0
010D
016B
0187
01AD
01DC
019A
0118
0099
0007
FF7A
FF06
FEC1
FEA7
FE6B
FE38
FE4C
FE3C
FE0D
FDFA
FDA5
FD4E
FD8F
FDEE
FE08
FE1E
FDFF
FD76
FCCC
FC1E
FB78
FAFC
FA9D
FA4A
FA11
F9FA
F9F9
F9F2
F9ED
FA05
FA33
FA55
FA78
FAD1
FB42
FB66
FB4E
FB30
FADF
FA61
F9EC
F973
F93D
F97A
F9A6
F998
F99B
F995
F974
F95D
F980
FA18
FAD2
FB50
FBDD
FC4A
FC4B
FC7D
FCDF
FCDB
FCCB
FCD1
FC74
FC15
FC25
FC6D
FCE5
FD9A
FE48
FEBC
FEFA
FF0B
FECA
FE45
FDEE
FDCE
FDA9
FDA9
FDBD
FDBC
FDE6
FE2D
FE5A
FE7B
FE6F
FE44
FE2A
FDE9
FD9C
FD94
FDA3
FDE3
FE77
FF02
FFA0
0069
00E5
0113
0101
008E
001A
FF9F
FEF5
FEA6
FE97
FE4C
FE26
FE20
FE00
FE26
FE67
FE89
FEBD
FE88
FDE1
FD87
FD53
FD4C
FE05
FF04
FFF7
0116
01CB
01EC
01F5
019E
00D8
0026
FF8E
FF40
FF6B
FF98
FFC0
0028
0070
0060
001F
FFBC
FF60
FF2D
FF2D
FF8E
002A
00A9
0115
016E
017B
014A
00F5
005E
FFA2
FF1E
FEC9
FE76
FE6D
FECB
FF22
FF40
FF3C
FF12
FEEE
FEF1
FEF4
FF02
FF1D
FEF9
FE7B
FDA2
FC7E
FB79
FABE
FA45
FA59
FAEE
FBBA
FCD6
FE19
FF27
001E
00DC
0104
00B9
0018
FF3F
FE9F
FE47
FE17
FE49
FEBE
FF2B
FFA2
FFED
FFEA
FFEF
FFD6
FF64
FF18
FF14
FF1E
FF64
FFD8
003D
00B4
011A
0172
024D
0378
045D
052D
05D9
0604
05F7
05CD
055B
0503
04EA
04E2
0535
0602
06FC
07E8
0867
0867
083B
07C9
071E
06BA
0688
065C
0671
067F
065D
0682
06C6
06D9
0714
0773
078B
076D
0724
069B
0617
05BC
0552
04CE
044A
03D5
037F
0344
0318
02EC
0289
01E0
0123
0076
FFF2
FFB5
FFB1
FFCC
FFF7
FFF6
FFC4
FF8F
FF39
FEBD
FE49
FDA9
FCCC
FC06
FB50
FA9C
FA1A
F9B3
F97F
F9A2
F99B
F953
F936
F8FB
F86A
F7E4
F761
F6CE
F679
F674
F6B9
F73C
F7E4
F8B5
F95A
F9B1
FA47
FAF4
FB1F
FB20
FAF8
FA22
F908
F845
F7F4
F829
F8A3
F930
F9E2
FA58
FA69
FA61
FA4D
FA76
FB03
FB8E
FC2B
FCE2
FD4A
FDAE
FE2F
FE70
FED5
FF6C
FFC6
0063
0153
0201
02BC
0387
040D
04C7
0595
05F6
064E
06B1
06FD
078D
082D
08A7
0934
0983
0972
0967
094F
0942
0971
09A6
0A0C
0AAB
0B07
0B3D
0B54
0B05
0AAE
0A58
09E1
0A09
0AD6
0B7E
0C02
0C53
0C25
0BBC
0B15
0A30
0987
08F0
0849
0814
0823
0826
085D
0888
0852
07F9
0771
0695
05D2
057A
056B
057E
05BD
0617
0651
0665
064E
05C0
04EE
045C
03ED
0388
036B
0380
03A9
03EA
03FD
03CE
0396
0358
0324
0320
0349
03B2
045C
04F7
0558
0569
0508
045F
03C8
037C
0377
0393
03C6
0413
044E
046D
0481
0461
0405
039D
032D
02BC
026A
0243
0251
027B
027D
024E
01FE
017D
00ED
0079
002D
004B
00DA
0166
01D9
0261
02B9
02CD
02D7
02B7
0275
0247
01EE
017B
0157
011B
0060
FF94
FED0
FDF8
FD57
FCE6
FC83
FC8C
FCF8
FD61
FDC7
FE0D
FE0A
FE01
FE2A
FE8C
FF1C
FF83
FF97
FF86
FF40
FEB6
FE1C
FD6F
FCB0
FC12
FB84
FAE9
FA73
FA34
F9F7
F998
F933
F919
F956
F9B0
FA3E
FB1E
FC08
FCD9
FD8A
FDD0
FDBA
FD9E
FD53
FCE3
FCCE
FD0B
FD59
FDD3
FE57
FECF
FF78
001A
007C
00D8
0115
0109
00E0
00A7
008A
00B7
00E5
013D
0209
02B8
033B
040E
04B2
0503
05AC
0665
06CD
074F
07B8
07C3
07DF
07EE
07AF
0776
074B
0715
071A
0747
0765
077E
0790
079E
07A5
0786
0745
06D8
0669
0672
06B4
0693
0647
05FD
0581
052E
0545
057D
05ED
0682
06BD
06AF
068A
0613
056A
04DE
0441
0379
02A8
01CE
0109
007C
0009
FFA6
FF3F
FEAF
FE0D
FD63
FC8E
FBDF
FBA0
FB66
FAFD
FAB0
FA63
F9F2
F9A0
F966
F90D
F8BA
F87C
F82C
F7D8
F7A6
F792
F783
F76D
F75D
F74E
F70F
F694
F5DF
F4EE
F401
F355
F2C5
F251
F220
F200
F1C5
F178
F102
F056
EFA7
EF30
EF10
EF34
EF7E
EFE6
F034
F03B
F038
F03E
F010
EFCD
EF90
EF2E
EED7
EEBC
EEA6
EEBC
EF39
EFBE
F02B
F0CE
F187
F221
F2C6
F370
F3FA
F493
F543
F5C0
F60F
F691
F75A
F830
F92C
FA70
FBAE
FCCD
FDF5
FEEF
FF8F
0013
0089
00DE
0129
0178
01D3
0232
0274
02B6
031A
0387
0417
04D8
058A
063E
0725
0817
08FE
09E9
0AE1
0C01
0D25
0E11
0ED9
0F71
0FB6
0FCF
0FB0
0F46
0ED7
0E71
0E12
0E13
0E83
0F30
0FEF
105C
105F
1039
0FC8
0F02
0E3F
0D9C
0D45
0D63
0DA6
0E06
0E99
0ED1
0E9B
0E79
0E58
0E20
0E19
0E16
0DF9
0E06
0E04
0DA2
0D0F
0C6B
0BC0
0B45
0B11
0B10
0B21
0B2D
0B4A
0B79
0B90
0B91
0B72
0B14
0ABC
0A99
0A56
09EB
099A
0942
08C8
085A
07E7
0768
071F
06F3
06AA
0672
064B
05FA
059D
0552
04EF
046D
03E1
0331
027E
0222
0216
0205
01CC
0185
0122
0089
FFEF
FF87
FF2E
FEDA
FEA5
FE66
FE19
FDE3
FD97
FD1F
FCAD
FC22
FB5B
FA8B
F9B6
F8D4
F816
F76F
F6B4
F608
F572
F4DC
F470
F43E
F43C
F483
F4F1
F53A
F565
F56F
F530
F4C1
F45A
F405
F3BE
F37E
F340
F322
F330
F35A
F3A2
F3F7
F40D
F3CF
F36C
F2E6
F23D
F1BC
F183
F158
F12D
F111
F0E5
F0BD
F0CC
F0E4
F0D3
F0C5
F0D7
F0FB
F14C
F1E1
F29B
F34E
F3E7
F461
F4BE
F510
F558
F56F
F567
F587
F5BD
F5E9
F637
F69D
F6E4
F72C
F78C
F7F6
F87B
F90D
F9A3
FA54
FAF9
FB7E
FC31
FD15
FDF5
FECA
FF6B
FFCD
001B
0045
0037
001D
0003
FFF8
000D
0018
0018
0032
0056
0086
00CC
010A
013C
0153
012F
00F4
00C1
00A4
00BF
00F9
014C
01E8
028D
02FE
0362
039F
03A6
03A3
0375
032E
0310
02CB
0235
01AB
0123
0090
002B
FFE4
FFB7
FFBA
FFBF
FFBC
FFB6
FF92
FF68
FF36
FF08
FF2E
FF65
FF3E
FEF8
FE93
FDDE
FD37
FCB9
FC5F
FC77
FCCA
FD0F
FD93
FE1F
FE2E
FDD0
FD29
FC68
FBDD
FB75
FB30
FB39
FB5A
FB7E
FBD2
FC2E
FC7E
FCD7
FCF9
FCB1
FC33
FBC5
FB7C
FB48
FB43
FB78
FBA5
FBB8
FBC4
FB97
FB4C
FB32
FB26
FB1E
FB39
FB38
FB12
FB15
FB3A
FB69
FBAE
FBF9
FC2D
FC29
FBE7
FB7F
FAF0
FA4B
F9BD
F91E
F860
F7D6
F793
F787
F7C5
F838
F8B6
F91A
F938
F934
F938
F932
F93D
F979
F9B7
F9F4
FA4D
FABB
FB4A
FBFF
FCB5
FD4E
FDBC
FDF4
FE08
FE32
FEAA
FF5F
0018
00D9
01A3
024F
02EB
038B
0409
045F
04A1
04CD
04E0
04E4
0504
055B
05CA
064D
06E7
076A
07F8
08B5
0949
0999
09DA
09EE
09D0
09B2
0991
0997
09F1
0A64
0ADC
0B75
0BFD
0C52
0C82
0C6F
0C17
0BB9
0B80
0B72
0B80
0BA1
0BFD
0C8A
0CE7
0CF4
0CCA
0C41
0B57
0A5E
0962
0862
07B6
0772
0753
0769
07B6
07C4
0752
069E
05E8
0537
0482
03E2
035E
02BB
01F5
0134
0056
FF66
FE97
FDC9
FD0C
FC79
FBBE
FAF9
FA80
FA0E
F99A
F969
F943
F929
F944
F934
F8F8
F8D5
F87F
F802
F7CE
F7D2
F7F0
F82D
F857
F85F
F83E
F7CD
F72D
F687
F5EF
F594
F55F
F52E
F51D
F512
F4FA
F4F8
F4D5
F48A
F464
F431
F3DD
F3BB
F3B1
F3B4
F421
F4D5
F57A
F62E
F6F1
F780
F7B2
F7A0
F78C
F77A
F750
F746
F768
F778
F787
F7A5
F7AF
F7AC
F7A0
F776
F75D
F76A
F76C
F75D
F741
F70A
F6CC
F6AC
F6B0
F6F1
F78B
F860
F927
F9D2
FA71
FAF4
FB62
FBE5
FC70
FCCA
FCE4
FCCD
FCAD
FCB0
FCE9
FD62
FDF4
FE70
FEEB
FF60
FFA2
FFF1
0072
00CD
0113
0196
021B
0285
0316
03C1
046A
0518
059E
05EF
0637
067B
06C2
072E
07BF
0871
093B
0A02
0ABD
0B76
0C20
0C93
0CA7
0C8F
0CAF
0CFB
0D53
0DE6
0EA7
0F6D
105E
114C
11E1
1242
1278
1257
122E
1239
1252
1293
130F
1387
13FA
1479
14D3
14E6
14C0
147B
1424
13AD
1325
12BD
127C
1277
12C4
1331
1390
13E9
141E
1409
13B5
1334
129F
1219
11A3
1132
10D2
1098
1085
106F
1037
0FE8
0F84
0F0C
0E99
0E37
0DF0
0DCC
0DAD
0D73
0D12
0C8E
0BF3
0B3F
0A6C
0997
08CC
080D
0771
06F9
068F
061E
0580
04B5
03ED
0328
025E
01BE
016D
015A
014D
010F
00BB
006A
FFFC
FF8B
FF17
FE71
FDDC
FD8C
FD33
FCE3
FCC1
FC74
FBEB
FB52
FA75
F966
F86B
F779
F6A2
F61E
F5DA
F5BF
F59E
F538
F4AF
F41A
F351
F28F
F216
F1D2
F1E2
F252
F2D4
F369
F41F
F498
F4A0
F46D
F42C
F3EB
F3A5
F375
F39E
F400
F441
F46C
F4A0
F4C9
F4F8
F52C
F55F
F5C8
F657
F6A2
F6BA
F6C8
F69E
F66A
F685
F6BF
F70E
F7BB
F89F
F973
FA4E
FB16
FB87
FBBD
FBF3
FC34
FC85
FCEE
FD68
FDE6
FE5E
FECC
FF3F
FFBB
002B
008B
00E6
0126
0158
01B7
0239
029D
02DE
0307
02FE
02BE
024D
01BD
0155
0131
0129
014D
01AE
01FB
01F1
01AC
0147
00C6
0054
0010
FFE6
FFD7
FFF7
002C
005B
0088
0098
006A
0013
FFA6
FF3F
FF0D
FF10
FF38
FF91
0009
0076
00D5
0121
014F
015A
0142
011C
0103
00F2
00F7
0107
00EB
00A5
0065
0030
FFF2
FFA8
FF5F
FF32
FF16
FEFA
FEEA
FEC5
FE86
FE7C
FEA2
FEBF
FEEB
FF2A
FF5D
FF98
FFC9
FFE8
0032
008E
00CF
0122
016E
0192
01E0
024E
02A6
030B
0355
034E
0339
0303
027B
01F3
016B
00C2
0053
000F
FFB9
FFC3
002F
0077
00BB
011B
014F
0179
01BB
01CE
01C8
01F2
0232
0277
02CE
0318
0350
0388
03A3
0382
0346
030C
02C2
0285
027D
0276
024E
0242
024D
0243
0248
0253
022B
01EB
01BD
0199
017D
0168
0166
0189
01A8
01B1
01D0
01E4
01C0
0196
016E
0116
00B6
0085
0064
0032
000E
0003
FFF7
000A
004D
0085
00B4
00F6
0111
0102
0102
00DF
009D
00A3
00CC
00D7
00F5
0117
011A
013E
0171
016F
0150
0131
0111
0104
010F
012C
015F
0195
01BA
01B3
0178
0126
00B9
002F
FFE2
FFE2
FFEA
0005
0043
006D
0067
003D
0020
0039
005E
0081
00B8
00CC
00C2
00E3
00F4
00C4
009C
0064
0006
FFEA
001A
004B
006D
0071
006A
007C
006A
004A
008B
00F7
012F
015B
0180
018A
01A5
01BE
01B3
01A8
019A
0180
0185
01AD
01E9
024B
02AD
02F1
0342
0393
03A9
03AB
03C4
03D2
03CB
03D6
03F3
0402
0408
0417
0430
044C
0467
0479
0483
0494
04C9
052E
05A7
0625
06B7
0740
078D
07B3
07C2
0798
0743
06FD
06D8
06C6
06B8
06A7
06A0
069C
068B
0669
0634
05F6
05B6
0566
0527
052E
056B
05BC
0606
0624
060B
05B3
0514
047C
0433
040C
03F1
03F1
03D8
0395
0343
02D7
0250
01C4
012B
009F
0037
FFDA
FF94
FF87
FFA7
FFD9
FFEF
FFCE
FF8D
FF28
FE92
FDFC
FD87
FD3B
FD1C
FCFB
FCC9
FCB5
FC96
FC33
FBBE
FB4B
FACB
FA5F
FA0A
F9C9
F9AC
F98E
F965
F957
F94B
F932
F932
F938
F931
F929
F8FF
F8B7
F880
F84A
F81B
F814
F811
F81B
F85D
F8B5
F90D
F96C
F9A2
F9A9
F9AB
F9AB
F9B4
F9D5
F9F6
FA2B
FA7E
FABA
FADC
FB04
FB19
FB28
FB55
FB84
FBB3
FC07
FC75
FCE7
FD63
FDD4
FE37
FEA4
FF04
FF2B
FF30
FF44
FF70
FFB6
001B
007C
00CA
011D
016E
01A7
01D9
0204
0220
022E
0229
023B
02A0
032D
03AC
0434
04B3
04F8
051E
054F
058F
05E5
064F
06C0
0728
0787
07DD
07EF
0794
0710
0699
0617
05B8
05B2
05DC
0620
0688
06F7
0768
07DC
0826
0844
0859
0873
08B4
091C
0981
09DA
0A29
0A4E
0A40
0A03
09B0
0963
0918
08E2
08E1
08D7
08A1
087C
086A
0835
07EF
07B3
0786
076A
0749
0728
0725
0738
0757
076F
0762
0765
07A4
07D3
07D5
07CF
079D
0734
06C7
065B
05F3
059A
052F
04B8
0466
042D
03EE
03AB
0378
035B
0334
02F2
02AE
025B
01E6
0176
010C
008B
0014
FFB3
FF42
FED6
FE8A
FE44
FDFF
FDD0
FDBE
FDB7
FD8E
FD3B
FCF5
FCD6
FCC8
FCB7
FC92
FC3F
FBA5
FAD9
FA1D
F97E
F8D7
F837
F7B2
F72F
F6A8
F624
F5AB
F545
F4E7
F492
F466
F44E
F433
F425
F40B
F3DE
F3C3
F39E
F356
F327
F318
F2F7
F2B7
F25E
F1F8
F198
F139
F0FF
F104
F113
F125
F152
F176
F19F
F1FE
F277
F2F5
F384
F406
F476
F4E7
F53B
F564
F570
F57B
F5AF
F5F9
F62D
F67E
F701
F786
F815
F8A2
F8F5
F925
F94C
F960
F98D
F9E0
FA36
FA96
FAFD
FB4F
FB9A
FBE2
FC2D
FC7E
FC8B
FC39
FBDA
FB74
FAF5
FAB3
FADE
FB70
FC62
FD5C
FE18
FEA8
FEF7
FEF3
FEBE
FE5E
FE09
FE19
FE67
FEC2
FF4F
FFD9
0004
FFE1
FF8E
FF1A
FEA8
FE44
FDFB
FE04
FE61
FEF4
FFB0
0060
00E0
014B
0197
0190
0148
0101
00D7
00B4
009C
00A4
00BB
00CE
00EE
0115
0121
011F
011E
010B
00E6
00B3
0072
0049
0046
004A
0064
00AC
00EE
010B
011C
0128
011E
00FD
00D1
00A1
0065
0026
001F
0058
0099
00E3
0154
01B8
01D4
01A0
0125
008D
0007
FF90
FF41
FF43
FF78
FFB3
FFF8
0041
007D
00A7
00B7
00A9
008A
0070
0073
0087
0090
0092
0071
FFFA
FF79
FF41
FF14
FEC0
FE6C
FE05
FD76
FCEB
FC81
FC42
FC32
FC2F
FC31
FC41
FC2B
FBCB
FB55
FAF6
FAB7
FA9B
FAA7
FADB
FB27
FB86
FBEA
FC0C
FBC5
FB52
FAC8
FA14
F990
F98E
F9D9
FA2E
FA73
FA91
FA87
FA57
FA05
F9C0
F99D
F986
F97E
F994
F9AC
F9BC
F9EB
FA4A
FAAF
FAEC
FB11
FB1F
FAFC
FADF
FAF8
FB0E
FB09
FB1C
FB3A
FB49
FB5D
FB73
FB85
FBA5
FBC3
FBDA
FBFA
FC11
FC0E
FC08
FC1D
FC51
FC98
FCE3
FD2D
FD71
FDA5
FDBD
FDAC
FD77
FD38
FCEE
FC8F
FC3B
FC13
FC23
FC60
FCB4
FD17
FD71
FD8E
FD62
FD0C
FC94
FBFA
FB44
FA76
F9B2
F923
F8DC
F8E5
F941
F9D4
FA7D
FB13
FB70
FBA9
FBD1
FBB7
FB4A
FACC
FA71
FA28
F9F8
FA0C
FA4A
FA74
FA99
FADD
FB26
FB69
FBB2
FBE7
FC09
FC4F
FCC3
FD40
FDAC
FE05
FE5A
FE9C
FEBF
FEFF
FF80
0011
00A5
014B
01E5
027B
0330
03E6
0484
051D
05B2
0648
06EB
078F
082F
08CC
094E
09A8
09D6
09C4
0987
095D
0961
098A
09CB
0A17
0A5A
0A7E
0A75
0A49
0A12
09E6
09CC
09C5
09DD
0A02
0A27
0A8D
0B4B
0C02
0C92
0D1A
0D6B
0D80
0D99
0D97
0D66
0D4A
0D44
0D3B
0D4B
0D54
0D19
0CB1
0C3B
0BC7
0B6F
0B35
0B18
0B19
0B20
0B2D
0B40
0B3C
0B2D
0B26
0B0E
0AFA
0B15
0B3C
0B43
0B1B
0ABD
0A3A
0991
08C2
0828
07EB
07C3
07A6
07AA
079D
0774
074E
070C
06AC
064F
05E1
0565
0505
04CA
04AA
0495
047F
0476
046F
044B
0411
03C8
0374
031B
02B2
0245
01F2
01AC
017B
0176
0160
0119
00DE
00AE
006E
0047
003B
0056
00BF
0121
0132
012C
0116
00C6
0070
0020
FFC6
FF9C
FFB0
FFD3
000B
0056
008B
0075
FFEF
FF3C
FEAC
FE1B
FD90
FD5C
FD66
FD92
FDF8
FE5F
FEA8
FEFE
FF42
FF62
FF96
FFBE
FFB9
FFC1
FFD0
FFC7
FFC2
FFC2
FFBC
FFBD
FFAD
FF8F
FF7B
FF5A
FF34
FF26
FF17
FF0C
FF29
FF46
FF5C
FF91
FFC4
FFC1
FF83
FF1A
FEAD
FE4A
FDE5
FD81
FD15
FCAC
FC95
FCC2
FCDA
FCEC
FD05
FCE7
FC7D
FBD9
FB1B
FAA6
FA95
FAB9
FB2C
FBEE
FCAF
FD5B
FDCA
FDC1
FD81
FD3D
FCD0
FC6F
FC77
FCE2
FD87
FE30
FEB5
FF32
FF90
FF8F
FF6E
FF7E
FFC3
0034
00B7
0122
0173
0180
0117
0075
FFE3
FF68
FF1F
FF16
FF35
FF6B
FFA9
FFD7
FFF5
0006
0008
FFF8
FFE6
0007
0059
007D
006A
0064
005B
004E
0079
00CE
011B
0170
01D6
024B
02DB
036A
03E6
0453
04A4
04F2
0554
059A
05C3
05FC
061B
0600
05DD
05B7
0583
0560
0543
0520
052D
056D
05AA
05DE
0615
0622
0603
05F1
05ED
05C1
058D
0594
05BE
05F7
0654
06A2
06B5
06BC
06A9
0644
05BD
0543
04D0
04A3
04DB
0526
0569
05B9
05ED
05F4
05F2
05E2
05BA
059F
059C
059D
059A
0593
0595
05BD
05FF
0641
0687
06D2
070C
0742
0795
07F1
082D
0855
0875
0887
0899
08AE
08B2
08C0
08FD
095F
09DA
0A6D
0B00
0B74
0B9E
0B6A
0B18
0AE4
0AB0
0A6D
0A43
0A28
09FF
09CD
099F
0971
0937
08DD
086D
0804
07A7
074F
06FF
06A7
063A
05C8
0558
04C9
040E
035E
02D3
0241
01AB
013E
00CE
001B
FF41
FE60
FD6D
FC74
FB93
FAD7
FA40
F9AB
F907
F86A
F7D4
F734
F69B
F60C
F588
F528
F4E1
F480
F3F9
F34D
F278
F19B
F0BD
EFD4
EF08
EE83
EE3A
EE2D
EE58
EE8E
EEC0
EEF9
EF22
EF2A
EF21
EF06
EEE0
EEDB
EF0F
EF5A
EFAC
F009
F05A
F09A
F0D3
F0E7
F0D6
F0F9
F171
F21A
F2F4
F402
F50E
F602
F6DA
F788
F825
F8C7
F959
F9E8
FA97
FB60
FC3A
FD06
FD8E
FDD9
FDF4
FDCA
FD8F
FD92
FDCE
FE31
FEC2
FF5C
FFF4
009F
0135
019C
01EF
0232
0268
02A1
02D2
0301
0356
03BF
040D
0433
043E
0435
041A
03F0
03D5
03E4
0421
0488
04F4
0542
058D
05B7
0563
04C4
0451
03FA
03A7
0393
03B0
03B4
03A8
03A0
0383
0352
031B
02D6
0289
025F
0274
02B7
0307
0362
03BE
03FE
0408
03DE
0395
0344
02FB
02C6
02A6
0286
0264
0259
026C
0298
02D6
030C
0329
033D
034F
0362
0386
03C1
0408
0455
04A8
04FA
052C
051B
04E8
04B9
0484
045D
0458
044E
0440
044D
0436
03D3
0366
02EB
0236
0189
0129
00FB
00F0
0101
0111
011C
0122
0108
00C0
0052
FFD6
FF6A
FF0E
FEBB
FE84
FE66
FE4D
FE27
FDD7
FD53
FCB4
FC0E
FB8C
FB5E
FB66
FB62
FB51
FB40
FB22
FB01
FAF0
FAE0
FAC8
FABD
FACB
FAEF
FB1B
FB3E
FB54
FB5F
FB51
FB21
FAE5
FAB6
FAA0
FAB2
FAF4
FB56
FBC2
FC30
FC8C
FCCE
FCF8
FD0B
FD0B
FD0F
FD2B
FD61
FDAB
FDF9
FE46
FE9A
FEEB
FF1D
FF32
FF4B
FF70
FF8D
FFA8
FFD6
FFFE
FFFD
FFE3
FFBA
FF7E
FF5A
FF64
FF6B
FF65
FF77
FF94
FF9E
FF9C
FF95
FF89
FF7B
FF61
FF46
FF42
FF47
FF57
FF88
FFBD
FFC6
FFAF
FF8E
FF54
FF01
FEA5
FE43
FDEF
FDC8
FDCA
FDD0
FDD1
FDD5
FDC3
FD8C
FD4C
FD10
FCC5
FC6B
FC1C
FBE8
FBC7
FBA9
FB91
FB79
FB5A
FB3B
FB24
FB10
FB0F
FB26
FB34
FB2E
FB29
FB19
FAFB
FADF
FAB5
FA67
FA13
F9D0
F99F
F988
F98E
F9A9
F9D8
FA07
FA22
FA27
FA11
F9E4
F9B5
F97A
F918
F89F
F845
F81F
F81B
F831
F865
F89C
F8BA
F8D4
F8E0
F8BB
F87D
F838
F7D3
F760
F703
F6A9
F647
F5FF
F5DA
F5D8
F5F0
F5FF
F611
F64E
F6AC
F712
F787
F7FD
F865
F8B8
F8EC
F916
F961
F9B6
F9F3
FA32
FA82
FAB9
FACC
FAED
FB37
FB95
FBF5
FC50
FCA1
FCF3
FD5E
FDD3
FE2A
FE6E
FEBD
FF0F
FF4F
FF88
FFD2
0031
0095
00EF
013C
0176
019D
01C6
01F1
020C
021C
0217
01EA
01B2
01A2
01BE
01F7
0236
0265
028B
02A3
029B
0290
02AD
02E8
0324
0353
036B
036B
0353
0322
02F7
02F6
030E
0330
036B
03AC
03D0
03E9
0406
0411
040B
0409
040A
0408
0410
0426
0440
044F
044D
0448
044A
043E
040A
03BC
0367
0300
0298
0252
022B
0221
0257
02BB
0309
0330
033F
032A
0301
02E7
02DA
02D4
02CC
02A8
027B
0262
0240
0202
01CF
01BE
01BC
01C0
01CA
01C4
01A2
0171
0141
0112
00D8
0094
0058
0032
001A
FFF7
FFC7
FF9B
FF74
FF58
FF53
FF57
FF60
FF8A
FFAE
FF84
FF2C
FED7
FE64
FDDB
FD77
FD38
FD20
FD38
FD55
FD6A
FD8A
FD91
FD72
FD53
FD38
FD21
FD20
FD26
FD29
FD29
FD17
FCFF
FCFC
FD10
FD46
FD8E
FDCD
FE30
FEBA
FF1D
FF5E
FFBA
0029
00A5
0147
01EC
025F
0298
02B8
02E0
030E
032B
033E
0356
0368
0367
0357
033F
032F
033A
0375
03DC
0453
04C9
0532
0587
05D4
061A
063D
0633
0621
061E
062B
064F
068A
06D5
073E
07C5
083B
088B
08CF
08F6
08ED
08DD
08D8
08C4
08B5
08C3
08D8
08F8
093C
097F
0995
099B
09A3
0990
096A
093D
08F9
08C5
08CB
08D9
08CD
08BE
08A3
0878
0852
0818
07C5
077F
0742
0700
06C7
0686
0634
05E2
0575
04D8
042F
0389
02D0
020A
0159
00AB
FFE6
FF28
FE95
FE20
FDD1
FDA8
FD6F
FD1C
FCCE
FC6C
FBEB
FB6B
FAEA
FA62
F9E1
F95C
F8D3
F854
F7E1
F776
F721
F6FF
F714
F724
F70C
F6F1
F6D8
F6A8
F675
F652
F638
F62C
F62E
F644
F664
F67A
F69A
F6C6
F6C8
F6B8
F6C9
F6DB
F6E9
F71F
F772
F7EC
F89D
F941
F9B0
FA19
FA71
FAAA
FAEE
FB3B
FB7A
FBD1
FC53
FCDB
FD6A
FE0A
FE92
FEF9
FF6F
FFFB
008F
0136
01E9
029F
036E
0445
0507
05BB
0661
06ED
077C
0804
0860
08B6
093B
09E2
0A94
0B4D
0BFE
0C9F
0D2B
0D94
0DDD
0E16
0E46
0E6A
0E83
0E90
0E99
0EB4
0EEE
0F3C
0F92
0FF3
1058
10AB
10E5
1115
1139
1147
113F
1129
1100
10BD
1084
106A
1051
1033
1023
1015
1005
0FFC
0FD8
0F7F
0F10
0EA1
0E29
0DA8
0D2A
0CC9
0C85
0C4D
0C1D
0BDD
0B66
0ACB
0A33
0999
0910
08B7
0877
083D
0813
07F1
07C7
078A
0739
06EA
06A5
065B
0610
05C4
057A
053D
04F4
0484
0408
038A
0304
0296
0253
021D
01E1
01AA
0178
0134
00E9
00B1
0076
0022
FFDE
FFA7
FF62
FF1E
FEE2
FEA5
FE75
FE49
FE1B
FDFF
FDEC
FDDB
FDD3
FDC9
FDCA
FDD9
FDD4
FDCE
FDC9
FDA1
FD7B
FD71
FD48
FD0C
FCDD
FC9C
FC6A
FC62
FC5A
FC59
FC66
FC49
FC0C
FBCD
FB74
FB09
FAAC
FA79
FA7F
FA95
FA9D
FAAC
FAB4
FA99
FA6C
FA3B
FA12
F9F4
F9CF
F9B5
F9BD
F9D3
FA03
FA4A
FA78
FA92
FAAF
FAB6
FAA8
FA9C
FA8E
FA7D
FA70
FA6D
FA74
FA73
FA66
FA74
FA9A
FAAB
FAB0
FAC9
FAE7
FAFF
FB37
FBA3
FC1C
FC70
FC9E
FCB9
FCBF
FCAB
FC98
FC90
FC87
FC8C
FCA7
FCBB
FCD0
FCEC
FCC7
FC57
FBEB
FB9C
FB61
FB47
FB49
FB6D
FBAB
FBCF
FBD9
FBDB
FBBB
FB8B
FB5F
FB1F
FADA
FAA9
FA83
FA71
FA71
FA7A
FA8D
FA7F
FA50
FA35
FA06
F9AD
F96E
F937
F901
F91C
F956
F965
F985
F9B5
F9C1
F9D4
F9FE
FA2A
FA62
FA97
FAB4
FAC6
FACB
FAC5
FAA4
FA69
FA5E
FA97
FADB
FB2F
FB9A
FBEE
FC2C
FC5A
FC60
FC59
FC5E
FC5F
FC70
FC99
FCBE
FCED
FD20
FD36
FD42
FD57
FD53
FD4B
FD7B
FDCD
FE15
FE68
FEC4
FF00
FF25
FF3C
FF2B
FF0A
FEF4
FECF
FEA3
FE8A
FE65
FE31
FE0F
FDFE
FDED
FDDF
FDCE
FDAF
FD8C
FD74
FD59
FD32
FD1A
FD12
FD0A
FD11
FD37
FD63
FD7D
FD7E
FD70
FD60
FD4F
FD3F
FD39
FD31
FD2D
FD38
FD3E
FD45
FD6C
FD9E
FDC8
FDF7
FE32
FE7A
FECA
FF13
FF64
FFBC
FFFC
0016
0013
0010
002D
005B
0099
00F7
015E
01BA
0213
025C
029F
02E3
0312
0351
03B8
0415
0464
04B2
04E5
050A
0527
0530
0555
0595
05B1
05BB
05C3
059E
0560
0547
0565
05A0
05D3
05FE
0631
0662
068B
06A0
0693
0696
06B4
06BE
06CD
06F0
06F3
06E1
06D6
06C6
06C0
06BE
06AB
0696
066F
0632
0603
05C9
0572
0525
04C7
042B
0377
02CA
0237
01C9
016F
0139
012E
0120
0101
00C2
0057
FFEF
FF8D
FF0A
FE95
FE4B
FE00
FDAA
FD3F
FCB1
FC33
FBC6
FB57
FB13
FAF1
FABF
FA88
FA48
F9F3
F997
F925
F8B7
F879
F82B
F7A9
F728
F69A
F5EE
F56A
F50F
F4AB
F442
F3D0
F356
F2F0
F292
F231
F1EB
F1C3
F1A5
F191
F187
F177
F15F
F153
F162
F182
F1B1
F1E4
F1FD
F206
F222
F217
F1B3
F139
F0DC
F085
F049
F04E
F08E
F103
F196
F227
F2BA
F34F
F3C3
F419
F47A
F500
F5AB
F652
F6DB
F759
F7C8
F809
F834
F871
F8CA
F93D
F9C4
FA5C
FB07
FBAE
FC36
FCAE
FD33
FDC3
FE50
FED4
FF52
FFDA
0074
0118
01BD
025E
02F1
0371
03E4
045E
04DA
0541
058D
05D4
061A
0658
069C
06E0
0716
0756
07AC
07F5
0827
085C
087C
0861
0819
07C9
0785
074D
0720
0706
06FC
06F3
06F2
0701
0715
0728
073D
0745
073F
074D
0777
0798
07A4
07AE
07B5
07AB
0790
0776
0776
0792
07B4
07E5
0830
0878
08B2
08DD
08F0
0903
0915
0908
08EE
08DB
08C7
08C2
08C6
08AF
0891
0878
084E
081E
07EE
07AF
0773
0744
0716
06F8
06F5
0719
0760
079E
07DA
082D
086D
0898
08D5
08FE
0911
0931
0934
091C
0914
08EE
08B4
08AD
08BB
08BD
08C1
08A9
086A
0812
078C
06F3
0674
0605
05A4
0558
050D
04BD
0462
03FE
03AE
0367
031A
02E5
02B1
0266
0227
01EE
01A1
0156
0119
00DA
00A2
0069
0028
FFE5
FF93
FF2A
FEBD
FE4B
FDCF
FD4A
FCB9
FC2F
FBC2
FB6F
FB43
FB39
FB3C
FB62
FBB6
FC01
FC29
FC45
FC3E
FBF9
FBA2
FB62
FB29
FAF3
FAC9
FAAF
FAAD
FAC2
FAD3
FAE2
FB0C
FB52
FB9F
FBEA
FC3B
FC8B
FCBC
FCCE
FCD2
FCC9
FCB4
FC9B
FC80
FC6C
FC65
FC63
FC77
FC93
FC9E
FCB2
FCD3
FCE2
FD04
FD4B
FD94
FDE8
FE43
FE80
FEB7
FEFA
FF19
FF0E
FEEC
FEB0
FE6E
FE34
FDF5
FDD1
FDE1
FE09
FE31
FE4F
FE59
FE44
FE0D
FDBE
FD82
FD78
FD95
FDCA
FE1D
FE83
FEDF
FF39
FF94
FFDA
0014
004A
0063
006D
009B
00E6
0124
014F
017B
01A9
01C8
01D8
01F9
023B
02A7
0329
0390
03D7
0411
041B
03EA
0399
0336
02DF
02A9
0286
028E
02D1
031B
034D
0368
0370
0369
0349
031A
0305
02FF
02FD
031C
0353
0395
03FC
0461
049E
04BD
04B2
0480
0441
03EF
03AC
0398
038D
0379
0360
0339
031E
0320
0331
0358
0381
038B
0380
0355
0305
02B4
0260
0207
01B7
014C
00CC
0063
FFF3
FF84
FF4C
FF39
FF30
FF22
FEE9
FE8C
FE22
FD9D
FD11
FCA1
FC64
FC63
FC67
FC5A
FC58
FC40
FC0F
FC0C
FC27
FC38
FC58
FC71
FC74
FC86
FC99
FCA1
FCB3
FCB4
FC9E
FC7F
FC3E
FBEF
FBB8
FB89
FB57
FB2D
FB0F
FAFD
FAE5
FAC9
FAD0
FAFF
FB3C
FB78
FBA6
FBC1
FBC2
FB98
FB52
FAFE
FA95
FA38
FA05
F9EF
FA0E
FA80
FB24
FBC8
FC53
FCBF
FD09
FD21
FD0C
FCED
FCD0
FCC2
FCD1
FCED
FD1F
FD72
FDB7
FDD3
FDD9
FDC4
FD94
FD64
FD35
FD0C
FD05
FD39
FD9C
FDFC
FE44
FE7E
FE9A
FE96
FE9F
FEB4
FEB7
FEC0
FEDA
FEED
FF02
FF24
FF39
FF45
FF58
FF5D
FF4C
FF34
FF08
FEC1
FE6F
FE1C
FDCB
FD80
FD3E
FD07
FCEE
FD00
FD2A
FD4E
FD68
FD80
FD82
FD6B
FD4E
FD25
FCE2
FC97
FC50
FC0E
FBD8
FBC3
FBE7
FC30
FC65
FC8E
FCCA
FCFF
FD24
FD4C
FD6D
FD93
FDC4
FDDD
FDE6
FDFD
FE07
FE09
FE1F
FE37
FE45
FE50
FE5C
FE6E
FE90
FED0
FF3D
FFCC
0077
013D
0200
02B1
0356
03D8
0435
048D
04E9
0542
0595
05DD
061E
0657
0681
0697
068C
066B
0651
0633
061C
0636
066D
06A4
06EB
0734
0775
07B8
07D2
07AA
076C
073C
0724
0726
0737
0750
0761
0762
075B
073C
0703
06D3
06A3
0666
063A
0622
0615
061C
062A
063B
0654
065B
0641
0605
0594
04FC
044E
0381
02B1
0201
017B
011C
00BF
0053
FFFE
FFB2
FF4E
FEEF
FE99
FE46
FE18
FE03
FDEC
FDDB
FDC6
FD9C
FD5E
FD0C
FCB5
FC5C
FBEE
FB83
FB1C
FAAE
FA77
FA7D
FA7F
FA93
FACB
FAE5
FAE3
FAE8
FAEA
FAF4
FB0A
FB0F
FB18
FB2F
FB2E
FB01
FABB
FA81
FA57
FA22
F9F1
F9E7
F9E0
F9C8
F9B2
F995
F971
F960
F959
F953
F95B
F96A
F978
F984
F992
F9A9
F9BB
F9BB
F9BB
F9C1
F9B7
F99B
F978
F951
F92D
F912
F90E
F92D
F960
F996
F9E1
FA3C
FA93
FAEC
FB54
FBBC
FC0F
FC3B
FC41
FC2D
FBF9
FBA5
FB4F
FB0E
FAE8
FAE2
FAFC
FB31
FB7F
FBE9
FC64
FCDD
FD46
FD9A
FDD7
FE03
FE2F
FE59
FE76
FE95
FEC2
FF00
FF5C
FFCE
002E
007A
00D0
012B
0180
01D9
022F
0265
0282
02A3
02C7
02E2
02FD
0320
0340
036C
03BA
040E
044A
0474
048E
0495
049D
04B7
04E8
0534
0595
0607
068F
0719
0792
07FB
084C
087E
08A1
08B6
08B5
08B4
08AA
0878
0826
07D1
0784
0747
0721
071D
0730
073E
0746
0749
073A
072C
0727
0704
06DD
06F1
071E
0741
076C
078E
0793
0797
07A2
07A1
0789
0756
071A
06DA
0690
0655
0638
061D
05FE
05D6
0592
0542
04EF
0487
0419
03B2
0351
0301
02B9
0274
0245
0219
01D2
0186
0144
0107
00DB
00B7
0091
0069
0026
FFBB
FF41
FEC4
FE48
FDD0
FD65
FD2B
FD1D
FCFF
FCC1
FC7F
FC31
FBC9
FB55
FAEF
FA9D
FA5B
FA2D
FA22
FA39
FA70
FAC0
FB01
FB16
FB10
FAF8
FAC1
FA74
FA24
F9D4
F98E
F95B
F92E
F901
F8D6
F89C
F861
F841
F823
F7FB
F7ED
F7F6
F804
F834
F88B
F8E5
F930
F96C
F9A8
F9EB
FA26
FA63
FAAA
FADB
FAFD
FB2F
FB58
FB72
FB94
FBB0
FBC3
FBE3
FC06
FC29
FC57
FC83
FCAF
FCE2
FD1D
FD6F
FDD4
FE36
FE9C
FF05
FF5E
FF99
FFA7
FF91
FF87
FF88
FF82
FF98
FFCC
FFF8
0022
0055
0088
00BD
00F1
0124
0167
0197
0187
0154
0125
00FD
00E9
00F6
011B
0158
019A
01C9
01E6
01F3
01E8
01CC
01A3
0176
0163
0164
0161
016B
0187
019E
01AE
01B7
01BC
01D3
01F1
0207
0220
022C
0214
01ED
01CE
01CA
01E9
021C
0269
02D0
0322
034F
036A
0369
0353
0338
030F
02F3
02FC
030C
0316
0320
0329
032D
031F
02F2
02BA
0280
0244
0218
0204
020C
0237
0275
02B7
02FA
032D
0351
0372
038F
03B6
03EE
0420
0440
044C
0448
0440
0429
0418
0431
044C
0453
0467
047D
0485
04A2
04CA
04E5
0504
0517
050E
04F8
04CC
0484
0436
03FB
03F6
0428
046C
04BF
0528
057D
05A5
05A4
058E
0581
057F
0578
057D
0594
05AD
05BF
05B5
058B
0555
050D
04AE
044F
03FF
03B7
0379
033C
0303
02D1
0297
024B
01FA
01B8
0187
0162
0150
0155
015D
015C
0158
013B
00FA
00A4
0040
FFD3
FF7C
FF4C
FF1D
FED5
FE81
FE23
FDAF
FD31
FCC0
FC5A
FBFE
FBB5
FB77
FB39
FAFC
FAB2
FA46
F9C7
F954
F8EE
F88C
F841
F81B
F80F
F815
F821
F824
F81E
F80A
F7DA
F79C
F764
F737
F712
F6F2
F6DD
F6DB
F6DB
F6DC
F6E9
F6F6
F6FD
F70D
F717
F70B
F6F7
F6E5
F6DB
F6D6
F6CD
F6C9
F6D5
F6E9
F709
F73B
F782
F7E4
F84C
F8A9
F900
F945
F967
F97F
F9A5
F9DD
FA20
FA69
FABE
FB1A
FB70
FBD5
FC53
FCCB
FD32
FD8A
FDC8
FDF1
FE0E
FE2C
FE61
FEB2
FF1A
FF9D
0027
00A8
0121
0180
01C6
0210
0260
02B1
0316
0390
0416
04A2
0525
059A
05FD
0641
0676
06A6
06CC
06E8
070A
0748
07AA
081C
08AC
095D
09E9
0A35
0A74
0AAF
0ADD
0B16
0B56
0B87
0BAF
0BD0
0BDF
0BD9
0BC5
0BB0
0B97
0B6B
0B37
0B0F
0B00
0B06
0B16
0B37
0B5E
0B62
0B48
0B2D
0B0A
0AE8
0AD8
0ACB
0AC7
0AE4
0B08
0B18
0B14
0AF9
0AC2
0A6E
0A0F
09C0
097A
092E
08ED
08B9
088A
0864
0836
07ED
079B
0745
06E2
067E
0619
05A1
0519
04A2
0447
03FB
03B6
0380
0351
031D
02DD
0281
0205
017B
00F3
006C
FFE7
FF67
FEF0
FE7C
FE07
FD9A
FD38
FCD2
FC67
FC00
FBA6
FB51
FAF4
FA9B
FA55
FA0B
F9B8
F972
F93C
F912
F8E9
F8B6
F88D
F875
F850
F81A
F7E2
F79E
F75D
F723
F6DD
F691
F655
F61B
F5D5
F583
F52F
F4E1
F490
F447
F432
F442
F44A
F455
F472
F489
F49C
F4BD
F4E4
F501
F517
F522
F518
F4FC
F4D4
F492
F43A
F3F3
F3CE
F3BD
F3B8
F3C6
F3EB
F417
F432
F436
F434
F43F
F45D
F48A
F4D7
F55D
F608
F6B1
F759
F7FB
F888
F901
F96B
F9CD
FA33
FA8E
FAD5
FB16
FB5A
FBA6
FBF7
FC42
FCA1
FD29
FDB7
FE38
FEBE
FF3F
FFAA
000E
006B
00C1
011E
017A
01D1
0229
0283
02DF
033A
0383
03B7
03D0
03C5
03AC
0396
037E
0372
037E
039A
03CE
041B
046D
04C6
0518
0551
0581
05A9
05B6
05B8
05C3
05CF
05D9
05DF
05DB
05D6
05D2
05C8
05BD
05BB
05C3
05D1
05D7
05D8
05D3
05B5
0584
054F
050E
04C2
047A
0432
03EE
03B9
0387
0358
033E
0338
033F
0356
037A
03A3
03C6
03F1
0432
047D
04C9
0519
0555
056B
056D
0563
0546
051C
04F4
04D2
04BA
04A8
0487
045A
0436
0414
03F0
03DB
03C6
0396
0364
0349
033A
0337
034A
0369
0388
03A6
03C0
03D1
03CC
03B6
039D
0377
0345
031B
02F0
02BC
0288
0254
021A
01DE
019F
0162
0131
0114
010C
0108
0101
0110
0128
0122
0102
00D7
009A
0058
0026
0007
FFF6
FFE9
FFD2
FFB8
FFA3
FF90
FF71
FF46
FF2A
FF1D
FF04
FEE5
FED3
FEBF
FE9D
FE7A
FE59
FE38
FE24
FE20
FE23
FE38
FE6A
FEA1
FEC0
FED2
FEDD
FED8
FECD
FEB9
FE98
FE96
FEC2
FEF2
FF1B
FF3F
FF3D
FF10
FED3
FE8F
FE4F
FE1B
FDEB
FDC4
FDB7
FDC1
FDCC
FDCD
FDC9
FDC7
FDC3
FDB9
FDA8
FDA2
FDB8
FDD6
FDE6
FDF1
FDF9
FDF0
FDE0
FDDA
FDDB
FDDE
FDE7
FDF5
FE04
FE10
FE0F
FDF4
FDC5
FD94
FD65
FD3C
FD25
FD13
FCF6
FCDB
FCC5
FCAB
FC88
FC59
FC21
FBF3
FBD5
FBD1
FBE5
FBFC
FC0A
FC19
FC21
FC1E
FC14
FBFB
FBE1
FBD3
FBC5
FBB4
FBA9
FBA7
FBB9
FBD5
FBDF
FBDE
FBDD
FBD1
FBC0
FBB7
FBA5
FB9A
FBAE
FBD1
FBFE
FC44
FC8F
FCBD
FCCC
FCCF
FCD3
FCD2
FCCB
FCC9
FCCB
FCC2
FCBB
FCC6
FCDC
FCFB
FD26
FD50
FD71
FD95
FDC9
FE0A
FE47
FE81
FEC1
FEFE
FF39
FF84
FFCE
0009
004A
0093
00D8
0128
017F
01C9
0200
0220
0225
0223
0223
0227
023C
026F
02BF
031F
0381
03E4
043D
047E
04B6
04E5
04FD
050C
051D
0524
0533
055F
059C
05DF
0622
0662
06A0
06D8
0703
0728
0753
078F
07D1
0806
0830
084A
0845
083C
0846
084C
0847
084E
0858
0859
0865
0880
0880
0852
0816
07E1
07A4
076A
074A
0735
071D
0705
06E8
06C0
068F
0656
0616
05D0
0586
0541
0503
04C0
0478
0431
03ED
03A2
033C
02C4
024C
01CC
014B
00E4
0090
003B
FFDE
FF7B
FF1C
FEBA
FE4C
FDEF
FDA5
FD4A
FCDD
FC6E
FBF2
FB69
FAE0
FA5B
F9EB
F992
F947
F90F
F8E4
F8B8
F88A
F84F
F805
F7BF
F77A
F729
F6DA
F6A4
F67C
F646
F5F9
F5B8
F58E
F56A
F54B
F53C
F537
F538
F530
F519
F506
F4FC
F4ED
F4E8
F4F9
F514
F52E
F543
F552
F559
F552
F54A
F53F
F51C
F4FB
F4F1
F4DF
F4CE
F4E4
F4FD
F4F2
F4DB
F4C8
F4BF
F4C7
F4DA
F4F9
F52B
F56F
F5B1
F5DC
F5EC
F5F0
F5DD
F5B9
F5AF
F5C5
F5EB
F622
F65D
F695
F6D5
F701
F70A
F722
F750
F775
F7AC
F7FE
F84B
F895
F8F2
F954
F9B0
FA0A
FA61
FAAC
FAF2
FB49
FBAB
FBFC
FC48
FC9F
FCE9
FD20
FD62
FDAE
FDF1
FE36
FE8A
FEE6
FF42
FFA2
FFFE
003D
0063
008A
00BC
00F6
013E
0197
01FA
0257
02B8
0321
0389
03ED
0454
04AC
04EC
0532
058D
05EE
0653
06BF
072D
0791
07DD
0822
086A
08A1
08BF
08DB
08F6
0909
0917
0929
0942
0953
0959
0960
0956
0939
0935
094A
0954
095A
0966
0963
0951
0936
090E
08DF
089F
084B
07F5
079B
0736
06D4
067E
063A
060D
05EC
05D5
05C4
05AB
058B
055D
0511
04C2
047D
0429
03D9
03A9
037D
0342
0305
02CA
0293
025D
0224
01F0
01C4
0191
0157
011D
00E3
00A8
0070
004E
003D
001C
FFF3
FFD9
FFBB
FFA1
FFAD
FFCE
FFE4
FFF0
FFFA
0000
FFFE
FFF6
FFEA
FFCF
FFAB
FFA3
FFB0
FFBC
FFDF
001A
0047
0067
0092
00C0
00E5
0101
0114
0121
012F
014F
018B
01D0
020F
024D
0290
02C8
02D3
02BB
02B3
02B2
02A5
02B0
02DD
0306
0336
0371
039E
03C6
03EF
0401
040A
041C
042D
043C
044A
044D
044B
043C
040E
03CF
0393
035D
0337
0323
0320
032F
033F
033F
0333
032E
0332
0335
033E
0358
037D
039D
03B3
03B0
038F
035A
0308
0298
0233
01F6
01D6
01C6
01C8
01DD
01FB
0209
01F9
01D8
01B7
0194
016D
0150
013C
012D
012B
012D
010E
00D3
008F
002C
FFAC
FF33
FED2
FE93
FE6D
FE4A
FE32
FE22
FE01
FDDC
FDC1
FD9E
FD79
FD53
FD1F
FCF5
FCCF
FC89
FC40
FC1E
FC0D
FC0D
FC30
FC55
FC69
FC72
FC78
FC82
FC90
FC9B
FCA8
FCB8
FCD8
FD13
FD40
FD49
FD4A
FD3A
FD05
FCC5
FC8F
FC65
FC52
FC48
FC3C
FC44
FC5A
FC62
FC5E
FC65
FC80
FCAE
FCE6
FD29
FD75
FDB7
FDF7
FE4C
FEAA
FEFD
FF47
FF93
FFDA
0014
0050
00A1
00F7
013E
017C
01AE
01BE
01B8
01B2
01AA
019D
0190
017D
0164
0152
0146
0134
0121
0113
010F
0120
013B
0148
015B
0183
01A5
01BC
01DB
01F2
0208
0233
0266
028E
02B5
02D7
02F0
0307
0317
0314
030B
0303
02FF
02FE
02FB
02F3
02E9
02DF
02DE
02E2
02E7
02F8
0311
0320
032C
0347
0363
036E
036E
036B
0352
0325
02FE
02DD
02B2
0283
025C
023D
0225
0217
020D
01FE
01EC
01DC
01CF
01C8
01BB
01A2
0190
0193
0198
0199
01A1
01AE
01B8
01C7
01D5
01CD
01BB
01AE
019A
017A
015A
0141
0123
00FB
00D5
00BA
0094
005D
0024
FFE9
FFB5
FF94
FF79
FF5F
FF59
FF57
FF3E
FF1F
FF0E
FF03
FEFD
FEFC
FEF7
FEF2
FEF5
FEF4
FEDB
FEA6
FE6D
FE37
FDFA
FDCD
FDC8
FDD7
FDF3
FE25
FE60
FE99
FED5
FF0E
FF3D
FF64
FF7C
FF86
FF96
FFAA
FFBE
FFDA
FFFD
0018
002B
0037
003B
0039
0039
0038
0023
FFF5
FFC5
FF9D
FF6F
FF47
FF3A
FF3A
FF35
FF2C
FF1D
FF0D
FEFF
FEEC
FED2
FEB6
FE9B
FE8D
FE8F
FE95
FEA2
FEB8
FECC
FED5
FECA
FEA7
FE7D
FE51
FE1D
FDF5
FDF2
FE02
FE11
FE1B
FE1D
FE1F
FE1D
FE09
FDE9
FDCB
FDB4
FDA4
FD9A
FD8F
FD8F
FD9F
FDAC
FDB0
FDA9
FD99
FD8B
FD84
FD7B
FD7D
FD95
FDBC
FDE5
FE0B
FE2B
FE3B
FE37
FE2D
FE2D
FE2B
FE20
FE18
FE12
FE0A
FE0C
FE17
FE17
FE09
FDF4
FDD0
FD9D
FD68
FD3A
FD10
FCE7
FCC2
FC9E
FC7C
FC5E
FC3C
FC12
FBE9
FBD2
FBCC
FBD6
FBF6
FC29
FC61
FC97
FCC8
FCEA
FD00
FD12
FD18
FD16
FD1D
FD20
FD12
FCF8
FCDB
FCBD
FC9C
FC71
FC3D
FC0B
FBE3
FBCC
FBC7
FBD2
FBE7
FBFD
FC0A
FC08
FBF6
FBD7
FBB7
FBA0
FB90
FB8D
FB99
FBAB
FBC1
FBDE
FBFA
FC14
FC32
FC4D
FC5D
FC6E
FC99
FCE3
FD42
FDAD
FE1F
FE95
FF01
FF54
FF8A
FFB0
FFC9
FFD4
FFD8
FFE7
000F
004E
0098
00EE
0152
01C1
022C
0285
02D4
0331
039D
040B
0479
04E7
0556
05C8
062B
0667
0685
068E
0674
0648
062E
0628
062A
0630
063A
0646
065A
066D
0678
0676
066B
065D
064D
0645
064B
0654
065F
0679
069A
06B9
06DA
06F6
0700
0704
070E
071B
072A
073C
0754
0777
079D
07C4
07E7
07FA
0801
0809
0812
0816
0814
0813
0819
081C
080A
07E2
07AA
0753
06EA
068A
0637
05E9
05A9
0576
054A
052A
0516
04FD
04D5
049F
045D
0415
03CC
0386
0350
0329
0304
02D8
02A9
0279
0243
0207
01CE
019F
0176
0149
011A
00EA
00B2
0071
0031
FFEC
FF9D
FF52
FF13
FED7
FE9E
FE6F
FE38
FDEA
FD95
FD46
FCF3
FC9A
FC4F
FC18
FBEB
FBC0
FB93
FB65
FB34
FB05
FADF
FAC0
FA9E
FA7D
FA64
FA51
FA41
FA38
FA2B
FA0C
F9DF
F9B3
F990
F976
F95F
F94E
F948
F94D
F959
F962
F964
F963
F963
F964
F961
F961
F971
F991
F9B5
F9E2
FA20
FA67
FAAE
FAFA
FB4A
FB99
FBED
FC44
FC8E
FCCF
FD17
FD63
FDA4
FDE2
FE24
FE65
FEA5
FEE6
FF1B
FF47
FF7F
FFBF
FFFF
0045
008D
00B7
00C2
00CA
00D6
00E5
00F6
0102
010A
011A
0130
013C
013D
013A
0132
0121
010E
0100
00F7
00EE
00E6
00E4
00E6
00E4
00E3
00DE
00C5
009B
0073
0046
0018
0003
0005
0001
FFF1
FFE0
FFCE
FFB7
FFA1
FF8E
FF7B
FF60
FF3E
FF15
FEEA
FEC5
FEA4
FE85
FE6D
FE5C
FE46
FE2E
FE19
FE03
FDE8
FDCC
FDAC
FD92
FD87
FD8A
FD98
FDB3
FDD9
FDFD
FE10
FE1A
FE2B
FE3F
FE4F
FE61
FE76
FE79
FE71
FE70
FE7B
FE8E
FEAE
FED8
FF0B
FF42
FF68
FF78
FF87
FF9B
FFAD
FFC8
FFF1
0017
003C
0067
008F
00B0
00D2
00EF
0104
011A
013A
0161
0187
01AA
01CD
01F7
0226
024B
0258
0259
0256
0246
022E
021A
01FE
01DA
01BC
01A3
0194
0199
01AD
01CC
01F8
021E
0233
023C
0233
0217
01F8
01D6
01AC
017C
014C
011D
00F2
00CB
00B4
00AF
00B4
00C3
00E1
0104
012D
015C
0185
019D
01AB
01AF
01A5
0196
0186
016E
014F
0133
011D
0107
00F3
00E1
00D0
00C0
00B2
00AB
009E
0081
005E
003E
001B
0002
0007
0020
0042
006C
0096
00B8
00D8
00F9
0100
00E2
00BE
00AE
00A9
00B0
00D7
010F
0138
015A
017A
0192
01A6
01B3
01B0
01AC
01BA
01C9
01C9
01BA
01A4
0188
0162
013B
0126
012C
0149
0170
019C
01CE
01FB
0216
0222
0220
0209
01E4
01B9
018E
016F
0165
0166
0162
015D
015D
015A
0154
0153
0154
014E
0141
0128
0108
00E6
00B6
0081
0060
004C
003E
003B
0039
0032
002B
001A
FFFD
FFDC
FFB4
FF88
FF60
FF2C
FEF2
FED0
FECD
FEDE
FEF6
FF0E
FF24
FF2E
FF24
FF13
FEFF
FEE3
FEC6
FEA8
FE7F
FE5C
FE47
FE31
FE16
FE00
FDF9
FDF3
FDEC
FDFE
FE2F
FE63
FE8B
FEAC
FEBB
FEB3
FEA7
FE9D
FE8A
FE74
FE6C
FE70
FE80
FEA1
FECD
FEFC
FF36
FF7A
FFBE
FFFA
002C
0056
007E
0093
0093
0092
009C
00AD
00C4
00E5
0111
0138
0144
0143
0141
0131
0125
012D
0131
012A
012F
0145
015F
017E
019F
01B6
01BA
01B3
01A6
0197
0189
0182
0187
0196
01A3
01AB
01B3
01C1
01CF
01E1
01F6
0205
0204
01F5
01E4
01D4
01C3
01BA
01B5
01AE
01AF
01BC
01C5
01CD
01D4
01D6
01D5
01D5
01D1
01C8
01B6
019E
0182
015C
0131
0109
00DE
00B5
0093
006E
004D
002E
FFFA
FFBB
FF86
FF58
FF32
FF18
FF07
FF03
FF0B
FF0C
FF00
FEEE
FED8
FEBD
FE9B
FE75
FE4C
FE1C
FDEC
FDC6
FDA5
FD84
FD67
FD45
FD15
FCE2
FCBB
FCA1
FC94
FC98
FCA8
FCB2
FCBC
FCD0
FCDC
FCDF
FCDA
FCC9
FCC1
FCCF
FCD0
FCBF
FCBA
FCBA
FCBC
FCD4
FCF7
FD0E
FD1F
FD33
FD4C
FD67
FD7F
FD8C
FD89
FD78
FD61
FD44
FD24
FD0A
FCF5
FCE8
FCE5
FCEB
FCF6
FCFE
FCF8
FCE9
FCCD
FC99
FC5B
FC21
FBE7
FBAF
FB7D
FB50
FB2E
FB1D
FB0B
FAF7
FAF4
FB02
FB14
FB26
FB34
FB3F
FB5C
FB9B
FBE5
FC2B
FC79
FCCE
FD1A
FD68
FDC2
FE1E
FE78
FEC8
FF0B
FF43
FF6A
FF7F
FF8B
FF92
FF96
FF9E
FFA6
FFB1
FFC5
FFE0
000A
0042
0070
0099
00C7
00DF
00E7
00F6
0103
010D
0124
0139
014E
017A
01B5
01E2
01FB
0209
0213
021A
021D
0228
0230
0236
0247
0255
0255
0259
025A
025A
0270
0288
0286
0279
0264
0247
0231
0224
022A
024B
026F
028D
02A9
02B7
02B4
029F
027C
025F
0244
0216
01E4
01B2
016F
0130
010E
00F4
00D9
00C3
00A3
0068
001F
FFE6
FFC0
FF98
FF6F
FF4C
FF29
FF08
FEE7
FEB4
FE7B
FE4E
FE25
FE04
FDF3
FDE9
FDE0
FDDD
FDE8
FE01
FE1E
FE3F
FE5F
FE6F
FE78
FE85
FE90
FE93
FE91
FE8B
FE7C
FE63
FE45
FE25
FE01
FDDB
FDC1
FDB5
FDB8
FDC9
FDD2
FDD4
FDDD
FDE6
FDEE
FDFC
FE06
FE0C
FE23
FE44
FE60
FE75
FE87
FE99
FEAD
FECB
FEF3
FF14
FF30
FF56
FF76
FF91
FFC3
0005
003E
0075
00AC
00E1
011B
014C
0171
0199
01BF
01E3
020E
0232
0256
027D
0291
02A1
02C6
02EB
030C
033E
036C
0388
03A4
03C4
03ED
041B
0444
0470
049A
04A8
04A1
0496
0492
04A1
04B3
04C3
04EA
051F
0545
0569
058B
05A4
05C4
05DF
05EF
0603
060C
0601
05F6
05E3
05CC
05C0
05A5
0585
057D
056C
053F
0511
04DA
048B
0437
03E8
039F
0360
0328
02F3
02C7
02A8
028C
025E
0222
01E6
01A3
015A
011E
00DF
0091
0052
0022
FFF4
FFCE
FFB0
FF8E
FF64
FF3A
FF14
FEE9
FEB9
FE8D
FE59
FE1A
FDE7
FDBC
FD87
FD4A
FD0F
FCD4
FC94
FC4C
FC08
FBCF
FB98
FB61
FB2E
FB01
FAD0
FA9C
FA6E
FA44
FA14
F9E8
F9C6
F9A1
F987
F977
F954
F925
F901
F8DD
F8BA
F8A3
F88A
F878
F874
F865
F841
F821
F809
F7EB
F7D5
F7D9
F7EB
F800
F81B
F836
F84C
F865
F87A
F877
F86C
F866
F860
F85D
F85F
F860
F870
F898
F8C2
F8E8
F90E
F934
F95D
F98A
F9B3
F9DB
FA12
FA5B
FAAA
FAFF
FB61
FBC8
FC25
FC73
FCB4
FCF3
FD2F
FD5D
FD8D
FDCF
FE10
FE42
FE6F
FE9E
FECA
FEF9
FF32
FF70
FFA7
FFDD
001D
005E
00A0
00E7
0123
0154
0195
01DF
021D
025B
029D
02D7
030C
034E
03A2
03F7
0442
048F
04E0
0533
0598
0606
0661
06B1
06FF
073F
0777
07B3
07E7
0806
081D
0833
0846
0857
0866
0869
0860
0858
0852
084A
0844
083D
0837
0835
082E
0813
07F2
07D7
07B7
079A
078E
0782
0772
0773
077E
0781
0783
077F
076B
075A
0746
0724
0702
06E7
06C7
06A7
068F
067D
0668
0643
0615
05E4
05AA
056C
052D
04E6
04A2
046D
043F
041B
0400
03E8
03D8
03CA
03B9
03AF
03A5
0397
038B
036A
0335
0301
02B8
0268
022F
01F2
01B6
019B
016D
010E
00AF
005F
001A
FFF0
FFCE
FFAC
FF9E
FF9C
FF92
FF76
FF43
FF03
FEB2
FE50
FDFA
FDAF
FD60
FD1B
FCE0
FCA5
FC7F
FC65
FC40
FC16
FBE6
FBAC
FB74
FB40
FB15
FAFE
FAF1
FAE6
FAEB
FAFA
FB09
FB20
FB37
FB41
FB3E
FB36
FB2B
FB21
FB18
FB0F
FB06
FB06
FB13
FB2A
FB4B
FB6E
FB8E
FBAC
FBC1
FBC3
FBC0
FBC5
FBD5
FBEE
FC00
FC18
FC46
FC75
FC94
FCAB
FCBB
FCC4
FCCB
FCD1
FCDE
FCF9
FD1B
FD45
FD78
FDB0
FDF3
FE38
FE61
FE7E
FE9E
FEB6
FECC
FEEF
FF15
FF40
FF6F
FF8C
FF9A
FFA6
FFAA
FFA5
FFAB
FFBE
FFD3
FFE6
FFFB
000E
001B
0028
002F
0027
001D
0022
0032
0042
004F
005F
0079
0094
00A7
00B3
00C1
00CF
00DC
00F3
0116
0137
0153
0174
018F
01A6
01C3
01D6
01D1
01C3
01B2
019B
018A
017D
016C
0160
015D
0160
0169
0175
0181
018F
019C
019C
0195
019C
01BB
01E2
0208
022E
024C
025C
0268
0268
0264
026C
0277
027A
0284
0295
02A9
02CA
02EE
0309
0322
033C
034C
0345
0330
031C
02FF
02D1
02AA
028A
025D
022F
020C
01F6
01F7
0200
0202
0210
021B
0209
01EE
01D5
01B2
019C
019D
01B4
01E2
020D
022B
024E
0264
0260
024F
022F
020C
01FA
01DB
01A9
017C
0141
00F0
00A8
006C
0046
003C
002E
001E
001E
0010
FFF2
FFD9
FFBB
FF99
FF7C
FF51
FF29
FF18
FF05
FEE8
FED2
FEC0
FEAC
FE98
FE8A
FE7B
FE51
FE11
FDE2
FDC2
FDA4
FD93
FD8A
FD7C
FD7C
FD85
FD8B
FD9B
FDB5
FDC8
FDD6
FDDF
FDDF
FDE0
FDE5
FDEB
FDF3
FDFB
FDFB
FDF4
FDFD
FE18
FE2E
FE3E
FE4D
FE52
FE4E
FE3E
FE1D
FE02
FDF9
FDF4
FE04
FE3A
FE7F
FEBE
FEF5
FF1D
FF40
FF5F
FF7B
FFA4
FFDD
001C
0063
00AA
00ED
0135
0172
0192
01A7
01C3
01E7
0213
023A
0263
0296
02AC
029A
028A
0289
0285
0285
0295
02A5
029A
027B
0262
0255
0249
023F
0238
022F
022E
0239
0236
0219
01F5
01CE
0198
0163
013E
012D
0136
0145
014E
0165
0176
015F
013A
0121
0110
0110
011D
0129
013D
0150
0157
015E
0159
013D
0129
0111
00DF
00A7
0072
0034
FFF5
FFB1
FF6D
FF36
FEF5
FEA4
FE57
FE0D
FDC7
FD8F
FD59
FD29
FD10
FD0A
FD10
FD1C
FD23
FD2B
FD30
FD29
FD22
FD20
FD17
FD0F
FD09
FD01
FD00
FD08
FD19
FD36
FD4B
FD48
FD3A
FD1F
FCF1
FCBD
FC91
FC71
FC5B
FC4B
FC40
FC3C
FC3A
FC38
FC38
FC37
FC32
FC28
FC1E
FC18
FC15
FC1A
FC2D
FC42
FC54
FC6E
FC8C
FCA6
FCC2
FCE6
FD0A
FD2D
FD4F
FD6A
FD81
FD97
FDAC
FDCB
FDF8
FE2A
FE5D
FE98
FED3
FF05
FF3E
FF8A
FFD4
000D
004E
0099
00DC
012D
0198
01FA
0249
0297
02E8
033A
038F
03E0
0438
04A6
0517
0580
05E0
062D
0666
0695
06C1
06ED
070F
0722
0733
0740
0744
0751
076A
077E
078B
079F
07AF
07BA
07D1
07FA
081C
0826
081C
0803
07DA
07A0
0760
0729
06FE
06D2
06A5
0680
065B
0634
060D
05E2
05B5
058F
0570
0556
053F
0523
04FB
04C8
0490
045B
042D
0404
03DC
03B6
0398
0375
0340
0304
02C2
0274
022E
01F1
01AB
0170
0151
0138
0126
011E
010F
00FA
00DA
00A0
0053
0000
FFA5
FF43
FEE5
FE93
FE51
FE10
FDD4
FDA7
FD7F
FD5E
FD42
FD12
FCD1
FC8D
FC3E
FBE7
FB91
FB3A
FAF0
FAB9
FA7B
FA2F
F9E4
F99C
F94B
F8F0
F8A7
F882
F871
F86E
F874
F875
F873
F869
F844
F819
F801
F7EC
F7DF
F7E0
F7D8
F7CE
F7D6
F7DB
F7CE
F7BE
F7A9
F793
F789
F788
F788
F79B
F7C8
F801
F842
F890
F8DD
F918
F94C
F98A
F9D3
FA1F
FA6C
FABF
FB1C
FB80
FBD9
FC22
FC62
FC9E
FCCF
FCFB
FD2B
FD5F
FD9E
FDE4
FE20
FE59
FE98
FED1
FEFF
FF36
FF7D
FFCB
001A
0069
00B6
00F3
0119
0134
014D
0164
0186
01B0
01E4
0228
026D
02A5
02E5
0329
0361
0394
03C4
03EC
041B
0445
045A
046D
0481
0486
048A
049A
04B4
04D5
04F0
0501
050F
0518
0514
050B
04FE
04E9
04D1
04B8
049D
0487
047B
0472
0471
0477
047C
047D
047A
046D
045A
043E
0411
03DE
03AE
0375
0335
02FF
02D3
02AA
0277
022E
01DB
0183
0116
009F
0039
FFE1
FF8A
FF31
FED4
FE7A
FE27
FDD6
FD74
FCF5
FC75
FC07
FBA0
FB45
FB00
FABD
FA79
FA48
FA1A
F9E2
F9AF
F976
F932
F8ED
F8A3
F85F
F836
F817
F7FE
F800
F80B
F803
F7EF
F7D4
F7AB
F77A
F740
F700
F6C3
F688
F652
F632
F620
F617
F628
F649
F662
F681
F6AE
F6DC
F708
F72D
F747
F756
F759
F757
F76D
F799
F7CC
F80C
F859
F8A1
F8DA
F90A
F944
F990
F9DB
FA21
FA69
FAB7
FB1A
FB91
FBF8
FC4E
FCAD
FD0C
FD6D
FDDA
FE3D
FE93
FEFA
FF62
FFB9
0018
007D
00CB
0110
0160
01B8
0216
0275
02C3
0302
033D
0375
03A9
03D6
03FA
041B
043E
045D
0475
0489
04A2
04C9
04FB
0535
057B
05C2
0603
0641
0671
068C
069E
069B
0677
064D
062C
060D
05F8
05E9
05DA
05D8
05ED
0604
060F
0613
0615
061C
0620
061C
0619
0621
0634
0646
064E
064E
064B
063F
062F
0621
0613
0606
05FD
05EF
05D9
05BF
05A1
057A
054D
0519
04DD
049F
0466
0432
03F9
03BA
0382
035D
033D
0318
02FB
02E2
02BB
028A
0256
0218
01D0
0184
0130
00E1
00A6
007B
0054
0032
0019
0004
FFE9
FFCA
FFA6
FF78
FF47
FF1D
FEF2
FECC
FEB6
FEA5
FE88
FE64
FE45
FE2A
FE13
FDFD
FDE6
FDCC
FDB2
FD97
FD75
FD49
FD1A
FCE5
FCA4
FC55
FC0D
FBE3
FBCF
FBC2
FBCD
FBEA
FBF5
FBE7
FBD0
FBB4
FB98
FB80
FB6C
FB66
FB72
FB8A
FBB2
FBE8
FC23
FC66
FCB0
FCF8
FD43
FD96
FDE9
FE33
FE78
FEBC
FEF8
FF2B
FF65
FFA9
FFE5
0017
004B
0075
009B
00C2
00DE
00ED
00FE
0112
0128
0149
0175
01AB
01F0
0234
026E
02A5
02D0
02E2
02EA
02F6
02F9
02EC
02D6
02BA
029B
027F
0262
0247
023E
024B
0262
027D
029B
02B4
02BC
02B8
02BA
02CB
02DE
02F3
0310
032B
032F
0319
02F6
02D3
02B0
0292
0282
0278
026A
0262
0266
0267
025E
024E
0230
020D
01F7
01EB
01E6
01EE
01F7
01FA
0206
021A
0223
0219
0201
01E2
01C3
01A6
018C
017C
017C
0188
019C
01B7
01D6
01F6
0217
0232
0240
0246
0245
0238
0228
021A
0202
01E6
01D4
01CA
01BE
01B4
01AE
01A6
019D
0196
0197
01A0
01AB
01B6
01BD
01BC
01C5
01E6
020B
021B
0222
0226
021B
020A
0205
020B
021B
0232
024A
0260
0278
0284
027F
0279
0271
025F
024B
0238
021C
01FF
01ED
01DC
01C7
01B2
01A0
018A
0170
0159
0148
0132
0114
00F2
00C9
0097
0065
003B
0011
FFE6
FFBC
FF93
FF68
FF40
FF19
FEED
FEB5
FE77
FE3F
FE0B
FDD2
FDA5
FD8C
FD7C
FD67
FD4F
FD34
FD15
FCF3
FCDA
FCCE
FCC5
FCB6
FC9F
FC85
FC6E
FC5C
FC48
FC34
FC28
FC30
FC48
FC61
FC7E
FCA7
FCC5
FCCE
FCD7
FCEE
FD0C
FD30
FD58
FD7E
FDB0
FDF3
FE2D
FE50
FE68
FE72
FE67
FE56
FE51
FE63
FE8D
FEC9
FF10
FF66
FFC7
001F
006A
00B4
00FC
013D
0175
01A8
01E5
0230
0274
02AC
02E5
0321
035E
039E
03E0
0420
045A
0487
04AA
04C4
04D5
04DF
04E3
04DD
04D2
04CC
04C8
04C6
04CD
04D3
04CE
04C7
04C9
04C9
04BE
04AB
048D
0455
0402
03AE
036D
0336
0308
02ED
02E9
02E8
02DC
02C4
02AB
0291
0272
024A
0223
01FF
01DC
01C0
01A4
0186
016C
0155
013C
012A
0124
0122
0122
0127
012A
012D
0133
0130
0113
00E1
00AA
0073
003F
0018
FFFC
FFED
FFF1
0006
0020
003E
005B
0073
008A
009A
0090
0071
004E
002A
0003
FFEB
FFE7
FFEA
FFF7
000C
0022
0036
0045
003E
0029
001B
0012
0007
FFF9
FFE7
FFD7
FFD7
FFDB
FFD3
FFC8
FFBC
FFA7
FF8C
FF78
FF6B
FF5B
FF41
FF21
FF02
FEE7
FECA
FEAB
FE90
FE79
FE67
FE5C
FE53
FE4A
FE4A
FE4C
FE42
FE35
FE31
FE38
FE48
FE68
FE90
FEB5
FEDB
FF09
FF35
FF53
FF6B
FF7B
FF7B
FF67
FF48
FF2C
FF1D
FF0F
FEFD
FEF3
FEEB
FED7
FEC4
FEB6
FEAB
FEAB
FEB3
FEC2
FED9
FEE6
FEE4
FEDA
FEC5
FEAA
FE95
FE7C
FE61
FE54
FE52
FE4E
FE45
FE38
FE28
FE12
FDFB
FDF6
FDFE
FDFE
FDFE
FE04
FE04
FDFF
FDFD
FDF7
FDEA
FDDE
FDD0
FDBD
FDAC
FD95
FD6C
FD3C
FD0E
FCDD
FCA9
FC75
FC3F
FC0D
FBE9
FBCA
FBAC
FB97
FB83
FB6C
FB5D
FB52
FB42
FB36
FB30
FB2F
FB37
FB40
FB49
FB51
FB54
FB55
FB61
FB75
FB89
FB9C
FBB1
FBC7
FBDC
FBEB
FBF9
FC0B
FC1F
FC37
FC54
FC6E
FC86
FCA1
FCB8
FCCF
FCEE
FD0D
FD29
FD47
FD64
FD7A
FD8E
FD9C
FDA3
FDA4
FDA9
FDC6
FDFC
FE35
FE72
FEB3
FEE6
FF0E
FF2D
FF36
FF3A
FF4D
FF5A
FF66
FF84
FF9F
FFB4
FFD2
FFEB
FFFA
000C
0013
000E
0011
001F
0026
001E
0011
0009
0007
0009
0011
0020
0037
0053
0078
00A7
00D8
0104
012F
015D
0190
01CE
0210
0252
029E
02E5
0313
0332
0349
0352
034F
033E
031B
02F8
02E2
02D2
02BF
02AB
029F
0294
0287
0281
0289
029E
02B7
02C9
02D7
02E5
02E0
02C7
02B1
02A2
028D
027C
026E
025D
024F
0246
023F
0237
0229
0215
0201
01EA
01D8
01D8
01E1
01E2
01E2
01E5
01E1
01D2
01C6
01C8
01CF
01D3
01D0
01CA
01BF
01AE
019F
018F
0177
0161
014E
013A
0137
014B
015B
015A
0153
014C
0149
0145
013F
0141
0148
014E
015E
016D
0170
0175
0175
0151
0112
00D0
0090
0055
0020
FFF3
FFD6
FFC6
FFB0
FF94
FF78
FF5A
FF39
FF18
FEF2
FEC8
FEB1
FEB0
FEB6
FEC1
FED7
FEEE
FEFE
FF01
FEF8
FEED
FEDE
FEC6
FEAE
FE9C
FE8E
FE83
FE7B
FE75
FE76
FE7C
FE82
FE88
FE87
FE7D
FE75
FE6D
FE62
FE58
FE52
FE4D
FE43
FE2E
FE0F
FDE9
FDBC
FD90
FD6C
FD4F
FD39
FD26
FD19
FD15
FD19
FD28
FD45
FD62
FD81
FDAC
FDD5
FDF8
FE19
FE2D
FE39
FE4C
FE63
FE6F
FE6F
FE6E
FE73
FE7E
FE95
FEB9
FEDD
FF03
FF32
FF5F
FF8A
FFC0
FFF5
0025
0056
007A
008C
0097
0095
0086
007A
0070
0062
0051
003F
0034
0029
0016
0004
FFF9
FFEF
FFE9
FFE9
FFED
FFE8
FFD5
FFCA
FFCF
FFCB
FFBC
FFB1
FFA6
FF94
FF7D
FF5F
FF42
FF2C
FF10
FEF4
FEDC
FEB8
FE8E
FE75
FE5D
FE39
FE1C
FDFD
FDC9
FD9F
FD9A
FDA0
FD99
FD99
FDA1
FDA6
FDB6
FDDD
FE03
FE1C
FE2F
FE3E
FE46
FE4B
FE4A
FE3C
FE34
FE3C
FE51
FE6E
FE8E
FEAD
FED2
FEF7
FF0E
FF1F
FF2D
FF2F
FF34
FF43
FF4F
FF60
FF80
FFA1
FFC0
FFDE
FFF5
0002
0013
0032
005B
007B
0096
00B0
00C8
00E8
0112
012E
0140
0150
0156
0159
0155
0139
0118
0107
00F3
00D9
00C1
00A2
0080
0069
005C
0059
005B
005D
0065
0070
007B
008A
00A1
00BD
00D3
00DF
00E6
00DD
00B2
007D
0056
0035
0020
0019
0011
000C
0019
002C
0036
0031
0029
002D
0037
0045
0065
0095
00C7
00F5
0122
014E
0172
0186
0189
0185
0181
0180
017F
0180
018F
01AD
01D2
01F4
020E
0225
023F
0254
0267
0284
029F
02B2
02C2
02C7
02BF
02B2
0299
0275
0258
0242
0225
0209
01F2
01D9
01CC
01D3
01D3
01CC
01CB
01C7
01C1
01BE
01AD
0188
0154
010D
00BF
0075
0025
FFDB
FFA4
FF6E
FF38
FF0F
FEE9
FEC4
FEA8
FE8A
FE65
FE3E
FE0C
FDD1
FD9C
FD66
FD2C
FCFE
FCE6
FCD8
FCC6
FCB5
FCA6
FC8E
FC73
FC59
FC3B
FC26
FC24
FC29
FC39
FC59
FC7E
FCA5
FCD3
FD07
FD35
FD5F
FD86
FDAA
FDC5
FDDD
FDFA
FE14
FE2D
FE52
FE84
FEBC
FEFF
FF51
FFAB
0003
005B
00B7
0110
0160
01A4
01E2
0226
0272
02B9
0304
0358
03A7
03F3
0446
0491
04CE
0508
0540
0576
05B0
05F1
0631
0662
0684
06AC
06D7
06F9
071C
0744
075A
075B
0755
0744
0720
06F1
06BC
067D
063C
0606
05D8
05B5
05A9
05A9
05AC
05B3
05B8
05BE
05C6
05C2
05B5
05A8
058C
0553
0506
04AC
044C
03E6
0381
032A
02E1
028F
0239
01F0
01B1
0177
0150
013C
0129
0109
00E3
00BC
0092
0066
003F
001E
FFFF
FFDD
FFB2
FF85
FF59
FF29
FF02
FEEB
FECF
FEAD
FE9C
FE9A
FE9B
FEA9
FEBD
FEC8
FED6
FEEC
FF03
FF16
FF28
FF38
FF4A
FF58
FF62
FF73
FF89
FFA2
FFC8
FFF7
0026
005A
0089
00AF
00D8
0101
011E
013E
0171
01B0
01E7
020F
0230
024C
0259
0255
024B
0247
0248
0241
0239
0237
022E
021E
0222
022D
0228
021D
020F
01F6
01DC
01BC
0190
0169
0146
0125
010F
0102
00FB
00F5
00E6
00DE
00E5
00E8
00DF
00D5
00B7
0082
004B
001C
FFF8
FFE4
FFDB
FFDE
FFED
FFFD
0005
FFFD
FFE7
FFC9
FFA0
FF6A
FF3A
FF18
FEFA
FEE0
FECD
FEBE
FEB2
FEA9
FE9B
FE89
FE7F
FE7A
FE6C
FE61
FE60
FE5C
FE51
FE4B
FE50
FE57
FE5C
FE60
FE67
FE67
FE51
FE2D
FE11
FDFF
FDEE
FDDC
FDD2
FDCE
FDCE
FDCE
FDCC
FDC6
FDBD
FDB0
FD9F
FD9B
FDA9
FDB8
FDBF
FDC7
FDD6
FDE1
FDE0
FDD8
FDD0
FDCD
FDD0
FDD1
FDD1
FDD9
FDE9
FDED
FDD9
FDB9
FD96
FD6B
FD40
FD24
FD04
FCCE
FC97
FC73
FC53
FC38
FC2B
FC1E
FC0E
FC00
FBF1
FBE6
FBE1
FBD5
FBBA
FB9C
FB84
FB70
FB5A
FB40
FB2E
FB23
FB18
FB16
FB1A
FB15
FB10
FB13
FB18
FB1C
FB2B
FB48
FB5C
FB5A
FB53
FB51
FB4D
FB4F
FB5F
FB73
FB8A
FBAC
FBD3
FBFC
FC28
FC53
FC74
FC81
FC7C
FC6E
FC5E
FC4E
FC45
FC45
FC50
FC68
FC86
FC9F
FCB7
FCD4
FCEE
FD07
FD29
FD5A
FD8B
FDB1
FDD1
FDEA
FDFD
FE13
FE25
FE2E
FE3A
FE4D
FE67
FE83
FEA7
FEDB
FF11
FF33
FF50
FF74
FF90
FFA8
FFC6
FFE0
FFF5
000A
0017
0019
0016
000C
FFFE
FFED
FFDB
FFD5
FFDE
FFF0
000D
0031
004F
006A
0085
009C
00B6
00CF
00E2
00F9
0110
011D
0126
0136
014B
0166
0185
01A2
01BE
01D8
01E1
01D3
01BA
0199
0171
014B
012F
0119
0104
00F6
00F0
00ED
00F0
00FA
0101
0103
010A
0118
0125
0133
0147
0152
014F
0150
0160
0177
0197
01C4
01F3
0221
0254
0284
02AC
02D0
02F1
0305
0314
0335
036D
03A0
03C1
03D8
03E2
03D2
03A9
0376
0349
0326
0308
02F4
02EF
02F1
02F8
0305
030D
030F
0318
0322
0327
0330
033A
0340
0347
034C
0349
033F
0334
0324
030D
02FD
02FC
0304
030C
0311
0312
0310
0302
02E4
02BE
0299
0276
0258
023A
0214
01F0
01DF
01D5
01CA
01C0
01AA
018C
0180
0181
0174
015E
014D
0133
0117
0101
00E0
00B3
0093
0076
0052
0034
0013
FFE5
FFBD
FFA5
FF95
FF8B
FF83
FF7B
FF7C
FF82
FF80
FF76
FF62
FF40
FF1D
FEF7
FEC7
FE99
FE73
FE4B
FE22
FE00
FDDD
FDB5
FD8C
FD5B
FD24
FCF4
FCC5
FC94
FC66
FC3B
FC0C
FBDB
FBAA
FB7D
FB57
FB34
FB16
FAFF
FAE4
FABE
FA97
FA6C
FA3C
FA0C
F9D9
F9A2
F976
F967
F971
F97E
F98B
F99F
F9AE
F9A8
F998
F988
F97B
F97A
F97F
F989
F9A1
F9BE
F9D4
F9ED
FA10
FA39
FA66
FA91
FABB
FAE3
FB05
FB24
FB45
FB5D
FB72
FB8A
FB99
FBA2
FBAF
FBBC
FBCC
FBE8
FC05
FC25
FC53
FC82
FCB0
FCE7
FD23
FD68
FDBB
FE13
FE74
FEDB
FF34
FF82
FFCD
000A
0036
005C
007C
009C
00BF
00E1
00FE
011D
0143
016A
018C
01B2
01DF
0215
0253
0294
02D5
0320
0365
0399
03C5
03EF
0414
043A
045E
047A
049C
04C6
04F0
051E
0551
057D
05A8
05D0
05E9
05FA
060A
0617
0625
0639
0652
066E
0684
0693
06A2
06AB
06AC
06A4
0692
0683
067C
066B
064F
0638
0621
0609
05FB
05F3
05EF
05FA
0608
0615
0625
0631
0633
0636
0631
061B
05FF
05DB
05B2
0591
0572
054F
0533
051C
0504
04ED
04D6
04B7
0494
0469
0434
03FF
03CB
0393
0365
0347
032E
0312
02F1
02CC
02A5
027C
024E
021A
01E5
01B4
0184
0154
0124
00FA
00D6
00B9
00A4
0094
0084
0071
0055
0034
0017
FFFB
FFD0
FF9D
FF6B
FF35
FEF9
FEC2
FE90
FE62
FE3B
FE11
FDE7
FDC2
FD9B
FD75
FD5B
FD4A
FD43
FD47
FD4D
FD59
FD67
FD64
FD5C
FD5E
FD5D
FD52
FD46
FD35
FD23
FD1B
FD13
FD15
FD28
FD3C
FD52
FD72
FD8F
FD9A
FD8F
FD7B
FD77
FD7A
FD72
FD75
FD8C
FD98
FD91
FD82
FD71
FD5E
FD49
FD30
FD1F
FD17
FD17
FD1F
FD29
FD39
FD54
FD73
FD90
FDB1
FDD8
FE04
FE31
FE5A
FE80
FE9B
FEA9
FEB6
FEC4
FEC5
FEC3
FEC8
FECF
FEE0
FEFF
FF22
FF48
FF75
FF9D
FFC0
FFE5
0000
0003
FFF8
FFF1
FFEF
FFF0
FFFC
000F
0022
0041
0072
009D
00BD
00DF
00FA
0109
0113
0117
0120
0138
0159
017F
01B5
01EF
021A
023C
0263
028C
02B6
02E7
0310
032E
0359
0394
03CF
0406
043C
0470
04A4
04D1
04E8
04F8
0511
0529
053C
0555
0568
0567
055F
055D
055B
0558
0557
054D
0542
0550
056C
0577
0576
0576
0570
0569
0564
055B
0559
0565
056D
056E
0569
0552
0530
050C
04DF
04AD
0480
0455
042B
0416
041D
0420
0403
03CE
0391
0349
02FC
02AE
0261
0219
01D7
0197
0157
011C
00E4
00A7
005E
000D
FFC3
FF80
FF39
FEF8
FEC5
FE9C
FE77
FE50
FE25
FDFC
FDCE
FD97
FD5A
FD1C
FCE1
FCA5
FC5B
FC0D
FBC7
FB7E
FB33
FAFC
FADD
FACA
FAB9
FAA2
FA88
FA6F
FA51
FA2E
FA0A
F9E1
F9BA
F9A0
F989
F974
F96F
F96F
F970
F979
F985
F98D
F994
F995
F98E
F98F
F999
F9A2
F9B0
F9C3
F9DB
F9F6
FA0C
FA18
FA1F
FA21
FA22
FA25
FA27
FA36
FA58
FA75
FA87
FA9B
FAA9
FAAB
FAB1
FABB
FACD
FAF0
FB16
FB38
FB61
FB88
FBA5
FBB9
FBC4
FBCF
FBE4
FBF3
FC00
FC19
FC2F
FC3D
FC51
FC6D
FC8D
FCAB
FCBF
FCD3
FCF0
FD03
FD0A
FD14
FD20
FD31
FD45
FD56
FD6F
FD88
FD87
FD7A
FD72
FD60
FD4D
FD47
FD48
FD52
FD6A
FD7E
FD8F
FDAA
FDC2
FDCD
FDD9
FDE4
FDE3
FDD9
FDCA
FDB6
FDA1
FD92
FD8C
FD8D
FD99
FDAA
FDBD
FDD2
FDE6
FDF6
FE12
FE3B
FE5C
FE75
FE88
FE95
FEA4
FEB2
FEB8
FEC7
FEE4
FF03
FF27
FF51
FF6F
FF86
FFA4
FFC6
FFE8
000C
002B
0045
005F
007C
0099
00B4
00D0
00F2
011A
0148
0175
01A1
01D2
0208
0239
026F
02A8
02DA
0313
0353
038A
03BB
03EF
041C
0449
047E
04AD
04D6
0501
0529
054E
0571
058C
05A1
05BA
05D5
05EA
05FF
0619
062D
063F
065E
0681
069A
06AE
06BF
06C8
06CD
06CC
06C1
06C1
06D1
06E5
06FF
071E
0735
0741
074B
0755
075A
0757
074F
0741
0731
0726
0717
06F8
06D3
06AF
0682
0652
061C
05D7
058B
0545
0500
04BD
0480
0445
040C
03D5
039E
0365
0323
02D9
0290
0244
0202
01D7
01AC
0176
014B
0122
00F3
00CF
00B3
0096
007D
0062
0041
0024
0004
FFE2
FFC9
FFB9
FFA6
FF8C
FF6B
FF46
FF16
FED9
FE9F
FE6F
FE42
FE1C
FDFC
FDE2
FDCE
FDB7
FDA0
FD99
FD9C
FD9D
FDA2
FDAB
FDB3
FDBC
FDC6
FDD2
FDDC
FDE0
FDDF
FDDA
FDD0
FDC8
FDC5
FDC6
FDD0
FDDE
FDEF
FE09
FE25
FE3F
FE5A
FE68
FE68
FE6C
FE6E
FE6B
FE77
FE8D
FE9B
FEA7
FEB3
FEBB
FEC1
FEC4
FEBE
FEB9
FEBB
FEBB
FEB3
FEA6
FE97
FE88
FE79
FE75
FE7B
FE86
FE98
FEAF
FEC7
FEE0
FEF2
FEF8
FEFB
FEF7
FEE4
FECD
FEA5
FE70
FE57
FE56
FE4A
FE3B
FE34
FE23
FE09
FDEF
FDD3
FDBC
FDB2
FDAB
FDA9
FDB5
FDBF
FDB0
FD95
FD7D
FD64
FD47
FD2C
FD0B
FCE7
FCD2
FCBF
FC9F
FC80
FC65
FC44
FC2F
FC25
FC1A
FC15
FC18
FC19
FC20
FC29
FC26
FC1D
FC15
FC07
FC02
FC0F
FC1B
FC29
FC4A
FC71
FC8C
FC9E
FCA8
FCAF
FCB5
FCB5
FCB6
FCD5
FD09
FD35
FD5D
FD89
FDB4
FDE2
FE1A
FE53
FE8E
FED1
FF1C
FF6A
FFB6
0003
0055
00A4
00E5
011F
0157
0187
01B9
01F3
022C
025E
028B
02B8
02E1
030A
0337
035C
037D
03A4
03C9
03DE
03F1
0407
041A
042E
0447
0462
0489
04AB
04C0
04D4
04DA
04C5
04A7
0489
0464
0443
0427
040B
0403
0410
0413
0407
03FC
03EE
03DC
03CC
03C4
03BC
03AB
0395
0385
0376
0366
0354
0335
0307
02D6
02A0
0264
0229
01EB
01A3
0162
012D
00F7
00BD
008A
0058
0024
FFF4
FFC7
FF97
FF66
FF36
FF07
FEDD
FEBA
FE9C
FE77
FE46
FE16
FDEA
FDBE
FD9A
FD7F
FD64
FD4E
FD3B
FD26
FD16
FD0B
FCF9
FCEA
FCE9
FCE8
FCDE
FCD2
FCC6
FCBA
FCAC
FC99
FC89
FC7E
FC72
FC69
FC67
FC64
FC66
FC72
FC82
FC8F
FC9B
FCAD
FCC0
FCCF
FCDD
FCED
FCF3
FCED
FCE4
FCDE
FCD8
FCD3
FCD8
FCEA
FCFD
FD0A
FD18
FD27
FD33
FD41
FD50
FD5F
FD73
FD8D
FDA7
FDBF
FDD8
FDEE
FE01
FE0D
FE0F
FE11
FE1A
FE24
FE2F
FE45
FE64
FE82
FEA3
FEC6
FEE8
FF0B
FF2E
FF4D
FF68
FF8C
FFB6
FFD6
FFEE
0007
001C
002A
0036
0043
0052
0064
0078
0090
00AD
00C4
00D4
00EB
0104
0118
012E
0141
014D
0163
0184
019E
01B3
01C7
01DA
01EE
0203
0215
0224
022A
022D
022E
0227
021B
0217
0219
021C
021E
021F
0225
022D
0233
0234
0236
023F
024E
025D
026F
0282
0290
029E
02AB
02B2
02B3
02B0
02A7
029F
0297
0285
0275
0271
026B
0260
0257
0246
022D
021A
020A
01F5
01DE
01CC
01BA
01A6
0197
018B
017A
0169
0158
0144
012C
010F
00F0
00DA
00C4
00A8
0096
0091
0091
00A3
00C4
00DF
00F6
0108
0112
0116
0119
0118
0114
010A
00F8
00E5
00CE
00AC
0089
0073
0067
0054
0035
0017
FFFF
FFE1
FFC8
FFBE
FFB5
FFA9
FF9E
FF8E
FF7B
FF6D
FF5D
FF48
FF36
FF27
FF1B
FF11
FF06
FEFF
FF09
FF1C
FF27
FF26
FF24
FF20
FF15
FF0B
FF0C
FF13
FF23
FF37
FF45
FF59
FF74
FF85
FF8B
FF95
FFA4
FFB3
FFC2
FFD4
FFED
0009
001D
0028
002B
0028
0026
001F
0010
0007
0008
FFFF
FFF2
FFF4
FFF9
FFFB
0004
0010
0018
0022
0024
001D
0018
0014
000A
0009
0015
0027
003D
0051
0062
0073
0081
007F
0070
005D
004E
0042
003C
0043
0057
0071
008C
00A4
00B4
00C1
00C8
00C1
00B0
00A0
0091
0080
006E
005B
0048
0037
002A
0025
0021
0016
0008
FFFA
FFE8
FFD5
FFCA
FFCE
FFDA
FFE5
FFF3
0005
0012
001F
002C
002A
0019
000A
FFFD
FFED
FFE8
FFF7
000C
001D
002C
0035
0038
0036
0026
000E
0002
0001
FFFA
FFF6
FFF4
FFE8
FFDE
FFDB
FFCF
FFBD
FFB2
FFA8
FFA4
FFAF
FFC1
FFD2
FFDE
FFE9
FFF6
FFFD
FFFC
FFFB
FFFA
FFFD
0008
0018
0029
003E
0059
0074
008C
00A8
00CD
00F5
011B
013D
0157
016A
017B
0185
0182
017B
0174
0166
0153
0145
0140
0142
0141
013B
0134
012C
0127
0126
0122
011C
011F
0129
0138
0154
0177
0196
01AF
01C7
01DD
01F3
020C
0224
0238
0250
026C
0289
02A5
02C4
02E8
030B
0322
032F
0341
0357
0367
0373
037E
037C
036D
0359
0343
0329
030E
02EC
02BF
029E
028B
0274
0258
0244
022F
021E
021A
0217
0212
021B
0228
022C
0231
0234
0220
01FE
01E3
01CD
01B2
0193
0177
015B
013E
0121
0107
00F1
00D8
00BA
009A
0075
0045
0012
FFDF
FFA6
FF71
FF42
FF0F
FEDF
FEB8
FE92
FE68
FE3B
FE07
FDD1
FDA0
FD71
FD4A
FD2D
FD14
FD04
FCFB
FCF7
FCFD
FD0C
FD1B
FD2A
FD37
FD44
FD54
FD66
FD77
FD8E
FDAB
FDC9
FDE5
FDF8
FE03
FE07
FDFD
FDF0
FDE8
FDDB
FDC8
FDB3
FD9C
FD87
FD75
FD66
FD68
FD79
FD89
FD98
FDAB
FDB7
FDBD
FDCA
FDDE
FDF5
FE0E
FE27
FE41
FE61
FE82
FEA3
FEC3
FEE1
FF00
FF20
FF3E
FF55
FF71
FF92
FFA6
FFB0
FFBC
FFC5
FFC9
FFD5
FFE5
FFF2
FFFC
0001
FFFF
FFFC
FFF5
FFE9
FFDA
FFCC
FFC5
FFCB
FFD5
FFE5
0001
001E
0033
0040
0048
0052
0063
0072
0084
00A4
00C5
00DE
00F3
0102
0104
0100
00F4
00E0
00D2
00CA
00BD
00B2
00AC
009F
008D
0083
0079
0069
0056
0043
002F
0021
001B
0014
0006
FFF5
FFE5
FFD6
FFCA
FFC4
FFC0
FFB8
FFB0
FFA6
FF9A
FF8F
FF83
FF7B
FF7D
FF83
FF8C
FF9A
FFA8
FFB1
FFB7
FFB4
FFA8
FF95
FF7E
FF68
FF53
FF40
FF2D
FF14
FEF7
FEDF
FEC5
FEA6
FE8D
FE74
FE5A
FE4C
FE42
FE36
FE30
FE2D
FE24
FE1C
FE0F
FDF7
FDD9
FDBB
FD9F
FD89
FD75
FD65
FD63
FD67
FD5B
FD40
FD25
FD08
FCE8
FCCD
FCB5
FCA2
FCA0
FCAA
FCB5
FCC8
FCE1
FCEF
FCF0
FCF2
FCF9
FD05
FD15
FD27
FD48
FD74
FD98
FDAF
FDC5
FDDF
FDF6
FE06
FE16
FE22
FE27
FE28
FE2C
FE35
FE44
FE56
FE69
FE87
FEA7
FEBD
FED3
FEEC
FF04
FF20
FF38
FF48
FF68
FF98
FFB9
FFD1
FFE8
FFF3
FFFA
0001
0001
0009
001F
0036
0053
007A
009C
00B5
00D0
00E9
00FD
0110
011C
0125
0133
0144
0153
0164
0174
017F
018A
0192
018D
0181
0177
016C
0161
0154
0143
0133
012F
012F
0128
011C
0112
0108
00FF
00FD
0103
010D
011A
0127
012E
012D
0128
0124
0128
012D
0128
0124
0124
0121
0125
0139
014E
0156
0157
0150
0141
012B
0108
00E3
00C9
00B5
00A2
0095
0089
007E
007E
0080
007C
0080
008B
008F
0098
00AC
00BA
00BB
00B3
00A6
0098
0088
0073
005E
0050
0045
003B
0032
002D
002F
0035
0038
003D
0042
0046
004A
0047
0040
003E
0039
002D
0025
001A
000B
0001
FFF2
FFDD
FFCA
FFB4
FFA0
FF92
FF80
FF69
FF57
FF3E
FF1F
FF0D
FF00
FEF7
FEFD
FF06
FF0E
FF20
FF37
FF46
FF4E
FF4F
FF4C
FF4A
FF43
FF36
FF28
FF1A
FF0E
FF06
FF00
FEFD
FF02
FF0C
FF15
FF20
FF2C
FF34
FF3C
FF42
FF42
FF41
FF4D
FF61
FF6F
FF77
FF78
FF64
FF47
FF35
FF22
FF01
FEE1
FEC5
FEA7
FE90
FE83
FE7B
FE77
FE79
FE7F
FE87
FE8F
FE99
FEA4
FEA7
FEA5
FEA8
FEAF
FEB6
FEBE
FEC1
FEBB
FEAF
FE9A
FE81
FE6D
FE54
FE3C
FE32
FE27
FE0C
FDF3
FDE1
FDCD
FDC1
FDB8
FDAA
FDA6
FDB2
FDC0
FDCE
FDE1
FDF2
FDFC
FE05
FE0E
FE18
FE1F
FE22
FE22
FE24
FE2A
FE31
FE36
FE39
FE3E
FE43
FE46
FE49
FE53
FE62
FE74
FE85
FE98
FEAD
FEC3
FED9
FEEE
FF05
FF23
FF3F
FF57
FF6C
FF7F
FF8B
FF8E
FF91
FF97
FF9C
FF9D
FF9A
FF96
FF97
FF9F
FFA4
FFA1
FF9F
FF9F
FFA0
FFAA
FFC0
FFDD
0001
0028
0049
0068
0085
0097
00A2
00B1
00BC
00BC
00B6
00AF
00A7
009C
008D
0076
0063
005D
005D
0060
006D
0080
008B
0093
009D
009F
009D
009E
0098
0090
0090
008E
0088
0083
007B
006E
0060
0047
0023
0007
FFF5
FFEA
FFEB
FFF5
FFFD
0003
000A
0012
001A
001F
0024
0029
002E
0033
003F
004E
005D
006F
0080
0089
0090
009E
00B2
00C1
00CC
00D9
00E6
00F5
010C
0122
0136
0156
017E
01A2
01C6
01E9
0202
021C
0238
0252
026B
0284
029C
02B6
02C7
02C0
02AE
0299
027B
0258
0237
021A
020B
0203
01F3
01DF
01C9
01AC
018A
0163
013A
0122
011C
011F
012F
014C
016A
0186
019D
01AE
01BF
01CD
01D5
01E1
01F6
0207
020B
0209
020B
0210
0215
021C
022B
0236
0237
0238
0238
0238
023E
0242
0245
0252
0269
0281
0298
02AB
02B5
02B8
02B3
02AB
02A4
0297
0288
0282
0280
0286
029F
02B7
02BD
02BC
02B7
02A9
0296
0281
026F
026C
0270
0274
027B
0286
0290
0297
028E
0276
025F
0248
022A
0212
0207
01FD
01EB
01D4
01BD
01AB
0198
0187
0179
016E
0164
015C
0150
0144
0139
0126
010C
00F4
00DA
00B9
0095
006D
0042
001C
FFFA
FFDD
FFCB
FFC4
FFC1
FFC5
FFD0
FFDD
FFE5
FFE1
FFCF
FFBB
FFA5
FF8E
FF7B
FF71
FF6A
FF67
FF64
FF5E
FF57
FF4B
FF39
FF2B
FF21
FF0D
FEF6
FEE6
FED9
FECD
FEC6
FEC0
FEBB
FEBE
FEBE
FEB7
FEB5
FEAD
FE98
FE84
FE72
FE5A
FE46
FE3A
FE31
FE33
FE43
FE54
FE60
FE69
FE6F
FE6E
FE67
FE62
FE67
FE6F
FE7A
FE8B
FE9E
FEB0
FEC5
FED8
FEE4
FEF3
FF04
FF16
FF2C
FF44
FF5B
FF70
FF82
FF94
FFAD
FFC7
FFE2
0002
0025
004A
0068
007C
0091
00A5
00AD
00B1
00B3
00AD
00A8
00A7
00A4
00AA
00B8
00C0
00CD
00E2
00EC
00EA
00E4
00DC
00D8
00DC
00DE
00DF
00E8
00FA
010C
011A
0125
012F
0133
012D
0122
0116
0109
0102
00FE
00FE
0107
010E
0106
00F8
00E7
00CE
00AD
0089
0066
004B
0038
0029
0020
001C
001E
0023
001D
0009
FFF3
FFD9
FFBA
FFA0
FF88
FF6F
FF60
FF59
FF4D
FF3F
FF33
FF22
FF10
FF01
FEF1
FEE3
FEDB
FED9
FED9
FEDD
FEEC
FF02
FF0C
FF08
FF08
FF0E
FF15
FF29
FF42
FF53
FF67
FF7E
FF89
FF90
FF9A
FF9E
FF99
FF97
FF94
FF92
FF97
FFA0
FFB5
FFD7
FFF9
000B
0011
0010
000C
0004
FFF9
FFF2
FFF3
FFF3
FFF6
0003
0010
0025
0042
0054
0056
005E
006A
0070
0073
0074
0076
007B
0079
006D
0067
0063
005C
0059
0059
0053
0048
0036
001B
FFFB
FFDC
FFB8
FF94
FF7D
FF73
FF6B
FF5A
FF42
FF2B
FF0E
FEE3
FEB9
FE99
FE7D
FE68
FE58
FE48
FE42
FE45
FE43
FE36
FE21
FE09
FDF1
FDD9
FDC1
FDB0
FDB1
FDC2
FDD4
FDE2
FDF2
FDFE
FDFA
FDF6
FDFC
FE02
FE08
FE11
FE16
FE1E
FE30
FE3B
FE3E
FE41
FE3C
FE2D
FE1F
FE0F
FDFA
FDEC
FDE7
FDE7
FDEA
FDEF
FDF0
FDEE
FDEA
FDDC
FDBE
FD9F
FD88
FD73
FD64
FD65
FD68
FD67
FD6B
FD6E
FD67
FD5C
FD4D
FD38
FD29
FD24
FD21
FD23
FD2D
FD3B
FD55
FD77
FD91
FDA6
FDC1
FDDD
FDF6
FE10
FE28
FE36
FE3E
FE45
FE4A
FE4C
FE52
FE5B
FE60
FE68
FE7B
FE96
FEB2
FED3
FEF7
FF1A
FF3E
FF5E
FF7D
FFA1
FFC8
FFF0
001D
0047
0069
0089
00AA
00CA
00EB
010F
0135
0161
0192
01C6
01F6
021F
0245
0266
0281
0298
02B1
02D0
02FB
032D
0360
0394
03C8
03FA
042F
0464
048D
04AF
04C9
04D8
04E0
04E8
04F1
04FD
0507
050A
0509
0506
04FC
04EF
04E5
04D0
04B3
0499
047B
0459
0446
0442
0441
043F
0436
042A
041C
040A
03F9
03F0
03E2
03CD
03B5
039A
0380
0364
033F
0319
02FD
02E3
02CE
02BC
02AB
029C
028B
0275
0261
0250
023C
0229
0214
01FB
01EE
01E5
01D2
01BF
01AA
018D
0177
015E
0134
0108
00E5
00C2
00A6
0096
0085
0067
0045
0024
0003
FFE2
FFC2
FF9D
FF71
FF4C
FF32
FF11
FEE7
FEBD
FE94
FE67
FE38
FE10
FDF9
FDEF
FDE6
FDDA
FDCC
FDB7
FD9A
FD79
FD57
FD37
FD12
FCE7
FCC1
FC9F
FC82
FC76
FC77
FC79
FC80
FC88
FC87
FC8C
FC95
FC99
FCA5
FCB7
FCC5
FCDE
FD00
FD1E
FD41
FD62
FD7A
FD8D
FD99
FD9D
FDA2
FDA0
FD9E
FDAA
FDBD
FDD4
FDF8
FE1D
FE3F
FE65
FE8B
FEB2
FED5
FEE4
FEEA
FEE9
FEDE
FEDC
FEE6
FEF2
FF0D
FF35
FF5C
FF85
FFAA
FFCC
0004
003E
0068
0094
00BA
00C4
00BE
00B8
00CE
0105
0138
016A
01A2
01B1
019F
01A1
01AD
01B5
01C6
01D3
01D4
01E0
01F5
020A
021E
022F
0243
0255
025F
026A
0271
0270
0275
0279
0275
0279
0279
026E
0267
0264
025C
0254
024D
0245
023F
0232
0223
0214
0200
01ED
01DC
01C8
01BB
01B6
01AE
01A2
0196
0185
0172
0160
0154
014A
0140
0136
012E
0126
0120
0117
010C
0109
0103
00F1
00E1
00D0
00B7
00A5
009E
0098
0093
008D
0087
0086
0083
0077
0068
0055
0042
002F
0016
FFFD
FFE8
FFD0
FFB7
FFA1
FF8D
FF7F
FF74
FF6A
FF63
FF59
FF4D
FF4A
FF4B
FF48
FF48
FF49
FF47
FF44
FF3F
FF3A
FF3A
FF3A
FF3B
FF41
FF47
FF47
FF46
FF45
FF45
FF47
FF49
FF4D
FF51
FF51
FF51
FF54
FF56
FF58
FF5A
FF5E
FF63
FF66
FF65
FF63
FF61
FF5F
FF65
FF75
FF80
FF81
FF86
FF90
FF93
FF96
FF99
FF92
FF85
FF7F
FF7E
FF7D
FF7E
FF81
FF83
FF85
FF89
FF94
FF9F
FFA5
FFAC
FFAD
FFA7
FFA6
FFAE
FFB6
FFBC
FFBF
FFBE
FFBC
FFB8
FFB2
FFA9
FF9B
FF88
FF76
FF61
FF49
FF34
FF20
FF0F
FF01
FEF3
FEE6
FEDE
FED9
FEDA
FED8
FECE
FEC2
FEB7
FEAA
FEA0
FE9A
FE97
FE96
FE95
FE97
FEA0
FEAA
FEB2
FEBC
FEC5
FEC9
FECC
FED0
FED4
FED3
FED2
FED6
FED6
FECE
FEC8
FEC7
FEC6
FECA
FED4
FEDC
FEE1
FEEA
FEF5
FF00
FF0C
FF18
FF27
FF37
FF46
FF53
FF60
FF6E
FF78
FF82
FF90
FF9B
FF9F
FF9C
FF97
FF90
FF89
FF84
FF83
FF89
FF90
FF98
FF9F
FFA4
FFA8
FFAE
FFB3
FFB6
FFB6
FFB0
FFA7
FFA0
FF9A
FF99
FF9C
FF9F
FF9D
FF9B
FF9A
FF97
FF91
FF8B
FF89
FF88
FF83
FF7B
FF72
FF6A
FF61
FF59
FF4F
FF44
FF3F
FF3D
FF39
FF3B
FF44
FF4B
FF51
FF58
FF5B
FF59
FF57
FF50
FF4A
FF4B
FF50
FF51
FF50
FF51
FF53
FF58
FF5E
FF64
FF67
FF66
FF64
FF62
FF60
FF5C
FF5B
FF64
FF6E
FF74
FF7C
FF82
FF84
FF8B
FF94
FF9A
FFA2
FFA7
FFA9
FFAC
FFAD
FFAB
FFAA
FFAA
FFAC
FFAE
FFAD
FFAE
FFB2
FFB7
FFBB
FFBC
FFBE
FFC6
FFD0
FFDD
FFF0
0001
000E
001F
002C
0037
0043
004C
0052
0056
0059
005F
0065
006A
0072
007C
007F
0083
008B
0093
009B
00A3
00A9
00B0
00B6
00B6
00B5
00B2
00AB
00A2
0096
0088
007B
0070
0063
0050
0039
0023
000A
FFF1
FFE1
FFD1
FFBC
FFA9
FF99
FF87
FF7C
FF74
FF66
FF56
FF4C
FF45
FF3E
FF36
FF2E
FF25
FF1A
FF0D
FF00
FEF4
FEEA
FEE2
FEDD
FED8
FED0
FECA
FEC5
FEBC
FEB5
FEAD
FEA1
FE99
FE96
FE94
FE93
FE94
FE94
FE93
FE8E
FE84
FE75
FE67
FE5C
FE53
FE4A
FE45
FE44
FE3F
FE39
FE35
FE32
FE31
FE34
FE3A
FE45
FE51
FE5D
FE6D
FE7D
FE8C
FE9B
FEAB
FEB7
FEBE
FEC2
FEC8
FECF
FED7
FEE6
FEF3
FEFB
FF03
FF0E
FF1A
FF29
FF37
FF43
FF4D
FF57
FF64
FF70
FF77
FF80
FF8C
FF94
FF9C
FFA5
FFAD
FFB8
FFC3
FFCA
FFD2
FFDB
FFE0
FFE2
FFE1
FFDF
FFDF
FFDC
FFDC
FFE8
FFF5
FFFB
0000
0005
000C
0016
001C
001D
001F
0024
0027
0029
002E
0038
003F
0044
004D
0058
0061
0068
006B
0072
007B
0082
0087
008D
0095
009F
00AB
00B7
00C7
00DB
00EE
00FF
010E
011D
012E
013C
0149
015B
016E
017E
018E
019D
01AB
01B9
01C5
01D1
01DE
01E9
01F4
01FE
0202
0204
0208
0210
0218
0221
022D
023A
0244
0252
0264
0272
027D
0287
0292
0299
029D
029F
02A0
029F
029E
029C
0297
0292
028D
0288
0284
027D
0273
026A
025F
024E
023E
022C
021A
020C
01FF
01F1
01E6
01D8
01C9
01BC
01AB
019B
018D
017B
016A
015B
0145
0131
0122
0115
010A
0102
00FC
00F5
00E9
00D6
00C2
00AE
0099
0085
0072
0062
0051
003D
0030
0025
0017
000D
0005
FFF7
FFE8
FFD8
FFC6
FFB5
FFA6
FF98
FF8A
FF83
FF83
FF7E
FF71
FF67
FF5E
FF53
FF4E
FF4B
FF3E
FF31
FF26
FF18
FF0F
FF0E
FF0C
FF0E
FF10
FF11
FF12
FF12
FF0D
FF0D
FF0F
FF11
FF10
FF0D
FF0C
FF0D
FF0E
FF11
FF1A
FF25
FF2B
FF2B
FF28
FF22
FF1B
FF15
FF12
FF0D
FF09
FF08
FF05
FF02
FF01
FF02
FF08
FF10
FF15
FF16
FF16
FF16
FF18
FF17
FF16
FF19
FF1D
FF20
FF28
FF32
FF3C
FF4B
FF61
FF78
FF8B
FF9D
FFB1
FFC4
FFD6
FFEC
0002
0015
0026
0033
003A
003E
0040
0042
0043
0041
003F
003C
0037
0033
002D
002A
002E
0033
0036
003D
0044
0049
004E
0053
0057
0059
0058
0055
0053
004F
004E
0052
0055
0058
0059
0057
0055
0056
0054
004C
0044
003D
0036
002F
002C
002A
0024
001F
001B
0015
0012
0014
0018
0021
002D
0036
0042
004E
0058
0061
0064
0064
0068
006B
0066
0060
0059
004B
003F
0036
002B
0022
001A
0011
0009
0001
FFFC
FFF8
FFF7
FFFA
0000
0006
000A
000C
0008
0001
FFF9
FFF1
FFE7
FFDB
FFCE
FFC0
FFB4
FFAC
FFA5
FFA0
FF9E
FF9E
FF9E
FFA2
FFA8
FFAE
FFB3
FFB9
FFC0
FFC4
FFC8
FFCA
FFCA
FFC7
FFC4
FFC2
FFC2
FFC4
FFC6
FFC7
FFC9
FFCC
FFD0
FFD6
FFDB
FFE2
FFEC
FFF6
0000
000A
0011
0019
0023
002D
0037
0040
0047
004C
0051
0057
005B
005D
005E
005C
0058
0056
0055
0055
0056
0053
004E
004F
0054
0057
005B
005E
0061
0064
0068
006A
006E
0070
0072
0075
0077
007A
007D
007B
0077
0074
006E
0069
0065
005F
0057
004F
0048
0045
0044
0043
0042
0042
0042
0045
004B
004F
0054
0059
005F
0066
006D
0072
0078
0080
0086
0089
008A
008C
0093
009A
009F
00A4
00A7
00A6
00A3
00A1
009E
009B
0099
0097
0096
0096
0095
0091
008C
0089
0085
0082
007D
0079
0076
0077
0077
0076
0073
006F
0069
0061
0057
004D
0044
003B
0033
002E
002C
002B
0028
0025
0024
0026
0027
0028
002B
002E
002F
002F
002C
0028
0023
001A
0012
000E
0008
FFFF
FFF8
FFEE
FFE5
FFDE
FFD7
FFCE
FFC7
FFC3
FFBF
FFBB
FFB6
FFAF
FFA5
FF9D
FF9A
FF98
FF96
FF94
FF92
FF90
FF8D
FF88
FF82
FF7E
FF7A
FF78
FF76
FF71
FF6B
FF66
FF62
FF5F
FF5C
FF58
FF55
FF51
FF4B
FF46
FF45
FF45
FF48
FF4D
FF57
FF62
FF6C
FF74
FF7A
FF7F
FF84
FF89
FF8D
FF91
FF95
FF99
FFA0
FFA7
FFAF
FFB9
FFC4
FFCD
FFD4
FFDB
FFE0
FFE3
FFE4
FFE5
FFE6
FFE7
FFE8
FFE9
FFEB
FFEC
FFED
FFEC
FFEB
FFED
FFEE
FFEE
FFEE
FFED
FFE9
FFE6
FFE3
FFE1
FFE1
FFE0
FFDF
FFDF
FFE1
FFE1
FFDF
FFDD
FFDA
FFD7
FFD2
FFCD
FFC9
FFC3
FFBC
FFB6
FFAF
FFAB
FFA7
FFA4
FFA4
FFA3
FFA1
FFA0
FF9E
FF9B
FF98
FF93
FF8B
FF83
FF7A
FF74
FF6F
FF6B
FF69
FF6A
FF69
FF66
FF66
FF66
FF66
FF66
FF63
FF5E
FF5D
FF61
FF64
FF66
FF66
FF65
FF65
FF65
FF64
FF5F
FF59
FF53
FF4F
FF4A
FF45
FF42
FF41
FF47
FF4F
FF58
FF61
FF6C
FF77
FF81
FF8C
FF97
FFA0
FFAB
FFB4
FFBC
FFC4
FFCE
FFD7
FFDE
FFE6
FFEC
FFF0
FFF2
FFF7
FFFC
0002
0004
0005
0006
0007
0005
0003
0001
0002
0004
0007
0008
000A
000E
0012
0016
0017
0015
0013
000E
0008
0004
0001
FFFE
FFFA
FFF5
FFEE
FFE7
FFDE
FFD3
FFC8
FFBE
FFB8
FFB6
FFB5
FFB7
FFBD
FFC3
FFC9
FFCF
FFD5
FFDB
FFE1
FFE4
FFE6
FFE9
FFEC
FFEF
FFEF
FFEE
FFEC
FFEA
FFE7
FFE4
FFDF
FFD9
FFD4
FFCF
FFCB
FFC9
FFC8
FFC7
FFC6
FFC7
FFCA
FFCE
FFD2
FFD9
FFE0
FFE7
FFEF
FFF7
FFFE
0005
000C
0013
001A
0022
0028
002E
0033
0037
003C
003F
0042
0048
004E
0052
0056
0059
005C
005D
0060
0062
0064
0065
0065
0066
0067
0067
0064
0062
0062
0063
0065
0068
006C
0070
0076
007E
0085
008A
008D
008F
008C
0087
007F
0076
006E
0064
005C
0056
0052
004C
0047
0043
0041
003F
003D
0039
0035
0032
002F
002B
0027
0023
0020
001F
0020
0020
001F
001D
001A
0017
0012
000A
FFFC
FFEE
FFE2
FFD7
FFCE
FFC6
FFBF
FFBD
FFBD
FFBD
FFBD
FFC1
FFC7
FFCE
FFD8
FFE3
FFEC
FFF4
FFFB
0001
0005
0008
000A
000C
000C
000A
000B
000C
0010
0015
001D
0024
002A
002F
0034
0039
003E
0041
0043
0047
004D
0052
0055
0056
0054
0050
0048
003E
0033
0028
001C
0011
0008
0001
FFFC
FFF9
FFF8
FFF8
FFFA
FFFE
0002
0003
0004
0006
000A
000D
0010
0011
0012
0014
0016
001A
001F
0024
002B
0033
003A
003F
0043
0047
004B
004F
0053
0057
0059
005A
005D
0060
0063
0065
0068
0068
0065
0063
0063
0064
0065
0066
0069
006C
0071
0074
0076
0078
007B
0080
0082
0082
0081
0081
007E
0078
0072
0069
005F
0056
004E
0045
003B
0033
002B
0024
001C
0013
000B
0005
FFFF
FFF9
FFF3
FFEB
FFE4
FFE0
FFD9
FFD1
FFCA
FFC4
FFBE
FFB8
FFB3
FFAD
FFA8
FFA4
FFA2
FF9F
FF9D
FF99
FF94
FF8C
FF83
FF7C
FF75
FF6E
FF67
FF60
FF58
FF4F
FF47
FF3E
FF35
FF2E
FF27
FF1F
FF18
FF0F
FF06
FEFD
FEF5
FEED
FEE5
FEE0
FEDC
FED9
FED8
FED9
FEDC
FEDF
FEE3
FEEA
FEF1
FEF7
FEFC
FF00
FF04
FF07
FF0A
FF0E
FF16
FF20
FF29
FF31
FF38
FF3F
FF47
FF4F
FF55
FF57
FF59
FF5C
FF5D
FF5E
FF60
FF61
FF65
FF6A
FF6E
FF73
FF77
FF7B
FF82
FF89
FF8F
FF94
FF9A
FFA0
FFA7
FFB1
FFBC
FFC3
FFC7
FFCC
FFD2
FFD9
FFE1
FFEC
FFF9
0008
0017
0025
0033
0040
004C
0057
0061
0069
006F
0073
0077
007C
0081
0087
008D
0092
0096
0099
009C
009E
009E
009E
009D
009A
0095
0091
008D
0089
0086
0086
0086
0086
0089
008C
0091
0096
0099
009C
009F
00A2
00A2
00A1
00A1
009F
009F
009F
009E
009D
009B
0098
0095
008F
008B
0089
0086
0083
007E
0079
0074
0070
006C
0069
0067
0065
0063
0062
0060
005F
0060
0061
0062
0061
005E
005B
0058
0054
004E
0049
0047
0046
0045
0045
0046
0046
0048
004B
004E
0052
0057
005B
0061
0068
0071
007A
0082
008A
0091
0097
009B
009C
009B
0099
0098
0097
0096
0095
0091
008D
0089
0089
008A
008D
0091
0094
0097
0099
009D
00A1
00A4
00A4
00A3
009F
009B
0096
008D
0083
007A
006F
0066
005E
0057
0055
0056
005A
0060
0068
006E
0073
0077
007A
007A
0079
0076
0072
006C
0065
005E
0057
0052
004C
0046
0040
0039
0034
0030
002D
002C
002C
002C
002E
0030
0030
0030
0031
0031
0030
002E
0027
0021
0019
0011
000A
0003
FFFC
FFF6
FFF1
FFEF
FFED
FFEE
FFF0
FFF4
FFFA
0001
0009
000F
0015
001A
001C
001F
0020
001F
001C
0017
0011
000B
0005
0000
FFF9
FFF4
FFEF
FFEA
FFE8
FFE4
FFE1
FFDE
FFDC
FFD9
FFD4
FFD0
FFCE
FFCE
FFCE
FFCE
FFD0
FFD0
FFCF
FFD0
FFD2
FFD3
FFD2
FFD0
FFCC
FFC5
FFBD
FFB5
FFAC
FFA4
FF9D
FF95
FF8E
FF89
FF88
FF8B
FF90
FF97
FFA1
FFAB
FFB4
FFBE
FFC5
FFCB
FFCF
FFD1
FFD1
FFD0
FFCB
FFC5
FFC2
FFC1
FFBF
FFBB
FFB9
FFB7
FFB4
FFB2
FFB3
FFB6
FFB9
FFBE
FFC4
FFC9
FFCE
FFD3
FFD7
FFDD
FFE1
FFE5
FFE9
FFEF
FFF6
FFFB
FFFC
FFFE
0002
0005
0008
000B
000D
000F
0010
0013
0016
0019
001A
001D
0020
0023
0026
0027
0027
0028
0026
0025
0025
0025
0026
0026
0027
0027
0026
0025
0027
0028
0028
0028
002A
002D
0030
0034
003A
0043
004D
0057
0060
0069
006F
0073
0078
007B
007F
0083
0086
008B
0092
0098
009E
00A3
00A8
00AB
00AD
00AC
00AB
00AD
00AF
00AE
00AC
00A8
00A5
00A2
009F
009D
009B
009C
009B
009B
009C
009D
00A1
00A2
00A1
00A0
009E
009D
009C
009B
009A
0097
0094
008F
0088
007F
0071
0064
005A
0050
0046
0038
0029
001C
000E
0003
FFF8
FFEE
FFE7
FFE1
FFDC
FFD9
FFD8
FFD7
FFD5
FFD1
FFCD
FFC8
FFC1
FFBC
FFB7
FFB3
FFAD
FFA4
FF9C
FF95
FF8D
FF87
FF84
FF82
FF82
FF81
FF81
FF80
FF80
FF7C
FF7A
FF7A
FF7A
FF79
FF77
FF74
FF71
FF6F
FF6C
FF6A
FF69
FF6A
FF6C
FF6E
FF73
FF77
FF7B
FF7F
FF82
FF86
FF88
FF89
FF8A
FF8D
FF92
FF96
FF99
FF9C
FFA1
FFA4
FFA7
FFAA
FFAC
FFB0
FFB4
FFB7
FFBA
FFBD
FFC0
FFC2
FFC2
FFC1
FFC0
FFBE
FFBA
FFB5
FFB0
FFAB
FFA8
FFA4
FFA2
FF9E
FF99
FF97
FF96
FF96
FF95
FF92
FF8F
FF8B
FF88
FF84
FF7B
FF72
FF6A
FF63
FF5D
FF59
FF55
FF53
FF51
FF4F
FF4C
FF47
FF43
FF3E
FF3B
FF3A
FF38
FF36
FF34
FF33
FF31
FF30
FF2E
FF2D
FF31
FF35
FF38
FF3C
FF3E
FF42
FF47
FF4C
FF54
FF5B
FF62
FF6B
FF72
FF77
FF7D
FF83
FF89
FF8D
FF91
FF94
FF97
FF9B
FFA0
FFA6
FFAE
FFB7
FFBF
FFC7
FFCF
FFD7
FFDF
FFE5
FFE8
FFEC
FFEF
FFF1
FFF3
FFF5
FFF9
FFFE
0002
0004
0005
0005
0003
0001
0000
FFFF
0000
0000
0000
0002
0002
0005
000A
0010
0016
001A
001D
001E
001F
0022
0022
0020
001F
001D
001A
0018
0016
0013
000F
000C
000A
0007
0007
0006
0004
0005
0007
000B
000E
0013
0017
001C
001E
001F
001D
0019
0013
000B
0003
FFF9
FFEE
FFE6
FFE1
FFDE
FFDD
FFDD
FFDF
FFE1
FFDF
FFDC
FFDB
FFDA
FFD9
FFD8
FFD6
FFD4
FFD2
FFCF
FFCB
FFC5
FFBD
FFB6
FFAE
FFA4
FF99
FF8E
FF85
FF7D
FF77
FF73
FF70
FF6D
FF6A
FF67
FF64
FF61
FF5D
FF59
FF55
FF50
FF4A
FF44
FF3E
FF39
FF37
FF37
FF37
FF38
FF38
FF38
FF3A
FF3C
FF3F
FF44
FF4A
FF50
FF54
FF56
FF5B
FF5F
FF64
FF69
FF6F
FF75
FF7B
FF81
FF88
FF8E
FF92
FF95
FF99
FFA0
FFA6
FFAD
FFB5
FFBC
FFC2
FFC6
FFCA
FFD1
FFD8
FFDF
FFE7
FFED
FFF3
FFFA
0000
0006
000B
0010
0013
0014
0016
0017
0018
0018
0017
0016
0015
0014
0012
0010
0010
0011
0015
001A
001F
0024
002A
002F
0035
0038
003B
003D
003C
003B
0037
0030
0029
0023
001E
0019
0014
0010
000D
000B
0009
0006
0004
0002
0002
0003
0000
FFFD
FFFA
FFF6
FFF1
FFED
FFE9
FFE3
FFDD
FFD8
FFD3
FFCE
FFCA
FFC7
FFC6
FFC7
FFCA
FFCC
FFCE
FFD0
FFD0
FFD1
FFD2
FFD2
FFD2
FFD2
FFD3
FFD4
FFD6
FFDA
FFE0
FFE8
FFF1
FFF8
FFFF
0004
0009
000D
000F
0010
000F
000E
000D
000C
000C
000D
000F
0012
0014
0016
0019
001B
001D
0021
0028
0031
0038
003E
0044
0048
0049
0049
0047
0043
003D
0035
002E
0027
0023
0025
0029
002E
0034
003A
0042
0049
004F
0054
0058
005C
005E
005E
005D
005B
0058
0055
0051
004E
004A
0045
0040
003C
0037
0034
0034
0036
0039
003D
0040
0044
004B
0051
0054
0057
0056
0054
0051
004D
004B
0049
0047
0046
0045
0044
0044
0043
0043
0047
004C
0050
0055
0058
005B
005E
0062
0069
0070
0075
007B
0081
0085
0089
008A
008C
008E
0091
0093
0095
0099
009C
009F
00A0
00A0
00A1
00A2
00A3
00A5
00A7
00AC
00B1
00B6
00BB
00BF
00C2
00C4
00C5
00C4
00C2
00BE
00BA
00B5
00B1
00AD
00AA
00A7
00A4
00A1
009F
009C
0099
0099
009B
009C
009E
009F
009F
009F
009F
009D
0099
0094
0090
008A
0082
007B
0076
0072
006D
0067
0061
0059
0051
004A
0041
0039
0031
0029
0023
001C
0017
0014
0011
000D
0009
0005
0002
FFFD
FFF7
FFF1
FFEB
FFE4
FFDC
FFD1
FFC5
FFBA
FFAF
FFA6
FF9F
FF99
FF92
FF8D
FF87
FF82
FF7C
FF76
FF74
FF74
FF73
FF73
FF73
FF72
FF71
FF71
FF73
FF75
FF76
FF77
FF79
FF78
FF77
FF78
FF7C
FF80
FF86
FF8C
FF93
FF9C
FFA4
FFAB
FFB2
FFB9
FFC0
FFC9
FFD2
FFDB
FFE5
FFF0
FFFA
0004
000E
0017
001F
0027
002F
0038
0041
0047
004D
0052
0056
005B
0060
0065
006A
006F
0075
007B
0081
0089
0090
0097
009E
00A3
00A7
00AA
00AD
00AF
00AF
00AD
00AB
00AA
00AB
00AB
00AD
00B0
00B3
00B8
00BC
00BF
00C2
00C4
00C5
00C4
00C3
00C1
00BE
00BB
00B9
00B6
00B2
00B0
00AE
00AD
00AA
00A7
00A4
00A0
009D
009E
009E
00A0
00A3
00A5
00A7
00A7
00A7
00A8
00A8
00A6
00A4
00A0
009C
0098
0096
0094
0093
0092
0092
0093
0094
0093
0091
008F
008D
008C
008A
0088
0087
0087
0086
0085
0081
007E
007A
0076
0073
0072
0071
0070
006F
006D
006A
0066
005F
0058
0051
004A
0043
003C
0035
002F
0029
0022
001B
0014
000C
0002
FFF8
FFED
FFE2
FFD8
FFCD
FFC5
FFBF
FFB9
FFB5
FFB2
FFAD
FFA9
FFA6
FFA3
FFA1
FF9E
FF9A
FF94
FF8E
FF89
FF86
FF82
FF7E
FF7B
FF79
FF76
FF73
FF70
FF6D
FF6A
FF68
FF67
FF66
FF66
FF64
FF62
FF5F
FF5B
FF57
FF52
FF4D
FF48
FF42
FF3E
FF39
FF36
FF33
FF30
FF2F
FF2D
FF2C
FF2B
FF2B
FF2C
FF2E
FF31
FF34
FF36
FF37
FF38
FF38
FF37
FF36
FF36
FF35
FF35
FF32
FF30
FF2F
FF2D
FF2D
FF2F
FF34
FF38
FF3C
FF3F
FF41
FF42
FF42
FF40
FF3F
FF3F
FF3E
FF3E
FF3F
FF40
FF42
FF43
FF44
FF45
FF46
FF47
FF48
FF4B
FF4F
FF52
FF57
FF5C
FF63
FF6A
FF71
FF77
FF7C
FF83
FF89
FF8E
FF91
FF96
FF9A
FF9F
FFA7
FFB1
FFBB
FFC4
FFCD
FFD5
FFDC
FFE1
FFE5
FFE8
FFEC
FFEE
FFF0
FFF3
FFF8
FFFE
0004
000C
0015
001F
002A
0034
003E
0047
0050
0058
005E
0063
0067
006A
006D
0070
0072
0076
0078
0079
007A
0079
0074
006F
006C
0069
0068
0065
0063
0061
005D
005A
0056
0051
004B
0045
003F
0039
0034
002F
002A
0026
0023
0020
001E
001C
001B
0019
0014
000F
000A
0006
0001
FFFD
FFFA
FFF8
FFF7
FFF5
FFF5
FFF6
FFF7
FFF8
FFF8
FFF7
FFF9
FFFA
FFFB
FFFC
FFFE
0002
0004
0005
0007
0009
000B
000E
0013
0017
001A
001D
0020
0023
0026
0028
002A
002D
0030
0032
0035
0037
0038
0038
0036
0034
0032
002F
002A
0023
001C
0014
000C
0004
FFFC
FFF6
FFF2
FFEE
FFEB
FFE9
FFE9
FFEA
FFEB
FFEB
FFEB
FFEB
FFEB
FFE9
FFE8
FFE6
FFE3
FFE2
FFE1
FFE1
FFE2
FFE2
FFE2
FFE1
FFE0
FFDF
FFDE
FFDF
FFE0
FFE3
FFE5
FFE7
FFEA
FFED
FFEF
FFF2
FFF4
FFF6
FFF7
FFF7
FFF7
FFF7
FFF6
FFF6
FFF7
FFF9
FFFA
FFF9
FFF7
FFF5
FFF1
FFEE
FFEA
FFE7
FFE4
FFE1
FFDE
FFDD
FFDC
FFDE
FFE1
FFE3
FFE6
FFE9
FFEC
FFEE
FFF1
FFF3
FFF2
FFF1
FFEE
FFEA
FFE5
FFDF
FFD9
FFD2
FFCB
FFC7
FFC2
FFBD
FFBA
FFB7
FFB4
FFB4
FFB5
FFB6
FFB6
FFB4
FFB3
FFB0
FFA9
FFA4
FF9F
FF9B
FF96
FF91
FF8D
FF88
FF84
FF80
FF7E
FF7C
FF7A
FF78
FF76
FF74
FF74
FF73
FF71
FF70
FF70
FF70
FF71
FF73
FF77
FF7D
FF81
FF83
FF86
FF88
FF8A
FF8B
FF8C
FF8D
FF8E
FF90
FF93
FF97
FF9B
FFA1
FFA8
FFB1
FFB8
FFBE
FFC3
FFC7
FFCC
FFCF
FFD5
FFDD
FFE4
FFEB
FFF0
FFF5
FFF9
FFFE
0004
000A
0011
001A
0024
002D
0036
003F
004A
0055
005E
0066
006B
006F
0072
0074
0075
0077
0079
007B
007E
0081
0085
0088
008C
008F
008F
008F
008D
0089
0085
0082
007F
007B
0077
0074
0072
0070
006D
006B
006A
0069
0068
0067
0064
0063
0062
0060
005E
005B
0057
0052
004C
0042
0039
0030
0029
0023
001D
0017
0013
000F
000D
000B
000A
0008
0007
0006
0006
0007
0007
0007
0008
000A
000B
000E
0010
0013
0015
0016
0015
0014
0012
000F
000E
000C
0008
0007
0006
0004
0004
0002
0001
0001
0001
FFFD
FFFA
FFF4
FFEC
FFE3
FFDA
FFD7
FFD3
FFCE
FFCB
FFC9
FFC6
FFC4
FFC2
FFC0
FFC1
FFC2
FFC2
FFC4
FFC5
FFC5
FFC5
FFC7
FFC8
FFC9
FFCA
FFCB
FFCB
FFCD
FFCD
FFCD
FFCF
FFD1
FFD5
FFDB
FFDD
FFE3
FFED
FFF3
FFF7
FFFC
FFFF
0000
0001
0002
0003
0005
0005
0005
0008
000A
000A
000B
000D
000F
0011
0014
0016
0018
0019
001C
001D
001F
0020
0020
0021
0021
001D
0019
0016
0013
0011
0010
000F
000F
0013
0019
001B
001F
0023
0026
0028
002A
002D
0032
0035
0038
003A
003A
003C
003C
003A
0037
0034
0033
0030
002F
002F
0031
0035
0039
003C
0040
0043
0046
0049
004A
004C
0051
0055
0059
005E
0061
0063
0064
0064
0064
0063
0061
005E
005C
005B
0058
0056
0056
0057
005A
005D
0061
0066
006B
006E
0072
0076
0079
007B
007D
0081
0083
0084
0084
0082
0080
007C
0078
0075
0071
006E
006C
006A
006A
006E
0073
0079
0080
0086
008B
008F
0091
0092
0092
0092
0092
0091
008E
008B
0088
0082
007E
007A
0077
0074
0072
0070
006F
006E
006D
006D
006B
006A
0069
0067
0064
005F
005B
005A
0057
0055
0052
004F
004C
004A
0048
0045
0042
003E
003B
0038
0033
002F
002B
0027
0024
0021
001F
001D
001A
0018
0019
001A
001B
001B
001B
001A
0017
0012
000D
0007
0001
FFFB
FFF4
FFEF
FFEA
FFE5
FFDF
FFD9
FFD4
FFCF
FFCA
FFC6
FFC3
FFBF
FFBA
FFB5
FFB1
FFAC
FFA6
FFA1
FF9D
FF9A
FF99
FF98
FF97
FF98
FF98
FF99
FF9A
FF9A
FF9C
FF9F
FFA2
FFA5
FFAA
FFAF
FFB6
FFBD
FFC3
FFCA
FFCF
FFD2
FFD4
FFD7
FFD9
FFDB
FFDC
FFDD
FFDE
FFDF
FFDF
FFDE
FFE0
FFE1
FFE3
FFE4
FFE7
FFE9
FFEA
FFEA
FFEC
FFED
FFEF
FFF2
FFF4
FFF6
FFF7
FFF6
FFF5
FFF5
FFF4
FFF2
FFF0
FFEE
FFEC
FFEC
FFEC
FFEE
FFF0
FFF2
FFF5
FFF7
FFF8
FFFA
FFFA
FFF9
FFF9
FFF8
FFF8
FFF8
FFF7
FFF5
FFF4
FFF2
FFEF
FFEC
FFE8
FFE4
FFE2
FFDE
FFDB
FFD8
FFD6
FFD4
FFD3
FFD2
FFD2
FFD3
FFD3
FFD4
FFD5
FFD5
FFD5
FFD3
FFD0
FFCE
FFCC
FFCA
FFC9
FFC8
FFC9
FFCC
FFCF
FFD3
FFD8
FFDE
FFE3
FFE7
FFEC
FFF0
FFF4
FFF7
FFFA
FFFD
0000
0002
0005
0008
000D
0013
0018
001D
0023
0029
002C
002F
0033
0038
003D
0042
0049
0050
0057
005D
0063
006A
006F
0074
0078
007A
007B
007C
007B
007A
0079
0078
0076
0073
0072
0071
0070
006E
006D
006C
006A
0068
0065
0062
005F
005C
005B
005A
005B
005A
0059
0057
0056
0054
0050
004E
004B
0049
0046
0043
0040
003E
003A
0038
0036
0033
002F
002B
0026
0020
001A
0012
000B
0004
FFFC
FFF4
FFED
FFE6
FFDE
FFD7
FFD2
FFCC
FFC8
FFC4
FFC0
FFBE
FFBE
FFBC
FFBC
FFBB
FFBA
FFBB
FFBB
FFBA
FFBC
FFBD
FFBC
FFBC
FFBC
FFBB
FFBA
FFB9
FFB7
FFB6
FFB4
FFB1
FFB2
FFB1
FFAF
FFAD
FFAC
FFAD
FFAC
FFAB
FFAA
FFA8
FFA6
FFA3
FFA0
FF9D
FF9B
FF98
FF96
FF94
FF92
FF91
FF91
FF8F
FF8D
FF8C
FF8B
FF8A
FF89
FF89
FF8A
FF8C
FF8F
FF91
FF93
FF96
FF9A
FF9D
FF9E
FF9E
FF9F
FF9E
FF9C
FF9A
FF99
FF98
FF97
FF98
FF99
FF99
FF9A
FF9B
FF9C
FF9D
FF9F
FFA1
FFA2
FFA6
FFAA
FFAC
FFB1
FFB8
FFBF
FFC6
FFCA
FFCE
FFD2
FFD3
FFD5
FFD6
FFD6
FFD7
FFD6
FFD7
FFD8
FFDA
FFDC
FFDD
FFE1
FFE6
FFEA
FFEF
FFF3
FFF6
FFFA
FFFD
FFFE
0000
0001
0000
FFFF
FFFF
FFFD
FFFC
FFFA
FFF8
FFF7
FFF7
FFF6
FFF6
FFF7
FFF8
FFFA
FFFC
FFFE
0001
0004
0006
000A
000E
0011
0013
0015
0016
0015
0013
0011
000F
000D
0009
0005
0002
FFFF
FFFA
FFF5
FFF2
FFEE
FFEB
FFE7
FFE4
FFE1
FFDE
FFDA
FFD8
FFD5
FFD2
FFCF
FFCB
FFCA
FFC8
FFC4
FFC0
FFBB
FFB7
FFB1
FFAB
FFA5
FFA0
FF9D
FF99
FF95
FF93
FF92
FF90
FF8D
FF8C
FF8C
FF8B
FF8B
FF8B
FF8B
FF8D
FF8D
FF8E
FF8F
FF8F
FF90
FF8F
FF8D
FF8D
FF8C
FF8B
FF8A
FF88
FF86
FF84
FF82
FF80
FF7F
FF7E
FF7C
FF7B
FF7B
FF79
FF76
FF74
FF73
FF74
FF74
FF74
FF77
FF7A
FF7C
FF7D
FF7E
FF81
FF83
FF85
FF88
FF8A
FF8D
FF8F
FF91
FF92
FF93
FF94
FF94
FF94
FF94
FF94
FF93
FF93
FF93
FF93
FF94
FF94
FF93
FF95
FF97
FF98
FF9C
FF9F
FFA1
FFA4
FFA6
FFAA
FFAE
FFB2
FFB6
FFBB
FFBF
FFC3
FFC7
FFC9
FFCA
FFCC
FFCC
FFCC
FFCE
FFCF
FFD1
FFD3
FFD4
FFD7
FFDB
FFDE
FFE5
FFED
FFF3
FFFB
0003
000B
0012
0019
0020
0026
002B
002F
0033
0036
0037
0038
003A
003B
003D
003E
0041
0044
0049
004F
0055
005C
0063
0068
006D
0071
0075
0076
0076
0076
0076
0076
0075
0074
0074
0076
0078
0079
007C
0080
0084
0089
008E
0093
0098
009C
00A0
00A3
00A6
00A8
00A7
00A7
00A4
00A2
009F
009C
0099
0098
0097
0095
0094
0092
0090
008E
008B
0088
0085
0082
007F
007D
007A
0078
0077
0075
0072
006E
006A
0065
0061
005C
0056
0050
004C
0049
0045
0040
003D
0038
0032
0030
002C
0029
0025
0021
001D
0018
0014
0011
000C
0008
0002
FFFB
FFF5
FFEE
FFE7
FFDE
FFD6
FFD0
FFC8
FFC2
FFBD
FFBA
FFB8
FFB6
FFB6
FFB6
FFB6
FFB7
FFB7
FFB6
FFB6
FFB4
FFB4
FFB5
FFB5
FFB5
FFB5
FFB6
FFB8
FFB9
FFBA
FFBB
FFBD
FFBF
FFC0
FFC4
FFC6
FFC8
FFCB
FFCD
FFD0
FFD3
FFD5
FFD7
FFD9
FFDC
FFE0
FFE4
FFE8
FFEE
FFF4
FFF8
FFFA
FFFB
FFFC
FFFD
FFFD
FFFD
FFFF
0002
0005
000A
000E
0012
0016
001A
001D
001F
0021
0022
0024
0024
0025
0025
0025
0026
0028
0029
002B
002D
002E
0030
0032
0032
0034
0036
0037
0039
003B
003D
003F
0040
0041
0042
0042
0041
003D
003B
003C
003C
003D
003F
0040
0042
0044
0046
0046
0045
0045
0043
0042
0040
003F
003E
003C
0039
0038
0037
0035
0033
0031
002F
002C
0028
0024
0020
001C
0017
0010
000A
0004
FFFE
FFF8
FFF3
FFEE
FFEA
FFE6
FFE3
FFE0
FFDE
FFDC
FFDB
FFDB
FFDB
FFDB
FFD9
FFD8
FFD6
FFD4
FFD3
FFD1
FFCE
FFCB
FFC9
FFC5
FFC2
FFBE
FFBA
FFB7
FFB4
FFB0
FFAD
FFAB
FFAA
FFA9
FFA8
FFA9
FFAB
FFAC
FFAD
FFAD
FFAD
FFAC
FFAB
FFAC
FFAC
FFAC
FFAF
FFB2
FFB5
FFBA
FFBF
FFC4
FFC9
FFD0
FFD5
FFD7
FFDC
FFDE
FFDF
FFE1
FFE4
FFE7
FFEB
FFF0
FFF5
FFFA
FFFF
0005
000A
000F
0014
0019
001E
0023
0029
002F
0035
003A
0040
0044
0049
004D
004F
0052
0054
0056
0057
0059
005B
005F
0062
0063
0066
0069
006B
006C
006E
006E
006D
006B
0068
0065
0061
005D
0059
0056
0053
0051
004F
004C
004B
004B
004A
0049
0048
0048
0048
0047
0046
0046
0046
0046
0046
0044
0043
0043
0043
0043
0043
0044
0044
0046
0047
0048
004A
004A
004D
0051
0054
0058
005B
005D
005F
0060
0062
0065
0066
0067
0067
0067
0067
0066
0065
0063
0062
0060
005E
005E
005E
005E
005D
005C
005D
005F
0061
0064
0065
0066
0069
006B
006B
006B
006B
0069
0066
0063
005E
0059
0054
004F
004B
0046
0041
003D
0039
0033
002F
002C
0028
0025
0023
0021
001F
001B
0017
0013
000F
000A
0005
0001
FFFD
FFF9
FFF5
FFF2
FFF0
FFEF
FFED
FFEC
FFEE
FFF0
FFF2
FFF4
FFF6
FFF8
FFFA
FFFA
FFFA
FFFA
FFF9
FFF9
FFF9
FFF9
FFF9
FFF8
FFF7
FFF5
FFF4
FFF1
FFEE
FFED
FFED
FFED
FFED
FFEE
FFF0
FFF2
FFF3
FFF3
FFF3
FFF4
FFF3
FFF3
FFF2
FFF1
FFEF
FFED
FFEC
FFEB
FFEA
FFEA
FFEA
FFEB
FFED
FFEF
FFF1
FFF3
FFF4
FFF6
FFF8
FFF8
FFFA
FFFA
FFFA
FFFA
FFFA
FFF9
FFF9
FFF8
FFF6
FFF2
FFED
FFEA
FFE6
FFE1
FFDE
FFDB
FFD8
FFD5
FFD3
FFD1
FFD0
FFCF
FFCE
FFCD
FFCC
FFCC
FFCB
FFCA
FFCA
FFCA
FFCA
FFCC
FFCC
FFCD
FFCC
FFCC
FFCC
FFCC
FFCA
FFCB
FFCD
FFD0
FFD3
FFD6
FFDA
FFDF
FFE3
FFE6
FFE8
FFEA
FFEC
FFED
FFEF
FFF0
FFF2
FFF3
FFF4
FFF6
FFF7
FFF9
FFFA
FFFC
0000
0002
0003
0005
0005
0006
0007
0006
0005
0003
0004
0005
0006
0008
0008
000B
000D
000E
000E
000E
000F
0010
0010
0012
0014
0015
0016
0017
0017
0015
0016
0016
0014
0013
0012
0011
0010
000F
000E
000C
000B
000B
000B
000C
000D
000E
000F
0011
0012
0012
0013
0013
0014
0016
0016
0016
0016
0014
0013
0012
000F
000E
000C
000A
0008
0007
0007
0007
0007
0008
000B
000C
000C
000C
000B
000B
0009
0008
0007
0004
0000
FFFD
FFFA
FFF7
FFF5
FFF2
FFEF
FFEC
FFEA
FFE8
FFE5
FFE3
FFE1
FFDF
FFDE
FFDD
FFDC
FFDB
FFDA
FFD9
FFDA
FFDB
FFD9
FFD7
FFD7
FFD4
FFD1
FFCE
FFCD
FFCC
FFC8
FFC5
FFC2
FFBF
FFBC
FFBB
FFBA
FFBA
FFBB
FFBE
FFC0
FFC4
FFCA
FFCE
FFD0
FFD4
FFD8
FFDC
FFDF
FFE1
FFE3
FFE5
FFE5
FFE6
FFE5
FFE4
FFE3
FFE2
FFE1
FFDF
FFDD
FFDB
FFDA
FFD8
FFD7
FFD7
FFD6
FFD7
FFD8
FFDA
FFDB
FFDC
FFDD
FFDE
FFE0
FFE2
FFE3
FFE4
FFE4
FFE5
FFE5
FFE5
FFE7
FFE7
FFE7
FFE8
FFE8
FFE9
FFE9
FFEB
FFEC
FFED
FFEE
FFEE
FFEE
FFEE
FFEC
FFEB
FFEA
FFEB
FFEB
FFEA
FFEA
FFE9
FFE7
FFE6
FFE4
FFE3
FFE1
FFDE
FFDC
FFD9
FFD5
FFD2
FFD0
FFCE
FFCD
FFCB
FFCB
FFCA
FFCA
FFCB
FFCA
FFCA
FFCA
FFC9
FFCA
FFCA
FFCA
FFCB
FFC9
FFCA
FFCB
FFCB
FFCC
FFCE
FFD0
FFD2
FFD5
FFD9
FFDD
FFE2
FFE6
FFEB
FFF0
FFF4
FFF8
FFFA
FFFC
FFFE
FFFE
FFFF
0000
0000
FFFF
FFFF
FFFE
FFFD
FFFD
FFFD
FFFD
FFFF
FFFF
0000
0001
0002
0003
0003
0003
0003
0004
0004
0004
0003
0004
0004
0003
0003
0004
0005
0006
0007
0009
000B
000D
000F
000F
000F
000F
000C
000A
0009
0007
0004
0002
0000
FFFE
FFFC
FFFC
FFFB
FFFC
FFFE
FFFF
0001
0003
0004
0005
0005
0005
0005
0006
0006
0006
0007
0007
0007
0007
0009
000A
000A
000B
000C
000C
000B
0008
0006
0004
0001
FFFE
FFFC
FFFA
FFF9
FFF6
FFF5
FFF3
FFF0
FFEF
FFED
FFEC
FFEB
FFEA
FFE8
FFE7
FFE6
FFE4
FFE1
FFDE
FFDD
FFDB
FFDA
FFD8
FFD7
FFD7
FFD8
FFD8
FFD8
FFD9
FFD9
FFDA
FFDC
FFDB
FFDB
FFDC
FFDD
FFDE
FFDF
FFDF
FFE0
FFDE
FFDE
FFDF
FFDF
FFDE
FFDF
FFE0
FFDF
FFDF
FFE1
FFE3
FFE4
FFE6
FFE8
FFEA
FFEC
FFED
FFEE
FFEE
FFED
FFED
FFEC
FFEB
FFEB
FFEB
FFEA
FFEA
FFEA
FFE9
FFE9
FFEA
FFEC
FFEC
FFEB
FFEC
FFEC
FFEB
FFEC
FFEC
FFED
FFED
FFED
FFEE
FFEE
FFEE
FFEF
FFEF
FFEF
FFEF
FFF0
FFF2
FFF3
FFF4
FFF5
FFF6
FFF8
FFFA
FFFB
FFFC
FFFC
FFFC
FFFC
FFFB
FFFA
FFF9
FFF9
FFF9
FFFA
FFFB
FFFC
FFFD
FFFD
FFFE
0000
0001
0003
0003
0004
0005
0006
0007
0008
0008
000A
000B
000B
000B
000C
000D
000E
000F
0010
0013
0016
0017
0018
0019
001B
001D
001E
0020
0022
0022
0023
0023
0022
0023
0023
0023
0024
0026
0027
0029
002B
002D
002F
0030
0031
0035
0037
0038
0039
003A
003B
003C
003C
003D
003D
003D
003D
003E
0040
0041
0042
0044
0044
0044
0044
0043
0041
003F
003D
003A
0038
0036
0034
0033
0032
0031
0030
002E
002D
002B
002A
0029
0027
0025
0024
0022
0020
001E
001C
001C
001A
0019
0016
0014
0013
0011
0010
0010
000F
0010
000F
000E
000F
000D
000C
0008
0006
0006
0004
0002
0001
0000
0000
0000
0000
0001
0003
0004
0005
0005
0006
0006
0004
0003
0001
FFFF
FFFC
FFFA
FFFA
FFFA
FFF9
FFF9
FFF9
FFF9
FFF9
FFF9
FFFA
FFFC
FFFE
0000
0002
0003
0005
0007
0009
000B
000D
000D
000F
0010
000F
000F
000E
000E
000E
000E
000D
000D
000E
000F
000F
000F
0010
0012
0014
0015
0017
001A
001C
001E
0020
0021
0021
0021
0021
0020
001F
0020
0020
001F
001F
001E
001D
001B
001A
001A
0018
0016
0015
0013
0012
0012
0012
0012
0012
0011
0011
0011
000F
000D
000C
000A
0008
0007
0006
0004
0001
FFFE
FFFE
FFFD
FFFB
FFFB
FFFA
FFFA
FFF8
FFF6
FFF6
FFF7
FFF6
FFF6
FFF6
FFF6
FFF4
FFF2
FFF0
FFED
FFE9
FFE5
FFE2
FFDF
FFDB
FFD8
FFD5
FFD2
FFCF
FFCD
FFCA
FFC7
FFC5
FFC4
FFC2
FFC1
FFC0
FFC0
FFBE
FFBC
FFBD
FFBE
FFBD
FFBD
FFBD
FFBB
FFBB
FFBA
FFB9
FFB9
FFB9
FFBA
FFBB
FFBB
FFBB
FFBC
FFBD
FFBD
FFBF
FFC0
FFC1
FFC3
FFC5
FFC6
FFC7
FFC9
FFCC
FFCF
FFD1
FFD5
FFD8
FFDB
FFDE
FFE2
FFE5
FFE8
FFEB
FFEF
FFF1
FFF3
FFF6
FFFA
FFFE
0004
0007
000C
0012
0018
001E
0024
002A
0030
0035
003A
003D
0040
0043
0046
0049
004B
004C
004D
004E
004E
004F
0050
0051
0052
0055
0058
0059
005B
005D
0060
0061
0062
0062
0061
0061
0061
0060
005F
005F
005E
005E
005E
005E
005E
005F
005E
005E
005F
0060
005E
005D
005C
0059
0057
0054
0050
004D
0049
0046
0042
003E
003A
0036
0033
002F
002B
0029
0024
0021
001E
001A
0016
0012
000E
000A
0006
0002
FFFF
FFFB
FFF9
FFF7
FFF5
FFF4
FFF3
FFF2
FFF4
FFF3
FFF2
FFF2
FFF1
FFF1
FFF1
FFF0
FFF0
FFEF
FFEE
FFEE
FFED
FFED
FFEC
FFEB
FFEB
FFEB
FFEB
FFEA
FFE8
FFE8
FFE6
FFE6
FFE5
FFE3
FFE2
FFE1
FFE1
FFE0
FFE0
FFE2
FFE2
FFE2
FFE4
FFE4
FFE5
FFE6
FFE8
FFEA
FFE9
FFEA
FFEC
FFEC
FFEE
FFF0
FFEF
FFF0
FFF0
FFF0
FFF0
FFF0
FFF0
FFF1
FFF1
FFF1
FFF3
FFF4
FFF6
FFF6
FFF7
FFF8
FFF7
FFF6
FFF7
FFF7
FFF8
FFF9
FFFA
FFFB
FFFC
FFFD
FFFF
0000
0001
0002
0003
0004
0005
0007
0009
000A
000C
000E
0010
0011
0012
0014
0014
0014
0015
0014
0013
0013
0012
0010
000E
000C
000A
0008
0006
0004
0003
0001
FFFE
FFFC
FFFA
FFF8
FFF7
FFF6
FFF6
FFF6
FFF7
FFF6
FFF7
FFF7
FFF7
FFF6
FFF4
FFF3
FFF2
FFF0
FFEE
FFED
FFEA
FFE8
FFE6
FFE5
FFE4
FFE3
FFE3
FFE2
FFE0
FFE0
FFE0
FFE0
FFE1
FFE2
FFE3
FFE3
FFE4
FFE4
FFE5
FFE5
FFE5
FFE5
FFE6
FFE5
FFE6
FFE6
FFE5
FFE6
FFE6
FFE6
FFE8
FFE9
FFEA
FFEB
FFEC
FFEF
FFF0
FFF1
FFF3
FFF5
FFF6
FFF5
FFF6
FFF8
FFF7
FFF7
FFF9
FFF8
FFF9
FFFB
FFFB
FFFC
FFFC
FFFC
FFFB
FFFA
FFFA
FFF9
FFF8
FFF7
FFF7
FFF6
FFF4
FFF4
FFF4
FFF5
FFF3
FFF4
FFF5
FFF3
FFF2
FFF2
FFF1
FFF1
FFF1
FFF0
FFF0
FFF1
FFEF
FFED
FFEC
FFEB
FFEA
FFE8
FFE7
FFE7
FFE5
FFE2
FFE0
FFDE
FFDC
FFDB
FFDA
FFD8
FFD5
FFD4
FFD3
FFD2
FFD1
FFD0
FFCF
FFCE
FFCD
FFCC
FFCA
FFC9
FFC8
FFC7
FFC7
FFC5
FFC6
FFC6
FFC6
FFC7
FFC8
FFC9
FFCC
FFCC
FFCD
FFD0
FFD1
FFD3
FFD6
FFD9
FFDB
FFDB
FFDD
FFE1
FFE3
FFE6
FFE8
FFEA
FFEC
FFEF
FFF1
FFF2
FFF3
FFF5
FFF4
FFF5
FFF6
FFF7
FFF9
FFF8
FFFA
FFFB
FFFB
FFFD
FFFE
FFFE
FFFF
0000
0000
0000
0000
0000
FFFF
FFFE
FFFE
FFFE
FFFE
FFFE
FFFF
0001
0003
0005
0007
000B
000E
0010
0013
0015
0018
001A
001A
001A
001B
001B
001A
0018
0017
0016
0016
0015
0014
0014
0013
0011
0010
000F
000E
000E
000D
000C
000D
000E
000D
000D
000D
000B
000B
000A
0008
0007
0004
0001
0000
FFFE
FFFC
FFFB
FFFA
FFFA
FFF9
FFF8
FFF8
FFF8
FFF8
FFF8
FFF8
FFF7
FFF6
FFF6
FFF7
FFF6
FFF5
FFF5
FFF6
FFF7
FFF6
FFF5
FFF5
FFF5
FFF5
FFF4
FFF3
FFF4
FFF6
FFF7
FFF8
FFFA
FFFC
FFFD
FFFD
FFFD
FFFE
FFFD
FFFD
FFFD
FFFC
FFFC
FFFC
FFFD
FFFD
FFFC
FFFE
FFFE
FFFE
FFFE
FFFE
FFFE
FFFF
FFFF
0000
0000
0000
0003
0006
0006
0009
000B
000B
000D
000E
0011
0013
0013
0014
0015
0016
0016
0016
0017
0017
0018
0018
0018
0018
001A
001A
001A
001A
001B
001A
001A
001A
0019
0018
0018
0016
0015
0014
0011
000F
000C
0009
0006
0004
0002
0000
FFFE
FFFE
FFFE
FFFE
FFFF
FFFF
FFFF
0000
0000
FFFF
FFFF
FFFF
FFFF
FFFE
FFFD
FFFC
FFFA
FFF9
FFF8
FFF5
FFF4
FFF3
FFF2
FFF1
FFF0
FFF0
FFF0
FFEF
FFEF
FFEF
FFEF
FFEF
FFEF
FFEF
FFEF
FFF0
FFF0
FFF0
FFF1
FFF1
FFF0
FFF0
FFF1
FFF1
FFF1
FFF2
FFF2
FFF3
FFF3
FFF3
FFF4
FFF5
FFF6
FFF7
FFF9
FFFA
FFFA
FFFD
FFFF
0001
0003
0005
0006
0007
0009
000C
000D
000D
000E
000F
000F
000E
000D
000D
000C
000C
000C
000B
000B
000C
000C
000C
000D
000E
000E
000F
0010
000F
000F
000F
000E
000D
000D
000C
000B
000B
000A
0009
000A
000B
000A
000A
000D
000F
000E
000E
000F
000F
0010
000F
000E
000D
000D
000D
000C
000B
000C
0009
0007
0007
0006
0005
0003
0003
0003
0000
FFFE
FFFF
FFFF
FFFE
FFFE
FFFE
FFFE
FFFE
FFFC
FFFA
FFFB
FFFB
FFFB
FFFC
FFFD
FFFF
0002
0003
0004
0007
0009
0009
0009
000B
000C
000E
000D
000E
0011
000F
0011
0015
0015
0016
0018
0018
0018
0018
0019
001A
001A
0019
0019
0019
0019
0018
0018
0019
001C
001D
001E
0020
0022
0023
0022
0023
0024
0026
0026
0026
0028
002A
002A
0029
0029
0029
0029
0028
0027
0027
0027
0025
0024
0024
0025
0024
0024
0027
0028
0028
0029
0029
0029
002B
002A
0029
0028
0026
0025
0023
0021
001F
001E
001C
001B
0019
0017
0015
0014
0012
0010
0011
0011
0011
0011
0011
0011
0010
000F
000F
000F
000E
000D
000B
000A
0008
0006
0004
0002
0002
0000
FFFF
FFFE
FFFD
FFFD
FFFC
FFFB
FFFA
FFF9
FFF9
FFF8
FFF6
FFF7
FFF7
FFF7
FFF6
FFF6
FFF6
FFF4
FFF4
FFF5
FFF2
FFF1
FFF0
FFEE
FFEE
FFED
FFED
FFEE
FFEF
FFF0
FFF1
FFF3
FFF5
FFF5
FFF7
FFF8
FFF8
FFF8
FFF8
FFF7
FFF7
FFF7
FFF8
FFF7
FFF7
FFF6
FFF5
FFF5
FFF3
FFF1
FFEF
FFEE
FFEE
FFED
FFEC
FFEC
FFEC
FFEE
FFEF
FFEF
FFF0
FFF1
FFF1
FFF1
FFF0
FFF0
FFF0
FFEF
FFEE
FFEE
FFEE
FFEC
FFEB
FFEB
FFEC
FFED
FFED
FFEF
FFF1
FFF1
FFF2
FFF3
FFF4
FFF6
FFF7
FFF7
FFF8
FFFB
FFFD
FFFD
FFFC
FFFD
FFFD
FFFC
FFFA
FFF9
FFFA
FFFA
FFF8
FFF7
FFF8
FFF6
FFF4
FFF2
FFF2
FFF2
FFF1
FFF1
FFF1
FFF1
FFF2
FFF1
FFF1
FFF1
FFF1
FFF1
FFEF
FFEF
FFEE
FFED
FFED
FFEC
FFEB
FFEA
FFEA
FFEB
FFEC
FFEC
FFED
FFEF
FFF0
FFF1
FFF3
FFF4
FFF6
FFF7
FFF7
FFF9
FFFA
FFFB
FFFD
FFFE
FFFE
0000
0000
0001
0001
0001
0002
0003
0002
0001
FFFF
FFFE
FFFE
FFFD
FFFA
FFF9
FFFA
FFFA
FFF9
FFF9
FFFA
FFF9
FFF9
FFFA
FFFB
FFFC
FFFD
FFFE
FFFF
0002
0003
0003
0002
0002
0004
0003
0002
0003
0003
0003
0003
0003
0003
0004
0004
0005
0005
0007
0008
0009
000A
000B
000C
000D
000C
000B
000B
000A
000A
0009
0008
0007
0007
0008
0007
0005
0005
0005
0004
0004
0005
0005
0005
0005
0006
0006
0006
0007
0008
0007
0008
0009
0008
0008
0007
0009
0009
0007
0006
0005
0003
0002
FFFE
FFFD
FFFC
FFFB
FFFA
FFFA
FFF9
FFF9
FFFA
FFFB
FFFB
FFFA
FFFA
FFF8
FFF6
FFF5
FFF3
FFF0
FFED
FFEC
FFE9
FFE7
FFE5
FFE2
FFE2
FFE3
FFE1
FFE1
FFE1
FFE1
FFE1
FFE1
FFE1
FFE2
FFE3
FFE3
FFE3
FFE4
FFE4
FFE4
FFE4
FFE2
FFE1
FFE1
FFDE
FFDC
FFDB
FFD9
FFD8
FFD7
FFD5
FFD5
FFD4
FFD4
FFD4
FFD5
FFD6
FFD6
FFD7
FFD7
FFD7
FFD7
FFD7
FFDA
FFDC
FFDC
FFDC
FFDE
FFDE
FFDF
FFDF
FFDF
FFE2
FFE4
FFE5
FFE8
FFEB
FFEC
FFED
FFEE
FFF0
FFF2
FFF3
FFF3
FFF4
FFF5
FFF6
FFF7
FFF7
FFF8
FFF9
FFFA
FFFB
FFFB
FFFC
FFFE
FFFF
0000
0000
0002
0002
0003
0005
0006
0006
0008
000B
000B
000C
000F
0011
0012
0013
0014
0015
0015
0013
0012
0012
0012
0011
0010
000F
0010
0011
0011
0012
0013
0014
0015
0016
0017
0018
0018
0018
0019
0019
001A
001A
001B
001C
001D
001C
001C
001C
001D
001E
001D
001C
001D
001D
001D
001E
001E
001E
001E
001E
001D
001C
001B
001A
0018
0016
0016
0015
0014
0013
0012
0012
0010
000F
000F
000E
000E
000E
000E
000E
000E
000E
000E
000D
000E
000E
000E
000E
000D
000B
000B
000B
0009
0008
0007
0005
0004
0004
0001
FFFF
FFFE
FFFD
FFFC
FFFB
FFFC
FFFD
FFFD
FFFB
FFFC
FFFC
FFFA
FFFC
0000
0000
0000
0000
0000
0000
0000
0000
0000
0000
0000
0000
0000
0000
0000
0000
0000
0000
0000
0000
0000
0000
0000
0000
0000
0000
0000
0000
0000
0000
0000
0000
0000
0000
0000
0000
0000
0000
0000
0000
0000
0000
0000
0000
0000
0000
0000
0000
0000
0000
0000
0000
0000
0000
0000
0000
0001
0000
0000
0000
0000
0000
0000
0000
0000
0000
0000
0000
0000
0000
0000
0000
0000
0000
0000
0000
0000
0000
0000
0000
0000
0000
0000
0000
0000
0000
0000
0000
0000
0000
0000
0000
0000
0000
0000
0000
0000
0000
0000
0000
0000
0000
0000
0000
0000
0000
0000
0000
0000
0000
0000
0000
0000
0000
0000
0000
0000
0000
0000
0000
0000
0000
0000
0000
0000
0000
0000
0000
0000
0000
0000
0000
0000
0000
0000
FFFF
FFFF
0000
0000
0000
0000
0000
0000
0000
0000
0000
0000
0000
0000
0000
0000
0000
0000
0000
0000
0000
0000
0000
0000
0000
0000
0000
0000
0000
0000
0000
0000
0000
0000
0000
0000
0000
0000
0000
0000
0000
0000
0000
0000
0000
0000
0000
0000
0000
0000
0000
0000
0000
0000
0000
0000
0000
0000
0000
0000
0000
0000
0000
0000
0000
0000
0000
0000
0000
0000
0000
0000
0000
0000
0000
0000
0000
0000
0000
0000
0000
0000
0001
0000
0000
0000
0000
0000
0000
0000
0000
0000
0000
0000
0000
0000
0000
0000
0000
0000
0000
0000
0000
0000
0000
0000
0000
0000
0000
0000
0000
0000
0000
0000
0000
0000
0000
0000
0000
0000
0000
0000
0000
0000
0000
0000
0000
0000
0000
0000
0000
0000
0000
0000
0000
0000
0000
0000
0000
0000
0000
0000
0000
0000
0000
0000
0000
0000
0000
0000
0000
0000
0000
0000
0000
0000
0000
0000
0000
0000
0000
0000
0000
0000
0000
0000
0000
0000
0000
0000
0000
0000
0000
0000
0000
0000
0000
0000
0000
0000
0000
0000
0000
0000
0000
0000
0000
0000
0000
0000
0000
0000
0000
0000
0000
0000
0000
0000
0000
0000
0000
0000
0000
0000
0000
0000
0000
0000
0000
0000
0000
0000
0000
0000
0000
0000
0000
0000
0000
0000
0000
0000
0000
0000
0000
0000
0000
0000
0000
0000
0000
0000
0000
0000
0000
0000
0000
0000
0000
0000
0000
0000
0000
0000
0000
0000
0000
0000
0000
0000
0000
0000
0000
0000
0000
0000
0000
0000
0000
0000
0000
0000
0000
0000
0000
0000
0000
0000
0000
0000
0000
0000
0000
0000
0000
0000
0000
0000
0000
0000
0000
0000
0000
0000
0000
0000
0000
0000
0000
0000
0000
0000
0000
0000
0000
0000
0000
0000
0000
0000
0000
0000
0000
0000
0000
0000
0000
0000
0000
0000
0000
0000
0000
0000
0000
0000
0000
0000
0000
0000
0000
0000
0000
0000
0000
0000
0000
0000
0000
0000
0000
0000
0000
0000
0000
0000
0000
0000
0000
0000
0000
0000
0000
0000
0000
0000
0000
0000
0000
0000
0000
0000
0000
0000
0000
0000
0000
0000
0000
0000
0000
0000
0000
0000
0000
0000
0000
0000
0000
0000
0000
0000
0000
0000
0000
0000
0000
0000
0000
0000
0000
0000
0000
0000
0000
0000
0000
0000
0000
0000
0000
0000
0000
0000
0000
0000
0000
0000
0000
0000
0000
0000
0000
0000
0000
0000
0000
0000
0000
0000
0000
0000
0000
0000
0000
0000
0000
0000
0000
0000
0000
0000
0000
0000
0000
0000
0000
0000
0000
0000
0000
0000
0000
0000
0000
0000
0000
0000
0000
0000
0000
0000
0000
0000
0000
0000
0000
0000
0000
0000
0000
0000
0000
0000
0000
0000
0000
0000
0000
0000
0000
0000
0000
0000
0000
0000
0000
0000
0000
0000
0000
0000
0000
0000
0000
0000
0000
0000
0000
0000
0000
0000
0000
0000
0000
0000
0000
0000
0000
0000
0000
0000
0000
0000
0000
0000
0000
0000
0000
0000
0000
0000
0000
0000
0000
0000
0000
0000
0000
0000
0000
0000
0000
0000
0000
0000
0000
0000
0000
0000
0000
0000
0000
0000
0000
0000
0000
0000
0000
0000
0000
0000
0000
0000
0000
0000
0000
0000
0000
0000
0000
0000
0000
0000
0000
0000
0000
0000
0000
0000
0000
0000
0000
0000
0000
0000
0000
0000
0000
0000
0000
0000
0000
0000
0000
0000
0000
0000
0000
0000
0000
0000
0000
0000
0000
0000
0000
0000
0000
0000
0000
0000
0000
0000
0000
0000
0000
0000
0000
0000
0000
0000
0000
0000
0000
0000
0000
0000
0000
0000
0000
0000
0000
0000
0000
0000
0000
0000
0000
0000
0000
0000
0000
0000
0000
0000
0000
0000
0000
0000
0000
0000
0000
0000
0000
0000
0000
0000
0000
0000
0000
0000
0000
0000
0000
0000
0000
0000
0000
0000
0000
0000
0000
0000
0000
0000
0000
0000
0000
0000
0000
0000
0000
0000
0000
0000
0000
0000
0000
0000
0000
0000
0000
0000
0000
0000
0000
0000
0000
0000
0000
0000
0000
0000
0000
0000
0000
0000
0000
0000
0000
0000
0000
0000
0000
0000
0000
0000
0000
0000
0000
0000
0000
0000
0000
0000
0000
0000
0000
0000
0000
0000
0000
0000
0000
0000
0000
0000
0000
0000
0000
0000
0000
0000
0000
0000
0000
0000
0000
0000
0000
0000
0000
0000
0000
0000
0000
0000
0000
0000
0000
0000
0000
0000
0000
0000
0000
0000
0000
0000
0000
0000
0000
0000
0000
0000
0000
0000
0000
0000
0000
0000
0000
0000
0000
0000
0000
0000
0000
0000
0000
0000
0000
0000
0000
0000
0000
0000
0000
0000
0000
0000
0000
0000
0000
0000
0000
0000
0000
0000
0000
0000
0000
0000
0000
0000
0000
0000
0000
0000
0000
0000
0000
0000
0000
0000
0000
0000
0000
0000
0000
0000
0000
0000
0000
0000
0000
0000
0000
0000
0000
0000
0000
0000
0000
0000
0000
0000
0000
0000
0000
0000
0000
0000
0000
0000
0000
0000
0000
0000
0000
0000
0000
0000
0000
0000
0000
0000
0000
0000
0000
0000
0000
0000
0000
0000
0000
0000
0000
0000
0000
0000
0000
0000
0000
0000
0000
0000
0000
0000
0000
0000
0000
0000
0000
0000
0000
0000
0000
0000
0000
0000
0000
0000
0000
0000
0000
0000
0000
0000
0000
0000
0000
0000
0000
0000
0000
0000
0000
0000
0000
0000
0000
0000
0000
0000
0000
0000
0000
0000
0000
0000
0000
0000
0000
0000
0000
0000
0000
0000
0000
0000
0000
0000
0000
0000
0000
0000
0000
0000
0000
0000
0000
0000
0000
0000
0000
0000
0000
0000
0000
0000
0000
0000
0000
0000
0000
0000
0000
0000
0000
0000
0000
0000
0000
0000
0000
0000
0000
0000
0000
0000
0000
0000
0000
0000
0000
0000
0000
0000
0000
0000
0000
0000
0000
0000
0000
0000
0000
0000
0000
0000
0000
0000
0000
0000
0000
0000
0000
0000
0000
0000
0000
0000
0000
0000
0000
0000
0000
0000
0000
0000
0000
0000
0000
0000
0000
0000
0000
0000
0000
0000
0000
0000
0000
0000
0000
0000
0000
0000
0000
0000
0000
0000
0000
0000
0000
0000
0000
0000
0000
0000
0000
0000
0000
0000
0000
0000
0000
0000
0000
0000
0000
0000
0000
0000
0000
0000
0000
0000
0000
0000
0000
0000
0000
0000
0000
0000
0000
0000
0000
0000
0000
0000
0000
0000
0000
0000
0000
0000
0000
0000
0000
0000
0000
0000
0000
0000
0000
0000
0000
0000
0000
0000
0000
0000
0000
0000
0000
0000
0000
0000
0000
0000
0000
0000
0000
0000
0000
0000
0000
0000
0000
0000
0000
0000
0000
0000
0000
0000
0000
0000
0000
0000
0000
0000
0000
0000
0000
0000
0000
0000
0000
0000
0000
0000
0000
0000
0000
0000
0000
0000
0000
0000
0000
0000
0000
0000
0000
0000
0000
0000
0000
0000
0000
0000
0000
0000
0000
0000
0000
0000
0000
0000
0000
0000
0000
0000
0000
0000
0000
0000
0000
0000
0000
0000
0000
0000
0000
0000
0000
0000
0000
0000
0000
0000
0000
0000
0000
0000
0000
0000
0000
0000
0000
0000
0000
0000
0000
0000
0000
0000
0000
0000
0000
0000
0000
0000
0000
0000
0000
0000
0000
0000
0000
0000
0000
0000
0000
0000
0000
0000
0000
0000
0000
0000
0000
0000
0000
0000
0000
0000
0000
0000
0000
0000
0000
0000
0000
0000
0000
0000
0000
0000
0000
0000
0000
0000
0000
0000
0000
0000
0000
0000
0000
0000
0000
0000
0000
0000
0000
0000
0000
0000
0000
0000
0000
0000
0000
0000
0000
0000
0000
0000
0000
0000
0000
0000
0000
0000
0000
0000
0000
0000
0000
0000
0000
0000
0000
0000
0000
0000
0000
0000
0000
0000
0000
0000
0000
0000
0000
0000
0000
0000
0000
0000
0000
0000
0000
0000
0000
0000
0000
0000
0000
0000
0000
0000
0000
0000
0000
0000
0000
0000
0000
0000
0000
0000
0000
0000
0000
0000
0000
0000
0000
0000
0000
0000
0000
0000
0000
0000
0000
0000
0000
0000
0000
0000
0000
0000
0000
0000
0000
0000
0000
0000
0000
0000
0000
0000
0000
0000
0000
0000
0000
0000
0000
0000
0000
0000
0000
0000
0000
0000
0000
0000
0000
0000
0000
0000
0000
0000
0000
0000
0000
0000
0000
0000
0000
0000
0000
0000
0000
0000
0000
0000
0000
0000
0000
0000
0000
0000
0000
0000
0000
0000
0000
0000
0000
0000
0000
0000
0000
0000
0000
0000
0000
0000
0000
0000
0000
0000
0000
0000
0000
0000
0000
0000
0000
0000
0000
0000
0000
0000
0000
0000
0000
0000
0000
0000
0000
0000
0000
0000
0000
0000
0000
0000
0000
0000
0000
0000
0000
0000
0000
0000
0000
0000
0000
0000
0000
0000
0000
0000
0000
0000
0000
0000
0000
0000
0000
0000
0000
0000
0000
0000
0000
0000
0000
0000
0000
0000
0000
0000
0000
0000
0000
0000
0000
0000
0000
0000
0000
0000
0000
0000
0000
0000
0000
0000
0000
0000
0000
0000
0000
0000
0000
0000
0000
0000
0000
0000
0000
0000
0000
0000
0000
0000
0000
0000
0000
0000
0000
0000
0000
0000
0000
0000
0000
0000
0000
0000
0000
0000
0000
0000
0000
0000
0000
0000
0000
0000
0000
0000
0000
0000
0000
0000
0000
0000
0000
0000
0000
0000
0000
0000
0000
0000
0000
0000
0000
0000
0000
0000
0000
0000
0000
0000
0000
0000
0000
0000
0000
0000
0000
0000
0000
0000
0000
0000
0000
0000
0000
0000
0000
0000
0000
0000
0000
0000
0000
0000
0000
0000
0000
0000
0000
0000
0000
0000
0000
0000
0000
0000
0000
0000
0000
0000
0000
0000
0000
0000
0000
0000
0000
