WIDTH=8;
DEPTH=48172;

ADDRESS_RADIX=UNS;
DATA_RADIX=HEX;

CONTENT BEGIN
    0 : 19;
    1 : 00;
    2 : 00;
    3 : 00;
    4 : 19;
    5 : 91;
    6 : 09;
    7 : 91;
    8 : 92;
    9 : 19;
    10 : 2A;
    11 : B1;
    12 : 93;
    13 : A9;
    14 : 97;
    15 : 48;
    16 : 3B;
    17 : 3B;
    18 : 79;
    19 : 09;
    20 : 4B;
    21 : 8B;
    22 : A3;
    23 : F3;
    24 : CB;
    25 : B2;
    26 : 20;
    27 : 5F;
    28 : 0B;
    29 : 7A;
    30 : 92;
    31 : 29;
    32 : 2B;
    33 : E3;
    34 : 13;
    35 : 1D;
    36 : B1;
    37 : 88;
    38 : 89;
    39 : 85;
    40 : 40;
    41 : 99;
    42 : 72;
    43 : 3E;
    44 : 0C;
    45 : 81;
    46 : 0B;
    47 : 92;
    48 : B6;
    49 : A1;
    50 : 86;
    51 : 99;
    52 : 59;
    53 : 2B;
    54 : FA;
    55 : BF;
    56 : AA;
    57 : 23;
    58 : 71;
    59 : 80;
    60 : 12;
    61 : 30;
    62 : 9F;
    63 : 30;
    64 : 38;
    65 : CB;
    66 : 29;
    67 : 39;
    68 : 8D;
    69 : 01;
    70 : 19;
    71 : 2F;
    72 : 31;
    73 : 44;
    74 : 88;
    75 : 09;
    76 : 78;
    77 : 88;
    78 : 80;
    79 : 19;
    80 : CB;
    81 : 4B;
    82 : 40;
    83 : 00;
    84 : B9;
    85 : 32;
    86 : 0B;
    87 : AC;
    88 : 4B;
    89 : FB;
    90 : 19;
    91 : 30;
    92 : 99;
    93 : DB;
    94 : 09;
    95 : 04;
    96 : 03;
    97 : 32;
    98 : 3D;
    99 : A9;
    100 : 10;
    101 : B8;
    102 : FF;
    103 : 38;
    104 : 83;
    105 : A1;
    106 : 9C;
    107 : 90;
    108 : A9;
    109 : 4B;
    110 : 16;
    111 : CA;
    112 : 39;
    113 : 71;
    114 : 82;
    115 : 91;
    116 : 15;
    117 : 09;
    118 : 8F;
    119 : 11;
    120 : 01;
    121 : 88;
    122 : 08;
    123 : 9A;
    124 : 2E;
    125 : 91;
    126 : BA;
    127 : 1A;
    128 : 61;
    129 : 12;
    130 : BA;
    131 : 9F;
    132 : 30;
    133 : 22;
    134 : E9;
    135 : 1C;
    136 : 30;
    137 : 93;
    138 : 10;
    139 : 78;
    140 : 83;
    141 : A8;
    142 : 89;
    143 : BA;
    144 : F3;
    145 : 89;
    146 : 1A;
    147 : 98;
    148 : AD;
    149 : B8;
    150 : 05;
    151 : 39;
    152 : 8A;
    153 : 15;
    154 : A2;
    155 : E2;
    156 : 44;
    157 : 00;
    158 : 9A;
    159 : 81;
    160 : A3;
    161 : 0C;
    162 : 90;
    163 : 64;
    164 : 9B;
    165 : 00;
    166 : 07;
    167 : A1;
    168 : 09;
    169 : 50;
    170 : 98;
    171 : 8B;
    172 : 84;
    173 : 89;
    174 : 90;
    175 : 78;
    176 : D8;
    177 : A8;
    178 : 14;
    179 : B1;
    180 : 0D;
    181 : 28;
    182 : 92;
    183 : AB;
    184 : 24;
    185 : 18;
    186 : AB;
    187 : 6A;
    188 : E3;
    189 : A9;
    190 : 60;
    191 : 90;
    192 : 8B;
    193 : 09;
    194 : 06;
    195 : 9A;
    196 : 48;
    197 : 28;
    198 : 89;
    199 : 90;
    200 : 07;
    201 : 8A;
    202 : 49;
    203 : 92;
    204 : AB;
    205 : B1;
    206 : 17;
    207 : 8B;
    208 : 3A;
    209 : 82;
    210 : B1;
    211 : B0;
    212 : 17;
    213 : 8B;
    214 : 5B;
    215 : 94;
    216 : 9A;
    217 : A8;
    218 : 73;
    219 : 9A;
    220 : 89;
    221 : 84;
    222 : 80;
    223 : 99;
    224 : 62;
    225 : 9A;
    226 : 18;
    227 : 06;
    228 : 8A;
    229 : 99;
    230 : 70;
    231 : 99;
    232 : 89;
    233 : 94;
    234 : 00;
    235 : 89;
    236 : 58;
    237 : B9;
    238 : 98;
    239 : 16;
    240 : 8B;
    241 : 99;
    242 : 79;
    243 : A0;
    244 : 90;
    245 : 83;
    246 : 10;
    247 : 9A;
    248 : 79;
    249 : A8;
    250 : A8;
    251 : 24;
    252 : 8B;
    253 : 99;
    254 : 79;
    255 : B1;
    256 : 80;
    257 : 12;
    258 : 28;
    259 : 89;
    260 : 68;
    261 : C0;
    262 : 98;
    263 : 52;
    264 : 9B;
    265 : A8;
    266 : 5A;
    267 : C3;
    268 : 08;
    269 : 30;
    270 : 3A;
    271 : B0;
    272 : 38;
    273 : F3;
    274 : 09;
    275 : 69;
    276 : BA;
    277 : A1;
    278 : 39;
    279 : B6;
    280 : 18;
    281 : 30;
    282 : 0A;
    283 : B2;
    284 : 39;
    285 : F3;
    286 : 19;
    287 : 78;
    288 : B8;
    289 : 90;
    290 : 28;
    291 : A6;
    292 : 08;
    293 : 38;
    294 : 99;
    295 : B1;
    296 : 29;
    297 : C5;
    298 : 29;
    299 : 68;
    300 : D0;
    301 : 90;
    302 : 19;
    303 : 94;
    304 : 2A;
    305 : 20;
    306 : A8;
    307 : A2;
    308 : 5A;
    309 : D2;
    310 : 8A;
    311 : 48;
    312 : D2;
    313 : 89;
    314 : 89;
    315 : 04;
    316 : 1B;
    317 : 20;
    318 : 91;
    319 : 82;
    320 : 6A;
    321 : 95;
    322 : 1A;
    323 : 38;
    324 : D5;
    325 : 89;
    326 : 88;
    327 : 13;
    328 : 1C;
    329 : 30;
    330 : B0;
    331 : 94;
    332 : 1C;
    333 : B2;
    334 : 8E;
    335 : 08;
    336 : 96;
    337 : 8A;
    338 : 8A;
    339 : 30;
    340 : 8C;
    341 : 18;
    342 : 94;
    343 : 14;
    344 : 1B;
    345 : 01;
    346 : 1B;
    347 : 92;
    348 : 27;
    349 : 1B;
    350 : 9A;
    351 : 58;
    352 : 99;
    353 : 11;
    354 : D3;
    355 : 52;
    356 : 8C;
    357 : A0;
    358 : 9B;
    359 : 84;
    360 : 15;
    361 : 1A;
    362 : 89;
    363 : 28;
    364 : B8;
    365 : 82;
    366 : E8;
    367 : 53;
    368 : 9B;
    369 : C0;
    370 : A9;
    371 : A1;
    372 : 31;
    373 : 0F;
    374 : 19;
    375 : 1A;
    376 : 85;
    377 : 02;
    378 : B8;
    379 : 70;
    380 : 90;
    381 : B1;
    382 : 18;
    383 : 32;
    384 : 38;
    385 : 8F;
    386 : 98;
    387 : 98;
    388 : 03;
    389 : 32;
    390 : F1;
    391 : 60;
    392 : 90;
    393 : 90;
    394 : 1A;
    395 : 09;
    396 : 89;
    397 : 89;
    398 : 89;
    399 : BC;
    400 : 27;
    401 : 51;
    402 : B8;
    403 : 78;
    404 : 80;
    405 : A0;
    406 : 1A;
    407 : 10;
    408 : 98;
    409 : 91;
    410 : A0;
    411 : CF;
    412 : 10;
    413 : 28;
    414 : F2;
    415 : 38;
    416 : 02;
    417 : A9;
    418 : 1C;
    419 : 11;
    420 : B8;
    421 : 01;
    422 : 21;
    423 : FD;
    424 : 20;
    425 : 01;
    426 : F2;
    427 : 29;
    428 : 13;
    429 : A9;
    430 : 1A;
    431 : 04;
    432 : B2;
    433 : 1A;
    434 : 41;
    435 : FA;
    436 : 19;
    437 : 22;
    438 : B4;
    439 : 3E;
    440 : 02;
    441 : C8;
    442 : 8B;
    443 : 13;
    444 : B2;
    445 : 3B;
    446 : 32;
    447 : F2;
    448 : 2C;
    449 : 02;
    450 : D3;
    451 : 1E;
    452 : 01;
    453 : B1;
    454 : 0B;
    455 : 43;
    456 : 91;
    457 : 3A;
    458 : 11;
    459 : F4;
    460 : 1A;
    461 : 21;
    462 : A2;
    463 : 0F;
    464 : 02;
    465 : 90;
    466 : 9D;
    467 : 01;
    468 : A2;
    469 : 0A;
    470 : 82;
    471 : B2;
    472 : 9F;
    473 : 13;
    474 : 82;
    475 : 8F;
    476 : 13;
    477 : 90;
    478 : 9C;
    479 : 33;
    480 : 82;
    481 : 0D;
    482 : 82;
    483 : 94;
    484 : 8E;
    485 : 13;
    486 : 82;
    487 : 8E;
    488 : 12;
    489 : 02;
    490 : CB;
    491 : 32;
    492 : 80;
    493 : 8D;
    494 : 83;
    495 : 12;
    496 : 9F;
    497 : 21;
    498 : 00;
    499 : AE;
    500 : 03;
    501 : 10;
    502 : CB;
    503 : 31;
    504 : 91;
    505 : 9F;
    506 : 81;
    507 : 11;
    508 : BB;
    509 : 33;
    510 : 21;
    511 : AF;
    512 : 25;
    513 : 00;
    514 : AC;
    515 : 31;
    516 : 81;
    517 : 9C;
    518 : 12;
    519 : 39;
    520 : BB;
    521 : 28;
    522 : 18;
    523 : FC;
    524 : 04;
    525 : 40;
    526 : BB;
    527 : 38;
    528 : 15;
    529 : DB;
    530 : 02;
    531 : 38;
    532 : F9;
    533 : 20;
    534 : 08;
    535 : D9;
    536 : 42;
    537 : 80;
    538 : C8;
    539 : 30;
    540 : 03;
    541 : AB;
    542 : 22;
    543 : 1A;
    544 : B9;
    545 : 24;
    546 : A2;
    547 : F9;
    548 : 41;
    549 : 29;
    550 : F9;
    551 : 09;
    552 : 22;
    553 : C9;
    554 : 28;
    555 : 2A;
    556 : F2;
    557 : 29;
    558 : 02;
    559 : D8;
    560 : 4A;
    561 : 81;
    562 : C8;
    563 : 19;
    564 : 22;
    565 : AB;
    566 : 28;
    567 : 08;
    568 : F1;
    569 : 20;
    570 : 02;
    571 : B0;
    572 : 7A;
    573 : 10;
    574 : E2;
    575 : 19;
    576 : 21;
    577 : B0;
    578 : 3B;
    579 : 89;
    580 : C5;
    581 : 3B;
    582 : 14;
    583 : A8;
    584 : 3C;
    585 : 86;
    586 : A0;
    587 : 1C;
    588 : 22;
    589 : B9;
    590 : 28;
    591 : A1;
    592 : D2;
    593 : 6A;
    594 : 00;
    595 : A8;
    596 : 4B;
    597 : A3;
    598 : A3;
    599 : 0F;
    600 : 02;
    601 : 92;
    602 : 2B;
    603 : A1;
    604 : 01;
    605 : 8F;
    606 : 83;
    607 : B8;
    608 : 8E;
    609 : 05;
    610 : 90;
    611 : 8C;
    612 : 12;
    613 : B1;
    614 : 2A;
    615 : 81;
    616 : C1;
    617 : 4D;
    618 : 82;
    619 : A1;
    620 : 0C;
    621 : 86;
    622 : 00;
    623 : 8B;
    624 : 12;
    625 : 21;
    626 : 0E;
    627 : A2;
    628 : 01;
    629 : 9C;
    630 : 23;
    631 : 91;
    632 : 8F;
    633 : 33;
    634 : 91;
    635 : AD;
    636 : 21;
    637 : A4;
    638 : 0C;
    639 : 93;
    640 : 81;
    641 : 0F;
    642 : 03;
    643 : 90;
    644 : 8C;
    645 : 14;
    646 : 18;
    647 : AD;
    648 : 01;
    649 : 11;
    650 : AA;
    651 : 94;
    652 : 18;
    653 : 9C;
    654 : 21;
    655 : 82;
    656 : BE;
    657 : 42;
    658 : 03;
    659 : AD;
    660 : 10;
    661 : 24;
    662 : 9D;
    663 : 02;
    664 : 10;
    665 : 8F;
    666 : 03;
    667 : 80;
    668 : BA;
    669 : 32;
    670 : 29;
    671 : BC;
    672 : 21;
    673 : 21;
    674 : C9;
    675 : 13;
    676 : 79;
    677 : 0A;
    678 : 00;
    679 : 04;
    680 : DA;
    681 : 20;
    682 : 24;
    683 : BA;
    684 : 9A;
    685 : 72;
    686 : DA;
    687 : 12;
    688 : 39;
    689 : CC;
    690 : 12;
    691 : 28;
    692 : EA;
    693 : 28;
    694 : 88;
    695 : B8;
    696 : 10;
    697 : 31;
    698 : B1;
    699 : 41;
    700 : 6A;
    701 : B0;
    702 : 02;
    703 : 73;
    704 : B8;
    705 : 88;
    706 : 40;
    707 : DA;
    708 : A9;
    709 : 48;
    710 : D8;
    711 : 10;
    712 : 08;
    713 : E1;
    714 : 11;
    715 : 28;
    716 : A0;
    717 : 49;
    718 : 22;
    719 : B0;
    720 : 98;
    721 : 79;
    722 : 81;
    723 : 11;
    724 : 1A;
    725 : F0;
    726 : 98;
    727 : 4A;
    728 : 92;
    729 : 08;
    730 : 70;
    731 : A1;
    732 : 98;
    733 : 3B;
    734 : A5;
    735 : 1A;
    736 : 28;
    737 : F2;
    738 : 19;
    739 : 09;
    740 : C3;
    741 : 0A;
    742 : 41;
    743 : 90;
    744 : 89;
    745 : 8B;
    746 : A4;
    747 : 0A;
    748 : 0A;
    749 : B5;
    750 : 10;
    751 : 0F;
    752 : 93;
    753 : 8C;
    754 : 3B;
    755 : 87;
    756 : 88;
    757 : 09;
    758 : 16;
    759 : 8B;
    760 : 88;
    761 : 93;
    762 : 1B;
    763 : 92;
    764 : 06;
    765 : 8B;
    766 : 39;
    767 : 94;
    768 : 80;
    769 : B9;
    770 : 35;
    771 : 8A;
    772 : CB;
    773 : 95;
    774 : 28;
    775 : B9;
    776 : 74;
    777 : 88;
    778 : A9;
    779 : 17;
    780 : 98;
    781 : 99;
    782 : 60;
    783 : 99;
    784 : A0;
    785 : 12;
    786 : 99;
    787 : 98;
    788 : 69;
    789 : B8;
    790 : 90;
    791 : 05;
    792 : 18;
    793 : AC;
    794 : 28;
    795 : A2;
    796 : D1;
    797 : 20;
    798 : 3A;
    799 : D9;
    800 : 3A;
    801 : E3;
    802 : B0;
    803 : 51;
    804 : 00;
    805 : AA;
    806 : 4A;
    807 : 97;
    808 : 88;
    809 : 39;
    810 : 18;
    811 : 09;
    812 : 09;
    813 : 97;
    814 : 99;
    815 : 38;
    816 : 39;
    817 : C9;
    818 : 89;
    819 : 27;
    820 : 08;
    821 : 2D;
    822 : 08;
    823 : C2;
    824 : 99;
    825 : 05;
    826 : 0B;
    827 : 2C;
    828 : 02;
    829 : D0;
    830 : 99;
    831 : 34;
    832 : 1A;
    833 : 8B;
    834 : 95;
    835 : 91;
    836 : A8;
    837 : 73;
    838 : 8A;
    839 : 89;
    840 : 83;
    841 : D2;
    842 : AA;
    843 : 79;
    844 : 08;
    845 : B9;
    846 : 84;
    847 : 82;
    848 : 9C;
    849 : 68;
    850 : 88;
    851 : 99;
    852 : 15;
    853 : B0;
    854 : 8A;
    855 : 58;
    856 : A2;
    857 : C0;
    858 : 01;
    859 : 30;
    860 : CB;
    861 : 3B;
    862 : A3;
    863 : 84;
    864 : 61;
    865 : 01;
    866 : 9B;
    867 : 1C;
    868 : A4;
    869 : E9;
    870 : 28;
    871 : 18;
    872 : 89;
    873 : 28;
    874 : 07;
    875 : A8;
    876 : 28;
    877 : 28;
    878 : C9;
    879 : 09;
    880 : B4;
    881 : A1;
    882 : 5C;
    883 : 21;
    884 : B8;
    885 : AC;
    886 : 15;
    887 : AB;
    888 : 59;
    889 : 83;
    890 : 98;
    891 : 9B;
    892 : 25;
    893 : 10;
    894 : 5A;
    895 : 88;
    896 : D9;
    897 : A8;
    898 : A2;
    899 : 1C;
    900 : 49;
    901 : 84;
    902 : C0;
    903 : 8A;
    904 : 26;
    905 : 99;
    906 : 1A;
    907 : 06;
    908 : A8;
    909 : 9A;
    910 : 68;
    911 : A8;
    912 : 99;
    913 : 25;
    914 : 91;
    915 : 9A;
    916 : 41;
    917 : 08;
    918 : BA;
    919 : 12;
    920 : 12;
    921 : A0;
    922 : 2B;
    923 : EA;
    924 : 19;
    925 : 35;
    926 : 9A;
    927 : AA;
    928 : 22;
    929 : ED;
    930 : A9;
    931 : 26;
    932 : 98;
    933 : 0A;
    934 : 71;
    935 : A0;
    936 : BA;
    937 : 41;
    938 : 90;
    939 : AA;
    940 : 58;
    941 : 82;
    942 : BA;
    943 : 20;
    944 : 40;
    945 : AA;
    946 : 30;
    947 : A3;
    948 : F9;
    949 : 21;
    950 : 80;
    951 : 00;
    952 : 78;
    953 : A3;
    954 : B9;
    955 : 41;
    956 : AA;
    957 : D8;
    958 : 42;
    959 : C2;
    960 : 8A;
    961 : 71;
    962 : 80;
    963 : AB;
    964 : 49;
    965 : 93;
    966 : D8;
    967 : 30;
    968 : 11;
    969 : DA;
    970 : 29;
    971 : 13;
    972 : DA;
    973 : 20;
    974 : 20;
    975 : A9;
    976 : 8D;
    977 : 96;
    978 : 09;
    979 : 20;
    980 : 08;
    981 : 80;
    982 : 10;
    983 : E2;
    984 : 9A;
    985 : 51;
    986 : 98;
    987 : BA;
    988 : 1A;
    989 : 17;
    990 : AC;
    991 : 38;
    992 : 11;
    993 : B0;
    994 : 2C;
    995 : 27;
    996 : B9;
    997 : 4B;
    998 : 11;
    999 : D2;
    1000 : 8A;
    1001 : 33;
    1002 : 9B;
    1003 : 1B;
    1004 : 82;
    1005 : A2;
    1006 : B9;
    1007 : 57;
    1008 : 89;
    1009 : 48;
    1010 : 98;
    1011 : A2;
    1012 : 8B;
    1013 : 43;
    1014 : AC;
    1015 : 4A;
    1016 : 94;
    1017 : B8;
    1018 : 8D;
    1019 : 53;
    1020 : 8A;
    1021 : 2B;
    1022 : 06;
    1023 : A1;
    1024 : 9D;
    1025 : 32;
    1026 : B8;
    1027 : 0B;
    1028 : 02;
    1029 : 13;
    1030 : AF;
    1031 : 31;
    1032 : A9;
    1033 : 09;
    1034 : 84;
    1035 : 23;
    1036 : 8E;
    1037 : 28;
    1038 : A8;
    1039 : 4B;
    1040 : A5;
    1041 : 11;
    1042 : AB;
    1043 : 54;
    1044 : B9;
    1045 : 8B;
    1046 : 15;
    1047 : 00;
    1048 : CA;
    1049 : 60;
    1050 : 90;
    1051 : 9B;
    1052 : 13;
    1053 : 12;
    1054 : DA;
    1055 : 58;
    1056 : 81;
    1057 : 9B;
    1058 : 83;
    1059 : 21;
    1060 : E9;
    1061 : 38;
    1062 : 11;
    1063 : AC;
    1064 : 92;
    1065 : 08;
    1066 : B9;
    1067 : 70;
    1068 : 90;
    1069 : AC;
    1070 : 17;
    1071 : 98;
    1072 : A9;
    1073 : 69;
    1074 : 80;
    1075 : AB;
    1076 : 05;
    1077 : 80;
    1078 : B9;
    1079 : 58;
    1080 : 11;
    1081 : AC;
    1082 : 12;
    1083 : 02;
    1084 : A0;
    1085 : 2E;
    1086 : 11;
    1087 : D8;
    1088 : 11;
    1089 : 10;
    1090 : 89;
    1091 : 1C;
    1092 : 93;
    1093 : D9;
    1094 : 33;
    1095 : 98;
    1096 : 0B;
    1097 : 3D;
    1098 : 95;
    1099 : C9;
    1100 : 50;
    1101 : 00;
    1102 : 9A;
    1103 : 39;
    1104 : 86;
    1105 : D9;
    1106 : 30;
    1107 : 10;
    1108 : B9;
    1109 : 8C;
    1110 : 15;
    1111 : A0;
    1112 : 2A;
    1113 : 12;
    1114 : 90;
    1115 : 9E;
    1116 : 05;
    1117 : 88;
    1118 : 2A;
    1119 : 00;
    1120 : 99;
    1121 : C9;
    1122 : 84;
    1123 : 99;
    1124 : 6C;
    1125 : 81;
    1126 : 9A;
    1127 : 89;
    1128 : 06;
    1129 : A9;
    1130 : 4A;
    1131 : 85;
    1132 : 99;
    1133 : AA;
    1134 : 43;
    1135 : 99;
    1136 : 0C;
    1137 : 14;
    1138 : 90;
    1139 : C9;
    1140 : 43;
    1141 : 1A;
    1142 : 8C;
    1143 : 14;
    1144 : 91;
    1145 : C8;
    1146 : 58;
    1147 : 09;
    1148 : 89;
    1149 : 13;
    1150 : B8;
    1151 : A8;
    1152 : 73;
    1153 : 89;
    1154 : 9C;
    1155 : 16;
    1156 : A8;
    1157 : 98;
    1158 : 50;
    1159 : 98;
    1160 : BA;
    1161 : 35;
    1162 : A8;
    1163 : BA;
    1164 : 68;
    1165 : 91;
    1166 : CA;
    1167 : 42;
    1168 : 90;
    1169 : AA;
    1170 : 4A;
    1171 : 84;
    1172 : C8;
    1173 : 48;
    1174 : 91;
    1175 : 98;
    1176 : 2B;
    1177 : 94;
    1178 : C0;
    1179 : 60;
    1180 : 90;
    1181 : 98;
    1182 : 2A;
    1183 : 93;
    1184 : B8;
    1185 : 7A;
    1186 : A4;
    1187 : 99;
    1188 : 1A;
    1189 : 07;
    1190 : A9;
    1191 : 5B;
    1192 : 82;
    1193 : A8;
    1194 : 9A;
    1195 : 16;
    1196 : 8A;
    1197 : 2C;
    1198 : 04;
    1199 : 98;
    1200 : AA;
    1201 : 34;
    1202 : 89;
    1203 : 0D;
    1204 : 84;
    1205 : 90;
    1206 : 9A;
    1207 : 51;
    1208 : 09;
    1209 : 9B;
    1210 : 87;
    1211 : 88;
    1212 : 99;
    1213 : 51;
    1214 : 99;
    1215 : 9B;
    1216 : 07;
    1217 : 88;
    1218 : 8B;
    1219 : 50;
    1220 : A0;
    1221 : A9;
    1222 : 25;
    1223 : 89;
    1224 : 9B;
    1225 : 60;
    1226 : 91;
    1227 : CA;
    1228 : 32;
    1229 : 10;
    1230 : AC;
    1231 : 49;
    1232 : A3;
    1233 : C8;
    1234 : 50;
    1235 : 00;
    1236 : BA;
    1237 : 39;
    1238 : B3;
    1239 : C0;
    1240 : 71;
    1241 : 00;
    1242 : A9;
    1243 : 28;
    1244 : 97;
    1245 : 99;
    1246 : 69;
    1247 : 80;
    1248 : A9;
    1249 : 29;
    1250 : 94;
    1251 : AB;
    1252 : 69;
    1253 : 01;
    1254 : C8;
    1255 : 09;
    1256 : 04;
    1257 : 99;
    1258 : 2C;
    1259 : 84;
    1260 : A0;
    1261 : 0B;
    1262 : 14;
    1263 : 0A;
    1264 : 2B;
    1265 : 96;
    1266 : A0;
    1267 : 2C;
    1268 : 02;
    1269 : 8C;
    1270 : 2A;
    1271 : 87;
    1272 : A8;
    1273 : 1B;
    1274 : 43;
    1275 : 9B;
    1276 : 8A;
    1277 : 06;
    1278 : 91;
    1279 : 0B;
    1280 : 62;
    1281 : 99;
    1282 : 98;
    1283 : 15;
    1284 : 99;
    1285 : 0B;
    1286 : 35;
    1287 : AA;
    1288 : CA;
    1289 : 26;
    1290 : 98;
    1291 : 9C;
    1292 : 42;
    1293 : 90;
    1294 : B9;
    1295 : 32;
    1296 : 19;
    1297 : DB;
    1298 : 22;
    1299 : A1;
    1300 : C0;
    1301 : 52;
    1302 : 9A;
    1303 : 8C;
    1304 : 24;
    1305 : D8;
    1306 : 98;
    1307 : 73;
    1308 : 98;
    1309 : AA;
    1310 : 31;
    1311 : B3;
    1312 : BA;
    1313 : 78;
    1314 : 01;
    1315 : DA;
    1316 : 10;
    1317 : 81;
    1318 : A0;
    1319 : 5A;
    1320 : 80;
    1321 : 98;
    1322 : 30;
    1323 : B0;
    1324 : BA;
    1325 : 71;
    1326 : B4;
    1327 : BA;
    1328 : 61;
    1329 : 81;
    1330 : AB;
    1331 : 58;
    1332 : 83;
    1333 : CA;
    1334 : 49;
    1335 : 83;
    1336 : A9;
    1337 : 4B;
    1338 : 84;
    1339 : A9;
    1340 : 4A;
    1341 : 82;
    1342 : AA;
    1343 : 59;
    1344 : 95;
    1345 : B9;
    1346 : 3A;
    1347 : 06;
    1348 : AA;
    1349 : 2A;
    1350 : 07;
    1351 : A8;
    1352 : 1B;
    1353 : 13;
    1354 : B8;
    1355 : 8B;
    1356 : 06;
    1357 : 98;
    1358 : 1B;
    1359 : 13;
    1360 : EA;
    1361 : 18;
    1362 : 15;
    1363 : BB;
    1364 : 2A;
    1365 : 17;
    1366 : AA;
    1367 : 0B;
    1368 : 26;
    1369 : A9;
    1370 : 0C;
    1371 : 33;
    1372 : A0;
    1373 : 9C;
    1374 : 33;
    1375 : 80;
    1376 : AD;
    1377 : 33;
    1378 : 90;
    1379 : 9A;
    1380 : 24;
    1381 : A8;
    1382 : 0E;
    1383 : 14;
    1384 : B9;
    1385 : 8A;
    1386 : 36;
    1387 : C8;
    1388 : 9B;
    1389 : 44;
    1390 : B0;
    1391 : AA;
    1392 : 62;
    1393 : 91;
    1394 : AB;
    1395 : 51;
    1396 : A1;
    1397 : BA;
    1398 : 51;
    1399 : 91;
    1400 : AB;
    1401 : 51;
    1402 : A1;
    1403 : B9;
    1404 : 52;
    1405 : 81;
    1406 : 9D;
    1407 : 40;
    1408 : 92;
    1409 : BA;
    1410 : 31;
    1411 : 13;
    1412 : AE;
    1413 : 49;
    1414 : 92;
    1415 : B8;
    1416 : 31;
    1417 : 82;
    1418 : 9F;
    1419 : 30;
    1420 : B2;
    1421 : CA;
    1422 : 52;
    1423 : 11;
    1424 : 9F;
    1425 : 28;
    1426 : 94;
    1427 : B9;
    1428 : 28;
    1429 : 53;
    1430 : BB;
    1431 : 1A;
    1432 : 05;
    1433 : B0;
    1434 : 89;
    1435 : 52;
    1436 : 99;
    1437 : 88;
    1438 : 02;
    1439 : B9;
    1440 : 12;
    1441 : 51;
    1442 : AE;
    1443 : 20;
    1444 : 85;
    1445 : D9;
    1446 : 10;
    1447 : 42;
    1448 : BA;
    1449 : 0A;
    1450 : 25;
    1451 : C8;
    1452 : 88;
    1453 : 61;
    1454 : A8;
    1455 : 8A;
    1456 : 21;
    1457 : A0;
    1458 : 80;
    1459 : 68;
    1460 : B9;
    1461 : 8A;
    1462 : 13;
    1463 : F8;
    1464 : 10;
    1465 : 68;
    1466 : A0;
    1467 : 89;
    1468 : 12;
    1469 : C1;
    1470 : 09;
    1471 : 69;
    1472 : A1;
    1473 : 88;
    1474 : 20;
    1475 : D2;
    1476 : 1A;
    1477 : 4B;
    1478 : B1;
    1479 : 88;
    1480 : 35;
    1481 : B1;
    1482 : 1B;
    1483 : 6B;
    1484 : C2;
    1485 : 9B;
    1486 : 53;
    1487 : 93;
    1488 : 8D;
    1489 : 1A;
    1490 : 83;
    1491 : BA;
    1492 : 29;
    1493 : 06;
    1494 : 3A;
    1495 : 9C;
    1496 : 94;
    1497 : 0A;
    1498 : 10;
    1499 : 83;
    1500 : 3E;
    1501 : 80;
    1502 : C4;
    1503 : 8B;
    1504 : 40;
    1505 : 93;
    1506 : 0F;
    1507 : 00;
    1508 : 84;
    1509 : AA;
    1510 : 29;
    1511 : 23;
    1512 : 8B;
    1513 : D0;
    1514 : 15;
    1515 : 9A;
    1516 : 08;
    1517 : 20;
    1518 : 8A;
    1519 : B4;
    1520 : 14;
    1521 : 9D;
    1522 : 18;
    1523 : 12;
    1524 : AD;
    1525 : A3;
    1526 : 52;
    1527 : AB;
    1528 : 19;
    1529 : 24;
    1530 : BA;
    1531 : A5;
    1532 : 51;
    1533 : 8C;
    1534 : 08;
    1535 : 01;
    1536 : C8;
    1537 : 23;
    1538 : 59;
    1539 : CA;
    1540 : 18;
    1541 : 14;
    1542 : DA;
    1543 : 20;
    1544 : 58;
    1545 : B8;
    1546 : 99;
    1547 : 23;
    1548 : D0;
    1549 : 18;
    1550 : 5B;
    1551 : A0;
    1552 : A8;
    1553 : 21;
    1554 : B0;
    1555 : 79;
    1556 : 19;
    1557 : C0;
    1558 : 80;
    1559 : 15;
    1560 : BA;
    1561 : 7A;
    1562 : 10;
    1563 : E1;
    1564 : 98;
    1565 : 22;
    1566 : A0;
    1567 : 1C;
    1568 : 20;
    1569 : B4;
    1570 : A9;
    1571 : 58;
    1572 : 00;
    1573 : 0A;
    1574 : 91;
    1575 : 95;
    1576 : 0A;
    1577 : 5A;
    1578 : A8;
    1579 : 09;
    1580 : 93;
    1581 : A5;
    1582 : 0C;
    1583 : 69;
    1584 : A1;
    1585 : A9;
    1586 : 13;
    1587 : 02;
    1588 : 8D;
    1589 : 4A;
    1590 : B3;
    1591 : C9;
    1592 : 02;
    1593 : 30;
    1594 : 0F;
    1595 : 29;
    1596 : A3;
    1597 : B9;
    1598 : 23;
    1599 : 32;
    1600 : BF;
    1601 : 10;
    1602 : 07;
    1603 : B9;
    1604 : 30;
    1605 : 48;
    1606 : AB;
    1607 : B9;
    1608 : 07;
    1609 : 88;
    1610 : 29;
    1611 : 2A;
    1612 : BA;
    1613 : C0;
    1614 : 07;
    1615 : 09;
    1616 : 48;
    1617 : 18;
    1618 : C9;
    1619 : 81;
    1620 : 15;
    1621 : 9A;
    1622 : 2B;
    1623 : 12;
    1624 : F0;
    1625 : AA;
    1626 : 53;
    1627 : 89;
    1628 : 0C;
    1629 : 21;
    1630 : B3;
    1631 : BA;
    1632 : 78;
    1633 : 00;
    1634 : 89;
    1635 : 91;
    1636 : A3;
    1637 : 0B;
    1638 : 78;
    1639 : 90;
    1640 : 80;
    1641 : 85;
    1642 : A2;
    1643 : 8C;
    1644 : 68;
    1645 : B1;
    1646 : BA;
    1647 : 01;
    1648 : 90;
    1649 : 8E;
    1650 : 38;
    1651 : A3;
    1652 : 90;
    1653 : 23;
    1654 : 31;
    1655 : 9F;
    1656 : 38;
    1657 : A7;
    1658 : 90;
    1659 : 30;
    1660 : 18;
    1661 : 9E;
    1662 : 18;
    1663 : 95;
    1664 : 99;
    1665 : 20;
    1666 : 31;
    1667 : BB;
    1668 : 09;
    1669 : 27;
    1670 : 89;
    1671 : 39;
    1672 : 3A;
    1673 : FB;
    1674 : 80;
    1675 : 94;
    1676 : 0B;
    1677 : 58;
    1678 : 18;
    1679 : E9;
    1680 : 00;
    1681 : 05;
    1682 : 8B;
    1683 : 29;
    1684 : 21;
    1685 : F8;
    1686 : 98;
    1687 : 22;
    1688 : 8C;
    1689 : 1A;
    1690 : 11;
    1691 : D1;
    1692 : 98;
    1693 : 41;
    1694 : 0B;
    1695 : 29;
    1696 : A3;
    1697 : C2;
    1698 : 29;
    1699 : 64;
    1700 : 9B;
    1701 : 28;
    1702 : 86;
    1703 : A1;
    1704 : 1A;
    1705 : 70;
    1706 : A9;
    1707 : 88;
    1708 : 82;
    1709 : B1;
    1710 : 0C;
    1711 : 41;
    1712 : BA;
    1713 : 00;
    1714 : 05;
    1715 : 91;
    1716 : 1D;
    1717 : 51;
    1718 : C9;
    1719 : 08;
    1720 : 11;
    1721 : 90;
    1722 : 8D;
    1723 : 43;
    1724 : B0;
    1725 : 99;
    1726 : 22;
    1727 : 82;
    1728 : 9D;
    1729 : 41;
    1730 : B1;
    1731 : 0A;
    1732 : 84;
    1733 : 88;
    1734 : 8F;
    1735 : 42;
    1736 : D1;
    1737 : 8A;
    1738 : 22;
    1739 : 80;
    1740 : AD;
    1741 : 51;
    1742 : 91;
    1743 : 9B;
    1744 : 32;
    1745 : 21;
    1746 : DA;
    1747 : 48;
    1748 : A3;
    1749 : BB;
    1750 : 12;
    1751 : 1A;
    1752 : DB;
    1753 : 68;
    1754 : A2;
    1755 : BB;
    1756 : 25;
    1757 : 08;
    1758 : CB;
    1759 : 60;
    1760 : 83;
    1761 : BB;
    1762 : 32;
    1763 : 11;
    1764 : EA;
    1765 : 4A;
    1766 : 03;
    1767 : CA;
    1768 : 20;
    1769 : 10;
    1770 : D9;
    1771 : 4A;
    1772 : 84;
    1773 : B9;
    1774 : 40;
    1775 : 00;
    1776 : CA;
    1777 : 2B;
    1778 : 07;
    1779 : B9;
    1780 : 39;
    1781 : 10;
    1782 : C8;
    1783 : 1B;
    1784 : 06;
    1785 : A8;
    1786 : 4A;
    1787 : 00;
    1788 : A0;
    1789 : 2A;
    1790 : 07;
    1791 : A8;
    1792 : 59;
    1793 : 00;
    1794 : B9;
    1795 : 0B;
    1796 : 17;
    1797 : A9;
    1798 : 2B;
    1799 : 03;
    1800 : B0;
    1801 : 8F;
    1802 : 23;
    1803 : 90;
    1804 : 0C;
    1805 : 12;
    1806 : A2;
    1807 : 9C;
    1808 : 14;
    1809 : 90;
    1810 : 2D;
    1811 : 82;
    1812 : C0;
    1813 : 9B;
    1814 : 26;
    1815 : 99;
    1816 : 1D;
    1817 : 13;
    1818 : A1;
    1819 : AC;
    1820 : 25;
    1821 : 91;
    1822 : 9C;
    1823 : 12;
    1824 : 92;
    1825 : BC;
    1826 : 32;
    1827 : 00;
    1828 : 8F;
    1829 : 12;
    1830 : 80;
    1831 : BB;
    1832 : 54;
    1833 : 80;
    1834 : 9C;
    1835 : 23;
    1836 : 91;
    1837 : BC;
    1838 : 61;
    1839 : 10;
    1840 : AD;
    1841 : 11;
    1842 : 81;
    1843 : C9;
    1844 : 30;
    1845 : 11;
    1846 : CB;
    1847 : 22;
    1848 : 92;
    1849 : DA;
    1850 : 70;
    1851 : 10;
    1852 : BB;
    1853 : 22;
    1854 : 94;
    1855 : CB;
    1856 : 59;
    1857 : 11;
    1858 : DA;
    1859 : 00;
    1860 : 84;
    1861 : 98;
    1862 : 3A;
    1863 : 32;
    1864 : DA;
    1865 : 80;
    1866 : 93;
    1867 : 99;
    1868 : 6C;
    1869 : 00;
    1870 : D9;
    1871 : 01;
    1872 : 93;
    1873 : 9B;
    1874 : 5C;
    1875 : 11;
    1876 : D8;
    1877 : 18;
    1878 : 03;
    1879 : 8A;
    1880 : 2C;
    1881 : 23;
    1882 : E2;
    1883 : 88;
    1884 : 12;
    1885 : 1B;
    1886 : 0E;
    1887 : 02;
    1888 : C1;
    1889 : 08;
    1890 : 12;
    1891 : 8C;
    1892 : 1B;
    1893 : 06;
    1894 : C1;
    1895 : 09;
    1896 : 42;
    1897 : 0B;
    1898 : 8C;
    1899 : 04;
    1900 : B2;
    1901 : 89;
    1902 : 50;
    1903 : 8A;
    1904 : A9;
    1905 : 06;
    1906 : 90;
    1907 : 29;
    1908 : 40;
    1909 : AB;
    1910 : A8;
    1911 : 17;
    1912 : B1;
    1913 : 1B;
    1914 : 50;
    1915 : B9;
    1916 : D8;
    1917 : 13;
    1918 : 01;
    1919 : 8C;
    1920 : 39;
    1921 : B0;
    1922 : F1;
    1923 : 11;
    1924 : 10;
    1925 : 19;
    1926 : 38;
    1927 : E8;
    1928 : A1;
    1929 : 42;
    1930 : 18;
    1931 : 0D;
    1932 : 40;
    1933 : C1;
    1934 : C8;
    1935 : 40;
    1936 : 00;
    1937 : 9A;
    1938 : 19;
    1939 : A3;
    1940 : E1;
    1941 : 3A;
    1942 : 21;
    1943 : 99;
    1944 : 80;
    1945 : A5;
    1946 : A0;
    1947 : 79;
    1948 : 08;
    1949 : 88;
    1950 : 00;
    1951 : A5;
    1952 : BA;
    1953 : 69;
    1954 : 11;
    1955 : B0;
    1956 : 89;
    1957 : 07;
    1958 : 9A;
    1959 : 3B;
    1960 : 01;
    1961 : B1;
    1962 : A9;
    1963 : 05;
    1964 : AA;
    1965 : 3E;
    1966 : 81;
    1967 : C1;
    1968 : 08;
    1969 : 15;
    1970 : 9B;
    1971 : 2C;
    1972 : 05;
    1973 : A2;
    1974 : 8C;
    1975 : 53;
    1976 : 0A;
    1977 : 9B;
    1978 : B4;
    1979 : 83;
    1980 : 9B;
    1981 : 45;
    1982 : A8;
    1983 : AC;
    1984 : 51;
    1985 : D1;
    1986 : 0B;
    1987 : 40;
    1988 : 90;
    1989 : 29;
    1990 : 15;
    1991 : A0;
    1992 : 9C;
    1993 : 32;
    1994 : E8;
    1995 : 9A;
    1996 : 02;
    1997 : 43;
    1998 : 99;
    1999 : 61;
    2000 : 81;
    2001 : EA;
    2002 : 39;
    2003 : 01;
    2004 : 9A;
    2005 : 09;
    2006 : 95;
    2007 : 9B;
    2008 : 62;
    2009 : 01;
    2010 : AC;
    2011 : 31;
    2012 : D0;
    2013 : 89;
    2014 : 30;
    2015 : 21;
    2016 : AD;
    2017 : 48;
    2018 : 83;
    2019 : 0A;
    2020 : 28;
    2021 : 49;
    2022 : F9;
    2023 : 89;
    2024 : 83;
    2025 : BB;
    2026 : 78;
    2027 : 02;
    2028 : A9;
    2029 : 51;
    2030 : A3;
    2031 : AA;
    2032 : 6B;
    2033 : 91;
    2034 : C9;
    2035 : 39;
    2036 : 04;
    2037 : CB;
    2038 : 48;
    2039 : A2;
    2040 : A0;
    2041 : 38;
    2042 : 13;
    2043 : AF;
    2044 : 09;
    2045 : 05;
    2046 : A8;
    2047 : 3A;
    2048 : 53;
    2049 : C9;
    2050 : 2A;
    2051 : 87;
    2052 : A8;
    2053 : 1B;
    2054 : 22;
    2055 : BB;
    2056 : 1A;
    2057 : 27;
    2058 : 98;
    2059 : 0B;
    2060 : 42;
    2061 : C8;
    2062 : 09;
    2063 : 03;
    2064 : B8;
    2065 : 2C;
    2066 : 35;
    2067 : BA;
    2068 : BB;
    2069 : 47;
    2070 : 8A;
    2071 : 89;
    2072 : 11;
    2073 : E2;
    2074 : 99;
    2075 : 33;
    2076 : 88;
    2077 : 8B;
    2078 : 26;
    2079 : C9;
    2080 : AA;
    2081 : 62;
    2082 : 89;
    2083 : 8A;
    2084 : 13;
    2085 : C2;
    2086 : 0A;
    2087 : 72;
    2088 : 99;
    2089 : 99;
    2090 : 04;
    2091 : A1;
    2092 : 8B;
    2093 : 79;
    2094 : A0;
    2095 : A0;
    2096 : 22;
    2097 : 94;
    2098 : 8B;
    2099 : 68;
    2100 : A0;
    2101 : C8;
    2102 : 32;
    2103 : A8;
    2104 : 8C;
    2105 : 79;
    2106 : B1;
    2107 : A0;
    2108 : 38;
    2109 : 22;
    2110 : 9E;
    2111 : 38;
    2112 : A2;
    2113 : B8;
    2114 : 78;
    2115 : 90;
    2116 : 9A;
    2117 : 49;
    2118 : A4;
    2119 : 81;
    2120 : 2A;
    2121 : 12;
    2122 : 9E;
    2123 : 10;
    2124 : 94;
    2125 : 88;
    2126 : 6A;
    2127 : 80;
    2128 : BB;
    2129 : 29;
    2130 : 97;
    2131 : 88;
    2132 : 2A;
    2133 : 13;
    2134 : CB;
    2135 : 08;
    2136 : 85;
    2137 : 89;
    2138 : 4A;
    2139 : 81;
    2140 : AC;
    2141 : 18;
    2142 : 97;
    2143 : 09;
    2144 : 09;
    2145 : 34;
    2146 : C9;
    2147 : 00;
    2148 : 02;
    2149 : 0C;
    2150 : 1A;
    2151 : 95;
    2152 : D8;
    2153 : 88;
    2154 : 14;
    2155 : 1B;
    2156 : 98;
    2157 : 24;
    2158 : C0;
    2159 : 19;
    2160 : 32;
    2161 : 8D;
    2162 : A9;
    2163 : 06;
    2164 : A8;
    2165 : 8B;
    2166 : 35;
    2167 : 8B;
    2168 : B9;
    2169 : 53;
    2170 : B0;
    2171 : 0C;
    2172 : 42;
    2173 : 09;
    2174 : B9;
    2175 : 06;
    2176 : B8;
    2177 : 9A;
    2178 : 44;
    2179 : 89;
    2180 : AA;
    2181 : 62;
    2182 : A1;
    2183 : 8B;
    2184 : 33;
    2185 : 99;
    2186 : B8;
    2187 : 17;
    2188 : A8;
    2189 : AD;
    2190 : 42;
    2191 : 09;
    2192 : A0;
    2193 : 40;
    2194 : 93;
    2195 : 8D;
    2196 : 11;
    2197 : 89;
    2198 : C8;
    2199 : 32;
    2200 : 98;
    2201 : BD;
    2202 : 72;
    2203 : 90;
    2204 : 98;
    2205 : 30;
    2206 : 03;
    2207 : AE;
    2208 : 20;
    2209 : 00;
    2210 : E0;
    2211 : 21;
    2212 : 88;
    2213 : BA;
    2214 : 71;
    2215 : 88;
    2216 : B0;
    2217 : 28;
    2218 : 24;
    2219 : AC;
    2220 : 31;
    2221 : 98;
    2222 : F3;
    2223 : 30;
    2224 : 08;
    2225 : BD;
    2226 : 58;
    2227 : 80;
    2228 : A1;
    2229 : 19;
    2230 : 33;
    2231 : AE;
    2232 : 20;
    2233 : 80;
    2234 : D2;
    2235 : 48;
    2236 : 18;
    2237 : DB;
    2238 : 48;
    2239 : 91;
    2240 : 90;
    2241 : 18;
    2242 : 62;
    2243 : D9;
    2244 : 28;
    2245 : 80;
    2246 : 91;
    2247 : 39;
    2248 : 10;
    2249 : EA;
    2250 : 3A;
    2251 : A2;
    2252 : 80;
    2253 : 8A;
    2254 : 71;
    2255 : D1;
    2256 : 29;
    2257 : A1;
    2258 : 81;
    2259 : 5A;
    2260 : 00;
    2261 : D0;
    2262 : 2C;
    2263 : A3;
    2264 : 02;
    2265 : 8B;
    2266 : 70;
    2267 : B1;
    2268 : 1A;
    2269 : A2;
    2270 : 01;
    2271 : 2D;
    2272 : 00;
    2273 : B1;
    2274 : 0F;
    2275 : 95;
    2276 : 18;
    2277 : 89;
    2278 : 30;
    2279 : B1;
    2280 : 0D;
    2281 : 93;
    2282 : 29;
    2283 : 1A;
    2284 : 91;
    2285 : B3;
    2286 : AF;
    2287 : 07;
    2288 : 29;
    2289 : 98;
    2290 : 29;
    2291 : 93;
    2292 : 8C;
    2293 : A4;
    2294 : 29;
    2295 : 38;
    2296 : B2;
    2297 : A9;
    2298 : DF;
    2299 : 05;
    2300 : 19;
    2301 : 09;
    2302 : 08;
    2303 : 83;
    2304 : AB;
    2305 : 04;
    2306 : 3B;
    2307 : 2A;
    2308 : B4;
    2309 : 81;
    2310 : FC;
    2311 : 32;
    2312 : 1B;
    2313 : 00;
    2314 : 90;
    2315 : 87;
    2316 : 9A;
    2317 : 30;
    2318 : 0C;
    2319 : 80;
    2320 : 96;
    2321 : 09;
    2322 : D9;
    2323 : 60;
    2324 : 09;
    2325 : 88;
    2326 : 90;
    2327 : 13;
    2328 : A9;
    2329 : 49;
    2330 : 9B;
    2331 : 90;
    2332 : 87;
    2333 : 09;
    2334 : C9;
    2335 : 78;
    2336 : 98;
    2337 : 81;
    2338 : 80;
    2339 : 20;
    2340 : 99;
    2341 : 29;
    2342 : C0;
    2343 : 93;
    2344 : 06;
    2345 : 0C;
    2346 : A0;
    2347 : 5A;
    2348 : A0;
    2349 : 01;
    2350 : 02;
    2351 : 4A;
    2352 : BA;
    2353 : 2A;
    2354 : B7;
    2355 : 80;
    2356 : 33;
    2357 : 8E;
    2358 : B1;
    2359 : 2B;
    2360 : 97;
    2361 : 88;
    2362 : 19;
    2363 : 19;
    2364 : A3;
    2365 : A0;
    2366 : B3;
    2367 : 69;
    2368 : 73;
    2369 : B8;
    2370 : 90;
    2371 : 1B;
    2372 : 94;
    2373 : 3A;
    2374 : 8A;
    2375 : CA;
    2376 : 02;
    2377 : A1;
    2378 : A6;
    2379 : 2E;
    2380 : 29;
    2381 : D8;
    2382 : 13;
    2383 : 0B;
    2384 : 35;
    2385 : 2A;
    2386 : 02;
    2387 : 82;
    2388 : 82;
    2389 : DD;
    2390 : 0A;
    2391 : AC;
    2392 : 30;
    2393 : D8;
    2394 : 29;
    2395 : 99;
    2396 : 78;
    2397 : A8;
    2398 : A2;
    2399 : 03;
    2400 : 22;
    2401 : 2C;
    2402 : 1F;
    2403 : A8;
    2404 : 12;
    2405 : 24;
    2406 : 29;
    2407 : BC;
    2408 : 31;
    2409 : B5;
    2410 : 38;
    2411 : 29;
    2412 : 4A;
    2413 : 81;
    2414 : 2A;
    2415 : C7;
    2416 : 19;
    2417 : 11;
    2418 : 5B;
    2419 : A9;
    2420 : AA;
    2421 : D4;
    2422 : 21;
    2423 : 38;
    2424 : 8B;
    2425 : FA;
    2426 : 9A;
    2427 : 84;
    2428 : 4B;
    2429 : 88;
    2430 : 8B;
    2431 : 93;
    2432 : 02;
    2433 : A6;
    2434 : 3B;
    2435 : 0A;
    2436 : 82;
    2437 : A5;
    2438 : CB;
    2439 : 11;
    2440 : 7C;
    2441 : 81;
    2442 : B0;
    2443 : 92;
    2444 : 98;
    2445 : 63;
    2446 : 3B;
    2447 : B1;
    2448 : A2;
    2449 : 16;
    2450 : 9A;
    2451 : 49;
    2452 : 0E;
    2453 : A1;
    2454 : A1;
    2455 : 01;
    2456 : 9C;
    2457 : 58;
    2458 : 18;
    2459 : B3;
    2460 : A2;
    2461 : 30;
    2462 : AD;
    2463 : 58;
    2464 : A8;
    2465 : A5;
    2466 : 98;
    2467 : 60;
    2468 : 89;
    2469 : 19;
    2470 : B1;
    2471 : C4;
    2472 : 20;
    2473 : 68;
    2474 : A9;
    2475 : 08;
    2476 : 93;
    2477 : 86;
    2478 : 89;
    2479 : 3A;
    2480 : BA;
    2481 : 80;
    2482 : 96;
    2483 : 82;
    2484 : 1D;
    2485 : 39;
    2486 : D1;
    2487 : 88;
    2488 : A2;
    2489 : 21;
    2490 : 2C;
    2491 : 3A;
    2492 : F0;
    2493 : A8;
    2494 : 04;
    2495 : 20;
    2496 : 1B;
    2497 : 2A;
    2498 : E4;
    2499 : 08;
    2500 : 82;
    2501 : 38;
    2502 : 8D;
    2503 : 18;
    2504 : A5;
    2505 : 99;
    2506 : 12;
    2507 : 4B;
    2508 : 19;
    2509 : 02;
    2510 : B7;
    2511 : 9A;
    2512 : 22;
    2513 : 49;
    2514 : BA;
    2515 : 90;
    2516 : A5;
    2517 : 09;
    2518 : 50;
    2519 : 2A;
    2520 : C9;
    2521 : 92;
    2522 : 87;
    2523 : 8B;
    2524 : 28;
    2525 : 1A;
    2526 : C2;
    2527 : A1;
    2528 : 93;
    2529 : 8F;
    2530 : 30;
    2531 : 08;
    2532 : C0;
    2533 : 91;
    2534 : 24;
    2535 : 0E;
    2536 : 20;
    2537 : 88;
    2538 : B2;
    2539 : 00;
    2540 : 33;
    2541 : 9F;
    2542 : 28;
    2543 : A0;
    2544 : B3;
    2545 : 82;
    2546 : 62;
    2547 : 9F;
    2548 : 20;
    2549 : 81;
    2550 : 92;
    2551 : 89;
    2552 : 40;
    2553 : AC;
    2554 : 30;
    2555 : D3;
    2556 : A0;
    2557 : 1A;
    2558 : 72;
    2559 : BA;
    2560 : 10;
    2561 : 91;
    2562 : 02;
    2563 : 18;
    2564 : 38;
    2565 : CF;
    2566 : 39;
    2567 : 94;
    2568 : 91;
    2569 : 08;
    2570 : 59;
    2571 : EB;
    2572 : 10;
    2573 : 93;
    2574 : 88;
    2575 : 19;
    2576 : 61;
    2577 : B8;
    2578 : 2A;
    2579 : 95;
    2580 : 88;
    2581 : 20;
    2582 : 50;
    2583 : EA;
    2584 : 1A;
    2585 : 94;
    2586 : 00;
    2587 : 99;
    2588 : 38;
    2589 : E8;
    2590 : 19;
    2591 : 84;
    2592 : 89;
    2593 : 2A;
    2594 : 52;
    2595 : D1;
    2596 : 0A;
    2597 : 83;
    2598 : 18;
    2599 : 09;
    2600 : 40;
    2601 : D9;
    2602 : 8B;
    2603 : 17;
    2604 : 08;
    2605 : 1A;
    2606 : 29;
    2607 : D1;
    2608 : 8A;
    2609 : 06;
    2610 : 08;
    2611 : 0A;
    2612 : 10;
    2613 : C2;
    2614 : AB;
    2615 : 15;
    2616 : 89;
    2617 : 29;
    2618 : 38;
    2619 : F3;
    2620 : AC;
    2621 : 24;
    2622 : 08;
    2623 : 89;
    2624 : 00;
    2625 : B3;
    2626 : BC;
    2627 : 45;
    2628 : 8A;
    2629 : 8A;
    2630 : 21;
    2631 : A5;
    2632 : AC;
    2633 : 22;
    2634 : 19;
    2635 : 88;
    2636 : 21;
    2637 : B4;
    2638 : BE;
    2639 : 53;
    2640 : 08;
    2641 : 89;
    2642 : 10;
    2643 : 96;
    2644 : BB;
    2645 : 53;
    2646 : 08;
    2647 : AA;
    2648 : 11;
    2649 : 04;
    2650 : CC;
    2651 : 30;
    2652 : 00;
    2653 : 99;
    2654 : 02;
    2655 : 86;
    2656 : DC;
    2657 : 40;
    2658 : 18;
    2659 : 89;
    2660 : 98;
    2661 : 02;
    2662 : E9;
    2663 : 58;
    2664 : 80;
    2665 : 99;
    2666 : 81;
    2667 : 23;
    2668 : DC;
    2669 : 38;
    2670 : 18;
    2671 : 90;
    2672 : 90;
    2673 : 04;
    2674 : F9;
    2675 : 59;
    2676 : 18;
    2677 : 98;
    2678 : 91;
    2679 : 12;
    2680 : CB;
    2681 : 6B;
    2682 : 08;
    2683 : B1;
    2684 : 91;
    2685 : 12;
    2686 : C9;
    2687 : 4C;
    2688 : 00;
    2689 : B2;
    2690 : 82;
    2691 : 33;
    2692 : FB;
    2693 : 4C;
    2694 : 00;
    2695 : 92;
    2696 : A1;
    2697 : 20;
    2698 : B9;
    2699 : 2F;
    2700 : 91;
    2701 : B3;
    2702 : 00;
    2703 : 70;
    2704 : A8;
    2705 : 1C;
    2706 : 91;
    2707 : A4;
    2708 : 80;
    2709 : 48;
    2710 : 89;
    2711 : 0F;
    2712 : 92;
    2713 : 94;
    2714 : 88;
    2715 : 39;
    2716 : 98;
    2717 : 8D;
    2718 : A4;
    2719 : 82;
    2720 : 19;
    2721 : 4A;
    2722 : 98;
    2723 : 9D;
    2724 : 94;
    2725 : 02;
    2726 : 2A;
    2727 : 3A;
    2728 : A0;
    2729 : 9E;
    2730 : 96;
    2731 : 02;
    2732 : 1A;
    2733 : 3A;
    2734 : 80;
    2735 : E9;
    2736 : 94;
    2737 : 20;
    2738 : 2D;
    2739 : 10;
    2740 : 83;
    2741 : C9;
    2742 : 03;
    2743 : 68;
    2744 : 09;
    2745 : 88;
    2746 : 91;
    2747 : CD;
    2748 : 12;
    2749 : 29;
    2750 : 8B;
    2751 : 90;
    2752 : 90;
    2753 : CE;
    2754 : 33;
    2755 : 4C;
    2756 : 8A;
    2757 : A2;
    2758 : 83;
    2759 : D0;
    2760 : 38;
    2761 : 4A;
    2762 : 9A;
    2763 : 05;
    2764 : 20;
    2765 : B1;
    2766 : 32;
    2767 : 79;
    2768 : AA;
    2769 : A9;
    2770 : 05;
    2771 : DD;
    2772 : 08;
    2773 : 19;
    2774 : C2;
    2775 : 10;
    2776 : 18;
    2777 : A8;
    2778 : 72;
    2779 : 11;
    2780 : C1;
    2781 : 21;
    2782 : 91;
    2783 : AC;
    2784 : 49;
    2785 : 90;
    2786 : 05;
    2787 : 81;
    2788 : 09;
    2789 : F8;
    2790 : 18;
    2791 : 30;
    2792 : D0;
    2793 : 29;
    2794 : 49;
    2795 : D1;
    2796 : 89;
    2797 : 12;
    2798 : 94;
    2799 : 4A;
    2800 : 98;
    2801 : F1;
    2802 : 0A;
    2803 : 02;
    2804 : 90;
    2805 : 2C;
    2806 : 12;
    2807 : A1;
    2808 : 9B;
    2809 : 83;
    2810 : 0B;
    2811 : 6A;
    2812 : 82;
    2813 : C1;
    2814 : 8B;
    2815 : 5A;
    2816 : 81;
    2817 : 0C;
    2818 : A1;
    2819 : 97;
    2820 : 0B;
    2821 : 51;
    2822 : 88;
    2823 : 8C;
    2824 : 84;
    2825 : 93;
    2826 : 0D;
    2827 : 31;
    2828 : 99;
    2829 : AB;
    2830 : 07;
    2831 : 80;
    2832 : 99;
    2833 : 68;
    2834 : A0;
    2835 : A0;
    2836 : 01;
    2837 : 11;
    2838 : 1E;
    2839 : 38;
    2840 : 95;
    2841 : 99;
    2842 : 12;
    2843 : 30;
    2844 : AF;
    2845 : 29;
    2846 : 85;
    2847 : B8;
    2848 : 21;
    2849 : 2A;
    2850 : BD;
    2851 : 38;
    2852 : 96;
    2853 : A9;
    2854 : 30;
    2855 : 08;
    2856 : CB;
    2857 : 89;
    2858 : 87;
    2859 : 08;
    2860 : 4A;
    2861 : 08;
    2862 : A9;
    2863 : C0;
    2864 : 05;
    2865 : 0A;
    2866 : 2A;
    2867 : 41;
    2868 : C0;
    2869 : 80;
    2870 : 17;
    2871 : 09;
    2872 : 3B;
    2873 : 80;
    2874 : C1;
    2875 : 00;
    2876 : 32;
    2877 : 8E;
    2878 : 0A;
    2879 : A3;
    2880 : B8;
    2881 : 8A;
    2882 : 47;
    2883 : 2B;
    2884 : 9A;
    2885 : B3;
    2886 : B2;
    2887 : A9;
    2888 : 78;
    2889 : A8;
    2890 : B8;
    2891 : 04;
    2892 : B2;
    2893 : 8C;
    2894 : 71;
    2895 : 01;
    2896 : A9;
    2897 : 95;
    2898 : 90;
    2899 : 1A;
    2900 : 71;
    2901 : A8;
    2902 : B0;
    2903 : 04;
    2904 : 09;
    2905 : 8D;
    2906 : 38;
    2907 : 98;
    2908 : B4;
    2909 : 12;
    2910 : 1B;
    2911 : 0C;
    2912 : 6A;
    2913 : A2;
    2914 : B2;
    2915 : 48;
    2916 : 28;
    2917 : AD;
    2918 : 28;
    2919 : B3;
    2920 : D0;
    2921 : 40;
    2922 : 19;
    2923 : BB;
    2924 : 24;
    2925 : C3;
    2926 : 90;
    2927 : 79;
    2928 : 89;
    2929 : A8;
    2930 : 20;
    2931 : B3;
    2932 : 83;
    2933 : 5C;
    2934 : 1A;
    2935 : A8;
    2936 : 02;
    2937 : A6;
    2938 : 88;
    2939 : 3C;
    2940 : 08;
    2941 : F0;
    2942 : 08;
    2943 : 03;
    2944 : 80;
    2945 : 5B;
    2946 : 89;
    2947 : E8;
    2948 : 20;
    2949 : A2;
    2950 : 8A;
    2951 : 5B;
    2952 : A2;
    2953 : C2;
    2954 : 28;
    2955 : 93;
    2956 : 59;
    2957 : 2B;
    2958 : B0;
    2959 : C1;
    2960 : 08;
    2961 : 24;
    2962 : 0A;
    2963 : 0C;
    2964 : 04;
    2965 : E2;
    2966 : 8A;
    2967 : 22;
    2968 : 80;
    2969 : 2D;
    2970 : 83;
    2971 : C2;
    2972 : 5A;
    2973 : 12;
    2974 : 99;
    2975 : 0C;
    2976 : 95;
    2977 : 90;
    2978 : 0B;
    2979 : 12;
    2980 : 4A;
    2981 : 9B;
    2982 : B5;
    2983 : B0;
    2984 : 89;
    2985 : 7A;
    2986 : 88;
    2987 : BB;
    2988 : 33;
    2989 : A5;
    2990 : AA;
    2991 : 50;
    2992 : 02;
    2993 : AE;
    2994 : 83;
    2995 : 82;
    2996 : 0D;
    2997 : 42;
    2998 : 81;
    2999 : BB;
    3000 : 15;
    3001 : 98;
    3002 : 9A;
    3003 : 3A;
    3004 : 38;
    3005 : F8;
    3006 : 01;
    3007 : 81;
    3008 : 3A;
    3009 : 3D;
    3010 : 13;
    3011 : FB;
    3012 : 09;
    3013 : 05;
    3014 : 8A;
    3015 : 2B;
    3016 : 15;
    3017 : D9;
    3018 : 11;
    3019 : 01;
    3020 : 8C;
    3021 : 39;
    3022 : 14;
    3023 : E8;
    3024 : 18;
    3025 : 82;
    3026 : 0A;
    3027 : 1C;
    3028 : 03;
    3029 : E2;
    3030 : 08;
    3031 : 12;
    3032 : 1C;
    3033 : 9B;
    3034 : 16;
    3035 : C1;
    3036 : 88;
    3037 : 43;
    3038 : 8B;
    3039 : 8C;
    3040 : 33;
    3041 : F2;
    3042 : 09;
    3043 : 11;
    3044 : A9;
    3045 : 0B;
    3046 : 14;
    3047 : D8;
    3048 : 1B;
    3049 : 15;
    3050 : 0A;
    3051 : AA;
    3052 : 15;
    3053 : 91;
    3054 : 9A;
    3055 : 24;
    3056 : 0A;
    3057 : CA;
    3058 : 62;
    3059 : A1;
    3060 : 9B;
    3061 : 73;
    3062 : 88;
    3063 : AA;
    3064 : 12;
    3065 : A4;
    3066 : 8C;
    3067 : 32;
    3068 : 89;
    3069 : AC;
    3070 : 15;
    3071 : A2;
    3072 : 9D;
    3073 : 33;
    3074 : 89;
    3075 : DB;
    3076 : 13;
    3077 : 93;
    3078 : 8D;
    3079 : 50;
    3080 : 98;
    3081 : A9;
    3082 : 21;
    3083 : 94;
    3084 : 9D;
    3085 : 50;
    3086 : 81;
    3087 : CB;
    3088 : 02;
    3089 : 04;
    3090 : 9C;
    3091 : 40;
    3092 : 80;
    3093 : DA;
    3094 : 22;
    3095 : 01;
    3096 : AC;
    3097 : 51;
    3098 : 80;
    3099 : C9;
    3100 : 11;
    3101 : 11;
    3102 : 9C;
    3103 : 30;
    3104 : A3;
    3105 : EA;
    3106 : 20;
    3107 : 21;
    3108 : 9E;
    3109 : 10;
    3110 : 85;
    3111 : C8;
    3112 : 20;
    3113 : 30;
    3114 : CB;
    3115 : 30;
    3116 : 83;
    3117 : F9;
    3118 : 30;
    3119 : 28;
    3120 : BC;
    3121 : 38;
    3122 : 95;
    3123 : B9;
    3124 : 49;
    3125 : 20;
    3126 : CB;
    3127 : 11;
    3128 : 03;
    3129 : DB;
    3130 : 48;
    3131 : 20;
    3132 : FA;
    3133 : 00;
    3134 : 32;
    3135 : BA;
    3136 : 4A;
    3137 : 11;
    3138 : F1;
    3139 : 18;
    3140 : 12;
    3141 : BA;
    3142 : 6A;
    3143 : 01;
    3144 : D8;
    3145 : 18;
    3146 : 22;
    3147 : BB;
    3148 : 3A;
    3149 : 84;
    3150 : D8;
    3151 : 28;
    3152 : 30;
    3153 : DB;
    3154 : 39;
    3155 : 84;
    3156 : D1;
    3157 : 39;
    3158 : 50;
    3159 : B8;
    3160 : 1A;
    3161 : 85;
    3162 : A0;
    3163 : 3B;
    3164 : 32;
    3165 : F8;
    3166 : 1A;
    3167 : 04;
    3168 : A8;
    3169 : 1C;
    3170 : 23;
    3171 : D8;
    3172 : 89;
    3173 : 14;
    3174 : 9A;
    3175 : 2A;
    3176 : 13;
    3177 : F1;
    3178 : 1B;
    3179 : 23;
    3180 : 9A;
    3181 : 1E;
    3182 : 02;
    3183 : D3;
    3184 : 8A;
    3185 : 33;
    3186 : 0B;
    3187 : 8C;
    3188 : 15;
    3189 : A1;
    3190 : 8D;
    3191 : 53;
    3192 : 99;
    3193 : 9A;
    3194 : 24;
    3195 : A0;
    3196 : 8D;
    3197 : 32;
    3198 : A9;
    3199 : 98;
    3200 : 16;
    3201 : 90;
    3202 : 0D;
    3203 : 31;
    3204 : B0;
    3205 : C8;
    3206 : 23;
    3207 : 10;
    3208 : 9F;
    3209 : 30;
    3210 : B0;
    3211 : D0;
    3212 : 41;
    3213 : 08;
    3214 : AC;
    3215 : 31;
    3216 : B4;
    3217 : A9;
    3218 : 78;
    3219 : 10;
    3220 : AB;
    3221 : 11;
    3222 : B4;
    3223 : 89;
    3224 : 78;
    3225 : 18;
    3226 : CA;
    3227 : 02;
    3228 : 93;
    3229 : 8A;
    3230 : 6B;
    3231 : 10;
    3232 : D8;
    3233 : 00;
    3234 : 82;
    3235 : 0A;
    3236 : 4C;
    3237 : 81;
    3238 : F1;
    3239 : 00;
    3240 : 11;
    3241 : 0B;
    3242 : 1B;
    3243 : 84;
    3244 : E1;
    3245 : 00;
    3246 : 21;
    3247 : 0C;
    3248 : 08;
    3249 : 93;
    3250 : E3;
    3251 : 29;
    3252 : 48;
    3253 : 8A;
    3254 : 99;
    3255 : 85;
    3256 : B3;
    3257 : 3B;
    3258 : 59;
    3259 : 89;
    3260 : C8;
    3261 : 05;
    3262 : 91;
    3263 : 2D;
    3264 : 28;
    3265 : B0;
    3266 : D0;
    3267 : 13;
    3268 : 80;
    3269 : 1E;
    3270 : 29;
    3271 : B0;
    3272 : B1;
    3273 : 32;
    3274 : 08;
    3275 : 0F;
    3276 : 00;
    3277 : B4;
    3278 : A1;
    3279 : 69;
    3280 : 28;
    3281 : 9C;
    3282 : 91;
    3283 : 94;
    3284 : A0;
    3285 : 79;
    3286 : 18;
    3287 : AA;
    3288 : 81;
    3289 : 95;
    3290 : 88;
    3291 : 4C;
    3292 : 10;
    3293 : BA;
    3294 : A2;
    3295 : 85;
    3296 : 19;
    3297 : 3C;
    3298 : 11;
    3299 : D9;
    3300 : A2;
    3301 : 14;
    3302 : 1B;
    3303 : 2D;
    3304 : 12;
    3305 : E0;
    3306 : 90;
    3307 : 21;
    3308 : 0A;
    3309 : 1D;
    3310 : 83;
    3311 : E1;
    3312 : 80;
    3313 : 31;
    3314 : 0C;
    3315 : 8B;
    3316 : 85;
    3317 : B2;
    3318 : 89;
    3319 : 51;
    3320 : 1B;
    3321 : 9A;
    3322 : 05;
    3323 : B0;
    3324 : 1A;
    3325 : 78;
    3326 : 88;
    3327 : B9;
    3328 : 05;
    3329 : 92;
    3330 : 0C;
    3331 : 48;
    3332 : 90;
    3333 : B9;
    3334 : 05;
    3335 : 91;
    3336 : 8C;
    3337 : 60;
    3338 : 88;
    3339 : C8;
    3340 : 13;
    3341 : 80;
    3342 : 8C;
    3343 : 48;
    3344 : 90;
    3345 : B8;
    3346 : 33;
    3347 : 80;
    3348 : 9F;
    3349 : 30;
    3350 : A1;
    3351 : D9;
    3352 : 31;
    3353 : 21;
    3354 : AE;
    3355 : 30;
    3356 : 92;
    3357 : D9;
    3358 : 51;
    3359 : 10;
    3360 : AC;
    3361 : 40;
    3362 : 91;
    3363 : C8;
    3364 : 40;
    3365 : 00;
    3366 : BA;
    3367 : 48;
    3368 : A2;
    3369 : C8;
    3370 : 58;
    3371 : 01;
    3372 : CB;
    3373 : 38;
    3374 : 84;
    3375 : B9;
    3376 : 5A;
    3377 : 11;
    3378 : EA;
    3379 : 29;
    3380 : 83;
    3381 : C8;
    3382 : 5A;
    3383 : 11;
    3384 : C9;
    3385 : 39;
    3386 : 84;
    3387 : B8;
    3388 : 4B;
    3389 : 13;
    3390 : D9;
    3391 : 2A;
    3392 : 05;
    3393 : 99;
    3394 : 2A;
    3395 : 04;
    3396 : D8;
    3397 : 1A;
    3398 : 14;
    3399 : A9;
    3400 : 2B;
    3401 : 15;
    3402 : D0;
    3403 : 1A;
    3404 : 13;
    3405 : A9;
    3406 : 2D;
    3407 : 03;
    3408 : E0;
    3409 : 1B;
    3410 : 14;
    3411 : 9A;
    3412 : 1C;
    3413 : 14;
    3414 : A8;
    3415 : 0C;
    3416 : 14;
    3417 : 99;
    3418 : 1B;
    3419 : 24;
    3420 : C0;
    3421 : 8B;
    3422 : 25;
    3423 : 99;
    3424 : 8B;
    3425 : 15;
    3426 : B2;
    3427 : 8D;
    3428 : 23;
    3429 : 89;
    3430 : 0D;
    3431 : 14;
    3432 : B1;
    3433 : 9C;
    3434 : 25;
    3435 : 99;
    3436 : 9A;
    3437 : 33;
    3438 : B1;
    3439 : 9E;
    3440 : 43;
    3441 : 99;
    3442 : 8B;
    3443 : 24;
    3444 : B1;
    3445 : AD;
    3446 : 43;
    3447 : 88;
    3448 : AB;
    3449 : 43;
    3450 : A2;
    3451 : BC;
    3452 : 53;
    3453 : 88;
    3454 : 9C;
    3455 : 32;
    3456 : A2;
    3457 : BD;
    3458 : 72;
    3459 : 88;
    3460 : 99;
    3461 : 21;
    3462 : A2;
    3463 : CA;
    3464 : 61;
    3465 : 88;
    3466 : 9A;
    3467 : 13;
    3468 : A4;
    3469 : BB;
    3470 : 70;
    3471 : 08;
    3472 : AA;
    3473 : 12;
    3474 : 93;
    3475 : CB;
    3476 : 68;
    3477 : 88;
    3478 : A9;
    3479 : 23;
    3480 : 93;
    3481 : CC;
    3482 : 79;
    3483 : 80;
    3484 : A9;
    3485 : 12;
    3486 : 92;
    3487 : 9B;
    3488 : 6C;
    3489 : 80;
    3490 : A0;
    3491 : 32;
    3492 : 11;
    3493 : 9D;
    3494 : 58;
    3495 : 80;
    3496 : C0;
    3497 : 01;
    3498 : 01;
    3499 : 9C;
    3500 : 3B;
    3501 : B0;
    3502 : F1;
    3503 : 11;
    3504 : 21;
    3505 : 8D;
    3506 : 2B;
    3507 : 94;
    3508 : C1;
    3509 : 00;
    3510 : 41;
    3511 : 0B;
    3512 : 1C;
    3513 : A4;
    3514 : C2;
    3515 : 41;
    3516 : 38;
    3517 : AB;
    3518 : 0A;
    3519 : 95;
    3520 : A3;
    3521 : 39;
    3522 : 4A;
    3523 : 8A;
    3524 : BB;
    3525 : A7;
    3526 : 81;
    3527 : 5B;
    3528 : 38;
    3529 : B9;
    3530 : D8;
    3531 : 86;
    3532 : 88;
    3533 : 1B;
    3534 : 18;
    3535 : 98;
    3536 : 98;
    3537 : 87;
    3538 : 19;
    3539 : 3B;
    3540 : 32;
    3541 : D1;
    3542 : B0;
    3543 : 23;
    3544 : 5A;
    3545 : 2C;
    3546 : 98;
    3547 : A2;
    3548 : B8;
    3549 : 27;
    3550 : 3C;
    3551 : 9B;
    3552 : 04;
    3553 : 82;
    3554 : A0;
    3555 : 50;
    3556 : 1A;
    3557 : 8B;
    3558 : 91;
    3559 : E3;
    3560 : 9D;
    3561 : 23;
    3562 : 1C;
    3563 : EA;
    3564 : 92;
    3565 : 01;
    3566 : AA;
    3567 : 3C;
    3568 : 09;
    3569 : A0;
    3570 : 92;
    3571 : 43;
    3572 : 9D;
    3573 : 62;
    3574 : 89;
    3575 : D2;
    3576 : 22;
    3577 : 21;
    3578 : 99;
    3579 : 3D;
    3580 : 81;
    3581 : 92;
    3582 : 11;
    3583 : 51;
    3584 : AC;
    3585 : 42;
    3586 : 91;
    3587 : E3;
    3588 : 39;
    3589 : 39;
    3590 : B9;
    3591 : 8E;
    3592 : A2;
    3593 : 98;
    3594 : 19;
    3595 : 49;
    3596 : F9;
    3597 : 18;
    3598 : 82;
    3599 : 91;
    3600 : 3F;
    3601 : 20;
    3602 : B1;
    3603 : AB;
    3604 : 15;
    3605 : 19;
    3606 : 0B;
    3607 : 23;
    3608 : F3;
    3609 : 19;
    3610 : 41;
    3611 : 09;
    3612 : 1F;
    3613 : 02;
    3614 : A2;
    3615 : BB;
    3616 : 60;
    3617 : 09;
    3618 : A9;
    3619 : 03;
    3620 : D3;
    3621 : 1B;
    3622 : 79;
    3623 : 08;
    3624 : AB;
    3625 : 04;
    3626 : 02;
    3627 : 9D;
    3628 : 49;
    3629 : 90;
    3630 : C0;
    3631 : 13;
    3632 : 81;
    3633 : 1D;
    3634 : 4A;
    3635 : A2;
    3636 : E8;
    3637 : 21;
    3638 : 20;
    3639 : 9D;
    3640 : 19;
    3641 : A4;
    3642 : C2;
    3643 : 40;
    3644 : 20;
    3645 : 0B;
    3646 : 09;
    3647 : 97;
    3648 : A8;
    3649 : 48;
    3650 : 28;
    3651 : BA;
    3652 : 8A;
    3653 : 97;
    3654 : 98;
    3655 : 4A;
    3656 : 10;
    3657 : AA;
    3658 : A1;
    3659 : 07;
    3660 : 99;
    3661 : 5B;
    3662 : 00;
    3663 : C0;
    3664 : A8;
    3665 : 04;
    3666 : 88;
    3667 : 2C;
    3668 : 02;
    3669 : C0;
    3670 : A1;
    3671 : 53;
    3672 : 9A;
    3673 : 2B;
    3674 : 85;
    3675 : C2;
    3676 : A9;
    3677 : 62;
    3678 : 09;
    3679 : 0B;
    3680 : 04;
    3681 : A0;
    3682 : 98;
    3683 : 70;
    3684 : 99;
    3685 : 8A;
    3686 : 85;
    3687 : A1;
    3688 : 0B;
    3689 : 68;
    3690 : 98;
    3691 : A9;
    3692 : 05;
    3693 : 90;
    3694 : 89;
    3695 : 69;
    3696 : A0;
    3697 : A9;
    3698 : 04;
    3699 : 81;
    3700 : 8E;
    3701 : 30;
    3702 : 90;
    3703 : B9;
    3704 : 34;
    3705 : 88;
    3706 : 0B;
    3707 : 59;
    3708 : C4;
    3709 : A8;
    3710 : 32;
    3711 : 18;
    3712 : 9F;
    3713 : 10;
    3714 : 93;
    3715 : B9;
    3716 : 72;
    3717 : 08;
    3718 : 8A;
    3719 : 10;
    3720 : A5;
    3721 : 99;
    3722 : 50;
    3723 : 18;
    3724 : AC;
    3725 : 18;
    3726 : 94;
    3727 : AA;
    3728 : 68;
    3729 : 88;
    3730 : A8;
    3731 : 00;
    3732 : 96;
    3733 : 8B;
    3734 : 48;
    3735 : 01;
    3736 : DA;
    3737 : 00;
    3738 : 03;
    3739 : AA;
    3740 : 79;
    3741 : 91;
    3742 : 98;
    3743 : 18;
    3744 : 05;
    3745 : 9B;
    3746 : 59;
    3747 : 02;
    3748 : C9;
    3749 : 08;
    3750 : 14;
    3751 : AA;
    3752 : 4A;
    3753 : A3;
    3754 : B9;
    3755 : 09;
    3756 : 27;
    3757 : 9D;
    3758 : 29;
    3759 : 02;
    3760 : E8;
    3761 : 09;
    3762 : 23;
    3763 : BA;
    3764 : 29;
    3765 : 86;
    3766 : 99;
    3767 : 09;
    3768 : 35;
    3769 : AC;
    3770 : 2A;
    3771 : 14;
    3772 : C8;
    3773 : 8A;
    3774 : 34;
    3775 : A9;
    3776 : 3B;
    3777 : 07;
    3778 : 99;
    3779 : 88;
    3780 : 53;
    3781 : B9;
    3782 : 1A;
    3783 : 05;
    3784 : B0;
    3785 : 9B;
    3786 : 34;
    3787 : B8;
    3788 : 0D;
    3789 : 14;
    3790 : 9A;
    3791 : A9;
    3792 : 73;
    3793 : B8;
    3794 : 0A;
    3795 : 14;
    3796 : B0;
    3797 : AC;
    3798 : 52;
    3799 : 98;
    3800 : 8B;
    3801 : 14;
    3802 : A8;
    3803 : 99;
    3804 : 72;
    3805 : A0;
    3806 : 9A;
    3807 : 25;
    3808 : A1;
    3809 : AB;
    3810 : 71;
    3811 : 80;
    3812 : 9A;
    3813 : 14;
    3814 : 98;
    3815 : 99;
    3816 : 78;
    3817 : 90;
    3818 : AA;
    3819 : 23;
    3820 : A2;
    3821 : AD;
    3822 : 58;
    3823 : 00;
    3824 : BB;
    3825 : 33;
    3826 : A0;
    3827 : AA;
    3828 : 7A;
    3829 : 93;
    3830 : CB;
    3831 : 32;
    3832 : 94;
    3833 : BB;
    3834 : 7B;
    3835 : 01;
    3836 : C9;
    3837 : 22;
    3838 : A1;
    3839 : 98;
    3840 : 6A;
    3841 : 82;
    3842 : D9;
    3843 : 11;
    3844 : 03;
    3845 : BB;
    3846 : 3C;
    3847 : 13;
    3848 : F9;
    3849 : 20;
    3850 : 81;
    3851 : 0B;
    3852 : 29;
    3853 : A7;
    3854 : A9;
    3855 : 30;
    3856 : 04;
    3857 : AA;
    3858 : 0F;
    3859 : 20;
    3860 : D1;
    3861 : 29;
    3862 : 00;
    3863 : 28;
    3864 : 3B;
    3865 : 07;
    3866 : A8;
    3867 : 19;
    3868 : 02;
    3869 : AC;
    3870 : 0C;
    3871 : 93;
    3872 : A3;
    3873 : 68;
    3874 : 11;
    3875 : 0A;
    3876 : BA;
    3877 : 88;
    3878 : B6;
    3879 : 48;
    3880 : 09;
    3881 : 89;
    3882 : 8C;
    3883 : 15;
    3884 : 85;
    3885 : 1B;
    3886 : 00;
    3887 : 9B;
    3888 : 9A;
    3889 : 95;
    3890 : 91;
    3891 : 5A;
    3892 : 68;
    3893 : 99;
    3894 : 89;
    3895 : 93;
    3896 : B1;
    3897 : 1D;
    3898 : 01;
    3899 : 8A;
    3900 : E1;
    3901 : 92;
    3902 : 81;
    3903 : 3C;
    3904 : 50;
    3905 : D3;
    3906 : 90;
    3907 : 02;
    3908 : 30;
    3909 : 0F;
    3910 : 01;
    3911 : A1;
    3912 : C3;
    3913 : 11;
    3914 : 19;
    3915 : 3E;
    3916 : 28;
    3917 : D2;
    3918 : B8;
    3919 : 08;
    3920 : 20;
    3921 : 0D;
    3922 : 92;
    3923 : 84;
    3924 : 88;
    3925 : 30;
    3926 : 28;
    3927 : 8F;
    3928 : B3;
    3929 : C1;
    3930 : 8C;
    3931 : 40;
    3932 : 18;
    3933 : D8;
    3934 : 02;
    3935 : 08;
    3936 : 91;
    3937 : 4D;
    3938 : 8A;
    3939 : A2;
    3940 : 02;
    3941 : 84;
    3942 : 9B;
    3943 : 19;
    3944 : 45;
    3945 : B9;
    3946 : 33;
    3947 : 88;
    3948 : 9F;
    3949 : 18;
    3950 : 81;
    3951 : C2;
    3952 : 35;
    3953 : 21;
    3954 : 9E;
    3955 : 19;
    3956 : B1;
    3957 : C2;
    3958 : 49;
    3959 : 0A;
    3960 : 08;
    3961 : 1B;
    3962 : 95;
    3963 : 08;
    3964 : 4B;
    3965 : 32;
    3966 : DA;
    3967 : A9;
    3968 : 35;
    3969 : A9;
    3970 : 3C;
    3971 : 13;
    3972 : F3;
    3973 : 89;
    3974 : 11;
    3975 : 8B;
    3976 : 3D;
    3977 : 04;
    3978 : E0;
    3979 : 08;
    3980 : 12;
    3981 : 19;
    3982 : 8B;
    3983 : D3;
    3984 : 12;
    3985 : AA;
    3986 : 69;
    3987 : 1A;
    3988 : CA;
    3989 : 15;
    3990 : B0;
    3991 : 8A;
    3992 : 79;
    3993 : 91;
    3994 : B8;
    3995 : 04;
    3996 : 81;
    3997 : 0E;
    3998 : 28;
    3999 : A1;
    4000 : 90;
    4001 : 25;
    4002 : 88;
    4003 : 0D;
    4004 : 18;
    4005 : A2;
    4006 : B0;
    4007 : 61;
    4008 : 38;
    4009 : AA;
    4010 : 98;
    4011 : 97;
    4012 : A0;
    4013 : 5A;
    4014 : 08;
    4015 : BB;
    4016 : 08;
    4017 : 97;
    4018 : 89;
    4019 : 5A;
    4020 : 20;
    4021 : A9;
    4022 : 90;
    4023 : 04;
    4024 : 0B;
    4025 : 7A;
    4026 : 80;
    4027 : B9;
    4028 : 91;
    4029 : 13;
    4030 : 9B;
    4031 : 3D;
    4032 : 81;
    4033 : C6;
    4034 : 88;
    4035 : 21;
    4036 : 1B;
    4037 : 0C;
    4038 : 95;
    4039 : B1;
    4040 : 89;
    4041 : 73;
    4042 : 89;
    4043 : 0A;
    4044 : 84;
    4045 : B2;
    4046 : 19;
    4047 : 7A;
    4048 : 98;
    4049 : 88;
    4050 : 95;
    4051 : A0;
    4052 : 1A;
    4053 : 48;
    4054 : 98;
    4055 : B9;
    4056 : 85;
    4057 : 12;
    4058 : 0E;
    4059 : 3A;
    4060 : 90;
    4061 : D0;
    4062 : 04;
    4063 : 08;
    4064 : 8C;
    4065 : 40;
    4066 : B1;
    4067 : B0;
    4068 : 32;
    4069 : 01;
    4070 : 1F;
    4071 : 08;
    4072 : C3;
    4073 : 80;
    4074 : 41;
    4075 : 09;
    4076 : 9C;
    4077 : 80;
    4078 : A4;
    4079 : 99;
    4080 : 68;
    4081 : 49;
    4082 : AA;
    4083 : A0;
    4084 : 95;
    4085 : 90;
    4086 : 7B;
    4087 : 08;
    4088 : B8;
    4089 : 11;
    4090 : 94;
    4091 : 8B;
    4092 : 5B;
    4093 : 01;
    4094 : B9;
    4095 : 92;
    4096 : 85;
    4097 : 2B;
    4098 : 59;
    4099 : 91;
    4100 : C9;
    4101 : 11;
    4102 : 13;
    4103 : 0B;
    4104 : 3C;
    4105 : 03;
    4106 : F1;
    4107 : 80;
    4108 : 22;
    4109 : 8C;
    4110 : 2C;
    4111 : 95;
    4112 : D8;
    4113 : 19;
    4114 : 04;
    4115 : 9A;
    4116 : 09;
    4117 : 04;
    4118 : D8;
    4119 : 18;
    4120 : 21;
    4121 : AB;
    4122 : 10;
    4123 : 96;
    4124 : BA;
    4125 : 3A;
    4126 : 33;
    4127 : AB;
    4128 : 09;
    4129 : 17;
    4130 : C1;
    4131 : 1B;
    4132 : 42;
    4133 : A9;
    4134 : 0B;
    4135 : 37;
    4136 : B9;
    4137 : 8C;
    4138 : 35;
    4139 : A9;
    4140 : 8A;
    4141 : 34;
    4142 : C0;
    4143 : 8A;
    4144 : 34;
    4145 : B9;
    4146 : 1B;
    4147 : 25;
    4148 : D8;
    4149 : 8B;
    4150 : 34;
    4151 : AA;
    4152 : 9B;
    4153 : 25;
    4154 : A0;
    4155 : 9C;
    4156 : 61;
    4157 : 88;
    4158 : 9A;
    4159 : 24;
    4160 : B0;
    4161 : AB;
    4162 : 73;
    4163 : 91;
    4164 : BB;
    4165 : 34;
    4166 : B2;
    4167 : 8C;
    4168 : 50;
    4169 : A0;
    4170 : AA;
    4171 : 25;
    4172 : A8;
    4173 : 9D;
    4174 : 51;
    4175 : 90;
    4176 : B9;
    4177 : 23;
    4178 : 91;
    4179 : AB;
    4180 : 78;
    4181 : 91;
    4182 : C9;
    4183 : 41;
    4184 : 91;
    4185 : AB;
    4186 : 79;
    4187 : 92;
    4188 : B9;
    4189 : 31;
    4190 : 83;
    4191 : 9E;
    4192 : 38;
    4193 : A3;
    4194 : C9;
    4195 : 61;
    4196 : 80;
    4197 : AB;
    4198 : 58;
    4199 : 81;
    4200 : C8;
    4201 : 30;
    4202 : 02;
    4203 : AA;
    4204 : 39;
    4205 : 95;
    4206 : C9;
    4207 : 59;
    4208 : 02;
    4209 : AC;
    4210 : 3A;
    4211 : 85;
    4212 : D8;
    4213 : 18;
    4214 : 22;
    4215 : 9C;
    4216 : 29;
    4217 : 83;
    4218 : F9;
    4219 : 38;
    4220 : 11;
    4221 : AB;
    4222 : 4B;
    4223 : 94;
    4224 : C1;
    4225 : 29;
    4226 : 11;
    4227 : 9A;
    4228 : 1B;
    4229 : 87;
    4230 : A1;
    4231 : 3B;
    4232 : 42;
    4233 : BB;
    4234 : 9B;
    4235 : 27;
    4236 : A0;
    4237 : 3B;
    4238 : 61;
    4239 : A8;
    4240 : 89;
    4241 : 85;
    4242 : B0;
    4243 : 4B;
    4244 : 21;
    4245 : CA;
    4246 : 8A;
    4247 : 87;
    4248 : 08;
    4249 : 1B;
    4250 : 21;
    4251 : 9A;
    4252 : B8;
    4253 : 86;
    4254 : 08;
    4255 : 1D;
    4256 : 20;
    4257 : B8;
    4258 : E8;
    4259 : 13;
    4260 : 18;
    4261 : 2E;
    4262 : 10;
    4263 : B2;
    4264 : A8;
    4265 : 06;
    4266 : 18;
    4267 : 2D;
    4268 : 01;
    4269 : C1;
    4270 : A8;
    4271 : 23;
    4272 : 2C;
    4273 : 8E;
    4274 : 82;
    4275 : A1;
    4276 : 90;
    4277 : 40;
    4278 : 2A;
    4279 : 8B;
    4280 : 85;
    4281 : B3;
    4282 : AB;
    4283 : 7A;
    4284 : 18;
    4285 : 9C;
    4286 : 82;
    4287 : B4;
    4288 : 8B;
    4289 : 48;
    4290 : 38;
    4291 : AB;
    4292 : 37;
    4293 : 80;
    4294 : 9B;
    4295 : 70;
    4296 : 0A;
    4297 : A8;
    4298 : 13;
    4299 : 85;
    4300 : 0A;
    4301 : 19;
    4302 : 09;
    4303 : C0;
    4304 : 06;
    4305 : 80;
    4306 : 9C;
    4307 : 49;
    4308 : 80;
    4309 : E0;
    4310 : 00;
    4311 : 12;
    4312 : 8C;
    4313 : 89;
    4314 : 88;
    4315 : D1;
    4316 : 32;
    4317 : 09;
    4318 : BC;
    4319 : 69;
    4320 : B0;
    4321 : B2;
    4322 : 30;
    4323 : 14;
    4324 : 8A;
    4325 : 11;
    4326 : 02;
    4327 : A2;
    4328 : 74;
    4329 : 1A;
    4330 : AA;
    4331 : 49;
    4332 : B2;
    4333 : C2;
    4334 : 3C;
    4335 : 25;
    4336 : B9;
    4337 : 09;
    4338 : 02;
    4339 : B1;
    4340 : 7A;
    4341 : 81;
    4342 : EA;
    4343 : 2A;
    4344 : A3;
    4345 : 98;
    4346 : 0E;
    4347 : 04;
    4348 : A9;
    4349 : 08;
    4350 : 38;
    4351 : 89;
    4352 : 68;
    4353 : 82;
    4354 : E1;
    4355 : 09;
    4356 : 12;
    4357 : 89;
    4358 : 9C;
    4359 : 17;
    4360 : A1;
    4361 : 0A;
    4362 : 39;
    4363 : 98;
    4364 : 2B;
    4365 : 87;
    4366 : A0;
    4367 : 0D;
    4368 : 23;
    4369 : 89;
    4370 : DA;
    4371 : 34;
    4372 : 90;
    4373 : 8A;
    4374 : 3A;
    4375 : D1;
    4376 : 98;
    4377 : 84;
    4378 : 98;
    4379 : 8F;
    4380 : 21;
    4381 : 92;
    4382 : D8;
    4383 : 52;
    4384 : 00;
    4385 : 8A;
    4386 : 19;
    4387 : A4;
    4388 : 99;
    4389 : 41;
    4390 : 09;
    4391 : BE;
    4392 : 12;
    4393 : 94;
    4394 : A8;
    4395 : 7A;
    4396 : 82;
    4397 : A8;
    4398 : A0;
    4399 : 87;
    4400 : 0A;
    4401 : 29;
    4402 : 81;
    4403 : DA;
    4404 : 80;
    4405 : 14;
    4406 : 8A;
    4407 : 3E;
    4408 : 82;
    4409 : C0;
    4410 : 98;
    4411 : 32;
    4412 : 8C;
    4413 : 19;
    4414 : 95;
    4415 : C0;
    4416 : 08;
    4417 : 61;
    4418 : 8A;
    4419 : 1B;
    4420 : 86;
    4421 : 90;
    4422 : 89;
    4423 : 60;
    4424 : 8A;
    4425 : A0;
    4426 : 84;
    4427 : 90;
    4428 : 1A;
    4429 : 79;
    4430 : A0;
    4431 : A8;
    4432 : 05;
    4433 : 80;
    4434 : 8B;
    4435 : 59;
    4436 : B0;
    4437 : C2;
    4438 : 22;
    4439 : 09;
    4440 : 0D;
    4441 : 38;
    4442 : C3;
    4443 : C8;
    4444 : 43;
    4445 : 19;
    4446 : AB;
    4447 : 29;
    4448 : B7;
    4449 : 90;
    4450 : 49;
    4451 : 08;
    4452 : 9B;
    4453 : 18;
    4454 : 97;
    4455 : 99;
    4456 : 68;
    4457 : 18;
    4458 : A9;
    4459 : 08;
    4460 : 95;
    4461 : 09;
    4462 : 4A;
    4463 : 00;
    4464 : B9;
    4465 : 91;
    4466 : 07;
    4467 : 8A;
    4468 : 59;
    4469 : 80;
    4470 : C1;
    4471 : 89;
    4472 : 13;
    4473 : 1C;
    4474 : 1B;
    4475 : 83;
    4476 : E1;
    4477 : 88;
    4478 : 52;
    4479 : 9B;
    4480 : 29;
    4481 : 94;
    4482 : D3;
    4483 : 0A;
    4484 : 41;
    4485 : 8A;
    4486 : 99;
    4487 : 85;
    4488 : A0;
    4489 : 19;
    4490 : 70;
    4491 : A9;
    4492 : 08;
    4493 : 85;
    4494 : 80;
    4495 : 0C;
    4496 : 30;
    4497 : A8;
    4498 : C8;
    4499 : 14;
    4500 : 88;
    4501 : 0D;
    4502 : 40;
    4503 : D0;
    4504 : 80;
    4505 : 12;
    4506 : 08;
    4507 : 0E;
    4508 : 20;
    4509 : A0;
    4510 : A8;
    4511 : 42;
    4512 : 09;
    4513 : 8D;
    4514 : 21;
    4515 : F3;
    4516 : 08;
    4517 : 21;
    4518 : 18;
    4519 : 9D;
    4520 : 21;
    4521 : B2;
    4522 : 99;
    4523 : 78;
    4524 : 88;
    4525 : A9;
    4526 : 31;
    4527 : B5;
    4528 : 1C;
    4529 : 40;
    4530 : 00;
    4531 : BB;
    4532 : 22;
    4533 : B4;
    4534 : 8A;
    4535 : 79;
    4536 : 90;
    4537 : A9;
    4538 : 30;
    4539 : A4;
    4540 : 0E;
    4541 : 20;
    4542 : 01;
    4543 : EA;
    4544 : 10;
    4545 : 92;
    4546 : 9A;
    4547 : 49;
    4548 : A2;
    4549 : B9;
    4550 : 59;
    4551 : 95;
    4552 : 8C;
    4553 : 21;
    4554 : 12;
    4555 : CB;
    4556 : 39;
    4557 : 86;
    4558 : 8A;
    4559 : 39;
    4560 : 83;
    4561 : BB;
    4562 : 4A;
    4563 : 87;
    4564 : 9B;
    4565 : 31;
    4566 : 22;
    4567 : DB;
    4568 : 1A;
    4569 : 87;
    4570 : 99;
    4571 : 2A;
    4572 : 03;
    4573 : AB;
    4574 : 8B;
    4575 : 27;
    4576 : 9C;
    4577 : 28;
    4578 : 22;
    4579 : D9;
    4580 : 0A;
    4581 : 06;
    4582 : 89;
    4583 : 2B;
    4584 : 03;
    4585 : A8;
    4586 : 9B;
    4587 : 37;
    4588 : AB;
    4589 : 3A;
    4590 : 14;
    4591 : D0;
    4592 : 9A;
    4593 : 25;
    4594 : 8A;
    4595 : 0C;
    4596 : 13;
    4597 : A8;
    4598 : BA;
    4599 : 46;
    4600 : A9;
    4601 : 1A;
    4602 : 13;
    4603 : C1;
    4604 : BA;
    4605 : 54;
    4606 : 89;
    4607 : AB;
    4608 : 14;
    4609 : A0;
    4610 : C8;
    4611 : 72;
    4612 : 99;
    4613 : 89;
    4614 : 23;
    4615 : A3;
    4616 : BB;
    4617 : 70;
    4618 : 00;
    4619 : CA;
    4620 : 21;
    4621 : 81;
    4622 : F0;
    4623 : 38;
    4624 : 08;
    4625 : 88;
    4626 : 92;
    4627 : A1;
    4628 : EA;
    4629 : 42;
    4630 : 19;
    4631 : 9C;
    4632 : 41;
    4633 : 91;
    4634 : BA;
    4635 : 5B;
    4636 : 91;
    4637 : BB;
    4638 : 62;
    4639 : 05;
    4640 : CA;
    4641 : 28;
    4642 : 30;
    4643 : C0;
    4644 : 88;
    4645 : 10;
    4646 : C8;
    4647 : 0D;
    4648 : 01;
    4649 : 80;
    4650 : A4;
    4651 : 92;
    4652 : 81;
    4653 : 2F;
    4654 : 3B;
    4655 : A3;
    4656 : 22;
    4657 : D3;
    4658 : D0;
    4659 : 48;
    4660 : 22;
    4661 : 8A;
    4662 : 80;
    4663 : 51;
    4664 : 9A;
    4665 : 1D;
    4666 : 02;
    4667 : F3;
    4668 : 88;
    4669 : 12;
    4670 : 81;
    4671 : 8F;
    4672 : 39;
    4673 : 92;
    4674 : C1;
    4675 : 10;
    4676 : 98;
    4677 : AA;
    4678 : 08;
    4679 : 43;
    4680 : 1B;
    4681 : 9C;
    4682 : 23;
    4683 : 8C;
    4684 : E4;
    4685 : B1;
    4686 : 40;
    4687 : 40;
    4688 : 9B;
    4689 : 8A;
    4690 : 21;
    4691 : A4;
    4692 : BA;
    4693 : 35;
    4694 : 82;
    4695 : 9F;
    4696 : 22;
    4697 : 02;
    4698 : 8E;
    4699 : 0A;
    4700 : 85;
    4701 : B0;
    4702 : 89;
    4703 : 14;
    4704 : 0A;
    4705 : 2B;
    4706 : 40;
    4707 : A1;
    4708 : C0;
    4709 : 38;
    4710 : 48;
    4711 : B1;
    4712 : C4;
    4713 : 3B;
    4714 : 51;
    4715 : 90;
    4716 : 8D;
    4717 : 10;
    4718 : 95;
    4719 : B8;
    4720 : 40;
    4721 : 30;
    4722 : 9F;
    4723 : 01;
    4724 : 03;
    4725 : AB;
    4726 : AB;
    4727 : 36;
    4728 : 90;
    4729 : AB;
    4730 : 31;
    4731 : 0A;
    4732 : 8C;
    4733 : 89;
    4734 : 85;
    4735 : C3;
    4736 : 28;
    4737 : 19;
    4738 : 08;
    4739 : 88;
    4740 : BF;
    4741 : 25;
    4742 : 90;
    4743 : 9D;
    4744 : 10;
    4745 : 05;
    4746 : A0;
    4747 : 49;
    4748 : 23;
    4749 : EB;
    4750 : 88;
    4751 : 23;
    4752 : B0;
    4753 : 9B;
    4754 : 78;
    4755 : 82;
    4756 : CB;
    4757 : 12;
    4758 : 18;
    4759 : 38;
    4760 : 98;
    4761 : 81;
    4762 : E1;
    4763 : 1B;
    4764 : 82;
    4765 : 5B;
    4766 : 00;
    4767 : F9;
    4768 : 10;
    4769 : 31;
    4770 : 8F;
    4771 : 00;
    4772 : 12;
    4773 : B1;
    4774 : AB;
    4775 : 54;
    4776 : B8;
    4777 : 1D;
    4778 : 02;
    4779 : 91;
    4780 : AC;
    4781 : 4A;
    4782 : 02;
    4783 : C8;
    4784 : 21;
    4785 : 91;
    4786 : 09;
    4787 : 2B;
    4788 : 39;
    4789 : A4;
    4790 : E3;
    4791 : 23;
    4792 : 2C;
    4793 : 28;
    4794 : F9;
    4795 : 38;
    4796 : 24;
    4797 : BB;
    4798 : 89;
    4799 : 40;
    4800 : A4;
    4801 : DB;
    4802 : 53;
    4803 : 88;
    4804 : 8D;
    4805 : 01;
    4806 : 91;
    4807 : 88;
    4808 : 2B;
    4809 : 16;
    4810 : B8;
    4811 : 0B;
    4812 : 83;
    4813 : 08;
    4814 : 19;
    4815 : 1D;
    4816 : A5;
    4817 : C1;
    4818 : 10;
    4819 : 28;
    4820 : 30;
    4821 : F9;
    4822 : 2A;
    4823 : 04;
    4824 : B0;
    4825 : 1A;
    4826 : 69;
    4827 : 81;
    4828 : F8;
    4829 : 30;
    4830 : 00;
    4831 : 8C;
    4832 : 10;
    4833 : 92;
    4834 : B0;
    4835 : CB;
    4836 : 54;
    4837 : 09;
    4838 : 8D;
    4839 : 91;
    4840 : 82;
    4841 : 28;
    4842 : 8C;
    4843 : 14;
    4844 : 90;
    4845 : 09;
    4846 : 80;
    4847 : 21;
    4848 : 08;
    4849 : 8F;
    4850 : 06;
    4851 : C2;
    4852 : 18;
    4853 : 3A;
    4854 : 00;
    4855 : A1;
    4856 : 5B;
    4857 : 94;
    4858 : D9;
    4859 : 28;
    4860 : 18;
    4861 : B0;
    4862 : E8;
    4863 : 40;
    4864 : 00;
    4865 : 9C;
    4866 : 91;
    4867 : 10;
    4868 : 90;
    4869 : F2;
    4870 : 30;
    4871 : 1A;
    4872 : 8A;
    4873 : 95;
    4874 : 00;
    4875 : 08;
    4876 : AC;
    4877 : 24;
    4878 : B1;
    4879 : 1E;
    4880 : 91;
    4881 : 03;
    4882 : 2A;
    4883 : 0F;
    4884 : 84;
    4885 : A1;
    4886 : 2A;
    4887 : 00;
    4888 : 92;
    4889 : 9A;
    4890 : 7A;
    4891 : 13;
    4892 : F9;
    4893 : 11;
    4894 : 19;
    4895 : 99;
    4896 : 92;
    4897 : 79;
    4898 : 98;
    4899 : B8;
    4900 : 13;
    4901 : 8B;
    4902 : 88;
    4903 : C0;
    4904 : 24;
    4905 : 21;
    4906 : 8F;
    4907 : 90;
    4908 : 21;
    4909 : 39;
    4910 : F9;
    4911 : 13;
    4912 : 18;
    4913 : 0F;
    4914 : 81;
    4915 : 81;
    4916 : 88;
    4917 : 2B;
    4918 : 85;
    4919 : C8;
    4920 : 4B;
    4921 : 01;
    4922 : D1;
    4923 : 18;
    4924 : 5B;
    4925 : A8;
    4926 : B0;
    4927 : 40;
    4928 : 90;
    4929 : 80;
    4930 : 91;
    4931 : 6B;
    4932 : 18;
    4933 : B0;
    4934 : 93;
    4935 : 5B;
    4936 : 38;
    4937 : F1;
    4938 : 30;
    4939 : 19;
    4940 : CA;
    4941 : 12;
    4942 : 20;
    4943 : 8D;
    4944 : A9;
    4945 : 27;
    4946 : 98;
    4947 : 0C;
    4948 : 02;
    4949 : 90;
    4950 : 2A;
    4951 : 1A;
    4952 : 97;
    4953 : 09;
    4954 : 4A;
    4955 : B1;
    4956 : A0;
    4957 : 30;
    4958 : 1B;
    4959 : B2;
    4960 : A0;
    4961 : 3A;
    4962 : 8C;
    4963 : A5;
    4964 : B6;
    4965 : 5D;
    4966 : 00;
    4967 : C9;
    4968 : 10;
    4969 : 20;
    4970 : B0;
    4971 : D9;
    4972 : 71;
    4973 : 90;
    4974 : AA;
    4975 : 13;
    4976 : 10;
    4977 : 8C;
    4978 : 90;
    4979 : 07;
    4980 : 99;
    4981 : 09;
    4982 : 84;
    4983 : 89;
    4984 : 3B;
    4985 : A1;
    4986 : 95;
    4987 : 08;
    4988 : 3A;
    4989 : 01;
    4990 : 86;
    4991 : 11;
    4992 : 1E;
    4993 : 02;
    4994 : 98;
    4995 : 1D;
    4996 : 00;
    4997 : F3;
    4998 : 98;
    4999 : 49;
    5000 : 81;
    5001 : BB;
    5002 : 20;
    5003 : 82;
    5004 : C9;
    5005 : A0;
    5006 : 52;
    5007 : 9A;
    5008 : B9;
    5009 : 17;
    5010 : 09;
    5011 : 0A;
    5012 : 80;
    5013 : 16;
    5014 : 90;
    5015 : 99;
    5016 : 00;
    5017 : 39;
    5018 : 2B;
    5019 : BF;
    5020 : 06;
    5021 : 90;
    5022 : 0C;
    5023 : 10;
    5024 : 81;
    5025 : 9A;
    5026 : 5B;
    5027 : 06;
    5028 : A9;
    5029 : 4A;
    5030 : 03;
    5031 : B0;
    5032 : 88;
    5033 : 70;
    5034 : 90;
    5035 : AA;
    5036 : 40;
    5037 : 80;
    5038 : A8;
    5039 : A1;
    5040 : 71;
    5041 : 08;
    5042 : 99;
    5043 : 01;
    5044 : 18;
    5045 : 00;
    5046 : F9;
    5047 : 32;
    5048 : 98;
    5049 : 9E;
    5050 : 12;
    5051 : 11;
    5052 : 8D;
    5053 : AB;
    5054 : 17;
    5055 : A0;
    5056 : 8C;
    5057 : 22;
    5058 : 90;
    5059 : 0B;
    5060 : 4B;
    5061 : A5;
    5062 : C8;
    5063 : 19;
    5064 : 82;
    5065 : B8;
    5066 : 1A;
    5067 : 7B;
    5068 : 83;
    5069 : B8;
    5070 : 38;
    5071 : 20;
    5072 : A1;
    5073 : E3;
    5074 : 70;
    5075 : 00;
    5076 : A8;
    5077 : 18;
    5078 : 20;
    5079 : E8;
    5080 : B8;
    5081 : 63;
    5082 : 00;
    5083 : 9C;
    5084 : 11;
    5085 : 83;
    5086 : 8A;
    5087 : 9A;
    5088 : 27;
    5089 : 9A;
    5090 : 0B;
    5091 : 85;
    5092 : 80;
    5093 : 1D;
    5094 : 19;
    5095 : 94;
    5096 : B0;
    5097 : 19;
    5098 : 21;
    5099 : 98;
    5100 : 19;
    5101 : 3F;
    5102 : 93;
    5103 : F3;
    5104 : 29;
    5105 : 28;
    5106 : A0;
    5107 : E9;
    5108 : 48;
    5109 : 01;
    5110 : B9;
    5111 : 08;
    5112 : 22;
    5113 : C9;
    5114 : D8;
    5115 : 25;
    5116 : 09;
    5117 : 9D;
    5118 : 12;
    5119 : 02;
    5120 : 9A;
    5121 : 98;
    5122 : 26;
    5123 : 98;
    5124 : 0C;
    5125 : 92;
    5126 : 82;
    5127 : 29;
    5128 : 0F;
    5129 : A3;
    5130 : 94;
    5131 : 2B;
    5132 : 10;
    5133 : 84;
    5134 : 0B;
    5135 : 3C;
    5136 : 86;
    5137 : D1;
    5138 : 19;
    5139 : 28;
    5140 : A9;
    5141 : E8;
    5142 : 50;
    5143 : 08;
    5144 : B9;
    5145 : 20;
    5146 : 28;
    5147 : C8;
    5148 : B1;
    5149 : 73;
    5150 : 09;
    5151 : 9B;
    5152 : 80;
    5153 : 82;
    5154 : 3B;
    5155 : B9;
    5156 : 17;
    5157 : 18;
    5158 : 8D;
    5159 : 91;
    5160 : 23;
    5161 : 3A;
    5162 : 8E;
    5163 : 86;
    5164 : 91;
    5165 : 8A;
    5166 : 38;
    5167 : 93;
    5168 : 99;
    5169 : 2F;
    5170 : A3;
    5171 : D2;
    5172 : 3A;
    5173 : 30;
    5174 : C0;
    5175 : 90;
    5176 : 69;
    5177 : A0;
    5178 : A8;
    5179 : 21;
    5180 : 19;
    5181 : 9A;
    5182 : F3;
    5183 : 40;
    5184 : 2A;
    5185 : A9;
    5186 : A2;
    5187 : 58;
    5188 : 89;
    5189 : F8;
    5190 : 22;
    5191 : 20;
    5192 : BB;
    5193 : 91;
    5194 : 84;
    5195 : 1A;
    5196 : 9F;
    5197 : 86;
    5198 : 80;
    5199 : 1A;
    5200 : 81;
    5201 : B2;
    5202 : 1B;
    5203 : 4C;
    5204 : A3;
    5205 : 90;
    5206 : 3A;
    5207 : 00;
    5208 : B0;
    5209 : 03;
    5210 : 2F;
    5211 : 88;
    5212 : B6;
    5213 : 28;
    5214 : 1C;
    5215 : 83;
    5216 : E3;
    5217 : 5A;
    5218 : 00;
    5219 : C0;
    5220 : 08;
    5221 : 48;
    5222 : 98;
    5223 : C8;
    5224 : 43;
    5225 : 08;
    5226 : BB;
    5227 : 04;
    5228 : 11;
    5229 : 8B;
    5230 : A8;
    5231 : 17;
    5232 : 09;
    5233 : 0C;
    5234 : B3;
    5235 : 08;
    5236 : 49;
    5237 : 9C;
    5238 : B3;
    5239 : 23;
    5240 : 1C;
    5241 : CA;
    5242 : 04;
    5243 : 90;
    5244 : 0F;
    5245 : 02;
    5246 : B3;
    5247 : 8D;
    5248 : 28;
    5249 : 93;
    5250 : C8;
    5251 : 7B;
    5252 : 01;
    5253 : D0;
    5254 : 10;
    5255 : 18;
    5256 : 99;
    5257 : B1;
    5258 : 63;
    5259 : 89;
    5260 : 98;
    5261 : 93;
    5262 : 3A;
    5263 : 39;
    5264 : F2;
    5265 : 02;
    5266 : 5A;
    5267 : 99;
    5268 : A1;
    5269 : 32;
    5270 : 20;
    5271 : BF;
    5272 : 14;
    5273 : 01;
    5274 : 8E;
    5275 : 88;
    5276 : 04;
    5277 : 98;
    5278 : 1C;
    5279 : 84;
    5280 : A1;
    5281 : 1C;
    5282 : 00;
    5283 : C2;
    5284 : 88;
    5285 : 6A;
    5286 : 90;
    5287 : B1;
    5288 : 10;
    5289 : 1A;
    5290 : 09;
    5291 : E2;
    5292 : 5A;
    5293 : 19;
    5294 : B2;
    5295 : A2;
    5296 : 7A;
    5297 : 00;
    5298 : D9;
    5299 : 21;
    5300 : 30;
    5301 : CB;
    5302 : A8;
    5303 : 43;
    5304 : 89;
    5305 : CC;
    5306 : 15;
    5307 : 18;
    5308 : 8C;
    5309 : 81;
    5310 : 02;
    5311 : 89;
    5312 : 2A;
    5313 : 87;
    5314 : 90;
    5315 : 29;
    5316 : 89;
    5317 : A3;
    5318 : 11;
    5319 : 2F;
    5320 : 90;
    5321 : 95;
    5322 : 88;
    5323 : 2B;
    5324 : 13;
    5325 : E8;
    5326 : 3C;
    5327 : 11;
    5328 : E2;
    5329 : A8;
    5330 : 48;
    5331 : 00;
    5332 : E9;
    5333 : 31;
    5334 : 18;
    5335 : AA;
    5336 : 80;
    5337 : 41;
    5338 : 9B;
    5339 : D9;
    5340 : 05;
    5341 : 18;
    5342 : 0C;
    5343 : 90;
    5344 : 02;
    5345 : 18;
    5346 : 8E;
    5347 : 93;
    5348 : 13;
    5349 : 1C;
    5350 : 9B;
    5351 : 07;
    5352 : A0;
    5353 : 2D;
    5354 : 03;
    5355 : B2;
    5356 : 9A;
    5357 : 49;
    5358 : 83;
    5359 : E9;
    5360 : 79;
    5361 : 08;
    5362 : C0;
    5363 : 88;
    5364 : 30;
    5365 : 81;
    5366 : A8;
    5367 : 70;
    5368 : 08;
    5369 : 90;
    5370 : A1;
    5371 : 11;
    5372 : 88;
    5373 : CA;
    5374 : 92;
    5375 : 49;
    5376 : 9E;
    5377 : A8;
    5378 : 14;
    5379 : 2A;
    5380 : 9D;
    5381 : 84;
    5382 : 84;
    5383 : AC;
    5384 : 29;
    5385 : 33;
    5386 : 1A;
    5387 : 8F;
    5388 : A2;
    5389 : 84;
    5390 : 39;
    5391 : 3A;
    5392 : D0;
    5393 : 88;
    5394 : 58;
    5395 : 80;
    5396 : B1;
    5397 : BB;
    5398 : 4B;
    5399 : 81;
    5400 : B0;
    5401 : 73;
    5402 : 19;
    5403 : 91;
    5404 : 83;
    5405 : 79;
    5406 : 08;
    5407 : EA;
    5408 : 13;
    5409 : 10;
    5410 : AB;
    5411 : 9A;
    5412 : 73;
    5413 : 00;
    5414 : A8;
    5415 : 94;
    5416 : A0;
    5417 : 0F;
    5418 : 30;
    5419 : 82;
    5420 : B0;
    5421 : BC;
    5422 : 15;
    5423 : 01;
    5424 : 2A;
    5425 : 8A;
    5426 : F1;
    5427 : A0;
    5428 : 59;
    5429 : 00;
    5430 : A0;
    5431 : 09;
    5432 : 51;
    5433 : B3;
    5434 : C9;
    5435 : 4B;
    5436 : 3A;
    5437 : A1;
    5438 : B0;
    5439 : 41;
    5440 : D9;
    5441 : AB;
    5442 : 64;
    5443 : 88;
    5444 : AA;
    5445 : 91;
    5446 : 34;
    5447 : 8A;
    5448 : 9D;
    5449 : 15;
    5450 : 90;
    5451 : 09;
    5452 : 81;
    5453 : 81;
    5454 : 0A;
    5455 : 8F;
    5456 : 04;
    5457 : 84;
    5458 : 1A;
    5459 : 08;
    5460 : 90;
    5461 : 1A;
    5462 : 4C;
    5463 : 82;
    5464 : E2;
    5465 : 09;
    5466 : 68;
    5467 : 91;
    5468 : A9;
    5469 : 28;
    5470 : 10;
    5471 : B1;
    5472 : 0A;
    5473 : 70;
    5474 : C8;
    5475 : A0;
    5476 : 26;
    5477 : 08;
    5478 : 9B;
    5479 : 8A;
    5480 : 32;
    5481 : B8;
    5482 : AF;
    5483 : 04;
    5484 : 89;
    5485 : 3A;
    5486 : A2;
    5487 : 05;
    5488 : B9;
    5489 : 0E;
    5490 : 15;
    5491 : A0;
    5492 : 8A;
    5493 : 00;
    5494 : 04;
    5495 : 81;
    5496 : 3D;
    5497 : 12;
    5498 : F8;
    5499 : 19;
    5500 : 22;
    5501 : B9;
    5502 : B8;
    5503 : 7A;
    5504 : 10;
    5505 : C8;
    5506 : 08;
    5507 : 22;
    5508 : AB;
    5509 : 08;
    5510 : 14;
    5511 : 2A;
    5512 : FB;
    5513 : 88;
    5514 : 44;
    5515 : 9A;
    5516 : 89;
    5517 : 04;
    5518 : 09;
    5519 : 80;
    5520 : 89;
    5521 : 27;
    5522 : AA;
    5523 : 1C;
    5524 : 07;
    5525 : 99;
    5526 : 09;
    5527 : 09;
    5528 : 02;
    5529 : B8;
    5530 : 3D;
    5531 : 94;
    5532 : C9;
    5533 : 48;
    5534 : 01;
    5535 : 90;
    5536 : D0;
    5537 : 49;
    5538 : 22;
    5539 : C9;
    5540 : 18;
    5541 : 30;
    5542 : B8;
    5543 : D3;
    5544 : 28;
    5545 : 38;
    5546 : BE;
    5547 : 28;
    5548 : 07;
    5549 : AA;
    5550 : A8;
    5551 : 21;
    5552 : 30;
    5553 : BA;
    5554 : 00;
    5555 : 27;
    5556 : 8D;
    5557 : 49;
    5558 : 83;
    5559 : 99;
    5560 : 99;
    5561 : 80;
    5562 : 06;
    5563 : CA;
    5564 : 4A;
    5565 : 91;
    5566 : A8;
    5567 : 21;
    5568 : 99;
    5569 : 94;
    5570 : C9;
    5571 : 7B;
    5572 : 03;
    5573 : BA;
    5574 : 00;
    5575 : 28;
    5576 : 28;
    5577 : F8;
    5578 : 40;
    5579 : 82;
    5580 : BC;
    5581 : 21;
    5582 : 03;
    5583 : 8D;
    5584 : B9;
    5585 : 23;
    5586 : 32;
    5587 : CD;
    5588 : 20;
    5589 : 82;
    5590 : 8D;
    5591 : 11;
    5592 : 94;
    5593 : 81;
    5594 : 0C;
    5595 : 38;
    5596 : 07;
    5597 : AA;
    5598 : 38;
    5599 : 93;
    5600 : 08;
    5601 : A8;
    5602 : 3D;
    5603 : A5;
    5604 : D9;
    5605 : 68;
    5606 : 91;
    5607 : A9;
    5608 : 80;
    5609 : 28;
    5610 : 81;
    5611 : F9;
    5612 : 40;
    5613 : 08;
    5614 : AB;
    5615 : 13;
    5616 : 80;
    5617 : 10;
    5618 : BC;
    5619 : 43;
    5620 : 02;
    5621 : 9F;
    5622 : 12;
    5623 : 82;
    5624 : 3B;
    5625 : A9;
    5626 : 81;
    5627 : D3;
    5628 : 9F;
    5629 : 20;
    5630 : A3;
    5631 : 1C;
    5632 : 0A;
    5633 : A3;
    5634 : 04;
    5635 : AA;
    5636 : 79;
    5637 : A1;
    5638 : AA;
    5639 : 70;
    5640 : 90;
    5641 : 92;
    5642 : 08;
    5643 : 49;
    5644 : 82;
    5645 : EB;
    5646 : 32;
    5647 : 88;
    5648 : 89;
    5649 : 83;
    5650 : 2B;
    5651 : C1;
    5652 : F9;
    5653 : 62;
    5654 : 80;
    5655 : 8B;
    5656 : 81;
    5657 : 08;
    5658 : 28;
    5659 : D8;
    5660 : 43;
    5661 : 81;
    5662 : 9D;
    5663 : 12;
    5664 : B0;
    5665 : 08;
    5666 : 0B;
    5667 : 05;
    5668 : 03;
    5669 : AF;
    5670 : 81;
    5671 : 91;
    5672 : 8A;
    5673 : 41;
    5674 : 99;
    5675 : B3;
    5676 : 8C;
    5677 : 68;
    5678 : A3;
    5679 : 0B;
    5680 : 79;
    5681 : 98;
    5682 : 81;
    5683 : 90;
    5684 : 49;
    5685 : 92;
    5686 : DA;
    5687 : 73;
    5688 : 98;
    5689 : 89;
    5690 : 90;
    5691 : 28;
    5692 : 21;
    5693 : BE;
    5694 : 23;
    5695 : 18;
    5696 : 9D;
    5697 : 84;
    5698 : 09;
    5699 : 00;
    5700 : CB;
    5701 : 24;
    5702 : 93;
    5703 : 1F;
    5704 : 00;
    5705 : 90;
    5706 : 10;
    5707 : 89;
    5708 : 82;
    5709 : 94;
    5710 : 8E;
    5711 : 40;
    5712 : C0;
    5713 : 80;
    5714 : 39;
    5715 : 89;
    5716 : 85;
    5717 : 8C;
    5718 : 10;
    5719 : 91;
    5720 : AA;
    5721 : 74;
    5722 : 0A;
    5723 : A1;
    5724 : A1;
    5725 : 69;
    5726 : 91;
    5727 : C0;
    5728 : 83;
    5729 : 3C;
    5730 : 90;
    5731 : C4;
    5732 : 18;
    5733 : 9C;
    5734 : 1D;
    5735 : 84;
    5736 : 99;
    5737 : 19;
    5738 : 25;
    5739 : 11;
    5740 : 33;
    5741 : 9D;
    5742 : A2;
    5743 : A0;
    5744 : AF;
    5745 : 88;
    5746 : 98;
    5747 : 30;
    5748 : 30;
    5749 : 20;
    5750 : 94;
    5751 : AC;
    5752 : 2F;
    5753 : 83;
    5754 : 00;
    5755 : AA;
    5756 : 50;
    5757 : B8;
    5758 : 18;
    5759 : 44;
    5760 : D8;
    5761 : 89;
    5762 : 88;
    5763 : 49;
    5764 : 02;
    5765 : 90;
    5766 : 40;
    5767 : 88;
    5768 : 89;
    5769 : 67;
    5770 : 88;
    5771 : 9B;
    5772 : A2;
    5773 : B8;
    5774 : 2B;
    5775 : DA;
    5776 : 91;
    5777 : 84;
    5778 : 2A;
    5779 : 31;
    5780 : 07;
    5781 : 01;
    5782 : 1B;
    5783 : 14;
    5784 : BB;
    5785 : 0E;
    5786 : A2;
    5787 : A8;
    5788 : 32;
    5789 : 0A;
    5790 : 4A;
    5791 : B4;
    5792 : 9B;
    5793 : 50;
    5794 : BA;
    5795 : B0;
    5796 : 65;
    5797 : 89;
    5798 : A2;
    5799 : 91;
    5800 : 4A;
    5801 : 02;
    5802 : D9;
    5803 : A2;
    5804 : 1C;
    5805 : 9B;
    5806 : 88;
    5807 : 37;
    5808 : 80;
    5809 : 0B;
    5810 : 16;
    5811 : A8;
    5812 : 2B;
    5813 : D9;
    5814 : 02;
    5815 : 2A;
    5816 : 0E;
    5817 : 03;
    5818 : C1;
    5819 : 29;
    5820 : 18;
    5821 : 93;
    5822 : A1;
    5823 : 3E;
    5824 : 01;
    5825 : A3;
    5826 : 31;
    5827 : 31;
    5828 : 83;
    5829 : F9;
    5830 : 9F;
    5831 : 09;
    5832 : C3;
    5833 : 08;
    5834 : 30;
    5835 : 98;
    5836 : 82;
    5837 : 53;
    5838 : 89;
    5839 : 9C;
    5840 : B0;
    5841 : 47;
    5842 : 0A;
    5843 : B9;
    5844 : 93;
    5845 : 18;
    5846 : 2A;
    5847 : DB;
    5848 : 04;
    5849 : 08;
    5850 : 1C;
    5851 : A6;
    5852 : 00;
    5853 : 0B;
    5854 : 00;
    5855 : 05;
    5856 : 90;
    5857 : 5B;
    5858 : A8;
    5859 : D1;
    5860 : 08;
    5861 : 1A;
    5862 : 01;
    5863 : D0;
    5864 : 6A;
    5865 : 00;
    5866 : C1;
    5867 : 80;
    5868 : 50;
    5869 : 80;
    5870 : A1;
    5871 : 29;
    5872 : 0A;
    5873 : B9;
    5874 : 01;
    5875 : 47;
    5876 : 89;
    5877 : E0;
    5878 : 02;
    5879 : 28;
    5880 : AA;
    5881 : 19;
    5882 : 34;
    5883 : A8;
    5884 : 0D;
    5885 : 95;
    5886 : 11;
    5887 : 0C;
    5888 : 89;
    5889 : 94;
    5890 : BC;
    5891 : 5B;
    5892 : A1;
    5893 : A1;
    5894 : 38;
    5895 : 59;
    5896 : 94;
    5897 : 90;
    5898 : 4C;
    5899 : 88;
    5900 : A8;
    5901 : 90;
    5902 : 29;
    5903 : A1;
    5904 : F1;
    5905 : 41;
    5906 : 30;
    5907 : FA;
    5908 : 80;
    5909 : 20;
    5910 : 80;
    5911 : C9;
    5912 : 83;
    5913 : 21;
    5914 : 9D;
    5915 : 08;
    5916 : 15;
    5917 : 89;
    5918 : 19;
    5919 : 95;
    5920 : 88;
    5921 : 0D;
    5922 : 10;
    5923 : 87;
    5924 : 8A;
    5925 : 2A;
    5926 : A2;
    5927 : 90;
    5928 : 89;
    5929 : 50;
    5930 : A1;
    5931 : A0;
    5932 : 7C;
    5933 : 00;
    5934 : A0;
    5935 : 19;
    5936 : 59;
    5937 : 91;
    5938 : E8;
    5939 : 20;
    5940 : 11;
    5941 : CB;
    5942 : 20;
    5943 : 30;
    5944 : DA;
    5945 : B9;
    5946 : 15;
    5947 : 00;
    5948 : 9C;
    5949 : 80;
    5950 : 15;
    5951 : 0B;
    5952 : AA;
    5953 : 85;
    5954 : 19;
    5955 : 8B;
    5956 : 20;
    5957 : 87;
    5958 : 0A;
    5959 : 3C;
    5960 : 93;
    5961 : 91;
    5962 : 9B;
    5963 : 71;
    5964 : 94;
    5965 : A9;
    5966 : 5A;
    5967 : 80;
    5968 : C0;
    5969 : 19;
    5970 : 38;
    5971 : B0;
    5972 : B9;
    5973 : 72;
    5974 : 02;
    5975 : AC;
    5976 : 01;
    5977 : 52;
    5978 : A9;
    5979 : C8;
    5980 : 33;
    5981 : 19;
    5982 : 9C;
    5983 : 00;
    5984 : 03;
    5985 : 0E;
    5986 : AA;
    5987 : 87;
    5988 : 10;
    5989 : 8B;
    5990 : 20;
    5991 : 86;
    5992 : 99;
    5993 : 2B;
    5994 : 83;
    5995 : A1;
    5996 : 0F;
    5997 : 28;
    5998 : C2;
    5999 : 9B;
    6000 : 60;
    6001 : 00;
    6002 : B8;
    6003 : 10;
    6004 : 41;
    6005 : D0;
    6006 : A8;
    6007 : 58;
    6008 : 80;
    6009 : AA;
    6010 : 00;
    6011 : 41;
    6012 : B9;
    6013 : D8;
    6014 : 25;
    6015 : 18;
    6016 : BB;
    6017 : 01;
    6018 : 26;
    6019 : 09;
    6020 : 9B;
    6021 : 07;
    6022 : 88;
    6023 : 9B;
    6024 : 01;
    6025 : 04;
    6026 : 8C;
    6027 : 2A;
    6028 : 07;
    6029 : 98;
    6030 : 1B;
    6031 : 10;
    6032 : A3;
    6033 : 9A;
    6034 : 6B;
    6035 : 81;
    6036 : A0;
    6037 : 19;
    6038 : 40;
    6039 : F1;
    6040 : A8;
    6041 : 59;
    6042 : 80;
    6043 : C0;
    6044 : 08;
    6045 : 41;
    6046 : A0;
    6047 : DA;
    6048 : 22;
    6049 : 28;
    6050 : CA;
    6051 : 81;
    6052 : 42;
    6053 : BA;
    6054 : AB;
    6055 : 27;
    6056 : 08;
    6057 : 9B;
    6058 : 11;
    6059 : 05;
    6060 : 8A;
    6061 : 8B;
    6062 : 06;
    6063 : 81;
    6064 : 0C;
    6065 : 08;
    6066 : 82;
    6067 : A8;
    6068 : 1F;
    6069 : 84;
    6070 : A2;
    6071 : 0C;
    6072 : 30;
    6073 : 01;
    6074 : B9;
    6075 : 7A;
    6076 : 11;
    6077 : E2;
    6078 : 08;
    6079 : 28;
    6080 : A8;
    6081 : A9;
    6082 : 72;
    6083 : 18;
    6084 : B9;
    6085 : 80;
    6086 : 30;
    6087 : A0;
    6088 : CB;
    6089 : 13;
    6090 : 4A;
    6091 : BA;
    6092 : C8;
    6093 : 14;
    6094 : 98;
    6095 : 9E;
    6096 : 16;
    6097 : 10;
    6098 : 9C;
    6099 : 10;
    6100 : 12;
    6101 : C0;
    6102 : 8D;
    6103 : 02;
    6104 : 84;
    6105 : 1C;
    6106 : 88;
    6107 : 91;
    6108 : A9;
    6109 : 3B;
    6110 : 15;
    6111 : C1;
    6112 : 1B;
    6113 : 40;
    6114 : 05;
    6115 : 90;
    6116 : 7A;
    6117 : 18;
    6118 : D8;
    6119 : 00;
    6120 : 20;
    6121 : 00;
    6122 : AA;
    6123 : 28;
    6124 : 1A;
    6125 : B5;
    6126 : AC;
    6127 : 29;
    6128 : 20;
    6129 : 09;
    6130 : 05;
    6131 : 9B;
    6132 : 8E;
    6133 : 13;
    6134 : A3;
    6135 : AF;
    6136 : 18;
    6137 : 07;
    6138 : 18;
    6139 : 29;
    6140 : 02;
    6141 : A0;
    6142 : 98;
    6143 : AA;
    6144 : A3;
    6145 : 1C;
    6146 : 9F;
    6147 : 88;
    6148 : D0;
    6149 : C1;
    6150 : 5A;
    6151 : 00;
    6152 : C1;
    6153 : 21;
    6154 : 10;
    6155 : 08;
    6156 : 59;
    6157 : 22;
    6158 : BA;
    6159 : 01;
    6160 : 11;
    6161 : 8F;
    6162 : 01;
    6163 : 38;
    6164 : F4;
    6165 : 18;
    6166 : 41;
    6167 : 80;
    6168 : 0A;
    6169 : 59;
    6170 : B1;
    6171 : B8;
    6172 : 52;
    6173 : 8A;
    6174 : 88;
    6175 : 6B;
    6176 : E4;
    6177 : 89;
    6178 : 11;
    6179 : 11;
    6180 : 8E;
    6181 : 09;
    6182 : 84;
    6183 : 99;
    6184 : 59;
    6185 : 88;
    6186 : A2;
    6187 : 0A;
    6188 : 93;
    6189 : 0F;
    6190 : 29;
    6191 : 82;
    6192 : AB;
    6193 : A8;
    6194 : 26;
    6195 : 8C;
    6196 : 29;
    6197 : A4;
    6198 : 83;
    6199 : 2A;
    6200 : 34;
    6201 : 0F;
    6202 : 08;
    6203 : 03;
    6204 : BA;
    6205 : 98;
    6206 : 78;
    6207 : B0;
    6208 : A0;
    6209 : 94;
    6210 : 32;
    6211 : 8D;
    6212 : 21;
    6213 : 8B;
    6214 : 90;
    6215 : 07;
    6216 : 8A;
    6217 : 0A;
    6218 : 7A;
    6219 : C0;
    6220 : A1;
    6221 : 83;
    6222 : 39;
    6223 : 8B;
    6224 : 32;
    6225 : C9;
    6226 : 91;
    6227 : 37;
    6228 : 99;
    6229 : 8B;
    6230 : 59;
    6231 : D4;
    6232 : 90;
    6233 : 10;
    6234 : 39;
    6235 : A9;
    6236 : 20;
    6237 : D0;
    6238 : B0;
    6239 : 51;
    6240 : 89;
    6241 : AA;
    6242 : 08;
    6243 : 97;
    6244 : 88;
    6245 : 20;
    6246 : 4A;
    6247 : 98;
    6248 : 18;
    6249 : E2;
    6250 : 90;
    6251 : 79;
    6252 : 89;
    6253 : A8;
    6254 : 00;
    6255 : 96;
    6256 : 19;
    6257 : 29;
    6258 : 38;
    6259 : B1;
    6260 : 00;
    6261 : A5;
    6262 : 09;
    6263 : 3D;
    6264 : A1;
    6265 : E1;
    6266 : 98;
    6267 : 13;
    6268 : 2A;
    6269 : 19;
    6270 : 29;
    6271 : 97;
    6272 : 88;
    6273 : 80;
    6274 : 4B;
    6275 : 0A;
    6276 : F3;
    6277 : 99;
    6278 : 19;
    6279 : 13;
    6280 : 1C;
    6281 : 38;
    6282 : 08;
    6283 : B7;
    6284 : 19;
    6285 : 10;
    6286 : 1C;
    6287 : 89;
    6288 : 87;
    6289 : 89;
    6290 : 8A;
    6291 : 53;
    6292 : 1A;
    6293 : 09;
    6294 : 98;
    6295 : 97;
    6296 : 0A;
    6297 : 00;
    6298 : 2A;
    6299 : A1;
    6300 : 97;
    6301 : 8B;
    6302 : 89;
    6303 : 71;
    6304 : 8A;
    6305 : 10;
    6306 : 91;
    6307 : 82;
    6308 : 1D;
    6309 : 12;
    6310 : AC;
    6311 : 8A;
    6312 : 15;
    6313 : BA;
    6314 : AA;
    6315 : 78;
    6316 : A1;
    6317 : 80;
    6318 : 10;
    6319 : 06;
    6320 : 8A;
    6321 : 33;
    6322 : 88;
    6323 : A9;
    6324 : 06;
    6325 : AA;
    6326 : 9B;
    6327 : 7B;
    6328 : A3;
    6329 : 81;
    6330 : 81;
    6331 : 23;
    6332 : AE;
    6333 : 20;
    6334 : D9;
    6335 : B9;
    6336 : 73;
    6337 : 89;
    6338 : AC;
    6339 : 39;
    6340 : C2;
    6341 : 88;
    6342 : 31;
    6343 : 44;
    6344 : BA;
    6345 : 38;
    6346 : A3;
    6347 : C0;
    6348 : 70;
    6349 : 00;
    6350 : A9;
    6351 : 2A;
    6352 : 96;
    6353 : 98;
    6354 : 18;
    6355 : 52;
    6356 : B9;
    6357 : 89;
    6358 : B1;
    6359 : 89;
    6360 : 78;
    6361 : 84;
    6362 : A9;
    6363 : 19;
    6364 : 96;
    6365 : 89;
    6366 : 1A;
    6367 : 51;
    6368 : C9;
    6369 : 88;
    6370 : 92;
    6371 : 9B;
    6372 : 3C;
    6373 : 84;
    6374 : B9;
    6375 : 9A;
    6376 : 37;
    6377 : 09;
    6378 : 8B;
    6379 : 42;
    6380 : C2;
    6381 : 09;
    6382 : 11;
    6383 : 18;
    6384 : 3B;
    6385 : A4;
    6386 : C9;
    6387 : BA;
    6388 : 37;
    6389 : 0A;
    6390 : 89;
    6391 : 53;
    6392 : B2;
    6393 : 1C;
    6394 : 12;
    6395 : CB;
    6396 : 1C;
    6397 : 84;
    6398 : B8;
    6399 : AB;
    6400 : 46;
    6401 : 90;
    6402 : A0;
    6403 : 60;
    6404 : 92;
    6405 : 9A;
    6406 : 21;
    6407 : A8;
    6408 : BB;
    6409 : 17;
    6410 : 98;
    6411 : BC;
    6412 : 30;
    6413 : B1;
    6414 : 90;
    6415 : 7A;
    6416 : 03;
    6417 : 9B;
    6418 : 10;
    6419 : B8;
    6420 : DB;
    6421 : 35;
    6422 : 99;
    6423 : DA;
    6424 : 41;
    6425 : 91;
    6426 : 99;
    6427 : 4C;
    6428 : 84;
    6429 : A8;
    6430 : 10;
    6431 : 82;
    6432 : A9;
    6433 : 61;
    6434 : 88;
    6435 : F8;
    6436 : 18;
    6437 : 12;
    6438 : 19;
    6439 : 1B;
    6440 : 07;
    6441 : A9;
    6442 : 99;
    6443 : 01;
    6444 : 09;
    6445 : 50;
    6446 : 90;
    6447 : D2;
    6448 : 49;
    6449 : 00;
    6450 : 9A;
    6451 : 0C;
    6452 : 14;
    6453 : BA;
    6454 : 98;
    6455 : 34;
    6456 : 89;
    6457 : 70;
    6458 : 83;
    6459 : C8;
    6460 : 2C;
    6461 : 12;
    6462 : 90;
    6463 : 8C;
    6464 : 33;
    6465 : E0;
    6466 : B9;
    6467 : 19;
    6468 : A9;
    6469 : 28;
    6470 : 83;
    6471 : A8;
    6472 : BF;
    6473 : 04;
    6474 : 18;
    6475 : AB;
    6476 : 27;
    6477 : B0;
    6478 : 89;
    6479 : 51;
    6480 : B0;
    6481 : 20;
    6482 : 13;
    6483 : 98;
    6484 : AF;
    6485 : 35;
    6486 : 98;
    6487 : BA;
    6488 : 35;
    6489 : 02;
    6490 : 8A;
    6491 : 5B;
    6492 : 90;
    6493 : 0A;
    6494 : 31;
    6495 : 21;
    6496 : BE;
    6497 : 28;
    6498 : 90;
    6499 : F8;
    6500 : 49;
    6501 : 19;
    6502 : 9A;
    6503 : 88;
    6504 : B3;
    6505 : AE;
    6506 : 80;
    6507 : 38;
    6508 : 9D;
    6509 : 51;
    6510 : A0;
    6511 : D1;
    6512 : 71;
    6513 : 82;
    6514 : BA;
    6515 : 20;
    6516 : 83;
    6517 : 0C;
    6518 : 19;
    6519 : 11;
    6520 : 8A;
    6521 : D1;
    6522 : E1;
    6523 : 81;
    6524 : 7B;
    6525 : 10;
    6526 : A8;
    6527 : 98;
    6528 : 33;
    6529 : C0;
    6530 : 08;
    6531 : 29;
    6532 : F2;
    6533 : 28;
    6534 : A1;
    6535 : AA;
    6536 : 7C;
    6537 : 84;
    6538 : 99;
    6539 : 19;
    6540 : 15;
    6541 : 0A;
    6542 : 08;
    6543 : 81;
    6544 : B8;
    6545 : 06;
    6546 : 10;
    6547 : 0B;
    6548 : 1C;
    6549 : 02;
    6550 : E1;
    6551 : AA;
    6552 : 48;
    6553 : 81;
    6554 : 9B;
    6555 : 90;
    6556 : A4;
    6557 : 1C;
    6558 : 23;
    6559 : 8B;
    6560 : BF;
    6561 : 07;
    6562 : 98;
    6563 : 9A;
    6564 : 41;
    6565 : A9;
    6566 : B2;
    6567 : 02;
    6568 : A8;
    6569 : 59;
    6570 : 59;
    6571 : 88;
    6572 : 88;
    6573 : 84;
    6574 : 93;
    6575 : 8C;
    6576 : 49;
    6577 : 03;
    6578 : DA;
    6579 : 00;
    6580 : 38;
    6581 : AC;
    6582 : 43;
    6583 : 00;
    6584 : F9;
    6585 : 34;
    6586 : 88;
    6587 : BB;
    6588 : 50;
    6589 : C2;
    6590 : 80;
    6591 : 28;
    6592 : 98;
    6593 : 2A;
    6594 : 11;
    6595 : D1;
    6596 : C0;
    6597 : 24;
    6598 : 38;
    6599 : AD;
    6600 : 18;
    6601 : 33;
    6602 : C8;
    6603 : 19;
    6604 : 18;
    6605 : F0;
    6606 : 39;
    6607 : A8;
    6608 : F9;
    6609 : 68;
    6610 : 90;
    6611 : B8;
    6612 : 18;
    6613 : 94;
    6614 : 1A;
    6615 : 08;
    6616 : A1;
    6617 : 1B;
    6618 : 14;
    6619 : A2;
    6620 : C9;
    6621 : 71;
    6622 : 10;
    6623 : C8;
    6624 : 29;
    6625 : 22;
    6626 : B2;
    6627 : 89;
    6628 : 10;
    6629 : B8;
    6630 : 2F;
    6631 : 83;
    6632 : B0;
    6633 : 6E;
    6634 : 94;
    6635 : A8;
    6636 : 2B;
    6637 : 13;
    6638 : 9C;
    6639 : 01;
    6640 : 10;
    6641 : 9D;
    6642 : 03;
    6643 : 93;
    6644 : AB;
    6645 : 7B;
    6646 : 83;
    6647 : B8;
    6648 : 8E;
    6649 : 02;
    6650 : 92;
    6651 : 0B;
    6652 : 28;
    6653 : A8;
    6654 : 9D;
    6655 : 07;
    6656 : 89;
    6657 : 8C;
    6658 : 17;
    6659 : 89;
    6660 : 9A;
    6661 : 23;
    6662 : 98;
    6663 : 18;
    6664 : 10;
    6665 : DB;
    6666 : 32;
    6667 : 81;
    6668 : BB;
    6669 : 2E;
    6670 : 84;
    6671 : 90;
    6672 : 9C;
    6673 : 85;
    6674 : 11;
    6675 : 1B;
    6676 : 18;
    6677 : 12;
    6678 : F1;
    6679 : 23;
    6680 : 19;
    6681 : 9F;
    6682 : 34;
    6683 : 90;
    6684 : DB;
    6685 : 21;
    6686 : A0;
    6687 : 19;
    6688 : 81;
    6689 : E1;
    6690 : 19;
    6691 : 11;
    6692 : 9A;
    6693 : 8F;
    6694 : 82;
    6695 : 89;
    6696 : A9;
    6697 : 43;
    6698 : 49;
    6699 : 98;
    6700 : 03;
    6701 : 02;
    6702 : C1;
    6703 : 72;
    6704 : 82;
    6705 : CA;
    6706 : 48;
    6707 : B1;
    6708 : FA;
    6709 : 2A;
    6710 : 91;
    6711 : 99;
    6712 : 91;
    6713 : B1;
    6714 : 2B;
    6715 : 52;
    6716 : 02;
    6717 : A8;
    6718 : 37;
    6719 : 00;
    6720 : B8;
    6721 : 4C;
    6722 : 21;
    6723 : 83;
    6724 : 80;
    6725 : B8;
    6726 : DA;
    6727 : 1F;
    6728 : 03;
    6729 : A0;
    6730 : 68;
    6731 : 04;
    6732 : B8;
    6733 : 0C;
    6734 : 12;
    6735 : 8A;
    6736 : 80;
    6737 : 93;
    6738 : AC;
    6739 : 09;
    6740 : 12;
    6741 : BD;
    6742 : 79;
    6743 : 81;
    6744 : 91;
    6745 : 0D;
    6746 : 90;
    6747 : 80;
    6748 : 99;
    6749 : 02;
    6750 : 29;
    6751 : AF;
    6752 : 13;
    6753 : BB;
    6754 : 8E;
    6755 : 07;
    6756 : 80;
    6757 : 8A;
    6758 : 53;
    6759 : A8;
    6760 : 89;
    6761 : 11;
    6762 : 98;
    6763 : 29;
    6764 : 42;
    6765 : B9;
    6766 : 8B;
    6767 : 17;
    6768 : 21;
    6769 : 9E;
    6770 : 11;
    6771 : 01;
    6772 : C8;
    6773 : 00;
    6774 : 49;
    6775 : A9;
    6776 : 70;
    6777 : 91;
    6778 : B0;
    6779 : 72;
    6780 : 18;
    6781 : 9C;
    6782 : 20;
    6783 : B3;
    6784 : A8;
    6785 : 40;
    6786 : 88;
    6787 : 9C;
    6788 : 00;
    6789 : B5;
    6790 : 99;
    6791 : 70;
    6792 : 18;
    6793 : D9;
    6794 : 08;
    6795 : 01;
    6796 : 90;
    6797 : 2C;
    6798 : 28;
    6799 : E1;
    6800 : 98;
    6801 : 83;
    6802 : 8A;
    6803 : 4D;
    6804 : 02;
    6805 : E0;
    6806 : 80;
    6807 : 14;
    6808 : 0A;
    6809 : 2A;
    6810 : 81;
    6811 : C2;
    6812 : 01;
    6813 : 33;
    6814 : 8F;
    6815 : 19;
    6816 : 82;
    6817 : F3;
    6818 : 19;
    6819 : 50;
    6820 : 08;
    6821 : A9;
    6822 : 93;
    6823 : 92;
    6824 : 8D;
    6825 : 50;
    6826 : 8A;
    6827 : AA;
    6828 : 05;
    6829 : A1;
    6830 : 0D;
    6831 : 58;
    6832 : 90;
    6833 : B1;
    6834 : 03;
    6835 : 80;
    6836 : 1B;
    6837 : 79;
    6838 : A0;
    6839 : 98;
    6840 : 12;
    6841 : 81;
    6842 : 9F;
    6843 : 19;
    6844 : 93;
    6845 : E0;
    6846 : 20;
    6847 : 30;
    6848 : AD;
    6849 : 29;
    6850 : 95;
    6851 : A8;
    6852 : 42;
    6853 : 01;
    6854 : 8F;
    6855 : 08;
    6856 : 84;
    6857 : 88;
    6858 : 3B;
    6859 : 39;
    6860 : D8;
    6861 : 99;
    6862 : 84;
    6863 : 20;
    6864 : 58;
    6865 : 21;
    6866 : DA;
    6867 : A0;
    6868 : 13;
    6869 : AB;
    6870 : 1F;
    6871 : 00;
    6872 : 90;
    6873 : 18;
    6874 : 34;
    6875 : 99;
    6876 : 1B;
    6877 : 21;
    6878 : F5;
    6879 : 88;
    6880 : 01;
    6881 : 19;
    6882 : 0C;
    6883 : 22;
    6884 : A2;
    6885 : CB;
    6886 : 41;
    6887 : BB;
    6888 : 29;
    6889 : 07;
    6890 : A1;
    6891 : 8A;
    6892 : 78;
    6893 : 00;
    6894 : 88;
    6895 : 82;
    6896 : C8;
    6897 : A9;
    6898 : 19;
    6899 : B9;
    6900 : 08;
    6901 : 34;
    6902 : 84;
    6903 : 9F;
    6904 : 41;
    6905 : A2;
    6906 : C2;
    6907 : 41;
    6908 : 0A;
    6909 : 1D;
    6910 : 3A;
    6911 : F2;
    6912 : 88;
    6913 : 22;
    6914 : A3;
    6915 : 0C;
    6916 : 22;
    6917 : 92;
    6918 : CB;
    6919 : 50;
    6920 : 18;
    6921 : A9;
    6922 : 28;
    6923 : D4;
    6924 : 98;
    6925 : 39;
    6926 : 06;
    6927 : 9B;
    6928 : 88;
    6929 : 80;
    6930 : CA;
    6931 : 41;
    6932 : 80;
    6933 : B1;
    6934 : 60;
    6935 : B1;
    6936 : 8A;
    6937 : 6B;
    6938 : A0;
    6939 : 8C;
    6940 : 82;
    6941 : 95;
    6942 : A9;
    6943 : 31;
    6944 : 59;
    6945 : CA;
    6946 : 40;
    6947 : B3;
    6948 : B8;
    6949 : 4B;
    6950 : 04;
    6951 : 88;
    6952 : 1A;
    6953 : 27;
    6954 : 8A;
    6955 : 8A;
    6956 : 88;
    6957 : C2;
    6958 : 10;
    6959 : A2;
    6960 : 18;
    6961 : 7B;
    6962 : 81;
    6963 : BA;
    6964 : 99;
    6965 : 07;
    6966 : 0A;
    6967 : 38;
    6968 : 11;
    6969 : F9;
    6970 : 29;
    6971 : 13;
    6972 : CA;
    6973 : 4C;
    6974 : 03;
    6975 : C8;
    6976 : 9B;
    6977 : 16;
    6978 : 8A;
    6979 : 19;
    6980 : 41;
    6981 : A8;
    6982 : 90;
    6983 : 00;
    6984 : A0;
    6985 : 1A;
    6986 : 88;
    6987 : 81;
    6988 : BF;
    6989 : 52;
    6990 : 8B;
    6991 : A9;
    6992 : 05;
    6993 : C1;
    6994 : 30;
    6995 : 71;
    6996 : B9;
    6997 : 2B;
    6998 : 15;
    6999 : B1;
    7000 : 9C;
    7001 : 34;
    7002 : A9;
    7003 : CA;
    7004 : 43;
    7005 : A0;
    7006 : 89;
    7007 : 78;
    7008 : 91;
    7009 : 89;
    7010 : 81;
    7011 : 04;
    7012 : 8B;
    7013 : 39;
    7014 : 19;
    7015 : F9;
    7016 : 12;
    7017 : 99;
    7018 : 99;
    7019 : 68;
    7020 : A8;
    7021 : 08;
    7022 : 44;
    7023 : A0;
    7024 : 8E;
    7025 : 21;
    7026 : B1;
    7027 : DA;
    7028 : 42;
    7029 : 88;
    7030 : BA;
    7031 : 68;
    7032 : B1;
    7033 : A8;
    7034 : 20;
    7035 : 15;
    7036 : AA;
    7037 : 98;
    7038 : 22;
    7039 : C9;
    7040 : 31;
    7041 : 48;
    7042 : C1;
    7043 : 49;
    7044 : D1;
    7045 : 90;
    7046 : 49;
    7047 : 82;
    7048 : 0B;
    7049 : 18;
    7050 : A5;
    7051 : DB;
    7052 : 42;
    7053 : 10;
    7054 : B9;
    7055 : 79;
    7056 : 91;
    7057 : B8;
    7058 : 49;
    7059 : 12;
    7060 : AB;
    7061 : 1A;
    7062 : 17;
    7063 : B9;
    7064 : 0A;
    7065 : 58;
    7066 : A8;
    7067 : 4A;
    7068 : A0;
    7069 : B4;
    7070 : 3A;
    7071 : 02;
    7072 : 1D;
    7073 : 8B;
    7074 : 84;
    7075 : AA;
    7076 : 13;
    7077 : 38;
    7078 : BF;
    7079 : 40;
    7080 : A3;
    7081 : E1;
    7082 : 48;
    7083 : 10;
    7084 : 89;
    7085 : 9A;
    7086 : 87;
    7087 : 90;
    7088 : 1A;
    7089 : 41;
    7090 : B9;
    7091 : 98;
    7092 : 02;
    7093 : B3;
    7094 : 4D;
    7095 : 88;
    7096 : 91;
    7097 : B9;
    7098 : 85;
    7099 : 39;
    7100 : 1B;
    7101 : 41;
    7102 : E8;
    7103 : 02;
    7104 : 82;
    7105 : C8;
    7106 : 4E;
    7107 : 81;
    7108 : B1;
    7109 : 8B;
    7110 : 05;
    7111 : 18;
    7112 : 9B;
    7113 : 34;
    7114 : C1;
    7115 : A9;
    7116 : 71;
    7117 : 88;
    7118 : 8A;
    7119 : 91;
    7120 : 95;
    7121 : 9B;
    7122 : 01;
    7123 : 39;
    7124 : 8E;
    7125 : 83;
    7126 : 98;
    7127 : A8;
    7128 : 62;
    7129 : AA;
    7130 : 00;
    7131 : 86;
    7132 : A0;
    7133 : 1C;
    7134 : 20;
    7135 : 89;
    7136 : DA;
    7137 : 06;
    7138 : 08;
    7139 : A8;
    7140 : 78;
    7141 : 98;
    7142 : A0;
    7143 : 21;
    7144 : 84;
    7145 : 8B;
    7146 : 1A;
    7147 : 03;
    7148 : D0;
    7149 : 03;
    7150 : 48;
    7151 : 9C;
    7152 : 48;
    7153 : B0;
    7154 : E3;
    7155 : 21;
    7156 : 80;
    7157 : 0A;
    7158 : 19;
    7159 : B3;
    7160 : BB;
    7161 : 45;
    7162 : 28;
    7163 : FB;
    7164 : 18;
    7165 : A2;
    7166 : C8;
    7167 : 7A;
    7168 : 00;
    7169 : A9;
    7170 : 09;
    7171 : 86;
    7172 : 98;
    7173 : 19;
    7174 : 31;
    7175 : D8;
    7176 : 08;
    7177 : 11;
    7178 : A8;
    7179 : 4C;
    7180 : A3;
    7181 : B3;
    7182 : 8C;
    7183 : 14;
    7184 : 2B;
    7185 : 1B;
    7186 : 04;
    7187 : F0;
    7188 : 80;
    7189 : 32;
    7190 : AA;
    7191 : 1C;
    7192 : 05;
    7193 : A1;
    7194 : 0E;
    7195 : 31;
    7196 : 9A;
    7197 : C8;
    7198 : 16;
    7199 : 90;
    7200 : 8A;
    7201 : 68;
    7202 : A0;
    7203 : 98;
    7204 : 82;
    7205 : 03;
    7206 : 8F;
    7207 : 10;
    7208 : 81;
    7209 : C8;
    7210 : 22;
    7211 : 29;
    7212 : AB;
    7213 : 49;
    7214 : E4;
    7215 : 98;
    7216 : 31;
    7217 : 00;
    7218 : 8E;
    7219 : 18;
    7220 : 82;
    7221 : B9;
    7222 : 61;
    7223 : 08;
    7224 : C9;
    7225 : 20;
    7226 : A5;
    7227 : 99;
    7228 : 5B;
    7229 : 12;
    7230 : B9;
    7231 : B8;
    7232 : 07;
    7233 : 89;
    7234 : 3A;
    7235 : 30;
    7236 : F0;
    7237 : 09;
    7238 : 01;
    7239 : 08;
    7240 : 4B;
    7241 : 03;
    7242 : B0;
    7243 : A0;
    7244 : 46;
    7245 : 0C;
    7246 : 09;
    7247 : 93;
    7248 : F3;
    7249 : 88;
    7250 : 31;
    7251 : 8C;
    7252 : 1B;
    7253 : 84;
    7254 : B2;
    7255 : 9B;
    7256 : 71;
    7257 : 89;
    7258 : A9;
    7259 : 14;
    7260 : A0;
    7261 : 2B;
    7262 : 7A;
    7263 : A0;
    7264 : 98;
    7265 : 84;
    7266 : 81;
    7267 : 0D;
    7268 : 39;
    7269 : A8;
    7270 : C1;
    7271 : 15;
    7272 : 8A;
    7273 : 0B;
    7274 : 6A;
    7275 : E3;
    7276 : 88;
    7277 : 12;
    7278 : 20;
    7279 : 8E;
    7280 : 20;
    7281 : 91;
    7282 : C2;
    7283 : 30;
    7284 : 11;
    7285 : 0D;
    7286 : 0A;
    7287 : 83;
    7288 : B0;
    7289 : 41;
    7290 : 18;
    7291 : AB;
    7292 : 19;
    7293 : 97;
    7294 : 0B;
    7295 : 50;
    7296 : 28;
    7297 : CC;
    7298 : 20;
    7299 : 93;
    7300 : B9;
    7301 : 2E;
    7302 : 05;
    7303 : 9A;
    7304 : 98;
    7305 : 42;
    7306 : BA;
    7307 : 30;
    7308 : 90;
    7309 : D3;
    7310 : 4B;
    7311 : 83;
    7312 : 0E;
    7313 : 08;
    7314 : 04;
    7315 : EA;
    7316 : 18;
    7317 : 21;
    7318 : A9;
    7319 : 0B;
    7320 : 07;
    7321 : 90;
    7322 : 0A;
    7323 : 48;
    7324 : B0;
    7325 : 80;
    7326 : A3;
    7327 : 00;
    7328 : 1F;
    7329 : 11;
    7330 : 9C;
    7331 : 83;
    7332 : 24;
    7333 : DA;
    7334 : 5A;
    7335 : 01;
    7336 : C1;
    7337 : 8A;
    7338 : 16;
    7339 : 09;
    7340 : 9B;
    7341 : 41;
    7342 : C1;
    7343 : 80;
    7344 : 10;
    7345 : 81;
    7346 : 1C;
    7347 : 00;
    7348 : A0;
    7349 : 81;
    7350 : 44;
    7351 : CA;
    7352 : 2B;
    7353 : 23;
    7354 : F2;
    7355 : 9B;
    7356 : 44;
    7357 : 99;
    7358 : AA;
    7359 : 50;
    7360 : C3;
    7361 : 89;
    7362 : 28;
    7363 : 11;
    7364 : 9E;
    7365 : 02;
    7366 : 88;
    7367 : B0;
    7368 : 72;
    7369 : A9;
    7370 : 19;
    7371 : 30;
    7372 : B4;
    7373 : 9D;
    7374 : 33;
    7375 : 81;
    7376 : DB;
    7377 : 40;
    7378 : A3;
    7379 : A9;
    7380 : 38;
    7381 : 23;
    7382 : BD;
    7383 : 30;
    7384 : C2;
    7385 : A0;
    7386 : 78;
    7387 : 90;
    7388 : 0D;
    7389 : 20;
    7390 : A4;
    7391 : CB;
    7392 : 52;
    7393 : 00;
    7394 : CA;
    7395 : 49;
    7396 : 93;
    7397 : 9A;
    7398 : 2B;
    7399 : 25;
    7400 : BB;
    7401 : 08;
    7402 : 83;
    7403 : D2;
    7404 : 59;
    7405 : 80;
    7406 : 0A;
    7407 : 18;
    7408 : 97;
    7409 : AA;
    7410 : 41;
    7411 : 01;
    7412 : CA;
    7413 : 3A;
    7414 : 87;
    7415 : 99;
    7416 : 2A;
    7417 : 32;
    7418 : DA;
    7419 : 08;
    7420 : 82;
    7421 : 91;
    7422 : 2E;
    7423 : 82;
    7424 : 8A;
    7425 : A8;
    7426 : 07;
    7427 : AA;
    7428 : 48;
    7429 : 10;
    7430 : C8;
    7431 : 1B;
    7432 : 87;
    7433 : 88;
    7434 : 8A;
    7435 : 33;
    7436 : A9;
    7437 : A9;
    7438 : 04;
    7439 : 91;
    7440 : 2D;
    7441 : 02;
    7442 : 9A;
    7443 : B8;
    7444 : 17;
    7445 : B9;
    7446 : 5A;
    7447 : 31;
    7448 : B8;
    7449 : 8D;
    7450 : 07;
    7451 : 89;
    7452 : 99;
    7453 : 52;
    7454 : 98;
    7455 : 99;
    7456 : 18;
    7457 : 02;
    7458 : 0D;
    7459 : 01;
    7460 : 19;
    7461 : F9;
    7462 : 11;
    7463 : 99;
    7464 : 39;
    7465 : 30;
    7466 : B1;
    7467 : 8B;
    7468 : 27;
    7469 : 89;
    7470 : 9D;
    7471 : 42;
    7472 : A1;
    7473 : 99;
    7474 : 40;
    7475 : 11;
    7476 : 9F;
    7477 : 80;
    7478 : 01;
    7479 : C1;
    7480 : 41;
    7481 : 08;
    7482 : 18;
    7483 : 99;
    7484 : C3;
    7485 : 8C;
    7486 : 25;
    7487 : 19;
    7488 : E9;
    7489 : 11;
    7490 : A0;
    7491 : 99;
    7492 : 4A;
    7493 : 02;
    7494 : B9;
    7495 : 95;
    7496 : 10;
    7497 : AB;
    7498 : 7A;
    7499 : 80;
    7500 : 91;
    7501 : 82;
    7502 : 82;
    7503 : 9F;
    7504 : 30;
    7505 : 88;
    7506 : F1;
    7507 : 30;
    7508 : 01;
    7509 : 8B;
    7510 : 0D;
    7511 : 04;
    7512 : B0;
    7513 : 02;
    7514 : 6A;
    7515 : 99;
    7516 : 29;
    7517 : E0;
    7518 : 83;
    7519 : 28;
    7520 : 00;
    7521 : 0D;
    7522 : 00;
    7523 : B1;
    7524 : F0;
    7525 : 40;
    7526 : 08;
    7527 : 99;
    7528 : 1A;
    7529 : 97;
    7530 : 90;
    7531 : 29;
    7532 : 59;
    7533 : A8;
    7534 : 98;
    7535 : B3;
    7536 : 22;
    7537 : 3C;
    7538 : 10;
    7539 : AA;
    7540 : A3;
    7541 : 95;
    7542 : 99;
    7543 : 7E;
    7544 : 80;
    7545 : A0;
    7546 : 98;
    7547 : 85;
    7548 : 0A;
    7549 : 2A;
    7550 : 10;
    7551 : F2;
    7552 : 09;
    7553 : 01;
    7554 : 19;
    7555 : 0C;
    7556 : 85;
    7557 : 80;
    7558 : 89;
    7559 : 58;
    7560 : 99;
    7561 : 09;
    7562 : 86;
    7563 : 92;
    7564 : 9C;
    7565 : 40;
    7566 : 99;
    7567 : B8;
    7568 : 13;
    7569 : 04;
    7570 : 0C;
    7571 : 09;
    7572 : 81;
    7573 : F1;
    7574 : 23;
    7575 : 3A;
    7576 : 1B;
    7577 : 3B;
    7578 : F5;
    7579 : 90;
    7580 : 11;
    7581 : 38;
    7582 : 9E;
    7583 : 02;
    7584 : B3;
    7585 : C0;
    7586 : 69;
    7587 : 10;
    7588 : 9A;
    7589 : 98;
    7590 : 86;
    7591 : 99;
    7592 : 3A;
    7593 : 39;
    7594 : D0;
    7595 : A0;
    7596 : 85;
    7597 : 29;
    7598 : 3B;
    7599 : 39;
    7600 : F8;
    7601 : 92;
    7602 : 03;
    7603 : 2A;
    7604 : 3E;
    7605 : 92;
    7606 : D0;
    7607 : A0;
    7608 : 52;
    7609 : 0B;
    7610 : 2A;
    7611 : 90;
    7612 : F3;
    7613 : 98;
    7614 : 41;
    7615 : 2A;
    7616 : 0A;
    7617 : 04;
    7618 : D2;
    7619 : 08;
    7620 : 69;
    7621 : 88;
    7622 : A9;
    7623 : 83;
    7624 : A1;
    7625 : AA;
    7626 : 5D;
    7627 : 90;
    7628 : B0;
    7629 : 12;
    7630 : 04;
    7631 : 8C;
    7632 : 3A;
    7633 : 81;
    7634 : D1;
    7635 : 32;
    7636 : 98;
    7637 : 0C;
    7638 : 3A;
    7639 : 97;
    7640 : 88;
    7641 : 51;
    7642 : 28;
    7643 : BC;
    7644 : 20;
    7645 : A4;
    7646 : C9;
    7647 : 2C;
    7648 : 00;
    7649 : BB;
    7650 : 90;
    7651 : 17;
    7652 : 88;
    7653 : 4A;
    7654 : 01;
    7655 : C0;
    7656 : 90;
    7657 : 06;
    7658 : 19;
    7659 : 3B;
    7660 : 00;
    7661 : F0;
    7662 : 08;
    7663 : 12;
    7664 : 1B;
    7665 : 2C;
    7666 : 84;
    7667 : C0;
    7668 : 80;
    7669 : 72;
    7670 : 89;
    7671 : 2A;
    7672 : 92;
    7673 : E2;
    7674 : 89;
    7675 : 31;
    7676 : 0B;
    7677 : 8A;
    7678 : 06;
    7679 : C1;
    7680 : 09;
    7681 : 58;
    7682 : 89;
    7683 : A9;
    7684 : 05;
    7685 : A0;
    7686 : 8A;
    7687 : 49;
    7688 : B9;
    7689 : A9;
    7690 : 87;
    7691 : 91;
    7692 : 0C;
    7693 : 30;
    7694 : B9;
    7695 : A1;
    7696 : 16;
    7697 : A0;
    7698 : 2B;
    7699 : 51;
    7700 : B1;
    7701 : A9;
    7702 : 27;
    7703 : 80;
    7704 : 9A;
    7705 : 40;
    7706 : C2;
    7707 : 98;
    7708 : 11;
    7709 : 80;
    7710 : 8F;
    7711 : 10;
    7712 : C0;
    7713 : 80;
    7714 : 51;
    7715 : 80;
    7716 : 8B;
    7717 : 22;
    7718 : D2;
    7719 : AA;
    7720 : 62;
    7721 : 98;
    7722 : 9A;
    7723 : 42;
    7724 : C3;
    7725 : 8B;
    7726 : 41;
    7727 : 82;
    7728 : AC;
    7729 : 32;
    7730 : A1;
    7731 : BB;
    7732 : 78;
    7733 : A3;
    7734 : AC;
    7735 : 21;
    7736 : 85;
    7737 : 9D;
    7738 : 20;
    7739 : 92;
    7740 : D9;
    7741 : 20;
    7742 : 93;
    7743 : 9B;
    7744 : 68;
    7745 : 02;
    7746 : B9;
    7747 : 30;
    7748 : 94;
    7749 : AC;
    7750 : 5A;
    7751 : A3;
    7752 : CB;
    7753 : 28;
    7754 : 05;
    7755 : AC;
    7756 : 48;
    7757 : 02;
    7758 : BA;
    7759 : 3A;
    7760 : 17;
    7761 : 9A;
    7762 : 18;
    7763 : 13;
    7764 : CA;
    7765 : 18;
    7766 : 14;
    7767 : BA;
    7768 : 4B;
    7769 : 85;
    7770 : AA;
    7771 : 09;
    7772 : 17;
    7773 : AA;
    7774 : 28;
    7775 : 84;
    7776 : D9;
    7777 : 09;
    7778 : 23;
    7779 : AB;
    7780 : 1C;
    7781 : 05;
    7782 : C8;
    7783 : 09;
    7784 : 32;
    7785 : A9;
    7786 : 1C;
    7787 : 16;
    7788 : A8;
    7789 : 99;
    7790 : 54;
    7791 : 99;
    7792 : 09;
    7793 : 14;
    7794 : C0;
    7795 : 8B;
    7796 : 42;
    7797 : 8A;
    7798 : AB;
    7799 : 25;
    7800 : B0;
    7801 : 8B;
    7802 : 60;
    7803 : 98;
    7804 : 9A;
    7805 : 16;
    7806 : 90;
    7807 : 8B;
    7808 : 71;
    7809 : A8;
    7810 : 89;
    7811 : 13;
    7812 : A1;
    7813 : 9E;
    7814 : 40;
    7815 : 88;
    7816 : B9;
    7817 : 43;
    7818 : 92;
    7819 : 9A;
    7820 : 69;
    7821 : 81;
    7822 : AA;
    7823 : 23;
    7824 : 80;
    7825 : CC;
    7826 : 69;
    7827 : A8;
    7828 : A8;
    7829 : 32;
    7830 : 83;
    7831 : 9E;
    7832 : 68;
    7833 : 80;
    7834 : B9;
    7835 : 32;
    7836 : 83;
    7837 : AB;
    7838 : 4D;
    7839 : 92;
    7840 : E9;
    7841 : 01;
    7842 : 01;
    7843 : 99;
    7844 : 4C;
    7845 : 91;
    7846 : C0;
    7847 : 11;
    7848 : 13;
    7849 : 8C;
    7850 : 5B;
    7851 : 92;
    7852 : E1;
    7853 : 10;
    7854 : 02;
    7855 : 8A;
    7856 : 2D;
    7857 : 92;
    7858 : D0;
    7859 : 10;
    7860 : 21;
    7861 : 8A;
    7862 : 4C;
    7863 : 92;
    7864 : C1;
    7865 : 28;
    7866 : 31;
    7867 : 8E;
    7868 : 1A;
    7869 : 94;
    7870 : E1;
    7871 : 29;
    7872 : 20;
    7873 : 8A;
    7874 : 8C;
    7875 : 84;
    7876 : A1;
    7877 : 29;
    7878 : 59;
    7879 : 09;
    7880 : 8A;
    7881 : 87;
    7882 : 80;
    7883 : 2A;
    7884 : 30;
    7885 : BB;
    7886 : A9;
    7887 : 87;
    7888 : A0;
    7889 : 3C;
    7890 : 21;
    7891 : B8;
    7892 : BC;
    7893 : 07;
    7894 : 00;
    7895 : 1B;
    7896 : 20;
    7897 : B1;
    7898 : BA;
    7899 : 87;
    7900 : 10;
    7901 : 2D;
    7902 : 00;
    7903 : B0;
    7904 : B0;
    7905 : 15;
    7906 : 19;
    7907 : 2E;
    7908 : 02;
    7909 : A1;
    7910 : BA;
    7911 : 35;
    7912 : 1A;
    7913 : 0D;
    7914 : 81;
    7915 : C3;
    7916 : AA;
    7917 : 33;
    7918 : 2C;
    7919 : 8D;
    7920 : 84;
    7921 : A0;
    7922 : 9A;
    7923 : 70;
    7924 : 09;
    7925 : 8A;
    7926 : 85;
    7927 : 82;
    7928 : AB;
    7929 : 70;
    7930 : 08;
    7931 : A9;
    7932 : 84;
    7933 : 01;
    7934 : 9B;
    7935 : 49;
    7936 : 0A;
    7937 : D0;
    7938 : 85;
    7939 : 88;
    7940 : 8A;
    7941 : 48;
    7942 : A8;
    7943 : C8;
    7944 : 16;
    7945 : 18;
    7946 : AA;
    7947 : 58;
    7948 : 90;
    7949 : C0;
    7950 : 22;
    7951 : 20;
    7952 : 9C;
    7953 : 29;
    7954 : 92;
    7955 : D1;
    7956 : 42;
    7957 : 2A;
    7958 : A9;
    7959 : 3A;
    7960 : F3;
    7961 : B8;
    7962 : 61;
    7963 : 18;
    7964 : BB;
    7965 : 28;
    7966 : A4;
    7967 : C8;
    7968 : 59;
    7969 : 20;
    7970 : B8;
    7971 : 09;
    7972 : 85;
    7973 : 90;
    7974 : 7B;
    7975 : 00;
    7976 : B8;
    7977 : A3;
    7978 : A6;
    7979 : 0D;
    7980 : 38;
    7981 : 21;
    7982 : A8;
    7983 : 8C;
    7984 : 38;
    7985 : E2;
    7986 : 0D;
    7987 : 01;
    7988 : 82;
    7989 : 08;
    7990 : 16;
    7991 : 89;
    7992 : 0B;
    7993 : 82;
    7994 : C8;
    7995 : 9B;
    7996 : 12;
    7997 : 3D;
    7998 : 31;
    7999 : 26;
    8000 : 90;
    8001 : B9;
    8002 : 2E;
    8003 : 91;
    8004 : A9;
    8005 : B3;
    8006 : 62;
    8007 : AC;
    8008 : 68;
    8009 : 01;
    8010 : 9A;
    8011 : 01;
    8012 : B0;
    8013 : 1C;
    8014 : 21;
    8015 : 99;
    8016 : B8;
    8017 : 34;
    8018 : 21;
    8019 : 1B;
    8020 : 35;
    8021 : EA;
    8022 : B0;
    8023 : 80;
    8024 : 4B;
    8025 : E9;
    8026 : 29;
    8027 : 87;
    8028 : 89;
    8029 : 40;
    8030 : 83;
    8031 : 8A;
    8032 : 1A;
    8033 : C3;
    8034 : 9C;
    8035 : 3A;
    8036 : 85;
    8037 : B8;
    8038 : 4B;
    8039 : 96;
    8040 : 0B;
    8041 : 38;
    8042 : 01;
    8043 : D9;
    8044 : 9A;
    8045 : 05;
    8046 : 18;
    8047 : 1B;
    8048 : 83;
    8049 : 87;
    8050 : 9B;
    8051 : 15;
    8052 : 8A;
    8053 : 0C;
    8054 : 82;
    8055 : B8;
    8056 : 0A;
    8057 : 55;
    8058 : 0A;
    8059 : 0B;
    8060 : 83;
    8061 : A6;
    8062 : 0B;
    8063 : 12;
    8064 : 0A;
    8065 : 8C;
    8066 : 15;
    8067 : 81;
    8068 : CB;
    8069 : 79;
    8070 : A0;
    8071 : 91;
    8072 : A1;
    8073 : 12;
    8074 : 8E;
    8075 : 21;
    8076 : 99;
    8077 : A1;
    8078 : 17;
    8079 : 98;
    8080 : AB;
    8081 : 49;
    8082 : B2;
    8083 : A9;
    8084 : 14;
    8085 : 50;
    8086 : 8C;
    8087 : 48;
    8088 : B0;
    8089 : A0;
    8090 : 23;
    8091 : 39;
    8092 : BC;
    8093 : 39;
    8094 : C7;
    8095 : 90;
    8096 : 40;
    8097 : 30;
    8098 : BB;
    8099 : 20;
    8100 : B5;
    8101 : B0;
    8102 : 79;
    8103 : 88;
    8104 : A9;
    8105 : 08;
    8106 : 95;
    8107 : 09;
    8108 : 1B;
    8109 : 60;
    8110 : C0;
    8111 : 00;
    8112 : 81;
    8113 : 89;
    8114 : 7A;
    8115 : 90;
    8116 : A8;
    8117 : 09;
    8118 : 06;
    8119 : 09;
    8120 : 19;
    8121 : 20;
    8122 : F2;
    8123 : 09;
    8124 : 03;
    8125 : 19;
    8126 : 2A;
    8127 : B3;
    8128 : F1;
    8129 : 8A;
    8130 : 23;
    8131 : 1D;
    8132 : 09;
    8133 : 13;
    8134 : F3;
    8135 : 89;
    8136 : 21;
    8137 : 8A;
    8138 : 1A;
    8139 : 97;
    8140 : B0;
    8141 : 0A;
    8142 : 42;
    8143 : 0C;
    8144 : 98;
    8145 : 43;
    8146 : 94;
    8147 : 0B;
    8148 : 28;
    8149 : BA;
    8150 : 90;
    8151 : 07;
    8152 : 99;
    8153 : 9B;
    8154 : 71;
    8155 : A8;
    8156 : 90;
    8157 : 22;
    8158 : 85;
    8159 : 0D;
    8160 : 21;
    8161 : A9;
    8162 : C8;
    8163 : 23;
    8164 : 80;
    8165 : 9E;
    8166 : 50;
    8167 : A0;
    8168 : A8;
    8169 : 11;
    8170 : 02;
    8171 : 9D;
    8172 : 32;
    8173 : B1;
    8174 : C8;
    8175 : 53;
    8176 : 98;
    8177 : AD;
    8178 : 50;
    8179 : 91;
    8180 : A9;
    8181 : 48;
    8182 : 13;
    8183 : AC;
    8184 : 38;
    8185 : 92;
    8186 : AA;
    8187 : 54;
    8188 : 88;
    8189 : AD;
    8190 : 59;
    8191 : 91;
    8192 : 89;
    8193 : 28;
    8194 : 06;
    8195 : AA;
    8196 : 10;
    8197 : 91;
    8198 : CA;
    8199 : 79;
    8200 : 00;
    8201 : A9;
    8202 : 3A;
    8203 : 85;
    8204 : 9A;
    8205 : 18;
    8206 : 24;
    8207 : D9;
    8208 : 19;
    8209 : 83;
    8210 : B9;
    8211 : 7B;
    8212 : 01;
    8213 : AA;
    8214 : 3A;
    8215 : 87;
    8216 : 99;
    8217 : 0A;
    8218 : 34;
    8219 : A9;
    8220 : 09;
    8221 : 03;
    8222 : B8;
    8223 : 5D;
    8224 : 81;
    8225 : C9;
    8226 : 0B;
    8227 : 07;
    8228 : 89;
    8229 : 1A;
    8230 : 42;
    8231 : C9;
    8232 : 08;
    8233 : 13;
    8234 : A9;
    8235 : 2E;
    8236 : 03;
    8237 : B9;
    8238 : 8C;
    8239 : 16;
    8240 : 89;
    8241 : 09;
    8242 : 41;
    8243 : B1;
    8244 : 8B;
    8245 : 22;
    8246 : 0A;
    8247 : 2D;
    8248 : 06;
    8249 : A9;
    8250 : AA;
    8251 : 25;
    8252 : 9A;
    8253 : 8B;
    8254 : 52;
    8255 : A2;
    8256 : 9B;
    8257 : 41;
    8258 : 98;
    8259 : 0E;
    8260 : 14;
    8261 : A0;
    8262 : DB;
    8263 : 33;
    8264 : 08;
    8265 : 9B;
    8266 : 60;
    8267 : A3;
    8268 : 8B;
    8269 : 31;
    8270 : 98;
    8271 : 9F;
    8272 : 04;
    8273 : 91;
    8274 : DA;
    8275 : 42;
    8276 : 88;
    8277 : A9;
    8278 : 30;
    8279 : 95;
    8280 : 9B;
    8281 : 20;
    8282 : 08;
    8283 : CB;
    8284 : 15;
    8285 : A0;
    8286 : C9;
    8287 : 71;
    8288 : 80;
    8289 : A9;
    8290 : 10;
    8291 : 05;
    8292 : B9;
    8293 : 28;
    8294 : 10;
    8295 : C9;
    8296 : 04;
    8297 : 80;
    8298 : DB;
    8299 : 69;
    8300 : 08;
    8301 : A8;
    8302 : 18;
    8303 : 04;
    8304 : 9A;
    8305 : 38;
    8306 : 80;
    8307 : F8;
    8308 : 31;
    8309 : 81;
    8310 : CB;
    8311 : 5C;
    8312 : 92;
    8313 : B0;
    8314 : 08;
    8315 : 44;
    8316 : 9A;
    8317 : 09;
    8318 : 91;
    8319 : E2;
    8320 : 31;
    8321 : 09;
    8322 : AA;
    8323 : 4D;
    8324 : 93;
    8325 : B0;
    8326 : 1A;
    8327 : 64;
    8328 : A9;
    8329 : 98;
    8330 : 93;
    8331 : E0;
    8332 : 48;
    8333 : 18;
    8334 : A9;
    8335 : 1B;
    8336 : 86;
    8337 : 91;
    8338 : 0B;
    8339 : 42;
    8340 : B8;
    8341 : 90;
    8342 : 84;
    8343 : B0;
    8344 : 6D;
    8345 : 00;
    8346 : A8;
    8347 : 0B;
    8348 : 86;
    8349 : 80;
    8350 : 0B;
    8351 : 42;
    8352 : D1;
    8353 : 98;
    8354 : 12;
    8355 : 19;
    8356 : 2E;
    8357 : 92;
    8358 : 98;
    8359 : AB;
    8360 : 17;
    8361 : 09;
    8362 : 9C;
    8363 : 12;
    8364 : 94;
    8365 : 8A;
    8366 : 48;
    8367 : 19;
    8368 : 0A;
    8369 : 16;
    8370 : 88;
    8371 : 9D;
    8372 : 21;
    8373 : 18;
    8374 : EA;
    8375 : 10;
    8376 : 08;
    8377 : 09;
    8378 : 31;
    8379 : 8D;
    8380 : D9;
    8381 : 93;
    8382 : 51;
    8383 : 8B;
    8384 : 62;
    8385 : 81;
    8386 : B0;
    8387 : 51;
    8388 : 81;
    8389 : BB;
    8390 : 89;
    8391 : A1;
    8392 : AC;
    8393 : 98;
    8394 : 28;
    8395 : 8A;
    8396 : 83;
    8397 : F5;
    8398 : 88;
    8399 : 79;
    8400 : 11;
    8401 : AA;
    8402 : A0;
    8403 : 15;
    8404 : A0;
    8405 : 5B;
    8406 : 30;
    8407 : D1;
    8408 : 80;
    8409 : 94;
    8410 : 88;
    8411 : 2E;
    8412 : 04;
    8413 : A0;
    8414 : 09;
    8415 : 32;
    8416 : 1C;
    8417 : 89;
    8418 : 81;
    8419 : E0;
    8420 : 82;
    8421 : 08;
    8422 : 1D;
    8423 : 3B;
    8424 : 84;
    8425 : F1;
    8426 : 9A;
    8427 : 49;
    8428 : 80;
    8429 : 99;
    8430 : A0;
    8431 : 94;
    8432 : 19;
    8433 : 41;
    8434 : 0A;
    8435 : BC;
    8436 : 17;
    8437 : 90;
    8438 : 9B;
    8439 : 58;
    8440 : A0;
    8441 : 92;
    8442 : 12;
    8443 : 90;
    8444 : 4C;
    8445 : 4A;
    8446 : A2;
    8447 : B1;
    8448 : 24;
    8449 : 22;
    8450 : 9F;
    8451 : 1A;
    8452 : 93;
    8453 : D8;
    8454 : 29;
    8455 : 38;
    8456 : AD;
    8457 : 20;
    8458 : A5;
    8459 : B0;
    8460 : 78;
    8461 : 00;
    8462 : B9;
    8463 : 00;
    8464 : 97;
    8465 : 09;
    8466 : 3A;
    8467 : 18;
    8468 : 8A;
    8469 : B1;
    8470 : 87;
    8471 : 89;
    8472 : 4A;
    8473 : 20;
    8474 : B8;
    8475 : 90;
    8476 : 35;
    8477 : 89;
    8478 : 1C;
    8479 : 01;
    8480 : F2;
    8481 : 89;
    8482 : 32;
    8483 : 8A;
    8484 : 3E;
    8485 : A3;
    8486 : F1;
    8487 : 08;
    8488 : 31;
    8489 : 1C;
    8490 : 9A;
    8491 : 83;
    8492 : A0;
    8493 : A1;
    8494 : 68;
    8495 : 8A;
    8496 : 09;
    8497 : 04;
    8498 : C2;
    8499 : 0B;
    8500 : 78;
    8501 : 90;
    8502 : A9;
    8503 : 03;
    8504 : 02;
    8505 : 0F;
    8506 : 38;
    8507 : A0;
    8508 : A9;
    8509 : 27;
    8510 : 80;
    8511 : 0D;
    8512 : 30;
    8513 : B8;
    8514 : D1;
    8515 : 12;
    8516 : 09;
    8517 : 08;
    8518 : 39;
    8519 : E1;
    8520 : A1;
    8521 : 23;
    8522 : 18;
    8523 : 9F;
    8524 : 28;
    8525 : A4;
    8526 : B8;
    8527 : 49;
    8528 : 28;
    8529 : 9D;
    8530 : 11;
    8531 : C3;
    8532 : C9;
    8533 : 62;
    8534 : 08;
    8535 : 9A;
    8536 : 11;
    8537 : B4;
    8538 : 90;
    8539 : 69;
    8540 : 88;
    8541 : 89;
    8542 : 00;
    8543 : A3;
    8544 : 8B;
    8545 : 69;
    8546 : 10;
    8547 : DA;
    8548 : 01;
    8549 : 05;
    8550 : 8A;
    8551 : 4B;
    8552 : 01;
    8553 : D8;
    8554 : 10;
    8555 : 83;
    8556 : BC;
    8557 : 7A;
    8558 : 81;
    8559 : B9;
    8560 : 28;
    8561 : 86;
    8562 : 0A;
    8563 : 3A;
    8564 : A2;
    8565 : 8A;
    8566 : 88;
    8567 : 86;
    8568 : 8B;
    8569 : 59;
    8570 : 01;
    8571 : E9;
    8572 : 08;
    8573 : 32;
    8574 : 9A;
    8575 : 2B;
    8576 : 04;
    8577 : B0;
    8578 : 2B;
    8579 : 27;
    8580 : 9B;
    8581 : 3D;
    8582 : 05;
    8583 : C8;
    8584 : 89;
    8585 : 23;
    8586 : 8B;
    8587 : 0B;
    8588 : 85;
    8589 : 99;
    8590 : 98;
    8591 : 24;
    8592 : AC;
    8593 : 39;
    8594 : 05;
    8595 : C1;
    8596 : 8A;
    8597 : 43;
    8598 : 88;
    8599 : 9C;
    8600 : 04;
    8601 : 91;
    8602 : 8D;
    8603 : 43;
    8604 : 99;
    8605 : 8C;
    8606 : 06;
    8607 : A0;
    8608 : 9A;
    8609 : 53;
    8610 : 99;
    8611 : 89;
    8612 : 13;
    8613 : C8;
    8614 : 98;
    8615 : 62;
    8616 : 9A;
    8617 : 0B;
    8618 : 14;
    8619 : 91;
    8620 : AD;
    8621 : 40;
    8622 : 81;
    8623 : BA;
    8624 : 33;
    8625 : 00;
    8626 : CC;
    8627 : 70;
    8628 : A0;
    8629 : AA;
    8630 : 34;
    8631 : 90;
    8632 : AC;
    8633 : 60;
    8634 : 90;
    8635 : A9;
    8636 : 32;
    8637 : A1;
    8638 : 8A;
    8639 : 79;
    8640 : 90;
    8641 : AA;
    8642 : 24;
    8643 : 01;
    8644 : BB;
    8645 : 68;
    8646 : 01;
    8647 : D9;
    8648 : 20;
    8649 : 01;
    8650 : B9;
    8651 : 6B;
    8652 : 92;
    8653 : E9;
    8654 : 40;
    8655 : 01;
    8656 : AA;
    8657 : 3A;
    8658 : 95;
    8659 : B9;
    8660 : 20;
    8661 : 82;
    8662 : 0C;
    8663 : 4A;
    8664 : A3;
    8665 : EA;
    8666 : 31;
    8667 : 11;
    8668 : BB;
    8669 : 3D;
    8670 : 83;
    8671 : E2;
    8672 : 29;
    8673 : 11;
    8674 : 09;
    8675 : 1F;
    8676 : 94;
    8677 : B0;
    8678 : 39;
    8679 : 23;
    8680 : CB;
    8681 : 0C;
    8682 : 86;
    8683 : A8;
    8684 : 28;
    8685 : 20;
    8686 : 8D;
    8687 : 08;
    8688 : 95;
    8689 : B0;
    8690 : 58;
    8691 : 28;
    8692 : A8;
    8693 : 8A;
    8694 : 95;
    8695 : 82;
    8696 : 2B;
    8697 : 30;
    8698 : 8A;
    8699 : CC;
    8700 : 87;
    8701 : 88;
    8702 : 2B;
    8703 : 42;
    8704 : B8;
    8705 : BA;
    8706 : 07;
    8707 : 88;
    8708 : 3B;
    8709 : 28;
    8710 : C8;
    8711 : 90;
    8712 : 05;
    8713 : 8A;
    8714 : 3D;
    8715 : 01;
    8716 : A1;
    8717 : CA;
    8718 : 84;
    8719 : 38;
    8720 : 1E;
    8721 : 00;
    8722 : 98;
    8723 : D0;
    8724 : 32;
    8725 : 0A;
    8726 : 0D;
    8727 : 03;
    8728 : B2;
    8729 : B9;
    8730 : 72;
    8731 : 09;
    8732 : 0B;
    8733 : 84;
    8734 : A1;
    8735 : 08;
    8736 : 42;
    8737 : 0E;
    8738 : 0B;
    8739 : 86;
    8740 : 11;
    8741 : 8A;
    8742 : 31;
    8743 : 2A;
    8744 : 89;
    8745 : 96;
    8746 : 98;
    8747 : C8;
    8748 : 6A;
    8749 : 98;
    8750 : BA;
    8751 : 14;
    8752 : 90;
    8753 : BC;
    8754 : 40;
    8755 : 81;
    8756 : C9;
    8757 : 11;
    8758 : 38;
    8759 : 1C;
    8760 : 12;
    8761 : E0;
    8762 : E8;
    8763 : 33;
    8764 : 31;
    8765 : 99;
    8766 : 7B;
    8767 : 80;
    8768 : 90;
    8769 : A8;
    8770 : 09;
    8771 : DA;
    8772 : 2B;
    8773 : B2;
    8774 : F8;
    8775 : 20;
    8776 : 20;
    8777 : AA;
    8778 : 4A;
    8779 : 26;
    8780 : 92;
    8781 : 11;
    8782 : 88;
    8783 : ED;
    8784 : 30;
    8785 : 83;
    8786 : 0A;
    8787 : 48;
    8788 : 9A;
    8789 : A4;
    8790 : 9B;
    8791 : 06;
    8792 : A0;
    8793 : 2C;
    8794 : 01;
    8795 : 80;
    8796 : 0C;
    8797 : 02;
    8798 : 91;
    8799 : 00;
    8800 : 87;
    8801 : C1;
    8802 : 9E;
    8803 : 30;
    8804 : 98;
    8805 : 89;
    8806 : 82;
    8807 : 85;
    8808 : 88;
    8809 : 20;
    8810 : DC;
    8811 : 1B;
    8812 : 16;
    8813 : 00;
    8814 : 8C;
    8815 : 88;
    8816 : 10;
    8817 : B1;
    8818 : 93;
    8819 : 28;
    8820 : 8F;
    8821 : 61;
    8822 : A8;
    8823 : B8;
    8824 : 21;
    8825 : 33;
    8826 : AA;
    8827 : 3A;
    8828 : D5;
    8829 : 99;
    8830 : 60;
    8831 : 28;
    8832 : 8B;
    8833 : 00;
    8834 : A5;
    8835 : A9;
    8836 : 49;
    8837 : 30;
    8838 : CB;
    8839 : 32;
    8840 : 87;
    8841 : 89;
    8842 : 39;
    8843 : 18;
    8844 : E0;
    8845 : 89;
    8846 : 05;
    8847 : 0A;
    8848 : 4C;
    8849 : 00;
    8850 : C8;
    8851 : B8;
    8852 : 24;
    8853 : 09;
    8854 : 1C;
    8855 : 81;
    8856 : D0;
    8857 : 08;
    8858 : 32;
    8859 : 0D;
    8860 : 8A;
    8861 : 84;
    8862 : A4;
    8863 : 9A;
    8864 : 68;
    8865 : 8A;
    8866 : 09;
    8867 : 95;
    8868 : 92;
    8869 : 08;
    8870 : 70;
    8871 : 08;
    8872 : AA;
    8873 : 04;
    8874 : 90;
    8875 : 2A;
    8876 : 48;
    8877 : B9;
    8878 : F1;
    8879 : 01;
    8880 : 01;
    8881 : 0D;
    8882 : 30;
    8883 : B0;
    8884 : A8;
    8885 : 05;
    8886 : 08;
    8887 : 8C;
    8888 : 2A;
    8889 : A5;
    8890 : D0;
    8891 : 20;
    8892 : 18;
    8893 : 0D;
    8894 : 21;
    8895 : B3;
    8896 : C2;
    8897 : 48;
    8898 : 20;
    8899 : AC;
    8900 : 38;
    8901 : A7;
    8902 : 98;
    8903 : 48;
    8904 : 09;
    8905 : BA;
    8906 : 88;
    8907 : 87;
    8908 : 98;
    8909 : 5A;
    8910 : 80;
    8911 : A9;
    8912 : 81;
    8913 : 85;
    8914 : 80;
    8915 : 2C;
    8916 : 21;
    8917 : F8;
    8918 : 08;
    8919 : 83;
    8920 : 8B;
    8921 : 49;
    8922 : 81;
    8923 : E0;
    8924 : 08;
    8925 : 23;
    8926 : 8A;
    8927 : 3C;
    8928 : 93;
    8929 : E8;
    8930 : 10;
    8931 : 12;
    8932 : 8B;
    8933 : 1B;
    8934 : 16;
    8935 : D1;
    8936 : 19;
    8937 : 22;
    8938 : 8C;
    8939 : 09;
    8940 : A4;
    8941 : B1;
    8942 : 0C;
    8943 : 72;
    8944 : 98;
    8945 : 0A;
    8946 : 85;
    8947 : B8;
    8948 : 09;
    8949 : 31;
    8950 : 9B;
    8951 : AB;
    8952 : 27;
    8953 : B1;
    8954 : 1C;
    8955 : 33;
    8956 : CB;
    8957 : 00;
    8958 : 85;
    8959 : 90;
    8960 : 8D;
    8961 : 51;
    8962 : A0;
    8963 : 99;
    8964 : 04;
    8965 : A0;
    8966 : 0B;
    8967 : 42;
    8968 : 99;
    8969 : AB;
    8970 : 36;
    8971 : 92;
    8972 : 8E;
    8973 : 32;
    8974 : C0;
    8975 : 88;
    8976 : 12;
    8977 : 80;
    8978 : AD;
    8979 : 60;
    8980 : A1;
    8981 : AA;
    8982 : 24;
    8983 : A8;
    8984 : 9B;
    8985 : 30;
    8986 : C2;
    8987 : DA;
    8988 : 60;
    8989 : 01;
    8990 : 9C;
    8991 : 40;
    8992 : B1;
    8993 : 99;
    8994 : 31;
    8995 : 10;
    8996 : AD;
    8997 : 58;
    8998 : 95;
    8999 : A9;
    9000 : 31;
    9001 : 90;
    9002 : 9B;
    9003 : 38;
    9004 : B3;
    9005 : FB;
    9006 : 48;
    9007 : 22;
    9008 : BC;
    9009 : 30;
    9010 : A5;
    9011 : A9;
    9012 : 30;
    9013 : 18;
    9014 : CB;
    9015 : 3A;
    9016 : 17;
    9017 : C9;
    9018 : 59;
    9019 : 01;
    9020 : 9B;
    9021 : 18;
    9022 : 85;
    9023 : A8;
    9024 : 3A;
    9025 : 23;
    9026 : FB;
    9027 : 29;
    9028 : 84;
    9029 : AA;
    9030 : 48;
    9031 : 10;
    9032 : C8;
    9033 : 0A;
    9034 : 16;
    9035 : A9;
    9036 : 39;
    9037 : 12;
    9038 : BA;
    9039 : 09;
    9040 : 07;
    9041 : 99;
    9042 : 1D;
    9043 : 22;
    9044 : D8;
    9045 : 8A;
    9046 : 04;
    9047 : 9A;
    9048 : 3A;
    9049 : 12;
    9050 : C0;
    9051 : 9B;
    9052 : 27;
    9053 : A8;
    9054 : 2B;
    9055 : 24;
    9056 : A9;
    9057 : 8A;
    9058 : 14;
    9059 : 88;
    9060 : 0D;
    9061 : 43;
    9062 : B1;
    9063 : AC;
    9064 : 16;
    9065 : 99;
    9066 : 2B;
    9067 : 12;
    9068 : B2;
    9069 : EB;
    9070 : 33;
    9071 : 90;
    9072 : 0F;
    9073 : 12;
    9074 : B0;
    9075 : A9;
    9076 : 14;
    9077 : 08;
    9078 : 8E;
    9079 : 22;
    9080 : B3;
    9081 : DB;
    9082 : 33;
    9083 : 8A;
    9084 : 2C;
    9085 : 02;
    9086 : C3;
    9087 : E9;
    9088 : 40;
    9089 : 00;
    9090 : 8C;
    9091 : 12;
    9092 : B2;
    9093 : B9;
    9094 : 50;
    9095 : 29;
    9096 : 9C;
    9097 : 13;
    9098 : 97;
    9099 : B9;
    9100 : 50;
    9101 : 09;
    9102 : 9A;
    9103 : 84;
    9104 : 92;
    9105 : A9;
    9106 : 4D;
    9107 : 18;
    9108 : BA;
    9109 : 14;
    9110 : 92;
    9111 : 99;
    9112 : 69;
    9113 : 08;
    9114 : D0;
    9115 : 02;
    9116 : 23;
    9117 : 9C;
    9118 : 5B;
    9119 : 90;
    9120 : B9;
    9121 : 03;
    9122 : 31;
    9123 : AC;
    9124 : 3E;
    9125 : 82;
    9126 : F0;
    9127 : 10;
    9128 : 10;
    9129 : 99;
    9130 : 29;
    9131 : A1;
    9132 : E2;
    9133 : 2A;
    9134 : 71;
    9135 : 99;
    9136 : 19;
    9137 : A2;
    9138 : 91;
    9139 : 5A;
    9140 : 30;
    9141 : EA;
    9142 : 00;
    9143 : 83;
    9144 : B1;
    9145 : 2C;
    9146 : 50;
    9147 : BA;
    9148 : 80;
    9149 : D3;
    9150 : 11;
    9151 : 1D;
    9152 : 21;
    9153 : F0;
    9154 : 09;
    9155 : 84;
    9156 : 08;
    9157 : 09;
    9158 : 30;
    9159 : C3;
    9160 : 98;
    9161 : 03;
    9162 : 3B;
    9163 : 1E;
    9164 : 04;
    9165 : F2;
    9166 : 19;
    9167 : 10;
    9168 : 08;
    9169 : BA;
    9170 : 42;
    9171 : B3;
    9172 : 9B;
    9173 : 22;
    9174 : 1F;
    9175 : 98;
    9176 : 84;
    9177 : A1;
    9178 : 8E;
    9179 : 40;
    9180 : 80;
    9181 : BA;
    9182 : 22;
    9183 : 82;
    9184 : 0D;
    9185 : 29;
    9186 : 88;
    9187 : F1;
    9188 : 23;
    9189 : 11;
    9190 : 8F;
    9191 : 20;
    9192 : 91;
    9193 : C0;
    9194 : 30;
    9195 : 20;
    9196 : AC;
    9197 : 19;
    9198 : 94;
    9199 : B0;
    9200 : 71;
    9201 : 18;
    9202 : 9B;
    9203 : 00;
    9204 : 97;
    9205 : A0;
    9206 : 4B;
    9207 : 21;
    9208 : CA;
    9209 : 98;
    9210 : 94;
    9211 : 08;
    9212 : 4C;
    9213 : 18;
    9214 : D9;
    9215 : 80;
    9216 : 14;
    9217 : 8A;
    9218 : 2C;
    9219 : 13;
    9220 : D1;
    9221 : 98;
    9222 : 31;
    9223 : 2B;
    9224 : 2E;
    9225 : 03;
    9226 : F1;
    9227 : 08;
    9228 : 31;
    9229 : 0B;
    9230 : 9B;
    9231 : 06;
    9232 : B2;
    9233 : 9A;
    9234 : 70;
    9235 : 89;
    9236 : 99;
    9237 : 95;
    9238 : 91;
    9239 : 0B;
    9240 : 78;
    9241 : 98;
    9242 : B9;
    9243 : 14;
    9244 : 80;
    9245 : 8B;
    9246 : 48;
    9247 : A0;
    9248 : D1;
    9249 : 04;
    9250 : 00;
    9251 : 0D;
    9252 : 48;
    9253 : B1;
    9254 : C0;
    9255 : 22;
    9256 : 20;
    9257 : 8C;
    9258 : 19;
    9259 : A5;
    9260 : C1;
    9261 : 31;
    9262 : 28;
    9263 : 8E;
    9264 : 00;
    9265 : A4;
    9266 : A8;
    9267 : 6A;
    9268 : 10;
    9269 : CA;
    9270 : 80;
    9271 : 94;
    9272 : 98;
    9273 : 5A;
    9274 : 18;
    9275 : BA;
    9276 : 81;
    9277 : 87;
    9278 : 09;
    9279 : 3C;
    9280 : 02;
    9281 : D8;
    9282 : 88;
    9283 : 13;
    9284 : 1A;
    9285 : 3D;
    9286 : 82;
    9287 : F0;
    9288 : 80;
    9289 : 13;
    9290 : 0B;
    9291 : 2C;
    9292 : 83;
    9293 : E2;
    9294 : 88;
    9295 : 31;
    9296 : 0B;
    9297 : 1B;
    9298 : 97;
    9299 : B1;
    9300 : 08;
    9301 : 61;
    9302 : 8A;
    9303 : 8A;
    9304 : 86;
    9305 : A1;
    9306 : 1B;
    9307 : 58;
    9308 : 99;
    9309 : 99;
    9310 : 85;
    9311 : A1;
    9312 : 1B;
    9313 : 50;
    9314 : A9;
    9315 : B9;
    9316 : 07;
    9317 : 80;
    9318 : 1C;
    9319 : 38;
    9320 : A8;
    9321 : B0;
    9322 : 24;
    9323 : 88;
    9324 : 0F;
    9325 : 21;
    9326 : C1;
    9327 : B0;
    9328 : 43;
    9329 : 08;
    9330 : 9C;
    9331 : 21;
    9332 : C3;
    9333 : A8;
    9334 : 52;
    9335 : 09;
    9336 : 8D;
    9337 : 21;
    9338 : C3;
    9339 : A8;
    9340 : 60;
    9341 : 08;
    9342 : AB;
    9343 : 21;
    9344 : B3;
    9345 : A9;
    9346 : 71;
    9347 : 80;
    9348 : BB;
    9349 : 31;
    9350 : B4;
    9351 : BB;
    9352 : 78;
    9353 : 82;
    9354 : CA;
    9355 : 20;
    9356 : 94;
    9357 : 9A;
    9358 : 78;
    9359 : 00;
    9360 : AA;
    9361 : 20;
    9362 : 94;
    9363 : AA;
    9364 : 69;
    9365 : 82;
    9366 : C9;
    9367 : 18;
    9368 : 84;
    9369 : AA;
    9370 : 49;
    9371 : 83;
    9372 : EA;
    9373 : 10;
    9374 : 04;
    9375 : 9B;
    9376 : 4B;
    9377 : 83;
    9378 : D9;
    9379 : 19;
    9380 : 13;
    9381 : AA;
    9382 : 4B;
    9383 : 05;
    9384 : C9;
    9385 : 19;
    9386 : 15;
    9387 : AA;
    9388 : 2A;
    9389 : 06;
    9390 : B8;
    9391 : 0A;
    9392 : 24;
    9393 : 99;
    9394 : 0A;
    9395 : 06;
    9396 : B8;
    9397 : 0A;
    9398 : 44;
    9399 : AA;
    9400 : 0B;
    9401 : 07;
    9402 : A0;
    9403 : 8A;
    9404 : 42;
    9405 : 99;
    9406 : 8B;
    9407 : 06;
    9408 : A8;
    9409 : 8B;
    9410 : 62;
    9411 : A9;
    9412 : 9A;
    9413 : 16;
    9414 : 90;
    9415 : 9B;
    9416 : 42;
    9417 : 98;
    9418 : AA;
    9419 : 25;
    9420 : A0;
    9421 : 9B;
    9422 : 73;
    9423 : 98;
    9424 : AA;
    9425 : 34;
    9426 : 90;
    9427 : 9D;
    9428 : 41;
    9429 : 88;
    9430 : AA;
    9431 : 34;
    9432 : 90;
    9433 : 9C;
    9434 : 51;
    9435 : 90;
    9436 : CA;
    9437 : 42;
    9438 : 91;
    9439 : BB;
    9440 : 60;
    9441 : 80;
    9442 : BA;
    9443 : 42;
    9444 : 91;
    9445 : AC;
    9446 : 50;
    9447 : 81;
    9448 : CA;
    9449 : 31;
    9450 : 93;
    9451 : CB;
    9452 : 69;
    9453 : 91;
    9454 : C8;
    9455 : 21;
    9456 : 82;
    9457 : AC;
    9458 : 58;
    9459 : 92;
    9460 : C9;
    9461 : 21;
    9462 : 03;
    9463 : CB;
    9464 : 5A;
    9465 : 81;
    9466 : C8;
    9467 : 21;
    9468 : 03;
    9469 : AC;
    9470 : 5B;
    9471 : 93;
    9472 : E8;
    9473 : 28;
    9474 : 12;
    9475 : AB;
    9476 : 4B;
    9477 : 93;
    9478 : E0;
    9479 : 20;
    9480 : 12;
    9481 : BB;
    9482 : 4B;
    9483 : 84;
    9484 : D8;
    9485 : 38;
    9486 : 22;
    9487 : AC;
    9488 : 1B;
    9489 : 96;
    9490 : A2;
    9491 : 5A;
    9492 : 21;
    9493 : AA;
    9494 : 2A;
    9495 : 87;
    9496 : B0;
    9497 : 2A;
    9498 : 41;
    9499 : CA;
    9500 : 8A;
    9501 : A4;
    9502 : A1;
    9503 : 4B;
    9504 : 30;
    9505 : D9;
    9506 : 99;
    9507 : 86;
    9508 : 90;
    9509 : 2B;
    9510 : 41;
    9511 : B0;
    9512 : BA;
    9513 : 07;
    9514 : 08;
    9515 : 4C;
    9516 : 10;
    9517 : B0;
    9518 : 99;
    9519 : 14;
    9520 : 19;
    9521 : 2D;
    9522 : 10;
    9523 : B1;
    9524 : CA;
    9525 : 14;
    9526 : 1A;
    9527 : 1D;
    9528 : 02;
    9529 : C3;
    9530 : AA;
    9531 : 24;
    9532 : 0B;
    9533 : 0E;
    9534 : 02;
    9535 : A1;
    9536 : BA;
    9537 : 53;
    9538 : 2A;
    9539 : 9B;
    9540 : 07;
    9541 : 92;
    9542 : 9A;
    9543 : 61;
    9544 : 09;
    9545 : B9;
    9546 : 05;
    9547 : 81;
    9548 : AB;
    9549 : 60;
    9550 : 09;
    9551 : B8;
    9552 : 05;
    9553 : 11;
    9554 : 0C;
    9555 : 58;
    9556 : 88;
    9557 : B9;
    9558 : 12;
    9559 : 01;
    9560 : AF;
    9561 : 28;
    9562 : A0;
    9563 : D8;
    9564 : 20;
    9565 : 19;
    9566 : AD;
    9567 : 38;
    9568 : A2;
    9569 : D0;
    9570 : 50;
    9571 : 28;
    9572 : AA;
    9573 : 29;
    9574 : A4;
    9575 : B0;
    9576 : 70;
    9577 : 21;
    9578 : BA;
    9579 : 20;
    9580 : 86;
    9581 : 88;
    9582 : 69;
    9583 : 10;
    9584 : B8;
    9585 : 08;
    9586 : 85;
    9587 : 98;
    9588 : 4B;
    9589 : 10;
    9590 : E8;
    9591 : 89;
    9592 : 83;
    9593 : 9A;
    9594 : 2C;
    9595 : 02;
    9596 : F1;
    9597 : 0A;
    9598 : 22;
    9599 : 0A;
    9600 : 1C;
    9601 : 05;
    9602 : C2;
    9603 : 0A;
    9604 : 41;
    9605 : 0A;
    9606 : 8A;
    9607 : 06;
    9608 : 91;
    9609 : 0C;
    9610 : 40;
    9611 : 89;
    9612 : A9;
    9613 : 15;
    9614 : 81;
    9615 : 0E;
    9616 : 38;
    9617 : B0;
    9618 : D0;
    9619 : 13;
    9620 : 01;
    9621 : 8F;
    9622 : 28;
    9623 : B1;
    9624 : B0;
    9625 : 42;
    9626 : 28;
    9627 : 8E;
    9628 : 28;
    9629 : C3;
    9630 : B0;
    9631 : 61;
    9632 : 18;
    9633 : AB;
    9634 : 00;
    9635 : A6;
    9636 : 98;
    9637 : 49;
    9638 : 10;
    9639 : BB;
    9640 : 80;
    9641 : 87;
    9642 : 09;
    9643 : 5A;
    9644 : 20;
    9645 : C8;
    9646 : 80;
    9647 : 04;
    9648 : 0A;
    9649 : 3C;
    9650 : 01;
    9651 : F1;
    9652 : 90;
    9653 : 12;
    9654 : 0B;
    9655 : 2C;
    9656 : 83;
    9657 : E1;
    9658 : 88;
    9659 : 41;
    9660 : 0B;
    9661 : 8A;
    9662 : 85;
    9663 : C1;
    9664 : 09;
    9665 : 50;
    9666 : 8A;
    9667 : 8A;
    9668 : 86;
    9669 : A1;
    9670 : 0A;
    9671 : 68;
    9672 : 98;
    9673 : A8;
    9674 : 05;
    9675 : 80;
    9676 : 0B;
    9677 : 58;
    9678 : A0;
    9679 : B0;
    9680 : 15;
    9681 : 80;
    9682 : 0D;
    9683 : 38;
    9684 : C1;
    9685 : C0;
    9686 : 13;
    9687 : 00;
    9688 : 0D;
    9689 : 39;
    9690 : D3;
    9691 : B0;
    9692 : 42;
    9693 : 18;
    9694 : 8E;
    9695 : 18;
    9696 : B3;
    9697 : A8;
    9698 : 50;
    9699 : 18;
    9700 : 9C;
    9701 : 10;
    9702 : A5;
    9703 : 99;
    9704 : 68;
    9705 : 18;
    9706 : AA;
    9707 : 81;
    9708 : 96;
    9709 : 89;
    9710 : 49;
    9711 : 00;
    9712 : BA;
    9713 : 81;
    9714 : 86;
    9715 : 0A;
    9716 : 6B;
    9717 : 01;
    9718 : C8;
    9719 : 00;
    9720 : 13;
    9721 : 8B;
    9722 : 5B;
    9723 : 92;
    9724 : E0;
    9725 : 08;
    9726 : 12;
    9727 : 8C;
    9728 : 2A;
    9729 : 84;
    9730 : D8;
    9731 : 08;
    9732 : 22;
    9733 : 8C;
    9734 : 1A;
    9735 : 86;
    9736 : B8;
    9737 : 18;
    9738 : 32;
    9739 : 8D;
    9740 : 1A;
    9741 : 86;
    9742 : B0;
    9743 : 19;
    9744 : 43;
    9745 : 9B;
    9746 : 09;
    9747 : 07;
    9748 : A0;
    9749 : 1A;
    9750 : 42;
    9751 : AA;
    9752 : 8A;
    9753 : 07;
    9754 : A8;
    9755 : 0B;
    9756 : 42;
    9757 : AA;
    9758 : 9A;
    9759 : 07;
    9760 : A8;
    9761 : 0B;
    9762 : 43;
    9763 : B9;
    9764 : 8A;
    9765 : 16;
    9766 : A0;
    9767 : 0C;
    9768 : 51;
    9769 : A8;
    9770 : 9A;
    9771 : 15;
    9772 : A0;
    9773 : 8B;
    9774 : 62;
    9775 : 98;
    9776 : A9;
    9777 : 16;
    9778 : 80;
    9779 : 9B;
    9780 : 62;
    9781 : 98;
    9782 : A9;
    9783 : 14;
    9784 : 90;
    9785 : 9B;
    9786 : 61;
    9787 : 98;
    9788 : BA;
    9789 : 24;
    9790 : 90;
    9791 : 9D;
    9792 : 50;
    9793 : 90;
    9794 : B9;
    9795 : 33;
    9796 : A1;
    9797 : AD;
    9798 : 50;
    9799 : A0;
    9800 : B9;
    9801 : 42;
    9802 : 81;
    9803 : 9D;
    9804 : 68;
    9805 : 91;
    9806 : A9;
    9807 : 41;
    9808 : 01;
    9809 : AB;
    9810 : 68;
    9811 : 92;
    9812 : B9;
    9813 : 41;
    9814 : 01;
    9815 : 9C;
    9816 : 4A;
    9817 : A3;
    9818 : D8;
    9819 : 30;
    9820 : 11;
    9821 : 9D;
    9822 : 3A;
    9823 : 94;
    9824 : C9;
    9825 : 48;
    9826 : 01;
    9827 : BA;
    9828 : 3A;
    9829 : 96;
    9830 : B8;
    9831 : 38;
    9832 : 23;
    9833 : AD;
    9834 : 2A;
    9835 : 87;
    9836 : B8;
    9837 : 38;
    9838 : 22;
    9839 : BB;
    9840 : 2B;
    9841 : 07;
    9842 : C0;
    9843 : 39;
    9844 : 31;
    9845 : CA;
    9846 : 0A;
    9847 : 87;
    9848 : A8;
    9849 : 29;
    9850 : 31;
    9851 : CA;
    9852 : 89;
    9853 : 87;
    9854 : 99;
    9855 : 39;
    9856 : 41;
    9857 : A9;
    9858 : 9C;
    9859 : 02;
    9860 : B3;
    9861 : 0F;
    9862 : 21;
    9863 : 88;
    9864 : A9;
    9865 : 27;
    9866 : 90;
    9867 : 0A;
    9868 : 31;
    9869 : CB;
    9870 : BB;
    9871 : 06;
    9872 : 18;
    9873 : 2A;
    9874 : 42;
    9875 : A0;
    9876 : F8;
    9877 : 88;
    9878 : 02;
    9879 : 2B;
    9880 : 00;
    9881 : 80;
    9882 : FA;
    9883 : 33;
    9884 : 32;
    9885 : 0E;
    9886 : 28;
    9887 : E0;
    9888 : A9;
    9889 : 04;
    9890 : 19;
    9891 : 0A;
    9892 : 22;
    9893 : B2;
    9894 : B8;
    9895 : 24;
    9896 : 0E;
    9897 : 0A;
    9898 : 91;
    9899 : C2;
    9900 : E1;
    9901 : 38;
    9902 : 29;
    9903 : 0D;
    9904 : 01;
    9905 : 86;
    9906 : 08;
    9907 : 4A;
    9908 : 19;
    9909 : AB;
    9910 : 04;
    9911 : 95;
    9912 : 98;
    9913 : 5A;
    9914 : 88;
    9915 : 9A;
    9916 : 04;
    9917 : 82;
    9918 : 9B;
    9919 : 3B;
    9920 : 9B;
    9921 : C8;
    9922 : 86;
    9923 : 02;
    9924 : 11;
    9925 : 2F;
    9926 : 01;
    9927 : C9;
    9928 : 81;
    9929 : 28;
    9930 : 9D;
    9931 : 2A;
    9932 : 93;
    9933 : E0;
    9934 : 21;
    9935 : 18;
    9936 : 88;
    9937 : 1E;
    9938 : C3;
    9939 : 90;
    9940 : 50;
    9941 : 18;
    9942 : A8;
    9943 : 88;
    9944 : 83;
    9945 : E3;
    9946 : 51;
    9947 : 89;
    9948 : 08;
    9949 : 9B;
    9950 : 85;
    9951 : 88;
    9952 : 78;
    9953 : 11;
    9954 : C8;
    9955 : A8;
    9956 : 81;
    9957 : 90;
    9958 : 3D;
    9959 : 90;
    9960 : 00;
    9961 : AA;
    9962 : 36;
    9963 : 8B;
    9964 : 3B;
    9965 : 05;
    9966 : C1;
    9967 : 99;
    9968 : 48;
    9969 : 99;
    9970 : 1B;
    9971 : 87;
    9972 : 02;
    9973 : BA;
    9974 : 79;
    9975 : 99;
    9976 : A8;
    9977 : 15;
    9978 : 90;
    9979 : 0B;
    9980 : 59;
    9981 : A1;
    9982 : A8;
    9983 : 94;
    9984 : 59;
    9985 : 9A;
    9986 : 4B;
    9987 : C1;
    9988 : C1;
    9989 : 32;
    9990 : 08;
    9991 : 8D;
    9992 : 09;
    9993 : 97;
    9994 : 88;
    9995 : 20;
    9996 : 39;
    9997 : CA;
    9998 : 08;
    9999 : A7;
    10000 : 80;
    10001 : 48;
    10002 : 00;
    10003 : A9;
    10004 : A9;
    10005 : 87;
    10006 : 09;
    10007 : 39;
    10008 : 20;
    10009 : C1;
    10010 : A0;
    10011 : 14;
    10012 : 0B;
    10013 : 2D;
    10014 : 92;
    10015 : F8;
    10016 : 98;
    10017 : 22;
    10018 : 1C;
    10019 : 1A;
    10020 : 23;
    10021 : C5;
    10022 : 09;
    10023 : 31;
    10024 : 8C;
    10025 : 89;
    10026 : 87;
    10027 : B0;
    10028 : 89;
    10029 : 68;
    10030 : 99;
    10031 : 98;
    10032 : 83;
    10033 : 94;
    10034 : 0C;
    10035 : 40;
    10036 : 9A;
    10037 : B0;
    10038 : 05;
    10039 : 80;
    10040 : 0C;
    10041 : 69;
    10042 : 90;
    10043 : A0;
    10044 : 12;
    10045 : 12;
    10046 : 0F;
    10047 : 28;
    10048 : A1;
    10049 : C0;
    10050 : 23;
    10051 : 18;
    10052 : 8F;
    10053 : 28;
    10054 : B2;
    10055 : B0;
    10056 : 40;
    10057 : 30;
    10058 : 8E;
    10059 : 08;
    10060 : B3;
    10061 : B0;
    10062 : 78;
    10063 : 18;
    10064 : BB;
    10065 : 01;
    10066 : 97;
    10067 : 88;
    10068 : 39;
    10069 : 30;
    10070 : CB;
    10071 : 81;
    10072 : 94;
    10073 : 89;
    10074 : 7B;
    10075 : 00;
    10076 : B9;
    10077 : 88;
    10078 : 85;
    10079 : 1B;
    10080 : 3B;
    10081 : 14;
    10082 : F0;
    10083 : 80;
    10084 : 11;
    10085 : 0B;
    10086 : 3B;
    10087 : A4;
    10088 : D1;
    10089 : 00;
    10090 : 23;
    10091 : 8D;
    10092 : 0A;
    10093 : 14;
    10094 : D1;
    10095 : 18;
    10096 : 38;
    10097 : 8B;
    10098 : 19;
    10099 : 87;
    10100 : B0;
    10101 : 2A;
    10102 : 53;
    10103 : 8B;
    10104 : 99;
    10105 : 16;
    10106 : B0;
    10107 : 2A;
    10108 : 31;
    10109 : BB;
    10110 : 8B;
    10111 : 17;
    10112 : C8;
    10113 : 1C;
    10114 : 32;
    10115 : AB;
    10116 : 98;
    10117 : 24;
    10118 : B1;
    10119 : 1F;
    10120 : 20;
    10121 : B8;
    10122 : 99;
    10123 : 17;
    10124 : AA;
    10125 : 8B;
    10126 : 34;
    10127 : B8;
    10128 : 98;
    10129 : 44;
    10130 : B1;
    10131 : 0D;
    10132 : 22;
    10133 : C0;
    10134 : 99;
    10135 : 26;
    10136 : A8;
    10137 : AB;
    10138 : 73;
    10139 : 98;
    10140 : 89;
    10141 : 31;
    10142 : A3;
    10143 : 8D;
    10144 : 32;
    10145 : B0;
    10146 : BB;
    10147 : 26;
    10148 : 90;
    10149 : 9E;
    10150 : 50;
    10151 : A0;
    10152 : A9;
    10153 : 31;
    10154 : 93;
    10155 : 8E;
    10156 : 38;
    10157 : A2;
    10158 : BA;
    10159 : 44;
    10160 : 90;
    10161 : 9C;
    10162 : 78;
    10163 : 91;
    10164 : A9;
    10165 : 30;
    10166 : 03;
    10167 : AC;
    10168 : 20;
    10169 : A4;
    10170 : CA;
    10171 : 51;
    10172 : 80;
    10173 : AC;
    10174 : 49;
    10175 : 94;
    10176 : A9;
    10177 : 28;
    10178 : 13;
    10179 : AC;
    10180 : 28;
    10181 : 95;
    10182 : C9;
    10183 : 58;
    10184 : 81;
    10185 : AA;
    10186 : 3A;
    10187 : 86;
    10188 : A9;
    10189 : 39;
    10190 : 43;
    10191 : CB;
    10192 : 08;
    10193 : 85;
    10194 : A9;
    10195 : 59;
    10196 : 01;
    10197 : BA;
    10198 : 2A;
    10199 : 87;
    10200 : 98;
    10201 : 2A;
    10202 : 33;
    10203 : D8;
    10204 : 88;
    10205 : 04;
    10206 : B9;
    10207 : 5A;
    10208 : 02;
    10209 : C9;
    10210 : 8B;
    10211 : 07;
    10212 : 98;
    10213 : 1B;
    10214 : 41;
    10215 : B8;
    10216 : 89;
    10217 : 04;
    10218 : A8;
    10219 : 2E;
    10220 : 11;
    10221 : A8;
    10222 : AA;
    10223 : 17;
    10224 : 09;
    10225 : 0C;
    10226 : 21;
    10227 : B1;
    10228 : B9;
    10229 : 16;
    10230 : 88;
    10231 : 1C;
    10232 : 12;
    10233 : B0;
    10234 : DA;
    10235 : 15;
    10236 : 18;
    10237 : 0C;
    10238 : 40;
    10239 : A2;
    10240 : B8;
    10241 : 32;
    10242 : 1A;
    10243 : 0F;
    10244 : 01;
    10245 : B1;
    10246 : D9;
    10247 : 43;
    10248 : 1A;
    10249 : 8B;
    10250 : 20;
    10251 : B6;
    10252 : A8;
    10253 : 30;
    10254 : 4A;
    10255 : 9D;
    10256 : 92;
    10257 : 92;
    10258 : C8;
    10259 : 78;
    10260 : 09;
    10261 : 99;
    10262 : 12;
    10263 : 96;
    10264 : 99;
    10265 : 58;
    10266 : 18;
    10267 : 9A;
    10268 : A3;
    10269 : 93;
    10270 : 8A;
    10271 : 79;
    10272 : 9A;
    10273 : B8;
    10274 : 02;
    10275 : 23;
    10276 : AC;
    10277 : 5A;
    10278 : 18;
    10279 : F3;
    10280 : 92;
    10281 : 10;
    10282 : 8A;
    10283 : 4D;
    10284 : A0;
    10285 : C0;
    10286 : 00;
    10287 : 14;
    10288 : 8C;
    10289 : 3B;
    10290 : 02;
    10291 : E1;
    10292 : 13;
    10293 : 28;
    10294 : 8B;
    10295 : 50;
    10296 : B0;
    10297 : B0;
    10298 : 52;
    10299 : 30;
    10300 : B9;
    10301 : 1B;
    10302 : C2;
    10303 : 97;
    10304 : 38;
    10305 : 1A;
    10306 : A9;
    10307 : 0B;
    10308 : 97;
    10309 : 98;
    10310 : 1C;
    10311 : 52;
    10312 : BA;
    10313 : A9;
    10314 : 94;
    10315 : C0;
    10316 : 48;
    10317 : 19;
    10318 : C9;
    10319 : 28;
    10320 : B3;
    10321 : 08;
    10322 : 4C;
    10323 : 02;
    10324 : C2;
    10325 : 08;
    10326 : 84;
    10327 : 41;
    10328 : 3C;
    10329 : 80;
    10330 : 80;
    10331 : A9;
    10332 : 07;
    10333 : 0A;
    10334 : 9A;
    10335 : 35;
    10336 : C1;
    10337 : AA;
    10338 : 32;
    10339 : A0;
    10340 : 3D;
    10341 : 82;
    10342 : D0;
    10343 : 2C;
    10344 : 83;
    10345 : BA;
    10346 : AB;
    10347 : 07;
    10348 : 80;
    10349 : 9D;
    10350 : 11;
    10351 : 28;
    10352 : A0;
    10353 : 86;
    10354 : 00;
    10355 : B9;
    10356 : 60;
    10357 : 98;
    10358 : C8;
    10359 : 51;
    10360 : 82;
    10361 : BB;
    10362 : 38;
    10363 : A3;
    10364 : 9C;
    10365 : 24;
    10366 : 18;
    10367 : 8F;
    10368 : 22;
    10369 : A0;
    10370 : B8;
    10371 : 71;
    10372 : 18;
    10373 : C9;
    10374 : 08;
    10375 : 92;
    10376 : B1;
    10377 : 49;
    10378 : 3A;
    10379 : DB;
    10380 : 19;
    10381 : 97;
    10382 : 90;
    10383 : 4B;
    10384 : 14;
    10385 : C8;
    10386 : 09;
    10387 : 23;
    10388 : 8C;
    10389 : 3A;
    10390 : 11;
    10391 : F9;
    10392 : 00;
    10393 : 12;
    10394 : 0B;
    10395 : 4C;
    10396 : 02;
    10397 : D2;
    10398 : 89;
    10399 : 31;
    10400 : 19;
    10401 : 8D;
    10402 : 83;
    10403 : D3;
    10404 : AA;
    10405 : 72;
    10406 : 0A;
    10407 : AB;
    10408 : 16;
    10409 : 90;
    10410 : 8C;
    10411 : 58;
    10412 : A8;
    10413 : 90;
    10414 : 03;
    10415 : A1;
    10416 : 2B;
    10417 : 79;
    10418 : A8;
    10419 : B8;
    10420 : 15;
    10421 : 10;
    10422 : 8D;
    10423 : 28;
    10424 : 93;
    10425 : D0;
    10426 : 21;
    10427 : 28;
    10428 : 9D;
    10429 : 20;
    10430 : A5;
    10431 : C8;
    10432 : 60;
    10433 : 18;
    10434 : AB;
    10435 : 00;
    10436 : 96;
    10437 : 89;
    10438 : 39;
    10439 : 00;
    10440 : 9B;
    10441 : 81;
    10442 : 97;
    10443 : 99;
    10444 : 59;
    10445 : 10;
    10446 : C9;
    10447 : 88;
    10448 : 14;
    10449 : 8A;
    10450 : 2C;
    10451 : 01;
    10452 : E1;
    10453 : 88;
    10454 : 23;
    10455 : 0C;
    10456 : 3C;
    10457 : 83;
    10458 : E1;
    10459 : 88;
    10460 : 42;
    10461 : 0B;
    10462 : 0A;
    10463 : 84;
    10464 : C1;
    10465 : 80;
    10466 : 51;
    10467 : 8B;
    10468 : 09;
    10469 : 85;
    10470 : B2;
    10471 : 0B;
    10472 : 79;
    10473 : 98;
    10474 : A8;
    10475 : 03;
    10476 : 81;
    10477 : 0E;
    10478 : 48;
    10479 : B0;
    10480 : B8;
    10481 : 07;
    10482 : 80;
    10483 : 0C;
    10484 : 48;
    10485 : 98;
    10486 : A8;
    10487 : 32;
    10488 : 88;
    10489 : 1C;
    10490 : 38;
    10491 : D2;
    10492 : 98;
    10493 : 42;
    10494 : 00;
    10495 : 8E;
    10496 : 00;
    10497 : A5;
    10498 : A8;
    10499 : 40;
    10500 : 08;
    10501 : BA;
    10502 : 21;
    10503 : B5;
    10504 : AA;
    10505 : 70;
    10506 : 00;
    10507 : AB;
    10508 : 21;
    10509 : A4;
    10510 : 8B;
    10511 : 79;
    10512 : 80;
    10513 : A9;
    10514 : 01;
    10515 : A3;
    10516 : 8C;
    10517 : 60;
    10518 : 81;
    10519 : D9;
    10520 : 01;
    10521 : 12;
    10522 : 9B;
    10523 : 4A;
    10524 : 93;
    10525 : E0;
    10526 : 28;
    10527 : 03;
    10528 : 8D;
    10529 : 5A;
    10530 : 83;
    10531 : C9;
    10532 : 18;
    10533 : 04;
    10534 : 8C;
    10535 : 18;
    10536 : 94;
    10537 : A9;
    10538 : 28;
    10539 : 13;
    10540 : 9F;
    10541 : 28;
    10542 : 83;
    10543 : D8;
    10544 : 2A;
    10545 : 12;
    10546 : AA;
    10547 : 1B;
    10548 : 87;
    10549 : A8;
    10550 : 1A;
    10551 : 15;
    10552 : AB;
    10553 : 3A;
    10554 : 17;
    10555 : B9;
    10556 : 1A;
    10557 : 25;
    10558 : 9B;
    10559 : 19;
    10560 : 05;
    10561 : A9;
    10562 : 09;
    10563 : 25;
    10564 : AB;
    10565 : 3B;
    10566 : 15;
    10567 : C8;
    10568 : 0A;
    10569 : 43;
    10570 : 9A;
    10571 : 8B;
    10572 : 06;
    10573 : B0;
    10574 : BA;
    10575 : 45;
    10576 : 9A;
    10577 : 8B;
    10578 : 16;
    10579 : A0;
    10580 : 9B;
    10581 : 72;
    10582 : 98;
    10583 : 8A;
    10584 : 23;
    10585 : B0;
    10586 : 8A;
    10587 : 72;
    10588 : 99;
    10589 : 9A;
    10590 : 15;
    10591 : A1;
    10592 : AB;
    10593 : 61;
    10594 : 88;
    10595 : AA;
    10596 : 33;
    10597 : 90;
    10598 : CB;
    10599 : 70;
    10600 : A1;
    10601 : B9;
    10602 : 43;
    10603 : 91;
    10604 : 9C;
    10605 : 69;
    10606 : A1;
    10607 : A9;
    10608 : 22;
    10609 : 91;
    10610 : 0C;
    10611 : 68;
    10612 : 90;
    10613 : CA;
    10614 : 33;
    10615 : 02;
    10616 : AC;
    10617 : 59;
    10618 : 01;
    10619 : B9;
    10620 : 20;
    10621 : 93;
    10622 : D9;
    10623 : 4C;
    10624 : 93;
    10625 : C8;
    10626 : 48;
    10627 : 82;
    10628 : BB;
    10629 : 4B;
    10630 : 14;
    10631 : BA;
    10632 : 39;
    10633 : 14;
    10634 : CB;
    10635 : 09;
    10636 : 82;
    10637 : F8;
    10638 : 20;
    10639 : 43;
    10640 : AB;
    10641 : 3B;
    10642 : 02;
    10643 : 91;
    10644 : 81;
    10645 : B1;
    10646 : AD;
    10647 : AF;
    10648 : 12;
    10649 : C1;
    10650 : 49;
    10651 : 24;
    10652 : 9B;
    10653 : 9C;
    10654 : 02;
    10655 : 05;
    10656 : 81;
    10657 : 31;
    10658 : 9D;
    10659 : 3B;
    10660 : 16;
    10661 : A1;
    10662 : 08;
    10663 : 18;
    10664 : 01;
    10665 : CA;
    10666 : B3;
    10667 : D3;
    10668 : 4A;
    10669 : 51;
    10670 : 0A;
    10671 : BD;
    10672 : 92;
    10673 : 85;
    10674 : 80;
    10675 : 28;
    10676 : CA;
    10677 : 8C;
    10678 : 32;
    10679 : A2;
    10680 : 0E;
    10681 : 09;
    10682 : 84;
    10683 : B2;
    10684 : A8;
    10685 : 99;
    10686 : 3F;
    10687 : 41;
    10688 : B2;
    10689 : CB;
    10690 : 90;
    10691 : 34;
    10692 : 01;
    10693 : AA;
    10694 : 81;
    10695 : 1B;
    10696 : 73;
    10697 : 94;
    10698 : AC;
    10699 : 99;
    10700 : 06;
    10701 : 81;
    10702 : 9A;
    10703 : 08;
    10704 : 1E;
    10705 : 22;
    10706 : 94;
    10707 : AA;
    10708 : 98;
    10709 : 42;
    10710 : 21;
    10711 : C0;
    10712 : 88;
    10713 : 0D;
    10714 : 51;
    10715 : 02;
    10716 : CA;
    10717 : C8;
    10718 : 32;
    10719 : 33;
    10720 : 8B;
    10721 : 9B;
    10722 : 9D;
    10723 : 34;
    10724 : 05;
    10725 : BC;
    10726 : AA;
    10727 : 51;
    10728 : 22;
    10729 : B0;
    10730 : 0B;
    10731 : 9F;
    10732 : 21;
    10733 : 84;
    10734 : C9;
    10735 : 98;
    10736 : 48;
    10737 : 22;
    10738 : B8;
    10739 : 9B;
    10740 : AA;
    10741 : 72;
    10742 : 12;
    10743 : BB;
    10744 : C9;
    10745 : 41;
    10746 : 53;
    10747 : 88;
    10748 : 09;
    10749 : E9;
    10750 : 20;
    10751 : 33;
    10752 : AA;
    10753 : AB;
    10754 : 3B;
    10755 : 27;
    10756 : A1;
    10757 : 1B;
    10758 : 9C;
    10759 : 78;
    10760 : 12;
    10761 : B0;
    10762 : BA;
    10763 : 1D;
    10764 : 43;
    10765 : 91;
    10766 : 9A;
    10767 : B8;
    10768 : 3A;
    10769 : 71;
    10770 : A0;
    10771 : D0;
    10772 : 08;
    10773 : 25;
    10774 : 88;
    10775 : 0D;
    10776 : B0;
    10777 : 00;
    10778 : 33;
    10779 : A1;
    10780 : AD;
    10781 : 8D;
    10782 : 13;
    10783 : 83;
    10784 : 1A;
    10785 : A8;
    10786 : 0E;
    10787 : 22;
    10788 : A5;
    10789 : A1;
    10790 : 0D;
    10791 : 52;
    10792 : 81;
    10793 : 8B;
    10794 : B1;
    10795 : 09;
    10796 : 72;
    10797 : 82;
    10798 : B9;
    10799 : AC;
    10800 : 53;
    10801 : 11;
    10802 : 0B;
    10803 : A8;
    10804 : AC;
    10805 : 14;
    10806 : 83;
    10807 : 9A;
    10808 : 9E;
    10809 : 42;
    10810 : 92;
    10811 : A9;
    10812 : 00;
    10813 : 8D;
    10814 : 31;
    10815 : 84;
    10816 : B0;
    10817 : AE;
    10818 : 78;
    10819 : 10;
    10820 : 99;
    10821 : 92;
    10822 : B9;
    10823 : 21;
    10824 : 42;
    10825 : 89;
    10826 : CC;
    10827 : 31;
    10828 : 03;
    10829 : 0B;
    10830 : 00;
    10831 : CD;
    10832 : 12;
    10833 : 05;
    10834 : 98;
    10835 : 9E;
    10836 : 39;
    10837 : 83;
    10838 : C0;
    10839 : 81;
    10840 : BA;
    10841 : 59;
    10842 : 42;
    10843 : 90;
    10844 : EA;
    10845 : 30;
    10846 : 12;
    10847 : 9B;
    10848 : 11;
    10849 : F0;
    10850 : 20;
    10851 : 32;
    10852 : 08;
    10853 : BC;
    10854 : 39;
    10855 : 07;
    10856 : 98;
    10857 : 11;
    10858 : CB;
    10859 : 2A;
    10860 : 13;
    10861 : 91;
    10862 : FA;
    10863 : 2C;
    10864 : 12;
    10865 : A9;
    10866 : 01;
    10867 : F8;
    10868 : 19;
    10869 : 41;
    10870 : 08;
    10871 : CB;
    10872 : 19;
    10873 : 06;
    10874 : 80;
    10875 : 18;
    10876 : C9;
    10877 : 0A;
    10878 : 24;
    10879 : 80;
    10880 : BA;
    10881 : 0C;
    10882 : 25;
    10883 : B0;
    10884 : 21;
    10885 : C8;
    10886 : 3B;
    10887 : 73;
    10888 : 80;
    10889 : B9;
    10890 : 0B;
    10891 : 17;
    10892 : A1;
    10893 : 28;
    10894 : B8;
    10895 : 0E;
    10896 : 41;
    10897 : 01;
    10898 : AA;
    10899 : AB;
    10900 : 34;
    10901 : A8;
    10902 : 29;
    10903 : D1;
    10904 : 0D;
    10905 : 52;
    10906 : 81;
    10907 : B9;
    10908 : AB;
    10909 : 26;
    10910 : 01;
    10911 : 19;
    10912 : A8;
    10913 : 8F;
    10914 : 31;
    10915 : 03;
    10916 : BA;
    10917 : 9D;
    10918 : 42;
    10919 : 91;
    10920 : 99;
    10921 : 91;
    10922 : 9D;
    10923 : 42;
    10924 : 02;
    10925 : EA;
    10926 : BA;
    10927 : 42;
    10928 : 02;
    10929 : 09;
    10930 : 90;
    10931 : AD;
    10932 : 32;
    10933 : 17;
    10934 : 99;
    10935 : AB;
    10936 : 60;
    10937 : 02;
    10938 : 98;
    10939 : 80;
    10940 : AC;
    10941 : 40;
    10942 : 23;
    10943 : C8;
    10944 : DB;
    10945 : 48;
    10946 : 13;
    10947 : 98;
    10948 : 98;
    10949 : EB;
    10950 : 31;
    10951 : 42;
    10952 : 98;
    10953 : BC;
    10954 : 29;
    10955 : 07;
    10956 : 88;
    10957 : 88;
    10958 : AA;
    10959 : 59;
    10960 : 21;
    10961 : A1;
    10962 : CC;
    10963 : 2A;
    10964 : 15;
    10965 : 80;
    10966 : 99;
    10967 : D8;
    10968 : 29;
    10969 : 43;
    10970 : 81;
    10971 : CC;
    10972 : 8A;
    10973 : 16;
    10974 : 80;
    10975 : 08;
    10976 : AA;
    10977 : 2B;
    10978 : 24;
    10979 : 85;
    10980 : CA;
    10981 : 8B;
    10982 : 34;
    10983 : 01;
    10984 : B9;
    10985 : B8;
    10986 : 2C;
    10987 : 63;
    10988 : 83;
    10989 : BA;
    10990 : 8B;
    10991 : 37;
    10992 : 01;
    10993 : A8;
    10994 : AA;
    10995 : 0B;
    10996 : 07;
    10997 : 83;
    10998 : AC;
    10999 : 9C;
    11000 : 32;
    11001 : 92;
    11002 : C0;
    11003 : A8;
    11004 : 0E;
    11005 : 21;
    11006 : 84;
    11007 : B8;
    11008 : DB;
    11009 : 60;
    11010 : 20;
    11011 : 98;
    11012 : B0;
    11013 : 8A;
    11014 : 53;
    11015 : 42;
    11016 : 9A;
    11017 : DC;
    11018 : 10;
    11019 : 13;
    11020 : A0;
    11021 : 09;
    11022 : 9E;
    11023 : 20;
    11024 : 33;
    11025 : B9;
    11026 : DB;
    11027 : 38;
    11028 : 34;
    11029 : 81;
    11030 : 88;
    11031 : BD;
    11032 : 12;
    11033 : 37;
    11034 : 98;
    11035 : CC;
    11036 : 28;
    11037 : 11;
    11038 : 93;
    11039 : 98;
    11040 : AB;
    11041 : 38;
    11042 : 70;
    11043 : 83;
    11044 : FA;
    11045 : 18;
    11046 : 02;
    11047 : 08;
    11048 : 19;
    11049 : BC;
    11050 : 10;
    11051 : 33;
    11052 : 81;
    11053 : BF;
    11054 : 2C;
    11055 : 04;
    11056 : A2;
    11057 : 09;
    11058 : BB;
    11059 : 49;
    11060 : 61;
    11061 : A1;
    11062 : DA;
    11063 : 0A;
    11064 : 14;
    11065 : 80;
    11066 : 8C;
    11067 : 98;
    11068 : 10;
    11069 : 62;
    11070 : 93;
    11071 : AC;
    11072 : 2B;
    11073 : 16;
    11074 : 11;
    11075 : 9A;
    11076 : B8;
    11077 : 28;
    11078 : 41;
    11079 : 85;
    11080 : DB;
    11081 : 0C;
    11082 : 33;
    11083 : 11;
    11084 : 99;
    11085 : CA;
    11086 : 29;
    11087 : 33;
    11088 : 06;
    11089 : C9;
    11090 : 9D;
    11091 : 42;
    11092 : 10;
    11093 : 99;
    11094 : C0;
    11095 : 8A;
    11096 : 42;
    11097 : 14;
    11098 : AA;
    11099 : BD;
    11100 : 22;
    11101 : 24;
    11102 : 99;
    11103 : 89;
    11104 : 8D;
    11105 : 11;
    11106 : 17;
    11107 : A9;
    11108 : AB;
    11109 : 38;
    11110 : 42;
    11111 : B1;
    11112 : B8;
    11113 : 9B;
    11114 : 39;
    11115 : 57;
    11116 : A8;
    11117 : CB;
    11118 : 11;
    11119 : 22;
    11120 : 02;
    11121 : A9;
    11122 : 9E;
    11123 : 92;
    11124 : 35;
    11125 : 91;
    11126 : CD;
    11127 : 20;
    11128 : 01;
    11129 : 92;
    11130 : 81;
    11131 : 9E;
    11132 : 20;
    11133 : 42;
    11134 : 90;
    11135 : F9;
    11136 : 29;
    11137 : 13;
    11138 : 98;
    11139 : 1A;
    11140 : EA;
    11141 : 00;
    11142 : 33;
    11143 : A8;
    11144 : BB;
    11145 : 1B;
    11146 : 35;
    11147 : B3;
    11148 : 8B;
    11149 : B8;
    11150 : 8A;
    11151 : 76;
    11152 : B1;
    11153 : CA;
    11154 : 28;
    11155 : 21;
    11156 : 13;
    11157 : 9D;
    11158 : 9A;
    11159 : 01;
    11160 : 78;
    11161 : 85;
    11162 : BA;
    11163 : 2A;
    11164 : 13;
    11165 : 21;
    11166 : A9;
    11167 : FB;
    11168 : 20;
    11169 : 21;
    11170 : 03;
    11171 : EC;
    11172 : 0B;
    11173 : 24;
    11174 : 01;
    11175 : 19;
    11176 : DB;
    11177 : 1A;
    11178 : 33;
    11179 : 94;
    11180 : B8;
    11181 : 9F;
    11182 : 21;
    11183 : 22;
    11184 : 9A;
    11185 : D1;
    11186 : 9A;
    11187 : 62;
    11188 : 83;
    11189 : 9B;
    11190 : AB;
    11191 : 21;
    11192 : 55;
    11193 : A8;
    11194 : 99;
    11195 : 9B;
    11196 : 38;
    11197 : 37;
    11198 : C9;
    11199 : 99;
    11200 : 10;
    11201 : 40;
    11202 : 92;
    11203 : CA;
    11204 : 99;
    11205 : 10;
    11206 : 37;
    11207 : A8;
    11208 : AD;
    11209 : 21;
    11210 : 10;
    11211 : 02;
    11212 : B8;
    11213 : 8F;
    11214 : 01;
    11215 : 33;
    11216 : 81;
    11217 : CD;
    11218 : 49;
    11219 : 10;
    11220 : 80;
    11221 : 91;
    11222 : CC;
    11223 : 21;
    11224 : 42;
    11225 : 98;
    11226 : C8;
    11227 : 1B;
    11228 : 24;
    11229 : 92;
    11230 : 19;
    11231 : FA;
    11232 : 09;
    11233 : 44;
    11234 : A0;
    11235 : AA;
    11236 : 0A;
    11237 : 31;
    11238 : 86;
    11239 : A9;
    11240 : A8;
    11241 : 89;
    11242 : 72;
    11243 : A3;
    11244 : BC;
    11245 : 29;
    11246 : 82;
    11247 : 15;
    11248 : A9;
    11249 : BB;
    11250 : 40;
    11251 : 58;
    11252 : 04;
    11253 : CB;
    11254 : 0B;
    11255 : 14;
    11256 : 10;
    11257 : 90;
    11258 : EA;
    11259 : 29;
    11260 : 32;
    11261 : 12;
    11262 : E9;
    11263 : 9C;
    11264 : 33;
    11265 : 03;
    11266 : 09;
    11267 : DA;
    11268 : 0C;
    11269 : 53;
    11270 : 93;
    11271 : 99;
    11272 : BC;
    11273 : 21;
    11274 : 35;
    11275 : AA;
    11276 : A8;
    11277 : 8C;
    11278 : 50;
    11279 : 06;
    11280 : AA;
    11281 : A9;
    11282 : 10;
    11283 : 62;
    11284 : 90;
    11285 : 9B;
    11286 : 0A;
    11287 : 01;
    11288 : 27;
    11289 : C8;
    11290 : 9A;
    11291 : 20;
    11292 : 20;
    11293 : 93;
    11294 : D9;
    11295 : 1B;
    11296 : 12;
    11297 : 25;
    11298 : A0;
    11299 : CD;
    11300 : 38;
    11301 : 31;
    11302 : 90;
    11303 : B8;
    11304 : 9F;
    11305 : 12;
    11306 : 32;
    11307 : 89;
    11308 : FA;
    11309 : 2A;
    11310 : 33;
    11311 : 91;
    11312 : 0A;
    11313 : DB;
    11314 : 21;
    11315 : 35;
    11316 : B8;
    11317 : BA;
    11318 : 0B;
    11319 : 55;
    11320 : 93;
    11321 : AB;
    11322 : 9A;
    11323 : 10;
    11324 : 56;
    11325 : A0;
    11326 : CB;
    11327 : 28;
    11328 : 21;
    11329 : 84;
    11330 : BB;
    11331 : AB;
    11332 : 14;
    11333 : 71;
    11334 : 91;
    11335 : CB;
    11336 : 2A;
    11337 : 13;
    11338 : 03;
    11339 : AB;
    11340 : CD;
    11341 : 30;
    11342 : 32;
    11343 : 92;
    11344 : FB;
    11345 : 0C;
    11346 : 33;
    11347 : 02;
    11348 : AA;
    11349 : DA;
    11350 : 39;
    11351 : 73;
    11352 : 90;
    11353 : AA;
    11354 : 8A;
    11355 : 43;
    11356 : 15;
    11357 : AB;
    11358 : A9;
    11359 : 19;
    11360 : 72;
    11361 : 94;
    11362 : AB;
    11363 : AA;
    11364 : 33;
    11365 : 44;
    11366 : B8;
    11367 : B8;
    11368 : 18;
    11369 : 69;
    11370 : 33;
    11371 : DA;
    11372 : BA;
    11373 : 23;
    11374 : 22;
    11375 : B9;
    11376 : 9F;
    11377 : 2A;
    11378 : 12;
    11379 : 04;
    11380 : C8;
    11381 : AD;
    11382 : 40;
    11383 : 22;
    11384 : A8;
    11385 : E8;
    11386 : 19;
    11387 : 11;
    11388 : 22;
    11389 : 0A;
    11390 : EB;
    11391 : 11;
    11392 : 32;
    11393 : C0;
    11394 : 1A;
    11395 : 1C;
    11396 : 03;
    11397 : 84;
    11398 : CD;
    11399 : 99;
    11400 : 59;
    11401 : 32;
    11402 : 92;
    11403 : CB;
    11404 : 88;
    11405 : 31;
    11406 : 73;
    11407 : 90;
    11408 : DA;
    11409 : 00;
    11410 : 20;
    11411 : 01;
    11412 : 8B;
    11413 : 2B;
    11414 : 07;
    11415 : 01;
    11416 : B9;
    11417 : CC;
    11418 : 59;
    11419 : 22;
    11420 : 93;
    11421 : BB;
    11422 : 9E;
    11423 : 22;
    11424 : 41;
    11425 : A1;
    11426 : D9;
    11427 : 8A;
    11428 : 31;
    11429 : 01;
    11430 : 8C;
    11431 : 98;
    11432 : 24;
    11433 : 24;
    11434 : BB;
    11435 : CC;
    11436 : 2B;
    11437 : 35;
    11438 : 93;
    11439 : 9C;
    11440 : AC;
    11441 : 18;
    11442 : 63;
    11443 : A1;
    11444 : B8;
    11445 : 0B;
    11446 : 31;
    11447 : 15;
    11448 : AC;
    11449 : A0;
    11450 : 23;
    11451 : 50;
    11452 : 90;
    11453 : BC;
    11454 : 0B;
    11455 : 16;
    11456 : 14;
    11457 : 99;
    11458 : BB;
    11459 : 30;
    11460 : 42;
    11461 : 84;
    11462 : C8;
    11463 : 8D;
    11464 : 10;
    11465 : 14;
    11466 : 98;
    11467 : B0;
    11468 : 29;
    11469 : 68;
    11470 : 90;
    11471 : 9A;
    11472 : BC;
    11473 : 25;
    11474 : 34;
    11475 : 9B;
    11476 : CA;
    11477 : 19;
    11478 : 23;
    11479 : 06;
    11480 : 9B;
    11481 : AC;
    11482 : 08;
    11483 : 43;
    11484 : C0;
    11485 : 98;
    11486 : 39;
    11487 : 38;
    11488 : 85;
    11489 : CA;
    11490 : BA;
    11491 : 42;
    11492 : 72;
    11493 : 98;
    11494 : AA;
    11495 : 18;
    11496 : 23;
    11497 : 26;
    11498 : 9A;
    11499 : BC;
    11500 : 10;
    11501 : 32;
    11502 : C3;
    11503 : A9;
    11504 : 1E;
    11505 : 01;
    11506 : 13;
    11507 : B9;
    11508 : FB;
    11509 : 48;
    11510 : 41;
    11511 : A0;
    11512 : BA;
    11513 : 9B;
    11514 : 42;
    11515 : 34;
    11516 : 89;
    11517 : EB;
    11518 : 09;
    11519 : 52;
    11520 : 92;
    11521 : 09;
    11522 : 0B;
    11523 : 10;
    11524 : 15;
    11525 : C8;
    11526 : BA;
    11527 : 3B;
    11528 : 72;
    11529 : 93;
    11530 : BB;
    11531 : AC;
    11532 : 21;
    11533 : 72;
    11534 : 81;
    11535 : B9;
    11536 : 0B;
    11537 : 31;
    11538 : 24;
    11539 : 89;
    11540 : AC;
    11541 : 21;
    11542 : 24;
    11543 : A1;
    11544 : DC;
    11545 : 8B;
    11546 : 43;
    11547 : 04;
    11548 : A9;
    11549 : AE;
    11550 : 28;
    11551 : 40;
    11552 : 92;
    11553 : C0;
    11554 : 8B;
    11555 : 41;
    11556 : 24;
    11557 : 8A;
    11558 : B9;
    11559 : 28;
    11560 : 41;
    11561 : A3;
    11562 : 9D;
    11563 : 9D;
    11564 : 12;
    11565 : 15;
    11566 : B9;
    11567 : AB;
    11568 : 19;
    11569 : 63;
    11570 : 84;
    11571 : B8;
    11572 : BB;
    11573 : 48;
    11574 : 63;
    11575 : 89;
    11576 : B9;
    11577 : 18;
    11578 : 31;
    11579 : 04;
    11580 : AA;
    11581 : AF;
    11582 : 12;
    11583 : 43;
    11584 : A9;
    11585 : AC;
    11586 : 1B;
    11587 : 24;
    11588 : 05;
    11589 : 98;
    11590 : BC;
    11591 : 39;
    11592 : 62;
    11593 : 91;
    11594 : A8;
    11595 : 09;
    11596 : 22;
    11597 : 24;
    11598 : 99;
    11599 : DC;
    11600 : 10;
    11601 : 44;
    11602 : A0;
    11603 : AA;
    11604 : 8C;
    11605 : 12;
    11606 : 16;
    11607 : 98;
    11608 : CB;
    11609 : 1A;
    11610 : 41;
    11611 : 93;
    11612 : B9;
    11613 : 8C;
    11614 : 10;
    11615 : 63;
    11616 : 98;
    11617 : D9;
    11618 : 19;
    11619 : 32;
    11620 : 04;
    11621 : CB;
    11622 : AA;
    11623 : 23;
    11624 : 45;
    11625 : 91;
    11626 : DB;
    11627 : 9B;
    11628 : 12;
    11629 : 05;
    11630 : 99;
    11631 : AB;
    11632 : 29;
    11633 : 52;
    11634 : 91;
    11635 : C9;
    11636 : 0B;
    11637 : 53;
    11638 : 04;
    11639 : AA;
    11640 : DB;
    11641 : 30;
    11642 : 63;
    11643 : 81;
    11644 : A9;
    11645 : AC;
    11646 : 12;
    11647 : 16;
    11648 : 98;
    11649 : A9;
    11650 : 19;
    11651 : 22;
    11652 : 94;
    11653 : BA;
    11654 : 8D;
    11655 : 32;
    11656 : 26;
    11657 : BA;
    11658 : BB;
    11659 : 39;
    11660 : 73;
    11661 : 03;
    11662 : A9;
    11663 : BC;
    11664 : 10;
    11665 : 44;
    11666 : 98;
    11667 : AA;
    11668 : 1A;
    11669 : 12;
    11670 : 96;
    11671 : AA;
    11672 : AD;
    11673 : 41;
    11674 : 33;
    11675 : D0;
    11676 : BA;
    11677 : 2B;
    11678 : 52;
    11679 : 14;
    11680 : A9;
    11681 : DB;
    11682 : 28;
    11683 : 43;
    11684 : 91;
    11685 : AA;
    11686 : 1B;
    11687 : 23;
    11688 : 15;
    11689 : BA;
    11690 : BD;
    11691 : 30;
    11692 : 64;
    11693 : B1;
    11694 : AB;
    11695 : 0B;
    11696 : 32;
    11697 : 26;
    11698 : A8;
    11699 : EA;
    11700 : 19;
    11701 : 41;
    11702 : 92;
    11703 : 9A;
    11704 : 9A;
    11705 : 14;
    11706 : 32;
    11707 : C8;
    11708 : DA;
    11709 : 29;
    11710 : 34;
    11711 : 94;
    11712 : AC;
    11713 : 8C;
    11714 : 31;
    11715 : 42;
    11716 : A8;
    11717 : D9;
    11718 : 0A;
    11719 : 22;
    11720 : 86;
    11721 : 99;
    11722 : B9;
    11723 : 23;
    11724 : 51;
    11725 : A8;
    11726 : E9;
    11727 : 10;
    11728 : 32;
    11729 : 20;
    11730 : CB;
    11731 : AC;
    11732 : 40;
    11733 : 28;
    11734 : AA;
    11735 : C5;
    11736 : 9E;
    11737 : 12;
    11738 : 34;
    11739 : 80;
    11740 : 90;
    11741 : 10;
    11742 : 18;
    11743 : B0;
    11744 : CF;
    11745 : 8B;
    11746 : 11;
    11747 : 42;
    11748 : A0;
    11749 : AA;
    11750 : 48;
    11751 : 33;
    11752 : BA;
    11753 : 95;
    11754 : 9C;
    11755 : 80;
    11756 : 71;
    11757 : 90;
    11758 : AA;
    11759 : 32;
    11760 : 81;
    11761 : 92;
    11762 : FC;
    11763 : 0A;
    11764 : 24;
    11765 : 22;
    11766 : B0;
    11767 : BB;
    11768 : 49;
    11769 : 44;
    11770 : 93;
    11771 : BB;
    11772 : CA;
    11773 : 08;
    11774 : 3A;
    11775 : C5;
    11776 : BB;
    11777 : 49;
    11778 : 11;
    11779 : 33;
    11780 : 83;
    11781 : 0C;
    11782 : 59;
    11783 : 54;
    11784 : B9;
    11785 : CB;
    11786 : 08;
    11787 : 28;
    11788 : 33;
    11789 : A0;
    11790 : AF;
    11791 : 28;
    11792 : 31;
    11793 : 92;
    11794 : CC;
    11795 : 9A;
    11796 : 25;
    11797 : 03;
    11798 : 9A;
    11799 : A9;
    11800 : 2C;
    11801 : 46;
    11802 : A2;
    11803 : CB;
    11804 : 9C;
    11805 : 01;
    11806 : 33;
    11807 : 01;
    11808 : BA;
    11809 : 3D;
    11810 : 52;
    11811 : A3;
    11812 : BA;
    11813 : CB;
    11814 : 21;
    11815 : 50;
    11816 : B8;
    11817 : A9;
    11818 : 09;
    11819 : 71;
    11820 : 84;
    11821 : 98;
    11822 : AC;
    11823 : 20;
    11824 : 63;
    11825 : 90;
    11826 : 90;
    11827 : 2B;
    11828 : 52;
    11829 : A4;
    11830 : CA;
    11831 : BB;
    11832 : 30;
    11833 : 41;
    11834 : A1;
    11835 : A9;
    11836 : 2C;
    11837 : 34;
    11838 : 85;
    11839 : AB;
    11840 : CA;
    11841 : 50;
    11842 : 31;
    11843 : A1;
    11844 : DA;
    11845 : 8B;
    11846 : 41;
    11847 : 04;
    11848 : 8A;
    11849 : BB;
    11850 : 30;
    11851 : 43;
    11852 : 90;
    11853 : EA;
    11854 : 1B;
    11855 : 33;
    11856 : 26;
    11857 : 99;
    11858 : DC;
    11859 : 19;
    11860 : 32;
    11861 : 88;
    11862 : 9A;
    11863 : BC;
    11864 : 22;
    11865 : 17;
    11866 : 88;
    11867 : BA;
    11868 : 39;
    11869 : 44;
    11870 : 93;
    11871 : CA;
    11872 : BB;
    11873 : 31;
    11874 : 55;
    11875 : 98;
    11876 : B8;
    11877 : 1A;
    11878 : 31;
    11879 : 05;
    11880 : AA;
    11881 : BC;
    11882 : 31;
    11883 : 46;
    11884 : 98;
    11885 : BA;
    11886 : 2A;
    11887 : 23;
    11888 : 85;
    11889 : BA;
    11890 : BF;
    11891 : 20;
    11892 : 13;
    11893 : B1;
    11894 : B9;
    11895 : 3C;
    11896 : 44;
    11897 : 14;
    11898 : 9A;
    11899 : DC;
    11900 : 10;
    11901 : 21;
    11902 : B1;
    11903 : B8;
    11904 : 0C;
    11905 : 23;
    11906 : 26;
    11907 : BA;
    11908 : CA;
    11909 : 39;
    11910 : 62;
    11911 : A2;
    11912 : B9;
    11913 : 8D;
    11914 : 21;
    11915 : 24;
    11916 : 99;
    11917 : B9;
    11918 : 3A;
    11919 : 53;
    11920 : 93;
    11921 : AC;
    11922 : 9C;
    11923 : 24;
    11924 : 32;
    11925 : B9;
    11926 : FA;
    11927 : 0A;
    11928 : 33;
    11929 : 14;
    11930 : AB;
    11931 : 9D;
    11932 : 21;
    11933 : 34;
    11934 : A0;
    11935 : D9;
    11936 : 1B;
    11937 : 33;
    11938 : 06;
    11939 : 9B;
    11940 : 9C;
    11941 : 10;
    11942 : 53;
    11943 : A0;
    11944 : C9;
    11945 : 0C;
    11946 : 21;
    11947 : 23;
    11948 : BA;
    11949 : AE;
    11950 : 20;
    11951 : 43;
    11952 : A2;
    11953 : CB;
    11954 : 8E;
    11955 : 12;
    11956 : 14;
    11957 : 90;
    11958 : BB;
    11959 : 29;
    11960 : 34;
    11961 : 92;
    11962 : D8;
    11963 : 8C;
    11964 : 43;
    11965 : 23;
    11966 : B9;
    11967 : DC;
    11968 : 19;
    11969 : 41;
    11970 : 82;
    11971 : AA;
    11972 : 9C;
    11973 : 21;
    11974 : 35;
    11975 : A8;
    11976 : CA;
    11977 : 19;
    11978 : 43;
    11979 : 04;
    11980 : AA;
    11981 : AE;
    11982 : 21;
    11983 : 52;
    11984 : A0;
    11985 : BB;
    11986 : 0B;
    11987 : 23;
    11988 : 26;
    11989 : 98;
    11990 : BC;
    11991 : 30;
    11992 : 53;
    11993 : A2;
    11994 : DA;
    11995 : 8B;
    11996 : 22;
    11997 : 15;
    11998 : B9;
    11999 : CC;
    12000 : 28;
    12001 : 41;
    12002 : 93;
    12003 : A8;
    12004 : AC;
    12005 : 21;
    12006 : 54;
    12007 : 99;
    12008 : CB;
    12009 : 1A;
    12010 : 42;
    12011 : 83;
    12012 : BA;
    12013 : 9D;
    12014 : 22;
    12015 : 62;
    12016 : 98;
    12017 : B9;
    12018 : 2A;
    12019 : 44;
    12020 : 04;
    12021 : AA;
    12022 : AC;
    12023 : 21;
    12024 : 51;
    12025 : 80;
    12026 : CA;
    12027 : 8A;
    12028 : 33;
    12029 : 16;
    12030 : A9;
    12031 : CA;
    12032 : 28;
    12033 : 52;
    12034 : 91;
    12035 : BA;
    12036 : 0D;
    12037 : 22;
    12038 : 15;
    12039 : B9;
    12040 : CB;
    12041 : 2A;
    12042 : 42;
    12043 : 82;
    12044 : BA;
    12045 : 8D;
    12046 : 12;
    12047 : 24;
    12048 : B8;
    12049 : DB;
    12050 : 3A;
    12051 : 42;
    12052 : 84;
    12053 : BB;
    12054 : BC;
    12055 : 43;
    12056 : 52;
    12057 : A8;
    12058 : B9;
    12059 : 2A;
    12060 : 43;
    12061 : 05;
    12062 : AA;
    12063 : AC;
    12064 : 21;
    12065 : 63;
    12066 : A0;
    12067 : BA;
    12068 : 0B;
    12069 : 43;
    12070 : 14;
    12071 : BA;
    12072 : CB;
    12073 : 40;
    12074 : 63;
    12075 : A1;
    12076 : AA;
    12077 : 8A;
    12078 : 14;
    12079 : 15;
    12080 : AA;
    12081 : CB;
    12082 : 38;
    12083 : 52;
    12084 : 92;
    12085 : AB;
    12086 : 9C;
    12087 : 23;
    12088 : 24;
    12089 : C9;
    12090 : DB;
    12091 : 28;
    12092 : 32;
    12093 : A3;
    12094 : AC;
    12095 : 8E;
    12096 : 22;
    12097 : 24;
    12098 : B8;
    12099 : D9;
    12100 : 29;
    12101 : 22;
    12102 : A4;
    12103 : 9C;
    12104 : A9;
    12105 : 32;
    12106 : 25;
    12107 : B9;
    12108 : BC;
    12109 : 1A;
    12110 : 53;
    12111 : 84;
    12112 : 9A;
    12113 : BA;
    12114 : 63;
    12115 : 52;
    12116 : B1;
    12117 : BA;
    12118 : 19;
    12119 : 53;
    12120 : 82;
    12121 : BA;
    12122 : DA;
    12123 : 30;
    12124 : 32;
    12125 : B3;
    12126 : BF;
    12127 : 0B;
    12128 : 14;
    12129 : 33;
    12130 : BA;
    12131 : FB;
    12132 : 28;
    12133 : 31;
    12134 : B2;
    12135 : CC;
    12136 : 09;
    12137 : 23;
    12138 : 36;
    12139 : 88;
    12140 : B9;
    12141 : 2B;
    12142 : 34;
    12143 : A3;
    12144 : DC;
    12145 : 9C;
    12146 : 01;
    12147 : 30;
    12148 : CA;
    12149 : B8;
    12150 : 1B;
    12151 : 79;
    12152 : 02;
    12153 : 0A;
    12154 : A8;
    12155 : 33;
    12156 : 71;
    12157 : 81;
    12158 : C0;
    12159 : 09;
    12160 : 38;
    12161 : 83;
    12162 : 02;
    12163 : BF;
    12164 : 83;
    12165 : 60;
    12166 : 91;
    12167 : 00;
    12168 : 2A;
    12169 : 12;
    12170 : 86;
    12171 : EA;
    12172 : 98;
    12173 : 10;
    12174 : 44;
    12175 : AA;
    12176 : C0;
    12177 : 8B;
    12178 : 33;
    12179 : 42;
    12180 : BC;
    12181 : BB;
    12182 : 40;
    12183 : 85;
    12184 : 91;
    12185 : CA;
    12186 : 48;
    12187 : 98;
    12188 : 06;
    12189 : AB;
    12190 : 9A;
    12191 : 48;
    12192 : 18;
    12193 : B3;
    12194 : 99;
    12195 : F9;
    12196 : 28;
    12197 : 43;
    12198 : 31;
    12199 : FB;
    12200 : 00;
    12201 : 20;
    12202 : 32;
    12203 : 88;
    12204 : CD;
    12205 : 98;
    12206 : 33;
    12207 : 84;
    12208 : BB;
    12209 : AB;
    12210 : 78;
    12211 : 95;
    12212 : 01;
    12213 : BA;
    12214 : 09;
    12215 : 61;
    12216 : 91;
    12217 : C2;
    12218 : 9A;
    12219 : 81;
    12220 : 48;
    12221 : 80;
    12222 : 08;
    12223 : D9;
    12224 : 30;
    12225 : 11;
    12226 : 81;
    12227 : 81;
    12228 : B0;
    12229 : A4;
    12230 : 32;
    12231 : 03;
    12232 : FF;
    12233 : 08;
    12234 : 48;
    12235 : A3;
    12236 : 29;
    12237 : BC;
    12238 : 88;
    12239 : 30;
    12240 : C3;
    12241 : A8;
    12242 : 0D;
    12243 : 14;
    12244 : 9B;
    12245 : 02;
    12246 : 48;
    12247 : A4;
    12248 : 3B;
    12249 : C8;
    12250 : 89;
    12251 : 12;
    12252 : B4;
    12253 : BC;
    12254 : 2A;
    12255 : 56;
    12256 : A8;
    12257 : 08;
    12258 : 2B;
    12259 : 07;
    12260 : 48;
    12261 : A0;
    12262 : BA;
    12263 : 19;
    12264 : 04;
    12265 : 01;
    12266 : AD;
    12267 : 81;
    12268 : 9B;
    12269 : 44;
    12270 : 21;
    12271 : C3;
    12272 : 8D;
    12273 : 11;
    12274 : 80;
    12275 : A2;
    12276 : 9A;
    12277 : AF;
    12278 : 29;
    12279 : 54;
    12280 : C0;
    12281 : 09;
    12282 : 1A;
    12283 : 15;
    12284 : 18;
    12285 : B0;
    12286 : CB;
    12287 : 29;
    12288 : 35;
    12289 : 91;
    12290 : DB;
    12291 : 38;
    12292 : 80;
    12293 : 22;
    12294 : 98;
    12295 : B2;
    12296 : AF;
    12297 : 52;
    12298 : 80;
    12299 : 90;
    12300 : 1B;
    12301 : C8;
    12302 : 28;
    12303 : 70;
    12304 : C1;
    12305 : 89;
    12306 : 88;
    12307 : 17;
    12308 : 89;
    12309 : 80;
    12310 : 9A;
    12311 : 0A;
    12312 : 41;
    12313 : 91;
    12314 : AD;
    12315 : 29;
    12316 : 94;
    12317 : 00;
    12318 : 88;
    12319 : 43;
    12320 : 8C;
    12321 : 60;
    12322 : 92;
    12323 : 88;
    12324 : 2B;
    12325 : C2;
    12326 : 0B;
    12327 : 4A;
    12328 : 87;
    12329 : 09;
    12330 : A9;
    12331 : 63;
    12332 : 89;
    12333 : 88;
    12334 : A0;
    12335 : 9C;
    12336 : 29;
    12337 : 15;
    12338 : BC;
    12339 : 8A;
    12340 : 82;
    12341 : 0A;
    12342 : 13;
    12343 : 65;
    12344 : B9;
    12345 : 29;
    12346 : 22;
    12347 : 01;
    12348 : 8B;
    12349 : 04;
    12350 : 8D;
    12351 : 00;
    12352 : 27;
    12353 : BB;
    12354 : A9;
    12355 : 71;
    12356 : 92;
    12357 : 90;
    12358 : 8A;
    12359 : 9C;
    12360 : 31;
    12361 : 54;
    12362 : B8;
    12363 : AA;
    12364 : 41;
    12365 : 08;
    12366 : 00;
    12367 : 3B;
    12368 : F2;
    12369 : 1C;
    12370 : 21;
    12371 : 98;
    12372 : DB;
    12373 : 10;
    12374 : 90;
    12375 : 01;
    12376 : 63;
    12377 : BA;
    12378 : A8;
    12379 : 70;
    12380 : 94;
    12381 : 98;
    12382 : 0A;
    12383 : 91;
    12384 : 21;
    12385 : 31;
    12386 : F1;
    12387 : 9C;
    12388 : 40;
    12389 : 82;
    12390 : 08;
    12391 : 1C;
    12392 : 84;
    12393 : 1B;
    12394 : 20;
    12395 : A1;
    12396 : AC;
    12397 : 19;
    12398 : A4;
    12399 : 98;
    12400 : 79;
    12401 : A1;
    12402 : 18;
    12403 : 3B;
    12404 : 17;
    12405 : 89;
    12406 : 8B;
    12407 : 92;
    12408 : 29;
    12409 : 28;
    12410 : A7;
    12411 : AC;
    12412 : 1C;
    12413 : 85;
    12414 : 29;
    12415 : AA;
    12416 : 16;
    12417 : 8B;
    12418 : 80;
    12419 : 03;
    12420 : AB;
    12421 : 99;
    12422 : 43;
    12423 : 9A;
    12424 : 10;
    12425 : 84;
    12426 : 8E;
    12427 : 9B;
    12428 : 47;
    12429 : 98;
    12430 : A8;
    12431 : 11;
    12432 : 2A;
    12433 : 11;
    12434 : 13;
    12435 : BF;
    12436 : 9A;
    12437 : 35;
    12438 : 18;
    12439 : D0;
    12440 : 31;
    12441 : BA;
    12442 : 80;
    12443 : 71;
    12444 : B9;
    12445 : A0;
    12446 : 50;
    12447 : 91;
    12448 : 08;
    12449 : 10;
    12450 : DA;
    12451 : C0;
    12452 : 71;
    12453 : A1;
    12454 : A9;
    12455 : 28;
    12456 : 81;
    12457 : 22;
    12458 : 40;
    12459 : E9;
    12460 : 8A;
    12461 : 51;
    12462 : 81;
    12463 : B0;
    12464 : 3B;
    12465 : E3;
    12466 : 00;
    12467 : 4B;
    12468 : C0;
    12469 : 09;
    12470 : 2A;
    12471 : 96;
    12472 : 09;
    12473 : 1A;
    12474 : A0;
    12475 : 80;
    12476 : 7B;
    12477 : 95;
    12478 : 8A;
    12479 : 1A;
    12480 : 83;
    12481 : 11;
    12482 : 19;
    12483 : D3;
    12484 : 8B;
    12485 : 7A;
    12486 : 83;
    12487 : 98;
    12488 : 1D;
    12489 : 94;
    12490 : 20;
    12491 : 0A;
    12492 : A3;
    12493 : 0B;
    12494 : 8B;
    12495 : 27;
    12496 : 09;
    12497 : 9B;
    12498 : A4;
    12499 : 0A;
    12500 : 0B;
    12501 : 27;
    12502 : 8B;
    12503 : AC;
    12504 : 04;
    12505 : 08;
    12506 : C9;
    12507 : 11;
    12508 : AB;
    12509 : 29;
    12510 : 17;
    12511 : 00;
    12512 : 8D;
    12513 : 04;
    12514 : 09;
    12515 : 88;
    12516 : 14;
    12517 : 8C;
    12518 : C9;
    12519 : 24;
    12520 : 08;
    12521 : B8;
    12522 : 80;
    12523 : 1D;
    12524 : 88;
    12525 : 45;
    12526 : 99;
    12527 : B9;
    12528 : 50;
    12529 : 00;
    12530 : B1;
    12531 : 39;
    12532 : B9;
    12533 : 8B;
    12534 : 17;
    12535 : 80;
    12536 : CC;
    12537 : 43;
    12538 : 08;
    12539 : 98;
    12540 : 63;
    12541 : A9;
    12542 : C1;
    12543 : 58;
    12544 : 80;
    12545 : 91;
    12546 : 29;
    12547 : 8B;
    12548 : 91;
    12549 : 31;
    12550 : C0;
    12551 : DB;
    12552 : 4C;
    12553 : 12;
    12554 : B1;
    12555 : 1E;
    12556 : A1;
    12557 : 89;
    12558 : 42;
    12559 : 81;
    12560 : FB;
    12561 : 49;
    12562 : 90;
    12563 : 90;
    12564 : 29;
    12565 : D2;
    12566 : 88;
    12567 : 39;
    12568 : A2;
    12569 : 18;
    12570 : 3D;
    12571 : 98;
    12572 : 03;
    12573 : 78;
    12574 : A2;
    12575 : BA;
    12576 : 5B;
    12577 : 04;
    12578 : 92;
    12579 : 0F;
    12580 : 90;
    12581 : 00;
    12582 : 58;
    12583 : 80;
    12584 : B0;
    12585 : 6B;
    12586 : 92;
    12587 : 90;
    12588 : 29;
    12589 : B1;
    12590 : 2A;
    12591 : 3D;
    12592 : A3;
    12593 : 18;
    12594 : 2A;
    12595 : F8;
    12596 : 11;
    12597 : 59;
    12598 : 80;
    12599 : A9;
    12600 : 3D;
    12601 : 81;
    12602 : 04;
    12603 : 9A;
    12604 : 89;
    12605 : 08;
    12606 : 5D;
    12607 : C1;
    12608 : 91;
    12609 : 1E;
    12610 : 82;
    12611 : A0;
    12612 : 18;
    12613 : 90;
    12614 : 09;
    12615 : 19;
    12616 : 01;
    12617 : 98;
    12618 : 53;
    12619 : BD;
    12620 : 32;
    12621 : 50;
    12622 : A0;
    12623 : B2;
    12624 : 0C;
    12625 : 92;
    12626 : 67;
    12627 : 89;
    12628 : 9B;
    12629 : 10;
    12630 : 28;
    12631 : A4;
    12632 : 28;
    12633 : AD;
    12634 : 13;
    12635 : 12;
    12636 : 98;
    12637 : 8A;
    12638 : 0E;
    12639 : 10;
    12640 : 28;
    12641 : C2;
    12642 : 12;
    12643 : CE;
    12644 : 30;
    12645 : 13;
    12646 : D1;
    12647 : 19;
    12648 : 9C;
    12649 : 80;
    12650 : 73;
    12651 : 90;
    12652 : 8E;
    12653 : 08;
    12654 : 12;
    12655 : A1;
    12656 : 19;
    12657 : CB;
    12658 : 58;
    12659 : 12;
    12660 : 91;
    12661 : AC;
    12662 : 01;
    12663 : 48;
    12664 : 90;
    12665 : B2;
    12666 : 69;
    12667 : AB;
    12668 : 12;
    12669 : 31;
    12670 : F1;
    12671 : 0A;
    12672 : B0;
    12673 : 10;
    12674 : 73;
    12675 : 81;
    12676 : CD;
    12677 : 31;
    12678 : 02;
    12679 : 08;
    12680 : 09;
    12681 : C1;
    12682 : 2C;
    12683 : 06;
    12684 : 80;
    12685 : BB;
    12686 : 82;
    12687 : 38;
    12688 : C0;
    12689 : 94;
    12690 : 3B;
    12691 : FB;
    12692 : 02;
    12693 : 28;
    12694 : C9;
    12695 : 1B;
    12696 : 91;
    12697 : 3B;
    12698 : 14;
    12699 : 27;
    12700 : AD;
    12701 : 00;
    12702 : 23;
    12703 : 29;
    12704 : 81;
    12705 : 91;
    12706 : BF;
    12707 : 84;
    12708 : 02;
    12709 : 9F;
    12710 : 80;
    12711 : 08;
    12712 : 80;
    12713 : 00;
    12714 : 88;
    12715 : 8A;
    12716 : A4;
    12717 : 26;
    12718 : 10;
    12719 : 9A;
    12720 : 92;
    12721 : 3E;
    12722 : 92;
    12723 : 26;
    12724 : AA;
    12725 : AA;
    12726 : 04;
    12727 : 1A;
    12728 : E2;
    12729 : 12;
    12730 : 0B;
    12731 : 24;
    12732 : 92;
    12733 : 0C;
    12734 : 8C;
    12735 : 11;
    12736 : 38;
    12737 : 90;
    12738 : F0;
    12739 : 18;
    12740 : 8C;
    12741 : 84;
    12742 : 28;
    12743 : C9;
    12744 : 10;
    12745 : 3A;
    12746 : 9B;
    12747 : 85;
    12748 : 98;
    12749 : 9E;
    12750 : 21;
    12751 : 02;
    12752 : C9;
    12753 : A0;
    12754 : 98;
    12755 : 7C;
    12756 : 11;
    12757 : 09;
    12758 : 9A;
    12759 : 03;
    12760 : 11;
    12761 : 1D;
    12762 : F2;
    12763 : 11;
    12764 : 99;
    12765 : 13;
    12766 : 18;
    12767 : A9;
    12768 : 90;
    12769 : 43;
    12770 : 0A;
    12771 : 24;
    12772 : E2;
    12773 : 9C;
    12774 : 0A;
    12775 : 27;
    12776 : 09;
    12777 : 80;
    12778 : A0;
    12779 : 5A;
    12780 : 02;
    12781 : A3;
    12782 : 8E;
    12783 : 91;
    12784 : 11;
    12785 : 28;
    12786 : C9;
    12787 : 88;
    12788 : AB;
    12789 : 53;
    12790 : 10;
    12791 : 91;
    12792 : AF;
    12793 : 83;
    12794 : 3A;
    12795 : 90;
    12796 : A4;
    12797 : BD;
    12798 : 1E;
    12799 : 15;
    12800 : 89;
    12801 : A9;
    12802 : 08;
    12803 : 2C;
    12804 : 13;
    12805 : 95;
    12806 : 9B;
    12807 : 29;
    12808 : 22;
    12809 : 04;
    12810 : C8;
    12811 : 91;
    12812 : 00;
    12813 : 70;
    12814 : 10;
    12815 : A8;
    12816 : AD;
    12817 : 02;
    12818 : 20;
    12819 : 23;
    12820 : A4;
    12821 : F1;
    12822 : 0B;
    12823 : 73;
    12824 : A8;
    12825 : 08;
    12826 : 8B;
    12827 : 08;
    12828 : 28;
    12829 : 06;
    12830 : AE;
    12831 : 01;
    12832 : 11;
    12833 : 93;
    12834 : 8A;
    12835 : 92;
    12836 : 0D;
    12837 : 23;
    12838 : 68;
    12839 : A9;
    12840 : AA;
    12841 : 84;
    12842 : 8A;
    12843 : B4;
    12844 : 28;
    12845 : BA;
    12846 : 0E;
    12847 : 15;
    12848 : 88;
    12849 : 8A;
    12850 : 08;
    12851 : A8;
    12852 : 54;
    12853 : 15;
    12854 : 9F;
    12855 : 80;
    12856 : 30;
    12857 : 28;
    12858 : 9A;
    12859 : A1;
    12860 : 1A;
    12861 : A9;
    12862 : 71;
    12863 : 90;
    12864 : 81;
    12865 : 06;
    12866 : 19;
    12867 : B0;
    12868 : 11;
    12869 : DC;
    12870 : 0B;
    12871 : 11;
    12872 : 38;
    12873 : A0;
    12874 : 72;
    12875 : 0B;
    12876 : 11;
    12877 : B5;
    12878 : B1;
    12879 : B8;
    12880 : 43;
    12881 : 2E;
    12882 : 88;
    12883 : A1;
    12884 : 29;
    12885 : 89;
    12886 : 60;
    12887 : F8;
    12888 : 09;
    12889 : 02;
    12890 : 49;
    12891 : 90;
    12892 : 92;
    12893 : 0A;
    12894 : 41;
    12895 : 94;
    12896 : 0A;
    12897 : 8D;
    12898 : 80;
    12899 : 8F;
    12900 : 10;
    12901 : 13;
    12902 : A9;
    12903 : 9C;
    12904 : 52;
    12905 : 92;
    12906 : 09;
    12907 : 28;
    12908 : 00;
    12909 : 8E;
    12910 : 81;
    12911 : 20;
    12912 : 9F;
    12913 : 08;
    12914 : 16;
    12915 : 80;
    12916 : 80;
    12917 : 9A;
    12918 : 03;
    12919 : 99;
    12920 : 68;
    12921 : 20;
    12922 : C0;
    12923 : BB;
    12924 : 51;
    12925 : 81;
    12926 : 88;
    12927 : 0C;
    12928 : 12;
    12929 : 9C;
    12930 : 19;
    12931 : AB;
    12932 : 96;
    12933 : 3B;
    12934 : 14;
    12935 : 84;
    12936 : BB;
    12937 : AE;
    12938 : 23;
    12939 : 29;
    12940 : B9;
    12941 : 28;
    12942 : 31;
    12943 : BD;
    12944 : 03;
    12945 : 15;
    12946 : 9A;
    12947 : AC;
    12948 : 55;
    12949 : 98;
    12950 : C1;
    12951 : 19;
    12952 : 02;
    12953 : 43;
    12954 : 10;
    12955 : CB;
    12956 : E8;
    12957 : 49;
    12958 : 10;
    12959 : A3;
    12960 : AB;
    12961 : 90;
    12962 : 54;
    12963 : 91;
    12964 : AA;
    12965 : 1A;
    12966 : 30;
    12967 : DA;
    12968 : 35;
    12969 : 80;
    12970 : BD;
    12971 : 08;
    12972 : 17;
    12973 : 99;
    12974 : 90;
    12975 : 00;
    12976 : A8;
    12977 : 69;
    12978 : 00;
    12979 : A8;
    12980 : 1B;
    12981 : 49;
    12982 : 14;
    12983 : C2;
    12984 : 9B;
    12985 : 88;
    12986 : 28;
    12987 : 00;
    12988 : B9;
    12989 : 0D;
    12990 : B2;
    12991 : 89;
    12992 : 71;
    12993 : 92;
    12994 : CB;
    12995 : 41;
    12996 : 26;
    12997 : AA;
    12998 : 29;
    12999 : 28;
    13000 : FA;
    13001 : 20;
    13002 : 04;
    13003 : AA;
    13004 : 8C;
    13005 : 10;
    13006 : 05;
    13007 : 18;
    13008 : 88;
    13009 : 08;
    13010 : 01;
    13011 : 51;
    13012 : F3;
    13013 : 09;
    13014 : 89;
    13015 : 08;
    13016 : 51;
    13017 : 90;
    13018 : DC;
    13019 : 29;
    13020 : 22;
    13021 : 90;
    13022 : 39;
    13023 : 22;
    13024 : FD;
    13025 : 28;
    13026 : 13;
    13027 : DB;
    13028 : 99;
    13029 : 22;
    13030 : 82;
    13031 : 0A;
    13032 : B0;
    13033 : 8B;
    13034 : 1A;
    13035 : 47;
    13036 : A3;
    13037 : AB;
    13038 : 9A;
    13039 : 31;
    13040 : 53;
    13041 : 88;
    13042 : D9;
    13043 : 29;
    13044 : 07;
    13045 : 98;
    13046 : 8A;
    13047 : 01;
    13048 : 99;
    13049 : 30;
    13050 : 57;
    13051 : CA;
    13052 : 8A;
    13053 : 31;
    13054 : 83;
    13055 : 88;
    13056 : 10;
    13057 : CA;
    13058 : 89;
    13059 : 73;
    13060 : 92;
    13061 : 9D;
    13062 : 80;
    13063 : 13;
    13064 : A0;
    13065 : 98;
    13066 : AA;
    13067 : 1C;
    13068 : 07;
    13069 : 10;
    13070 : 9A;
    13071 : 80;
    13072 : 8D;
    13073 : 00;
    13074 : 17;
    13075 : AA;
    13076 : 9B;
    13077 : 22;
    13078 : 93;
    13079 : 99;
    13080 : 04;
    13081 : D9;
    13082 : 2C;
    13083 : 24;
    13084 : 03;
    13085 : AD;
    13086 : 09;
    13087 : 23;
    13088 : 81;
    13089 : D1;
    13090 : 08;
    13091 : 9B;
    13092 : 60;
    13093 : 11;
    13094 : 98;
    13095 : EA;
    13096 : 19;
    13097 : 11;
    13098 : 15;
    13099 : B9;
    13100 : AA;
    13101 : 18;
    13102 : 55;
    13103 : 09;
    13104 : 81;
    13105 : C9;
    13106 : 1B;
    13107 : 23;
    13108 : 17;
    13109 : BD;
    13110 : 88;
    13111 : 33;
    13112 : 02;
    13113 : 9B;
    13114 : 21;
    13115 : CC;
    13116 : 48;
    13117 : 32;
    13118 : A3;
    13119 : CF;
    13120 : 00;
    13121 : 20;
    13122 : 18;
    13123 : A9;
    13124 : B8;
    13125 : 88;
    13126 : 60;
    13127 : 00;
    13128 : 09;
    13129 : BB;
    13130 : 9A;
    13131 : 47;
    13132 : 12;
    13133 : BC;
    13134 : 8C;
    13135 : 11;
    13136 : 84;
    13137 : 09;
    13138 : 4A;
    13139 : D1;
    13140 : 2A;
    13141 : 23;
    13142 : 95;
    13143 : BC;
    13144 : 48;
    13145 : 22;
    13146 : 99;
    13147 : 91;
    13148 : 91;
    13149 : 9D;
    13150 : 40;
    13151 : 14;
    13152 : 89;
    13153 : AC;
    13154 : 91;
    13155 : 61;
    13156 : 00;
    13157 : A0;
    13158 : 0D;
    13159 : 08;
    13160 : 03;
    13161 : 11;
    13162 : 8D;
    13163 : B8;
    13164 : 1D;
    13165 : 14;
    13166 : A4;
    13167 : BB;
    13168 : 1B;
    13169 : 23;
    13170 : 18;
    13171 : 21;
    13172 : A8;
    13173 : DE;
    13174 : 59;
    13175 : 23;
    13176 : C0;
    13177 : AB;
    13178 : 81;
    13179 : 43;
    13180 : 81;
    13181 : 80;
    13182 : AD;
    13183 : 89;
    13184 : 44;
    13185 : 22;
    13186 : BC;
    13187 : 99;
    13188 : 1A;
    13189 : 27;
    13190 : 81;
    13191 : EA;
    13192 : 09;
    13193 : 13;
    13194 : 18;
    13195 : 80;
    13196 : 99;
    13197 : EB;
    13198 : 59;
    13199 : 24;
    13200 : C1;
    13201 : 9A;
    13202 : 10;
    13203 : 02;
    13204 : 18;
    13205 : 29;
    13206 : EA;
    13207 : 9A;
    13208 : 71;
    13209 : 83;
    13210 : AA;
    13211 : 8B;
    13212 : 01;
    13213 : 33;
    13214 : 10;
    13215 : FC;
    13216 : 89;
    13217 : 38;
    13218 : 92;
    13219 : 02;
    13220 : 1C;
    13221 : AD;
    13222 : 30;
    13223 : 53;
    13224 : D1;
    13225 : 9A;
    13226 : 20;
    13227 : 93;
    13228 : 19;
    13229 : 58;
    13230 : D0;
    13231 : 9B;
    13232 : 70;
    13233 : 11;
    13234 : C8;
    13235 : 1A;
    13236 : 81;
    13237 : 18;
    13238 : 91;
    13239 : 90;
    13240 : 0A;
    13241 : 6A;
    13242 : 86;
    13243 : 12;
    13244 : 9B;
    13245 : 98;
    13246 : 39;
    13247 : 44;
    13248 : B1;
    13249 : BC;
    13250 : 0A;
    13251 : 81;
    13252 : 3A;
    13253 : 85;
    13254 : C0;
    13255 : AC;
    13256 : 69;
    13257 : 14;
    13258 : C9;
    13259 : 0B;
    13260 : 20;
    13261 : 94;
    13262 : 18;
    13263 : 88;
    13264 : 99;
    13265 : 0C;
    13266 : 72;
    13267 : B2;
    13268 : C1;
    13269 : 8C;
    13270 : 29;
    13271 : 32;
    13272 : 94;
    13273 : EB;
    13274 : 90;
    13275 : 41;
    13276 : 98;
    13277 : 80;
    13278 : 49;
    13279 : 88;
    13280 : 09;
    13281 : 37;
    13282 : 8A;
    13283 : C8;
    13284 : 18;
    13285 : 21;
    13286 : 32;
    13287 : B1;
    13288 : AE;
    13289 : 0C;
    13290 : 26;
    13291 : 90;
    13292 : 8C;
    13293 : 30;
    13294 : A0;
    13295 : 90;
    13296 : 30;
    13297 : B2;
    13298 : AF;
    13299 : 5B;
    13300 : 23;
    13301 : B1;
    13302 : 9D;
    13303 : 98;
    13304 : 42;
    13305 : 28;
    13306 : BB;
    13307 : 08;
    13308 : 84;
    13309 : B0;
    13310 : 20;
    13311 : 64;
    13312 : CA;
    13313 : AC;
    13314 : 73;
    13315 : 92;
    13316 : AA;
    13317 : 8A;
    13318 : 31;
    13319 : A1;
    13320 : 19;
    13321 : 91;
    13322 : 03;
    13323 : 9F;
    13324 : 32;
    13325 : 08;
    13326 : D0;
    13327 : C9;
    13328 : 50;
    13329 : 11;
    13330 : A1;
    13331 : 0E;
    13332 : 08;
    13333 : 04;
    13334 : 88;
    13335 : 19;
    13336 : 92;
    13337 : BA;
    13338 : 79;
    13339 : 03;
    13340 : A0;
    13341 : 8E;
    13342 : 20;
    13343 : 01;
    13344 : 12;
    13345 : BA;
    13346 : C9;
    13347 : 4B;
    13348 : 16;
    13349 : 98;
    13350 : 89;
    13351 : 30;
    13352 : A9;
    13353 : 89;
    13354 : 27;
    13355 : CA;
    13356 : AB;
    13357 : 68;
    13358 : 03;
    13359 : C8;
    13360 : 89;
    13361 : 1A;
    13362 : 12;
    13363 : 11;
    13364 : AA;
    13365 : 2A;
    13366 : C9;
    13367 : 10;
    13368 : 78;
    13369 : 84;
    13370 : CD;
    13371 : 08;
    13372 : 35;
    13373 : A1;
    13374 : 9D;
    13375 : 10;
    13376 : 12;
    13377 : 99;
    13378 : 30;
    13379 : 93;
    13380 : EB;
    13381 : 2A;
    13382 : 25;
    13383 : A1;
    13384 : 9C;
    13385 : 89;
    13386 : 22;
    13387 : 14;
    13388 : BA;
    13389 : AC;
    13390 : 41;
    13391 : 00;
    13392 : 88;
    13393 : 23;
    13394 : DA;
    13395 : AD;
    13396 : 34;
    13397 : 04;
    13398 : CC;
    13399 : 88;
    13400 : 30;
    13401 : 81;
    13402 : 28;
    13403 : 98;
    13404 : AF;
    13405 : 22;
    13406 : 13;
    13407 : B1;
    13408 : 0B;
    13409 : B2;
    13410 : 1B;
    13411 : 74;
    13412 : 84;
    13413 : BC;
    13414 : 1C;
    13415 : 43;
    13416 : 91;
    13417 : 99;
    13418 : 9A;
    13419 : 00;
    13420 : 01;
    13421 : 34;
    13422 : EA;
    13423 : 88;
    13424 : 08;
    13425 : 28;
    13426 : 72;
    13427 : 99;
    13428 : CE;
    13429 : 30;
    13430 : 24;
    13431 : D8;
    13432 : 99;
    13433 : 12;
    13434 : 90;
    13435 : 19;
    13436 : 33;
    13437 : C8;
    13438 : 9E;
    13439 : 41;
    13440 : 02;
    13441 : B9;
    13442 : A9;
    13443 : 00;
    13444 : 34;
    13445 : 02;
    13446 : FB;
    13447 : 19;
    13448 : 12;
    13449 : 91;
    13450 : 39;
    13451 : 11;
    13452 : FB;
    13453 : 3E;
    13454 : 22;
    13455 : B2;
    13456 : AE;
    13457 : 00;
    13458 : 84;
    13459 : 18;
    13460 : 88;
    13461 : B8;
    13462 : 8D;
    13463 : 48;
    13464 : 02;
    13465 : 89;
    13466 : 88;
    13467 : 92;
    13468 : 11;
    13469 : 71;
    13470 : E2;
    13471 : 9B;
    13472 : 28;
    13473 : 26;
    13474 : 88;
    13475 : 0B;
    13476 : C0;
    13477 : 0A;
    13478 : 11;
    13479 : 15;
    13480 : 9A;
    13481 : 88;
    13482 : 04;
    13483 : 39;
    13484 : B1;
    13485 : DA;
    13486 : 1D;
    13487 : 62;
    13488 : 83;
    13489 : AC;
    13490 : 9A;
    13491 : 03;
    13492 : 88;
    13493 : 49;
    13494 : 86;
    13495 : AA;
    13496 : 0C;
    13497 : 33;
    13498 : 11;
    13499 : AD;
    13500 : 81;
    13501 : 10;
    13502 : 81;
    13503 : 83;
    13504 : DB;
    13505 : 0C;
    13506 : 22;
    13507 : 10;
    13508 : 83;
    13509 : 80;
    13510 : FF;
    13511 : 28;
    13512 : 24;
    13513 : B0;
    13514 : BB;
    13515 : 41;
    13516 : 01;
    13517 : 8A;
    13518 : 23;
    13519 : D9;
    13520 : 9C;
    13521 : 53;
    13522 : 82;
    13523 : AC;
    13524 : 00;
    13525 : 98;
    13526 : 80;
    13527 : 64;
    13528 : B8;
    13529 : 9C;
    13530 : 60;
    13531 : 01;
    13532 : 99;
    13533 : 08;
    13534 : A1;
    13535 : 8A;
    13536 : 71;
    13537 : 92;
    13538 : BA;
    13539 : 38;
    13540 : 11;
    13541 : 08;
    13542 : 20;
    13543 : F0;
    13544 : 8D;
    13545 : 53;
    13546 : 81;
    13547 : CB;
    13548 : 38;
    13549 : B2;
    13550 : 9A;
    13551 : 72;
    13552 : 80;
    13553 : BC;
    13554 : 38;
    13555 : 05;
    13556 : 89;
    13557 : 0A;
    13558 : 81;
    13559 : 09;
    13560 : 32;
    13561 : 95;
    13562 : 9C;
    13563 : 29;
    13564 : 91;
    13565 : 19;
    13566 : 43;
    13567 : F1;
    13568 : 8E;
    13569 : 31;
    13570 : 03;
    13571 : CB;
    13572 : 19;
    13573 : 03;
    13574 : 8A;
    13575 : 51;
    13576 : A3;
    13577 : BC;
    13578 : 2B;
    13579 : 07;
    13580 : 88;
    13581 : 88;
    13582 : A0;
    13583 : 8A;
    13584 : 53;
    13585 : 95;
    13586 : AC;
    13587 : 00;
    13588 : 13;
    13589 : 89;
    13590 : 30;
    13591 : E1;
    13592 : 9C;
    13593 : 38;
    13594 : 05;
    13595 : 99;
    13596 : 9A;
    13597 : 94;
    13598 : 19;
    13599 : 32;
    13600 : C4;
    13601 : 8D;
    13602 : 28;
    13603 : 87;
    13604 : 09;
    13605 : 88;
    13606 : 81;
    13607 : 8C;
    13608 : 38;
    13609 : 06;
    13610 : 9B;
    13611 : 9A;
    13612 : 12;
    13613 : 08;
    13614 : 00;
    13615 : A1;
    13616 : 0C;
    13617 : 41;
    13618 : 07;
    13619 : 0A;
    13620 : 19;
    13621 : 91;
    13622 : 0B;
    13623 : 79;
    13624 : B3;
    13625 : AE;
    13626 : 88;
    13627 : 15;
    13628 : A8;
    13629 : 09;
    13630 : 83;
    13631 : 8A;
    13632 : 2A;
    13633 : 36;
    13634 : AA;
    13635 : 8A;
    13636 : 29;
    13637 : 93;
    13638 : 05;
    13639 : C2;
    13640 : 8A;
    13641 : 42;
    13642 : 16;
    13643 : AA;
    13644 : 0A;
    13645 : 18;
    13646 : AA;
    13647 : 2C;
    13648 : B1;
    13649 : DF;
    13650 : 88;
    13651 : 32;
    13652 : 12;
    13653 : 80;
    13654 : 89;
    13655 : B9;
    13656 : 73;
    13657 : 32;
    13658 : A9;
    13659 : 0B;
    13660 : 48;
    13661 : D2;
    13662 : 30;
    13663 : 9B;
    13664 : D0;
    13665 : 1A;
    13666 : 54;
    13667 : 92;
    13668 : A8;
    13669 : 1D;
    13670 : 33;
    13671 : 12;
    13672 : A9;
    13673 : FA;
    13674 : 08;
    13675 : 1A;
    13676 : 03;
    13677 : 00;
    13678 : AB;
    13679 : BB;
    13680 : 74;
    13681 : 18;
    13682 : C4;
    13683 : 8B;
    13684 : 0A;
    13685 : 17;
    13686 : 90;
    13687 : 9D;
    13688 : 80;
    13689 : 88;
    13690 : 09;
    13691 : 15;
    13692 : A9;
    13693 : 9C;
    13694 : 38;
    13695 : 32;
    13696 : C1;
    13697 : 99;
    13698 : 12;
    13699 : 1A;
    13700 : 37;
    13701 : 80;
    13702 : 9B;
    13703 : 62;
    13704 : 40;
    13705 : 8A;
    13706 : 03;
    13707 : AC;
    13708 : DA;
    13709 : 43;
    13710 : 01;
    13711 : DC;
    13712 : 18;
    13713 : 29;
    13714 : 80;
    13715 : 43;
    13716 : 98;
    13717 : BC;
    13718 : 33;
    13719 : 18;
    13720 : F0;
    13721 : 18;
    13722 : 98;
    13723 : 8A;
    13724 : 46;
    13725 : 80;
    13726 : DB;
    13727 : 38;
    13728 : 31;
    13729 : B8;
    13730 : 10;
    13731 : 8A;
    13732 : F0;
    13733 : 40;
    13734 : 00;
    13735 : D0;
    13736 : 18;
    13737 : 0A;
    13738 : 80;
    13739 : 72;
    13740 : A9;
    13741 : BA;
    13742 : 51;
    13743 : 01;
    13744 : B8;
    13745 : 40;
    13746 : 80;
    13747 : A9;
    13748 : 71;
    13749 : 81;
    13750 : EA;
    13751 : 19;
    13752 : 10;
    13753 : 80;
    13754 : 10;
    13755 : AB;
    13756 : C8;
    13757 : 72;
    13758 : 91;
    13759 : A8;
    13760 : 20;
    13761 : A0;
    13762 : 80;
    13763 : 73;
    13764 : A1;
    13765 : CB;
    13766 : 48;
    13767 : 03;
    13768 : A0;
    13769 : 1A;
    13770 : B8;
    13771 : 8A;
    13772 : 55;
    13773 : 81;
    13774 : AB;
    13775 : 3A;
    13776 : A1;
    13777 : 80;
    13778 : 23;
    13779 : FB;
    13780 : BD;
    13781 : 70;
    13782 : 82;
    13783 : A9;
    13784 : 0A;
    13785 : 91;
    13786 : 21;
    13787 : 78;
    13788 : B1;
    13789 : 8A;
    13790 : 28;
    13791 : 04;
    13792 : 12;
    13793 : 00;
    13794 : F8;
    13795 : 0C;
    13796 : 31;
    13797 : 94;
    13798 : 9E;
    13799 : 18;
    13800 : 02;
    13801 : 99;
    13802 : 00;
    13803 : 91;
    13804 : BA;
    13805 : 79;
    13806 : 14;
    13807 : 89;
    13808 : AA;
    13809 : 98;
    13810 : 68;
    13811 : 31;
    13812 : E1;
    13813 : 9B;
    13814 : 10;
    13815 : 93;
    13816 : 1A;
    13817 : 30;
    13818 : A6;
    13819 : 8D;
    13820 : 31;
    13821 : 85;
    13822 : 9A;
    13823 : 8B;
    13824 : 24;
    13825 : 89;
    13826 : A1;
    13827 : C9;
    13828 : 9A;
    13829 : 58;
    13830 : 05;
    13831 : 89;
    13832 : 09;
    13833 : B2;
    13834 : 3A;
    13835 : 71;
    13836 : 94;
    13837 : AC;
    13838 : 19;
    13839 : 04;
    13840 : 80;
    13841 : AB;
    13842 : A1;
    13843 : 8A;
    13844 : 73;
    13845 : A2;
    13846 : A9;
    13847 : 0A;
    13848 : 13;
    13849 : 28;
    13850 : 26;
    13851 : D0;
    13852 : AC;
    13853 : 58;
    13854 : 15;
    13855 : AA;
    13856 : 99;
    13857 : 81;
    13858 : 10;
    13859 : 29;
    13860 : 93;
    13861 : BB;
    13862 : 89;
    13863 : 36;
    13864 : 43;
    13865 : 9B;
    13866 : CB;
    13867 : 0E;
    13868 : 24;
    13869 : 93;
    13870 : BC;
    13871 : 8A;
    13872 : 23;
    13873 : A8;
    13874 : 13;
    13875 : 0A;
    13876 : BE;
    13877 : 3B;
    13878 : 47;
    13879 : 90;
    13880 : BA;
    13881 : 18;
    13882 : 43;
    13883 : 22;
    13884 : 99;
    13885 : BE;
    13886 : 08;
    13887 : 33;
    13888 : 18;
    13889 : C9;
    13890 : 88;
    13891 : AE;
    13892 : 52;
    13893 : 23;
    13894 : CB;
    13895 : AA;
    13896 : 60;
    13897 : 81;
    13898 : 92;
    13899 : 89;
    13900 : BB;
    13901 : 21;
    13902 : 55;
    13903 : B8;
    13904 : AA;
    13905 : 10;
    13906 : 18;
    13907 : 36;
    13908 : 11;
    13909 : DD;
    13910 : 89;
    13911 : 63;
    13912 : 00;
    13913 : A9;
    13914 : 09;
    13915 : B8;
    13916 : 02;
    13917 : 53;
    13918 : BA;
    13919 : BA;
    13920 : 5A;
    13921 : 11;
    13922 : 02;
    13923 : 9B;
    13924 : CF;
    13925 : 40;
    13926 : 43;
    13927 : A8;
    13928 : BB;
    13929 : 31;
    13930 : 01;
    13931 : 30;
    13932 : 21;
    13933 : E9;
    13934 : AE;
    13935 : 51;
    13936 : 11;
    13937 : A9;
    13938 : 8C;
    13939 : 90;
    13940 : 12;
    13941 : 04;
    13942 : B9;
    13943 : AB;
    13944 : 68;
    13945 : 83;
    13946 : 20;
    13947 : 89;
    13948 : DA;
    13949 : 0C;
    13950 : 36;
    13951 : A3;
    13952 : DB;
    13953 : 09;
    13954 : 23;
    13955 : 10;
    13956 : 81;
    13957 : AA;
    13958 : 9D;
    13959 : 50;
    13960 : 83;
    13961 : B9;
    13962 : 8A;
    13963 : A9;
    13964 : 38;
    13965 : 37;
    13966 : E2;
    13967 : 9C;
    13968 : 18;
    13969 : 24;
    13970 : 09;
    13971 : 99;
    13972 : 91;
    13973 : 1C;
    13974 : 14;
    13975 : 13;
    13976 : DB;
    13977 : 88;
    13978 : 30;
    13979 : 1F;
    13980 : 83;
    13981 : 09;
    13982 : 8C;
    13983 : 20;
    13984 : A2;
    13985 : A3;
    13986 : EF;
    13987 : 80;
    13988 : 38;
    13989 : 22;
    13990 : 05;
    13991 : 9A;
    13992 : AB;
    13993 : 62;
    13994 : 08;
    13995 : BA;
    13996 : 8A;
    13997 : 2D;
    13998 : 16;
    13999 : 12;
    14000 : 99;
    14001 : 91;
    14002 : CC;
    14003 : 21;
    14004 : 13;
    14005 : C9;
    14006 : 0F;
    14007 : 01;
    14008 : 11;
    14009 : 01;
    14010 : B8;
    14011 : 0B;
    14012 : 08;
    14013 : 00;
    14014 : 06;
    14015 : AD;
    14016 : 81;
    14017 : 11;
    14018 : 48;
    14019 : 83;
    14020 : 91;
    14021 : BF;
    14022 : 24;
    14023 : 80;
    14024 : AE;
    14025 : 10;
    14026 : 1A;
    14027 : 32;
    14028 : 21;
    14029 : AA;
    14030 : 12;
    14031 : 7A;
    14032 : 80;
    14033 : B3;
    14034 : AD;
    14035 : C9;
    14036 : 10;
    14037 : 35;
    14038 : 8B;
    14039 : B0;
    14040 : 1E;
    14041 : 22;
    14042 : 92;
    14043 : A0;
    14044 : CB;
    14045 : C9;
    14046 : 72;
    14047 : 01;
    14048 : B8;
    14049 : 51;
    14050 : 9B;
    14051 : 14;
    14052 : 10;
    14053 : BB;
    14054 : 9D;
    14055 : 20;
    14056 : 10;
    14057 : 82;
    14058 : 02;
    14059 : BA;
    14060 : FA;
    14061 : 74;
    14062 : 98;
    14063 : A0;
    14064 : 2B;
    14065 : 10;
    14066 : 02;
    14067 : 01;
    14068 : D8;
    14069 : BB;
    14070 : 26;
    14071 : 01;
    14072 : E0;
    14073 : 3B;
    14074 : A0;
    14075 : 81;
    14076 : 41;
    14077 : 90;
    14078 : 89;
    14079 : 2A;
    14080 : A5;
    14081 : C9;
    14082 : 18;
    14083 : 0C;
    14084 : 90;
    14085 : 79;
    14086 : A5;
    14087 : 90;
    14088 : 19;
    14089 : 18;
    14090 : 82;
    14091 : 19;
    14092 : C3;
    14093 : DA;
    14094 : 48;
    14095 : 30;
    14096 : C1;
    14097 : 3B;
    14098 : 95;
    14099 : 01;
    14100 : 19;
    14101 : 91;
    14102 : AB;
    14103 : FB;
    14104 : 22;
    14105 : 00;
    14106 : 1C;
    14107 : 1C;
    14108 : E0;
    14109 : 59;
    14110 : 84;
    14111 : 99;
    14112 : 8B;
    14113 : 13;
    14114 : 92;
    14115 : B1;
    14116 : 08;
    14117 : EA;
    14118 : 5A;
    14119 : 32;
    14120 : A3;
    14121 : 9F;
    14122 : 82;
    14123 : 38;
    14124 : 08;
    14125 : 02;
    14126 : B0;
    14127 : C9;
    14128 : 51;
    14129 : 99;
    14130 : 8C;
    14131 : 08;
    14132 : 92;
    14133 : 2C;
    14134 : 37;
    14135 : AB;
    14136 : BB;
    14137 : 42;
    14138 : 03;
    14139 : 98;
    14140 : 9B;
    14141 : 9A;
    14142 : 2C;
    14143 : 21;
    14144 : 07;
    14145 : AD;
    14146 : 17;
    14147 : 18;
    14148 : A8;
    14149 : 91;
    14150 : 88;
    14151 : 9A;
    14152 : 49;
    14153 : 12;
    14154 : 9E;
    14155 : 80;
    14156 : 31;
    14157 : C9;
    14158 : 36;
    14159 : 89;
    14160 : C8;
    14161 : 18;
    14162 : 21;
    14163 : 0A;
    14164 : 0A;
    14165 : 9A;
    14166 : 1F;
    14167 : 14;
    14168 : 81;
    14169 : EC;
    14170 : 11;
    14171 : 00;
    14172 : 80;
    14173 : 38;
    14174 : 90;
    14175 : AB;
    14176 : 39;
    14177 : 53;
    14178 : CB;
    14179 : 99;
    14180 : 01;
    14181 : D1;
    14182 : 37;
    14183 : 98;
    14184 : AA;
    14185 : 3A;
    14186 : 24;
    14187 : 02;
    14188 : 8D;
    14189 : 9B;
    14190 : 8B;
    14191 : 14;
    14192 : 24;
    14193 : F8;
    14194 : 29;
    14195 : 21;
    14196 : 81;
    14197 : 9B;
    14198 : 89;
    14199 : AA;
    14200 : 29;
    14201 : 64;
    14202 : C0;
    14203 : 89;
    14204 : 88;
    14205 : 87;
    14206 : 49;
    14207 : 00;
    14208 : BA;
    14209 : 8B;
    14210 : 34;
    14211 : 82;
    14212 : DA;
    14213 : 1A;
    14214 : 92;
    14215 : 23;
    14216 : 20;
    14217 : F2;
    14218 : 0F;
    14219 : 11;
    14220 : 13;
    14221 : 8A;
    14222 : 8A;
    14223 : 90;
    14224 : 08;
    14225 : 59;
    14226 : F2;
    14227 : 88;
    14228 : 1A;
    14229 : 04;
    14230 : 2B;
    14231 : 92;
    14232 : A1;
    14233 : 9D;
    14234 : 30;
    14235 : 16;
    14236 : B9;
    14237 : 8C;
    14238 : 81;
    14239 : 32;
    14240 : 0A;
    14241 : 95;
    14242 : 8E;
    14243 : 21;
    14244 : 13;
    14245 : B9;
    14246 : 0C;
    14247 : 93;
    14248 : 11;
    14249 : 2D;
    14250 : 97;
    14251 : AA;
    14252 : 8B;
    14253 : 44;
    14254 : 99;
    14255 : 10;
    14256 : 80;
    14257 : E9;
    14258 : 18;
    14259 : 25;
    14260 : B0;
    14261 : 8C;
    14262 : 00;
    14263 : 20;
    14264 : 39;
    14265 : 02;
    14266 : DF;
    14267 : 11;
    14268 : 33;
    14269 : D1;
    14270 : 8B;
    14271 : 81;
    14272 : 91;
    14273 : 29;
    14274 : 06;
    14275 : 9B;
    14276 : 9C;
    14277 : 73;
    14278 : 98;
    14279 : 00;
    14280 : 08;
    14281 : B9;
    14282 : 39;
    14283 : 25;
    14284 : D0;
    14285 : 9B;
    14286 : 31;
    14287 : 01;
    14288 : 00;
    14289 : 12;
    14290 : EE;
    14291 : 28;
    14292 : 33;
    14293 : D3;
    14294 : 8C;
    14295 : 10;
    14296 : 01;
    14297 : 89;
    14298 : 21;
    14299 : CC;
    14300 : 89;
    14301 : 52;
    14302 : A1;
    14303 : 09;
    14304 : 10;
    14305 : E1;
    14306 : 3A;
    14307 : 43;
    14308 : C0;
    14309 : 9C;
    14310 : 30;
    14311 : 81;
    14312 : 08;
    14313 : 20;
    14314 : F0;
    14315 : 3D;
    14316 : 22;
    14317 : 92;
    14318 : 9F;
    14319 : 01;
    14320 : 80;
    14321 : 88;
    14322 : 32;
    14323 : CA;
    14324 : 9B;
    14325 : 44;
    14326 : A2;
    14327 : 1B;
    14328 : 10;
    14329 : C1;
    14330 : 0D;
    14331 : 24;
    14332 : 90;
    14333 : 9E;
    14334 : 18;
    14335 : A3;
    14336 : 12;
    14337 : 81;
    14338 : F8;
    14339 : 1D;
    14340 : 14;
    14341 : 81;
    14342 : AB;
    14343 : 10;
    14344 : 10;
    14345 : 0A;
    14346 : 14;
    14347 : D8;
    14348 : AB;
    14349 : 62;
    14350 : 12;
    14351 : 8C;
    14352 : 80;
    14353 : 98;
    14354 : 2A;
    14355 : 25;
    14356 : A2;
    14357 : 9F;
    14358 : 19;
    14359 : 83;
    14360 : 38;
    14361 : 98;
    14362 : E0;
    14363 : 0E;
    14364 : 23;
    14365 : 03;
    14366 : BC;
    14367 : 08;
    14368 : 13;
    14369 : 38;
    14370 : 01;
    14371 : F8;
    14372 : 9A;
    14373 : 68;
    14374 : 02;
    14375 : 9C;
    14376 : 89;
    14377 : 00;
    14378 : 81;
    14379 : 21;
    14380 : C4;
    14381 : BC;
    14382 : 29;
    14383 : 07;
    14384 : 18;
    14385 : 10;
    14386 : 81;
    14387 : 8C;
    14388 : 14;
    14389 : 02;
    14390 : BD;
    14391 : 9A;
    14392 : 91;
    14393 : 91;
    14394 : 91;
    14395 : A0;
    14396 : AC;
    14397 : 60;
    14398 : 23;
    14399 : 9D;
    14400 : 38;
    14401 : B0;
    14402 : A7;
    14403 : 00;
    14404 : 93;
    14405 : 8B;
    14406 : 21;
    14407 : 13;
    14408 : 68;
    14409 : 08;
    14410 : C8;
    14411 : BA;
    14412 : 72;
    14413 : 21;
    14414 : C3;
    14415 : 18;
    14416 : 89;
    14417 : 09;
    14418 : 31;
    14419 : E8;
    14420 : A0;
    14421 : 0D;
    14422 : 50;
    14423 : A2;
    14424 : 80;
    14425 : 9E;
    14426 : 99;
    14427 : 28;
    14428 : A4;
    14429 : 0A;
    14430 : 8B;
    14431 : 3A;
    14432 : 44;
    14433 : 82;
    14434 : AC;
    14435 : AB;
    14436 : 79;
    14437 : 12;
    14438 : B1;
    14439 : AB;
    14440 : 88;
    14441 : 37;
    14442 : 10;
    14443 : AC;
    14444 : 88;
    14445 : 39;
    14446 : 16;
    14447 : 03;
    14448 : 8C;
    14449 : 8B;
    14450 : 07;
    14451 : 00;
    14452 : A8;
    14453 : 8B;
    14454 : 8C;
    14455 : 19;
    14456 : 14;
    14457 : 90;
    14458 : 0C;
    14459 : 82;
    14460 : 31;
    14461 : 81;
    14462 : 04;
    14463 : AF;
    14464 : 90;
    14465 : 52;
    14466 : 08;
    14467 : 9C;
    14468 : 11;
    14469 : 88;
    14470 : 22;
    14471 : 22;
    14472 : BF;
    14473 : 90;
    14474 : 44;
    14475 : 80;
    14476 : 01;
    14477 : 41;
    14478 : 9B;
    14479 : 9D;
    14480 : 13;
    14481 : 81;
    14482 : CB;
    14483 : 02;
    14484 : 0A;
    14485 : 08;
    14486 : 17;
    14487 : AB;
    14488 : 9D;
    14489 : 40;
    14490 : 12;
    14491 : B9;
    14492 : BB;
    14493 : A9;
    14494 : 58;
    14495 : 47;
    14496 : A9;
    14497 : B9;
    14498 : 30;
    14499 : 11;
    14500 : 85;
    14501 : 8A;
    14502 : CA;
    14503 : 0B;
    14504 : 36;
    14505 : 93;
    14506 : EB;
    14507 : 00;
    14508 : 29;
    14509 : 24;
    14510 : 11;
    14511 : DB;
    14512 : 8A;
    14513 : 62;
    14514 : 00;
    14515 : C8;
    14516 : 89;
    14517 : 18;
    14518 : 11;
    14519 : 33;
    14520 : DA;
    14521 : AB;
    14522 : 58;
    14523 : 03;
    14524 : 90;
    14525 : 9C;
    14526 : 99;
    14527 : 09;
    14528 : 22;
    14529 : 84;
    14530 : DD;
    14531 : 28;
    14532 : 90;
    14533 : 12;
    14534 : 39;
    14535 : F2;
    14536 : 88;
    14537 : 58;
    14538 : 83;
    14539 : C0;
    14540 : 1A;
    14541 : 80;
    14542 : 82;
    14543 : 50;
    14544 : D1;
    14545 : 99;
    14546 : 19;
    14547 : 04;
    14548 : 08;
    14549 : 10;
    14550 : 90;
    14551 : EA;
    14552 : 21;
    14553 : 14;
    14554 : C8;
    14555 : 2B;
    14556 : C9;
    14557 : 80;
    14558 : 42;
    14559 : B4;
    14560 : 9D;
    14561 : 3B;
    14562 : 16;
    14563 : 01;
    14564 : AC;
    14565 : B0;
    14566 : 10;
    14567 : 60;
    14568 : 93;
    14569 : AB;
    14570 : 9B;
    14571 : 14;
    14572 : 58;
    14573 : 9A;
    14574 : A0;
    14575 : AA;
    14576 : 63;
    14577 : 24;
    14578 : 98;
    14579 : AD;
    14580 : 02;
    14581 : 41;
    14582 : 01;
    14583 : E1;
    14584 : 8B;
    14585 : 1A;
    14586 : 16;
    14587 : 91;
    14588 : AC;
    14589 : 98;
    14590 : 40;
    14591 : 00;
    14592 : 93;
    14593 : AD;
    14594 : 08;
    14595 : 44;
    14596 : 10;
    14597 : CA;
    14598 : 80;
    14599 : 18;
    14600 : 18;
    14601 : 05;
    14602 : A8;
    14603 : 9D;
    14604 : 23;
    14605 : 31;
    14606 : C0;
    14607 : 98;
    14608 : 0B;
    14609 : 8B;
    14610 : 47;
    14611 : 82;
    14612 : 9E;
    14613 : 08;
    14614 : 20;
    14615 : 90;
    14616 : 22;
    14617 : 8F;
    14618 : A9;
    14619 : 42;
    14620 : 80;
    14621 : A9;
    14622 : 2A;
    14623 : 80;
    14624 : 90;
    14625 : 73;
    14626 : 80;
    14627 : FB;
    14628 : 10;
    14629 : 10;
    14630 : 88;
    14631 : 10;
    14632 : B9;
    14633 : DB;
    14634 : 71;
    14635 : 02;
    14636 : D9;
    14637 : 08;
    14638 : 20;
    14639 : 80;
    14640 : 51;
    14641 : A9;
    14642 : BA;
    14643 : 78;
    14644 : 03;
    14645 : A0;
    14646 : 0A;
    14647 : B0;
    14648 : 88;
    14649 : 72;
    14650 : A3;
    14651 : E9;
    14652 : 4B;
    14653 : 11;
    14654 : 91;
    14655 : 19;
    14656 : A9;
    14657 : 9A;
    14658 : 78;
    14659 : 85;
    14660 : C9;
    14661 : 09;
    14662 : 10;
    14663 : 82;
    14664 : 38;
    14665 : C8;
    14666 : BB;
    14667 : 68;
    14668 : 04;
    14669 : B0;
    14670 : 0C;
    14671 : 81;
    14672 : 81;
    14673 : 48;
    14674 : 81;
    14675 : CB;
    14676 : 2C;
    14677 : 15;
    14678 : 81;
    14679 : 9B;
    14680 : B2;
    14681 : 99;
    14682 : 79;
    14683 : 04;
    14684 : CA;
    14685 : 0B;
    14686 : 31;
    14687 : 02;
    14688 : 2B;
    14689 : A2;
    14690 : EB;
    14691 : 49;
    14692 : 25;
    14693 : C0;
    14694 : 9A;
    14695 : 12;
    14696 : 02;
    14697 : 0A;
    14698 : 04;
    14699 : DA;
    14700 : 8C;
    14701 : 24;
    14702 : 92;
    14703 : BA;
    14704 : 22;
    14705 : A9;
    14706 : 8A;
    14707 : 67;
    14708 : A8;
    14709 : 9C;
    14710 : 30;
    14711 : 02;
    14712 : 99;
    14713 : 20;
    14714 : BA;
    14715 : 8F;
    14716 : 34;
    14717 : 91;
    14718 : AD;
    14719 : 10;
    14720 : 01;
    14721 : 89;
    14722 : 13;
    14723 : 9A;
    14724 : CF;
    14725 : 42;
    14726 : 02;
    14727 : CA;
    14728 : 08;
    14729 : 00;
    14730 : 90;
    14731 : 73;
    14732 : 80;
    14733 : AD;
    14734 : 10;
    14735 : 43;
    14736 : A8;
    14737 : 09;
    14738 : A8;
    14739 : 0B;
    14740 : 46;
    14741 : 03;
    14742 : EA;
    14743 : 00;
    14744 : 31;
    14745 : 99;
    14746 : 81;
    14747 : 88;
    14748 : BF;
    14749 : 41;
    14750 : 20;
    14751 : D9;
    14752 : 99;
    14753 : 00;
    14754 : 18;
    14755 : 22;
    14756 : 08;
    14757 : CD;
    14758 : 2A;
    14759 : 44;
    14760 : C1;
    14761 : 88;
    14762 : 08;
    14763 : 99;
    14764 : 32;
    14765 : 37;
    14766 : A9;
    14767 : 0B;
    14768 : 14;
    14769 : D1;
    14770 : 1A;
    14771 : B1;
    14772 : CC;
    14773 : 09;
    14774 : 42;
    14775 : C0;
    14776 : 99;
    14777 : 30;
    14778 : 00;
    14779 : 46;
    14780 : 81;
    14781 : AA;
    14782 : 2A;
    14783 : 02;
    14784 : 94;
    14785 : AA;
    14786 : 4B;
    14787 : 17;
    14788 : 0C;
    14789 : 12;
    14790 : C9;
    14791 : 9A;
    14792 : 24;
    14793 : 08;
    14794 : BA;
    14795 : 33;
    14796 : CA;
    14797 : 2B;
    14798 : 37;
    14799 : A0;
    14800 : AA;
    14801 : 3A;
    14802 : F0;
    14803 : 18;
    14804 : 01;
    14805 : BA;
    14806 : 0E;
    14807 : 25;
    14808 : 02;
    14809 : AC;
    14810 : 99;
    14811 : 20;
    14812 : 10;
    14813 : 03;
    14814 : A0;
    14815 : DE;
    14816 : 48;
    14817 : 01;
    14818 : A8;
    14819 : 1A;
    14820 : A1;
    14821 : 08;
    14822 : 17;
    14823 : D2;
    14824 : 8B;
    14825 : 10;
    14826 : 04;
    14827 : 20;
    14828 : B0;
    14829 : BA;
    14830 : 8C;
    14831 : 26;
    14832 : 31;
    14833 : CB;
    14834 : 91;
    14835 : 29;
    14836 : A0;
    14837 : 31;
    14838 : 91;
    14839 : AA;
    14840 : 78;
    14841 : 17;
    14842 : 90;
    14843 : 0A;
    14844 : C1;
    14845 : 8A;
    14846 : 43;
    14847 : 03;
    14848 : 9E;
    14849 : A9;
    14850 : 21;
    14851 : 1A;
    14852 : 95;
    14853 : B8;
    14854 : AC;
    14855 : 33;
    14856 : 58;
    14857 : F9;
    14858 : 88;
    14859 : 29;
    14860 : 83;
    14861 : 11;
    14862 : 99;
    14863 : BA;
    14864 : 0E;
    14865 : 14;
    14866 : 80;
    14867 : 8C;
    14868 : 32;
    14869 : 18;
    14870 : 44;
    14871 : 14;
    14872 : DB;
    14873 : 98;
    14874 : 30;
    14875 : 02;
    14876 : 83;
    14877 : 8C;
    14878 : AD;
    14879 : 38;
    14880 : 00;
    14881 : E2;
    14882 : 19;
    14883 : 8A;
    14884 : 17;
    14885 : 19;
    14886 : 9B;
    14887 : 98;
    14888 : 99;
    14889 : 24;
    14890 : 91;
    14891 : CD;
    14892 : 00;
    14893 : 88;
    14894 : 51;
    14895 : 24;
    14896 : D0;
    14897 : 88;
    14898 : 2A;
    14899 : 03;
    14900 : 33;
    14901 : CB;
    14902 : CB;
    14903 : 51;
    14904 : 81;
    14905 : C1;
    14906 : 8D;
    14907 : 99;
    14908 : 63;
    14909 : 00;
    14910 : B9;
    14911 : 88;
    14912 : 88;
    14913 : 62;
    14914 : 03;
    14915 : CA;
    14916 : 1A;
    14917 : 01;
    14918 : 08;
    14919 : 01;
    14920 : F1;
    14921 : 8B;
    14922 : 19;
    14923 : 16;
    14924 : 39;
    14925 : BA;
    14926 : 98;
    14927 : 58;
    14928 : 84;
    14929 : 08;
    14930 : BB;
    14931 : B9;
    14932 : 74;
    14933 : 02;
    14934 : B9;
    14935 : 19;
    14936 : 10;
    14937 : 38;
    14938 : 14;
    14939 : D9;
    14940 : 9E;
    14941 : 11;
    14942 : 10;
    14943 : 80;
    14944 : 11;
    14945 : 9C;
    14946 : B8;
    14947 : 73;
    14948 : 88;
    14949 : C8;
    14950 : AA;
    14951 : 38;
    14952 : 22;
    14953 : 40;
    14954 : B9;
    14955 : AB;
    14956 : 7A;
    14957 : 17;
    14958 : B8;
    14959 : 0A;
    14960 : 18;
    14961 : 08;
    14962 : 33;
    14963 : 91;
    14964 : CF;
    14965 : 11;
    14966 : 11;
    14967 : 88;
    14968 : 18;
    14969 : BB;
    14970 : A1;
    14971 : 75;
    14972 : 01;
    14973 : A1;
    14974 : 8A;
    14975 : 3A;
    14976 : 12;
    14977 : 00;
    14978 : C8;
    14979 : BD;
    14980 : 19;
    14981 : 47;
    14982 : A0;
    14983 : 8D;
    14984 : 08;
    14985 : 90;
    14986 : 38;
    14987 : 80;
    14988 : FB;
    14989 : 39;
    14990 : 31;
    14991 : 91;
    14992 : 8A;
    14993 : C0;
    14994 : A8;
    14995 : 58;
    14996 : 04;
    14997 : 00;
    14998 : AA;
    14999 : 39;
    15000 : 16;
    15001 : 91;
    15002 : 8A;
    15003 : EB;
    15004 : 8B;
    15005 : 54;
    15006 : 92;
    15007 : AC;
    15008 : 08;
    15009 : 14;
    15010 : 18;
    15011 : 91;
    15012 : E9;
    15013 : 0B;
    15014 : 33;
    15015 : 02;
    15016 : AA;
    15017 : B2;
    15018 : 3A;
    15019 : 00;
    15020 : 26;
    15021 : 2A;
    15022 : CC;
    15023 : 00;
    15024 : 35;
    15025 : 00;
    15026 : AD;
    15027 : 08;
    15028 : 8B;
    15029 : 63;
    15030 : 04;
    15031 : DB;
    15032 : 09;
    15033 : 31;
    15034 : 88;
    15035 : 85;
    15036 : 09;
    15037 : AC;
    15038 : 33;
    15039 : 22;
    15040 : E9;
    15041 : 08;
    15042 : 8B;
    15043 : 81;
    15044 : 60;
    15045 : 99;
    15046 : CA;
    15047 : BA;
    15048 : 42;
    15049 : 23;
    15050 : DA;
    15051 : 09;
    15052 : 09;
    15053 : 13;
    15054 : 57;
    15055 : B9;
    15056 : 8A;
    15057 : 58;
    15058 : 81;
    15059 : 83;
    15060 : 9B;
    15061 : BA;
    15062 : 44;
    15063 : 13;
    15064 : C0;
    15065 : 8A;
    15066 : BB;
    15067 : 62;
    15068 : 12;
    15069 : C1;
    15070 : 8A;
    15071 : B1;
    15072 : 48;
    15073 : 51;
    15074 : D0;
    15075 : 9A;
    15076 : 0A;
    15077 : 06;
    15078 : 20;
    15079 : B8;
    15080 : 8A;
    15081 : 2C;
    15082 : 04;
    15083 : 03;
    15084 : BC;
    15085 : AB;
    15086 : 72;
    15087 : 82;
    15088 : 89;
    15089 : 88;
    15090 : D9;
    15091 : 49;
    15092 : 14;
    15093 : B0;
    15094 : 8D;
    15095 : 11;
    15096 : 18;
    15097 : 38;
    15098 : 86;
    15099 : 9C;
    15100 : 8A;
    15101 : 24;
    15102 : 18;
    15103 : B8;
    15104 : 0A;
    15105 : 9B;
    15106 : 05;
    15107 : 34;
    15108 : DC;
    15109 : 8A;
    15110 : 60;
    15111 : 82;
    15112 : 90;
    15113 : 08;
    15114 : B8;
    15115 : 4B;
    15116 : 35;
    15117 : B1;
    15118 : 9D;
    15119 : 11;
    15120 : 88;
    15121 : 09;
    15122 : 24;
    15123 : AD;
    15124 : AA;
    15125 : 64;
    15126 : 88;
    15127 : A8;
    15128 : 08;
    15129 : 99;
    15130 : 31;
    15131 : 63;
    15132 : D9;
    15133 : 9B;
    15134 : 48;
    15135 : 04;
    15136 : 88;
    15137 : 98;
    15138 : 90;
    15139 : 0B;
    15140 : 46;
    15141 : 90;
    15142 : AC;
    15143 : 21;
    15144 : 82;
    15145 : 09;
    15146 : 31;
    15147 : DD;
    15148 : 89;
    15149 : 51;
    15150 : 81;
    15151 : 9A;
    15152 : 0A;
    15153 : A9;
    15154 : 51;
    15155 : 32;
    15156 : D1;
    15157 : 9C;
    15158 : 30;
    15159 : 15;
    15160 : 91;
    15161 : 99;
    15162 : 89;
    15163 : 0A;
    15164 : 37;
    15165 : 90;
    15166 : CC;
    15167 : 10;
    15168 : 02;
    15169 : 88;
    15170 : 22;
    15171 : FB;
    15172 : 8A;
    15173 : 32;
    15174 : 84;
    15175 : 9B;
    15176 : 88;
    15177 : 9D;
    15178 : 30;
    15179 : 16;
    15180 : B8;
    15181 : AD;
    15182 : 11;
    15183 : 22;
    15184 : 81;
    15185 : A9;
    15186 : BC;
    15187 : 18;
    15188 : 47;
    15189 : A1;
    15190 : AA;
    15191 : 28;
    15192 : 12;
    15193 : 00;
    15194 : 05;
    15195 : EA;
    15196 : 8B;
    15197 : 33;
    15198 : 04;
    15199 : BA;
    15200 : 12;
    15201 : AD;
    15202 : 30;
    15203 : 37;
    15204 : B8;
    15205 : AC;
    15206 : 20;
    15207 : 20;
    15208 : 02;
    15209 : B9;
    15210 : FC;
    15211 : 08;
    15212 : 43;
    15213 : 90;
    15214 : CB;
    15215 : 19;
    15216 : 20;
    15217 : 02;
    15218 : 86;
    15219 : AA;
    15220 : BB;
    15221 : 36;
    15222 : 10;
    15223 : B8;
    15224 : 10;
    15225 : BC;
    15226 : 12;
    15227 : 47;
    15228 : A9;
    15229 : AA;
    15230 : 20;
    15231 : 10;
    15232 : 05;
    15233 : B1;
    15234 : BD;
    15235 : 18;
    15236 : 25;
    15237 : 80;
    15238 : BB;
    15239 : A8;
    15240 : 5A;
    15241 : 84;
    15242 : A3;
    15243 : 9E;
    15244 : B8;
    15245 : 53;
    15246 : 18;
    15247 : B2;
    15248 : 09;
    15249 : 9C;
    15250 : 22;
    15251 : 45;
    15252 : BA;
    15253 : A8;
    15254 : 18;
    15255 : 28;
    15256 : 17;
    15257 : A2;
    15258 : 9E;
    15259 : 28;
    15260 : 14;
    15261 : 09;
    15262 : A8;
    15263 : A0;
    15264 : 2D;
    15265 : 15;
    15266 : 81;
    15267 : 9E;
    15268 : 90;
    15269 : 21;
    15270 : 09;
    15271 : A3;
    15272 : B9;
    15273 : AD;
    15274 : 32;
    15275 : 14;
    15276 : D9;
    15277 : 08;
    15278 : 91;
    15279 : 18;
    15280 : 54;
    15281 : A1;
    15282 : AF;
    15283 : 28;
    15284 : 23;
    15285 : 09;
    15286 : 98;
    15287 : B0;
    15288 : 0F;
    15289 : 43;
    15290 : 82;
    15291 : AD;
    15292 : 80;
    15293 : 12;
    15294 : 88;
    15295 : 03;
    15296 : A9;
    15297 : 9F;
    15298 : 41;
    15299 : 13;
    15300 : C9;
    15301 : 09;
    15302 : 92;
    15303 : 1A;
    15304 : 73;
    15305 : 92;
    15306 : AE;
    15307 : 08;
    15308 : 14;
    15309 : 99;
    15310 : 88;
    15311 : 80;
    15312 : 9D;
    15313 : 43;
    15314 : 84;
    15315 : CC;
    15316 : 18;
    15317 : 11;
    15318 : 90;
    15319 : 20;
    15320 : A0;
    15321 : CC;
    15322 : 40;
    15323 : 13;
    15324 : C8;
    15325 : 0B;
    15326 : 03;
    15327 : 89;
    15328 : 60;
    15329 : 83;
    15330 : FA;
    15331 : 2A;
    15332 : 33;
    15333 : A0;
    15334 : 0A;
    15335 : 88;
    15336 : DC;
    15337 : 51;
    15338 : 23;
    15339 : EA;
    15340 : 0A;
    15341 : 12;
    15342 : 91;
    15343 : 18;
    15344 : 91;
    15345 : EB;
    15346 : 38;
    15347 : 24;
    15348 : C0;
    15349 : 8C;
    15350 : 00;
    15351 : 90;
    15352 : 38;
    15353 : 04;
    15354 : F9;
    15355 : 0A;
    15356 : 42;
    15357 : 81;
    15358 : 0B;
    15359 : 00;
    15360 : C8;
    15361 : 48;
    15362 : 25;
    15363 : C9;
    15364 : 8B;
    15365 : 21;
    15366 : 83;
    15367 : 19;
    15368 : 98;
    15369 : FA;
    15370 : 2A;
    15371 : 34;
    15372 : B2;
    15373 : 9E;
    15374 : 28;
    15375 : 82;
    15376 : 19;
    15377 : 02;
    15378 : F8;
    15379 : 8C;
    15380 : 31;
    15381 : 84;
    15382 : AA;
    15383 : 88;
    15384 : A2;
    15385 : 3A;
    15386 : 56;
    15387 : A0;
    15388 : 9D;
    15389 : 10;
    15390 : 04;
    15391 : 09;
    15392 : 09;
    15393 : A0;
    15394 : 2B;
    15395 : 25;
    15396 : 94;
    15397 : AD;
    15398 : 08;
    15399 : 03;
    15400 : 08;
    15401 : 82;
    15402 : A1;
    15403 : AF;
    15404 : 30;
    15405 : 16;
    15406 : AA;
    15407 : 99;
    15408 : 81;
    15409 : 8A;
    15410 : 43;
    15411 : B4;
    15412 : AE;
    15413 : 19;
    15414 : 15;
    15415 : 90;
    15416 : 98;
    15417 : 90;
    15418 : 0B;
    15419 : 24;
    15420 : 06;
    15421 : BB;
    15422 : 89;
    15423 : 43;
    15424 : 08;
    15425 : 91;
    15426 : 80;
    15427 : FB;
    15428 : 28;
    15429 : 34;
    15430 : C0;
    15431 : 8A;
    15432 : 18;
    15433 : 81;
    15434 : 52;
    15435 : 83;
    15436 : AF;
    15437 : 0A;
    15438 : 42;
    15439 : 82;
    15440 : AA;
    15441 : 89;
    15442 : 8B;
    15443 : 43;
    15444 : 34;
    15445 : FB;
    15446 : 9A;
    15447 : 30;
    15448 : 13;
    15449 : 90;
    15450 : 9A;
    15451 : D8;
    15452 : 3A;
    15453 : 44;
    15454 : A2;
    15455 : 9E;
    15456 : 98;
    15457 : 21;
    15458 : 31;
    15459 : 83;
    15460 : CC;
    15461 : 9B;
    15462 : 53;
    15463 : 33;
    15464 : D9;
    15465 : AA;
    15466 : 08;
    15467 : 44;
    15468 : 11;
    15469 : B9;
    15470 : AC;
    15471 : 09;
    15472 : 26;
    15473 : 01;
    15474 : BC;
    15475 : 09;
    15476 : 29;
    15477 : 04;
    15478 : 11;
    15479 : BA;
    15480 : FA;
    15481 : 48;
    15482 : 22;
    15483 : 90;
    15484 : AC;
    15485 : 88;
    15486 : 11;
    15487 : 52;
    15488 : B3;
    15489 : AF;
    15490 : 19;
    15491 : 35;
    15492 : 92;
    15493 : 90;
    15494 : 0A;
    15495 : 99;
    15496 : 54;
    15497 : 22;
    15498 : CD;
    15499 : 8A;
    15500 : 10;
    15501 : 90;
    15502 : 18;
    15503 : A8;
    15504 : EC;
    15505 : 39;
    15506 : 24;
    15507 : A0;
    15508 : 8C;
    15509 : 90;
    15510 : 19;
    15511 : 63;
    15512 : 83;
    15513 : BD;
    15514 : 0A;
    15515 : 54;
    15516 : 82;
    15517 : 99;
    15518 : 89;
    15519 : B9;
    15520 : 71;
    15521 : 14;
    15522 : D9;
    15523 : 89;
    15524 : 11;
    15525 : 00;
    15526 : 09;
    15527 : A2;
    15528 : C9;
    15529 : 2B;
    15530 : 27;
    15531 : 90;
    15532 : BB;
    15533 : 80;
    15534 : 8B;
    15535 : 30;
    15536 : 17;
    15537 : A8;
    15538 : 8F;
    15539 : 22;
    15540 : 12;
    15541 : A9;
    15542 : 00;
    15543 : D0;
    15544 : 20;
    15545 : 26;
    15546 : C8;
    15547 : 9C;
    15548 : 12;
    15549 : 32;
    15550 : 9A;
    15551 : 84;
    15552 : 9C;
    15553 : 18;
    15554 : 15;
    15555 : 91;
    15556 : AA;
    15557 : 10;
    15558 : A0;
    15559 : 0A;
    15560 : 94;
    15561 : 0B;
    15562 : FF;
    15563 : 21;
    15564 : 88;
    15565 : B9;
    15566 : 81;
    15567 : C8;
    15568 : 19;
    15569 : 34;
    15570 : C1;
    15571 : 8C;
    15572 : 01;
    15573 : 41;
    15574 : B0;
    15575 : 12;
    15576 : AD;
    15577 : 00;
    15578 : 37;
    15579 : A1;
    15580 : A9;
    15581 : 11;
    15582 : 03;
    15583 : 39;
    15584 : 06;
    15585 : 1B;
    15586 : D8;
    15587 : 42;
    15588 : 80;
    15589 : B0;
    15590 : 88;
    15591 : F8;
    15592 : 8A;
    15593 : 42;
    15594 : B1;
    15595 : 9F;
    15596 : 08;
    15597 : 20;
    15598 : 93;
    15599 : 00;
    15600 : DB;
    15601 : 08;
    15602 : 35;
    15603 : B3;
    15604 : BB;
    15605 : 99;
    15606 : 43;
    15607 : 29;
    15608 : 06;
    15609 : 8B;
    15610 : B0;
    15611 : 78;
    15612 : 82;
    15613 : 80;
    15614 : 99;
    15615 : C0;
    15616 : 19;
    15617 : 43;
    15618 : 81;
    15619 : BF;
    15620 : 88;
    15621 : 30;
    15622 : 06;
    15623 : 99;
    15624 : C9;
    15625 : 09;
    15626 : 24;
    15627 : 83;
    15628 : AC;
    15629 : BA;
    15630 : 58;
    15631 : 02;
    15632 : 04;
    15633 : AC;
    15634 : 92;
    15635 : 29;
    15636 : 04;
    15637 : 90;
    15638 : CB;
    15639 : 99;
    15640 : 49;
    15641 : 12;
    15642 : 21;
    15643 : CB;
    15644 : 88;
    15645 : 46;
    15646 : 26;
    15647 : A9;
    15648 : A9;
    15649 : 09;
    15650 : 23;
    15651 : 32;
    15652 : CC;
    15653 : CC;
    15654 : 2A;
    15655 : 05;
    15656 : 81;
    15657 : AC;
    15658 : 12;
    15659 : 8A;
    15660 : 23;
    15661 : 13;
    15662 : DD;
    15663 : 8A;
    15664 : 31;
    15665 : 91;
    15666 : 8A;
    15667 : B1;
    15668 : EB;
    15669 : 18;
    15670 : 77;
    15671 : 98;
    15672 : 99;
    15673 : 18;
    15674 : 02;
    15675 : 20;
    15676 : A0;
    15677 : CA;
    15678 : 1B;
    15679 : 27;
    15680 : 82;
    15681 : CB;
    15682 : 30;
    15683 : 98;
    15684 : 10;
    15685 : 22;
    15686 : F9;
    15687 : 9B;
    15688 : 41;
    15689 : 01;
    15690 : A9;
    15691 : 81;
    15692 : CA;
    15693 : 09;
    15694 : 76;
    15695 : A0;
    15696 : 9B;
    15697 : 18;
    15698 : 02;
    15699 : 08;
    15700 : 91;
    15701 : DA;
    15702 : 9B;
    15703 : 37;
    15704 : 81;
    15705 : DA;
    15706 : 38;
    15707 : 81;
    15708 : 08;
    15709 : 23;
    15710 : C8;
    15711 : AE;
    15712 : 31;
    15713 : 02;
    15714 : C9;
    15715 : 21;
    15716 : 99;
    15717 : 88;
    15718 : 73;
    15719 : 96;
    15720 : A9;
    15721 : 08;
    15722 : 13;
    15723 : 88;
    15724 : 80;
    15725 : CA;
    15726 : CD;
    15727 : 53;
    15728 : 81;
    15729 : D9;
    15730 : 2A;
    15731 : 82;
    15732 : 88;
    15733 : 11;
    15734 : A0;
    15735 : DC;
    15736 : 30;
    15737 : 13;
    15738 : D8;
    15739 : 29;
    15740 : A0;
    15741 : 90;
    15742 : 78;
    15743 : 86;
    15744 : AA;
    15745 : 18;
    15746 : 31;
    15747 : 91;
    15748 : 01;
    15749 : A9;
    15750 : EB;
    15751 : 61;
    15752 : 02;
    15753 : C9;
    15754 : 0B;
    15755 : 22;
    15756 : 98;
    15757 : 11;
    15758 : B8;
    15759 : FB;
    15760 : 3A;
    15761 : 13;
    15762 : D0;
    15763 : 1A;
    15764 : A1;
    15765 : 98;
    15766 : 68;
    15767 : 07;
    15768 : AA;
    15769 : 0A;
    15770 : 22;
    15771 : A1;
    15772 : 01;
    15773 : A8;
    15774 : CC;
    15775 : 79;
    15776 : 13;
    15777 : B0;
    15778 : 9B;
    15779 : 34;
    15780 : 80;
    15781 : 21;
    15782 : 80;
    15783 : FB;
    15784 : 2A;
    15785 : 14;
    15786 : A0;
    15787 : 0D;
    15788 : 80;
    15789 : A8;
    15790 : 08;
    15791 : 37;
    15792 : DA;
    15793 : 89;
    15794 : 31;
    15795 : A1;
    15796 : 18;
    15797 : A8;
    15798 : BD;
    15799 : 4B;
    15800 : 16;
    15801 : B8;
    15802 : AA;
    15803 : 41;
    15804 : 81;
    15805 : 10;
    15806 : 82;
    15807 : F9;
    15808 : 19;
    15809 : 34;
    15810 : 90;
    15811 : 9B;
    15812 : 13;
    15813 : C0;
    15814 : 80;
    15815 : 47;
    15816 : B9;
    15817 : 8B;
    15818 : 40;
    15819 : 92;
    15820 : 09;
    15821 : 80;
    15822 : BD;
    15823 : 2B;
    15824 : 27;
    15825 : B1;
    15826 : AC;
    15827 : 48;
    15828 : 81;
    15829 : 18;
    15830 : 00;
    15831 : D8;
    15832 : 8B;
    15833 : 35;
    15834 : 91;
    15835 : BC;
    15836 : 12;
    15837 : 90;
    15838 : 08;
    15839 : 73;
    15840 : C3;
    15841 : 8C;
    15842 : 30;
    15843 : 83;
    15844 : 8A;
    15845 : 10;
    15846 : F9;
    15847 : 0A;
    15848 : 44;
    15849 : 90;
    15850 : BB;
    15851 : 29;
    15852 : 16;
    15853 : 1A;
    15854 : 89;
    15855 : 90;
    15856 : 8C;
    15857 : 44;
    15858 : A1;
    15859 : CD;
    15860 : 31;
    15861 : A9;
    15862 : 88;
    15863 : 70;
    15864 : 92;
    15865 : 89;
    15866 : 20;
    15867 : 02;
    15868 : 99;
    15869 : B9;
    15870 : CB;
    15871 : AB;
    15872 : 74;
    15873 : 03;
    15874 : B9;
    15875 : 19;
    15876 : 24;
    15877 : EA;
    15878 : 20;
    15879 : 09;
    15880 : C9;
    15881 : 59;
    15882 : 01;
    15883 : B8;
    15884 : 70;
    15885 : 90;
    15886 : 80;
    15887 : 08;
    15888 : A0;
    15889 : BA;
    15890 : 3A;
    15891 : 25;
    15892 : 92;
    15893 : B1;
    15894 : 99;
    15895 : 88;
    15896 : 73;
    15897 : 89;
    15898 : 9D;
    15899 : 8E;
    15900 : 12;
    15901 : 91;
    15902 : 19;
    15903 : AD;
    15904 : 02;
    15905 : 73;
    15906 : 00;
    15907 : 90;
    15908 : 09;
    15909 : E1;
    15910 : 20;
    15911 : 21;
    15912 : 11;
    15913 : 9E;
    15914 : 00;
    15915 : 80;
    15916 : 04;
    15917 : 91;
    15918 : 9D;
    15919 : 9B;
    15920 : 53;
    15921 : 98;
    15922 : 99;
    15923 : 08;
    15924 : 42;
    15925 : 30;
    15926 : 23;
    15927 : FC;
    15928 : 09;
    15929 : 08;
    15930 : A8;
    15931 : 89;
    15932 : 84;
    15933 : AA;
    15934 : 6B;
    15935 : 84;
    15936 : 18;
    15937 : BD;
    15938 : 82;
    15939 : 28;
    15940 : 83;
    15941 : 04;
    15942 : 9E;
    15943 : 88;
    15944 : 62;
    15945 : B3;
    15946 : 89;
    15947 : 82;
    15948 : 9B;
    15949 : 38;
    15950 : 06;
    15951 : CA;
    15952 : 29;
    15953 : 26;
    15954 : 91;
    15955 : 8A;
    15956 : A0;
    15957 : 0D;
    15958 : 0A;
    15959 : 07;
    15960 : 8A;
    15961 : A8;
    15962 : 10;
    15963 : 10;
    15964 : 30;
    15965 : 20;
    15966 : DD;
    15967 : 89;
    15968 : 53;
    15969 : 93;
    15970 : 9C;
    15971 : 18;
    15972 : 00;
    15973 : 38;
    15974 : 86;
    15975 : DB;
    15976 : 8A;
    15977 : 24;
    15978 : 00;
    15979 : 1B;
    15980 : 01;
    15981 : AC;
    15982 : 20;
    15983 : 17;
    15984 : AC;
    15985 : 01;
    15986 : 99;
    15987 : 09;
    15988 : 43;
    15989 : B8;
    15990 : D8;
    15991 : 1A;
    15992 : 12;
    15993 : 25;
    15994 : 9A;
    15995 : 90;
    15996 : 1C;
    15997 : 01;
    15998 : 06;
    15999 : BB;
    16000 : 9A;
    16001 : 57;
    16002 : 18;
    16003 : 89;
    16004 : 90;
    16005 : BA;
    16006 : 21;
    16007 : 26;
    16008 : A9;
    16009 : 21;
    16010 : A8;
    16011 : 1D;
    16012 : 32;
    16013 : E3;
    16014 : 9A;
    16015 : 9B;
    16016 : 82;
    16017 : 40;
    16018 : CA;
    16019 : 91;
    16020 : 1F;
    16021 : 24;
    16022 : 02;
    16023 : BB;
    16024 : B9;
    16025 : 63;
    16026 : 18;
    16027 : 90;
    16028 : C1;
    16029 : AC;
    16030 : 48;
    16031 : 13;
    16032 : D9;
    16033 : 39;
    16034 : B1;
    16035 : 8A;
    16036 : 34;
    16037 : B6;
    16038 : 8D;
    16039 : 08;
    16040 : 03;
    16041 : 4A;
    16042 : 81;
    16043 : B1;
    16044 : 8D;
    16045 : 43;
    16046 : 03;
    16047 : 9C;
    16048 : 2A;
    16049 : 10;
    16050 : 20;
    16051 : 01;
    16052 : F9;
    16053 : 8C;
    16054 : 59;
    16055 : 93;
    16056 : 99;
    16057 : 3B;
    16058 : B4;
    16059 : 0B;
    16060 : 60;
    16061 : A3;
    16062 : 9D;
    16063 : 00;
    16064 : 92;
    16065 : 4A;
    16066 : 02;
    16067 : E8;
    16068 : 8A;
    16069 : 72;
    16070 : 80;
    16071 : 98;
    16072 : 1A;
    16073 : 98;
    16074 : 24;
    16075 : 21;
    16076 : EA;
    16077 : 99;
    16078 : 29;
    16079 : A3;
    16080 : 83;
    16081 : 0D;
    16082 : B3;
    16083 : 89;
    16084 : 78;
    16085 : A2;
    16086 : AC;
    16087 : 20;
    16088 : 80;
    16089 : 21;
    16090 : 25;
    16091 : DC;
    16092 : 89;
    16093 : 40;
    16094 : 92;
    16095 : A0;
    16096 : 2A;
    16097 : CA;
    16098 : 35;
    16099 : 42;
    16100 : EB;
    16101 : 88;
    16102 : 31;
    16103 : 80;
    16104 : 93;
    16105 : 0A;
    16106 : BA;
    16107 : 23;
    16108 : 62;
    16109 : B0;
    16110 : F8;
    16111 : 28;
    16112 : 99;
    16113 : A2;
    16114 : 73;
    16115 : CB;
    16116 : 98;
    16117 : 51;
    16118 : 80;
    16119 : A8;
    16120 : 08;
    16121 : B9;
    16122 : 43;
    16123 : 43;
    16124 : BE;
    16125 : 98;
    16126 : 21;
    16127 : 08;
    16128 : 84;
    16129 : 00;
    16130 : 8F;
    16131 : 81;
    16132 : 32;
    16133 : 99;
    16134 : B0;
    16135 : 59;
    16136 : 09;
    16137 : B3;
    16138 : 72;
    16139 : B9;
    16140 : B8;
    16141 : 53;
    16142 : 11;
    16143 : B8;
    16144 : 18;
    16145 : 9C;
    16146 : 02;
    16147 : 37;
    16148 : BB;
    16149 : DA;
    16150 : 40;
    16151 : 88;
    16152 : 82;
    16153 : 19;
    16154 : 9E;
    16155 : 81;
    16156 : 32;
    16157 : 80;
    16158 : D8;
    16159 : 29;
    16160 : 19;
    16161 : 82;
    16162 : 63;
    16163 : A9;
    16164 : FA;
    16165 : 40;
    16166 : 20;
    16167 : C1;
    16168 : 08;
    16169 : 8B;
    16170 : 91;
    16171 : 46;
    16172 : B9;
    16173 : BA;
    16174 : 59;
    16175 : 01;
    16176 : 81;
    16177 : 88;
    16178 : BB;
    16179 : 90;
    16180 : 36;
    16181 : 81;
    16182 : EA;
    16183 : 08;
    16184 : 20;
    16185 : A1;
    16186 : 21;
    16187 : 80;
    16188 : BF;
    16189 : 50;
    16190 : 31;
    16191 : E0;
    16192 : 19;
    16193 : 88;
    16194 : 90;
    16195 : 62;
    16196 : 91;
    16197 : BC;
    16198 : 39;
    16199 : 14;
    16200 : 88;
    16201 : 09;
    16202 : 88;
    16203 : 8A;
    16204 : 64;
    16205 : 11;
    16206 : EB;
    16207 : 08;
    16208 : 20;
    16209 : A0;
    16210 : 01;
    16211 : 08;
    16212 : DC;
    16213 : 28;
    16214 : 43;
    16215 : C8;
    16216 : 0A;
    16217 : 81;
    16218 : B9;
    16219 : 70;
    16220 : 83;
    16221 : CC;
    16222 : 19;
    16223 : 24;
    16224 : 89;
    16225 : 88;
    16226 : 88;
    16227 : 9D;
    16228 : 42;
    16229 : 23;
    16230 : EB;
    16231 : 08;
    16232 : 20;
    16233 : 90;
    16234 : 28;
    16235 : 01;
    16236 : CC;
    16237 : 39;
    16238 : 27;
    16239 : A0;
    16240 : 8A;
    16241 : 02;
    16242 : 9A;
    16243 : 38;
    16244 : 27;
    16245 : BD;
    16246 : 8A;
    16247 : 35;
    16248 : 99;
    16249 : 88;
    16250 : 00;
    16251 : BC;
    16252 : 41;
    16253 : 15;
    16254 : CA;
    16255 : 89;
    16256 : 20;
    16257 : 88;
    16258 : 18;
    16259 : 01;
    16260 : FB;
    16261 : 09;
    16262 : 26;
    16263 : 90;
    16264 : AA;
    16265 : 32;
    16266 : 88;
    16267 : 00;
    16268 : 27;
    16269 : BB;
    16270 : AB;
    16271 : 74;
    16272 : A0;
    16273 : A8;
    16274 : 00;
    16275 : AA;
    16276 : 38;
    16277 : 27;
    16278 : C8;
    16279 : 8A;
    16280 : 21;
    16281 : 81;
    16282 : 98;
    16283 : 02;
    16284 : BC;
    16285 : 8C;
    16286 : 25;
    16287 : 81;
    16288 : AE;
    16289 : 11;
    16290 : 09;
    16291 : 00;
    16292 : 36;
    16293 : C0;
    16294 : 9A;
    16295 : 51;
    16296 : 92;
    16297 : 8A;
    16298 : 81;
    16299 : 00;
    16300 : 2A;
    16301 : 27;
    16302 : 9A;
    16303 : 9C;
    16304 : 13;
    16305 : 82;
    16306 : 9A;
    16307 : 93;
    16308 : DA;
    16309 : 8C;
    16310 : 05;
    16311 : 48;
    16312 : DA;
    16313 : 00;
    16314 : 8B;
    16315 : 18;
    16316 : 24;
    16317 : CA;
    16318 : AB;
    16319 : 11;
    16320 : 05;
    16321 : 8B;
    16322 : A3;
    16323 : 3D;
    16324 : 08;
    16325 : 47;
    16326 : A8;
    16327 : 98;
    16328 : 22;
    16329 : 88;
    16330 : 01;
    16331 : 01;
    16332 : DB;
    16333 : 1B;
    16334 : 15;
    16335 : 39;
    16336 : D2;
    16337 : 08;
    16338 : 9A;
    16339 : 14;
    16340 : 23;
    16341 : EA;
    16342 : AA;
    16343 : 19;
    16344 : 24;
    16345 : 9A;
    16346 : C0;
    16347 : 8F;
    16348 : 81;
    16349 : 33;
    16350 : D8;
    16351 : 99;
    16352 : 31;
    16353 : 80;
    16354 : 33;
    16355 : 98;
    16356 : AD;
    16357 : 0C;
    16358 : 26;
    16359 : 0A;
    16360 : 94;
    16361 : 09;
    16362 : E9;
    16363 : 21;
    16364 : 12;
    16365 : B8;
    16366 : 8C;
    16367 : 19;
    16368 : 62;
    16369 : 91;
    16370 : 80;
    16371 : 9F;
    16372 : 12;
    16373 : 22;
    16374 : D1;
    16375 : 9A;
    16376 : 08;
    16377 : 00;
    16378 : 28;
    16379 : C8;
    16380 : 9C;
    16381 : 90;
    16382 : 37;
    16383 : 89;
    16384 : 84;
    16385 : 89;
    16386 : B8;
    16387 : 42;
    16388 : 12;
    16389 : BA;
    16390 : AC;
    16391 : 9B;
    16392 : 70;
    16393 : 84;
    16394 : 88;
    16395 : AC;
    16396 : 15;
    16397 : 20;
    16398 : 92;
    16399 : 9A;
    16400 : 8C;
    16401 : 48;
    16402 : 21;
    16403 : C9;
    16404 : 8D;
    16405 : 91;
    16406 : 30;
    16407 : 88;
    16408 : 07;
    16409 : BB;
    16410 : 8A;
    16411 : 24;
    16412 : 18;
    16413 : 8B;
    16414 : A1;
    16415 : AE;
    16416 : 50;
    16417 : 06;
    16418 : 9A;
    16419 : 9A;
    16420 : 43;
    16421 : 88;
    16422 : 11;
    16423 : 90;
    16424 : AD;
    16425 : 58;
    16426 : 13;
    16427 : B9;
    16428 : 8D;
    16429 : 84;
    16430 : 18;
    16431 : 00;
    16432 : 24;
    16433 : BD;
    16434 : 09;
    16435 : 43;
    16436 : 88;
    16437 : 8B;
    16438 : 01;
    16439 : CC;
    16440 : 28;
    16441 : 27;
    16442 : B9;
    16443 : 9A;
    16444 : 61;
    16445 : 90;
    16446 : 00;
    16447 : 91;
    16448 : DA;
    16449 : 4B;
    16450 : 13;
    16451 : B0;
    16452 : 9E;
    16453 : 12;
    16454 : 88;
    16455 : 00;
    16456 : 52;
    16457 : C9;
    16458 : 8A;
    16459 : 24;
    16460 : 81;
    16461 : 8B;
    16462 : 82;
    16463 : D9;
    16464 : 19;
    16465 : 47;
    16466 : A9;
    16467 : 8A;
    16468 : 58;
    16469 : 92;
    16470 : 08;
    16471 : 91;
    16472 : CA;
    16473 : 1B;
    16474 : 26;
    16475 : 98;
    16476 : AC;
    16477 : 12;
    16478 : 09;
    16479 : 21;
    16480 : 38;
    16481 : F8;
    16482 : 8A;
    16483 : 31;
    16484 : 12;
    16485 : CA;
    16486 : 80;
    16487 : BA;
    16488 : 00;
    16489 : 77;
    16490 : 98;
    16491 : 8A;
    16492 : 3A;
    16493 : 04;
    16494 : 00;
    16495 : 98;
    16496 : AB;
    16497 : 89;
    16498 : 37;
    16499 : 98;
    16500 : D9;
    16501 : 29;
    16502 : 19;
    16503 : 23;
    16504 : 8A;
    16505 : C1;
    16506 : AB;
    16507 : 51;
    16508 : 23;
    16509 : E1;
    16510 : 8A;
    16511 : 9A;
    16512 : 03;
    16513 : 70;
    16514 : B1;
    16515 : B9;
    16516 : 0D;
    16517 : 35;
    16518 : 81;
    16519 : A8;
    16520 : 9B;
    16521 : A0;
    16522 : 45;
    16523 : 00;
    16524 : D8;
    16525 : 1C;
    16526 : 28;
    16527 : 05;
    16528 : 98;
    16529 : 08;
    16530 : A8;
    16531 : 30;
    16532 : 51;
    16533 : D3;
    16534 : 0B;
    16535 : 0B;
    16536 : 13;
    16537 : 6A;
    16538 : 90;
    16539 : D0;
    16540 : 9B;
    16541 : 73;
    16542 : 81;
    16543 : 99;
    16544 : 8B;
    16545 : A0;
    16546 : 51;
    16547 : 01;
    16548 : C9;
    16549 : 8E;
    16550 : 11;
    16551 : 03;
    16552 : B1;
    16553 : 19;
    16554 : D0;
    16555 : 38;
    16556 : 51;
    16557 : B3;
    16558 : 8C;
    16559 : 09;
    16560 : 13;
    16561 : 49;
    16562 : 82;
    16563 : E9;
    16564 : 9B;
    16565 : 72;
    16566 : 83;
    16567 : 99;
    16568 : 8A;
    16569 : 98;
    16570 : 40;
    16571 : 14;
    16572 : D9;
    16573 : AC;
    16574 : 21;
    16575 : 03;
    16576 : A0;
    16577 : 2B;
    16578 : F0;
    16579 : 29;
    16580 : 42;
    16581 : A2;
    16582 : 9D;
    16583 : 80;
    16584 : 11;
    16585 : 18;
    16586 : 05;
    16587 : BA;
    16588 : AC;
    16589 : 72;
    16590 : 83;
    16591 : A9;
    16592 : 89;
    16593 : 98;
    16594 : 39;
    16595 : 27;
    16596 : B9;
    16597 : AD;
    16598 : 41;
    16599 : 01;
    16600 : 81;
    16601 : 1B;
    16602 : C0;
    16603 : 1C;
    16604 : 24;
    16605 : 93;
    16606 : AE;
    16607 : 00;
    16608 : 00;
    16609 : 88;
    16610 : 24;
    16611 : C9;
    16612 : AB;
    16613 : 61;
    16614 : 13;
    16615 : 89;
    16616 : 99;
    16617 : A1;
    16618 : 10;
    16619 : 37;
    16620 : C9;
    16621 : CA;
    16622 : 40;
    16623 : 00;
    16624 : 10;
    16625 : 8A;
    16626 : 91;
    16627 : 8D;
    16628 : 13;
    16629 : 21;
    16630 : AE;
    16631 : 81;
    16632 : 09;
    16633 : A4;
    16634 : 06;
    16635 : AA;
    16636 : 8E;
    16637 : 28;
    16638 : 32;
    16639 : 88;
    16640 : D1;
    16641 : 88;
    16642 : 80;
    16643 : 34;
    16644 : 93;
    16645 : BF;
    16646 : 09;
    16647 : 08;
    16648 : 2A;
    16649 : C0;
    16650 : 41;
    16651 : 88;
    16652 : 83;
    16653 : 01;
    16654 : CE;
    16655 : 22;
    16656 : 32;
    16657 : 01;
    16658 : 89;
    16659 : 1D;
    16660 : 10;
    16661 : 83;
    16662 : 57;
    16663 : B8;
    16664 : 98;
    16665 : 28;
    16666 : 09;
    16667 : 10;
    16668 : 3D;
    16669 : 80;
    16670 : D9;
    16671 : 08;
    16672 : C2;
    16673 : B3;
    16674 : 70;
    16675 : A8;
    16676 : A8;
    16677 : 2D;
    16678 : 82;
    16679 : C1;
    16680 : 0C;
    16681 : 82;
    16682 : 11;
    16683 : 30;
    16684 : BC;
    16685 : CC;
    16686 : 69;
    16687 : 13;
    16688 : C1;
    16689 : 8B;
    16690 : A1;
    16691 : 32;
    16692 : 42;
    16693 : B9;
    16694 : 8D;
    16695 : 5B;
    16696 : 14;
    16697 : B3;
    16698 : AC;
    16699 : B1;
    16700 : 30;
    16701 : 78;
    16702 : 90;
    16703 : 8B;
    16704 : 8A;
    16705 : 14;
    16706 : 85;
    16707 : AA;
    16708 : 90;
    16709 : 18;
    16710 : 70;
    16711 : 94;
    16712 : A9;
    16713 : 9B;
    16714 : 24;
    16715 : 04;
    16716 : A9;
    16717 : A9;
    16718 : 1B;
    16719 : 73;
    16720 : 02;
    16721 : A9;
    16722 : AC;
    16723 : 23;
    16724 : 14;
    16725 : CB;
    16726 : 80;
    16727 : 0C;
    16728 : 40;
    16729 : 04;
    16730 : C9;
    16731 : BB;
    16732 : 31;
    16733 : 06;
    16734 : AB;
    16735 : 01;
    16736 : 0A;
    16737 : 49;
    16738 : 05;
    16739 : A9;
    16740 : BC;
    16741 : 31;
    16742 : 86;
    16743 : AA;
    16744 : 80;
    16745 : 18;
    16746 : 58;
    16747 : 06;
    16748 : 88;
    16749 : BB;
    16750 : 31;
    16751 : 15;
    16752 : BA;
    16753 : 88;
    16754 : 98;
    16755 : 51;
    16756 : 03;
    16757 : AA;
    16758 : BE;
    16759 : 43;
    16760 : 24;
    16761 : CA;
    16762 : 08;
    16763 : 8B;
    16764 : 30;
    16765 : 05;
    16766 : 9A;
    16767 : DB;
    16768 : 10;
    16769 : 25;
    16770 : B9;
    16771 : 00;
    16772 : 9B;
    16773 : 52;
    16774 : 33;
    16775 : BC;
    16776 : D9;
    16777 : 2A;
    16778 : 34;
    16779 : A0;
    16780 : AA;
    16781 : AE;
    16782 : 38;
    16783 : 35;
    16784 : 99;
    16785 : C8;
    16786 : 0A;
    16787 : 43;
    16788 : 82;
    16789 : 99;
    16790 : AD;
    16791 : 50;
    16792 : 14;
    16793 : 99;
    16794 : C0;
    16795 : 0A;
    16796 : 42;
    16797 : 13;
    16798 : 0B;
    16799 : EC;
    16800 : 20;
    16801 : 22;
    16802 : B8;
    16803 : 91;
    16804 : BC;
    16805 : 21;
    16806 : 14;
    16807 : 0A;
    16808 : FB;
    16809 : 38;
    16810 : 22;
    16811 : C8;
    16812 : 81;
    16813 : CA;
    16814 : 28;
    16815 : 24;
    16816 : 08;
    16817 : EC;
    16818 : 28;
    16819 : 22;
    16820 : C0;
    16821 : 12;
    16822 : AC;
    16823 : 00;
    16824 : 53;
    16825 : 09;
    16826 : DA;
    16827 : 39;
    16828 : 04;
    16829 : B8;
    16830 : 12;
    16831 : AC;
    16832 : 20;
    16833 : 53;
    16834 : 8B;
    16835 : F9;
    16836 : 19;
    16837 : 04;
    16838 : A9;
    16839 : 18;
    16840 : A9;
    16841 : 2A;
    16842 : 27;
    16843 : 09;
    16844 : C9;
    16845 : 18;
    16846 : 23;
    16847 : C1;
    16848 : 30;
    16849 : DA;
    16850 : 2A;
    16851 : 36;
    16852 : 88;
    16853 : B9;
    16854 : 1A;
    16855 : 34;
    16856 : 92;
    16857 : 21;
    16858 : ED;
    16859 : 1A;
    16860 : 33;
    16861 : 88;
    16862 : EB;
    16863 : 99;
    16864 : 31;
    16865 : A1;
    16866 : 32;
    16867 : BF;
    16868 : 1B;
    16869 : 44;
    16870 : 98;
    16871 : A8;
    16872 : 89;
    16873 : 41;
    16874 : 92;
    16875 : 40;
    16876 : EA;
    16877 : 0B;
    16878 : 53;
    16879 : 98;
    16880 : 88;
    16881 : 99;
    16882 : 18;
    16883 : 03;
    16884 : 63;
    16885 : C9;
    16886 : 8C;
    16887 : 34;
    16888 : 88;
    16889 : A8;
    16890 : 81;
    16891 : 2A;
    16892 : 15;
    16893 : 40;
    16894 : CB;
    16895 : 8D;
    16896 : 43;
    16897 : 90;
    16898 : A0;
    16899 : B0;
    16900 : 3B;
    16901 : 12;
    16902 : 20;
    16903 : DD;
    16904 : 8B;
    16905 : 27;
    16906 : A1;
    16907 : 98;
    16908 : 98;
    16909 : 4A;
    16910 : 23;
    16911 : 81;
    16912 : 9D;
    16913 : BB;
    16914 : 27;
    16915 : 80;
    16916 : A0;
    16917 : B0;
    16918 : 2C;
    16919 : 23;
    16920 : 91;
    16921 : 9D;
    16922 : C9;
    16923 : 43;
    16924 : 00;
    16925 : B8;
    16926 : EB;
    16927 : 2C;
    16928 : 24;
    16929 : 92;
    16930 : 9A;
    16931 : CA;
    16932 : 43;
    16933 : 30;
    16934 : A2;
    16935 : F9;
    16936 : 2D;
    16937 : 14;
    16938 : 80;
    16939 : 9A;
    16940 : B0;
    16941 : 21;
    16942 : 30;
    16943 : 83;
    16944 : FB;
    16945 : 0E;
    16946 : 14;
    16947 : 91;
    16948 : 8A;
    16949 : 98;
    16950 : 08;
    16951 : 41;
    16952 : 03;
    16953 : F9;
    16954 : 0B;
    16955 : 24;
    16956 : 91;
    16957 : 0B;
    16958 : 90;
    16959 : 8B;
    16960 : 48;
    16961 : 17;
    16962 : D9;
    16963 : 8B;
    16964 : 34;
    16965 : 80;
    16966 : 8B;
    16967 : 80;
    16968 : 9B;
    16969 : 50;
    16970 : 15;
    16971 : D9;
    16972 : 9A;
    16973 : 43;
    16974 : 90;
    16975 : 09;
    16976 : 80;
    16977 : BA;
    16978 : 50;
    16979 : 25;
    16980 : D9;
    16981 : 8B;
    16982 : 52;
    16983 : 91;
    16984 : 8A;
    16985 : 10;
    16986 : BA;
    16987 : 48;
    16988 : 35;
    16989 : C9;
    16990 : 8A;
    16991 : 43;
    16992 : A2;
    16993 : 88;
    16994 : 10;
    16995 : FB;
    16996 : 20;
    16997 : 32;
    16998 : EA;
    16999 : AA;
    17000 : 51;
    17001 : B2;
    17002 : 09;
    17003 : 10;
    17004 : EB;
    17005 : 20;
    17006 : 32;
    17007 : E8;
    17008 : 9A;
    17009 : 31;
    17010 : 93;
    17011 : 89;
    17012 : 10;
    17013 : EB;
    17014 : 40;
    17015 : 53;
    17016 : C8;
    17017 : AA;
    17018 : 40;
    17019 : A2;
    17020 : 80;
    17021 : 18;
    17022 : EB;
    17023 : 38;
    17024 : 41;
    17025 : D1;
    17026 : 9A;
    17027 : 38;
    17028 : 94;
    17029 : 11;
    17030 : 10;
    17031 : FA;
    17032 : 28;
    17033 : 42;
    17034 : B0;
    17035 : AA;
    17036 : 2A;
    17037 : 84;
    17038 : 31;
    17039 : 09;
    17040 : FC;
    17041 : 28;
    17042 : 32;
    17043 : B1;
    17044 : AA;
    17045 : 1C;
    17046 : 84;
    17047 : 41;
    17048 : 88;
    17049 : FB;
    17050 : 29;
    17051 : 31;
    17052 : B2;
    17053 : AA;
    17054 : 8C;
    17055 : 02;
    17056 : 42;
    17057 : 80;
    17058 : FB;
    17059 : 2B;
    17060 : 33;
    17061 : A1;
    17062 : AA;
    17063 : 9C;
    17064 : 00;
    17065 : 52;
    17066 : 80;
    17067 : FB;
    17068 : 29;
    17069 : 32;
    17070 : 82;
    17071 : 8A;
    17072 : AB;
    17073 : 40;
    17074 : 54;
    17075 : 01;
    17076 : DB;
    17077 : 1A;
    17078 : 24;
    17079 : 91;
    17080 : AA;
    17081 : AB;
    17082 : 48;
    17083 : 34;
    17084 : 83;
    17085 : BE;
    17086 : 1A;
    17087 : 44;
    17088 : 80;
    17089 : 99;
    17090 : BB;
    17091 : 49;
    17092 : 43;
    17093 : A2;
    17094 : CC;
    17095 : 0B;
    17096 : 34;
    17097 : 20;
    17098 : A8;
    17099 : EB;
    17100 : 2A;
    17101 : 25;
    17102 : 02;
    17103 : BC;
    17104 : AA;
    17105 : 25;
    17106 : 30;
    17107 : C0;
    17108 : DA;
    17109 : 2A;
    17110 : 33;
    17111 : 03;
    17112 : AD;
    17113 : AC;
    17114 : 32;
    17115 : 51;
    17116 : A0;
    17117 : CA;
    17118 : 2B;
    17119 : 33;
    17120 : 07;
    17121 : 9A;
    17122 : BB;
    17123 : 32;
    17124 : 62;
    17125 : 91;
    17126 : CA;
    17127 : 1C;
    17128 : 12;
    17129 : 23;
    17130 : 8B;
    17131 : EB;
    17132 : 20;
    17133 : 42;
    17134 : A3;
    17135 : BA;
    17136 : 0E;
    17137 : 13;
    17138 : 12;
    17139 : 8A;
    17140 : FB;
    17141 : 1A;
    17142 : 41;
    17143 : 93;
    17144 : BB;
    17145 : 1E;
    17146 : 02;
    17147 : 21;
    17148 : 19;
    17149 : F8;
    17150 : 0A;
    17151 : 41;
    17152 : A3;
    17153 : BB;
    17154 : 1C;
    17155 : 04;
    17156 : 10;
    17157 : 00;
    17158 : F0;
    17159 : 8A;
    17160 : 42;
    17161 : 84;
    17162 : AA;
    17163 : 1A;
    17164 : 04;
    17165 : 08;
    17166 : 20;
    17167 : E1;
    17168 : 8C;
    17169 : 32;
    17170 : 85;
    17171 : BB;
    17172 : 0A;
    17173 : 14;
    17174 : 08;
    17175 : 31;
    17176 : F1;
    17177 : 9C;
    17178 : 31;
    17179 : 05;
    17180 : BA;
    17181 : 89;
    17182 : 21;
    17183 : 09;
    17184 : 14;
    17185 : E1;
    17186 : AC;
    17187 : 42;
    17188 : 13;
    17189 : CB;
    17190 : 89;
    17191 : 12;
    17192 : 88;
    17193 : 24;
    17194 : C1;
    17195 : AF;
    17196 : 31;
    17197 : 23;
    17198 : CB;
    17199 : 09;
    17200 : 11;
    17201 : 99;
    17202 : 43;
    17203 : A1;
    17204 : CF;
    17205 : 30;
    17206 : 23;
    17207 : C9;
    17208 : 09;
    17209 : 00;
    17210 : A8;
    17211 : 44;
    17212 : 91;
    17213 : CD;
    17214 : 38;
    17215 : 33;
    17216 : C8;
    17217 : 89;
    17218 : 00;
    17219 : 99;
    17220 : 73;
    17221 : 81;
    17222 : BD;
    17223 : 28;
    17224 : 24;
    17225 : B0;
    17226 : 99;
    17227 : 00;
    17228 : B0;
    17229 : 73;
    17230 : 01;
    17231 : FB;
    17232 : 18;
    17233 : 22;
    17234 : A0;
    17235 : 8A;
    17236 : 09;
    17237 : B0;
    17238 : 63;
    17239 : 01;
    17240 : FB;
    17241 : 19;
    17242 : 32;
    17243 : B1;
    17244 : A9;
    17245 : 89;
    17246 : A0;
    17247 : 54;
    17248 : 01;
    17249 : DC;
    17250 : 09;
    17251 : 33;
    17252 : A3;
    17253 : A9;
    17254 : 8B;
    17255 : 88;
    17256 : 72;
    17257 : 03;
    17258 : FA;
    17259 : 0A;
    17260 : 32;
    17261 : 94;
    17262 : 99;
    17263 : 9A;
    17264 : 00;
    17265 : 72;
    17266 : 01;
    17267 : CA;
    17268 : 0B;
    17269 : 42;
    17270 : 04;
    17271 : A9;
    17272 : AA;
    17273 : 08;
    17274 : 62;
    17275 : 02;
    17276 : E9;
    17277 : 9A;
    17278 : 31;
    17279 : 05;
    17280 : 98;
    17281 : BB;
    17282 : 08;
    17283 : 43;
    17284 : 03;
    17285 : FA;
    17286 : AA;
    17287 : 31;
    17288 : 25;
    17289 : B8;
    17290 : AB;
    17291 : 1A;
    17292 : 33;
    17293 : 15;
    17294 : C9;
    17295 : DB;
    17296 : 31;
    17297 : 24;
    17298 : B1;
    17299 : 9D;
    17300 : 09;
    17301 : 13;
    17302 : 14;
    17303 : D9;
    17304 : BA;
    17305 : 48;
    17306 : 33;
    17307 : D2;
    17308 : 9A;
    17309 : 8A;
    17310 : 14;
    17311 : 42;
    17312 : B8;
    17313 : EA;
    17314 : 38;
    17315 : 33;
    17316 : B3;
    17317 : 9D;
    17318 : 9A;
    17319 : 14;
    17320 : 43;
    17321 : B8;
    17322 : EB;
    17323 : 39;
    17324 : 43;
    17325 : B2;
    17326 : 9C;
    17327 : 9A;
    17328 : 23;
    17329 : 53;
    17330 : B9;
    17331 : EB;
    17332 : 39;
    17333 : 33;
    17334 : A4;
    17335 : AC;
    17336 : 8A;
    17337 : 13;
    17338 : 63;
    17339 : B9;
    17340 : CA;
    17341 : 4A;
    17342 : 32;
    17343 : B3;
    17344 : AC;
    17345 : 9B;
    17346 : 14;
    17347 : 63;
    17348 : A8;
    17349 : D9;
    17350 : 29;
    17351 : 31;
    17352 : 95;
    17353 : 9A;
    17354 : AA;
    17355 : 13;
    17356 : 73;
    17357 : A0;
    17358 : CA;
    17359 : 29;
    17360 : 41;
    17361 : 95;
    17362 : A9;
    17363 : AB;
    17364 : 20;
    17365 : 64;
    17366 : 90;
    17367 : C8;
    17368 : 19;
    17369 : 21;
    17370 : 14;
    17371 : A9;
    17372 : CB;
    17373 : 28;
    17374 : 53;
    17375 : 98;
    17376 : CB;
    17377 : 0B;
    17378 : 22;
    17379 : 24;
    17380 : A8;
    17381 : BE;
    17382 : 38;
    17383 : 42;
    17384 : A0;
    17385 : BA;
    17386 : 99;
    17387 : 15;
    17388 : 50;
    17389 : 0A;
    17390 : CA;
    17391 : 10;
    17392 : 15;
    17393 : 90;
    17394 : 0A;
    17395 : 8B;
    17396 : 11;
    17397 : 53;
    17398 : EA;
    17399 : BA;
    17400 : 29;
    17401 : 27;
    17402 : A2;
    17403 : 0C;
    17404 : 08;
    17405 : 82;
    17406 : 34;
    17407 : B2;
    17408 : AD;
    17409 : 2C;
    17410 : 23;
    17411 : A3;
    17412 : AC;
    17413 : 80;
    17414 : 42;
    17415 : 60;
    17416 : A0;
    17417 : DC;
    17418 : 19;
    17419 : 15;
    17420 : 01;
    17421 : 8C;
    17422 : 9A;
    17423 : 01;
    17424 : 33;
    17425 : A4;
    17426 : DB;
    17427 : 1C;
    17428 : 22;
    17429 : 82;
    17430 : AA;
    17431 : C0;
    17432 : 39;
    17433 : 72;
    17434 : 92;
    17435 : DA;
    17436 : 9A;
    17437 : 33;
    17438 : 13;
    17439 : 8C;
    17440 : B9;
    17441 : 9C;
    17442 : 52;
    17443 : 85;
    17444 : AA;
    17445 : 0B;
    17446 : 22;
    17447 : 13;
    17448 : C8;
    17449 : B8;
    17450 : 89;
    17451 : 79;
    17452 : 06;
    17453 : B9;
    17454 : 8A;
    17455 : 83;
    17456 : 31;
    17457 : 20;
    17458 : B8;
    17459 : 8D;
    17460 : 21;
    17461 : 07;
    17462 : A8;
    17463 : 9C;
    17464 : 22;
    17465 : 20;
    17466 : 00;
    17467 : C2;
    17468 : 9E;
    17469 : 31;
    17470 : 13;
    17471 : BB;
    17472 : D9;
    17473 : 12;
    17474 : 12;
    17475 : 28;
    17476 : 01;
    17477 : DF;
    17478 : 21;
    17479 : 86;
    17480 : BA;
    17481 : 08;
    17482 : 80;
    17483 : 18;
    17484 : A2;
    17485 : A8;
    17486 : 9C;
    17487 : 61;
    17488 : 16;
    17489 : CB;
    17490 : 88;
    17491 : 12;
    17492 : 19;
    17493 : 03;
    17494 : A9;
    17495 : 8E;
    17496 : 33;
    17497 : 16;
    17498 : C9;
    17499 : 8A;
    17500 : 40;
    17501 : 98;
    17502 : 12;
    17503 : C0;
    17504 : AD;
    17505 : 41;
    17506 : 22;
    17507 : AA;
    17508 : BA;
    17509 : 20;
    17510 : 12;
    17511 : 23;
    17512 : B8;
    17513 : FF;
    17514 : 39;
    17515 : 15;
    17516 : A9;
    17517 : 98;
    17518 : 88;
    17519 : 20;
    17520 : 15;
    17521 : 88;
    17522 : EA;
    17523 : 18;
    17524 : 34;
    17525 : B8;
    17526 : 8B;
    17527 : A8;
    17528 : 88;
    17529 : 37;
    17530 : A8;
    17531 : AC;
    17532 : 19;
    17533 : 43;
    17534 : 94;
    17535 : AA;
    17536 : 08;
    17537 : 89;
    17538 : 73;
    17539 : 92;
    17540 : CB;
    17541 : 18;
    17542 : 33;
    17543 : 02;
    17544 : DB;
    17545 : AB;
    17546 : 81;
    17547 : 53;
    17548 : 22;
    17549 : FC;
    17550 : 1A;
    17551 : 11;
    17552 : 81;
    17553 : 00;
    17554 : 9C;
    17555 : 30;
    17556 : 32;
    17557 : 88;
    17558 : E2;
    17559 : 9B;
    17560 : 34;
    17561 : 94;
    17562 : 9B;
    17563 : C8;
    17564 : 1B;
    17565 : 25;
    17566 : A8;
    17567 : 8A;
    17568 : B9;
    17569 : 79;
    17570 : 06;
    17571 : A9;
    17572 : 0A;
    17573 : 08;
    17574 : 53;
    17575 : A0;
    17576 : BA;
    17577 : 80;
    17578 : 30;
    17579 : 47;
    17580 : B9;
    17581 : 9C;
    17582 : 21;
    17583 : 11;
    17584 : 81;
    17585 : BC;
    17586 : 0B;
    17587 : 23;
    17588 : 73;
    17589 : A1;
    17590 : BE;
    17591 : 30;
    17592 : 03;
    17593 : 00;
    17594 : A0;
    17595 : DB;
    17596 : 51;
    17597 : 23;
    17598 : 90;
    17599 : DB;
    17600 : 0A;
    17601 : 16;
    17602 : 90;
    17603 : 08;
    17604 : D9;
    17605 : 19;
    17606 : 44;
    17607 : A8;
    17608 : 9A;
    17609 : 0B;
    17610 : 22;
    17611 : 05;
    17612 : 9B;
    17613 : D1;
    17614 : 9A;
    17615 : 73;
    17616 : A3;
    17617 : 9B;
    17618 : 88;
    17619 : 93;
    17620 : 42;
    17621 : A8;
    17622 : A9;
    17623 : 1B;
    17624 : 73;
    17625 : 86;
    17626 : CA;
    17627 : 09;
    17628 : 82;
    17629 : 18;
    17630 : 01;
    17631 : FA;
    17632 : 09;
    17633 : 30;
    17634 : 03;
    17635 : B9;
    17636 : 9D;
    17637 : 05;
    17638 : 00;
    17639 : 18;
    17640 : D1;
    17641 : 0C;
    17642 : 43;
    17643 : 92;
    17644 : 99;
    17645 : B9;
    17646 : 21;
    17647 : 43;
    17648 : 89;
    17649 : 90;
    17650 : BF;
    17651 : 62;
    17652 : 82;
    17653 : AB;
    17654 : 80;
    17655 : 00;
    17656 : 42;
    17657 : 90;
    17658 : BB;
    17659 : 8B;
    17660 : 61;
    17661 : 27;
    17662 : BA;
    17663 : 8A;
    17664 : 02;
    17665 : 49;
    17666 : 83;
    17667 : DA;
    17668 : 0B;
    17669 : 13;
    17670 : 33;
    17671 : DA;
    17672 : AD;
    17673 : 48;
    17674 : 11;
    17675 : 01;
    17676 : BA;
    17677 : 9F;
    17678 : 23;
    17679 : 13;
    17680 : B0;
    17681 : EB;
    17682 : 3A;
    17683 : 34;
    17684 : 90;
    17685 : A8;
    17686 : CB;
    17687 : 31;
    17688 : 27;
    17689 : A9;
    17690 : B9;
    17691 : 0B;
    17692 : 45;
    17693 : A2;
    17694 : 8C;
    17695 : 98;
    17696 : 80;
    17697 : 72;
    17698 : A1;
    17699 : AA;
    17700 : 0A;
    17701 : 33;
    17702 : 06;
    17703 : BB;
    17704 : 80;
    17705 : 80;
    17706 : 70;
    17707 : 03;
    17708 : CC;
    17709 : 1A;
    17710 : 23;
    17711 : 81;
    17712 : 9A;
    17713 : 9A;
    17714 : 08;
    17715 : 68;
    17716 : 14;
    17717 : F9;
    17718 : 0B;
    17719 : 33;
    17720 : 91;
    17721 : 8B;
    17722 : B3;
    17723 : 0B;
    17724 : 70;
    17725 : 85;
    17726 : A9;
    17727 : 0D;
    17728 : 42;
    17729 : 90;
    17730 : 8A;
    17731 : 12;
    17732 : AC;
    17733 : 08;
    17734 : 85;
    17735 : A9;
    17736 : AC;
    17737 : 42;
    17738 : 23;
    17739 : 90;
    17740 : 34;
    17741 : C0;
    17742 : 1A;
    17743 : 14;
    17744 : FB;
    17745 : 8D;
    17746 : 01;
    17747 : 00;
    17748 : 80;
    17749 : 82;
    17750 : 89;
    17751 : 19;
    17752 : 87;
    17753 : 88;
    17754 : 9D;
    17755 : 33;
    17756 : 89;
    17757 : C1;
    17758 : 01;
    17759 : 89;
    17760 : 11;
    17761 : 25;
    17762 : FA;
    17763 : 9B;
    17764 : 53;
    17765 : 81;
    17766 : 88;
    17767 : 11;
    17768 : BB;
    17769 : 58;
    17770 : 15;
    17771 : AA;
    17772 : 8B;
    17773 : 31;
    17774 : CA;
    17775 : 88;
    17776 : 00;
    17777 : 9F;
    17778 : 09;
    17779 : 47;
    17780 : 98;
    17781 : 89;
    17782 : 22;
    17783 : 80;
    17784 : B0;
    17785 : 91;
    17786 : 9C;
    17787 : 0C;
    17788 : 45;
    17789 : A0;
    17790 : 9D;
    17791 : 31;
    17792 : 90;
    17793 : 18;
    17794 : 92;
    17795 : EC;
    17796 : 28;
    17797 : 34;
    17798 : A9;
    17799 : 8B;
    17800 : 20;
    17801 : 02;
    17802 : 81;
    17803 : 12;
    17804 : FF;
    17805 : 09;
    17806 : 23;
    17807 : A0;
    17808 : 0A;
    17809 : 20;
    17810 : 93;
    17811 : 13;
    17812 : 89;
    17813 : F9;
    17814 : 0F;
    17815 : 22;
    17816 : C1;
    17817 : 1B;
    17818 : 11;
    17819 : 98;
    17820 : 21;
    17821 : 13;
    17822 : FB;
    17823 : 1B;
    17824 : 34;
    17825 : B2;
    17826 : 0C;
    17827 : 21;
    17828 : A2;
    17829 : 30;
    17830 : B1;
    17831 : DF;
    17832 : 2A;
    17833 : 22;
    17834 : A2;
    17835 : 8C;
    17836 : 08;
    17837 : 05;
    17838 : 39;
    17839 : 80;
    17840 : F9;
    17841 : 2C;
    17842 : 14;
    17843 : A1;
    17844 : 8B;
    17845 : 88;
    17846 : 81;
    17847 : 31;
    17848 : 00;
    17849 : FA;
    17850 : 1C;
    17851 : 43;
    17852 : A1;
    17853 : 8B;
    17854 : 89;
    17855 : 81;
    17856 : 72;
    17857 : 82;
    17858 : E8;
    17859 : 0C;
    17860 : 21;
    17861 : 92;
    17862 : 8A;
    17863 : B8;
    17864 : 00;
    17865 : 71;
    17866 : 92;
    17867 : B9;
    17868 : 1C;
    17869 : 23;
    17870 : 15;
    17871 : 9A;
    17872 : DB;
    17873 : 18;
    17874 : 51;
    17875 : 82;
    17876 : B9;
    17877 : 1B;
    17878 : 22;
    17879 : 03;
    17880 : 09;
    17881 : FD;
    17882 : 18;
    17883 : 52;
    17884 : 91;
    17885 : A9;
    17886 : 0B;
    17887 : 84;
    17888 : 22;
    17889 : 09;
    17890 : FC;
    17891 : 1B;
    17892 : 42;
    17893 : B1;
    17894 : 8A;
    17895 : 08;
    17896 : 03;
    17897 : 52;
    17898 : 92;
    17899 : FA;
    17900 : 0C;
    17901 : 33;
    17902 : B2;
    17903 : 9C;
    17904 : 18;
    17905 : 81;
    17906 : 58;
    17907 : 03;
    17908 : DC;
    17909 : 0A;
    17910 : 43;
    17911 : A3;
    17912 : 9C;
    17913 : 19;
    17914 : 81;
    17915 : 49;
    17916 : 13;
    17917 : F8;
    17918 : 0C;
    17919 : 33;
    17920 : 92;
    17921 : 9D;
    17922 : 80;
    17923 : 02;
    17924 : 19;
    17925 : 14;
    17926 : D9;
    17927 : 8D;
    17928 : 32;
    17929 : 83;
    17930 : AC;
    17931 : 01;
    17932 : 80;
    17933 : 4A;
    17934 : 14;
    17935 : D0;
    17936 : 8D;
    17937 : 32;
    17938 : 02;
    17939 : 9D;
    17940 : 00;
    17941 : 90;
    17942 : 1A;
    17943 : 17;
    17944 : A8;
    17945 : 9E;
    17946 : 12;
    17947 : 02;
    17948 : AA;
    17949 : 00;
    17950 : 80;
    17951 : 0A;
    17952 : 17;
    17953 : A8;
    17954 : AD;
    17955 : 32;
    17956 : 12;
    17957 : AA;
    17958 : 08;
    17959 : A0;
    17960 : 09;
    17961 : 37;
    17962 : A1;
    17963 : AF;
    17964 : 31;
    17965 : 04;
    17966 : A9;
    17967 : 88;
    17968 : 98;
    17969 : 0A;
    17970 : 36;
    17971 : A8;
    17972 : CC;
    17973 : 30;
    17974 : 14;
    17975 : B8;
    17976 : 88;
    17977 : A0;
    17978 : 08;
    17979 : 46;
    17980 : 90;
    17981 : CC;
    17982 : 28;
    17983 : 13;
    17984 : A0;
    17985 : 99;
    17986 : A8;
    17987 : 0A;
    17988 : 74;
    17989 : 81;
    17990 : CB;
    17991 : 28;
    17992 : 14;
    17993 : A1;
    17994 : 99;
    17995 : AA;
    17996 : 80;
    17997 : 73;
    17998 : 81;
    17999 : DC;
    18000 : 19;
    18001 : 12;
    18002 : 82;
    18003 : 08;
    18004 : CA;
    18005 : 08;
    18006 : 62;
    18007 : 92;
    18008 : CB;
    18009 : 0C;
    18010 : 22;
    18011 : 84;
    18012 : A8;
    18013 : AA;
    18014 : 29;
    18015 : 63;
    18016 : 82;
    18017 : C9;
    18018 : 9B;
    18019 : 34;
    18020 : 16;
    18021 : A8;
    18022 : AA;
    18023 : 09;
    18024 : 41;
    18025 : 03;
    18026 : E9;
    18027 : 9B;
    18028 : 32;
    18029 : 16;
    18030 : A8;
    18031 : AA;
    18032 : 19;
    18033 : 21;
    18034 : 17;
    18035 : C8;
    18036 : BA;
    18037 : 41;
    18038 : 23;
    18039 : B8;
    18040 : AC;
    18041 : 99;
    18042 : 11;
    18043 : 25;
    18044 : D1;
    18045 : CB;
    18046 : 31;
    18047 : 23;
    18048 : C8;
    18049 : 9A;
    18050 : 99;
    18051 : 12;
    18052 : 37;
    18053 : B0;
    18054 : CE;
    18055 : 30;
    18056 : 22;
    18057 : B0;
    18058 : 09;
    18059 : A9;
    18060 : 01;
    18061 : 56;
    18062 : A0;
    18063 : BC;
    18064 : 59;
    18065 : 12;
    18066 : A0;
    18067 : 0A;
    18068 : B9;
    18069 : 00;
    18070 : 74;
    18071 : A1;
    18072 : BB;
    18073 : 49;
    18074 : 14;
    18075 : 90;
    18076 : 0A;
    18077 : A0;
    18078 : 89;
    18079 : 74;
    18080 : 91;
    18081 : BC;
    18082 : 4A;
    18083 : 13;
    18084 : 90;
    18085 : 0A;
    18086 : C0;
    18087 : 89;
    18088 : 72;
    18089 : 92;
    18090 : BC;
    18091 : 4B;
    18092 : 13;
    18093 : 98;
    18094 : 1A;
    18095 : C0;
    18096 : 0A;
    18097 : 72;
    18098 : 93;
    18099 : CB;
    18100 : 2A;
    18101 : 24;
    18102 : 98;
    18103 : 8B;
    18104 : A2;
    18105 : B9;
    18106 : 72;
    18107 : 04;
    18108 : CB;
    18109 : 0B;
    18110 : 33;
    18111 : 82;
    18112 : 8B;
    18113 : C2;
    18114 : 1C;
    18115 : 72;
    18116 : 85;
    18117 : BA;
    18118 : 1A;
    18119 : 23;
    18120 : 90;
    18121 : 89;
    18122 : 92;
    18123 : 8E;
    18124 : 20;
    18125 : 15;
    18126 : CB;
    18127 : 8B;
    18128 : 14;
    18129 : 00;
    18130 : 80;
    18131 : 90;
    18132 : AD;
    18133 : 20;
    18134 : 17;
    18135 : B9;
    18136 : 8C;
    18137 : 22;
    18138 : 21;
    18139 : 00;
    18140 : 12;
    18141 : AC;
    18142 : 09;
    18143 : 27;
    18144 : A9;
    18145 : CD;
    18146 : 10;
    18147 : 11;
    18148 : B8;
    18149 : 98;
    18150 : 9C;
    18151 : 29;
    18152 : 37;
    18153 : 98;
    18154 : AC;
    18155 : 58;
    18156 : 22;
    18157 : B2;
    18158 : 99;
    18159 : 29;
    18160 : 81;
    18161 : 87;
    18162 : 1A;
    18163 : 9D;
    18164 : 12;
    18165 : 12;
    18166 : B8;
    18167 : 38;
    18168 : 85;
    18169 : D3;
    18170 : 2A;
    18171 : 20;
    18172 : E2;
    18173 : A8;
    18174 : 7B;
    18175 : 91;
    18176 : 01;
    18177 : AA;
    18178 : AA;
    18179 : 48;
    18180 : 07;
    18181 : B8;
    18182 : 8D;
    18183 : 21;
    18184 : 12;
    18185 : A8;
    18186 : 1E;
    18187 : A0;
    18188 : 23;
    18189 : 88;
    18190 : EA;
    18191 : 99;
    18192 : 24;
    18193 : 01;
    18194 : 9E;
    18195 : 08;
    18196 : 21;
    18197 : 20;
    18198 : 1C;
    18199 : C2;
    18200 : 30;
    18201 : 21;
    18202 : A1;
    18203 : BB;
    18204 : 04;
    18205 : 21;
    18206 : BF;
    18207 : 02;
    18208 : 31;
    18209 : 9A;
    18210 : 0F;
    18211 : 84;
    18212 : 28;
    18213 : 88;
    18214 : C8;
    18215 : 89;
    18216 : 35;
    18217 : 11;
    18218 : CF;
    18219 : 00;
    18220 : 31;
    18221 : 80;
    18222 : CB;
    18223 : 92;
    18224 : 48;
    18225 : 12;
    18226 : C1;
    18227 : AB;
    18228 : 63;
    18229 : 31;
    18230 : EA;
    18231 : 19;
    18232 : 29;
    18233 : 81;
    18234 : A8;
    18235 : 83;
    18236 : 1C;
    18237 : 82;
    18238 : C3;
    18239 : AC;
    18240 : 48;
    18241 : 01;
    18242 : FA;
    18243 : 28;
    18244 : 20;
    18245 : 90;
    18246 : A9;
    18247 : 14;
    18248 : 2B;
    18249 : 84;
    18250 : C0;
    18251 : 9E;
    18252 : 41;
    18253 : 82;
    18254 : D9;
    18255 : 2A;
    18256 : 20;
    18257 : 05;
    18258 : A9;
    18259 : 00;
    18260 : 3B;
    18261 : 07;
    18262 : 81;
    18263 : AD;
    18264 : 29;
    18265 : 13;
    18266 : A8;
    18267 : 0E;
    18268 : 80;
    18269 : 12;
    18270 : 81;
    18271 : 10;
    18272 : 9D;
    18273 : 22;
    18274 : 23;
    18275 : BF;
    18276 : 19;
    18277 : 02;
    18278 : B9;
    18279 : 1D;
    18280 : 03;
    18281 : 93;
    18282 : 98;
    18283 : 31;
    18284 : EB;
    18285 : 33;
    18286 : 21;
    18287 : CF;
    18288 : 18;
    18289 : 15;
    18290 : 98;
    18291 : 9C;
    18292 : 83;
    18293 : 23;
    18294 : 88;
    18295 : 89;
    18296 : EC;
    18297 : 40;
    18298 : 22;
    18299 : E8;
    18300 : 99;
    18301 : 12;
    18302 : 00;
    18303 : AA;
    18304 : 81;
    18305 : 38;
    18306 : 12;
    18307 : 33;
    18308 : FC;
    18309 : 2C;
    18310 : 31;
    18311 : D1;
    18312 : 8B;
    18313 : 10;
    18314 : 90;
    18315 : E8;
    18316 : 12;
    18317 : 28;
    18318 : B8;
    18319 : 43;
    18320 : A0;
    18321 : 6A;
    18322 : 23;
    18323 : E3;
    18324 : 8B;
    18325 : 21;
    18326 : A1;
    18327 : F9;
    18328 : 28;
    18329 : 30;
    18330 : 92;
    18331 : 38;
    18332 : DA;
    18333 : 0C;
    18334 : 13;
    18335 : A3;
    18336 : BF;
    18337 : 18;
    18338 : 83;
    18339 : D8;
    18340 : 0A;
    18341 : 8A;
    18342 : 05;
    18343 : 51;
    18344 : 90;
    18345 : 9B;
    18346 : 13;
    18347 : 25;
    18348 : AB;
    18349 : 08;
    18350 : 04;
    18351 : 98;
    18352 : 2B;
    18353 : 09;
    18354 : 85;
    18355 : 5B;
    18356 : A2;
    18357 : AC;
    18358 : 11;
    18359 : 48;
    18360 : CC;
    18361 : 11;
    18362 : 25;
    18363 : 98;
    18364 : 8C;
    18365 : 08;
    18366 : 23;
    18367 : 2C;
    18368 : E2;
    18369 : AA;
    18370 : 21;
    18371 : 21;
    18372 : F9;
    18373 : 9B;
    18374 : 31;
    18375 : 12;
    18376 : 9A;
    18377 : 89;
    18378 : 52;
    18379 : 08;
    18380 : 87;
    18381 : BA;
    18382 : 28;
    18383 : 52;
    18384 : B2;
    18385 : 9A;
    18386 : 2B;
    18387 : 12;
    18388 : 9A;
    18389 : 0A;
    18390 : 64;
    18391 : 98;
    18392 : 05;
    18393 : 9A;
    18394 : 28;
    18395 : 10;
    18396 : F2;
    18397 : AB;
    18398 : 3A;
    18399 : 25;
    18400 : A9;
    18401 : 9C;
    18402 : 73;
    18403 : 92;
    18404 : 01;
    18405 : 9B;
    18406 : 18;
    18407 : 31;
    18408 : 95;
    18409 : 9E;
    18410 : 0B;
    18411 : 33;
    18412 : A0;
    18413 : BF;
    18414 : 20;
    18415 : 83;
    18416 : 22;
    18417 : 9C;
    18418 : 89;
    18419 : 08;
    18420 : 16;
    18421 : 9B;
    18422 : AC;
    18423 : 43;
    18424 : 03;
    18425 : CD;
    18426 : 28;
    18427 : 93;
    18428 : 20;
    18429 : 9A;
    18430 : 11;
    18431 : A0;
    18432 : 56;
    18433 : 99;
    18434 : DB;
    18435 : 41;
    18436 : 02;
    18437 : EB;
    18438 : 18;
    18439 : 05;
    18440 : 00;
    18441 : A9;
    18442 : 88;
    18443 : 89;
    18444 : 62;
    18445 : 98;
    18446 : EA;
    18447 : 30;
    18448 : 14;
    18449 : D8;
    18450 : 89;
    18451 : 12;
    18452 : 19;
    18453 : A9;
    18454 : 08;
    18455 : 99;
    18456 : 73;
    18457 : 82;
    18458 : D9;
    18459 : 38;
    18460 : 32;
    18461 : F8;
    18462 : 89;
    18463 : 23;
    18464 : 09;
    18465 : B8;
    18466 : 08;
    18467 : BB;
    18468 : 68;
    18469 : A2;
    18470 : FA;
    18471 : 39;
    18472 : 22;
    18473 : D8;
    18474 : 8B;
    18475 : 43;
    18476 : 09;
    18477 : 91;
    18478 : 89;
    18479 : 89;
    18480 : 71;
    18481 : 83;
    18482 : DA;
    18483 : 3A;
    18484 : 33;
    18485 : C1;
    18486 : AA;
    18487 : 60;
    18488 : 08;
    18489 : 82;
    18490 : 18;
    18491 : B9;
    18492 : 42;
    18493 : 94;
    18494 : DB;
    18495 : 2A;
    18496 : 16;
    18497 : B1;
    18498 : 9C;
    18499 : 38;
    18500 : 98;
    18501 : A4;
    18502 : 89;
    18503 : 9A;
    18504 : 50;
    18505 : A6;
    18506 : AB;
    18507 : 1D;
    18508 : 22;
    18509 : 91;
    18510 : BA;
    18511 : 58;
    18512 : 80;
    18513 : 16;
    18514 : 99;
    18515 : 0C;
    18516 : 11;
    18517 : 85;
    18518 : B9;
    18519 : 1C;
    18520 : 12;
    18521 : 13;
    18522 : 9F;
    18523 : 19;
    18524 : 80;
    18525 : 03;
    18526 : 91;
    18527 : 8C;
    18528 : 00;
    18529 : 27;
    18530 : 9B;
    18531 : 8C;
    18532 : 14;
    18533 : 80;
    18534 : 99;
    18535 : 0B;
    18536 : A1;
    18537 : 66;
    18538 : 99;
    18539 : A9;
    18540 : 33;
    18541 : 05;
    18542 : 8B;
    18543 : 9A;
    18544 : 83;
    18545 : 70;
    18546 : 98;
    18547 : 99;
    18548 : 01;
    18549 : 42;
    18550 : B9;
    18551 : BC;
    18552 : 81;
    18553 : 73;
    18554 : A9;
    18555 : BA;
    18556 : 22;
    18557 : 38;
    18558 : 88;
    18559 : EA;
    18560 : A1;
    18561 : 78;
    18562 : D2;
    18563 : 99;
    18564 : 10;
    18565 : 12;
    18566 : 0B;
    18567 : B9;
    18568 : 10;
    18569 : 7B;
    18570 : B3;
    18571 : C0;
    18572 : 40;
    18573 : 40;
    18574 : 98;
    18575 : 9A;
    18576 : 38;
    18577 : 41;
    18578 : E3;
    18579 : A8;
    18580 : 2A;
    18581 : 48;
    18582 : 92;
    18583 : C8;
    18584 : 38;
    18585 : 69;
    18586 : A5;
    18587 : 99;
    18588 : 19;
    18589 : 11;
    18590 : 90;
    18591 : B1;
    18592 : 1B;
    18593 : 3B;
    18594 : 27;
    18595 : AA;
    18596 : 3D;
    18597 : 30;
    18598 : C2;
    18599 : 09;
    18600 : 2A;
    18601 : A1;
    18602 : 17;
    18603 : 89;
    18604 : 0F;
    18605 : 10;
    18606 : 92;
    18607 : AA;
    18608 : 2B;
    18609 : B0;
    18610 : 07;
    18611 : 0C;
    18612 : 0A;
    18613 : 01;
    18614 : 83;
    18615 : 88;
    18616 : AF;
    18617 : 92;
    18618 : 27;
    18619 : 8B;
    18620 : 09;
    18621 : 02;
    18622 : 81;
    18623 : 29;
    18624 : A9;
    18625 : B0;
    18626 : 77;
    18627 : 09;
    18628 : AB;
    18629 : 11;
    18630 : 22;
    18631 : AB;
    18632 : 08;
    18633 : 94;
    18634 : 70;
    18635 : 89;
    18636 : C0;
    18637 : 00;
    18638 : 21;
    18639 : 80;
    18640 : EC;
    18641 : 01;
    18642 : 61;
    18643 : A9;
    18644 : 98;
    18645 : 21;
    18646 : 18;
    18647 : 88;
    18648 : D0;
    18649 : 8A;
    18650 : 78;
    18651 : A3;
    18652 : DA;
    18653 : 28;
    18654 : 22;
    18655 : A9;
    18656 : 8A;
    18657 : 81;
    18658 : 6B;
    18659 : 93;
    18660 : B0;
    18661 : 0D;
    18662 : 32;
    18663 : 04;
    18664 : BC;
    18665 : 1A;
    18666 : 70;
    18667 : A2;
    18668 : 8A;
    18669 : 08;
    18670 : 08;
    18671 : 20;
    18672 : A1;
    18673 : 8F;
    18674 : 38;
    18675 : 07;
    18676 : B9;
    18677 : 1A;
    18678 : 34;
    18679 : 08;
    18680 : 8B;
    18681 : A1;
    18682 : 2A;
    18683 : 37;
    18684 : 99;
    18685 : AE;
    18686 : 21;
    18687 : 22;
    18688 : E9;
    18689 : 89;
    18690 : 28;
    18691 : 04;
    18692 : 9A;
    18693 : AA;
    18694 : 19;
    18695 : 20;
    18696 : A3;
    18697 : CE;
    18698 : 28;
    18699 : 37;
    18700 : B8;
    18701 : 9A;
    18702 : 32;
    18703 : 22;
    18704 : 81;
    18705 : A8;
    18706 : 9F;
    18707 : 42;
    18708 : A0;
    18709 : CD;
    18710 : 18;
    18711 : 12;
    18712 : B1;
    18713 : 8C;
    18714 : 88;
    18715 : 33;
    18716 : 91;
    18717 : 99;
    18718 : 4B;
    18719 : 17;
    18720 : 03;
    18721 : AD;
    18722 : 09;
    18723 : 45;
    18724 : 81;
    18725 : AC;
    18726 : 19;
    18727 : 01;
    18728 : 02;
    18729 : 9A;
    18730 : 9A;
    18731 : 37;
    18732 : 02;
    18733 : DB;
    18734 : 8A;
    18735 : 23;
    18736 : 14;
    18737 : BC;
    18738 : BA;
    18739 : 62;
    18740 : 01;
    18741 : BA;
    18742 : 9B;
    18743 : 25;
    18744 : 31;
    18745 : EA;
    18746 : B9;
    18747 : 40;
    18748 : 12;
    18749 : DA;
    18750 : A9;
    18751 : 33;
    18752 : 10;
    18753 : D9;
    18754 : AA;
    18755 : 40;
    18756 : 23;
    18757 : D0;
    18758 : 8A;
    18759 : 42;
    18760 : 31;
    18761 : F8;
    18762 : 99;
    18763 : 48;
    18764 : 13;
    18765 : B8;
    18766 : AB;
    18767 : 50;
    18768 : 31;
    18769 : B2;
    18770 : CB;
    18771 : 2C;
    18772 : 26;
    18773 : C1;
    18774 : AB;
    18775 : 48;
    18776 : 13;
    18777 : 91;
    18778 : 9B;
    18779 : 2A;
    18780 : 26;
    18781 : A2;
    18782 : 9C;
    18783 : 2B;
    18784 : 24;
    18785 : A3;
    18786 : 9F;
    18787 : 1A;
    18788 : 05;
    18789 : 90;
    18790 : 9B;
    18791 : 28;
    18792 : 02;
    18793 : 04;
    18794 : AD;
    18795 : 9C;
    18796 : 35;
    18797 : 91;
    18798 : AD;
    18799 : 29;
    18800 : 04;
    18801 : 90;
    18802 : AA;
    18803 : 99;
    18804 : 53;
    18805 : 12;
    18806 : CB;
    18807 : 8B;
    18808 : 35;
    18809 : 04;
    18810 : AC;
    18811 : 89;
    18812 : 34;
    18813 : 00;
    18814 : AA;
    18815 : A9;
    18816 : 82;
    18817 : 45;
    18818 : B9;
    18819 : BB;
    18820 : 74;
    18821 : 11;
    18822 : AB;
    18823 : 0A;
    18824 : 04;
    18825 : 18;
    18826 : AA;
    18827 : C8;
    18828 : 38;
    18829 : 34;
    18830 : FA;
    18831 : 9A;
    18832 : 43;
    18833 : 12;
    18834 : CA;
    18835 : 99;
    18836 : 42;
    18837 : 01;
    18838 : A8;
    18839 : B9;
    18840 : 21;
    18841 : 72;
    18842 : D0;
    18843 : BA;
    18844 : 49;
    18845 : 14;
    18846 : C9;
    18847 : 89;
    18848 : 21;
    18849 : 08;
    18850 : A1;
    18851 : B0;
    18852 : 6C;
    18853 : 42;
    18854 : D8;
    18855 : A8;
    18856 : 40;
    18857 : 11;
    18858 : D0;
    18859 : A8;
    18860 : 31;
    18861 : 98;
    18862 : 98;
    18863 : 09;
    18864 : 53;
    18865 : 41;
    18866 : B2;
    18867 : BB;
    18868 : 3B;
    18869 : 15;
    18870 : FA;
    18871 : 8B;
    18872 : 38;
    18873 : 22;
    18874 : 82;
    18875 : 98;
    18876 : 3A;
    18877 : 83;
    18878 : 87;
    18879 : 9D;
    18880 : 29;
    18881 : 39;
    18882 : B5;
    18883 : AB;
    18884 : 50;
    18885 : 01;
    18886 : 98;
    18887 : BA;
    18888 : 1F;
    18889 : 23;
    18890 : 01;
    18891 : AC;
    18892 : 18;
    18893 : 24;
    18894 : 96;
    18895 : 88;
    18896 : 0B;
    18897 : 39;
    18898 : B9;
    18899 : AF;
    18900 : 18;
    18901 : 03;
    18902 : 02;
    18903 : E9;
    18904 : 39;
    18905 : 51;
    18906 : 11;
    18907 : AB;
    18908 : 98;
    18909 : 02;
    18910 : C6;
    18911 : 09;
    18912 : 0D;
    18913 : 22;
    18914 : 42;
    18915 : BB;
    18916 : 48;
    18917 : 81;
    18918 : A5;
    18919 : 9A;
    18920 : 08;
    18921 : 34;
    18922 : 90;
    18923 : 0C;
    18924 : 2D;
    18925 : B0;
    18926 : 42;
    18927 : A0;
    18928 : 99;
    18929 : BB;
    18930 : 06;
    18931 : 0B;
    18932 : 0C;
    18933 : 61;
    18934 : 92;
    18935 : A8;
    18936 : 0B;
    18937 : A6;
    18938 : 00;
    18939 : 9C;
    18940 : 20;
    18941 : 18;
    18942 : 02;
    18943 : 0D;
    18944 : CA;
    18945 : 16;
    18946 : 88;
    18947 : 81;
    18948 : 1B;
    18949 : A0;
    18950 : 50;
    18951 : 19;
    18952 : A1;
    18953 : 40;
    18954 : 17;
    18955 : 99;
    18956 : AD;
    18957 : 31;
    18958 : 10;
    18959 : B9;
    18960 : 2B;
    18961 : 87;
    18962 : 81;
    18963 : 9A;
    18964 : 80;
    18965 : 08;
    18966 : 38;
    18967 : 30;
    18968 : CC;
    18969 : 03;
    18970 : 2A;
    18971 : C0;
    18972 : 20;
    18973 : D8;
    18974 : 63;
    18975 : 1A;
    18976 : E9;
    18977 : 2A;
    18978 : 04;
    18979 : 88;
    18980 : AC;
    18981 : 16;
    18982 : 10;
    18983 : D9;
    18984 : 29;
    18985 : 11;
    18986 : B8;
    18987 : 0B;
    18988 : A4;
    18989 : A8;
    18990 : 28;
    18991 : 30;
    18992 : BE;
    18993 : 30;
    18994 : 70;
    18995 : 90;
    18996 : 91;
    18997 : 98;
    18998 : 21;
    18999 : 20;
    19000 : E8;
    19001 : 5A;
    19002 : 18;
    19003 : B0;
    19004 : AC;
    19005 : 14;
    19006 : 21;
    19007 : E9;
    19008 : 41;
    19009 : 10;
    19010 : A8;
    19011 : 3A;
    19012 : 94;
    19013 : A9;
    19014 : 1B;
    19015 : 17;
    19016 : 9C;
    19017 : 08;
    19018 : 10;
    19019 : B8;
    19020 : 1B;
    19021 : 40;
    19022 : 95;
    19023 : 22;
    19024 : DA;
    19025 : 2B;
    19026 : 01;
    19027 : B3;
    19028 : 8F;
    19029 : 08;
    19030 : 83;
    19031 : B9;
    19032 : 48;
    19033 : 8A;
    19034 : F2;
    19035 : 78;
    19036 : 00;
    19037 : A9;
    19038 : 89;
    19039 : 15;
    19040 : 8A;
    19041 : A9;
    19042 : 26;
    19043 : 09;
    19044 : 89;
    19045 : 89;
    19046 : B3;
    19047 : 69;
    19048 : 88;
    19049 : B2;
    19050 : 28;
    19051 : 28;
    19052 : 0E;
    19053 : 98;
    19054 : 24;
    19055 : 09;
    19056 : B3;
    19057 : B3;
    19058 : C9;
    19059 : 7B;
    19060 : 93;
    19061 : B8;
    19062 : 4C;
    19063 : 33;
    19064 : F9;
    19065 : AA;
    19066 : 33;
    19067 : 09;
    19068 : D2;
    19069 : 38;
    19070 : 99;
    19071 : 29;
    19072 : B2;
    19073 : C4;
    19074 : 1D;
    19075 : 00;
    19076 : 04;
    19077 : BA;
    19078 : 2A;
    19079 : 2A;
    19080 : 87;
    19081 : 08;
    19082 : 8C;
    19083 : 12;
    19084 : 12;
    19085 : C0;
    19086 : 1D;
    19087 : 21;
    19088 : 84;
    19089 : 9C;
    19090 : 00;
    19091 : 00;
    19092 : B2;
    19093 : 20;
    19094 : AC;
    19095 : 00;
    19096 : 71;
    19097 : C2;
    19098 : AB;
    19099 : 20;
    19100 : 27;
    19101 : C9;
    19102 : 88;
    19103 : 59;
    19104 : 02;
    19105 : 98;
    19106 : AC;
    19107 : 12;
    19108 : 40;
    19109 : D1;
    19110 : 89;
    19111 : 3A;
    19112 : 24;
    19113 : A9;
    19114 : 98;
    19115 : 2A;
    19116 : 83;
    19117 : 17;
    19118 : 9C;
    19119 : 9A;
    19120 : 61;
    19121 : 92;
    19122 : 9C;
    19123 : 0B;
    19124 : 15;
    19125 : 81;
    19126 : AC;
    19127 : 2A;
    19128 : 22;
    19129 : 84;
    19130 : 0E;
    19131 : 88;
    19132 : 21;
    19133 : 92;
    19134 : BA;
    19135 : 8E;
    19136 : 13;
    19137 : 42;
    19138 : AC;
    19139 : 0A;
    19140 : 21;
    19141 : 17;
    19142 : 9A;
    19143 : BA;
    19144 : 44;
    19145 : 12;
    19146 : CA;
    19147 : 0C;
    19148 : 22;
    19149 : 23;
    19150 : BC;
    19151 : A9;
    19152 : 42;
    19153 : 23;
    19154 : 9C;
    19155 : BB;
    19156 : 43;
    19157 : 50;
    19158 : C0;
    19159 : BA;
    19160 : 11;
    19161 : 45;
    19162 : B9;
    19163 : BA;
    19164 : 58;
    19165 : 22;
    19166 : D9;
    19167 : B9;
    19168 : 41;
    19169 : 20;
    19170 : C0;
    19171 : 8A;
    19172 : 28;
    19173 : 44;
    19174 : D8;
    19175 : A8;
    19176 : 48;
    19177 : 02;
    19178 : A0;
    19179 : AB;
    19180 : 58;
    19181 : 30;
    19182 : C3;
    19183 : BA;
    19184 : 2C;
    19185 : 35;
    19186 : B1;
    19187 : BC;
    19188 : 5A;
    19189 : 22;
    19190 : B2;
    19191 : AC;
    19192 : 38;
    19193 : 21;
    19194 : B5;
    19195 : 9A;
    19196 : 0C;
    19197 : 34;
    19198 : 92;
    19199 : CB;
    19200 : 4B;
    19201 : 13;
    19202 : 94;
    19203 : 9C;
    19204 : 0A;
    19205 : 32;
    19206 : 95;
    19207 : 9B;
    19208 : 8F;
    19209 : 24;
    19210 : 81;
    19211 : BB;
    19212 : 2A;
    19213 : 04;
    19214 : 83;
    19215 : 8F;
    19216 : 89;
    19217 : 12;
    19218 : 02;
    19219 : BA;
    19220 : 9D;
    19221 : 24;
    19222 : 22;
    19223 : BC;
    19224 : 1B;
    19225 : 32;
    19226 : 05;
    19227 : 9B;
    19228 : DB;
    19229 : 32;
    19230 : 24;
    19231 : BA;
    19232 : 9E;
    19233 : 32;
    19234 : 22;
    19235 : CC;
    19236 : 80;
    19237 : 01;
    19238 : 02;
    19239 : 0D;
    19240 : C0;
    19241 : 22;
    19242 : 33;
    19243 : B0;
    19244 : AD;
    19245 : 15;
    19246 : 32;
    19247 : BC;
    19248 : 89;
    19249 : 20;
    19250 : 41;
    19251 : CA;
    19252 : F9;
    19253 : 11;
    19254 : 31;
    19255 : D0;
    19256 : 9A;
    19257 : 30;
    19258 : 22;
    19259 : EB;
    19260 : 00;
    19261 : 28;
    19262 : 81;
    19263 : 00;
    19264 : CA;
    19265 : 48;
    19266 : 58;
    19267 : E1;
    19268 : A8;
    19269 : 28;
    19270 : 22;
    19271 : A9;
    19272 : B9;
    19273 : 5A;
    19274 : 81;
    19275 : 13;
    19276 : BF;
    19277 : 40;
    19278 : 38;
    19279 : D5;
    19280 : 89;
    19281 : 21;
    19282 : 31;
    19283 : BA;
    19284 : 38;
    19285 : 90;
    19286 : B3;
    19287 : 80;
    19288 : 00;
    19289 : 2F;
    19290 : 21;
    19291 : B4;
    19292 : EA;
    19293 : 38;
    19294 : 81;
    19295 : 82;
    19296 : AB;
    19297 : A2;
    19298 : 1A;
    19299 : 37;
    19300 : 8D;
    19301 : BB;
    19302 : 72;
    19303 : C3;
    19304 : A0;
    19305 : 2B;
    19306 : 14;
    19307 : 0A;
    19308 : B9;
    19309 : 59;
    19310 : A1;
    19311 : 14;
    19312 : CB;
    19313 : 28;
    19314 : 59;
    19315 : C2;
    19316 : AB;
    19317 : 30;
    19318 : 13;
    19319 : F9;
    19320 : 2A;
    19321 : 02;
    19322 : A2;
    19323 : A8;
    19324 : 41;
    19325 : 1D;
    19326 : 18;
    19327 : 90;
    19328 : E2;
    19329 : 28;
    19330 : A0;
    19331 : 33;
    19332 : 0D;
    19333 : 81;
    19334 : 9A;
    19335 : 17;
    19336 : 29;
    19337 : BC;
    19338 : 60;
    19339 : 93;
    19340 : A8;
    19341 : 0E;
    19342 : 14;
    19343 : 08;
    19344 : 9B;
    19345 : 28;
    19346 : A4;
    19347 : 81;
    19348 : 8B;
    19349 : 30;
    19350 : 11;
    19351 : 82;
    19352 : AF;
    19353 : 01;
    19354 : 13;
    19355 : D0;
    19356 : 1E;
    19357 : 91;
    19358 : 93;
    19359 : AA;
    19360 : 41;
    19361 : 9A;
    19362 : B2;
    19363 : 7A;
    19364 : C2;
    19365 : 09;
    19366 : 88;
    19367 : 72;
    19368 : 9B;
    19369 : 91;
    19370 : 18;
    19371 : 94;
    19372 : 08;
    19373 : C0;
    19374 : 38;
    19375 : 30;
    19376 : C3;
    19377 : AD;
    19378 : 43;
    19379 : 31;
    19380 : FA;
    19381 : 09;
    19382 : 14;
    19383 : 88;
    19384 : BA;
    19385 : 40;
    19386 : 80;
    19387 : 19;
    19388 : C9;
    19389 : 93;
    19390 : 49;
    19391 : 01;
    19392 : 0E;
    19393 : 90;
    19394 : 42;
    19395 : BB;
    19396 : 12;
    19397 : 08;
    19398 : E0;
    19399 : 3C;
    19400 : 96;
    19401 : 98;
    19402 : 8B;
    19403 : 63;
    19404 : A0;
    19405 : 99;
    19406 : 39;
    19407 : 05;
    19408 : 98;
    19409 : 8A;
    19410 : 5A;
    19411 : 81;
    19412 : 92;
    19413 : CB;
    19414 : 58;
    19415 : 01;
    19416 : B2;
    19417 : 0F;
    19418 : 21;
    19419 : 98;
    19420 : B1;
    19421 : 7B;
    19422 : 98;
    19423 : 80;
    19424 : 00;
    19425 : 82;
    19426 : 8F;
    19427 : 82;
    19428 : 21;
    19429 : BA;
    19430 : 2A;
    19431 : C3;
    19432 : 43;
    19433 : 0C;
    19434 : A8;
    19435 : 19;
    19436 : 27;
    19437 : 99;
    19438 : CB;
    19439 : 41;
    19440 : 12;
    19441 : BA;
    19442 : BA;
    19443 : 16;
    19444 : 38;
    19445 : AA;
    19446 : 9A;
    19447 : 85;
    19448 : 51;
    19449 : D1;
    19450 : 88;
    19451 : 18;
    19452 : 41;
    19453 : AB;
    19454 : A3;
    19455 : 18;
    19456 : A1;
    19457 : 49;
    19458 : D0;
    19459 : 08;
    19460 : 2C;
    19461 : 07;
    19462 : BB;
    19463 : 8A;
    19464 : 78;
    19465 : A3;
    19466 : 99;
    19467 : 08;
    19468 : 53;
    19469 : 80;
    19470 : AB;
    19471 : 0C;
    19472 : 23;
    19473 : 04;
    19474 : C9;
    19475 : 2B;
    19476 : 13;
    19477 : 91;
    19478 : CF;
    19479 : 11;
    19480 : 20;
    19481 : 23;
    19482 : 0C;
    19483 : D1;
    19484 : 19;
    19485 : 02;
    19486 : 01;
    19487 : AE;
    19488 : 32;
    19489 : 11;
    19490 : F0;
    19491 : 8C;
    19492 : 11;
    19493 : 40;
    19494 : A8;
    19495 : 89;
    19496 : 1B;
    19497 : 25;
    19498 : B0;
    19499 : AB;
    19500 : 7A;
    19501 : 14;
    19502 : B8;
    19503 : AB;
    19504 : 58;
    19505 : 11;
    19506 : A1;
    19507 : AC;
    19508 : 20;
    19509 : 42;
    19510 : D3;
    19511 : 0D;
    19512 : 29;
    19513 : 33;
    19514 : E0;
    19515 : 09;
    19516 : 19;
    19517 : 83;
    19518 : 00;
    19519 : B8;
    19520 : 0D;
    19521 : 22;
    19522 : 07;
    19523 : AC;
    19524 : 1A;
    19525 : 22;
    19526 : 94;
    19527 : 8D;
    19528 : 89;
    19529 : 42;
    19530 : 11;
    19531 : AB;
    19532 : AC;
    19533 : 35;
    19534 : 02;
    19535 : CC;
    19536 : 1A;
    19537 : 24;
    19538 : 81;
    19539 : CB;
    19540 : 00;
    19541 : 02;
    19542 : 32;
    19543 : CB;
    19544 : C9;
    19545 : 41;
    19546 : 24;
    19547 : CB;
    19548 : 9B;
    19549 : 53;
    19550 : 81;
    19551 : B9;
    19552 : AA;
    19553 : 22;
    19554 : 70;
    19555 : B0;
    19556 : CA;
    19557 : 31;
    19558 : 35;
    19559 : DA;
    19560 : 99;
    19561 : 31;
    19562 : 13;
    19563 : B9;
    19564 : C9;
    19565 : 39;
    19566 : 52;
    19567 : B1;
    19568 : DD;
    19569 : 30;
    19570 : 33;
    19571 : D0;
    19572 : 8C;
    19573 : 30;
    19574 : 11;
    19575 : D1;
    19576 : 88;
    19577 : 08;
    19578 : 42;
    19579 : B0;
    19580 : DA;
    19581 : 3A;
    19582 : 15;
    19583 : 90;
    19584 : AB;
    19585 : 48;
    19586 : 81;
    19587 : 94;
    19588 : 9A;
    19589 : 0C;
    19590 : 61;
    19591 : 93;
    19592 : BC;
    19593 : 1B;
    19594 : 35;
    19595 : B1;
    19596 : 9C;
    19597 : 28;
    19598 : 04;
    19599 : A1;
    19600 : A9;
    19601 : 1C;
    19602 : 34;
    19603 : 02;
    19604 : CC;
    19605 : 2A;
    19606 : 23;
    19607 : 93;
    19608 : 9F;
    19609 : 08;
    19610 : 11;
    19611 : A5;
    19612 : 8A;
    19613 : 9D;
    19614 : 41;
    19615 : 12;
    19616 : C9;
    19617 : 0A;
    19618 : 15;
    19619 : 01;
    19620 : 9B;
    19621 : 19;
    19622 : 83;
    19623 : 03;
    19624 : BD;
    19625 : AB;
    19626 : 10;
    19627 : 27;
    19628 : CA;
    19629 : AA;
    19630 : 54;
    19631 : 01;
    19632 : 8C;
    19633 : 99;
    19634 : 23;
    19635 : 22;
    19636 : CA;
    19637 : AC;
    19638 : 33;
    19639 : 53;
    19640 : CA;
    19641 : 08;
    19642 : 32;
    19643 : 22;
    19644 : 9F;
    19645 : 90;
    19646 : 00;
    19647 : 08;
    19648 : AC;
    19649 : CC;
    19650 : 21;
    19651 : 22;
    19652 : B0;
    19653 : A9;
    19654 : 44;
    19655 : 41;
    19656 : C8;
    19657 : 89;
    19658 : 22;
    19659 : 44;
    19660 : D8;
    19661 : 9A;
    19662 : 28;
    19663 : 24;
    19664 : C9;
    19665 : 99;
    19666 : 60;
    19667 : 10;
    19668 : 98;
    19669 : A9;
    19670 : 43;
    19671 : 21;
    19672 : C1;
    19673 : 9C;
    19674 : 08;
    19675 : 40;
    19676 : E0;
    19677 : 98;
    19678 : 20;
    19679 : 32;
    19680 : A9;
    19681 : CB;
    19682 : 30;
    19683 : 24;
    19684 : B9;
    19685 : CB;
    19686 : 30;
    19687 : 88;
    19688 : F8;
    19689 : BB;
    19690 : 20;
    19691 : 68;
    19692 : A1;
    19693 : BB;
    19694 : 08;
    19695 : 72;
    19696 : A1;
    19697 : 98;
    19698 : 3A;
    19699 : 44;
    19700 : 90;
    19701 : D1;
    19702 : 59;
    19703 : 31;
    19704 : 81;
    19705 : DB;
    19706 : 30;
    19707 : 21;
    19708 : D1;
    19709 : 8B;
    19710 : 19;
    19711 : 18;
    19712 : F0;
    19713 : 88;
    19714 : 28;
    19715 : 51;
    19716 : 92;
    19717 : B8;
    19718 : 3B;
    19719 : 02;
    19720 : C2;
    19721 : AA;
    19722 : 4D;
    19723 : 00;
    19724 : 86;
    19725 : B8;
    19726 : 1A;
    19727 : 40;
    19728 : 96;
    19729 : 99;
    19730 : 09;
    19731 : 13;
    19732 : C1;
    19733 : 0A;
    19734 : 1B;
    19735 : B4;
    19736 : 13;
    19737 : A0;
    19738 : AF;
    19739 : 01;
    19740 : 15;
    19741 : AC;
    19742 : 09;
    19743 : 04;
    19744 : 82;
    19745 : 1D;
    19746 : 01;
    19747 : 93;
    19748 : 01;
    19749 : 89;
    19750 : CD;
    19751 : 20;
    19752 : 11;
    19753 : CC;
    19754 : 0A;
    19755 : 07;
    19756 : 09;
    19757 : 0A;
    19758 : 10;
    19759 : C1;
    19760 : 51;
    19761 : 00;
    19762 : B0;
    19763 : 2B;
    19764 : 26;
    19765 : B9;
    19766 : 9A;
    19767 : 44;
    19768 : 98;
    19769 : 9A;
    19770 : 00;
    19771 : 92;
    19772 : 5B;
    19773 : 84;
    19774 : B9;
    19775 : 29;
    19776 : 61;
    19777 : F9;
    19778 : 09;
    19779 : 11;
    19780 : 80;
    19781 : AB;
    19782 : 12;
    19783 : 99;
    19784 : 0A;
    19785 : 16;
    19786 : D0;
    19787 : 3B;
    19788 : 42;
    19789 : C3;
    19790 : 9B;
    19791 : 63;
    19792 : 10;
    19793 : B0;
    19794 : 28;
    19795 : B8;
    19796 : 0B;
    19797 : 96;
    19798 : B1;
    19799 : 0F;
    19800 : 21;
    19801 : B3;
    19802 : DB;
    19803 : 49;
    19804 : 01;
    19805 : 81;
    19806 : 1A;
    19807 : 08;
    19808 : A8;
    19809 : 27;
    19810 : 8A;
    19811 : 8E;
    19812 : 12;
    19813 : A5;
    19814 : 9C;
    19815 : 29;
    19816 : 03;
    19817 : 90;
    19818 : 39;
    19819 : 88;
    19820 : E2;
    19821 : 43;
    19822 : 08;
    19823 : 9D;
    19824 : 80;
    19825 : 26;
    19826 : BB;
    19827 : 9A;
    19828 : 11;
    19829 : 23;
    19830 : 0C;
    19831 : D0;
    19832 : 82;
    19833 : 62;
    19834 : 88;
    19835 : CB;
    19836 : 12;
    19837 : 34;
    19838 : C9;
    19839 : 9B;
    19840 : 12;
    19841 : 38;
    19842 : DA;
    19843 : 90;
    19844 : 90;
    19845 : 71;
    19846 : 80;
    19847 : D9;
    19848 : 29;
    19849 : 43;
    19850 : A1;
    19851 : BB;
    19852 : 40;
    19853 : 30;
    19854 : B2;
    19855 : BB;
    19856 : 99;
    19857 : 70;
    19858 : 85;
    19859 : BB;
    19860 : 8B;
    19861 : 64;
    19862 : 82;
    19863 : BA;
    19864 : 2A;
    19865 : 33;
    19866 : 82;
    19867 : BD;
    19868 : 8B;
    19869 : 42;
    19870 : 25;
    19871 : CC;
    19872 : 9A;
    19873 : 32;
    19874 : 05;
    19875 : AC;
    19876 : 0A;
    19877 : 33;
    19878 : 02;
    19879 : BC;
    19880 : 98;
    19881 : 53;
    19882 : 42;
    19883 : C8;
    19884 : BA;
    19885 : 30;
    19886 : 35;
    19887 : F8;
    19888 : 99;
    19889 : 20;
    19890 : 32;
    19891 : D9;
    19892 : A9;
    19893 : 48;
    19894 : 32;
    19895 : C1;
    19896 : AC;
    19897 : 38;
    19898 : 34;
    19899 : D0;
    19900 : 9B;
    19901 : 40;
    19902 : 22;
    19903 : E0;
    19904 : 99;
    19905 : 28;
    19906 : 32;
    19907 : B2;
    19908 : AC;
    19909 : 2A;
    19910 : 36;
    19911 : A1;
    19912 : AC;
    19913 : 3A;
    19914 : 24;
    19915 : B1;
    19916 : AD;
    19917 : 2A;
    19918 : 33;
    19919 : 95;
    19920 : 9D;
    19921 : 0B;
    19922 : 33;
    19923 : 95;
    19924 : AC;
    19925 : 1A;
    19926 : 25;
    19927 : 92;
    19928 : BB;
    19929 : 2B;
    19930 : 34;
    19931 : 05;
    19932 : AC;
    19933 : 8A;
    19934 : 33;
    19935 : 05;
    19936 : AD;
    19937 : 0A;
    19938 : 33;
    19939 : 93;
    19940 : AD;
    19941 : 8A;
    19942 : 33;
    19943 : 13;
    19944 : AC;
    19945 : AC;
    19946 : 34;
    19947 : 43;
    19948 : CB;
    19949 : AB;
    19950 : 34;
    19951 : 33;
    19952 : EB;
    19953 : 9A;
    19954 : 31;
    19955 : 34;
    19956 : C9;
    19957 : CB;
    19958 : 41;
    19959 : 33;
    19960 : DA;
    19961 : AB;
    19962 : 41;
    19963 : 13;
    19964 : C9;
    19965 : AB;
    19966 : 41;
    19967 : 32;
    19968 : E8;
    19969 : AA;
    19970 : 40;
    19971 : 33;
    19972 : D8;
    19973 : 9A;
    19974 : 40;
    19975 : 22;
    19976 : C8;
    19977 : 8A;
    19978 : 59;
    19979 : 80;
    19980 : A2;
    19981 : BB;
    19982 : 51;
    19983 : 23;
    19984 : F8;
    19985 : 0A;
    19986 : 8A;
    19987 : 40;
    19988 : A0;
    19989 : A1;
    19990 : 78;
    19991 : 22;
    19992 : B0;
    19993 : AC;
    19994 : 2A;
    19995 : 31;
    19996 : E2;
    19997 : BB;
    19998 : 61;
    19999 : 23;
    20000 : B2;
    20001 : 89;
    20002 : AC;
    20003 : 70;
    20004 : 91;
    20005 : AA;
    20006 : 1C;
    20007 : 14;
    20008 : A0;
    20009 : 28;
    20010 : 1A;
    20011 : 00;
    20012 : B5;
    20013 : 9C;
    20014 : 29;
    20015 : 11;
    20016 : 85;
    20017 : AB;
    20018 : 3B;
    20019 : 34;
    20020 : 07;
    20021 : AA;
    20022 : 1B;
    20023 : 81;
    20024 : C0;
    20025 : 3B;
    20026 : 8E;
    20027 : 32;
    20028 : 95;
    20029 : 98;
    20030 : 38;
    20031 : 02;
    20032 : A6;
    20033 : 99;
    20034 : BB;
    20035 : 83;
    20036 : 42;
    20037 : 0D;
    20038 : BB;
    20039 : 36;
    20040 : B0;
    20041 : 88;
    20042 : 98;
    20043 : 03;
    20044 : B2;
    20045 : 9E;
    20046 : 19;
    20047 : 06;
    20048 : 28;
    20049 : 4B;
    20050 : D0;
    20051 : 31;
    20052 : 82;
    20053 : AC;
    20054 : 9A;
    20055 : A2;
    20056 : 12;
    20057 : 3A;
    20058 : 91;
    20059 : 08;
    20060 : 27;
    20061 : 2C;
    20062 : FA;
    20063 : 22;
    20064 : 08;
    20065 : B8;
    20066 : 8A;
    20067 : 16;
    20068 : 22;
    20069 : 9F;
    20070 : 80;
    20071 : 20;
    20072 : 82;
    20073 : 8F;
    20074 : A1;
    20075 : 11;
    20076 : 01;
    20077 : 09;
    20078 : 88;
    20079 : 04;
    20080 : 19;
    20081 : 9F;
    20082 : 88;
    20083 : 80;
    20084 : 31;
    20085 : 8B;
    20086 : B6;
    20087 : 20;
    20088 : 23;
    20089 : 9C;
    20090 : A8;
    20091 : 92;
    20092 : 72;
    20093 : A8;
    20094 : B9;
    20095 : 2A;
    20096 : 54;
    20097 : 88;
    20098 : B3;
    20099 : 48;
    20100 : 21;
    20101 : C9;
    20102 : BB;
    20103 : 85;
    20104 : 4D;
    20105 : B8;
    20106 : 08;
    20107 : 18;
    20108 : 02;
    20109 : AF;
    20110 : 14;
    20111 : 19;
    20112 : A1;
    20113 : 80;
    20114 : A0;
    20115 : 41;
    20116 : 1F;
    20117 : B1;
    20118 : 18;
    20119 : 21;
    20120 : 31;
    20121 : FA;
    20122 : 11;
    20123 : 0A;
    20124 : 11;
    20125 : 00;
    20126 : 04;
    20127 : 2B;
    20128 : 0D;
    20129 : E1;
    20130 : 99;
    20131 : 08;
    20132 : 24;
    20133 : C0;
    20134 : 21;
    20135 : 0A;
    20136 : 98;
    20137 : 98;
    20138 : 09;
    20139 : 60;
    20140 : 8A;
    20141 : D1;
    20142 : 1B;
    20143 : A9;
    20144 : 46;
    20145 : C8;
    20146 : 62;
    20147 : 08;
    20148 : 91;
    20149 : 9A;
    20150 : 08;
    20151 : 38;
    20152 : CB;
    20153 : 82;
    20154 : 9B;
    20155 : 92;
    20156 : 53;
    20157 : C4;
    20158 : 7B;
    20159 : 80;
    20160 : 01;
    20161 : 88;
    20162 : 09;
    20163 : 8C;
    20164 : 91;
    20165 : 04;
    20166 : 8D;
    20167 : 90;
    20168 : 13;
    20169 : 90;
    20170 : 1F;
    20171 : A0;
    20172 : 13;
    20173 : 4A;
    20174 : 09;
    20175 : 98;
    20176 : A2;
    20177 : 29;
    20178 : AF;
    20179 : A3;
    20180 : 05;
    20181 : 98;
    20182 : 6B;
    20183 : B3;
    20184 : 00;
    20185 : 2B;
    20186 : 81;
    20187 : 02;
    20188 : B0;
    20189 : 4C;
    20190 : FA;
    20191 : C2;
    20192 : 48;
    20193 : 20;
    20194 : 1B;
    20195 : B5;
    20196 : 30;
    20197 : 8B;
    20198 : A1;
    20199 : E8;
    20200 : 10;
    20201 : 29;
    20202 : D5;
    20203 : 80;
    20204 : 28;
    20205 : 20;
    20206 : A9;
    20207 : 13;
    20208 : 2C;
    20209 : C9;
    20210 : 84;
    20211 : 98;
    20212 : 3B;
    20213 : 0B;
    20214 : 87;
    20215 : 18;
    20216 : 1E;
    20217 : 91;
    20218 : 80;
    20219 : 05;
    20220 : 1A;
    20221 : C0;
    20222 : 33;
    20223 : A8;
    20224 : AB;
    20225 : 9A;
    20226 : 87;
    20227 : 19;
    20228 : 8E;
    20229 : 12;
    20230 : 10;
    20231 : B3;
    20232 : 8F;
    20233 : 82;
    20234 : 41;
    20235 : A9;
    20236 : A9;
    20237 : 08;
    20238 : 33;
    20239 : 19;
    20240 : BF;
    20241 : 32;
    20242 : 02;
    20243 : 86;
    20244 : BB;
    20245 : 90;
    20246 : 61;
    20247 : 93;
    20248 : A9;
    20249 : 9C;
    20250 : 63;
    20251 : 80;
    20252 : AC;
    20253 : 2A;
    20254 : 11;
    20255 : 06;
    20256 : BA;
    20257 : 88;
    20258 : 40;
    20259 : 84;
    20260 : AA;
    20261 : 8C;
    20262 : 43;
    20263 : 10;
    20264 : BD;
    20265 : 18;
    20266 : 83;
    20267 : 36;
    20268 : AC;
    20269 : 90;
    20270 : 20;
    20271 : 04;
    20272 : 9C;
    20273 : 9B;
    20274 : 33;
    20275 : 62;
    20276 : E9;
    20277 : 09;
    20278 : 01;
    20279 : 42;
    20280 : B9;
    20281 : 9A;
    20282 : 39;
    20283 : 35;
    20284 : AA;
    20285 : DC;
    20286 : 30;
    20287 : 43;
    20288 : D0;
    20289 : 99;
    20290 : 10;
    20291 : 52;
    20292 : B0;
    20293 : AA;
    20294 : 39;
    20295 : 44;
    20296 : A0;
    20297 : CC;
    20298 : 38;
    20299 : 21;
    20300 : E3;
    20301 : 9A;
    20302 : 10;
    20303 : 51;
    20304 : A1;
    20305 : 8B;
    20306 : 1B;
    20307 : 25;
    20308 : 92;
    20309 : CC;
    20310 : 2A;
    20311 : 23;
    20312 : A5;
    20313 : 9C;
    20314 : 19;
    20315 : 42;
    20316 : 94;
    20317 : AB;
    20318 : 8B;
    20319 : 35;
    20320 : 02;
    20321 : DC;
    20322 : 1A;
    20323 : 22;
    20324 : 84;
    20325 : BB;
    20326 : 0A;
    20327 : 52;
    20328 : 04;
    20329 : AB;
    20330 : AB;
    20331 : 34;
    20332 : 12;
    20333 : FB;
    20334 : 8A;
    20335 : 23;
    20336 : 23;
    20337 : AD;
    20338 : 8A;
    20339 : 41;
    20340 : 04;
    20341 : 9A;
    20342 : BB;
    20343 : 53;
    20344 : 22;
    20345 : E9;
    20346 : AA;
    20347 : 23;
    20348 : 24;
    20349 : BB;
    20350 : 9B;
    20351 : 40;
    20352 : 17;
    20353 : B9;
    20354 : B9;
    20355 : 41;
    20356 : 23;
    20357 : D8;
    20358 : AC;
    20359 : 22;
    20360 : 42;
    20361 : B9;
    20362 : BB;
    20363 : 30;
    20364 : 35;
    20365 : C8;
    20366 : C8;
    20367 : 40;
    20368 : 32;
    20369 : C0;
    20370 : C9;
    20371 : 20;
    20372 : 32;
    20373 : D9;
    20374 : 98;
    20375 : 0B;
    20376 : 14;
    20377 : B0;
    20378 : B0;
    20379 : 2A;
    20380 : 26;
    20381 : D8;
    20382 : 8D;
    20383 : 21;
    20384 : 52;
    20385 : A2;
    20386 : 8A;
    20387 : 29;
    20388 : 25;
    20389 : C8;
    20390 : B9;
    20391 : 1A;
    20392 : 83;
    20393 : F3;
    20394 : 9C;
    20395 : 28;
    20396 : 43;
    20397 : C0;
    20398 : 8B;
    20399 : 10;
    20400 : 24;
    20401 : B2;
    20402 : 9B;
    20403 : 1D;
    20404 : 35;
    20405 : B0;
    20406 : A9;
    20407 : 40;
    20408 : 13;
    20409 : A4;
    20410 : 0E;
    20411 : 89;
    20412 : 42;
    20413 : 92;
    20414 : 99;
    20415 : 2A;
    20416 : 85;
    20417 : 01;
    20418 : 9E;
    20419 : 09;
    20420 : 32;
    20421 : B2;
    20422 : 9E;
    20423 : 08;
    20424 : 14;
    20425 : 91;
    20426 : 9F;
    20427 : 9A;
    20428 : 42;
    20429 : 80;
    20430 : AB;
    20431 : 0A;
    20432 : 14;
    20433 : 13;
    20434 : 9D;
    20435 : A8;
    20436 : 51;
    20437 : 94;
    20438 : 9B;
    20439 : 8A;
    20440 : 33;
    20441 : 68;
    20442 : A9;
    20443 : 9A;
    20444 : 41;
    20445 : 87;
    20446 : 99;
    20447 : 00;
    20448 : 22;
    20449 : 20;
    20450 : BB;
    20451 : B9;
    20452 : 30;
    20453 : 07;
    20454 : EB;
    20455 : 8A;
    20456 : 12;
    20457 : 21;
    20458 : C9;
    20459 : 18;
    20460 : 48;
    20461 : 06;
    20462 : 9B;
    20463 : 8A;
    20464 : 33;
    20465 : 80;
    20466 : E0;
    20467 : 8A;
    20468 : 00;
    20469 : 27;
    20470 : 9A;
    20471 : 0A;
    20472 : 28;
    20473 : 12;
    20474 : A1;
    20475 : 8A;
    20476 : 13;
    20477 : 77;
    20478 : 89;
    20479 : 9B;
    20480 : 20;
    20481 : 00;
    20482 : B8;
    20483 : 89;
    20484 : 91;
    20485 : 57;
    20486 : 9B;
    20487 : AB;
    20488 : 32;
    20489 : 82;
    20490 : A1;
    20491 : AE;
    20492 : 88;
    20493 : 74;
    20494 : A9;
    20495 : 98;
    20496 : 11;
    20497 : 82;
    20498 : A1;
    20499 : A9;
    20500 : 08;
    20501 : 71;
    20502 : A2;
    20503 : DB;
    20504 : 20;
    20505 : 03;
    20506 : B0;
    20507 : 89;
    20508 : 0A;
    20509 : 74;
    20510 : 93;
    20511 : B9;
    20512 : 49;
    20513 : 93;
    20514 : 91;
    20515 : AE;
    20516 : 88;
    20517 : 71;
    20518 : A2;
    20519 : 9A;
    20520 : 29;
    20521 : 04;
    20522 : 80;
    20523 : AB;
    20524 : 8A;
    20525 : 62;
    20526 : 93;
    20527 : BD;
    20528 : 0B;
    20529 : 14;
    20530 : 01;
    20531 : AB;
    20532 : BB;
    20533 : 70;
    20534 : 85;
    20535 : 99;
    20536 : 19;
    20537 : 03;
    20538 : 30;
    20539 : B9;
    20540 : AA;
    20541 : 7B;
    20542 : 06;
    20543 : 9B;
    20544 : 98;
    20545 : 22;
    20546 : 19;
    20547 : 99;
    20548 : 99;
    20549 : 31;
    20550 : 57;
    20551 : B9;
    20552 : AA;
    20553 : 33;
    20554 : 22;
    20555 : CB;
    20556 : C9;
    20557 : 1A;
    20558 : 17;
    20559 : 9A;
    20560 : AB;
    20561 : 25;
    20562 : 28;
    20563 : B1;
    20564 : C9;
    20565 : 89;
    20566 : 37;
    20567 : BA;
    20568 : A9;
    20569 : 61;
    20570 : 80;
    20571 : B0;
    20572 : A9;
    20573 : 90;
    20574 : 65;
    20575 : 98;
    20576 : 9A;
    20577 : 38;
    20578 : 22;
    20579 : B2;
    20580 : B8;
    20581 : 98;
    20582 : 67;
    20583 : A0;
    20584 : B9;
    20585 : 39;
    20586 : 00;
    20587 : A3;
    20588 : EB;
    20589 : 9A;
    20590 : 73;
    20591 : A1;
    20592 : AA;
    20593 : 49;
    20594 : 02;
    20595 : 82;
    20596 : AA;
    20597 : 1B;
    20598 : 71;
    20599 : 95;
    20600 : AA;
    20601 : 2A;
    20602 : 02;
    20603 : 84;
    20604 : 8A;
    20605 : 8B;
    20606 : 70;
    20607 : 93;
    20608 : BA;
    20609 : 1B;
    20610 : 04;
    20611 : 25;
    20612 : BA;
    20613 : AC;
    20614 : 68;
    20615 : 03;
    20616 : CA;
    20617 : 8A;
    20618 : 12;
    20619 : 32;
    20620 : D9;
    20621 : AB;
    20622 : 59;
    20623 : 25;
    20624 : C9;
    20625 : A9;
    20626 : 22;
    20627 : 31;
    20628 : C8;
    20629 : BB;
    20630 : 5A;
    20631 : 24;
    20632 : C8;
    20633 : 9A;
    20634 : 10;
    20635 : 42;
    20636 : A1;
    20637 : AC;
    20638 : 4B;
    20639 : 16;
    20640 : B1;
    20641 : AB;
    20642 : 48;
    20643 : 22;
    20644 : 94;
    20645 : 9C;
    20646 : 0A;
    20647 : 26;
    20648 : A1;
    20649 : 9D;
    20650 : 18;
    20651 : 12;
    20652 : 83;
    20653 : AD;
    20654 : 8A;
    20655 : 26;
    20656 : 82;
    20657 : 9D;
    20658 : 09;
    20659 : 12;
    20660 : 03;
    20661 : AD;
    20662 : 8B;
    20663 : 25;
    20664 : 02;
    20665 : BC;
    20666 : 89;
    20667 : 14;
    20668 : 22;
    20669 : CC;
    20670 : A9;
    20671 : 63;
    20672 : 01;
    20673 : BA;
    20674 : 8A;
    20675 : 14;
    20676 : 33;
    20677 : EA;
    20678 : AA;
    20679 : 52;
    20680 : 21;
    20681 : CA;
    20682 : 9A;
    20683 : 31;
    20684 : 33;
    20685 : FA;
    20686 : AA;
    20687 : 60;
    20688 : 11;
    20689 : B0;
    20690 : 9B;
    20691 : 31;
    20692 : 43;
    20693 : D0;
    20694 : B9;
    20695 : 58;
    20696 : 32;
    20697 : C8;
    20698 : AA;
    20699 : 20;
    20700 : 42;
    20701 : C1;
    20702 : BB;
    20703 : 59;
    20704 : 33;
    20705 : C0;
    20706 : AB;
    20707 : 38;
    20708 : 52;
    20709 : C2;
    20710 : BB;
    20711 : 4A;
    20712 : 24;
    20713 : A1;
    20714 : AD;
    20715 : 18;
    20716 : 33;
    20717 : B3;
    20718 : AE;
    20719 : 2B;
    20720 : 25;
    20721 : 91;
    20722 : AD;
    20723 : 29;
    20724 : 31;
    20725 : 83;
    20726 : AE;
    20727 : 1A;
    20728 : 33;
    20729 : 83;
    20730 : BD;
    20731 : 2A;
    20732 : 43;
    20733 : 94;
    20734 : CB;
    20735 : 1B;
    20736 : 17;
    20737 : 81;
    20738 : AB;
    20739 : 1A;
    20740 : 33;
    20741 : 06;
    20742 : A9;
    20743 : 0B;
    20744 : 24;
    20745 : 03;
    20746 : BC;
    20747 : 8B;
    20748 : 12;
    20749 : 26;
    20750 : AD;
    20751 : AA;
    20752 : 23;
    20753 : 21;
    20754 : 9E;
    20755 : 8B;
    20756 : 14;
    20757 : 02;
    20758 : DB;
    20759 : B8;
    20760 : 45;
    20761 : 10;
    20762 : AB;
    20763 : 8B;
    20764 : 34;
    20765 : 24;
    20766 : B8;
    20767 : B9;
    20768 : 61;
    20769 : 22;
    20770 : AE;
    20771 : A9;
    20772 : 18;
    20773 : 21;
    20774 : C9;
    20775 : AB;
    20776 : 31;
    20777 : 23;
    20778 : D1;
    20779 : 9A;
    20780 : 66;
    20781 : 21;
    20782 : 99;
    20783 : CA;
    20784 : 4B;
    20785 : 14;
    20786 : A0;
    20787 : 88;
    20788 : 98;
    20789 : 60;
    20790 : A0;
    20791 : 8A;
    20792 : 49;
    20793 : 80;
    20794 : D3;
    20795 : A9;
    20796 : 21;
    20797 : 21;
    20798 : 01;
    20799 : 1C;
    20800 : 2C;
    20801 : 32;
    20802 : F1;
    20803 : AD;
    20804 : 10;
    20805 : 21;
    20806 : C1;
    20807 : 1B;
    20808 : 58;
    20809 : 01;
    20810 : D2;
    20811 : AB;
    20812 : 30;
    20813 : 13;
    20814 : A3;
    20815 : BC;
    20816 : 0F;
    20817 : 33;
    20818 : 91;
    20819 : 9E;
    20820 : 08;
    20821 : 22;
    20822 : 94;
    20823 : 8C;
    20824 : 0A;
    20825 : 32;
    20826 : 23;
    20827 : BA;
    20828 : 9C;
    20829 : 01;
    20830 : 06;
    20831 : AA;
    20832 : 0A;
    20833 : 27;
    20834 : 00;
    20835 : AB;
    20836 : 8A;
    20837 : 30;
    20838 : 05;
    20839 : 0A;
    20840 : 83;
    20841 : 43;
    20842 : 16;
    20843 : BC;
    20844 : 2B;
    20845 : 93;
    20846 : 23;
    20847 : DA;
    20848 : 9A;
    20849 : 05;
    20850 : 81;
    20851 : CB;
    20852 : 0F;
    20853 : 21;
    20854 : 83;
    20855 : BB;
    20856 : BB;
    20857 : 22;
    20858 : 17;
    20859 : AB;
    20860 : 0A;
    20861 : 01;
    20862 : 73;
    20863 : A8;
    20864 : CA;
    20865 : 82;
    20866 : 22;
    20867 : 88;
    20868 : 8F;
    20869 : 24;
    20870 : 31;
    20871 : 09;
    20872 : C0;
    20873 : 00;
    20874 : 12;
    20875 : 1A;
    20876 : A0;
    20877 : A8;
    20878 : 71;
    20879 : EB;
    20880 : 9A;
    20881 : 13;
    20882 : 60;
    20883 : A8;
    20884 : A9;
    20885 : 23;
    20886 : 1A;
    20887 : 09;
    20888 : FA;
    20889 : 39;
    20890 : 22;
    20891 : EB;
    20892 : B8;
    20893 : 10;
    20894 : 72;
    20895 : A1;
    20896 : 00;
    20897 : 00;
    20898 : 4A;
    20899 : 91;
    20900 : B9;
    20901 : 43;
    20902 : 1A;
    20903 : 83;
    20904 : FA;
    20905 : 2B;
    20906 : 08;
    20907 : C8;
    20908 : 94;
    20909 : 2A;
    20910 : 02;
    20911 : E8;
    20912 : 20;
    20913 : 09;
    20914 : 71;
    20915 : C2;
    20916 : 99;
    20917 : 21;
    20918 : 99;
    20919 : 94;
    20920 : 9C;
    20921 : 5A;
    20922 : 80;
    20923 : 80;
    20924 : A8;
    20925 : 2A;
    20926 : 26;
    20927 : 90;
    20928 : 88;
    20929 : 9D;
    20930 : 41;
    20931 : A3;
    20932 : 1B;
    20933 : 09;
    20934 : 89;
    20935 : 37;
    20936 : 9A;
    20937 : 10;
    20938 : 99;
    20939 : 43;
    20940 : D9;
    20941 : 0F;
    20942 : 81;
    20943 : 81;
    20944 : 12;
    20945 : B9;
    20946 : 12;
    20947 : B8;
    20948 : 2E;
    20949 : A0;
    20950 : 9B;
    20951 : 05;
    20952 : AC;
    20953 : 13;
    20954 : A1;
    20955 : 36;
    20956 : 9B;
    20957 : 3C;
    20958 : 95;
    20959 : 19;
    20960 : A8;
    20961 : C9;
    20962 : 34;
    20963 : 81;
    20964 : 09;
    20965 : CC;
    20966 : 20;
    20967 : 43;
    20968 : AC;
    20969 : C2;
    20970 : 00;
    20971 : 64;
    20972 : A8;
    20973 : 00;
    20974 : 81;
    20975 : 5A;
    20976 : A2;
    20977 : CA;
    20978 : 11;
    20979 : 29;
    20980 : 00;
    20981 : F0;
    20982 : 39;
    20983 : 19;
    20984 : A9;
    20985 : B3;
    20986 : 8F;
    20987 : 30;
    20988 : D0;
    20989 : 00;
    20990 : 08;
    20991 : 69;
    20992 : A2;
    20993 : AA;
    20994 : 30;
    20995 : 0B;
    20996 : 97;
    20997 : A0;
    20998 : 69;
    20999 : 00;
    21000 : 81;
    21001 : A0;
    21002 : 0E;
    21003 : 21;
    21004 : C1;
    21005 : 98;
    21006 : 0A;
    21007 : 30;
    21008 : 87;
    21009 : 0A;
    21010 : 89;
    21011 : 08;
    21012 : 07;
    21013 : BA;
    21014 : 09;
    21015 : 01;
    21016 : 34;
    21017 : A8;
    21018 : 0F;
    21019 : 11;
    21020 : 81;
    21021 : 08;
    21022 : BA;
    21023 : 31;
    21024 : 26;
    21025 : 9B;
    21026 : C9;
    21027 : 29;
    21028 : 17;
    21029 : A9;
    21030 : 0A;
    21031 : 91;
    21032 : 52;
    21033 : B0;
    21034 : 9C;
    21035 : 31;
    21036 : 51;
    21037 : A2;
    21038 : CC;
    21039 : 20;
    21040 : 13;
    21041 : A0;
    21042 : CB;
    21043 : 0B;
    21044 : 36;
    21045 : B0;
    21046 : BC;
    21047 : 99;
    21048 : 73;
    21049 : A2;
    21050 : 9C;
    21051 : 18;
    21052 : 22;
    21053 : 04;
    21054 : AD;
    21055 : 00;
    21056 : 12;
    21057 : 14;
    21058 : EA;
    21059 : 1A;
    21060 : 32;
    21061 : 82;
    21062 : 9B;
    21063 : 8C;
    21064 : 34;
    21065 : 82;
    21066 : 9E;
    21067 : 98;
    21068 : 40;
    21069 : 23;
    21070 : EB;
    21071 : 09;
    21072 : 11;
    21073 : 14;
    21074 : CB;
    21075 : 8B;
    21076 : 24;
    21077 : 20;
    21078 : C9;
    21079 : BB;
    21080 : 73;
    21081 : 11;
    21082 : B9;
    21083 : BB;
    21084 : 61;
    21085 : 13;
    21086 : CA;
    21087 : 99;
    21088 : 20;
    21089 : 63;
    21090 : C8;
    21091 : A9;
    21092 : 21;
    21093 : 41;
    21094 : C1;
    21095 : AC;
    21096 : 31;
    21097 : 23;
    21098 : A8;
    21099 : EA;
    21100 : 38;
    21101 : 32;
    21102 : D8;
    21103 : A8;
    21104 : 2A;
    21105 : 44;
    21106 : D1;
    21107 : AA;
    21108 : 28;
    21109 : 42;
    21110 : A1;
    21111 : AC;
    21112 : 40;
    21113 : 21;
    21114 : A2;
    21115 : DB;
    21116 : 4A;
    21117 : 14;
    21118 : A2;
    21119 : AC;
    21120 : 1A;
    21121 : 43;
    21122 : B1;
    21123 : AB;
    21124 : 2B;
    21125 : 53;
    21126 : A6;
    21127 : AB;
    21128 : 1A;
    21129 : 33;
    21130 : 85;
    21131 : BC;
    21132 : 1A;
    21133 : 04;
    21134 : 01;
    21135 : AA;
    21136 : 2D;
    21137 : 13;
    21138 : 84;
    21139 : BA;
    21140 : 1E;
    21141 : 04;
    21142 : 01;
    21143 : AA;
    21144 : 2A;
    21145 : 13;
    21146 : 11;
    21147 : CD;
    21148 : 1D;
    21149 : 84;
    21150 : 10;
    21151 : A9;
    21152 : 8E;
    21153 : 13;
    21154 : 08;
    21155 : 88;
    21156 : 8C;
    21157 : 44;
    21158 : 80;
    21159 : 89;
    21160 : 9A;
    21161 : 24;
    21162 : 12;
    21163 : 9B;
    21164 : 9E;
    21165 : 15;
    21166 : 18;
    21167 : A8;
    21168 : 9C;
    21169 : 24;
    21170 : 09;
    21171 : 80;
    21172 : AE;
    21173 : 33;
    21174 : 80;
    21175 : 0B;
    21176 : EA;
    21177 : 12;
    21178 : 11;
    21179 : AB;
    21180 : A9;
    21181 : 43;
    21182 : 11;
    21183 : EA;
    21184 : AB;
    21185 : 16;
    21186 : 20;
    21187 : 9A;
    21188 : DA;
    21189 : 34;
    21190 : 28;
    21191 : A8;
    21192 : D8;
    21193 : 41;
    21194 : 11;
    21195 : AA;
    21196 : D9;
    21197 : 12;
    21198 : 31;
    21199 : D8;
    21200 : B0;
    21201 : 43;
    21202 : 29;
    21203 : A3;
    21204 : DA;
    21205 : 41;
    21206 : 91;
    21207 : 98;
    21208 : F9;
    21209 : 20;
    21210 : 10;
    21211 : AA;
    21212 : D1;
    21213 : 29;
    21214 : 00;
    21215 : B1;
    21216 : BA;
    21217 : 41;
    21218 : 43;
    21219 : A1;
    21220 : FA;
    21221 : 41;
    21222 : 00;
    21223 : A8;
    21224 : C1;
    21225 : 69;
    21226 : 01;
    21227 : 90;
    21228 : A8;
    21229 : 3A;
    21230 : 35;
    21231 : C9;
    21232 : B8;
    21233 : 58;
    21234 : 39;
    21235 : C1;
    21236 : A8;
    21237 : 4B;
    21238 : 08;
    21239 : 84;
    21240 : CA;
    21241 : 2B;
    21242 : 10;
    21243 : B0;
    21244 : F0;
    21245 : 6B;
    21246 : 10;
    21247 : B1;
    21248 : 10;
    21249 : 1C;
    21250 : 10;
    21251 : 85;
    21252 : 89;
    21253 : 1C;
    21254 : 21;
    21255 : 93;
    21256 : AA;
    21257 : 6D;
    21258 : 92;
    21259 : A3;
    21260 : 28;
    21261 : 1E;
    21262 : 81;
    21263 : 02;
    21264 : 29;
    21265 : 9E;
    21266 : 02;
    21267 : A3;
    21268 : 0D;
    21269 : 8A;
    21270 : A2;
    21271 : 93;
    21272 : 1F;
    21273 : 99;
    21274 : B1;
    21275 : 31;
    21276 : 3A;
    21277 : CB;
    21278 : 15;
    21279 : 03;
    21280 : 1D;
    21281 : 9A;
    21282 : 94;
    21283 : 00;
    21284 : 3D;
    21285 : B3;
    21286 : 93;
    21287 : 58;
    21288 : 8C;
    21289 : B1;
    21290 : 02;
    21291 : 42;
    21292 : 9C;
    21293 : 98;
    21294 : 86;
    21295 : 09;
    21296 : 1B;
    21297 : C3;
    21298 : 04;
    21299 : 4A;
    21300 : 08;
    21301 : D3;
    21302 : 20;
    21303 : 11;
    21304 : AA;
    21305 : C1;
    21306 : 23;
    21307 : 2B;
    21308 : AF;
    21309 : B3;
    21310 : 00;
    21311 : 3C;
    21312 : A8;
    21313 : C4;
    21314 : 19;
    21315 : 19;
    21316 : CA;
    21317 : C2;
    21318 : 32;
    21319 : 48;
    21320 : BC;
    21321 : 86;
    21322 : 09;
    21323 : 2A;
    21324 : B0;
    21325 : 85;
    21326 : 29;
    21327 : 48;
    21328 : E1;
    21329 : 91;
    21330 : 31;
    21331 : 3A;
    21332 : E1;
    21333 : 83;
    21334 : 39;
    21335 : 8C;
    21336 : D2;
    21337 : 02;
    21338 : 3B;
    21339 : 20;
    21340 : D5;
    21341 : 80;
    21342 : 3A;
    21343 : 09;
    21344 : D4;
    21345 : 20;
    21346 : 3A;
    21347 : BA;
    21348 : A6;
    21349 : 18;
    21350 : 0D;
    21351 : 98;
    21352 : A3;
    21353 : 18;
    21354 : 2C;
    21355 : 90;
    21356 : A5;
    21357 : 68;
    21358 : 1A;
    21359 : A0;
    21360 : 04;
    21361 : 49;
    21362 : 8A;
    21363 : A0;
    21364 : 24;
    21365 : 3B;
    21366 : 8D;
    21367 : B2;
    21368 : 03;
    21369 : 3D;
    21370 : AB;
    21371 : D3;
    21372 : 31;
    21373 : 5B;
    21374 : C8;
    21375 : 81;
    21376 : 40;
    21377 : 0A;
    21378 : EA;
    21379 : 90;
    21380 : 31;
    21381 : 1A;
    21382 : D0;
    21383 : 91;
    21384 : 78;
    21385 : 08;
    21386 : A0;
    21387 : 08;
    21388 : 78;
    21389 : 80;
    21390 : B8;
    21391 : 08;
    21392 : 50;
    21393 : 81;
    21394 : B1;
    21395 : 19;
    21396 : 59;
    21397 : 81;
    21398 : E1;
    21399 : 0A;
    21400 : 48;
    21401 : 83;
    21402 : C8;
    21403 : 0B;
    21404 : 31;
    21405 : 04;
    21406 : D9;
    21407 : 8A;
    21408 : 28;
    21409 : 84;
    21410 : F9;
    21411 : 8B;
    21412 : 21;
    21413 : 23;
    21414 : D8;
    21415 : 9C;
    21416 : 32;
    21417 : 23;
    21418 : E8;
    21419 : AA;
    21420 : 41;
    21421 : 33;
    21422 : D0;
    21423 : AB;
    21424 : 31;
    21425 : 44;
    21426 : D0;
    21427 : AA;
    21428 : 30;
    21429 : 42;
    21430 : C1;
    21431 : 9B;
    21432 : 48;
    21433 : 32;
    21434 : C3;
    21435 : AC;
    21436 : 29;
    21437 : 24;
    21438 : C2;
    21439 : CB;
    21440 : 49;
    21441 : 22;
    21442 : B2;
    21443 : AD;
    21444 : 2A;
    21445 : 33;
    21446 : 94;
    21447 : AE;
    21448 : 29;
    21449 : 23;
    21450 : 94;
    21451 : AD;
    21452 : 2A;
    21453 : 23;
    21454 : 84;
    21455 : AD;
    21456 : 1B;
    21457 : 23;
    21458 : 05;
    21459 : AC;
    21460 : 0A;
    21461 : 24;
    21462 : 13;
    21463 : BD;
    21464 : 8A;
    21465 : 24;
    21466 : 23;
    21467 : AD;
    21468 : 8B;
    21469 : 24;
    21470 : 23;
    21471 : BD;
    21472 : 9B;
    21473 : 24;
    21474 : 32;
    21475 : BC;
    21476 : 8D;
    21477 : 32;
    21478 : 22;
    21479 : DA;
    21480 : AA;
    21481 : 43;
    21482 : 32;
    21483 : FA;
    21484 : A9;
    21485 : 22;
    21486 : 24;
    21487 : D9;
    21488 : AA;
    21489 : 31;
    21490 : 43;
    21491 : C0;
    21492 : A9;
    21493 : 50;
    21494 : 31;
    21495 : C1;
    21496 : BA;
    21497 : 31;
    21498 : 51;
    21499 : C8;
    21500 : AC;
    21501 : 10;
    21502 : 32;
    21503 : D0;
    21504 : BA;
    21505 : 48;
    21506 : 22;
    21507 : D1;
    21508 : AA;
    21509 : 38;
    21510 : 33;
    21511 : B4;
    21512 : BD;
    21513 : 49;
    21514 : 33;
    21515 : C2;
    21516 : B9;
    21517 : 5A;
    21518 : 22;
    21519 : B2;
    21520 : BC;
    21521 : 69;
    21522 : 21;
    21523 : A1;
    21524 : BC;
    21525 : 3A;
    21526 : 23;
    21527 : A5;
    21528 : AC;
    21529 : 3A;
    21530 : 33;
    21531 : A5;
    21532 : BC;
    21533 : 1B;
    21534 : 04;
    21535 : 94;
    21536 : 9C;
    21537 : 1A;
    21538 : 23;
    21539 : 86;
    21540 : 8B;
    21541 : 2B;
    21542 : 14;
    21543 : 85;
    21544 : 9B;
    21545 : 2B;
    21546 : 13;
    21547 : 85;
    21548 : 9C;
    21549 : 0B;
    21550 : 05;
    21551 : 04;
    21552 : 9B;
    21553 : 0A;
    21554 : 14;
    21555 : 14;
    21556 : 9B;
    21557 : 8B;
    21558 : 04;
    21559 : 03;
    21560 : AF;
    21561 : 8B;
    21562 : 02;
    21563 : 03;
    21564 : AE;
    21565 : 9C;
    21566 : 02;
    21567 : 22;
    21568 : 9C;
    21569 : 8A;
    21570 : 04;
    21571 : 22;
    21572 : BB;
    21573 : 9B;
    21574 : 16;
    21575 : 32;
    21576 : 9D;
    21577 : 98;
    21578 : 16;
    21579 : 22;
    21580 : AA;
    21581 : 98;
    21582 : 26;
    21583 : 22;
    21584 : AA;
    21585 : AA;
    21586 : 25;
    21587 : 32;
    21588 : BC;
    21589 : DA;
    21590 : 22;
    21591 : 30;
    21592 : CC;
    21593 : BA;
    21594 : 12;
    21595 : 31;
    21596 : CC;
    21597 : BB;
    21598 : 23;
    21599 : 71;
    21600 : A8;
    21601 : 9A;
    21602 : 33;
    21603 : 31;
    21604 : C9;
    21605 : CA;
    21606 : 43;
    21607 : 42;
    21608 : B9;
    21609 : B9;
    21610 : 53;
    21611 : 31;
    21612 : AA;
    21613 : CB;
    21614 : 43;
    21615 : 51;
    21616 : B8;
    21617 : CB;
    21618 : 22;
    21619 : 31;
    21620 : BB;
    21621 : DD;
    21622 : 11;
    21623 : 31;
    21624 : BA;
    21625 : E9;
    21626 : 12;
    21627 : 41;
    21628 : 99;
    21629 : E9;
    21630 : 11;
    21631 : 40;
    21632 : 98;
    21633 : C9;
    21634 : 31;
    21635 : 49;
    21636 : A9;
    21637 : D9;
    21638 : 30;
    21639 : 28;
    21640 : B8;
    21641 : D0;
    21642 : 50;
    21643 : 41;
    21644 : 90;
    21645 : B1;
    21646 : 61;
    21647 : 28;
    21648 : B0;
    21649 : C0;
    21650 : 48;
    21651 : 18;
    21652 : B0;
    21653 : E8;
    21654 : 39;
    21655 : 18;
    21656 : C0;
    21657 : B8;
    21658 : 49;
    21659 : 10;
    21660 : C1;
    21661 : 98;
    21662 : 3A;
    21663 : 20;
    21664 : F1;
    21665 : A8;
    21666 : 4A;
    21667 : 10;
    21668 : C1;
    21669 : 99;
    21670 : 58;
    21671 : 01;
    21672 : B1;
    21673 : 88;
    21674 : 68;
    21675 : 02;
    21676 : A2;
    21677 : 98;
    21678 : 7A;
    21679 : 22;
    21680 : 92;
    21681 : 8A;
    21682 : 4A;
    21683 : 03;
    21684 : F8;
    21685 : 8B;
    21686 : 29;
    21687 : 81;
    21688 : A1;
    21689 : A9;
    21690 : 4B;
    21691 : 23;
    21692 : F2;
    21693 : AA;
    21694 : 3A;
    21695 : 03;
    21696 : F9;
    21697 : 8C;
    21698 : 10;
    21699 : 02;
    21700 : E0;
    21701 : 09;
    21702 : 38;
    21703 : 11;
    21704 : B3;
    21705 : 0D;
    21706 : 59;
    21707 : 04;
    21708 : B1;
    21709 : 0B;
    21710 : 48;
    21711 : 82;
    21712 : E0;
    21713 : 0B;
    21714 : 28;
    21715 : 05;
    21716 : 93;
    21717 : 1B;
    21718 : 40;
    21719 : 07;
    21720 : 01;
    21721 : 0C;
    21722 : 11;
    21723 : 94;
    21724 : 89;
    21725 : 8E;
    21726 : 98;
    21727 : 83;
    21728 : 8A;
    21729 : 9F;
    21730 : 90;
    21731 : 03;
    21732 : 0A;
    21733 : 9F;
    21734 : 81;
    21735 : 23;
    21736 : 0A;
    21737 : CB;
    21738 : 94;
    21739 : 32;
    21740 : 3A;
    21741 : FB;
    21742 : 82;
    21743 : 52;
    21744 : 19;
    21745 : C8;
    21746 : 03;
    21747 : 71;
    21748 : 08;
    21749 : B0;
    21750 : 82;
    21751 : 58;
    21752 : 89;
    21753 : F1;
    21754 : 80;
    21755 : 39;
    21756 : 98;
    21757 : E1;
    21758 : 18;
    21759 : 3A;
    21760 : A8;
    21761 : D2;
    21762 : 19;
    21763 : 4A;
    21764 : A1;
    21765 : B3;
    21766 : 2B;
    21767 : 4C;
    21768 : A3;
    21769 : B4;
    21770 : 3B;
    21771 : 2D;
    21772 : B3;
    21773 : 95;
    21774 : 2B;
    21775 : 2B;
    21776 : 86;
    21777 : 03;
    21778 : 2C;
    21779 : 0A;
    21780 : 86;
    21781 : 12;
    21782 : 0C;
    21783 : 99;
    21784 : 94;
    21785 : 31;
    21786 : 0D;
    21787 : AA;
    21788 : 83;
    21789 : 31;
    21790 : 9E;
    21791 : B9;
    21792 : 03;
    21793 : 50;
    21794 : 9A;
    21795 : D9;
    21796 : 02;
    21797 : 58;
    21798 : A9;
    21799 : CA;
    21800 : 10;
    21801 : 58;
    21802 : B0;
    21803 : B9;
    21804 : 40;
    21805 : 50;
    21806 : 91;
    21807 : B9;
    21808 : 30;
    21809 : 72;
    21810 : 92;
    21811 : B8;
    21812 : 49;
    21813 : 31;
    21814 : A4;
    21815 : BB;
    21816 : 2B;
    21817 : 42;
    21818 : 95;
    21819 : CB;
    21820 : 0A;
    21821 : 22;
    21822 : 85;
    21823 : CB;
    21824 : 8B;
    21825 : 23;
    21826 : 06;
    21827 : CB;
    21828 : 8B;
    21829 : 23;
    21830 : 15;
    21831 : BB;
    21832 : 9B;
    21833 : 24;
    21834 : 34;
    21835 : BC;
    21836 : AA;
    21837 : 43;
    21838 : 44;
    21839 : BA;
    21840 : AB;
    21841 : 34;
    21842 : 52;
    21843 : C9;
    21844 : B9;
    21845 : 32;
    21846 : 52;
    21847 : C9;
    21848 : BA;
    21849 : 41;
    21850 : 41;
    21851 : D0;
    21852 : 8A;
    21853 : 30;
    21854 : 80;
    21855 : C3;
    21856 : A9;
    21857 : 50;
    21858 : 02;
    21859 : F1;
    21860 : 0B;
    21861 : 1A;
    21862 : 40;
    21863 : B1;
    21864 : A8;
    21865 : 78;
    21866 : 14;
    21867 : A1;
    21868 : 9B;
    21869 : 1B;
    21870 : 20;
    21871 : B4;
    21872 : BD;
    21873 : 58;
    21874 : 23;
    21875 : 93;
    21876 : 9C;
    21877 : 9D;
    21878 : 31;
    21879 : 84;
    21880 : 9B;
    21881 : 8E;
    21882 : 05;
    21883 : 81;
    21884 : 1A;
    21885 : 08;
    21886 : 12;
    21887 : 93;
    21888 : BF;
    21889 : 1A;
    21890 : 84;
    21891 : 12;
    21892 : 9B;
    21893 : 8A;
    21894 : 25;
    21895 : 14;
    21896 : AD;
    21897 : 8B;
    21898 : 14;
    21899 : 80;
    21900 : 8B;
    21901 : DA;
    21902 : 12;
    21903 : 12;
    21904 : CA;
    21905 : 18;
    21906 : 15;
    21907 : 15;
    21908 : AA;
    21909 : BA;
    21910 : 33;
    21911 : 72;
    21912 : A9;
    21913 : B9;
    21914 : 53;
    21915 : 18;
    21916 : B8;
    21917 : B8;
    21918 : 42;
    21919 : 30;
    21920 : EC;
    21921 : A9;
    21922 : 51;
    21923 : 38;
    21924 : 89;
    21925 : E0;
    21926 : 40;
    21927 : 10;
    21928 : B8;
    21929 : BB;
    21930 : 20;
    21931 : 21;
    21932 : C8;
    21933 : C0;
    21934 : 38;
    21935 : 42;
    21936 : A9;
    21937 : F0;
    21938 : 59;
    21939 : 08;
    21940 : A1;
    21941 : 98;
    21942 : 38;
    21943 : 42;
    21944 : E8;
    21945 : 80;
    21946 : 5A;
    21947 : 11;
    21948 : B9;
    21949 : B1;
    21950 : 5A;
    21951 : 21;
    21952 : 91;
    21953 : 88;
    21954 : 31;
    21955 : 38;
    21956 : FA;
    21957 : 8C;
    21958 : 1A;
    21959 : 21;
    21960 : E8;
    21961 : 91;
    21962 : 4A;
    21963 : 13;
    21964 : B0;
    21965 : 89;
    21966 : 39;
    21967 : 51;
    21968 : E2;
    21969 : 8A;
    21970 : 2A;
    21971 : 14;
    21972 : C3;
    21973 : 08;
    21974 : 1C;
    21975 : 93;
    21976 : B1;
    21977 : 9A;
    21978 : 58;
    21979 : 39;
    21980 : A6;
    21981 : 0B;
    21982 : 1A;
    21983 : 86;
    21984 : C8;
    21985 : 10;
    21986 : 0B;
    21987 : 94;
    21988 : 81;
    21989 : 9C;
    21990 : 59;
    21991 : 1A;
    21992 : A3;
    21993 : 0E;
    21994 : 18;
    21995 : 33;
    21996 : C0;
    21997 : 19;
    21998 : 0E;
    21999 : 13;
    22000 : 80;
    22001 : 08;
    22002 : 68;
    22003 : 88;
    22004 : B3;
    22005 : 8E;
    22006 : 08;
    22007 : 23;
    22008 : 94;
    22009 : 38;
    22010 : 0C;
    22011 : 03;
    22012 : 90;
    22013 : 9C;
    22014 : 2C;
    22015 : C0;
    22016 : B0;
    22017 : 8D;
    22018 : 9B;
    22019 : 34;
    22020 : A3;
    22021 : 71;
    22022 : 89;
    22023 : 03;
    22024 : A0;
    22025 : 1D;
    22026 : 29;
    22027 : B2;
    22028 : 91;
    22029 : 9F;
    22030 : 98;
    22031 : 12;
    22032 : 94;
    22033 : 3E;
    22034 : 99;
    22035 : 04;
    22036 : 80;
    22037 : 0C;
    22038 : 8A;
    22039 : A4;
    22040 : 12;
    22041 : 8D;
    22042 : 81;
    22043 : 24;
    22044 : 02;
    22045 : 1D;
    22046 : A0;
    22047 : 33;
    22048 : 28;
    22049 : AA;
    22050 : 8B;
    22051 : 07;
    22052 : 09;
    22053 : CC;
    22054 : A2;
    22055 : 12;
    22056 : 10;
    22057 : 1F;
    22058 : A1;
    22059 : 21;
    22060 : 08;
    22061 : BC;
    22062 : 80;
    22063 : 86;
    22064 : 08;
    22065 : CB;
    22066 : 92;
    22067 : 50;
    22068 : 22;
    22069 : 0D;
    22070 : A1;
    22071 : 51;
    22072 : 90;
    22073 : A9;
    22074 : 90;
    22075 : 24;
    22076 : 09;
    22077 : F0;
    22078 : 8A;
    22079 : 1A;
    22080 : 42;
    22081 : 99;
    22082 : 02;
    22083 : 19;
    22084 : A2;
    22085 : CC;
    22086 : AA;
    22087 : 72;
    22088 : 88;
    22089 : B2;
    22090 : 20;
    22091 : 1E;
    22092 : 82;
    22093 : D9;
    22094 : 13;
    22095 : 4A;
    22096 : A2;
    22097 : A8;
    22098 : 90;
    22099 : 73;
    22100 : 88;
    22101 : D2;
    22102 : 59;
    22103 : 19;
    22104 : 03;
    22105 : B8;
    22106 : 11;
    22107 : 4C;
    22108 : 84;
    22109 : A8;
    22110 : 9B;
    22111 : 59;
    22112 : A8;
    22113 : C0;
    22114 : 3D;
    22115 : 99;
    22116 : 03;
    22117 : E2;
    22118 : 18;
    22119 : 0A;
    22120 : 95;
    22121 : 08;
    22122 : 89;
    22123 : 19;
    22124 : F1;
    22125 : 18;
    22126 : 1D;
    22127 : 88;
    22128 : 23;
    22129 : A2;
    22130 : 3A;
    22131 : D9;
    22132 : 06;
    22133 : 2A;
    22134 : 9A;
    22135 : 01;
    22136 : 84;
    22137 : 49;
    22138 : 8E;
    22139 : A2;
    22140 : 23;
    22141 : 80;
    22142 : 2A;
    22143 : D0;
    22144 : 24;
    22145 : 3A;
    22146 : D8;
    22147 : 90;
    22148 : 20;
    22149 : 2A;
    22150 : BC;
    22151 : E4;
    22152 : 38;
    22153 : 08;
    22154 : 98;
    22155 : D1;
    22156 : 40;
    22157 : 2A;
    22158 : C2;
    22159 : 80;
    22160 : 28;
    22161 : 3A;
    22162 : D2;
    22163 : B3;
    22164 : 7A;
    22165 : 88;
    22166 : 81;
    22167 : 91;
    22168 : 5B;
    22169 : 89;
    22170 : 94;
    22171 : 0A;
    22172 : 8C;
    22173 : 08;
    22174 : B3;
    22175 : 98;
    22176 : 2F;
    22177 : 82;
    22178 : 03;
    22179 : AA;
    22180 : 2F;
    22181 : 91;
    22182 : 15;
    22183 : 9B;
    22184 : 8A;
    22185 : 81;
    22186 : 15;
    22187 : A9;
    22188 : 0E;
    22189 : 12;
    22190 : 51;
    22191 : B0;
    22192 : 8B;
    22193 : 91;
    22194 : 45;
    22195 : B8;
    22196 : B9;
    22197 : 18;
    22198 : 15;
    22199 : A1;
    22200 : 8E;
    22201 : 20;
    22202 : 60;
    22203 : A2;
    22204 : 8A;
    22205 : 09;
    22206 : 53;
    22207 : B0;
    22208 : CA;
    22209 : 2A;
    22210 : 13;
    22211 : A5;
    22212 : 9E;
    22213 : 18;
    22214 : 20;
    22215 : 96;
    22216 : 9B;
    22217 : 88;
    22218 : 42;
    22219 : 91;
    22220 : AC;
    22221 : 0B;
    22222 : 15;
    22223 : 04;
    22224 : 9D;
    22225 : 09;
    22226 : 11;
    22227 : 05;
    22228 : 9C;
    22229 : 88;
    22230 : 32;
    22231 : 03;
    22232 : CB;
    22233 : 9C;
    22234 : 23;
    22235 : 34;
    22236 : BC;
    22237 : 99;
    22238 : 33;
    22239 : 37;
    22240 : BA;
    22241 : B9;
    22242 : 42;
    22243 : 23;
    22244 : DB;
    22245 : CB;
    22246 : 22;
    22247 : 52;
    22248 : C9;
    22249 : 9A;
    22250 : 21;
    22251 : 53;
    22252 : D9;
    22253 : A8;
    22254 : 30;
    22255 : 23;
    22256 : DA;
    22257 : BB;
    22258 : 51;
    22259 : 31;
    22260 : E0;
    22261 : 9A;
    22262 : 30;
    22263 : 53;
    22264 : C0;
    22265 : 99;
    22266 : 30;
    22267 : 23;
    22268 : C1;
    22269 : AC;
    22270 : 49;
    22271 : 41;
    22272 : C0;
    22273 : BA;
    22274 : 28;
    22275 : 42;
    22276 : B2;
    22277 : AC;
    22278 : 3A;
    22279 : 45;
    22280 : A0;
    22281 : BB;
    22282 : 4A;
    22283 : 22;
    22284 : B3;
    22285 : 9F;
    22286 : 89;
    22287 : 52;
    22288 : A1;
    22289 : 9B;
    22290 : 29;
    22291 : 15;
    22292 : 01;
    22293 : AB;
    22294 : 1A;
    22295 : 54;
    22296 : A4;
    22297 : AB;
    22298 : 19;
    22299 : 15;
    22300 : 83;
    22301 : 9C;
    22302 : 9A;
    22303 : 24;
    22304 : 83;
    22305 : BB;
    22306 : 0D;
    22307 : 23;
    22308 : 13;
    22309 : AF;
    22310 : 99;
    22311 : 31;
    22312 : 96;
    22313 : 9B;
    22314 : 9B;
    22315 : 23;
    22316 : 21;
    22317 : BD;
    22318 : A9;
    22319 : 12;
    22320 : 17;
    22321 : AB;
    22322 : 89;
    22323 : 33;
    22324 : 43;
    22325 : AC;
    22326 : A8;
    22327 : 44;
    22328 : 16;
    22329 : AA;
    22330 : 9B;
    22331 : 24;
    22332 : 22;
    22333 : CB;
    22334 : 99;
    22335 : 20;
    22336 : 17;
    22337 : AA;
    22338 : B9;
    22339 : 34;
    22340 : 20;
    22341 : D8;
    22342 : AA;
    22343 : 10;
    22344 : 45;
    22345 : AB;
    22346 : AB;
    22347 : 31;
    22348 : 21;
    22349 : F9;
    22350 : 99;
    22351 : 10;
    22352 : 54;
    22353 : 99;
    22354 : A9;
    22355 : 31;
    22356 : 31;
    22357 : E8;
    22358 : 99;
    22359 : 00;
    22360 : 64;
    22361 : B8;
    22362 : 99;
    22363 : 48;
    22364 : 00;
    22365 : A1;
    22366 : AA;
    22367 : 28;
    22368 : 72;
    22369 : C2;
    22370 : 99;
    22371 : 28;
    22372 : 13;
    22373 : B0;
    22374 : AC;
    22375 : 29;
    22376 : 72;
    22377 : B0;
    22378 : DA;
    22379 : 10;
    22380 : 12;
    22381 : A1;
    22382 : 9B;
    22383 : 10;
    22384 : 72;
    22385 : A5;
    22386 : 9A;
    22387 : 39;
    22388 : 84;
    22389 : 90;
    22390 : BB;
    22391 : 08;
    22392 : 78;
    22393 : A4;
    22394 : AA;
    22395 : 38;
    22396 : 33;
    22397 : 90;
    22398 : DB;
    22399 : 28;
    22400 : 70;
    22401 : A2;
    22402 : CA;
    22403 : 19;
    22404 : 32;
    22405 : 98;
    22406 : CB;
    22407 : 19;
    22408 : 7A;
    22409 : A4;
    22410 : BA;
    22411 : 2A;
    22412 : 23;
    22413 : 90;
    22414 : C9;
    22415 : 3B;
    22416 : 68;
    22417 : 97;
    22418 : A9;
    22419 : 19;
    22420 : 31;
    22421 : A1;
    22422 : 99;
    22423 : 3B;
    22424 : 22;
    22425 : 17;
    22426 : AB;
    22427 : 1D;
    22428 : 22;
    22429 : 93;
    22430 : 8B;
    22431 : 3B;
    22432 : 98;
    22433 : 47;
    22434 : 8C;
    22435 : 0C;
    22436 : 13;
    22437 : 91;
    22438 : 9A;
    22439 : 1C;
    22440 : 91;
    22441 : 27;
    22442 : 8C;
    22443 : 89;
    22444 : 21;
    22445 : 81;
    22446 : 9A;
    22447 : 8B;
    22448 : 94;
    22449 : 35;
    22450 : 9D;
    22451 : 8B;
    22452 : 12;
    22453 : 82;
    22454 : 9C;
    22455 : 98;
    22456 : A2;
    22457 : 57;
    22458 : 9A;
    22459 : 99;
    22460 : 32;
    22461 : 81;
    22462 : 89;
    22463 : A9;
    22464 : A4;
    22465 : 74;
    22466 : 99;
    22467 : 99;
    22468 : 31;
    22469 : 02;
    22470 : AA;
    22471 : A8;
    22472 : 82;
    22473 : 78;
    22474 : C0;
    22475 : AB;
    22476 : 32;
    22477 : 14;
    22478 : 9D;
    22479 : 89;
    22480 : 92;
    22481 : 78;
    22482 : B1;
    22483 : C9;
    22484 : 30;
    22485 : 03;
    22486 : AA;
    22487 : AA;
    22488 : 13;
    22489 : 7A;
    22490 : A5;
    22491 : 99;
    22492 : 10;
    22493 : 43;
    22494 : AA;
    22495 : B0;
    22496 : 68;
    22497 : 3A;
    22498 : C4;
    22499 : B9;
    22500 : 38;
    22501 : 41;
    22502 : C9;
    22503 : 88;
    22504 : 2A;
    22505 : 5A;
    22506 : A5;
    22507 : A9;
    22508 : 4B;
    22509 : 12;
    22510 : C0;
    22511 : 98;
    22512 : 4A;
    22513 : 09;
    22514 : 97;
    22515 : 8A;
    22516 : 2B;
    22517 : 32;
    22518 : B3;
    22519 : 0A;
    22520 : 2E;
    22521 : A1;
    22522 : 07;
    22523 : 9A;
    22524 : 0A;
    22525 : 23;
    22526 : 82;
    22527 : 1D;
    22528 : 8A;
    22529 : B3;
    22530 : 47;
    22531 : 8A;
    22532 : AA;
    22533 : 14;
    22534 : 01;
    22535 : 8B;
    22536 : AA;
    22537 : B5;
    22538 : 45;
    22539 : 9B;
    22540 : B9;
    22541 : 21;
    22542 : 32;
    22543 : 9C;
    22544 : EB;
    22545 : 82;
    22546 : 70;
    22547 : A9;
    22548 : B8;
    22549 : 20;
    22550 : 32;
    22551 : B9;
    22552 : F0;
    22553 : 10;
    22554 : 70;
    22555 : A0;
    22556 : A8;
    22557 : 20;
    22558 : 31;
    22559 : A1;
    22560 : C9;
    22561 : 08;
    22562 : 70;
    22563 : A3;
    22564 : BA;
    22565 : 3A;
    22566 : 43;
    22567 : A3;
    22568 : CC;
    22569 : 08;
    22570 : 68;
    22571 : 93;
    22572 : BB;
    22573 : 0B;
    22574 : 24;
    22575 : 82;
    22576 : CC;
    22577 : 8A;
    22578 : 60;
    22579 : 04;
    22580 : BB;
    22581 : 0A;
    22582 : 33;
    22583 : 32;
    22584 : FB;
    22585 : 99;
    22586 : 50;
    22587 : 23;
    22588 : DA;
    22589 : 9A;
    22590 : 32;
    22591 : 22;
    22592 : F8;
    22593 : 99;
    22594 : 28;
    22595 : 34;
    22596 : D8;
    22597 : AA;
    22598 : 50;
    22599 : 11;
    22600 : C1;
    22601 : 9A;
    22602 : 39;
    22603 : 24;
    22604 : D1;
    22605 : AA;
    22606 : 38;
    22607 : 32;
    22608 : E3;
    22609 : AB;
    22610 : 3A;
    22611 : 17;
    22612 : A1;
    22613 : 9C;
    22614 : 39;
    22615 : 23;
    22616 : 94;
    22617 : 9C;
    22618 : 0A;
    22619 : 34;
    22620 : 92;
    22621 : AD;
    22622 : 2A;
    22623 : 03;
    22624 : 05;
    22625 : 9D;
    22626 : 89;
    22627 : 14;
    22628 : 82;
    22629 : AD;
    22630 : 09;
    22631 : 14;
    22632 : 83;
    22633 : AC;
    22634 : 8A;
    22635 : 34;
    22636 : 00;
    22637 : 9F;
    22638 : 0A;
    22639 : 14;
    22640 : 03;
    22641 : BB;
    22642 : AA;
    22643 : 44;
    22644 : 32;
    22645 : EB;
    22646 : 9A;
    22647 : 01;
    22648 : 21;
    22649 : AA;
    22650 : 9A;
    22651 : 25;
    22652 : 13;
    22653 : EA;
    22654 : 9A;
    22655 : 51;
    22656 : 42;
    22657 : A8;
    22658 : CB;
    22659 : 30;
    22660 : 25;
    22661 : A0;
    22662 : AA;
    22663 : 32;
    22664 : 68;
    22665 : A8;
    22666 : BA;
    22667 : 59;
    22668 : 12;
    22669 : C2;
    22670 : CA;
    22671 : 38;
    22672 : 41;
    22673 : A9;
    22674 : 9C;
    22675 : 59;
    22676 : 13;
    22677 : F8;
    22678 : A9;
    22679 : 20;
    22680 : 31;
    22681 : A1;
    22682 : 9E;
    22683 : 39;
    22684 : 22;
    22685 : C1;
    22686 : CB;
    22687 : 38;
    22688 : 14;
    22689 : B1;
    22690 : 9B;
    22691 : 2C;
    22692 : 44;
    22693 : A2;
    22694 : AC;
    22695 : 29;
    22696 : 24;
    22697 : 94;
    22698 : AC;
    22699 : 0A;
    22700 : 32;
    22701 : 83;
    22702 : BD;
    22703 : 1A;
    22704 : 04;
    22705 : 84;
    22706 : 9A;
    22707 : 0C;
    22708 : 25;
    22709 : 82;
    22710 : 9C;
    22711 : 0A;
    22712 : 33;
    22713 : 85;
    22714 : AC;
    22715 : 88;
    22716 : 24;
    22717 : 03;
    22718 : 9F;
    22719 : 19;
    22720 : 03;
    22721 : 13;
    22722 : BC;
    22723 : 9B;
    22724 : 35;
    22725 : 01;
    22726 : 8E;
    22727 : 8B;
    22728 : 23;
    22729 : 05;
    22730 : AB;
    22731 : CA;
    22732 : 12;
    22733 : 24;
    22734 : BC;
    22735 : 89;
    22736 : 12;
    22737 : 53;
    22738 : CA;
    22739 : A9;
    22740 : 13;
    22741 : 32;
    22742 : 9C;
    22743 : AD;
    22744 : 22;
    22745 : 41;
    22746 : 99;
    22747 : B2;
    22748 : 42;
    22749 : 25;
    22750 : AD;
    22751 : 88;
    22752 : 11;
    22753 : 61;
    22754 : C9;
    22755 : 98;
    22756 : 22;
    22757 : 48;
    22758 : B9;
    22759 : AA;
    22760 : 64;
    22761 : 00;
    22762 : A9;
    22763 : C9;
    22764 : 20;
    22765 : 24;
    22766 : BA;
    22767 : B8;
    22768 : 20;
    22769 : 71;
    22770 : D8;
    22771 : 88;
    22772 : 11;
    22773 : 30;
    22774 : B1;
    22775 : CC;
    22776 : 12;
    22777 : 18;
    22778 : 00;
    22779 : DB;
    22780 : 38;
    22781 : 10;
    22782 : DB;
    22783 : A0;
    22784 : 31;
    22785 : 35;
    22786 : DB;
    22787 : 09;
    22788 : 01;
    22789 : 70;
    22790 : A0;
    22791 : A9;
    22792 : 25;
    22793 : 08;
    22794 : 90;
    22795 : AC;
    22796 : 51;
    22797 : 12;
    22798 : A9;
    22799 : D8;
    22800 : 28;
    22801 : 43;
    22802 : B9;
    22803 : A8;
    22804 : 19;
    22805 : 79;
    22806 : C2;
    22807 : AA;
    22808 : 31;
    22809 : 28;
    22810 : B3;
    22811 : FA;
    22812 : 30;
    22813 : 19;
    22814 : 90;
    22815 : D1;
    22816 : 5B;
    22817 : 01;
    22818 : D0;
    22819 : 01;
    22820 : 1A;
    22821 : 41;
    22822 : D1;
    22823 : 0A;
    22824 : 20;
    22825 : 18;
    22826 : B5;
    22827 : A9;
    22828 : 50;
    22829 : 90;
    22830 : 83;
    22831 : 9C;
    22832 : 3C;
    22833 : 04;
    22834 : B8;
    22835 : 98;
    22836 : 0C;
    22837 : 42;
    22838 : D2;
    22839 : 1B;
    22840 : 0A;
    22841 : 10;
    22842 : 87;
    22843 : 9A;
    22844 : 11;
    22845 : 80;
    22846 : 14;
    22847 : BB;
    22848 : 5A;
    22849 : 02;
    22850 : 80;
    22851 : 02;
    22852 : 8C;
    22853 : 16;
    22854 : 80;
    22855 : 2A;
    22856 : A0;
    22857 : 70;
    22858 : 90;
    22859 : 9D;
    22860 : 21;
    22861 : A9;
    22862 : 13;
    22863 : BE;
    22864 : 28;
    22865 : 82;
    22866 : 2A;
    22867 : D9;
    22868 : 8B;
    22869 : 25;
    22870 : A8;
    22871 : A9;
    22872 : 99;
    22873 : 73;
    22874 : 84;
    22875 : 9B;
    22876 : 80;
    22877 : 88;
    22878 : 44;
    22879 : FA;
    22880 : 00;
    22881 : 00;
    22882 : 28;
    22883 : B1;
    22884 : 1C;
    22885 : 22;
    22886 : 18;
    22887 : 93;
    22888 : F9;
    22889 : 58;
    22890 : 18;
    22891 : 88;
    22892 : 01;
    22893 : 2D;
    22894 : 11;
    22895 : F1;
    22896 : 18;
    22897 : 19;
    22898 : 20;
    22899 : C2;
    22900 : 0C;
    22901 : 28;
    22902 : 0B;
    22903 : A7;
    22904 : 89;
    22905 : 5A;
    22906 : 91;
    22907 : 81;
    22908 : 8A;
    22909 : 2C;
    22910 : 14;
    22911 : A3;
    22912 : 0B;
    22913 : 8D;
    22914 : 12;
    22915 : 86;
    22916 : 1C;
    22917 : 8A;
    22918 : 81;
    22919 : 15;
    22920 : 9C;
    22921 : 0A;
    22922 : 93;
    22923 : 43;
    22924 : CA;
    22925 : 9B;
    22926 : 82;
    22927 : 32;
    22928 : 0A;
    22929 : CE;
    22930 : 13;
    22931 : 42;
    22932 : 8B;
    22933 : C8;
    22934 : 20;
    22935 : 45;
    22936 : B9;
    22937 : 88;
    22938 : 88;
    22939 : 73;
    22940 : A0;
    22941 : AB;
    22942 : 11;
    22943 : 60;
    22944 : 91;
    22945 : AC;
    22946 : 20;
    22947 : 22;
    22948 : A3;
    22949 : AE;
    22950 : 1B;
    22951 : 26;
    22952 : 80;
    22953 : BA;
    22954 : 99;
    22955 : 64;
    22956 : A2;
    22957 : AB;
    22958 : 89;
    22959 : 52;
    22960 : 04;
    22961 : AD;
    22962 : 88;
    22963 : 21;
    22964 : 42;
    22965 : DB;
    22966 : 99;
    22967 : 32;
    22968 : 12;
    22969 : CA;
    22970 : 9C;
    22971 : 42;
    22972 : 22;
    22973 : BC;
    22974 : C8;
    22975 : 41;
    22976 : 32;
    22977 : EA;
    22978 : 98;
    22979 : 38;
    22980 : 43;
    22981 : D8;
    22982 : 9A;
    22983 : 31;
    22984 : 41;
    22985 : D8;
    22986 : A9;
    22987 : 50;
    22988 : 20;
    22989 : B0;
    22990 : 99;
    22991 : 40;
    22992 : 23;
    22993 : B0;
    22994 : AC;
    22995 : 38;
    22996 : 42;
    22997 : E1;
    22998 : AA;
    22999 : 4A;
    23000 : 31;
    23001 : C4;
    23002 : AC;
    23003 : 29;
    23004 : 14;
    23005 : 91;
    23006 : 9D;
    23007 : 1A;
    23008 : 14;
    23009 : A1;
    23010 : BA;
    23011 : 3B;
    23012 : 46;
    23013 : 91;
    23014 : 9C;
    23015 : 88;
    23016 : 15;
    23017 : 02;
    23018 : AE;
    23019 : 08;
    23020 : 12;
    23021 : 02;
    23022 : BB;
    23023 : 0D;
    23024 : 13;
    23025 : 03;
    23026 : AC;
    23027 : 9B;
    23028 : 44;
    23029 : 04;
    23030 : C9;
    23031 : 89;
    23032 : 51;
    23033 : 21;
    23034 : BA;
    23035 : BA;
    23036 : 24;
    23037 : 14;
    23038 : AC;
    23039 : 9A;
    23040 : 53;
    23041 : 22;
    23042 : FA;
    23043 : 0A;
    23044 : 32;
    23045 : 20;
    23046 : B9;
    23047 : BD;
    23048 : 33;
    23049 : 14;
    23050 : BA;
    23051 : BB;
    23052 : 48;
    23053 : 16;
    23054 : C8;
    23055 : 8A;
    23056 : 48;
    23057 : 30;
    23058 : C8;
    23059 : BA;
    23060 : 42;
    23061 : 21;
    23062 : BA;
    23063 : BC;
    23064 : 60;
    23065 : 11;
    23066 : D9;
    23067 : 98;
    23068 : 30;
    23069 : 33;
    23070 : C9;
    23071 : CA;
    23072 : 41;
    23073 : 43;
    23074 : B8;
    23075 : AA;
    23076 : 49;
    23077 : 52;
    23078 : C1;
    23079 : B9;
    23080 : 28;
    23081 : 31;
    23082 : 90;
    23083 : F9;
    23084 : 38;
    23085 : 31;
    23086 : C8;
    23087 : 98;
    23088 : 4A;
    23089 : 51;
    23090 : D0;
    23091 : 99;
    23092 : 30;
    23093 : 48;
    23094 : B1;
    23095 : CB;
    23096 : 59;
    23097 : 21;
    23098 : B1;
    23099 : AA;
    23100 : 3D;
    23101 : 32;
    23102 : C4;
    23103 : 9A;
    23104 : 29;
    23105 : 41;
    23106 : A2;
    23107 : CB;
    23108 : 2A;
    23109 : 12;
    23110 : B4;
    23111 : 8A;
    23112 : 2D;
    23113 : 32;
    23114 : D4;
    23115 : 9B;
    23116 : 48;
    23117 : 01;
    23118 : A3;
    23119 : 9D;
    23120 : 3A;
    23121 : 06;
    23122 : A1;
    23123 : 89;
    23124 : 1C;
    23125 : 32;
    23126 : B5;
    23127 : 8B;
    23128 : 19;
    23129 : 20;
    23130 : 24;
    23131 : BC;
    23132 : 4B;
    23133 : 84;
    23134 : A2;
    23135 : 29;
    23136 : 0E;
    23137 : 23;
    23138 : C1;
    23139 : AB;
    23140 : 11;
    23141 : 10;
    23142 : A5;
    23143 : AD;
    23144 : 4A;
    23145 : 03;
    23146 : B1;
    23147 : A9;
    23148 : 1D;
    23149 : 43;
    23150 : B3;
    23151 : AC;
    23152 : 08;
    23153 : 18;
    23154 : 06;
    23155 : B9;
    23156 : 4C;
    23157 : 81;
    23158 : C2;
    23159 : 00;
    23160 : 1B;
    23161 : 41;
    23162 : B4;
    23163 : 0B;
    23164 : 68;
    23165 : A0;
    23166 : 95;
    23167 : 8A;
    23168 : 3C;
    23169 : 95;
    23170 : A1;
    23171 : 09;
    23172 : 0C;
    23173 : 22;
    23174 : A5;
    23175 : 1B;
    23176 : 09;
    23177 : A1;
    23178 : 07;
    23179 : 8A;
    23180 : 2C;
    23181 : A2;
    23182 : 91;
    23183 : 39;
    23184 : AB;
    23185 : 14;
    23186 : A2;
    23187 : 1F;
    23188 : 18;
    23189 : B1;
    23190 : 05;
    23191 : 0C;
    23192 : 1A;
    23193 : 86;
    23194 : 88;
    23195 : 89;
    23196 : 9A;
    23197 : 23;
    23198 : 94;
    23199 : 0E;
    23200 : 81;
    23201 : A1;
    23202 : 32;
    23203 : AC;
    23204 : 2B;
    23205 : 96;
    23206 : 88;
    23207 : 11;
    23208 : BA;
    23209 : 43;
    23210 : A1;
    23211 : 8F;
    23212 : 12;
    23213 : A0;
    23214 : 33;
    23215 : AE;
    23216 : 39;
    23217 : 87;
    23218 : 88;
    23219 : 88;
    23220 : 9A;
    23221 : 42;
    23222 : 92;
    23223 : 0E;
    23224 : 80;
    23225 : A2;
    23226 : 42;
    23227 : AA;
    23228 : 2A;
    23229 : 84;
    23230 : 89;
    23231 : 20;
    23232 : DA;
    23233 : 33;
    23234 : 80;
    23235 : AF;
    23236 : 02;
    23237 : A2;
    23238 : 40;
    23239 : 9D;
    23240 : 09;
    23241 : 07;
    23242 : 0A;
    23243 : A8;
    23244 : A8;
    23245 : 51;
    23246 : 01;
    23247 : 9D;
    23248 : 91;
    23249 : 00;
    23250 : 40;
    23251 : D1;
    23252 : 19;
    23253 : 21;
    23254 : 9A;
    23255 : 93;
    23256 : D9;
    23257 : 78;
    23258 : 80;
    23259 : 99;
    23260 : 11;
    23261 : 98;
    23262 : 03;
    23263 : B1;
    23264 : 2F;
    23265 : 22;
    23266 : C8;
    23267 : 83;
    23268 : 0C;
    23269 : 39;
    23270 : 87;
    23271 : 09;
    23272 : 0A;
    23273 : 98;
    23274 : 04;
    23275 : 81;
    23276 : 0F;
    23277 : 91;
    23278 : A2;
    23279 : 51;
    23280 : BA;
    23281 : 80;
    23282 : 03;
    23283 : 3D;
    23284 : 0A;
    23285 : F0;
    23286 : 12;
    23287 : 29;
    23288 : 8C;
    23289 : A3;
    23290 : 88;
    23291 : 78;
    23292 : B9;
    23293 : 90;
    23294 : 33;
    23295 : 3E;
    23296 : B1;
    23297 : C1;
    23298 : 58;
    23299 : 18;
    23300 : A8;
    23301 : A1;
    23302 : 2A;
    23303 : 7A;
    23304 : D2;
    23305 : 90;
    23306 : 18;
    23307 : 19;
    23308 : 85;
    23309 : B9;
    23310 : 29;
    23311 : 10;
    23312 : 94;
    23313 : 00;
    23314 : 0E;
    23315 : 11;
    23316 : 95;
    23317 : 8A;
    23318 : 19;
    23319 : 2A;
    23320 : 07;
    23321 : A9;
    23322 : 1B;
    23323 : 03;
    23324 : 33;
    23325 : D9;
    23326 : AC;
    23327 : 40;
    23328 : 85;
    23329 : 99;
    23330 : 9B;
    23331 : 19;
    23332 : 37;
    23333 : C8;
    23334 : 0A;
    23335 : 18;
    23336 : 31;
    23337 : C3;
    23338 : AD;
    23339 : 28;
    23340 : 14;
    23341 : B0;
    23342 : 9A;
    23343 : 1D;
    23344 : 25;
    23345 : C1;
    23346 : 0B;
    23347 : 19;
    23348 : 42;
    23349 : A3;
    23350 : 9E;
    23351 : 3A;
    23352 : 04;
    23353 : 92;
    23354 : 8D;
    23355 : 0A;
    23356 : 25;
    23357 : A2;
    23358 : 8D;
    23359 : 09;
    23360 : 22;
    23361 : 06;
    23362 : AC;
    23363 : 0A;
    23364 : 22;
    23365 : 03;
    23366 : AB;
    23367 : 1C;
    23368 : 25;
    23369 : 92;
    23370 : 8D;
    23371 : 90;
    23372 : 22;
    23373 : 23;
    23374 : AF;
    23375 : 8B;
    23376 : 84;
    23377 : 23;
    23378 : AC;
    23379 : AB;
    23380 : 44;
    23381 : 11;
    23382 : BC;
    23383 : 99;
    23384 : 24;
    23385 : 42;
    23386 : BC;
    23387 : A9;
    23388 : 13;
    23389 : 34;
    23390 : B8;
    23391 : BC;
    23392 : 41;
    23393 : 42;
    23394 : E9;
    23395 : A0;
    23396 : 41;
    23397 : 20;
    23398 : DA;
    23399 : 9A;
    23400 : 12;
    23401 : 52;
    23402 : A8;
    23403 : C9;
    23404 : 58;
    23405 : 11;
    23406 : C1;
    23407 : 98;
    23408 : 48;
    23409 : 30;
    23410 : D8;
    23411 : AA;
    23412 : 30;
    23413 : 33;
    23414 : 92;
    23415 : CC;
    23416 : 3B;
    23417 : 32;
    23418 : E2;
    23419 : A8;
    23420 : 59;
    23421 : 21;
    23422 : D1;
    23423 : 9B;
    23424 : 28;
    23425 : 34;
    23426 : 91;
    23427 : BD;
    23428 : 1C;
    23429 : 13;
    23430 : A4;
    23431 : 9A;
    23432 : 4A;
    23433 : 33;
    23434 : D2;
    23435 : AC;
    23436 : 1A;
    23437 : 24;
    23438 : 84;
    23439 : AC;
    23440 : 0A;
    23441 : 83;
    23442 : 84;
    23443 : 0B;
    23444 : 0D;
    23445 : 13;
    23446 : A4;
    23447 : 9B;
    23448 : 8B;
    23449 : 53;
    23450 : 15;
    23451 : AB;
    23452 : 8B;
    23453 : 04;
    23454 : 12;
    23455 : 0E;
    23456 : 0A;
    23457 : 14;
    23458 : 92;
    23459 : 8C;
    23460 : 09;
    23461 : 22;
    23462 : 15;
    23463 : AC;
    23464 : B9;
    23465 : 24;
    23466 : 12;
    23467 : 0D;
    23468 : 99;
    23469 : 04;
    23470 : 82;
    23471 : 8E;
    23472 : 88;
    23473 : 31;
    23474 : 32;
    23475 : BC;
    23476 : AA;
    23477 : 24;
    23478 : 42;
    23479 : 9D;
    23480 : B8;
    23481 : 14;
    23482 : 00;
    23483 : AD;
    23484 : 98;
    23485 : 31;
    23486 : 63;
    23487 : BA;
    23488 : B8;
    23489 : 32;
    23490 : 68;
    23491 : AA;
    23492 : B8;
    23493 : 15;
    23494 : 21;
    23495 : 9C;
    23496 : 80;
    23497 : 41;
    23498 : 31;
    23499 : F9;
    23500 : 98;
    23501 : 20;
    23502 : 59;
    23503 : AA;
    23504 : A0;
    23505 : 32;
    23506 : 10;
    23507 : BC;
    23508 : 99;
    23509 : 42;
    23510 : 24;
    23511 : F8;
    23512 : A9;
    23513 : 20;
    23514 : 40;
    23515 : B8;
    23516 : A8;
    23517 : 24;
    23518 : 11;
    23519 : AD;
    23520 : 88;
    23521 : 32;
    23522 : 25;
    23523 : B0;
    23524 : AC;
    23525 : 10;
    23526 : 50;
    23527 : C8;
    23528 : B9;
    23529 : 43;
    23530 : 20;
    23531 : AD;
    23532 : A9;
    23533 : 22;
    23534 : 63;
    23535 : A0;
    23536 : B9;
    23537 : 39;
    23538 : 58;
    23539 : B1;
    23540 : B0;
    23541 : 72;
    23542 : 30;
    23543 : CB;
    23544 : C0;
    23545 : 11;
    23546 : 38;
    23547 : C0;
    23548 : 98;
    23549 : 29;
    23550 : 3A;
    23551 : F1;
    23552 : 99;
    23553 : 70;
    23554 : 10;
    23555 : C8;
    23556 : 90;
    23557 : 31;
    23558 : 31;
    23559 : D2;
    23560 : A8;
    23561 : 4B;
    23562 : 80;
    23563 : C4;
    23564 : 99;
    23565 : 59;
    23566 : 08;
    23567 : C0;
    23568 : 88;
    23569 : 28;
    23570 : 12;
    23571 : A4;
    23572 : 9B;
    23573 : 2B;
    23574 : 12;
    23575 : B7;
    23576 : 0A;
    23577 : 7A;
    23578 : 81;
    23579 : B1;
    23580 : 8A;
    23581 : 29;
    23582 : 23;
    23583 : 93;
    23584 : AE;
    23585 : 8C;
    23586 : 02;
    23587 : 05;
    23588 : 0B;
    23589 : 2A;
    23590 : 85;
    23591 : 90;
    23592 : 9C;
    23593 : 28;
    23594 : 33;
    23595 : 53;
    23596 : AB;
    23597 : A9;
    23598 : 15;
    23599 : 23;
    23600 : AD;
    23601 : 10;
    23602 : 85;
    23603 : 88;
    23604 : AD;
    23605 : 01;
    23606 : 51;
    23607 : 08;
    23608 : E9;
    23609 : 88;
    23610 : 28;
    23611 : 30;
    23612 : AC;
    23613 : 08;
    23614 : 23;
    23615 : 1A;
    23616 : FA;
    23617 : 10;
    23618 : 30;
    23619 : 30;
    23620 : F8;
    23621 : B8;
    23622 : 48;
    23623 : 41;
    23624 : B0;
    23625 : 08;
    23626 : 31;
    23627 : 9B;
    23628 : FA;
    23629 : 0C;
    23630 : 49;
    23631 : 10;
    23632 : D2;
    23633 : 99;
    23634 : 3B;
    23635 : 32;
    23636 : D3;
    23637 : 09;
    23638 : 49;
    23639 : 88;
    23640 : B4;
    23641 : 1C;
    23642 : 49;
    23643 : 13;
    23644 : 96;
    23645 : 9A;
    23646 : 1C;
    23647 : 11;
    23648 : 95;
    23649 : 0A;
    23650 : 19;
    23651 : 81;
    23652 : 83;
    23653 : 8F;
    23654 : 0A;
    23655 : 85;
    23656 : 14;
    23657 : 8C;
    23658 : 9B;
    23659 : 12;
    23660 : 15;
    23661 : 8A;
    23662 : 99;
    23663 : 84;
    23664 : 32;
    23665 : 9F;
    23666 : 99;
    23667 : 03;
    23668 : 63;
    23669 : B9;
    23670 : BA;
    23671 : 10;
    23672 : 53;
    23673 : A9;
    23674 : AA;
    23675 : 11;
    23676 : 61;
    23677 : B8;
    23678 : BB;
    23679 : 31;
    23680 : 56;
    23681 : A0;
    23682 : AC;
    23683 : 18;
    23684 : 43;
    23685 : A2;
    23686 : AB;
    23687 : 08;
    23688 : 34;
    23689 : A3;
    23690 : AF;
    23691 : 09;
    23692 : 53;
    23693 : 83;
    23694 : AE;
    23695 : 89;
    23696 : 23;
    23697 : 13;
    23698 : AD;
    23699 : 99;
    23700 : 33;
    23701 : 13;
    23702 : BE;
    23703 : 99;
    23704 : 44;
    23705 : 23;
    23706 : BD;
    23707 : 9A;
    23708 : 33;
    23709 : 43;
    23710 : DB;
    23711 : 99;
    23712 : 41;
    23713 : 31;
    23714 : EB;
    23715 : 99;
    23716 : 41;
    23717 : 32;
    23718 : EA;
    23719 : A9;
    23720 : 40;
    23721 : 31;
    23722 : C8;
    23723 : A9;
    23724 : 40;
    23725 : 31;
    23726 : D0;
    23727 : 8B;
    23728 : 48;
    23729 : 03;
    23730 : D2;
    23731 : AA;
    23732 : 49;
    23733 : 03;
    23734 : F1;
    23735 : 0A;
    23736 : 19;
    23737 : 21;
    23738 : A3;
    23739 : 0A;
    23740 : 79;
    23741 : 02;
    23742 : A1;
    23743 : 9B;
    23744 : 0C;
    23745 : 10;
    23746 : A3;
    23747 : AF;
    23748 : 28;
    23749 : 14;
    23750 : 83;
    23751 : 9D;
    23752 : 9B;
    23753 : 54;
    23754 : 82;
    23755 : AB;
    23756 : 9B;
    23757 : 16;
    23758 : 82;
    23759 : 8B;
    23760 : 8A;
    23761 : 22;
    23762 : 04;
    23763 : AF;
    23764 : 19;
    23765 : 33;
    23766 : 13;
    23767 : BD;
    23768 : 89;
    23769 : 34;
    23770 : 21;
    23771 : CA;
    23772 : AB;
    23773 : 43;
    23774 : 81;
    23775 : AD;
    23776 : AB;
    23777 : 52;
    23778 : 13;
    23779 : EA;
    23780 : 19;
    23781 : 23;
    23782 : 14;
    23783 : A9;
    23784 : CA;
    23785 : 48;
    23786 : 41;
    23787 : E9;
    23788 : 9A;
    23789 : 42;
    23790 : 01;
    23791 : B8;
    23792 : 9B;
    23793 : 40;
    23794 : 23;
    23795 : CA;
    23796 : 9C;
    23797 : 51;
    23798 : 21;
    23799 : B8;
    23800 : CA;
    23801 : 50;
    23802 : 23;
    23803 : D9;
    23804 : AB;
    23805 : 38;
    23806 : 32;
    23807 : A8;
    23808 : BA;
    23809 : 50;
    23810 : 44;
    23811 : B1;
    23812 : BC;
    23813 : 48;
    23814 : 21;
    23815 : E0;
    23816 : A9;
    23817 : 38;
    23818 : 43;
    23819 : C8;
    23820 : 99;
    23821 : 49;
    23822 : 22;
    23823 : D0;
    23824 : A8;
    23825 : 49;
    23826 : 52;
    23827 : B1;
    23828 : 9A;
    23829 : 38;
    23830 : 11;
    23831 : F0;
    23832 : 9A;
    23833 : 28;
    23834 : 31;
    23835 : D3;
    23836 : A9;
    23837 : 58;
    23838 : 31;
    23839 : E1;
    23840 : 99;
    23841 : 29;
    23842 : 32;
    23843 : D3;
    23844 : 9A;
    23845 : 2A;
    23846 : 21;
    23847 : B5;
    23848 : 9B;
    23849 : 4B;
    23850 : 32;
    23851 : B5;
    23852 : 9C;
    23853 : 3A;
    23854 : 12;
    23855 : A6;
    23856 : 89;
    23857 : 3A;
    23858 : 03;
    23859 : D1;
    23860 : 8C;
    23861 : 09;
    23862 : 03;
    23863 : 95;
    23864 : 8D;
    23865 : 29;
    23866 : 11;
    23867 : A4;
    23868 : 9A;
    23869 : 49;
    23870 : 22;
    23871 : B2;
    23872 : AD;
    23873 : 2A;
    23874 : 33;
    23875 : 96;
    23876 : 8B;
    23877 : 3A;
    23878 : 03;
    23879 : B5;
    23880 : 9B;
    23881 : 2C;
    23882 : 23;
    23883 : 94;
    23884 : AB;
    23885 : 4B;
    23886 : 31;
    23887 : 97;
    23888 : AA;
    23889 : 2D;
    23890 : 91;
    23891 : C2;
    23892 : 89;
    23893 : 2D;
    23894 : 10;
    23895 : A4;
    23896 : 10;
    23897 : 3C;
    23898 : 02;
    23899 : B5;
    23900 : 0C;
    23901 : 3C;
    23902 : 90;
    23903 : A3;
    23904 : 0A;
    23905 : 4C;
    23906 : 82;
    23907 : A5;
    23908 : 0B;
    23909 : 1C;
    23910 : 93;
    23911 : 86;
    23912 : 1B;
    23913 : 0C;
    23914 : 82;
    23915 : 93;
    23916 : 1B;
    23917 : 3A;
    23918 : 96;
    23919 : A3;
    23920 : 1C;
    23921 : 1B;
    23922 : 83;
    23923 : 04;
    23924 : 1B;
    23925 : 1F;
    23926 : 92;
    23927 : A1;
    23928 : 2C;
    23929 : 2A;
    23930 : A6;
    23931 : 91;
    23932 : 3B;
    23933 : 29;
    23934 : A4;
    23935 : 94;
    23936 : 0C;
    23937 : 39;
    23938 : 94;
    23939 : B1;
    23940 : 1E;
    23941 : 00;
    23942 : 93;
    23943 : A1;
    23944 : 1F;
    23945 : 1A;
    23946 : 92;
    23947 : B2;
    23948 : 1D;
    23949 : 2A;
    23950 : 84;
    23951 : B2;
    23952 : 2C;
    23953 : 1B;
    23954 : C4;
    23955 : 81;
    23956 : 2C;
    23957 : 4A;
    23958 : A5;
    23959 : 81;
    23960 : 2C;
    23961 : 0A;
    23962 : 84;
    23963 : 91;
    23964 : 5B;
    23965 : 18;
    23966 : A4;
    23967 : 90;
    23968 : 0F;
    23969 : 80;
    23970 : 94;
    23971 : 80;
    23972 : 1C;
    23973 : 08;
    23974 : 84;
    23975 : 00;
    23976 : 0E;
    23977 : 00;
    23978 : 84;
    23979 : 80;
    23980 : 0C;
    23981 : 90;
    23982 : 84;
    23983 : 28;
    23984 : 8C;
    23985 : A8;
    23986 : 04;
    23987 : 08;
    23988 : 9D;
    23989 : 02;
    23990 : 05;
    23991 : 08;
    23992 : 9A;
    23993 : 81;
    23994 : 04;
    23995 : 1B;
    23996 : BB;
    23997 : 00;
    23998 : 42;
    23999 : CA;
    24000 : 9D;
    24001 : 10;
    24002 : 43;
    24003 : 88;
    24004 : C0;
    24005 : 29;
    24006 : 32;
    24007 : C1;
    24008 : BB;
    24009 : 0F;
    24010 : 21;
    24011 : B3;
    24012 : B8;
    24013 : 2F;
    24014 : 22;
    24015 : D3;
    24016 : A0;
    24017 : 4C;
    24018 : 11;
    24019 : 83;
    24020 : 10;
    24021 : 1D;
    24022 : 90;
    24023 : 94;
    24024 : 89;
    24025 : 0F;
    24026 : 93;
    24027 : 93;
    24028 : 29;
    24029 : 0C;
    24030 : A3;
    24031 : 85;
    24032 : 3A;
    24033 : AC;
    24034 : A4;
    24035 : 03;
    24036 : 2D;
    24037 : 9A;
    24038 : 86;
    24039 : 01;
    24040 : 1E;
    24041 : A9;
    24042 : 82;
    24043 : 10;
    24044 : 2C;
    24045 : C0;
    24046 : 94;
    24047 : 20;
    24048 : 1D;
    24049 : C0;
    24050 : 82;
    24051 : 30;
    24052 : 1C;
    24053 : D1;
    24054 : 81;
    24055 : 49;
    24056 : 0A;
    24057 : C3;
    24058 : 81;
    24059 : 6A;
    24060 : 09;
    24061 : B2;
    24062 : 01;
    24063 : 4B;
    24064 : 8A;
    24065 : A5;
    24066 : 00;
    24067 : 2C;
    24068 : 89;
    24069 : 96;
    24070 : 88;
    24071 : 2A;
    24072 : 09;
    24073 : 96;
    24074 : 00;
    24075 : 2A;
    24076 : B8;
    24077 : 07;
    24078 : 08;
    24079 : 0B;
    24080 : A0;
    24081 : 05;
    24082 : 1B;
    24083 : 8B;
    24084 : A3;
    24085 : 26;
    24086 : 8A;
    24087 : 9B;
    24088 : C2;
    24089 : 63;
    24090 : A9;
    24091 : AB;
    24092 : 93;
    24093 : 73;
    24094 : A9;
    24095 : BA;
    24096 : 12;
    24097 : 73;
    24098 : A0;
    24099 : A9;
    24100 : 00;
    24101 : 70;
    24102 : A0;
    24103 : CA;
    24104 : 20;
    24105 : 41;
    24106 : A1;
    24107 : CA;
    24108 : 19;
    24109 : 40;
    24110 : C2;
    24111 : A0;
    24112 : 0A;
    24113 : 60;
    24114 : 94;
    24115 : 90;
    24116 : 19;
    24117 : 41;
    24118 : A3;
    24119 : AC;
    24120 : 2A;
    24121 : 31;
    24122 : 97;
    24123 : 8A;
    24124 : 0C;
    24125 : 28;
    24126 : A6;
    24127 : 8A;
    24128 : 0B;
    24129 : 12;
    24130 : 87;
    24131 : 8A;
    24132 : 8B;
    24133 : 02;
    24134 : 06;
    24135 : 8B;
    24136 : 9C;
    24137 : 03;
    24138 : 15;
    24139 : 2A;
    24140 : 8A;
    24141 : 85;
    24142 : 12;
    24143 : 8C;
    24144 : BB;
    24145 : 92;
    24146 : 43;
    24147 : AD;
    24148 : CA;
    24149 : 18;
    24150 : 33;
    24151 : AC;
    24152 : A0;
    24153 : 03;
    24154 : 73;
    24155 : 0A;
    24156 : D1;
    24157 : 13;
    24158 : 61;
    24159 : A9;
    24160 : B8;
    24161 : 20;
    24162 : 61;
    24163 : B8;
    24164 : 90;
    24165 : 80;
    24166 : 51;
    24167 : 88;
    24168 : A4;
    24169 : 18;
    24170 : 50;
    24171 : B0;
    24172 : BA;
    24173 : 3A;
    24174 : 72;
    24175 : C2;
    24176 : 88;
    24177 : B9;
    24178 : 38;
    24179 : 09;
    24180 : 95;
    24181 : 8D;
    24182 : 18;
    24183 : 84;
    24184 : 9B;
    24185 : 2C;
    24186 : 51;
    24187 : B4;
    24188 : 0A;
    24189 : B9;
    24190 : 19;
    24191 : 08;
    24192 : 85;
    24193 : 9D;
    24194 : 19;
    24195 : 24;
    24196 : 9D;
    24197 : 09;
    24198 : 42;
    24199 : 95;
    24200 : 19;
    24201 : 80;
    24202 : 18;
    24203 : 08;
    24204 : 13;
    24205 : 9D;
    24206 : 0A;
    24207 : 63;
    24208 : AB;
    24209 : A9;
    24210 : 40;
    24211 : 07;
    24212 : 8A;
    24213 : 80;
    24214 : 88;
    24215 : 80;
    24216 : 33;
    24217 : AB;
    24218 : 9D;
    24219 : 71;
    24220 : A8;
    24221 : B8;
    24222 : 19;
    24223 : 17;
    24224 : 0A;
    24225 : 10;
    24226 : 89;
    24227 : 80;
    24228 : 73;
    24229 : 08;
    24230 : AA;
    24231 : 68;
    24232 : B0;
    24233 : A9;
    24234 : 09;
    24235 : 27;
    24236 : 8A;
    24237 : 00;
    24238 : B9;
    24239 : A9;
    24240 : 50;
    24241 : 19;
    24242 : CA;
    24243 : 30;
    24244 : A5;
    24245 : 8A;
    24246 : 9A;
    24247 : 47;
    24248 : 99;
    24249 : 81;
    24250 : 98;
    24251 : 8A;
    24252 : 49;
    24253 : 08;
    24254 : D8;
    24255 : 10;
    24256 : 86;
    24257 : 1A;
    24258 : BA;
    24259 : 46;
    24260 : 88;
    24261 : 01;
    24262 : 98;
    24263 : 99;
    24264 : 19;
    24265 : 81;
    24266 : F0;
    24267 : 19;
    24268 : 22;
    24269 : 8B;
    24270 : F0;
    24271 : 61;
    24272 : 80;
    24273 : 08;
    24274 : 98;
    24275 : 98;
    24276 : 8A;
    24277 : A2;
    24278 : D3;
    24279 : 2B;
    24280 : 52;
    24281 : A8;
    24282 : F1;
    24283 : 58;
    24284 : 00;
    24285 : 08;
    24286 : A8;
    24287 : 08;
    24288 : 09;
    24289 : 93;
    24290 : A2;
    24291 : 3C;
    24292 : 43;
    24293 : C2;
    24294 : E8;
    24295 : 5B;
    24296 : 01;
    24297 : 80;
    24298 : B0;
    24299 : 00;
    24300 : 8A;
    24301 : A4;
    24302 : A0;
    24303 : 8C;
    24304 : 25;
    24305 : 82;
    24306 : BA;
    24307 : 1F;
    24308 : 04;
    24309 : 01;
    24310 : C0;
    24311 : 0A;
    24312 : 8A;
    24313 : B2;
    24314 : 90;
    24315 : BB;
    24316 : 64;
    24317 : 10;
    24318 : C8;
    24319 : 1E;
    24320 : 14;
    24321 : 21;
    24322 : 91;
    24323 : 8A;
    24324 : 80;
    24325 : A2;
    24326 : 9C;
    24327 : 89;
    24328 : 72;
    24329 : 11;
    24330 : 98;
    24331 : 9F;
    24332 : 14;
    24333 : 00;
    24334 : B0;
    24335 : 9D;
    24336 : 80;
    24337 : 01;
    24338 : AA;
    24339 : 9B;
    24340 : 40;
    24341 : 98;
    24342 : 29;
    24343 : AF;
    24344 : 27;
    24345 : 10;
    24346 : 91;
    24347 : 8B;
    24348 : 01;
    24349 : 13;
    24350 : 0A;
    24351 : 8A;
    24352 : 61;
    24353 : 92;
    24354 : 2A;
    24355 : EE;
    24356 : 22;
    24357 : 10;
    24358 : A1;
    24359 : 9E;
    24360 : 00;
    24361 : 33;
    24362 : 8A;
    24363 : 99;
    24364 : 51;
    24365 : 82;
    24366 : A9;
    24367 : FA;
    24368 : 39;
    24369 : 11;
    24370 : A2;
    24371 : BE;
    24372 : 08;
    24373 : 30;
    24374 : 9C;
    24375 : 99;
    24376 : 61;
    24377 : 12;
    24378 : 80;
    24379 : F9;
    24380 : 39;
    24381 : 11;
    24382 : 03;
    24383 : AB;
    24384 : 29;
    24385 : 71;
    24386 : C9;
    24387 : 89;
    24388 : 38;
    24389 : 03;
    24390 : A2;
    24391 : F0;
    24392 : 3A;
    24393 : 23;
    24394 : 14;
    24395 : AC;
    24396 : 8B;
    24397 : 40;
    24398 : D9;
    24399 : 89;
    24400 : 49;
    24401 : 04;
    24402 : 01;
    24403 : C0;
    24404 : 2B;
    24405 : 14;
    24406 : 23;
    24407 : BC;
    24408 : 99;
    24409 : 41;
    24410 : D1;
    24411 : 8B;
    24412 : 0B;
    24413 : 04;
    24414 : 80;
    24415 : 99;
    24416 : 0F;
    24417 : 13;
    24418 : 33;
    24419 : FB;
    24420 : 88;
    24421 : 38;
    24422 : B1;
    24423 : 8C;
    24424 : 08;
    24425 : 06;
    24426 : 00;
    24427 : 9A;
    24428 : 8D;
    24429 : 23;
    24430 : 52;
    24431 : C8;
    24432 : 18;
    24433 : 39;
    24434 : B4;
    24435 : 9B;
    24436 : A8;
    24437 : 06;
    24438 : 30;
    24439 : 88;
    24440 : BB;
    24441 : 24;
    24442 : 30;
    24443 : F8;
    24444 : 1B;
    24445 : 39;
    24446 : 95;
    24447 : AA;
    24448 : 91;
    24449 : 34;
    24450 : 29;
    24451 : D8;
    24452 : BC;
    24453 : 10;
    24454 : 50;
    24455 : B1;
    24456 : 29;
    24457 : 22;
    24458 : 17;
    24459 : BA;
    24460 : 88;
    24461 : 50;
    24462 : 18;
    24463 : 93;
    24464 : DB;
    24465 : 18;
    24466 : 18;
    24467 : F2;
    24468 : 9B;
    24469 : 00;
    24470 : 22;
    24471 : DB;
    24472 : 99;
    24473 : 48;
    24474 : 00;
    24475 : 13;
    24476 : BD;
    24477 : 10;
    24478 : 00;
    24479 : 97;
    24480 : 08;
    24481 : 10;
    24482 : 33;
    24483 : F9;
    24484 : 08;
    24485 : 3A;
    24486 : 85;
    24487 : 11;
    24488 : BA;
    24489 : 00;
    24490 : 14;
    24491 : 87;
    24492 : 1A;
    24493 : 0A;
    24494 : 01;
    24495 : A2;
    24496 : 0B;
    24497 : 2A;
    24498 : B2;
    24499 : 70;
    24500 : FB;
    24501 : 90;
    24502 : 19;
    24503 : 21;
    24504 : AA;
    24505 : A0;
    24506 : 9B;
    24507 : CC;
    24508 : 89;
    24509 : 18;
    24510 : 07;
    24511 : 6A;
    24512 : B0;
    24513 : 42;
    24514 : 88;
    24515 : 19;
    24516 : 92;
    24517 : B2;
    24518 : 69;
    24519 : 1B;
    24520 : CA;
    24521 : 50;
    24522 : 99;
    24523 : 8A;
    24524 : C4;
    24525 : 20;
    24526 : 28;
    24527 : 3A;
    24528 : D0;
    24529 : 63;
    24530 : 0A;
    24531 : B0;
    24532 : 80;
    24533 : C0;
    24534 : 30;
    24535 : 1C;
    24536 : E3;
    24537 : 6A;
    24538 : A2;
    24539 : 08;
    24540 : 11;
    24541 : 14;
    24542 : 3B;
    24543 : A8;
    24544 : B2;
    24545 : 4D;
    24546 : 95;
    24547 : 90;
    24548 : 01;
    24549 : 0B;
    24550 : 8A;
    24551 : AA;
    24552 : C0;
    24553 : 79;
    24554 : A1;
    24555 : A9;
    24556 : 18;
    24557 : 9A;
    24558 : 29;
    24559 : 86;
    24560 : A4;
    24561 : 8F;
    24562 : 94;
    24563 : 8A;
    24564 : 09;
    24565 : 22;
    24566 : 8D;
    24567 : A2;
    24568 : 80;
    24569 : AC;
    24570 : 06;
    24571 : 28;
    24572 : 20;
    24573 : 19;
    24574 : 19;
    24575 : B8;
    24576 : 22;
    24577 : 38;
    24578 : 87;
    24579 : AA;
    24580 : 1B;
    24581 : B8;
    24582 : 0B;
    24583 : 37;
    24584 : 43;
    24585 : AC;
    24586 : 26;
    24587 : AB;
    24588 : 08;
    24589 : 41;
    24590 : C8;
    24591 : 82;
    24592 : 39;
    24593 : FA;
    24594 : 21;
    24595 : 08;
    24596 : 81;
    24597 : 80;
    24598 : 80;
    24599 : D1;
    24600 : 09;
    24601 : 20;
    24602 : 35;
    24603 : 9A;
    24604 : 1D;
    24605 : C2;
    24606 : C9;
    24607 : 20;
    24608 : 01;
    24609 : FA;
    24610 : 58;
    24611 : B8;
    24612 : 99;
    24613 : 48;
    24614 : A2;
    24615 : 29;
    24616 : 1B;
    24617 : F3;
    24618 : 3A;
    24619 : 10;
    24620 : 02;
    24621 : A1;
    24622 : 80;
    24623 : 02;
    24624 : 0D;
    24625 : 11;
    24626 : 73;
    24627 : 90;
    24628 : B9;
    24629 : 96;
    24630 : 9B;
    24631 : 5A;
    24632 : 12;
    24633 : B1;
    24634 : 7B;
    24635 : A2;
    24636 : 9A;
    24637 : 29;
    24638 : 97;
    24639 : 1A;
    24640 : 88;
    24641 : 82;
    24642 : 0F;
    24643 : 81;
    24644 : 02;
    24645 : 08;
    24646 : 08;
    24647 : 08;
    24648 : AC;
    24649 : 09;
    24650 : 31;
    24651 : A1;
    24652 : AC;
    24653 : 15;
    24654 : AD;
    24655 : 0B;
    24656 : 17;
    24657 : 88;
    24658 : 8B;
    24659 : 87;
    24660 : 99;
    24661 : 19;
    24662 : 15;
    24663 : 0B;
    24664 : 90;
    24665 : 22;
    24666 : 9F;
    24667 : 02;
    24668 : 01;
    24669 : 88;
    24670 : 09;
    24671 : 80;
    24672 : DA;
    24673 : 49;
    24674 : 02;
    24675 : 82;
    24676 : B9;
    24677 : 71;
    24678 : 88;
    24679 : 9A;
    24680 : 16;
    24681 : 81;
    24682 : 9B;
    24683 : 17;
    24684 : B9;
    24685 : 8A;
    24686 : 52;
    24687 : A9;
    24688 : 90;
    24689 : 41;
    24690 : FA;
    24691 : 18;
    24692 : 10;
    24693 : 98;
    24694 : 98;
    24695 : B0;
    24696 : AA;
    24697 : 1A;
    24698 : 27;
    24699 : 30;
    24700 : 99;
    24701 : 38;
    24702 : 93;
    24703 : AA;
    24704 : 47;
    24705 : 02;
    24706 : C9;
    24707 : 59;
    24708 : CA;
    24709 : AB;
    24710 : 31;
    24711 : C1;
    24712 : 88;
    24713 : 29;
    24714 : E1;
    24715 : 2A;
    24716 : 01;
    24717 : 12;
    24718 : 22;
    24719 : 05;
    24720 : B8;
    24721 : 9C;
    24722 : 63;
    24723 : 31;
    24724 : 02;
    24725 : 8B;
    24726 : D0;
    24727 : DA;
    24728 : 29;
    24729 : 23;
    24730 : 13;
    24731 : 79;
    24732 : A2;
    24733 : BC;
    24734 : 28;
    24735 : 85;
    24736 : 19;
    24737 : 89;
    24738 : A2;
    24739 : 8F;
    24740 : 80;
    24741 : 91;
    24742 : 00;
    24743 : 22;
    24744 : AB;
    24745 : FB;
    24746 : 10;
    24747 : 81;
    24748 : 01;
    24749 : CB;
    24750 : 88;
    24751 : A1;
    24752 : 0F;
    24753 : 81;
    24754 : 01;
    24755 : 8B;
    24756 : 84;
    24757 : FA;
    24758 : 59;
    24759 : 33;
    24760 : 89;
    24761 : A9;
    24762 : 19;
    24763 : D9;
    24764 : 42;
    24765 : 00;
    24766 : 10;
    24767 : 42;
    24768 : AB;
    24769 : F0;
    24770 : 49;
    24771 : 01;
    24772 : 12;
    24773 : D8;
    24774 : 0B;
    24775 : 00;
    24776 : 88;
    24777 : 12;
    24778 : 45;
    24779 : 91;
    24780 : 20;
    24781 : F9;
    24782 : 1C;
    24783 : 32;
    24784 : 91;
    24785 : A1;
    24786 : 0B;
    24787 : C8;
    24788 : 2A;
    24789 : B0;
    24790 : 48;
    24791 : 34;
    24792 : F1;
    24793 : A8;
    24794 : 0D;
    24795 : 82;
    24796 : 40;
    24797 : A1;
    24798 : 9C;
    24799 : 00;
    24800 : A8;
    24801 : 89;
    24802 : 10;
    24803 : 84;
    24804 : 08;
    24805 : C1;
    24806 : AF;
    24807 : 32;
    24808 : 16;
    24809 : 00;
    24810 : AA;
    24811 : 81;
    24812 : 4B;
    24813 : 83;
    24814 : 18;
    24815 : 14;
    24816 : D2;
    24817 : 0C;
    24818 : 9D;
    24819 : 23;
    24820 : 51;
    24821 : 03;
    24822 : BB;
    24823 : 89;
    24824 : A0;
    24825 : 89;
    24826 : 10;
    24827 : 34;
    24828 : 9C;
    24829 : 99;
    24830 : FF;
    24831 : 10;
    24832 : 22;
    24833 : 11;
    24834 : B8;
    24835 : 19;
    24836 : 8C;
    24837 : 84;
    24838 : 18;
    24839 : 43;
    24840 : 92;
    24841 : 8E;
    24842 : EA;
    24843 : 00;
    24844 : 08;
    24845 : 33;
    24846 : D9;
    24847 : 89;
    24848 : 08;
    24849 : 98;
    24850 : 18;
    24851 : 72;
    24852 : 00;
    24853 : 82;
    24854 : F8;
    24855 : 1C;
    24856 : 21;
    24857 : 03;
    24858 : B2;
    24859 : 9D;
    24860 : 18;
    24861 : A0;
    24862 : 8C;
    24863 : 41;
    24864 : 26;
    24865 : 08;
    24866 : A2;
    24867 : 0B;
    24868 : B8;
    24869 : 24;
    24870 : F9;
    24871 : 8C;
    24872 : 88;
    24873 : 21;
    24874 : 10;
    24875 : 52;
    24876 : 01;
    24877 : AA;
    24878 : 0C;
    24879 : 88;
    24880 : 22;
    24881 : E0;
    24882 : 85;
    24883 : 8C;
    24884 : 20;
    24885 : 19;
    24886 : C9;
    24887 : 48;
    24888 : 90;
    24889 : 80;
    24890 : D3;
    24891 : 39;
    24892 : 88;
    24893 : 79;
    24894 : 32;
    24895 : 19;
    24896 : AC;
    24897 : 9A;
    24898 : 81;
    24899 : CC;
    24900 : 28;
    24901 : 11;
    24902 : 83;
    24903 : 9E;
    24904 : 19;
    24905 : 45;
    24906 : 91;
    24907 : 9A;
    24908 : 13;
    24909 : C1;
    24910 : 8C;
    24911 : 3C;
    24912 : A6;
    24913 : A8;
    24914 : 40;
    24915 : 82;
    24916 : 09;
    24917 : 18;
    24918 : 43;
    24919 : E9;
    24920 : 89;
    24921 : 12;
    24922 : 21;
    24923 : DA;
    24924 : 81;
    24925 : 11;
    24926 : 0C;
    24927 : A9;
    24928 : 21;
    24929 : 96;
    24930 : BA;
    24931 : DA;
    24932 : 41;
    24933 : A8;
    24934 : 38;
    24935 : 41;
    24936 : 03;
    24937 : BF;
    24938 : 29;
    24939 : B0;
    24940 : 99;
    24941 : 30;
    24942 : 37;
    24943 : A9;
    24944 : AC;
    24945 : 68;
    24946 : 88;
    24947 : 82;
    24948 : 10;
    24949 : A0;
    24950 : A9;
    24951 : 1A;
    24952 : 72;
    24953 : 12;
    24954 : 11;
    24955 : A9;
    24956 : 92;
    24957 : DE;
    24958 : 88;
    24959 : 23;
    24960 : 10;
    24961 : 1A;
    24962 : 18;
    24963 : 90;
    24964 : DF;
    24965 : 22;
    24966 : 84;
    24967 : A8;
    24968 : 0B;
    24969 : 40;
    24970 : C0;
    24971 : 08;
    24972 : 42;
    24973 : B0;
    24974 : 18;
    24975 : 99;
    24976 : 8B;
    24977 : F1;
    24978 : 41;
    24979 : 02;
    24980 : A9;
    24981 : B9;
    24982 : 1F;
    24983 : 27;
    24984 : 9A;
    24985 : 08;
    24986 : A1;
    24987 : 9A;
    24988 : 99;
    24989 : 41;
    24990 : 22;
    24991 : AF;
    24992 : 11;
    24993 : A1;
    24994 : 8A;
    24995 : 02;
    24996 : 64;
    24997 : A3;
    24998 : 8C;
    24999 : 01;
    25000 : AC;
    25001 : 52;
    25002 : 00;
    25003 : 90;
    25004 : F8;
    25005 : 08;
    25006 : 01;
    25007 : 10;
    25008 : 01;
    25009 : 0B;
    25010 : 37;
    25011 : C9;
    25012 : 88;
    25013 : 80;
    25014 : 39;
    25015 : 82;
    25016 : 0A;
    25017 : 94;
    25018 : EF;
    25019 : 30;
    25020 : 91;
    25021 : 10;
    25022 : C8;
    25023 : 21;
    25024 : A2;
    25025 : 1E;
    25026 : 12;
    25027 : BB;
    25028 : 20;
    25029 : A9;
    25030 : 32;
    25031 : FA;
    25032 : 39;
    25033 : 82;
    25034 : 18;
    25035 : A1;
    25036 : AF;
    25037 : 62;
    25038 : B0;
    25039 : 21;
    25040 : C8;
    25041 : 08;
    25042 : 92;
    25043 : 6A;
    25044 : 03;
    25045 : AD;
    25046 : 02;
    25047 : 88;
    25048 : 11;
    25049 : FA;
    25050 : 40;
    25051 : 92;
    25052 : 0B;
    25053 : 82;
    25054 : 9C;
    25055 : 23;
    25056 : 89;
    25057 : 35;
    25058 : E8;
    25059 : 19;
    25060 : 90;
    25061 : 4A;
    25062 : 83;
    25063 : 8C;
    25064 : 13;
    25065 : BD;
    25066 : 22;
    25067 : D9;
    25068 : 31;
    25069 : B1;
    25070 : 49;
    25071 : 83;
    25072 : AF;
    25073 : 10;
    25074 : 08;
    25075 : 24;
    25076 : FA;
    25077 : 10;
    25078 : 90;
    25079 : 1A;
    25080 : 03;
    25081 : 2B;
    25082 : 01;
    25083 : 9D;
    25084 : 34;
    25085 : DA;
    25086 : 20;
    25087 : A2;
    25088 : 40;
    25089 : C0;
    25090 : 1C;
    25091 : 02;
    25092 : 9A;
    25093 : 34;
    25094 : CA;
    25095 : 21;
    25096 : E9;
    25097 : 29;
    25098 : 84;
    25099 : 1A;
    25100 : 81;
    25101 : 8C;
    25102 : 14;
    25103 : DB;
    25104 : 33;
    25105 : A0;
    25106 : 18;
    25107 : B1;
    25108 : 2C;
    25109 : B2;
    25110 : 0F;
    25111 : 34;
    25112 : 99;
    25113 : 80;
    25114 : B9;
    25115 : 41;
    25116 : D2;
    25117 : 49;
    25118 : 02;
    25119 : AB;
    25120 : 20;
    25121 : AE;
    25122 : 23;
    25123 : C8;
    25124 : 30;
    25125 : D2;
    25126 : 09;
    25127 : B1;
    25128 : 2B;
    25129 : 17;
    25130 : 9B;
    25131 : 23;
    25132 : B8;
    25133 : 1A;
    25134 : F0;
    25135 : 40;
    25136 : A2;
    25137 : AA;
    25138 : 22;
    25139 : 8C;
    25140 : 13;
    25141 : 98;
    25142 : 71;
    25143 : E1;
    25144 : 29;
    25145 : 92;
    25146 : 88;
    25147 : 11;
    25148 : 0B;
    25149 : 06;
    25150 : AB;
    25151 : 20;
    25152 : C0;
    25153 : 41;
    25154 : 91;
    25155 : 0A;
    25156 : 83;
    25157 : AF;
    25158 : 22;
    25159 : 08;
    25160 : 21;
    25161 : F8;
    25162 : 29;
    25163 : B2;
    25164 : 8A;
    25165 : 23;
    25166 : 0D;
    25167 : 83;
    25168 : 9D;
    25169 : 21;
    25170 : F9;
    25171 : 28;
    25172 : 84;
    25173 : 00;
    25174 : A9;
    25175 : 0C;
    25176 : 04;
    25177 : 89;
    25178 : 40;
    25179 : C0;
    25180 : 20;
    25181 : B8;
    25182 : 18;
    25183 : 84;
    25184 : 0E;
    25185 : 13;
    25186 : 8A;
    25187 : 01;
    25188 : FA;
    25189 : 48;
    25190 : 92;
    25191 : 80;
    25192 : 08;
    25193 : 0D;
    25194 : 82;
    25195 : 0A;
    25196 : 53;
    25197 : D8;
    25198 : 1A;
    25199 : 02;
    25200 : 20;
    25201 : 98;
    25202 : 0C;
    25203 : 17;
    25204 : AA;
    25205 : 10;
    25206 : C0;
    25207 : 49;
    25208 : 90;
    25209 : 31;
    25210 : A0;
    25211 : 9F;
    25212 : 11;
    25213 : 08;
    25214 : 22;
    25215 : F9;
    25216 : 3A;
    25217 : 91;
    25218 : 89;
    25219 : 80;
    25220 : 1A;
    25221 : 06;
    25222 : 9B;
    25223 : 42;
    25224 : C9;
    25225 : 1B;
    25226 : 04;
    25227 : 33;
    25228 : FA;
    25229 : 8A;
    25230 : 14;
    25231 : 99;
    25232 : 00;
    25233 : 92;
    25234 : 08;
    25235 : C9;
    25236 : 61;
    25237 : A1;
    25238 : 9C;
    25239 : 20;
    25240 : 90;
    25241 : 16;
    25242 : 99;
    25243 : 49;
    25244 : 82;
    25245 : 30;
    25246 : 98;
    25247 : 0B;
    25248 : B3;
    25249 : EB;
    25250 : 62;
    25251 : C1;
    25252 : BB;
    25253 : 30;
    25254 : 69;
    25255 : C1;
    25256 : 0A;
    25257 : 31;
    25258 : B9;
    25259 : 09;
    25260 : B3;
    25261 : 70;
    25262 : AA;
    25263 : 28;
    25264 : 87;
    25265 : 89;
    25266 : A1;
    25267 : 88;
    25268 : 70;
    25269 : B9;
    25270 : 89;
    25271 : 01;
    25272 : 02;
    25273 : C0;
    25274 : 2E;
    25275 : 21;
    25276 : E0;
    25277 : 29;
    25278 : 98;
    25279 : 23;
    25280 : 92;
    25281 : 6B;
    25282 : B3;
    25283 : 39;
    25284 : A1;
    25285 : 9D;
    25286 : 53;
    25287 : 01;
    25288 : 99;
    25289 : BA;
    25290 : 70;
    25291 : 91;
    25292 : BA;
    25293 : 62;
    25294 : 91;
    25295 : 0A;
    25296 : C8;
    25297 : 79;
    25298 : B1;
    25299 : 89;
    25300 : 02;
    25301 : 30;
    25302 : D8;
    25303 : 8C;
    25304 : 30;
    25305 : 82;
    25306 : E9;
    25307 : 18;
    25308 : 61;
    25309 : A8;
    25310 : 8A;
    25311 : 21;
    25312 : 94;
    25313 : AB;
    25314 : 3A;
    25315 : 25;
    25316 : D8;
    25317 : 0C;
    25318 : 90;
    25319 : 14;
    25320 : 0A;
    25321 : 0C;
    25322 : 23;
    25323 : 90;
    25324 : 99;
    25325 : 98;
    25326 : 43;
    25327 : EA;
    25328 : 39;
    25329 : 30;
    25330 : E1;
    25331 : 99;
    25332 : 40;
    25333 : 31;
    25334 : CA;
    25335 : 19;
    25336 : 13;
    25337 : 50;
    25338 : C9;
    25339 : 11;
    25340 : 2B;
    25341 : 28;
    25342 : D4;
    25343 : 18;
    25344 : 10;
    25345 : A1;
    25346 : 09;
    25347 : 1B;
    25348 : 97;
    25349 : A8;
    25350 : 29;
    25351 : 27;
    25352 : 98;
    25353 : AA;
    25354 : 9A;
    25355 : 35;
    25356 : BB;
    25357 : B1;
    25358 : 08;
    25359 : 43;
    25360 : BE;
    25361 : 11;
    25362 : 30;
    25363 : 9B;
    25364 : BF;
    25365 : 35;
    25366 : 01;
    25367 : AE;
    25368 : 08;
    25369 : 25;
    25370 : A9;
    25371 : 9A;
    25372 : 31;
    25373 : 14;
    25374 : BB;
    25375 : 00;
    25376 : 21;
    25377 : B4;
    25378 : 1B;
    25379 : 78;
    25380 : 02;
    25381 : AB;
    25382 : 4A;
    25383 : 81;
    25384 : B4;
    25385 : 9D;
    25386 : 51;
    25387 : 81;
    25388 : BA;
    25389 : 19;
    25390 : 41;
    25391 : E2;
    25392 : 1A;
    25393 : 59;
    25394 : 91;
    25395 : C0;
    25396 : 18;
    25397 : 28;
    25398 : A1;
    25399 : 8B;
    25400 : 19;
    25401 : 10;
    25402 : B5;
    25403 : E1;
    25404 : 10;
    25405 : 7A;
    25406 : 90;
    25407 : B1;
    25408 : 38;
    25409 : 28;
    25410 : D2;
    25411 : 82;
    25412 : 3A;
    25413 : 8B;
    25414 : D2;
    25415 : A3;
    25416 : 70;
    25417 : 0A;
    25418 : A0;
    25419 : 01;
    25420 : 00;
    25421 : CD;
    25422 : 11;
    25423 : 16;
    25424 : 8A;
    25425 : 9C;
    25426 : 11;
    25427 : 96;
    25428 : 9A;
    25429 : 2B;
    25430 : 24;
    25431 : A1;
    25432 : 8E;
    25433 : 80;
    25434 : 14;
    25435 : 8A;
    25436 : 2C;
    25437 : 02;
    25438 : A2;
    25439 : 8B;
    25440 : 29;
    25441 : 05;
    25442 : B9;
    25443 : 2C;
    25444 : 50;
    25445 : C2;
    25446 : 8A;
    25447 : 60;
    25448 : 10;
    25449 : BA;
    25450 : 80;
    25451 : 44;
    25452 : A8;
    25453 : AB;
    25454 : 35;
    25455 : 00;
    25456 : BC;
    25457 : A9;
    25458 : 52;
    25459 : 31;
    25460 : DB;
    25461 : 98;
    25462 : 89;
    25463 : 11;
    25464 : DB;
    25465 : 30;
    25466 : 23;
    25467 : 40;
    25468 : B0;
    25469 : D0;
    25470 : 03;
    25471 : 0B;
    25472 : 10;
    25473 : A3;
    25474 : 73;
    25475 : 89;
    25476 : B9;
    25477 : B0;
    25478 : 9D;
    25479 : 18;
    25480 : 84;
    25481 : 47;
    25482 : 89;
    25483 : 09;
    25484 : 83;
    25485 : BC;
    25486 : 8A;
    25487 : 54;
    25488 : 86;
    25489 : BB;
    25490 : 18;
    25491 : 18;
    25492 : B1;
    25493 : CB;
    25494 : 70;
    25495 : 02;
    25496 : C0;
    25497 : 89;
    25498 : 08;
    25499 : 13;
    25500 : B0;
    25501 : 79;
    25502 : 00;
    25503 : AA;
    25504 : 90;
    25505 : 39;
    25506 : 94;
    25507 : 9E;
    25508 : 62;
    25509 : 08;
    25510 : AA;
    25511 : 88;
    25512 : 43;
    25513 : 90;
    25514 : 8B;
    25515 : 03;
    25516 : A1;
    25517 : 00;
    25518 : AF;
    25519 : 24;
    25520 : 01;
    25521 : 0B;
    25522 : D9;
    25523 : 01;
    25524 : 13;
    25525 : AF;
    25526 : 20;
    25527 : 08;
    25528 : 11;
    25529 : CA;
    25530 : 29;
    25531 : 86;
    25532 : 18;
    25533 : 93;
    25534 : AE;
    25535 : 13;
    25536 : 99;
    25537 : 11;
    25538 : 00;
    25539 : 22;
    25540 : D0;
    25541 : 1C;
    25542 : 06;
    25543 : BB;
    25544 : 51;
    25545 : 00;
    25546 : 91;
    25547 : 9C;
    25548 : 59;
    25549 : A2;
    25550 : 9B;
    25551 : 39;
    25552 : 19;
    25553 : 96;
    25554 : AE;
    25555 : 40;
    25556 : 01;
    25557 : 88;
    25558 : BA;
    25559 : 70;
    25560 : 02;
    25561 : BB;
    25562 : 12;
    25563 : 30;
    25564 : A8;
    25565 : AC;
    25566 : 32;
    25567 : C1;
    25568 : 0F;
    25569 : 23;
    25570 : A8;
    25571 : 90;
    25572 : 8D;
    25573 : 25;
    25574 : B1;
    25575 : 09;
    25576 : 82;
    25577 : 22;
    25578 : F0;
    25579 : 9B;
    25580 : 43;
    25581 : 98;
    25582 : D2;
    25583 : 88;
    25584 : 41;
    25585 : C1;
    25586 : 89;
    25587 : 11;
    25588 : 18;
    25589 : 95;
    25590 : BA;
    25591 : A3;
    25592 : 19;
    25593 : 01;
    25594 : F8;
    25595 : 1E;
    25596 : 32;
    25597 : 89;
    25598 : A1;
    25599 : 9B;
    25600 : 63;
    25601 : C9;
    25602 : 33;
    25603 : B1;
    25604 : 4D;
    25605 : 82;
    25606 : 29;
    25607 : C9;
    25608 : 9C;
    25609 : 24;
    25610 : 01;
    25611 : A9;
    25612 : 9E;
    25613 : 28;
    25614 : 02;
    25615 : 9D;
    25616 : 41;
    25617 : 41;
    25618 : 08;
    25619 : 9D;
    25620 : 41;
    25621 : 81;
    25622 : 0A;
    25623 : 89;
    25624 : 18;
    25625 : E1;
    25626 : 8B;
    25627 : 19;
    25628 : A1;
    25629 : 82;
    25630 : 60;
    25631 : A0;
    25632 : D0;
    25633 : 30;
    25634 : 24;
    25635 : A9;
    25636 : CA;
    25637 : 11;
    25638 : 53;
    25639 : D9;
    25640 : 89;
    25641 : 26;
    25642 : 11;
    25643 : D8;
    25644 : 89;
    25645 : 22;
    25646 : 80;
    25647 : FB;
    25648 : A9;
    25649 : 88;
    25650 : 08;
    25651 : 80;
    25652 : 00;
    25653 : 71;
    25654 : 01;
    25655 : A0;
    25656 : 88;
    25657 : 50;
    25658 : 01;
    25659 : 91;
    25660 : 10;
    25661 : 98;
    25662 : 9D;
    25663 : 92;
    25664 : 18;
    25665 : 5C;
    25666 : 80;
    25667 : 93;
    25668 : 00;
    25669 : 3E;
    25670 : 15;
    25671 : 12;
    25672 : 9B;
    25673 : 8E;
    25674 : 12;
    25675 : 90;
    25676 : 9F;
    25677 : 19;
    25678 : 25;
    25679 : A0;
    25680 : 9C;
    25681 : 28;
    25682 : 23;
    25683 : A8;
    25684 : 8C;
    25685 : 00;
    25686 : 92;
    25687 : CB;
    25688 : AA;
    25689 : AB;
    25690 : 18;
    25691 : 43;
    25692 : 88;
    25693 : DE;
    25694 : 09;
    25695 : 32;
    25696 : 93;
    25697 : F8;
    25698 : 38;
    25699 : 15;
    25700 : A8;
    25701 : 89;
    25702 : 62;
    25703 : 04;
    25704 : 98;
    25705 : 09;
    25706 : 32;
    25707 : A2;
    25708 : DA;
    25709 : 9A;
    25710 : 12;
    25711 : 93;
    25712 : CF;
    25713 : 9A;
    25714 : 33;
    25715 : 15;
    25716 : A8;
    25717 : 89;
    25718 : 51;
    25719 : 91;
    25720 : B9;
    25721 : 9C;
    25722 : 10;
    25723 : 53;
    25724 : 81;
    25725 : 9A;
    25726 : 8B;
    25727 : 73;
    25728 : 02;
    25729 : 9A;
    25730 : CA;
    25731 : 52;
    25732 : 22;
    25733 : AD;
    25734 : 9B;
    25735 : 51;
    25736 : 12;
    25737 : BD;
    25738 : 88;
    25739 : 33;
    25740 : 90;
    25741 : 9F;
    25742 : 10;
    25743 : 22;
    25744 : 99;
    25745 : 0D;
    25746 : 14;
    25747 : 13;
    25748 : 99;
    25749 : 8D;
    25750 : 01;
    25751 : 89;
    25752 : 8A;
    25753 : 9D;
    25754 : 92;
    25755 : 08;
    25756 : 35;
    25757 : BB;
    25758 : A9;
    25759 : 68;
    25760 : 64;
    25761 : 99;
    25762 : 99;
    25763 : 22;
    25764 : 42;
    25765 : CB;
    25766 : B8;
    25767 : 43;
    25768 : 31;
    25769 : CC;
    25770 : 98;
    25771 : 21;
    25772 : 32;
    25773 : CB;
    25774 : A1;
    25775 : 23;
    25776 : 31;
    25777 : DF;
    25778 : 90;
    25779 : 01;
    25780 : 38;
    25781 : DB;
    25782 : A0;
    25783 : 22;
    25784 : 4B;
    25785 : B9;
    25786 : A2;
    25787 : 62;
    25788 : 4A;
    25789 : B8;
    25790 : 94;
    25791 : 38;
    25792 : 70;
    25793 : 91;
    25794 : B0;
    25795 : 1B;
    25796 : 79;
    25797 : A0;
    25798 : D8;
    25799 : 39;
    25800 : 48;
    25801 : C1;
    25802 : B9;
    25803 : 59;
    25804 : 20;
    25805 : C2;
    25806 : 98;
    25807 : 48;
    25808 : 10;
    25809 : D0;
    25810 : 80;
    25811 : 49;
    25812 : 08;
    25813 : D0;
    25814 : 80;
    25815 : 19;
    25816 : 1A;
    25817 : A4;
    25818 : 13;
    25819 : 2A;
    25820 : 2D;
    25821 : 95;
    25822 : 91;
    25823 : 2C;
    25824 : 19;
    25825 : A4;
    25826 : 90;
    25827 : 8F;
    25828 : 00;
    25829 : B3;
    25830 : 00;
    25831 : 1C;
    25832 : 22;
    25833 : B5;
    25834 : 90;
    25835 : 3B;
    25836 : 32;
    25837 : B6;
    25838 : 89;
    25839 : 2C;
    25840 : 18;
    25841 : D4;
    25842 : 09;
    25843 : 1C;
    25844 : 01;
    25845 : B3;
    25846 : 08;
    25847 : 2D;
    25848 : 81;
    25849 : A4;
    25850 : 30;
    25851 : 1C;
    25852 : 98;
    25853 : A5;
    25854 : 41;
    25855 : 8A;
    25856 : 9D;
    25857 : 85;
    25858 : 01;
    25859 : 8C;
    25860 : 8A;
    25861 : 05;
    25862 : 12;
    25863 : 8D;
    25864 : 80;
    25865 : 85;
    25866 : 08;
    25867 : 8C;
    25868 : 00;
    25869 : 85;
    25870 : 99;
    25871 : 1B;
    25872 : 80;
    25873 : A5;
    25874 : 0A;
    25875 : 3B;
    25876 : A1;
    25877 : 95;
    25878 : 19;
    25879 : 3B;
    25880 : D1;
    25881 : 04;
    25882 : 41;
    25883 : 0B;
    25884 : D0;
    25885 : 02;
    25886 : 30;
    25887 : 9D;
    25888 : B8;
    25889 : 14;
    25890 : 38;
    25891 : BB;
    25892 : DA;
    25893 : 34;
    25894 : 00;
    25895 : A9;
    25896 : E0;
    25897 : 32;
    25898 : 81;
    25899 : 9C;
    25900 : B3;
    25901 : 32;
    25902 : 00;
    25903 : CD;
    25904 : 82;
    25905 : 40;
    25906 : 90;
    25907 : C1;
    25908 : 12;
    25909 : 41;
    25910 : AA;
    25911 : 91;
    25912 : 83;
    25913 : 41;
    25914 : E9;
    25915 : 80;
    25916 : B9;
    25917 : 2E;
    25918 : 83;
    25919 : A1;
    25920 : D8;
    25921 : 0D;
    25922 : 14;
    25923 : B8;
    25924 : 0A;
    25925 : 2A;
    25926 : 37;
    25927 : B1;
    25928 : 0E;
    25929 : 10;
    25930 : 04;
    25931 : A8;
    25932 : 0B;
    25933 : 32;
    25934 : 84;
    25935 : 8E;
    25936 : 19;
    25937 : 80;
    25938 : 82;
    25939 : 8D;
    25940 : 28;
    25941 : B0;
    25942 : 30;
    25943 : 1C;
    25944 : 39;
    25945 : E1;
    25946 : 31;
    25947 : 28;
    25948 : 0B;
    25949 : F2;
    25950 : 41;
    25951 : 28;
    25952 : CA;
    25953 : A0;
    25954 : 44;
    25955 : 88;
    25956 : D8;
    25957 : 91;
    25958 : 44;
    25959 : 9A;
    25960 : B9;
    25961 : A2;
    25962 : 52;
    25963 : B0;
    25964 : CB;
    25965 : 94;
    25966 : 40;
    25967 : A8;
    25968 : CA;
    25969 : 03;
    25970 : 32;
    25971 : 99;
    25972 : C9;
    25973 : 05;
    25974 : 11;
    25975 : 0A;
    25976 : 2A;
    25977 : 20;
    25978 : 94;
    25979 : F2;
    25980 : 1F;
    25981 : 00;
    25982 : 10;
    25983 : 02;
    25984 : DB;
    25985 : 5B;
    25986 : A8;
    25987 : 1A;
    25988 : CA;
    25989 : 43;
    25990 : 51;
    25991 : 22;
    25992 : DB;
    25993 : 89;
    25994 : 22;
    25995 : A9;
    25996 : CC;
    25997 : 88;
    25998 : 73;
    25999 : 11;
    26000 : 88;
    26001 : 10;
    26002 : B1;
    26003 : 1F;
    26004 : 90;
    26005 : 91;
    26006 : B9;
    26007 : 43;
    26008 : C8;
    26009 : 30;
    26010 : 31;
    26011 : 0B;
    26012 : C1;
    26013 : DC;
    26014 : 58;
    26015 : 00;
    26016 : B1;
    26017 : 98;
    26018 : 4A;
    26019 : 22;
    26020 : 03;
    26021 : C8;
    26022 : 2E;
    26023 : 02;
    26024 : EA;
    26025 : 0A;
    26026 : 10;
    26027 : 82;
    26028 : A6;
    26029 : 19;
    26030 : 69;
    26031 : 92;
    26032 : A2;
    26033 : 1B;
    26034 : 8B;
    26035 : 80;
    26036 : 09;
    26037 : 09;
    26038 : D8;
    26039 : 44;
    26040 : E2;
    26041 : 2A;
    26042 : 18;
    26043 : 91;
    26044 : 81;
    26045 : 8D;
    26046 : 0B;
    26047 : 34;
    26048 : 81;
    26049 : 8A;
    26050 : A7;
    26051 : 59;
    26052 : 93;
    26053 : AB;
    26054 : 9C;
    26055 : 22;
    26056 : 88;
    26057 : 0B;
    26058 : 31;
    26059 : 22;
    26060 : 12;
    26061 : BF;
    26062 : A4;
    26063 : 79;
    26064 : B0;
    26065 : 88;
    26066 : 18;
    26067 : 40;
    26068 : 21;
    26069 : FB;
    26070 : 28;
    26071 : 09;
    26072 : 85;
    26073 : BA;
    26074 : 92;
    26075 : 2A;
    26076 : 83;
    26077 : 81;
    26078 : 0A;
    26079 : 52;
    26080 : 80;
    26081 : F9;
    26082 : 0D;
    26083 : 98;
    26084 : 05;
    26085 : A0;
    26086 : 20;
    26087 : 1C;
    26088 : 15;
    26089 : 8A;
    26090 : 0A;
    26091 : 88;
    26092 : 43;
    26093 : A0;
    26094 : 0E;
    26095 : A9;
    26096 : 05;
    26097 : 01;
    26098 : 39;
    26099 : 98;
    26100 : 86;
    26101 : 09;
    26102 : 9B;
    26103 : 81;
    26104 : 8A;
    26105 : 83;
    26106 : 0D;
    26107 : F1;
    26108 : 03;
    26109 : 9A;
    26110 : 68;
    26111 : C8;
    26112 : 12;
    26113 : 49;
    26114 : 9A;
    26115 : 08;
    26116 : 98;
    26117 : 05;
    26118 : 9C;
    26119 : A2;
    26120 : 35;
    26121 : 88;
    26122 : 1B;
    26123 : C9;
    26124 : 24;
    26125 : 29;
    26126 : 08;
    26127 : 00;
    26128 : D8;
    26129 : 80;
    26130 : 9D;
    26131 : C1;
    26132 : 31;
    26133 : 01;
    26134 : 5A;
    26135 : D0;
    26136 : 08;
    26137 : 28;
    26138 : 90;
    26139 : 90;
    26140 : E1;
    26141 : 20;
    26142 : 8A;
    26143 : F8;
    26144 : 28;
    26145 : 32;
    26146 : 7A;
    26147 : A1;
    26148 : 11;
    26149 : 1B;
    26150 : 8B;
    26151 : A1;
    26152 : F3;
    26153 : 20;
    26154 : 9A;
    26155 : B1;
    26156 : 10;
    26157 : 64;
    26158 : 2D;
    26159 : A1;
    26160 : 11;
    26161 : 28;
    26162 : 8D;
    26163 : B1;
    26164 : B3;
    26165 : 59;
    26166 : 0B;
    26167 : A2;
    26168 : 80;
    26169 : 69;
    26170 : 1E;
    26171 : A2;
    26172 : 80;
    26173 : 28;
    26174 : 38;
    26175 : D1;
    26176 : C2;
    26177 : 29;
    26178 : 0A;
    26179 : B4;
    26180 : B0;
    26181 : 70;
    26182 : 3B;
    26183 : B4;
    26184 : 90;
    26185 : 20;
    26186 : 2A;
    26187 : B2;
    26188 : A7;
    26189 : 19;
    26190 : 0D;
    26191 : 80;
    26192 : B8;
    26193 : 73;
    26194 : 1B;
    26195 : 94;
    26196 : 90;
    26197 : 81;
    26198 : 2D;
    26199 : 98;
    26200 : C3;
    26201 : 29;
    26202 : 3A;
    26203 : 18;
    26204 : F2;
    26205 : 48;
    26206 : 2B;
    26207 : 82;
    26208 : E2;
    26209 : 00;
    26210 : 3C;
    26211 : A1;
    26212 : A1;
    26213 : 19;
    26214 : 6B;
    26215 : 10;
    26216 : E0;
    26217 : 20;
    26218 : 0B;
    26219 : 03;
    26220 : B1;
    26221 : 22;
    26222 : 2E;
    26223 : A1;
    26224 : 92;
    26225 : 1B;
    26226 : 1E;
    26227 : 09;
    26228 : C4;
    26229 : 30;
    26230 : 8C;
    26231 : 04;
    26232 : B0;
    26233 : 20;
    26234 : 2D;
    26235 : 91;
    26236 : 91;
    26237 : 1B;
    26238 : 1D;
    26239 : 11;
    26240 : E5;
    26241 : 18;
    26242 : 18;
    26243 : 21;
    26244 : E2;
    26245 : 29;
    26246 : 2B;
    26247 : 92;
    26248 : 82;
    26249 : 0A;
    26250 : 2E;
    26251 : A2;
    26252 : E3;
    26253 : 3A;
    26254 : 8A;
    26255 : 12;
    26256 : C5;
    26257 : 38;
    26258 : 0D;
    26259 : 91;
    26260 : 03;
    26261 : 1A;
    26262 : 1C;
    26263 : B0;
    26264 : 97;
    26265 : 29;
    26266 : 8A;
    26267 : 21;
    26268 : A6;
    26269 : 4A;
    26270 : 9B;
    26271 : A3;
    26272 : 82;
    26273 : 2C;
    26274 : 0B;
    26275 : B4;
    26276 : 87;
    26277 : 2C;
    26278 : 89;
    26279 : 01;
    26280 : 94;
    26281 : 3C;
    26282 : AA;
    26283 : A4;
    26284 : 12;
    26285 : 1C;
    26286 : 9B;
    26287 : A6;
    26288 : 13;
    26289 : 2C;
    26290 : A9;
    26291 : 92;
    26292 : 15;
    26293 : 2C;
    26294 : B9;
    26295 : 94;
    26296 : 31;
    26297 : 0B;
    26298 : BB;
    26299 : D3;
    26300 : 53;
    26301 : 1C;
    26302 : A8;
    26303 : 91;
    26304 : 43;
    26305 : 1C;
    26306 : D0;
    26307 : 82;
    26308 : 20;
    26309 : 89;
    26310 : B9;
    26311 : A4;
    26312 : 52;
    26313 : 1D;
    26314 : 88;
    26315 : 90;
    26316 : 34;
    26317 : 0C;
    26318 : B0;
    26319 : 91;
    26320 : 21;
    26321 : 91;
    26322 : 9E;
    26323 : A2;
    26324 : 52;
    26325 : 09;
    26326 : 99;
    26327 : B9;
    26328 : 27;
    26329 : 08;
    26330 : C8;
    26331 : 90;
    26332 : 80;
    26333 : 13;
    26334 : BD;
    26335 : B2;
    26336 : 71;
    26337 : 08;
    26338 : 98;
    26339 : C0;
    26340 : 24;
    26341 : 2A;
    26342 : B0;
    26343 : 18;
    26344 : 91;
    26345 : 42;
    26346 : 9F;
    26347 : 00;
    26348 : 48;
    26349 : 1A;
    26350 : 90;
    26351 : B0;
    26352 : 34;
    26353 : 9B;
    26354 : A4;
    26355 : 2A;
    26356 : 81;
    26357 : 48;
    26358 : FA;
    26359 : 98;
    26360 : 28;
    26361 : 03;
    26362 : A9;
    26363 : DD;
    26364 : 31;
    26365 : 11;
    26366 : 94;
    26367 : 2D;
    26368 : 20;
    26369 : 21;
    26370 : B3;
    26371 : 0D;
    26372 : 29;
    26373 : C0;
    26374 : 41;
    26375 : FB;
    26376 : 08;
    26377 : 8A;
    26378 : 32;
    26379 : B0;
    26380 : 3B;
    26381 : 9D;
    26382 : B9;
    26383 : 35;
    26384 : 49;
    26385 : 13;
    26386 : 53;
    26387 : 92;
    26388 : 71;
    26389 : B0;
    26390 : B0;
    26391 : AD;
    26392 : 88;
    26393 : 1B;
    26394 : BA;
    26395 : 0B;
    26396 : 71;
    26397 : 80;
    26398 : D1;
    26399 : 90;
    26400 : 30;
    26401 : 87;
    26402 : 4B;
    26403 : 0A;
    26404 : 09;
    26405 : 81;
    26406 : 32;
    26407 : A2;
    26408 : 9A;
    26409 : 07;
    26410 : 81;
    26411 : 4C;
    26412 : 1B;
    26413 : 94;
    26414 : 41;
    26415 : 10;
    26416 : A2;
    26417 : 9C;
    26418 : C2;
    26419 : 38;
    26420 : 3C;
    26421 : B0;
    26422 : CC;
    26423 : 41;
    26424 : 28;
    26425 : F2;
    26426 : B9;
    26427 : 89;
    26428 : 20;
    26429 : 1C;
    26430 : B2;
    26431 : 9C;
    26432 : 48;
    26433 : 24;
    26434 : E2;
    26435 : 88;
    26436 : 09;
    26437 : 12;
    26438 : 09;
    26439 : B8;
    26440 : 1B;
    26441 : 7A;
    26442 : 97;
    26443 : 90;
    26444 : 1A;
    26445 : 82;
    26446 : 11;
    26447 : 09;
    26448 : 41;
    26449 : B9;
    26450 : 14;
    26451 : A3;
    26452 : 99;
    26453 : 9F;
    26454 : 91;
    26455 : 98;
    26456 : 1E;
    26457 : 80;
    26458 : 94;
    26459 : 18;
    26460 : 11;
    26461 : 30;
    26462 : DB;
    26463 : 92;
    26464 : 5B;
    26465 : 90;
    26466 : C3;
    26467 : F0;
    26468 : 38;
    26469 : 12;
    26470 : 80;
    26471 : 0B;
    26472 : 0B;
    26473 : 50;
    26474 : 91;
    26475 : 96;
    26476 : 09;
    26477 : 38;
    26478 : 16;
    26479 : A8;
    26480 : 8E;
    26481 : 18;
    26482 : 83;
    26483 : 98;
    26484 : 88;
    26485 : 19;
    26486 : B8;
    26487 : 04;
    26488 : 2C;
    26489 : BA;
    26490 : 93;
    26491 : B3;
    26492 : AC;
    26493 : 49;
    26494 : E0;
    26495 : 48;
    26496 : 11;
    26497 : 1A;
    26498 : E9;
    26499 : 04;
    26500 : 19;
    26501 : C8;
    26502 : 23;
    26503 : B0;
    26504 : 0F;
    26505 : 58;
    26506 : 92;
    26507 : A9;
    26508 : 98;
    26509 : 43;
    26510 : 93;
    26511 : 01;
    26512 : 0E;
    26513 : 80;
    26514 : 22;
    26515 : AA;
    26516 : CB;
    26517 : 19;
    26518 : 07;
    26519 : 80;
    26520 : 81;
    26521 : 8B;
    26522 : 1A;
    26523 : 36;
    26524 : A9;
    26525 : FB;
    26526 : 20;
    26527 : 01;
    26528 : CA;
    26529 : 2B;
    26530 : 21;
    26531 : B8;
    26532 : 01;
    26533 : A9;
    26534 : C4;
    26535 : 30;
    26536 : 42;
    26537 : 90;
    26538 : 5D;
    26539 : 10;
    26540 : 0C;
    26541 : 08;
    26542 : 11;
    26543 : F1;
    26544 : 10;
    26545 : 0B;
    26546 : 82;
    26547 : 79;
    26548 : 99;
    26549 : 19;
    26550 : 20;
    26551 : 87;
    26552 : B9;
    26553 : 19;
    26554 : 31;
    26555 : C1;
    26556 : 18;
    26557 : 9C;
    26558 : C0;
    26559 : 41;
    26560 : B2;
    26561 : A2;
    26562 : 0F;
    26563 : 23;
    26564 : 91;
    26565 : AB;
    26566 : 2A;
    26567 : 89;
    26568 : 87;
    26569 : 90;
    26570 : 91;
    26571 : 4C;
    26572 : B9;
    26573 : 11;
    26574 : 3C;
    26575 : 93;
    26576 : AA;
    26577 : 20;
    26578 : 37;
    26579 : B0;
    26580 : 2C;
    26581 : 20;
    26582 : 11;
    26583 : 0C;
    26584 : A2;
    26585 : BB;
    26586 : 9A;
    26587 : 27;
    26588 : A1;
    26589 : AF;
    26590 : 39;
    26591 : 82;
    26592 : 80;
    26593 : DB;
    26594 : 12;
    26595 : 23;
    26596 : 95;
    26597 : 0B;
    26598 : 2E;
    26599 : 02;
    26600 : A1;
    26601 : 8A;
    26602 : 11;
    26603 : D8;
    26604 : 22;
    26605 : 26;
    26606 : 8A;
    26607 : 8F;
    26608 : 11;
    26609 : 81;
    26610 : 0B;
    26611 : 12;
    26612 : B2;
    26613 : AB;
    26614 : 69;
    26615 : 03;
    26616 : 9E;
    26617 : A8;
    26618 : 41;
    26619 : 91;
    26620 : B8;
    26621 : 8C;
    26622 : 01;
    26623 : 15;
    26624 : 08;
    26625 : 9C;
    26626 : 01;
    26627 : 94;
    26628 : 2A;
    26629 : B0;
    26630 : EB;
    26631 : 08;
    26632 : 17;
    26633 : 08;
    26634 : AE;
    26635 : 12;
    26636 : 12;
    26637 : BA;
    26638 : 08;
    26639 : 86;
    26640 : 90;
    26641 : 19;
    26642 : 11;
    26643 : 81;
    26644 : 08;
    26645 : 78;
    26646 : 80;
    26647 : D3;
    26648 : A8;
    26649 : 90;
    26650 : 42;
    26651 : 00;
    26652 : 0C;
    26653 : 29;
    26654 : 89;
    26655 : 19;
    26656 : 87;
    26657 : D1;
    26658 : A9;
    26659 : 52;
    26660 : 20;
    26661 : AE;
    26662 : 09;
    26663 : 23;
    26664 : A0;
    26665 : D0;
    26666 : A2;
    26667 : 11;
    26668 : 3B;
    26669 : 6A;
    26670 : 9A;
    26671 : 08;
    26672 : 11;
    26673 : F3;
    26674 : B1;
    26675 : 83;
    26676 : 58;
    26677 : 28;
    26678 : 1C;
    26679 : A9;
    26680 : 12;
    26681 : E3;
    26682 : C0;
    26683 : 02;
    26684 : 20;
    26685 : 8D;
    26686 : 2D;
    26687 : 20;
    26688 : C1;
    26689 : 90;
    26690 : 84;
    26691 : 92;
    26692 : 80;
    26693 : 49;
    26694 : 4B;
    26695 : 2C;
    26696 : 20;
    26697 : B5;
    26698 : B8;
    26699 : 81;
    26700 : 81;
    26701 : 31;
    26702 : 0F;
    26703 : 2B;
    26704 : 30;
    26705 : B5;
    26706 : E0;
    26707 : 81;
    26708 : 02;
    26709 : 98;
    26710 : 2D;
    26711 : 38;
    26712 : 99;
    26713 : A9;
    26714 : 07;
    26715 : C1;
    26716 : 98;
    26717 : 58;
    26718 : 08;
    26719 : 0B;
    26720 : 1B;
    26721 : 83;
    26722 : B9;
    26723 : F1;
    26724 : 83;
    26725 : 39;
    26726 : 0B;
    26727 : 2B;
    26728 : 01;
    26729 : 29;
    26730 : 8A;
    26731 : 84;
    26732 : 17;
    26733 : E3;
    26734 : 1B;
    26735 : 20;
    26736 : 06;
    26737 : 0C;
    26738 : 18;
    26739 : 09;
    26740 : 80;
    26741 : 54;
    26742 : 21;
    26743 : 8B;
    26744 : 19;
    26745 : 17;
    26746 : 99;
    26747 : 9A;
    26748 : 18;
    26749 : 2C;
    26750 : F0;
    26751 : 00;
    26752 : A8;
    26753 : A9;
    26754 : A8;
    26755 : 34;
    26756 : 0C;
    26757 : 09;
    26758 : 9A;
    26759 : 02;
    26760 : 27;
    26761 : 8D;
    26762 : 92;
    26763 : 11;
    26764 : 19;
    26765 : 5C;
    26766 : 16;
    26767 : 90;
    26768 : 00;
    26769 : 2A;
    26770 : DC;
    26771 : 01;
    26772 : AA;
    26773 : CA;
    26774 : 89;
    26775 : 00;
    26776 : 10;
    26777 : 8A;
    26778 : A4;
    26779 : 75;
    26780 : 83;
    26781 : 00;
    26782 : 2A;
    26783 : 91;
    26784 : 8E;
    26785 : 01;
    26786 : A2;
    26787 : 62;
    26788 : B2;
    26789 : 0B;
    26790 : 01;
    26791 : 1E;
    26792 : 38;
    26793 : 99;
    26794 : E1;
    26795 : 29;
    26796 : 94;
    26797 : 90;
    26798 : 3A;
    26799 : 61;
    26800 : 19;
    26801 : D9;
    26802 : A1;
    26803 : AA;
    26804 : 85;
    26805 : 0A;
    26806 : 2A;
    26807 : 40;
    26808 : 10;
    26809 : C8;
    26810 : 91;
    26811 : 8E;
    26812 : 83;
    26813 : 00;
    26814 : 00;
    26815 : 92;
    26816 : 9F;
    26817 : 21;
    26818 : 08;
    26819 : BD;
    26820 : 05;
    26821 : 80;
    26822 : 81;
    26823 : 2A;
    26824 : BB;
    26825 : 52;
    26826 : 00;
    26827 : 11;
    26828 : 96;
    26829 : AA;
    26830 : 0C;
    26831 : 04;
    26832 : 00;
    26833 : B3;
    26834 : 7A;
    26835 : 99;
    26836 : 82;
    26837 : BB;
    26838 : B3;
    26839 : 27;
    26840 : 81;
    26841 : 12;
    26842 : 3B;
    26843 : 90;
    26844 : 50;
    26845 : BB;
    26846 : 1E;
    26847 : 13;
    26848 : D3;
    26849 : C1;
    26850 : 08;
    26851 : B8;
    26852 : 7A;
    26853 : 1A;
    26854 : 90;
    26855 : 88;
    26856 : F2;
    26857 : 00;
    26858 : 0A;
    26859 : 88;
    26860 : 59;
    26861 : 18;
    26862 : 89;
    26863 : 08;
    26864 : B1;
    26865 : 2A;
    26866 : D8;
    26867 : E2;
    26868 : 61;
    26869 : 11;
    26870 : 19;
    26871 : 31;
    26872 : 94;
    26873 : 99;
    26874 : B9;
    26875 : 32;
    26876 : 72;
    26877 : A9;
    26878 : B8;
    26879 : 18;
    26880 : BA;
    26881 : 1F;
    26882 : 29;
    26883 : 96;
    26884 : 29;
    26885 : C1;
    26886 : 88;
    26887 : 2A;
    26888 : 00;
    26889 : 1E;
    26890 : C2;
    26891 : A1;
    26892 : 1B;
    26893 : 04;
    26894 : 8A;
    26895 : 30;
    26896 : 45;
    26897 : 09;
    26898 : B8;
    26899 : 88;
    26900 : 59;
    26901 : 86;
    26902 : A8;
    26903 : 88;
    26904 : 20;
    26905 : 8B;
    26906 : BB;
    26907 : 89;
    26908 : 20;
    26909 : 07;
    26910 : 89;
    26911 : 0C;
    26912 : 40;
    26913 : 8A;
    26914 : 05;
    26915 : 81;
    26916 : 9A;
    26917 : 16;
    26918 : 9B;
    26919 : 8A;
    26920 : 94;
    26921 : BA;
    26922 : 81;
    26923 : 78;
    26924 : 9C;
    26925 : 14;
    26926 : 80;
    26927 : B1;
    26928 : 40;
    26929 : AA;
    26930 : 21;
    26931 : 0D;
    26932 : A1;
    26933 : 16;
    26934 : 90;
    26935 : 1B;
    26936 : 48;
    26937 : 93;
    26938 : C3;
    26939 : A9;
    26940 : 9A;
    26941 : 71;
    26942 : 9A;
    26943 : AB;
    26944 : 26;
    26945 : C3;
    26946 : 80;
    26947 : 2B;
    26948 : A8;
    26949 : 6A;
    26950 : 9A;
    26951 : B8;
    26952 : 82;
    26953 : B2;
    26954 : 71;
    26955 : 18;
    26956 : D1;
    26957 : 59;
    26958 : 01;
    26959 : 8A;
    26960 : 8A;
    26961 : 92;
    26962 : 22;
    26963 : C2;
    26964 : C0;
    26965 : 7B;
    26966 : 01;
    26967 : BB;
    26968 : 10;
    26969 : A6;
    26970 : 10;
    26971 : 19;
    26972 : 01;
    26973 : 7A;
    26974 : A3;
    26975 : A8;
    26976 : 88;
    26977 : 14;
    26978 : 0C;
    26979 : 98;
    26980 : 91;
    26981 : 38;
    26982 : 81;
    26983 : DA;
    26984 : 1C;
    26985 : A2;
    26986 : 8F;
    26987 : A2;
    26988 : 80;
    26989 : 2D;
    26990 : 12;
    26991 : 90;
    26992 : B1;
    26993 : 11;
    26994 : 9B;
    26995 : 80;
    26996 : 01;
    26997 : 0F;
    26998 : 37;
    26999 : A2;
    27000 : 8A;
    27001 : 51;
    27002 : 8A;
    27003 : B0;
    27004 : AB;
    27005 : 0B;
    27006 : 27;
    27007 : AA;
    27008 : 1A;
    27009 : 72;
    27010 : A1;
    27011 : A0;
    27012 : 18;
    27013 : CA;
    27014 : 14;
    27015 : 9B;
    27016 : 20;
    27017 : 63;
    27018 : CA;
    27019 : 20;
    27020 : 10;
    27021 : CA;
    27022 : 32;
    27023 : 32;
    27024 : 99;
    27025 : 18;
    27026 : EC;
    27027 : 11;
    27028 : 20;
    27029 : FB;
    27030 : 41;
    27031 : 80;
    27032 : 8A;
    27033 : 2B;
    27034 : A5;
    27035 : 30;
    27036 : 99;
    27037 : 81;
    27038 : 73;
    27039 : 90;
    27040 : 9E;
    27041 : 30;
    27042 : A4;
    27043 : AA;
    27044 : 0A;
    27045 : 01;
    27046 : 4B;
    27047 : CB;
    27048 : 9B;
    27049 : 21;
    27050 : A6;
    27051 : 0A;
    27052 : 40;
    27053 : 91;
    27054 : 4A;
    27055 : 83;
    27056 : 80;
    27057 : 29;
    27058 : D3;
    27059 : 7B;
    27060 : A2;
    27061 : 91;
    27062 : 5B;
    27063 : 23;
    27064 : 8C;
    27065 : B9;
    27066 : 84;
    27067 : A0;
    27068 : 02;
    27069 : 2B;
    27070 : 5E;
    27071 : 01;
    27072 : D9;
    27073 : 88;
    27074 : 13;
    27075 : 0A;
    27076 : 8C;
    27077 : 10;
    27078 : 08;
    27079 : 97;
    27080 : 0A;
    27081 : 09;
    27082 : 52;
    27083 : CB;
    27084 : A1;
    27085 : 22;
    27086 : 09;
    27087 : 12;
    27088 : 9F;
    27089 : 92;
    27090 : 84;
    27091 : C9;
    27092 : 31;
    27093 : 39;
    27094 : BD;
    27095 : 12;
    27096 : 95;
    27097 : 98;
    27098 : 79;
    27099 : 19;
    27100 : 80;
    27101 : B8;
    27102 : C8;
    27103 : 35;
    27104 : 89;
    27105 : 8B;
    27106 : 4A;
    27107 : D2;
    27108 : 90;
    27109 : 89;
    27110 : 31;
    27111 : 32;
    27112 : A8;
    27113 : AB;
    27114 : 47;
    27115 : 98;
    27116 : 19;
    27117 : 59;
    27118 : B2;
    27119 : 02;
    27120 : DA;
    27121 : 09;
    27122 : 4B;
    27123 : C2;
    27124 : 19;
    27125 : 92;
    27126 : D1;
    27127 : 1A;
    27128 : 21;
    27129 : 8B;
    27130 : 1B;
    27131 : A6;
    27132 : 38;
    27133 : CA;
    27134 : CA;
    27135 : 78;
    27136 : 12;
    27137 : A8;
    27138 : 1A;
    27139 : 94;
    27140 : 21;
    27141 : D8;
    27142 : 90;
    27143 : 70;
    27144 : 83;
    27145 : 9C;
    27146 : 89;
    27147 : 13;
    27148 : 8B;
    27149 : C9;
    27150 : 11;
    27151 : 00;
    27152 : C8;
    27153 : 8D;
    27154 : 20;
    27155 : 84;
    27156 : 0C;
    27157 : 03;
    27158 : 05;
    27159 : 09;
    27160 : 30;
    27161 : 28;
    27162 : A1;
    27163 : D3;
    27164 : 3A;
    27165 : 03;
    27166 : 09;
    27167 : CF;
    27168 : 16;
    27169 : 98;
    27170 : C9;
    27171 : 40;
    27172 : 09;
    27173 : 81;
    27174 : AB;
    27175 : 88;
    27176 : 16;
    27177 : B8;
    27178 : 0E;
    27179 : 21;
    27180 : 88;
    27181 : F1;
    27182 : 00;
    27183 : 88;
    27184 : 12;
    27185 : 9C;
    27186 : 80;
    27187 : 42;
    27188 : D0;
    27189 : 20;
    27190 : 3A;
    27191 : 81;
    27192 : 80;
    27193 : A5;
    27194 : 08;
    27195 : 20;
    27196 : 0F;
    27197 : 08;
    27198 : 30;
    27199 : F9;
    27200 : 21;
    27201 : 02;
    27202 : 98;
    27203 : 3E;
    27204 : 81;
    27205 : 12;
    27206 : E9;
    27207 : 98;
    27208 : 41;
    27209 : 08;
    27210 : 9D;
    27211 : 18;
    27212 : A2;
    27213 : A1;
    27214 : 0C;
    27215 : 89;
    27216 : 70;
    27217 : A0;
    27218 : 90;
    27219 : 20;
    27220 : 95;
    27221 : 2C;
    27222 : 88;
    27223 : 82;
    27224 : B0;
    27225 : 04;
    27226 : 39;
    27227 : 5B;
    27228 : 0A;
    27229 : 08;
    27230 : A4;
    27231 : D5;
    27232 : 29;
    27233 : 30;
    27234 : 2A;
    27235 : AE;
    27236 : A3;
    27237 : 82;
    27238 : B2;
    27239 : 1B;
    27240 : 3F;
    27241 : 21;
    27242 : EA;
    27243 : A9;
    27244 : 13;
    27245 : 28;
    27246 : 1B;
    27247 : 1A;
    27248 : 38;
    27249 : 97;
    27250 : A8;
    27251 : 29;
    27252 : 73;
    27253 : 8C;
    27254 : A1;
    27255 : 82;
    27256 : B3;
    27257 : 42;
    27258 : 2A;
    27259 : 49;
    27260 : 88;
    27261 : D0;
    27262 : 95;
    27263 : 02;
    27264 : 2C;
    27265 : 4A;
    27266 : 19;
    27267 : F8;
    27268 : 91;
    27269 : 80;
    27270 : 10;
    27271 : 2F;
    27272 : 9A;
    27273 : 82;
    27274 : E3;
    27275 : 90;
    27276 : 49;
    27277 : 39;
    27278 : 09;
    27279 : A0;
    27280 : C3;
    27281 : 84;
    27282 : 08;
    27283 : 2E;
    27284 : 3A;
    27285 : A0;
    27286 : A4;
    27287 : 92;
    27288 : 08;
    27289 : 6C;
    27290 : 09;
    27291 : 90;
    27292 : B2;
    27293 : C3;
    27294 : 30;
    27295 : 3D;
    27296 : 8A;
    27297 : 80;
    27298 : A6;
    27299 : 92;
    27300 : 39;
    27301 : 5A;
    27302 : 2A;
    27303 : B0;
    27304 : D4;
    27305 : 02;
    27306 : 10;
    27307 : 2C;
    27308 : 1E;
    27309 : 90;
    27310 : A1;
    27311 : B2;
    27312 : 10;
    27313 : 6B;
    27314 : 19;
    27315 : BA;
    27316 : B0;
    27317 : 85;
    27318 : 29;
    27319 : 4A;
    27320 : 89;
    27321 : 90;
    27322 : B4;
    27323 : A2;
    27324 : 2A;
    27325 : 69;
    27326 : 3D;
    27327 : A1;
    27328 : B4;
    27329 : A0;
    27330 : 44;
    27331 : 3B;
    27332 : 1B;
    27333 : 08;
    27334 : C3;
    27335 : B4;
    27336 : B0;
    27337 : 6C;
    27338 : 49;
    27339 : 88;
    27340 : B8;
    27341 : 84;
    27342 : 08;
    27343 : 88;
    27344 : 5C;
    27345 : 8A;
    27346 : 03;
    27347 : C0;
    27348 : 81;
    27349 : 4B;
    27350 : 8B;
    27351 : 0A;
    27352 : C2;
    27353 : B1;
    27354 : 02;
    27355 : 60;
    27356 : 1C;
    27357 : 18;
    27358 : B8;
    27359 : 07;
    27360 : 10;
    27361 : 0A;
    27362 : 7A;
    27363 : 90;
    27364 : A1;
    27365 : 90;
    27366 : 01;
    27367 : 38;
    27368 : 2A;
    27369 : 9F;
    27370 : 01;
    27371 : A2;
    27372 : E0;
    27373 : 49;
    27374 : 08;
    27375 : 20;
    27376 : AB;
    27377 : B3;
    27378 : 80;
    27379 : D5;
    27380 : 0B;
    27381 : 28;
    27382 : 01;
    27383 : B9;
    27384 : 21;
    27385 : B3;
    27386 : 25;
    27387 : 29;
    27388 : 78;
    27389 : 2A;
    27390 : F0;
    27391 : 08;
    27392 : 03;
    27393 : 10;
    27394 : 1C;
    27395 : 33;
    27396 : B2;
    27397 : F0;
    27398 : 89;
    27399 : 68;
    27400 : 08;
    27401 : C9;
    27402 : 00;
    27403 : 06;
    27404 : 98;
    27405 : 0B;
    27406 : 30;
    27407 : 00;
    27408 : F8;
    27409 : A8;
    27410 : 10;
    27411 : 10;
    27412 : 9E;
    27413 : 19;
    27414 : 85;
    27415 : 88;
    27416 : 89;
    27417 : 30;
    27418 : 19;
    27419 : A0;
    27420 : A8;
    27421 : 17;
    27422 : 00;
    27423 : 0D;
    27424 : 10;
    27425 : 84;
    27426 : B9;
    27427 : 10;
    27428 : 68;
    27429 : 98;
    27430 : 99;
    27431 : 09;
    27432 : 27;
    27433 : 80;
    27434 : 8C;
    27435 : 50;
    27436 : A2;
    27437 : C8;
    27438 : 89;
    27439 : 40;
    27440 : 92;
    27441 : BA;
    27442 : 99;
    27443 : 27;
    27444 : A8;
    27445 : 9C;
    27446 : 48;
    27447 : 92;
    27448 : C1;
    27449 : 09;
    27450 : 40;
    27451 : 10;
    27452 : CB;
    27453 : 90;
    27454 : 25;
    27455 : B9;
    27456 : 8B;
    27457 : 68;
    27458 : 91;
    27459 : 98;
    27460 : 81;
    27461 : 44;
    27462 : 0A;
    27463 : AD;
    27464 : 12;
    27465 : 85;
    27466 : B9;
    27467 : 3A;
    27468 : 44;
    27469 : 90;
    27470 : BC;
    27471 : 00;
    27472 : 34;
    27473 : 9A;
    27474 : 9E;
    27475 : 38;
    27476 : 85;
    27477 : C8;
    27478 : 89;
    27479 : 40;
    27480 : 11;
    27481 : 9C;
    27482 : 80;
    27483 : 04;
    27484 : 90;
    27485 : 0D;
    27486 : 31;
    27487 : A1;
    27488 : BB;
    27489 : 89;
    27490 : 36;
    27491 : 20;
    27492 : 4B;
    27493 : 3A;
    27494 : A4;
    27495 : 96;
    27496 : 29;
    27497 : 28;
    27498 : C1;
    27499 : CB;
    27500 : 98;
    27501 : 83;
    27502 : CC;
    27503 : 0D;
    27504 : 30;
    27505 : 01;
    27506 : F9;
    27507 : 98;
    27508 : 33;
    27509 : 91;
    27510 : 9E;
    27511 : 38;
    27512 : 83;
    27513 : E2;
    27514 : 18;
    27515 : 20;
    27516 : 62;
    27517 : 8B;
    27518 : 98;
    27519 : 82;
    27520 : 92;
    27521 : 49;
    27522 : 38;
    27523 : 1B;
    27524 : EA;
    27525 : D1;
    27526 : 94;
    27527 : 10;
    27528 : 0D;
    27529 : 38;
    27530 : 91;
    27531 : F2;
    27532 : 00;
    27533 : 39;
    27534 : 8B;
    27535 : 8D;
    27536 : 18;
    27537 : 04;
    27538 : B4;
    27539 : 2B;
    27540 : 5A;
    27541 : 30;
    27542 : B8;
    27543 : A1;
    27544 : 14;
    27545 : 21;
    27546 : 1D;
    27547 : 0E;
    27548 : 10;
    27549 : B1;
    27550 : A7;
    27551 : 28;
    27552 : 90;
    27553 : 39;
    27554 : 3A;
    27555 : 85;
    27556 : A1;
    27557 : B1;
    27558 : 59;
    27559 : 1D;
    27560 : A9;
    27561 : AB;
    27562 : 07;
    27563 : 98;
    27564 : C8;
    27565 : 2A;
    27566 : 3A;
    27567 : 89;
    27568 : CB;
    27569 : A2;
    27570 : 24;
    27571 : 8B;
    27572 : 49;
    27573 : 1A;
    27574 : 07;
    27575 : C9;
    27576 : 94;
    27577 : 48;
    27578 : 38;
    27579 : 1A;
    27580 : 1B;
    27581 : A5;
    27582 : 83;
    27583 : 90;
    27584 : 51;
    27585 : 1C;
    27586 : 31;
    27587 : B0;
    27588 : B6;
    27589 : 08;
    27590 : 29;
    27591 : 5B;
    27592 : 8D;
    27593 : B8;
    27594 : A2;
    27595 : C3;
    27596 : 08;
    27597 : 8B;
    27598 : 78;
    27599 : 98;
    27600 : A3;
    27601 : 88;
    27602 : 32;
    27603 : 48;
    27604 : 8E;
    27605 : 80;
    27606 : 01;
    27607 : C3;
    27608 : 00;
    27609 : 98;
    27610 : 71;
    27611 : 90;
    27612 : 00;
    27613 : 8A;
    27614 : 13;
    27615 : 11;
    27616 : DB;
    27617 : 98;
    27618 : 18;
    27619 : C5;
    27620 : 09;
    27621 : C0;
    27622 : 50;
    27623 : A0;
    27624 : 28;
    27625 : 8C;
    27626 : 81;
    27627 : 12;
    27628 : E9;
    27629 : 91;
    27630 : 1B;
    27631 : 82;
    27632 : 69;
    27633 : E2;
    27634 : 30;
    27635 : A1;
    27636 : 20;
    27637 : 8E;
    27638 : 80;
    27639 : 01;
    27640 : F0;
    27641 : 80;
    27642 : 08;
    27643 : 13;
    27644 : 29;
    27645 : 82;
    27646 : 79;
    27647 : 94;
    27648 : 18;
    27649 : BA;
    27650 : 21;
    27651 : 01;
    27652 : F8;
    27653 : 89;
    27654 : 88;
    27655 : 81;
    27656 : 9B;
    27657 : 82;
    27658 : 5D;
    27659 : 92;
    27660 : 2A;
    27661 : C0;
    27662 : A2;
    27663 : 91;
    27664 : 90;
    27665 : 1B;
    27666 : 9F;
    27667 : 81;
    27668 : 90;
    27669 : 96;
    27670 : 3C;
    27671 : 13;
    27672 : 4A;
    27673 : D0;
    27674 : 90;
    27675 : 84;
    27676 : 84;
    27677 : 1C;
    27678 : 2B;
    27679 : 41;
    27680 : A0;
    27681 : A2;
    27682 : 2A;
    27683 : 27;
    27684 : 0B;
    27685 : C9;
    27686 : 80;
    27687 : A4;
    27688 : 91;
    27689 : 2D;
    27690 : 3B;
    27691 : 29;
    27692 : C8;
    27693 : A3;
    27694 : 80;
    27695 : 25;
    27696 : 0E;
    27697 : 98;
    27698 : A0;
    27699 : B2;
    27700 : 93;
    27701 : 2E;
    27702 : 2A;
    27703 : 4A;
    27704 : B8;
    27705 : 87;
    27706 : A8;
    27707 : 24;
    27708 : 3B;
    27709 : 90;
    27710 : 8B;
    27711 : D4;
    27712 : 12;
    27713 : 9B;
    27714 : 19;
    27715 : 6C;
    27716 : 91;
    27717 : 01;
    27718 : D1;
    27719 : 53;
    27720 : 88;
    27721 : 10;
    27722 : 9B;
    27723 : 83;
    27724 : 81;
    27725 : CA;
    27726 : 1D;
    27727 : 4A;
    27728 : A9;
    27729 : B0;
    27730 : F2;
    27731 : 22;
    27732 : 09;
    27733 : 09;
    27734 : 0D;
    27735 : A3;
    27736 : 02;
    27737 : BA;
    27738 : 38;
    27739 : 3D;
    27740 : C3;
    27741 : 80;
    27742 : C6;
    27743 : 41;
    27744 : 88;
    27745 : 48;
    27746 : 99;
    27747 : 82;
    27748 : 11;
    27749 : 92;
    27750 : 2A;
    27751 : 2C;
    27752 : 98;
    27753 : 83;
    27754 : F2;
    27755 : 2C;
    27756 : 01;
    27757 : 28;
    27758 : 9F;
    27759 : 89;
    27760 : 20;
    27761 : E0;
    27762 : 89;
    27763 : 2B;
    27764 : 05;
    27765 : 99;
    27766 : E2;
    27767 : 48;
    27768 : 82;
    27769 : 2A;
    27770 : 9B;
    27771 : 20;
    27772 : 81;
    27773 : F3;
    27774 : 09;
    27775 : 20;
    27776 : 12;
    27777 : 89;
    27778 : 84;
    27779 : 68;
    27780 : 83;
    27781 : 39;
    27782 : 99;
    27783 : 81;
    27784 : 90;
    27785 : D4;
    27786 : 08;
    27787 : CB;
    27788 : 03;
    27789 : 1D;
    27790 : A2;
    27791 : 0F;
    27792 : 82;
    27793 : 49;
    27794 : B8;
    27795 : 89;
    27796 : 08;
    27797 : 97;
    27798 : AA;
    27799 : B9;
    27800 : 22;
    27801 : 89;
    27802 : 88;
    27803 : 8F;
    27804 : 25;
    27805 : 18;
    27806 : B0;
    27807 : 19;
    27808 : 05;
    27809 : 93;
    27810 : A9;
    27811 : 20;
    27812 : 35;
    27813 : 89;
    27814 : 90;
    27815 : 0B;
    27816 : 27;
    27817 : 2B;
    27818 : 99;
    27819 : 09;
    27820 : E0;
    27821 : A5;
    27822 : 89;
    27823 : 8A;
    27824 : 7B;
    27825 : 8A;
    27826 : 82;
    27827 : F8;
    27828 : 12;
    27829 : 2A;
    27830 : 00;
    27831 : 0C;
    27832 : C1;
    27833 : 85;
    27834 : A0;
    27835 : 1A;
    27836 : 5C;
    27837 : 08;
    27838 : 91;
    27839 : D1;
    27840 : 32;
    27841 : 28;
    27842 : 08;
    27843 : AB;
    27844 : 93;
    27845 : 87;
    27846 : A8;
    27847 : 1B;
    27848 : 7A;
    27849 : 98;
    27850 : 90;
    27851 : B0;
    27852 : 42;
    27853 : 92;
    27854 : F1;
    27855 : 3B;
    27856 : A3;
    27857 : 13;
    27858 : A9;
    27859 : 8E;
    27860 : 3F;
    27861 : B1;
    27862 : 89;
    27863 : B2;
    27864 : 71;
    27865 : 00;
    27866 : 23;
    27867 : 9A;
    27868 : B0;
    27869 : 01;
    27870 : BB;
    27871 : 0E;
    27872 : 8A;
    27873 : 52;
    27874 : 03;
    27875 : A2;
    27876 : 5A;
    27877 : A1;
    27878 : 8F;
    27879 : 80;
    27880 : 11;
    27881 : C0;
    27882 : 18;
    27883 : 0B;
    27884 : 79;
    27885 : 06;
    27886 : 99;
    27887 : 98;
    27888 : 08;
    27889 : 80;
    27890 : 0A;
    27891 : 18;
    27892 : 84;
    27893 : 38;
    27894 : 9B;
    27895 : 62;
    27896 : 0A;
    27897 : DB;
    27898 : A0;
    27899 : A5;
    27900 : 2A;
    27901 : 18;
    27902 : 0E;
    27903 : A0;
    27904 : 28;
    27905 : 12;
    27906 : 87;
    27907 : 10;
    27908 : 1C;
    27909 : 40;
    27910 : 8A;
    27911 : D2;
    27912 : 02;
    27913 : 83;
    27914 : 3A;
    27915 : 8D;
    27916 : 38;
    27917 : 10;
    27918 : E4;
    27919 : 89;
    27920 : 0B;
    27921 : 12;
    27922 : AB;
    27923 : A2;
    27924 : 16;
    27925 : 84;
    27926 : 0B;
    27927 : 11;
    27928 : 2B;
    27929 : F3;
    27930 : BA;
    27931 : 0A;
    27932 : 41;
    27933 : 2A;
    27934 : 98;
    27935 : 18;
    27936 : D9;
    27937 : 87;
    27938 : 2B;
    27939 : 09;
    27940 : 28;
    27941 : 0A;
    27942 : 96;
    27943 : A2;
    27944 : CA;
    27945 : 64;
    27946 : 19;
    27947 : 08;
    27948 : A8;
    27949 : 90;
    27950 : C3;
    27951 : 29;
    27952 : 18;
    27953 : 46;
    27954 : 08;
    27955 : B9;
    27956 : 88;
    27957 : A0;
    27958 : 81;
    27959 : 0E;
    27960 : 9A;
    27961 : 33;
    27962 : 9A;
    27963 : 98;
    27964 : 07;
    27965 : 98;
    27966 : 11;
    27967 : 4C;
    27968 : D8;
    27969 : 32;
    27970 : B8;
    27971 : 28;
    27972 : 38;
    27973 : B4;
    27974 : 09;
    27975 : F0;
    27976 : A8;
    27977 : 21;
    27978 : 60;
    27979 : BB;
    27980 : 32;
    27981 : C1;
    27982 : 84;
    27983 : 28;
    27984 : FB;
    27985 : 7B;
    27986 : 90;
    27987 : 88;
    27988 : 08;
    27989 : B2;
    27990 : 39;
    27991 : B9;
    27992 : 10;
    27993 : 4D;
    27994 : 93;
    27995 : A0;
    27996 : 93;
    27997 : 10;
    27998 : 1E;
    27999 : 1A;
    28000 : 90;
    28001 : 71;
    28002 : 94;
    28003 : B1;
    28004 : 3A;
    28005 : 39;
    28006 : 0E;
    28007 : A1;
    28008 : 83;
    28009 : 38;
    28010 : 06;
    28011 : 0C;
    28012 : 19;
    28013 : 81;
    28014 : C9;
    28015 : B2;
    28016 : A9;
    28017 : 2F;
    28018 : 80;
    28019 : 89;
    28020 : 91;
    28021 : 06;
    28022 : 20;
    28023 : 18;
    28024 : 1C;
    28025 : 8D;
    28026 : 16;
    28027 : A8;
    28028 : 89;
    28029 : 29;
    28030 : 09;
    28031 : 89;
    28032 : A8;
    28033 : 89;
    28034 : 27;
    28035 : 09;
    28036 : 1F;
    28037 : 10;
    28038 : 99;
    28039 : C2;
    28040 : 10;
    28041 : A8;
    28042 : 36;
    28043 : 0B;
    28044 : 00;
    28045 : 10;
    28046 : C2;
    28047 : 38;
    28048 : 18;
    28049 : 82;
    28050 : 20;
    28051 : 81;
    28052 : BF;
    28053 : 10;
    28054 : AA;
    28055 : 04;
    28056 : 2B;
    28057 : FC;
    28058 : 53;
    28059 : 89;
    28060 : 99;
    28061 : 1A;
    28062 : C3;
    28063 : 42;
    28064 : BA;
    28065 : BA;
    28066 : 73;
    28067 : 91;
    28068 : A8;
    28069 : 10;
    28070 : 83;
    28071 : 38;
    28072 : 9B;
    28073 : E0;
    28074 : 73;
    28075 : 80;
    28076 : A8;
    28077 : 2A;
    28078 : B1;
    28079 : AC;
    28080 : 88;
    28081 : 86;
    28082 : 6A;
    28083 : 80;
    28084 : AA;
    28085 : 00;
    28086 : C4;
    28087 : 29;
    28088 : 00;
    28089 : 80;
    28090 : 6C;
    28091 : B1;
    28092 : B1;
    28093 : 89;
    28094 : 12;
    28095 : 7B;
    28096 : A0;
    28097 : 90;
    28098 : 39;
    28099 : 06;
    28100 : 90;
    28101 : 0B;
    28102 : 40;
    28103 : 00;
    28104 : 83;
    28105 : 99;
    28106 : 5B;
    28107 : 14;
    28108 : A0;
    28109 : 8C;
    28110 : 02;
    28111 : 8B;
    28112 : F3;
    28113 : A9;
    28114 : 3D;
    28115 : 84;
    28116 : AA;
    28117 : A0;
    28118 : 32;
    28119 : 99;
    28120 : 0A;
    28121 : 5C;
    28122 : B0;
    28123 : 87;
    28124 : B9;
    28125 : 1C;
    28126 : 48;
    28127 : 9A;
    28128 : 01;
    28129 : 86;
    28130 : 99;
    28131 : 11;
    28132 : 39;
    28133 : AA;
    28134 : 82;
    28135 : 90;
    28136 : 37;
    28137 : 0A;
    28138 : AE;
    28139 : 33;
    28140 : 83;
    28141 : B9;
    28142 : 6B;
    28143 : 01;
    28144 : 21;
    28145 : 9B;
    28146 : C1;
    28147 : 62;
    28148 : B0;
    28149 : 9B;
    28150 : 2B;
    28151 : 87;
    28152 : 9B;
    28153 : 90;
    28154 : 08;
    28155 : 12;
    28156 : 89;
    28157 : 8E;
    28158 : 62;
    28159 : B1;
    28160 : 80;
    28161 : 98;
    28162 : 84;
    28163 : 69;
    28164 : 08;
    28165 : 0A;
    28166 : 90;
    28167 : 94;
    28168 : 08;
    28169 : 02;
    28170 : CA;
    28171 : 5B;
    28172 : 81;
    28173 : D8;
    28174 : 9C;
    28175 : 03;
    28176 : 58;
    28177 : B0;
    28178 : B0;
    28179 : 3C;
    28180 : 05;
    28181 : B9;
    28182 : 09;
    28183 : 42;
    28184 : 89;
    28185 : B0;
    28186 : A9;
    28187 : 78;
    28188 : 93;
    28189 : B0;
    28190 : 19;
    28191 : 27;
    28192 : 0C;
    28193 : B0;
    28194 : 31;
    28195 : 99;
    28196 : 06;
    28197 : 8C;
    28198 : 80;
    28199 : 38;
    28200 : C8;
    28201 : 13;
    28202 : 81;
    28203 : 6B;
    28204 : 31;
    28205 : 90;
    28206 : D9;
    28207 : 92;
    28208 : 08;
    28209 : 42;
    28210 : 0F;
    28211 : 8C;
    28212 : 03;
    28213 : C2;
    28214 : 99;
    28215 : 59;
    28216 : 1A;
    28217 : 81;
    28218 : B9;
    28219 : E1;
    28220 : 23;
    28221 : 0B;
    28222 : 1C;
    28223 : 58;
    28224 : C1;
    28225 : A2;
    28226 : 80;
    28227 : 1A;
    28228 : 38;
    28229 : 89;
    28230 : B0;
    28231 : 37;
    28232 : B8;
    28233 : 3A;
    28234 : 5C;
    28235 : C8;
    28236 : 12;
    28237 : A3;
    28238 : 12;
    28239 : 4C;
    28240 : 11;
    28241 : 49;
    28242 : B1;
    28243 : E8;
    28244 : 10;
    28245 : 22;
    28246 : 8F;
    28247 : 1A;
    28248 : 91;
    28249 : 83;
    28250 : 9A;
    28251 : A9;
    28252 : 7C;
    28253 : 92;
    28254 : AA;
    28255 : 80;
    28256 : 95;
    28257 : 8A;
    28258 : 0A;
    28259 : 18;
    28260 : 80;
    28261 : A2;
    28262 : 98;
    28263 : 72;
    28264 : 13;
    28265 : 2C;
    28266 : 11;
    28267 : 87;
    28268 : 08;
    28269 : 01;
    28270 : 3D;
    28271 : 8B;
    28272 : B5;
    28273 : 9A;
    28274 : C1;
    28275 : 88;
    28276 : 1C;
    28277 : 71;
    28278 : 98;
    28279 : B1;
    28280 : 82;
    28281 : 11;
    28282 : 69;
    28283 : 0D;
    28284 : 8A;
    28285 : A4;
    28286 : A1;
    28287 : 0C;
    28288 : 11;
    28289 : 2E;
    28290 : B0;
    28291 : 12;
    28292 : 81;
    28293 : 27;
    28294 : 1A;
    28295 : 2B;
    28296 : 20;
    28297 : D8;
    28298 : 81;
    28299 : 10;
    28300 : 25;
    28301 : 4B;
    28302 : B9;
    28303 : 09;
    28304 : 83;
    28305 : 93;
    28306 : 1A;
    28307 : 2F;
    28308 : 1C;
    28309 : 09;
    28310 : C3;
    28311 : D9;
    28312 : 14;
    28313 : 1C;
    28314 : 99;
    28315 : 0B;
    28316 : A1;
    28317 : 95;
    28318 : 98;
    28319 : 8B;
    28320 : 7C;
    28321 : 99;
    28322 : 81;
    28323 : B0;
    28324 : 07;
    28325 : 28;
    28326 : 18;
    28327 : 2A;
    28328 : 11;
    28329 : A5;
    28330 : 0A;
    28331 : 08;
    28332 : 40;
    28333 : 9B;
    28334 : 93;
    28335 : E9;
    28336 : 25;
    28337 : 09;
    28338 : 08;
    28339 : 2C;
    28340 : 91;
    28341 : 13;
    28342 : 9C;
    28343 : C8;
    28344 : 4C;
    28345 : B1;
    28346 : 09;
    28347 : F8;
    28348 : 21;
    28349 : 8A;
    28350 : 11;
    28351 : 0E;
    28352 : 01;
    28353 : 22;
    28354 : A9;
    28355 : 92;
    28356 : 09;
    28357 : 92;
    28358 : 3A;
    28359 : F1;
    28360 : 78;
    28361 : 91;
    28362 : 18;
    28363 : 9A;
    28364 : 10;
    28365 : 18;
    28366 : B2;
    28367 : E8;
    28368 : 08;
    28369 : 05;
    28370 : 29;
    28371 : D0;
    28372 : 58;
    28373 : 80;
    28374 : 11;
    28375 : 9D;
    28376 : 88;
    28377 : 31;
    28378 : EB;
    28379 : B0;
    28380 : 19;
    28381 : 83;
    28382 : 68;
    28383 : B0;
    28384 : 50;
    28385 : 81;
    28386 : 01;
    28387 : 9A;
    28388 : 21;
    28389 : 0A;
    28390 : F1;
    28391 : A0;
    28392 : A9;
    28393 : 23;
    28394 : 2D;
    28395 : 84;
    28396 : 4A;
    28397 : C3;
    28398 : 32;
    28399 : A8;
    28400 : 1A;
    28401 : 2A;
    28402 : E5;
    28403 : A1;
    28404 : AA;
    28405 : 31;
    28406 : 6B;
    28407 : 98;
    28408 : 0C;
    28409 : 94;
    28410 : 01;
    28411 : AA;
    28412 : 2D;
    28413 : 00;
    28414 : B4;
    28415 : C1;
    28416 : 88;
    28417 : 62;
    28418 : 0A;
    28419 : 09;
    28420 : 1B;
    28421 : 87;
    28422 : 18;
    28423 : 90;
    28424 : 5A;
    28425 : 08;
    28426 : C2;
    28427 : 98;
    28428 : 92;
    28429 : 31;
    28430 : 1D;
    28431 : 31;
    28432 : AB;
    28433 : 97;
    28434 : 88;
    28435 : 92;
    28436 : 2A;
    28437 : A9;
    28438 : 11;
    28439 : 89;
    28440 : E8;
    28441 : 4A;
    28442 : 28;
    28443 : 58;
    28444 : AC;
    28445 : 85;
    28446 : 08;
    28447 : A3;
    28448 : 0D;
    28449 : 89;
    28450 : 32;
    28451 : AD;
    28452 : A8;
    28453 : 28;
    28454 : 02;
    28455 : 38;
    28456 : AF;
    28457 : 34;
    28458 : 91;
    28459 : C2;
    28460 : 8A;
    28461 : 51;
    28462 : 28;
    28463 : 8B;
    28464 : A9;
    28465 : 34;
    28466 : B1;
    28467 : 38;
    28468 : 0B;
    28469 : 67;
    28470 : A9;
    28471 : 92;
    28472 : 09;
    28473 : A8;
    28474 : 5A;
    28475 : 8D;
    28476 : 82;
    28477 : 1A;
    28478 : D1;
    28479 : 40;
    28480 : C1;
    28481 : 38;
    28482 : 8A;
    28483 : 04;
    28484 : BA;
    28485 : 91;
    28486 : 7A;
    28487 : 08;
    28488 : 99;
    28489 : 8A;
    28490 : 06;
    28491 : 01;
    28492 : C0;
    28493 : 7A;
    28494 : 80;
    28495 : 01;
    28496 : BA;
    28497 : 82;
    28498 : 50;
    28499 : A9;
    28500 : 1B;
    28501 : 09;
    28502 : A7;
    28503 : 90;
    28504 : 90;
    28505 : 7B;
    28506 : 80;
    28507 : 88;
    28508 : 98;
    28509 : 83;
    28510 : 2A;
    28511 : 8A;
    28512 : 29;
    28513 : D8;
    28514 : B5;
    28515 : 08;
    28516 : 02;
    28517 : 3F;
    28518 : 91;
    28519 : 30;
    28520 : E3;
    28521 : 88;
    28522 : 4B;
    28523 : 01;
    28524 : 9A;
    28525 : E0;
    28526 : 84;
    28527 : 11;
    28528 : 18;
    28529 : 1F;
    28530 : 02;
    28531 : 81;
    28532 : C0;
    28533 : 00;
    28534 : 38;
    28535 : 98;
    28536 : 9A;
    28537 : B0;
    28538 : 07;
    28539 : 89;
    28540 : 3A;
    28541 : 2E;
    28542 : 92;
    28543 : A9;
    28544 : C3;
    28545 : 10;
    28546 : 8B;
    28547 : 88;
    28548 : 9B;
    28549 : F3;
    28550 : 91;
    28551 : 4A;
    28552 : 41;
    28553 : 0E;
    28554 : 81;
    28555 : 02;
    28556 : B3;
    28557 : A0;
    28558 : 6A;
    28559 : 12;
    28560 : 09;
    28561 : FA;
    28562 : 22;
    28563 : 08;
    28564 : 92;
    28565 : 1F;
    28566 : 22;
    28567 : 29;
    28568 : E8;
    28569 : 00;
    28570 : 80;
    28571 : 83;
    28572 : 8E;
    28573 : 80;
    28574 : 38;
    28575 : E9;
    28576 : 10;
    28577 : 99;
    28578 : 14;
    28579 : 0C;
    28580 : 92;
    28581 : 18;
    28582 : C0;
    28583 : 22;
    28584 : 1B;
    28585 : 81;
    28586 : 2F;
    28587 : 91;
    28588 : 31;
    28589 : F9;
    28590 : 30;
    28591 : 09;
    28592 : 94;
    28593 : 9B;
    28594 : C2;
    28595 : 41;
    28596 : B8;
    28597 : 08;
    28598 : 2C;
    28599 : 94;
    28600 : 28;
    28601 : F1;
    28602 : 40;
    28603 : B8;
    28604 : 11;
    28605 : 8A;
    28606 : 92;
    28607 : 39;
    28608 : D8;
    28609 : 2B;
    28610 : 8B;
    28611 : 17;
    28612 : 99;
    28613 : A1;
    28614 : 7B;
    28615 : 82;
    28616 : 21;
    28617 : A8;
    28618 : 81;
    28619 : 89;
    28620 : 12;
    28621 : 2F;
    28622 : 0A;
    28623 : D1;
    28624 : A1;
    28625 : 85;
    28626 : 38;
    28627 : 19;
    28628 : 1F;
    28629 : A8;
    28630 : A2;
    28631 : 83;
    28632 : 81;
    28633 : 3F;
    28634 : 4B;
    28635 : 0A;
    28636 : F0;
    28637 : B1;
    28638 : 81;
    28639 : 23;
    28640 : 31;
    28641 : 0E;
    28642 : 09;
    28643 : 81;
    28644 : 22;
    28645 : D1;
    28646 : 0C;
    28647 : 9A;
    28648 : BB;
    28649 : 02;
    28650 : 93;
    28651 : 37;
    28652 : 89;
    28653 : 3C;
    28654 : 0C;
    28655 : 39;
    28656 : 84;
    28657 : 84;
    28658 : A2;
    28659 : D0;
    28660 : 48;
    28661 : 31;
    28662 : 38;
    28663 : 80;
    28664 : 8C;
    28665 : 02;
    28666 : C1;
    28667 : 09;
    28668 : B0;
    28669 : 40;
    28670 : B0;
    28671 : 90;
    28672 : 1C;
    28673 : 0E;
    28674 : 3A;
    28675 : 06;
    28676 : A0;
    28677 : F9;
    28678 : 0A;
    28679 : 20;
    28680 : 19;
    28681 : 1C;
    28682 : 9A;
    28683 : 05;
    28684 : F2;
    28685 : A1;
    28686 : 08;
    28687 : 38;
    28688 : 38;
    28689 : 8C;
    28690 : 91;
    28691 : C8;
    28692 : 84;
    28693 : 02;
    28694 : 4B;
    28695 : 08;
    28696 : 2C;
    28697 : 06;
    28698 : B0;
    28699 : 90;
    28700 : 2B;
    28701 : 5B;
    28702 : 90;
    28703 : B9;
    28704 : B7;
    28705 : 81;
    28706 : 10;
    28707 : 79;
    28708 : 2A;
    28709 : A0;
    28710 : 99;
    28711 : 87;
    28712 : 00;
    28713 : 98;
    28714 : 5B;
    28715 : 39;
    28716 : A1;
    28717 : A8;
    28718 : E2;
    28719 : 50;
    28720 : 00;
    28721 : 19;
    28722 : A9;
    28723 : 92;
    28724 : 20;
    28725 : D1;
    28726 : 4C;
    28727 : B9;
    28728 : 31;
    28729 : A2;
    28730 : B1;
    28731 : 0B;
    28732 : AA;
    28733 : 7D;
    28734 : C0;
    28735 : 28;
    28736 : B1;
    28737 : 03;
    28738 : 18;
    28739 : A9;
    28740 : 69;
    28741 : CA;
    28742 : 49;
    28743 : B8;
    28744 : 01;
    28745 : 8A;
    28746 : 23;
    28747 : 37;
    28748 : B0;
    28749 : 22;
    28750 : 9D;
    28751 : 41;
    28752 : 8A;
    28753 : 00;
    28754 : A0;
    28755 : A9;
    28756 : 16;
    28757 : 9A;
    28758 : 04;
    28759 : 0E;
    28760 : 32;
    28761 : 02;
    28762 : AB;
    28763 : C8;
    28764 : 0C;
    28765 : 07;
    28766 : 9A;
    28767 : 10;
    28768 : 08;
    28769 : 1B;
    28770 : C1;
    28771 : 2A;
    28772 : 87;
    28773 : 09;
    28774 : 12;
    28775 : 8A;
    28776 : 09;
    28777 : BA;
    28778 : 3B;
    28779 : 07;
    28780 : 8B;
    28781 : B9;
    28782 : 9D;
    28783 : 14;
    28784 : A1;
    28785 : 41;
    28786 : 89;
    28787 : 2B;
    28788 : A3;
    28789 : 0D;
    28790 : 87;
    28791 : 89;
    28792 : 43;
    28793 : 89;
    28794 : 08;
    28795 : C9;
    28796 : 20;
    28797 : 27;
    28798 : 8B;
    28799 : 80;
    28800 : 8C;
    28801 : 34;
    28802 : C8;
    28803 : 08;
    28804 : 00;
    28805 : 1D;
    28806 : 81;
    28807 : 9D;
    28808 : 04;
    28809 : 98;
    28810 : 30;
    28811 : 89;
    28812 : 4A;
    28813 : B8;
    28814 : CA;
    28815 : 87;
    28816 : 90;
    28817 : 10;
    28818 : 8C;
    28819 : 40;
    28820 : A1;
    28821 : 18;
    28822 : B1;
    28823 : 2A;
    28824 : 33;
    28825 : AE;
    28826 : 14;
    28827 : D8;
    28828 : 31;
    28829 : A0;
    28830 : 7B;
    28831 : 89;
    28832 : 89;
    28833 : 23;
    28834 : F0;
    28835 : 00;
    28836 : 9A;
    28837 : 69;
    28838 : 90;
    28839 : 8B;
    28840 : 91;
    28841 : 80;
    28842 : 43;
    28843 : BB;
    28844 : 61;
    28845 : A1;
    28846 : 18;
    28847 : A1;
    28848 : 6B;
    28849 : 01;
    28850 : AA;
    28851 : 32;
    28852 : A4;
    28853 : 31;
    28854 : 9A;
    28855 : 7E;
    28856 : 01;
    28857 : 8A;
    28858 : B2;
    28859 : 08;
    28860 : 20;
    28861 : E9;
    28862 : 3A;
    28863 : D1;
    28864 : 1A;
    28865 : 92;
    28866 : 4C;
    28867 : 88;
    28868 : BA;
    28869 : 20;
    28870 : B7;
    28871 : 29;
    28872 : A9;
    28873 : 79;
    28874 : 82;
    28875 : B9;
    28876 : 80;
    28877 : 93;
    28878 : 7A;
    28879 : A9;
    28880 : 4A;
    28881 : 91;
    28882 : A1;
    28883 : 18;
    28884 : 18;
    28885 : 78;
    28886 : B8;
    28887 : 49;
    28888 : C3;
    28889 : 01;
    28890 : 0A;
    28891 : 38;
    28892 : 70;
    28893 : C8;
    28894 : 00;
    28895 : B1;
    28896 : 31;
    28897 : 8A;
    28898 : 6A;
    28899 : 09;
    28900 : F0;
    28901 : 01;
    28902 : A8;
    28903 : 31;
    28904 : 8D;
    28905 : 20;
    28906 : 82;
    28907 : C8;
    28908 : 00;
    28909 : 08;
    28910 : 72;
    28911 : B9;
    28912 : 81;
    28913 : A2;
    28914 : 92;
    28915 : 10;
    28916 : 1F;
    28917 : 31;
    28918 : D9;
    28919 : 81;
    28920 : B0;
    28921 : 12;
    28922 : 3B;
    28923 : 0D;
    28924 : 12;
    28925 : FB;
    28926 : 91;
    28927 : 89;
    28928 : 60;
    28929 : 89;
    28930 : 08;
    28931 : 82;
    28932 : C0;
    28933 : 14;
    28934 : 1C;
    28935 : 22;
    28936 : 9C;
    28937 : 02;
    28938 : A4;
    28939 : 92;
    28940 : 28;
    28941 : 0F;
    28942 : 32;
    28943 : BC;
    28944 : A3;
    28945 : 80;
    28946 : 43;
    28947 : 08;
    28948 : 8F;
    28949 : 11;
    28950 : B9;
    28951 : 06;
    28952 : 8A;
    28953 : 21;
    28954 : 19;
    28955 : 8A;
    28956 : 83;
    28957 : BB;
    28958 : 07;
    28959 : 9C;
    28960 : 22;
    28961 : 0D;
    28962 : 90;
    28963 : 81;
    28964 : 98;
    28965 : 87;
    28966 : 0B;
    28967 : 01;
    28968 : 0C;
    28969 : 11;
    28970 : 89;
    28971 : B2;
    28972 : B3;
    28973 : 1F;
    28974 : 03;
    28975 : 2E;
    28976 : 80;
    28977 : A8;
    28978 : 83;
    28979 : A2;
    28980 : 38;
    28981 : 18;
    28982 : 0F;
    28983 : 86;
    28984 : AA;
    28985 : A1;
    28986 : 04;
    28987 : 59;
    28988 : 0A;
    28989 : 3B;
    28990 : 05;
    28991 : A3;
    28992 : 05;
    28993 : 2A;
    28994 : 18;
    28995 : 1C;
    28996 : 2C;
    28997 : E2;
    28998 : B1;
    28999 : 91;
    29000 : 1B;
    29001 : 50;
    29002 : 8D;
    29003 : 88;
    29004 : B2;
    29005 : 93;
    29006 : C1;
    29007 : 3D;
    29008 : 4A;
    29009 : 9A;
    29010 : 93;
    29011 : B1;
    29012 : 87;
    29013 : 29;
    29014 : 6B;
    29015 : 28;
    29016 : 99;
    29017 : C1;
    29018 : B2;
    29019 : 13;
    29020 : 1C;
    29021 : 2D;
    29022 : 19;
    29023 : A9;
    29024 : C6;
    29025 : 80;
    29026 : 11;
    29027 : 2A;
    29028 : 3A;
    29029 : 19;
    29030 : A3;
    29031 : 97;
    29032 : 08;
    29033 : 23;
    29034 : 4D;
    29035 : 0B;
    29036 : 98;
    29037 : 82;
    29038 : D4;
    29039 : 00;
    29040 : 20;
    29041 : 3C;
    29042 : 88;
    29043 : 88;
    29044 : B4;
    29045 : D3;
    29046 : 20;
    29047 : 10;
    29048 : 3D;
    29049 : 9A;
    29050 : 99;
    29051 : 97;
    29052 : A0;
    29053 : 19;
    29054 : 19;
    29055 : 5C;
    29056 : A8;
    29057 : 98;
    29058 : 93;
    29059 : B1;
    29060 : 31;
    29061 : 1D;
    29062 : 3C;
    29063 : B9;
    29064 : 89;
    29065 : D5;
    29066 : 80;
    29067 : 2A;
    29068 : 2A;
    29069 : 78;
    29070 : 98;
    29071 : 92;
    29072 : A3;
    29073 : 30;
    29074 : 30;
    29075 : 7B;
    29076 : 39;
    29077 : D0;
    29078 : 82;
    29079 : C1;
    29080 : 00;
    29081 : 1B;
    29082 : 4C;
    29083 : 00;
    29084 : C2;
    29085 : 01;
    29086 : B2;
    29087 : 70;
    29088 : 0A;
    29089 : 19;
    29090 : 98;
    29091 : D2;
    29092 : 84;
    29093 : 89;
    29094 : 49;
    29095 : 9A;
    29096 : 28;
    29097 : D0;
    29098 : A4;
    29099 : 10;
    29100 : 19;
    29101 : 68;
    29102 : 9B;
    29103 : 82;
    29104 : C3;
    29105 : 13;
    29106 : 9B;
    29107 : 29;
    29108 : 4B;
    29109 : DD;
    29110 : 12;
    29111 : 91;
    29112 : 82;
    29113 : 8D;
    29114 : 49;
    29115 : 80;
    29116 : C0;
    29117 : 80;
    29118 : 8A;
    29119 : 36;
    29120 : 0D;
    29121 : 10;
    29122 : 80;
    29123 : 91;
    29124 : 81;
    29125 : 89;
    29126 : 63;
    29127 : 9D;
    29128 : 02;
    29129 : 0A;
    29130 : A3;
    29131 : 08;
    29132 : 20;
    29133 : 27;
    29134 : 9B;
    29135 : 38;
    29136 : 08;
    29137 : 17;
    29138 : BB;
    29139 : 91;
    29140 : 38;
    29141 : BD;
    29142 : 98;
    29143 : 19;
    29144 : 14;
    29145 : CC;
    29146 : 10;
    29147 : 39;
    29148 : 92;
    29149 : 9A;
    29150 : 8B;
    29151 : 47;
    29152 : AB;
    29153 : 9A;
    29154 : 09;
    29155 : 44;
    29156 : B9;
    29157 : B1;
    29158 : 06;
    29159 : 89;
    29160 : 10;
    29161 : 4D;
    29162 : 11;
    29163 : D3;
    29164 : 00;
    29165 : 82;
    29166 : 28;
    29167 : 2A;
    29168 : 1E;
    29169 : 94;
    29170 : A0;
    29171 : B8;
    29172 : 08;
    29173 : 7B;
    29174 : 83;
    29175 : 8A;
    29176 : B3;
    29177 : 02;
    29178 : C0;
    29179 : 2F;
    29180 : 2A;
    29181 : 93;
    29182 : DA;
    29183 : B4;
    29184 : 48;
    29185 : 18;
    29186 : 1D;
    29187 : 08;
    29188 : 81;
    29189 : E2;
    29190 : 81;
    29191 : 4A;
    29192 : 02;
    29193 : 1C;
    29194 : A8;
    29195 : 90;
    29196 : A4;
    29197 : 89;
    29198 : 1B;
    29199 : 73;
    29200 : 89;
    29201 : C2;
    29202 : 88;
    29203 : 02;
    29204 : 8B;
    29205 : 5B;
    29206 : 39;
    29207 : E3;
    29208 : A2;
    29209 : 88;
    29210 : 33;
    29211 : 0E;
    29212 : 1A;
    29213 : 88;
    29214 : 87;
    29215 : B0;
    29216 : 81;
    29217 : 50;
    29218 : 08;
    29219 : 98;
    29220 : 99;
    29221 : 23;
    29222 : C8;
    29223 : 2A;
    29224 : 19;
    29225 : 26;
    29226 : AA;
    29227 : 99;
    29228 : 26;
    29229 : 91;
    29230 : 0B;
    29231 : 90;
    29232 : 71;
    29233 : C2;
    29234 : 89;
    29235 : 88;
    29236 : 02;
    29237 : 9B;
    29238 : 8A;
    29239 : 5D;
    29240 : B3;
    29241 : 0A;
    29242 : F2;
    29243 : 11;
    29244 : AA;
    29245 : 19;
    29246 : 5B;
    29247 : 91;
    29248 : AC;
    29249 : C3;
    29250 : 50;
    29251 : A1;
    29252 : 4A;
    29253 : 1A;
    29254 : 82;
    29255 : B9;
    29256 : A0;
    29257 : 48;
    29258 : 86;
    29259 : 1C;
    29260 : 91;
    29261 : 41;
    29262 : D0;
    29263 : 00;
    29264 : 21;
    29265 : 31;
    29266 : 0F;
    29267 : 08;
    29268 : 08;
    29269 : A7;
    29270 : 10;
    29271 : 18;
    29272 : 4A;
    29273 : 8A;
    29274 : 90;
    29275 : D0;
    29276 : 84;
    29277 : 0A;
    29278 : 12;
    29279 : 3D;
    29280 : A0;
    29281 : 89;
    29282 : C3;
    29283 : 02;
    29284 : DA;
    29285 : 59;
    29286 : 0B;
    29287 : 94;
    29288 : 9A;
    29289 : B4;
    29290 : 11;
    29291 : A8;
    29292 : 2C;
    29293 : 09;
    29294 : 52;
    29295 : DA;
    29296 : 03;
    29297 : 20;
    29298 : 93;
    29299 : 0F;
    29300 : 08;
    29301 : 12;
    29302 : F1;
    29303 : 88;
    29304 : 08;
    29305 : 41;
    29306 : 0E;
    29307 : 08;
    29308 : 00;
    29309 : C3;
    29310 : 80;
    29311 : 29;
    29312 : 78;
    29313 : 99;
    29314 : 81;
    29315 : 92;
    29316 : A5;
    29317 : 19;
    29318 : 3B;
    29319 : 40;
    29320 : C8;
    29321 : B1;
    29322 : 93;
    29323 : 25;
    29324 : 1D;
    29325 : 1A;
    29326 : 18;
    29327 : D2;
    29328 : B1;
    29329 : 18;
    29330 : 48;
    29331 : 0C;
    29332 : 0A;
    29333 : 01;
    29334 : A7;
    29335 : 90;
    29336 : 2B;
    29337 : 60;
    29338 : 0B;
    29339 : C8;
    29340 : A2;
    29341 : 84;
    29342 : 09;
    29343 : 2C;
    29344 : 39;
    29345 : A8;
    29346 : D4;
    29347 : 00;
    29348 : 21;
    29349 : 2B;
    29350 : 1C;
    29351 : 18;
    29352 : B5;
    29353 : E3;
    29354 : 08;
    29355 : 52;
    29356 : 1A;
    29357 : 99;
    29358 : 90;
    29359 : 94;
    29360 : B1;
    29361 : 52;
    29362 : 3B;
    29363 : 9C;
    29364 : B9;
    29365 : 10;
    29366 : 17;
    29367 : 28;
    29368 : 1A;
    29369 : 18;
    29370 : 24;
    29371 : 8A;
    29372 : B0;
    29373 : 85;
    29374 : 99;
    29375 : BB;
    29376 : 3D;
    29377 : 9B;
    29378 : F9;
    29379 : 92;
    29380 : 20;
    29381 : A0;
    29382 : 2C;
    29383 : 93;
    29384 : F9;
    29385 : 89;
    29386 : 68;
    29387 : 38;
    29388 : B0;
    29389 : CA;
    29390 : 12;
    29391 : 54;
    29392 : 88;
    29393 : AA;
    29394 : 18;
    29395 : 13;
    29396 : B9;
    29397 : 20;
    29398 : F9;
    29399 : 9E;
    29400 : 20;
    29401 : 4A;
    29402 : 40;
    29403 : CA;
    29404 : 13;
    29405 : 04;
    29406 : 39;
    29407 : 1A;
    29408 : 9C;
    29409 : 13;
    29410 : 90;
    29411 : 09;
    29412 : C9;
    29413 : 5D;
    29414 : 12;
    29415 : 03;
    29416 : 99;
    29417 : FC;
    29418 : 29;
    29419 : 31;
    29420 : 00;
    29421 : D3;
    29422 : BB;
    29423 : 20;
    29424 : 61;
    29425 : 20;
    29426 : E8;
    29427 : A9;
    29428 : 80;
    29429 : 40;
    29430 : 08;
    29431 : 8B;
    29432 : A1;
    29433 : 26;
    29434 : 11;
    29435 : 9C;
    29436 : 0C;
    29437 : 9A;
    29438 : 05;
    29439 : A4;
    29440 : 8A;
    29441 : A9;
    29442 : 3C;
    29443 : 23;
    29444 : F2;
    29445 : 0A;
    29446 : 91;
    29447 : 41;
    29448 : 81;
    29449 : 9E;
    29450 : 12;
    29451 : 80;
    29452 : 11;
    29453 : A1;
    29454 : 2F;
    29455 : 88;
    29456 : 89;
    29457 : 13;
    29458 : 92;
    29459 : 84;
    29460 : 3A;
    29461 : 2C;
    29462 : A0;
    29463 : 90;
    29464 : E0;
    29465 : 16;
    29466 : 08;
    29467 : 2C;
    29468 : 91;
    29469 : 29;
    29470 : F3;
    29471 : 98;
    29472 : 41;
    29473 : 8A;
    29474 : 40;
    29475 : B9;
    29476 : 81;
    29477 : 97;
    29478 : 1A;
    29479 : 22;
    29480 : 9D;
    29481 : 09;
    29482 : C0;
    29483 : 11;
    29484 : B3;
    29485 : 8F;
    29486 : 20;
    29487 : 28;
    29488 : 02;
    29489 : E8;
    29490 : 19;
    29491 : 08;
    29492 : 11;
    29493 : 80;
    29494 : A9;
    29495 : B3;
    29496 : 70;
    29497 : 06;
    29498 : 19;
    29499 : 9A;
    29500 : BB;
    29501 : 37;
    29502 : B8;
    29503 : 00;
    29504 : C9;
    29505 : 4C;
    29506 : 03;
    29507 : 8B;
    29508 : 02;
    29509 : BD;
    29510 : 71;
    29511 : A1;
    29512 : 19;
    29513 : B0;
    29514 : 1D;
    29515 : 33;
    29516 : A9;
    29517 : 21;
    29518 : FB;
    29519 : 20;
    29520 : 83;
    29521 : 08;
    29522 : 91;
    29523 : 0F;
    29524 : 22;
    29525 : 90;
    29526 : 80;
    29527 : BC;
    29528 : 38;
    29529 : 80;
    29530 : 15;
    29531 : FA;
    29532 : 09;
    29533 : 11;
    29534 : 4A;
    29535 : 03;
    29536 : AE;
    29537 : 12;
    29538 : B0;
    29539 : 72;
    29540 : B0;
    29541 : 2B;
    29542 : 03;
    29543 : 0B;
    29544 : 06;
    29545 : DB;
    29546 : 11;
    29547 : B0;
    29548 : 50;
    29549 : B1;
    29550 : 0C;
    29551 : 02;
    29552 : 0C;
    29553 : 23;
    29554 : DA;
    29555 : 21;
    29556 : A1;
    29557 : 48;
    29558 : 91;
    29559 : 1C;
    29560 : 11;
    29561 : 0B;
    29562 : 85;
    29563 : 9C;
    29564 : 11;
    29565 : AA;
    29566 : 51;
    29567 : E8;
    29568 : 38;
    29569 : B1;
    29570 : 4A;
    29571 : 12;
    29572 : 9F;
    29573 : 13;
    29574 : AA;
    29575 : 33;
    29576 : E8;
    29577 : 3A;
    29578 : 82;
    29579 : 1B;
    29580 : 86;
    29581 : BB;
    29582 : 42;
    29583 : A9;
    29584 : 50;
    29585 : D0;
    29586 : 19;
    29587 : 82;
    29588 : 1A;
    29589 : 13;
    29590 : 9E;
    29591 : 11;
    29592 : 98;
    29593 : 22;
    29594 : D1;
    29595 : 3A;
    29596 : 81;
    29597 : 49;
    29598 : 93;
    29599 : 0D;
    29600 : 02;
    29601 : 8C;
    29602 : 34;
    29603 : EA;
    29604 : 20;
    29605 : C0;
    29606 : 49;
    29607 : A3;
    29608 : 0D;
    29609 : 02;
    29610 : AB;
    29611 : 53;
    29612 : D8;
    29613 : 20;
    29614 : B0;
    29615 : 19;
    29616 : 85;
    29617 : 8B;
    29618 : 13;
    29619 : 9C;
    29620 : 50;
    29621 : B8;
    29622 : 20;
    29623 : B2;
    29624 : 29;
    29625 : 03;
    29626 : 1E;
    29627 : 80;
    29628 : AB;
    29629 : 21;
    29630 : DB;
    29631 : 24;
    29632 : BA;
    29633 : 28;
    29634 : E3;
    29635 : 4A;
    29636 : 94;
    29637 : 0B;
    29638 : 41;
    29639 : BC;
    29640 : 43;
    29641 : C8;
    29642 : 20;
    29643 : A3;
    29644 : 2D;
    29645 : 13;
    29646 : 9D;
    29647 : 22;
    29648 : CA;
    29649 : 32;
    29650 : 90;
    29651 : 1B;
    29652 : B4;
    29653 : 1C;
    29654 : 13;
    29655 : A8;
    29656 : 50;
    29657 : AC;
    29658 : 11;
    29659 : 80;
    29660 : 81;
    29661 : C3;
    29662 : 4A;
    29663 : 93;
    29664 : 4B;
    29665 : 80;
    29666 : 9F;
    29667 : 13;
    29668 : A9;
    29669 : 33;
    29670 : F0;
    29671 : 2C;
    29672 : 91;
    29673 : 1A;
    29674 : 33;
    29675 : BF;
    29676 : 13;
    29677 : 99;
    29678 : 48;
    29679 : D3;
    29680 : 3B;
    29681 : 93;
    29682 : 99;
    29683 : 42;
    29684 : DA;
    29685 : 31;
    29686 : 98;
    29687 : 00;
    29688 : 94;
    29689 : 0D;
    29690 : 82;
    29691 : 19;
    29692 : 18;
    29693 : BA;
    29694 : 11;
    29695 : 09;
    29696 : 03;
    29697 : F0;
    29698 : 7B;
    29699 : A0;
    29700 : 18;
    29701 : 01;
    29702 : 9E;
    29703 : 15;
    29704 : 8B;
    29705 : 22;
    29706 : C0;
    29707 : 4C;
    29708 : A2;
    29709 : 2A;
    29710 : 02;
    29711 : FB;
    29712 : 41;
    29713 : 99;
    29714 : 28;
    29715 : B1;
    29716 : 1C;
    29717 : 13;
    29718 : 9B;
    29719 : 32;
    29720 : CC;
    29721 : 30;
    29722 : 92;
    29723 : 29;
    29724 : A3;
    29725 : 0C;
    29726 : 21;
    29727 : 08;
    29728 : 97;
    29729 : F1;
    29730 : 3A;
    29731 : 10;
    29732 : 84;
    29733 : 9B;
    29734 : 9F;
    29735 : 18;
    29736 : 82;
    29737 : B9;
    29738 : 19;
    29739 : 57;
    29740 : 90;
    29741 : 23;
    29742 : A8;
    29743 : 89;
    29744 : 90;
    29745 : BF;
    29746 : 81;
    29747 : BA;
    29748 : 31;
    29749 : 04;
    29750 : 59;
    29751 : 91;
    29752 : 9A;
    29753 : 2C;
    29754 : 83;
    29755 : 04;
    29756 : FA;
    29757 : 38;
    29758 : A0;
    29759 : 49;
    29760 : 02;
    29761 : C9;
    29762 : 08;
    29763 : BB;
    29764 : 15;
    29765 : 20;
    29766 : 88;
    29767 : 81;
    29768 : 60;
    29769 : A1;
    29770 : 72;
    29771 : 98;
    29772 : 9B;
    29773 : 04;
    29774 : BC;
    29775 : 09;
    29776 : D0;
    29777 : 08;
    29778 : A5;
    29779 : 39;
    29780 : 11;
    29781 : 02;
    29782 : 44;
    29783 : 9B;
    29784 : 22;
    29785 : BD;
    29786 : 2A;
    29787 : B6;
    29788 : 9A;
    29789 : 31;
    29790 : 98;
    29791 : 58;
    29792 : 88;
    29793 : 8A;
    29794 : 00;
    29795 : 0B;
    29796 : A1;
    29797 : 63;
    29798 : C8;
    29799 : 10;
    29800 : 14;
    29801 : 8B;
    29802 : 14;
    29803 : BB;
    29804 : B1;
    29805 : AC;
    29806 : 1D;
    29807 : 09;
    29808 : 51;
    29809 : 86;
    29810 : 18;
    29811 : 31;
    29812 : F9;
    29813 : 39;
    29814 : B8;
    29815 : 80;
    29816 : 19;
    29817 : 9E;
    29818 : 24;
    29819 : A0;
    29820 : 29;
    29821 : A0;
    29822 : 40;
    29823 : A1;
    29824 : 88;
    29825 : 01;
    29826 : 3B;
    29827 : 27;
    29828 : 14;
    29829 : 18;
    29830 : FB;
    29831 : A9;
    29832 : 0A;
    29833 : 85;
    29834 : 0A;
    29835 : 09;
    29836 : 20;
    29837 : 70;
    29838 : 91;
    29839 : C8;
    29840 : 29;
    29841 : A0;
    29842 : 26;
    29843 : 99;
    29844 : B9;
    29845 : 81;
    29846 : 39;
    29847 : 32;
    29848 : BE;
    29849 : 89;
    29850 : 83;
    29851 : 24;
    29852 : 90;
    29853 : 9E;
    29854 : 29;
    29855 : 32;
    29856 : 81;
    29857 : A1;
    29858 : 2C;
    29859 : B9;
    29860 : 19;
    29861 : A0;
    29862 : FE;
    29863 : 5A;
    29864 : 00;
    29865 : 80;
    29866 : 00;
    29867 : BA;
    29868 : 23;
    29869 : 73;
    29870 : 80;
    29871 : C2;
    29872 : 8B;
    29873 : 91;
    29874 : 94;
    29875 : 28;
    29876 : 99;
    29877 : 25;
    29878 : 00;
    29879 : A8;
    29880 : AB;
    29881 : 1D;
    29882 : 23;
    29883 : 25;
    29884 : 91;
    29885 : BC;
    29886 : 12;
    29887 : 78;
    29888 : 81;
    29889 : F9;
    29890 : 1B;
    29891 : B0;
    29892 : 21;
    29893 : AB;
    29894 : FB;
    29895 : 24;
    29896 : 20;
    29897 : 82;
    29898 : 00;
    29899 : 0F;
    29900 : 91;
    29901 : 01;
    29902 : 99;
    29903 : EA;
    29904 : 30;
    29905 : 20;
    29906 : 80;
    29907 : 91;
    29908 : 9E;
    29909 : 02;
    29910 : 02;
    29911 : 2A;
    29912 : F8;
    29913 : 81;
    29914 : 38;
    29915 : A1;
    29916 : 99;
    29917 : 3D;
    29918 : 04;
    29919 : 35;
    29920 : BB;
    29921 : CA;
    29922 : 30;
    29923 : 59;
    29924 : 95;
    29925 : 9A;
    29926 : 89;
    29927 : B3;
    29928 : 21;
    29929 : A9;
    29930 : A0;
    29931 : 50;
    29932 : 40;
    29933 : A2;
    29934 : A8;
    29935 : 2F;
    29936 : 11;
    29937 : 84;
    29938 : 88;
    29939 : F8;
    29940 : 08;
    29941 : 41;
    29942 : A9;
    29943 : 28;
    29944 : 8D;
    29945 : 81;
    29946 : 92;
    29947 : 9B;
    29948 : A8;
    29949 : 29;
    29950 : 64;
    29951 : A8;
    29952 : 1A;
    29953 : CB;
    29954 : 28;
    29955 : 02;
    29956 : B1;
    29957 : D9;
    29958 : 05;
    29959 : 63;
    29960 : 8A;
    29961 : A8;
    29962 : 1C;
    29963 : 24;
    29964 : 03;
    29965 : 10;
    29966 : F9;
    29967 : 19;
    29968 : 12;
    29969 : AB;
    29970 : 28;
    29971 : AF;
    29972 : 51;
    29973 : 91;
    29974 : 19;
    29975 : D1;
    29976 : 09;
    29977 : 16;
    29978 : 98;
    29979 : 01;
    29980 : 8C;
    29981 : 40;
    29982 : A0;
    29983 : 19;
    29984 : C0;
    29985 : 89;
    29986 : 34;
    29987 : BA;
    29988 : A1;
    29989 : 0E;
    29990 : 52;
    29991 : 81;
    29992 : 38;
    29993 : D9;
    29994 : 09;
    29995 : 13;
    29996 : 8A;
    29997 : A1;
    29998 : 9F;
    29999 : 40;
    30000 : B8;
    30001 : 21;
    30002 : CA;
    30003 : 19;
    30004 : 27;
    30005 : 0A;
    30006 : 91;
    30007 : 9C;
    30008 : 58;
    30009 : B0;
    30010 : 48;
    30011 : B9;
    30012 : 09;
    30013 : 86;
    30014 : 09;
    30015 : 94;
    30016 : 9B;
    30017 : 68;
    30018 : 80;
    30019 : 48;
    30020 : 89;
    30021 : 08;
    30022 : 94;
    30023 : 0A;
    30024 : B4;
    30025 : 9B;
    30026 : 70;
    30027 : A8;
    30028 : 32;
    30029 : AA;
    30030 : 88;
    30031 : 05;
    30032 : 1C;
    30033 : B4;
    30034 : 89;
    30035 : 31;
    30036 : D9;
    30037 : 51;
    30038 : 8A;
    30039 : 29;
    30040 : C2;
    30041 : 0A;
    30042 : A3;
    30043 : CA;
    30044 : 61;
    30045 : A9;
    30046 : 42;
    30047 : A9;
    30048 : 1B;
    30049 : A5;
    30050 : 2B;
    30051 : A5;
    30052 : A8;
    30053 : 41;
    30054 : C9;
    30055 : 31;
    30056 : 9A;
    30057 : 2A;
    30058 : 95;
    30059 : 3B;
    30060 : A5;
    30061 : A8;
    30062 : 42;
    30063 : BB;
    30064 : 33;
    30065 : 8A;
    30066 : 4B;
    30067 : D4;
    30068 : 3A;
    30069 : B2;
    30070 : 98;
    30071 : 62;
    30072 : CB;
    30073 : 24;
    30074 : 0B;
    30075 : 28;
    30076 : A5;
    30077 : 3C;
    30078 : A2;
    30079 : 09;
    30080 : 31;
    30081 : EC;
    30082 : 21;
    30083 : 89;
    30084 : 20;
    30085 : C3;
    30086 : 2D;
    30087 : A2;
    30088 : 88;
    30089 : 31;
    30090 : FB;
    30091 : 11;
    30092 : 8A;
    30093 : 28;
    30094 : B4;
    30095 : 1D;
    30096 : 91;
    30097 : 49;
    30098 : 31;
    30099 : FB;
    30100 : 12;
    30101 : 99;
    30102 : 02;
    30103 : C1;
    30104 : 1E;
    30105 : 82;
    30106 : 19;
    30107 : 02;
    30108 : E9;
    30109 : 20;
    30110 : BA;
    30111 : 52;
    30112 : 90;
    30113 : 0B;
    30114 : 83;
    30115 : 69;
    30116 : 23;
    30117 : AA;
    30118 : 39;
    30119 : F8;
    30120 : 31;
    30121 : 80;
    30122 : 8A;
    30123 : 92;
    30124 : 1D;
    30125 : 92;
    30126 : B0;
    30127 : 0D;
    30128 : B0;
    30129 : 41;
    30130 : 02;
    30131 : B8;
    30132 : 89;
    30133 : 0E;
    30134 : 85;
    30135 : 2B;
    30136 : AB;
    30137 : 92;
    30138 : 70;
    30139 : 93;
    30140 : 43;
    30141 : 10;
    30142 : AA;
    30143 : 04;
    30144 : 8F;
    30145 : A0;
    30146 : B8;
    30147 : 28;
    30148 : BB;
    30149 : 8B;
    30150 : C8;
    30151 : 88;
    30152 : 60;
    30153 : 3B;
    30154 : 83;
    30155 : 95;
    30156 : 38;
    30157 : 32;
    30158 : 78;
    30159 : A3;
    30160 : 9B;
    30161 : 14;
    30162 : 8F;
    30163 : 86;
    30164 : 0A;
    30165 : 80;
    30166 : 88;
    30167 : 33;
    30168 : 10;
    30169 : 88;
    30170 : 49;
    30171 : 09;
    30172 : 19;
    30173 : E2;
    30174 : 1D;
    30175 : 85;
    30176 : 2B;
    30177 : E3;
    30178 : 1A;
    30179 : 81;
    30180 : 1B;
    30181 : 90;
    30182 : 89;
    30183 : 7A;
    30184 : B9;
    30185 : 82;
    30186 : 00;
    30187 : 35;
    30188 : 8D;
    30189 : D9;
    30190 : 28;
    30191 : 20;
    30192 : 0A;
    30193 : EB;
    30194 : 08;
    30195 : 61;
    30196 : B8;
    30197 : 92;
    30198 : 8A;
    30199 : 54;
    30200 : 80;
    30201 : 92;
    30202 : 1B;
    30203 : 20;
    30204 : 13;
    30205 : EA;
    30206 : A0;
    30207 : 3B;
    30208 : B1;
    30209 : 06;
    30210 : AA;
    30211 : 41;
    30212 : 0A;
    30213 : 84;
    30214 : 2B;
    30215 : 92;
    30216 : 19;
    30217 : D9;
    30218 : 00;
    30219 : 11;
    30220 : F1;
    30221 : 89;
    30222 : 9A;
    30223 : 46;
    30224 : A0;
    30225 : 88;
    30226 : 1D;
    30227 : 14;
    30228 : 42;
    30229 : BA;
    30230 : B8;
    30231 : 00;
    30232 : 07;
    30233 : 99;
    30234 : B9;
    30235 : 38;
    30236 : 34;
    30237 : 08;
    30238 : 9F;
    30239 : A8;
    30240 : 50;
    30241 : 98;
    30242 : A0;
    30243 : A9;
    30244 : 23;
    30245 : 4A;
    30246 : B3;
    30247 : 3C;
    30248 : 90;
    30249 : 79;
    30250 : B8;
    30251 : 92;
    30252 : 29;
    30253 : DA;
    30254 : A2;
    30255 : 20;
    30256 : 14;
    30257 : 0C;
    30258 : B3;
    30259 : 7B;
    30260 : 04;
    30261 : 00;
    30262 : BA;
    30263 : 20;
    30264 : 28;
    30265 : F3;
    30266 : B9;
    30267 : 2B;
    30268 : 13;
    30269 : 02;
    30270 : B4;
    30271 : 1F;
    30272 : 83;
    30273 : 12;
    30274 : A8;
    30275 : AB;
    30276 : 0B;
    30277 : B7;
    30278 : 88;
    30279 : 8C;
    30280 : 29;
    30281 : 13;
    30282 : 33;
    30283 : 1F;
    30284 : D2;
    30285 : 11;
    30286 : 90;
    30287 : 4B;
    30288 : A0;
    30289 : A3;
    30290 : 88;
    30291 : 2D;
    30292 : 32;
    30293 : 90;
    30294 : 41;
    30295 : 9F;
    30296 : 94;
    30297 : 00;
    30298 : 89;
    30299 : 3B;
    30300 : A2;
    30301 : 05;
    30302 : BC;
    30303 : 8D;
    30304 : 31;
    30305 : 21;
    30306 : 05;
    30307 : AE;
    30308 : 03;
    30309 : 18;
    30310 : 82;
    30311 : AC;
    30312 : 98;
    30313 : 21;
    30314 : 8D;
    30315 : C8;
    30316 : 19;
    30317 : 30;
    30318 : 34;
    30319 : BC;
    30320 : 86;
    30321 : 20;
    30322 : 21;
    30323 : 90;
    30324 : B2;
    30325 : 30;
    30326 : 9F;
    30327 : 99;
    30328 : 20;
    30329 : 81;
    30330 : 64;
    30331 : D8;
    30332 : 12;
    30333 : 89;
    30334 : 09;
    30335 : CA;
    30336 : 90;
    30337 : 40;
    30338 : CB;
    30339 : C8;
    30340 : 09;
    30341 : 98;
    30342 : 42;
    30343 : D0;
    30344 : 35;
    30345 : 09;
    30346 : 10;
    30347 : A9;
    30348 : 23;
    30349 : 79;
    30350 : 88;
    30351 : A0;
    30352 : 0A;
    30353 : 93;
    30354 : 21;
    30355 : E3;
    30356 : 49;
    30357 : 89;
    30358 : 90;
    30359 : DB;
    30360 : 01;
    30361 : 7A;
    30362 : 82;
    30363 : 00;
    30364 : 0A;
    30365 : C1;
    30366 : 10;
    30367 : C3;
    30368 : 4C;
    30369 : B0;
    30370 : 1A;
    30371 : B9;
    30372 : 1B;
    30373 : 2C;
    30374 : F1;
    30375 : 28;
    30376 : 8A;
    30377 : 05;
    30378 : 11;
    30379 : A1;
    30380 : 4C;
    30381 : 91;
    30382 : 38;
    30383 : B0;
    30384 : 39;
    30385 : 11;
    30386 : B7;
    30387 : 1A;
    30388 : 9E;
    30389 : 83;
    30390 : 21;
    30391 : 04;
    30392 : 1E;
    30393 : 92;
    30394 : 20;
    30395 : 80;
    30396 : AA;
    30397 : 9D;
    30398 : 94;
    30399 : 1C;
    30400 : A0;
    30401 : 03;
    30402 : 40;
    30403 : 13;
    30404 : 3B;
    30405 : A7;
    30406 : 29;
    30407 : B0;
    30408 : 08;
    30409 : 80;
    30410 : A4;
    30411 : 8F;
    30412 : E0;
    30413 : 00;
    30414 : 09;
    30415 : 10;
    30416 : 0A;
    30417 : 05;
    30418 : 18;
    30419 : B0;
    30420 : A9;
    30421 : 99;
    30422 : 33;
    30423 : BB;
    30424 : E5;
    30425 : 38;
    30426 : 1B;
    30427 : 23;
    30428 : AE;
    30429 : 14;
    30430 : 2A;
    30431 : 95;
    30432 : 11;
    30433 : 8A;
    30434 : 11;
    30435 : BB;
    30436 : 94;
    30437 : 3B;
    30438 : 1E;
    30439 : 14;
    30440 : 91;
    30441 : 07;
    30442 : 9B;
    30443 : D2;
    30444 : 08;
    30445 : 90;
    30446 : 21;
    30447 : 88;
    30448 : 01;
    30449 : 40;
    30450 : 99;
    30451 : 98;
    30452 : F9;
    30453 : 19;
    30454 : 8D;
    30455 : 84;
    30456 : 28;
    30457 : 91;
    30458 : 35;
    30459 : 08;
    30460 : 90;
    30461 : 89;
    30462 : 0B;
    30463 : 72;
    30464 : C3;
    30465 : 10;
    30466 : DC;
    30467 : 00;
    30468 : 9B;
    30469 : A0;
    30470 : 3B;
    30471 : 0D;
    30472 : 83;
    30473 : 1A;
    30474 : AC;
    30475 : 4A;
    30476 : A5;
    30477 : 51;
    30478 : C8;
    30479 : 39;
    30480 : 00;
    30481 : 13;
    30482 : 29;
    30483 : AA;
    30484 : 13;
    30485 : 3F;
    30486 : 03;
    30487 : 1C;
    30488 : B3;
    30489 : 78;
    30490 : 81;
    30491 : 32;
    30492 : 2A;
    30493 : AA;
    30494 : 8C;
    30495 : 01;
    30496 : 63;
    30497 : 1B;
    30498 : F0;
    30499 : 99;
    30500 : A4;
    30501 : 3A;
    30502 : E8;
    30503 : 08;
    30504 : 01;
    30505 : 18;
    30506 : FA;
    30507 : D9;
    30508 : 30;
    30509 : 80;
    30510 : 82;
    30511 : AB;
    30512 : 32;
    30513 : 70;
    30514 : A4;
    30515 : A9;
    30516 : 21;
    30517 : 38;
    30518 : 89;
    30519 : CA;
    30520 : 28;
    30521 : 49;
    30522 : B7;
    30523 : BB;
    30524 : 40;
    30525 : 29;
    30526 : 11;
    30527 : 99;
    30528 : 80;
    30529 : 70;
    30530 : C2;
    30531 : 98;
    30532 : 3D;
    30533 : 93;
    30534 : 08;
    30535 : CB;
    30536 : 00;
    30537 : 48;
    30538 : 07;
    30539 : 0B;
    30540 : 29;
    30541 : 44;
    30542 : 88;
    30543 : B8;
    30544 : 09;
    30545 : 11;
    30546 : 17;
    30547 : 9A;
    30548 : 0B;
    30549 : 32;
    30550 : 88;
    30551 : DA;
    30552 : CA;
    30553 : 39;
    30554 : 06;
    30555 : 9A;
    30556 : 9D;
    30557 : 12;
    30558 : 11;
    30559 : C0;
    30560 : 88;
    30561 : 8C;
    30562 : 25;
    30563 : AB;
    30564 : AA;
    30565 : 41;
    30566 : C1;
    30567 : A3;
    30568 : 9C;
    30569 : 88;
    30570 : 46;
    30571 : 8A;
    30572 : 08;
    30573 : 21;
    30574 : 93;
    30575 : C1;
    30576 : 09;
    30577 : 19;
    30578 : 37;
    30579 : AA;
    30580 : 9D;
    30581 : 10;
    30582 : 13;
    30583 : 91;
    30584 : 2C;
    30585 : 98;
    30586 : 57;
    30587 : A8;
    30588 : 99;
    30589 : 28;
    30590 : 93;
    30591 : 38;
    30592 : 8F;
    30593 : 89;
    30594 : 71;
    30595 : 90;
    30596 : 8A;
    30597 : 80;
    30598 : 13;
    30599 : 18;
    30600 : 9C;
    30601 : 88;
    30602 : 71;
    30603 : 81;
    30604 : CA;
    30605 : 08;
    30606 : 02;
    30607 : 18;
    30608 : AC;
    30609 : C8;
    30610 : 79;
    30611 : 91;
    30612 : B9;
    30613 : 80;
    30614 : 13;
    30615 : 49;
    30616 : EA;
    30617 : 80;
    30618 : 5A;
    30619 : 83;
    30620 : A9;
    30621 : 80;
    30622 : 41;
    30623 : 28;
    30624 : C9;
    30625 : 91;
    30626 : 68;
    30627 : 03;
    30628 : E9;
    30629 : 09;
    30630 : 20;
    30631 : 10;
    30632 : D0;
    30633 : 81;
    30634 : 3A;
    30635 : 07;
    30636 : A9;
    30637 : 89;
    30638 : 31;
    30639 : 2A;
    30640 : F2;
    30641 : 09;
    30642 : 1A;
    30643 : 06;
    30644 : A8;
    30645 : 88;
    30646 : 38;
    30647 : 08;
    30648 : D2;
    30649 : A8;
    30650 : 2A;
    30651 : 43;
    30652 : D8;
    30653 : 9A;
    30654 : 48;
    30655 : 00;
    30656 : D2;
    30657 : 08;
    30658 : 8B;
    30659 : 27;
    30660 : A8;
    30661 : 8A;
    30662 : 68;
    30663 : 08;
    30664 : A2;
    30665 : 8A;
    30666 : 8C;
    30667 : 45;
    30668 : A0;
    30669 : 8A;
    30670 : 3B;
    30671 : A2;
    30672 : A4;
    30673 : 89;
    30674 : 89;
    30675 : 72;
    30676 : B3;
    30677 : 8B;
    30678 : 59;
    30679 : 93;
    30680 : 95;
    30681 : 19;
    30682 : 9C;
    30683 : 43;
    30684 : A3;
    30685 : BB;
    30686 : 2C;
    30687 : B3;
    30688 : 04;
    30689 : 9A;
    30690 : BC;
    30691 : 51;
    30692 : B4;
    30693 : 89;
    30694 : 8D;
    30695 : B2;
    30696 : 80;
    30697 : 19;
    30698 : 88;
    30699 : 71;
    30700 : 95;
    30701 : 89;
    30702 : 19;
    30703 : 04;
    30704 : 13;
    30705 : 18;
    30706 : BB;
    30707 : 1A;
    30708 : B7;
    30709 : AA;
    30710 : 9E;
    30711 : 92;
    30712 : 01;
    30713 : 98;
    30714 : CB;
    30715 : 39;
    30716 : 07;
    30717 : 18;
    30718 : 89;
    30719 : 14;
    30720 : 02;
    30721 : 08;
    30722 : 8B;
    30723 : 81;
    30724 : 67;
    30725 : 88;
    30726 : AA;
    30727 : 90;
    30728 : 80;
    30729 : 30;
    30730 : 88;
    30731 : 11;
    30732 : 47;
    30733 : 89;
    30734 : 9D;
    30735 : 01;
    30736 : 20;
    30737 : 08;
    30738 : AB;
    30739 : CB;
    30740 : 17;
    30741 : 8A;
    30742 : 9B;
    30743 : 02;
    30744 : 03;
    30745 : 29;
    30746 : BD;
    30747 : F0;
    30748 : 22;
    30749 : 88;
    30750 : AC;
    30751 : 01;
    30752 : 02;
    30753 : 19;
    30754 : DC;
    30755 : C0;
    30756 : 43;
    30757 : 28;
    30758 : 9A;
    30759 : 03;
    30760 : 12;
    30761 : 1A;
    30762 : CC;
    30763 : D1;
    30764 : 72;
    30765 : 08;
    30766 : 98;
    30767 : 80;
    30768 : 01;
    30769 : 20;
    30770 : B0;
    30771 : B4;
    30772 : 7A;
    30773 : 80;
    30774 : BA;
    30775 : 18;
    30776 : 23;
    30777 : 30;
    30778 : B2;
    30779 : B1;
    30780 : 70;
    30781 : 87;
    30782 : B9;
    30783 : 10;
    30784 : 11;
    30785 : 00;
    30786 : BA;
    30787 : CA;
    30788 : 7A;
    30789 : 92;
    30790 : A9;
    30791 : 1C;
    30792 : 03;
    30793 : 20;
    30794 : D8;
    30795 : 8A;
    30796 : 1D;
    30797 : 15;
    30798 : AA;
    30799 : 9A;
    30800 : 12;
    30801 : 29;
    30802 : C9;
    30803 : AB;
    30804 : 4B;
    30805 : 17;
    30806 : A8;
    30807 : 09;
    30808 : 23;
    30809 : 58;
    30810 : A8;
    30811 : 88;
    30812 : 39;
    30813 : 37;
    30814 : A8;
    30815 : BA;
    30816 : 13;
    30817 : 3B;
    30818 : D1;
    30819 : 29;
    30820 : 01;
    30821 : 77;
    30822 : 98;
    30823 : B9;
    30824 : 12;
    30825 : 19;
    30826 : A0;
    30827 : DA;
    30828 : 98;
    30829 : 53;
    30830 : C0;
    30831 : AA;
    30832 : 22;
    30833 : 41;
    30834 : A3;
    30835 : D8;
    30836 : 88;
    30837 : 52;
    30838 : 91;
    30839 : B8;
    30840 : 50;
    30841 : 0A;
    30842 : A2;
    30843 : AD;
    30844 : AA;
    30845 : 78;
    30846 : 81;
    30847 : B9;
    30848 : 39;
    30849 : 98;
    30850 : 20;
    30851 : 9A;
    30852 : 0A;
    30853 : 77;
    30854 : A2;
    30855 : 0E;
    30856 : 18;
    30857 : 01;
    30858 : 12;
    30859 : BB;
    30860 : 2D;
    30861 : 83;
    30862 : 9B;
    30863 : B9;
    30864 : 72;
    30865 : 15;
    30866 : 12;
    30867 : C9;
    30868 : A8;
    30869 : 29;
    30870 : A8;
    30871 : EA;
    30872 : 99;
    30873 : 51;
    30874 : 11;
    30875 : 92;
    30876 : 08;
    30877 : 20;
    30878 : 0B;
    30879 : C7;
    30880 : 08;
    30881 : B8;
    30882 : 60;
    30883 : A8;
    30884 : 2A;
    30885 : 40;
    30886 : A8;
    30887 : A0;
    30888 : CB;
    30889 : 78;
    30890 : 92;
    30891 : 91;
    30892 : 0A;
    30893 : 4A;
    30894 : 34;
    30895 : 91;
    30896 : AA;
    30897 : AB;
    30898 : A7;
    30899 : C8;
    30900 : 1C;
    30901 : 28;
    30902 : 01;
    30903 : 12;
    30904 : 8F;
    30905 : 80;
    30906 : 05;
    30907 : 82;
    30908 : 0A;
    30909 : 0C;
    30910 : 21;
    30911 : 0B;
    30912 : F0;
    30913 : 09;
    30914 : 13;
    30915 : 86;
    30916 : 1B;
    30917 : 91;
    30918 : 32;
    30919 : AA;
    30920 : 1A;
    30921 : 2A;
    30922 : 87;
    30923 : 88;
    30924 : C0;
    30925 : A0;
    30926 : 2A;
    30927 : 27;
    30928 : 8A;
    30929 : DA;
    30930 : 28;
    30931 : 00;
    30932 : A9;
    30933 : A9;
    30934 : 27;
    30935 : 20;
    30936 : BA;
    30937 : 1A;
    30938 : 2C;
    30939 : C3;
    30940 : 8A;
    30941 : C1;
    30942 : 22;
    30943 : 81;
    30944 : B2;
    30945 : 2F;
    30946 : A8;
    30947 : 72;
    30948 : A0;
    30949 : A0;
    30950 : 0C;
    30951 : 06;
    30952 : 10;
    30953 : 8A;
    30954 : 41;
    30955 : 11;
    30956 : BA;
    30957 : 8E;
    30958 : 82;
    30959 : 22;
    30960 : 9B;
    30961 : 39;
    30962 : 18;
    30963 : 01;
    30964 : 2C;
    30965 : DB;
    30966 : B1;
    30967 : 53;
    30968 : 13;
    30969 : 9D;
    30970 : D8;
    30971 : 61;
    30972 : 18;
    30973 : C8;
    30974 : 09;
    30975 : 23;
    30976 : 08;
    30977 : CD;
    30978 : 02;
    30979 : 28;
    30980 : 81;
    30981 : 1B;
    30982 : A1;
    30983 : 35;
    30984 : 9D;
    30985 : A1;
    30986 : 82;
    30987 : 0D;
    30988 : 69;
    30989 : 99;
    30990 : A8;
    30991 : 28;
    30992 : 12;
    30993 : D9;
    30994 : 98;
    30995 : 54;
    30996 : 18;
    30997 : C8;
    30998 : 19;
    30999 : 21;
    31000 : 01;
    31001 : DB;
    31002 : 84;
    31003 : 19;
    31004 : 89;
    31005 : 00;
    31006 : A9;
    31007 : 33;
    31008 : 7B;
    31009 : A5;
    31010 : 80;
    31011 : 9A;
    31012 : 54;
    31013 : 98;
    31014 : C9;
    31015 : 48;
    31016 : 00;
    31017 : A8;
    31018 : BA;
    31019 : 12;
    31020 : 49;
    31021 : D9;
    31022 : 21;
    31023 : 31;
    31024 : 18;
    31025 : AE;
    31026 : 94;
    31027 : 88;
    31028 : 8B;
    31029 : 13;
    31030 : D9;
    31031 : 80;
    31032 : 7C;
    31033 : A0;
    31034 : A0;
    31035 : 09;
    31036 : 73;
    31037 : 98;
    31038 : D1;
    31039 : 28;
    31040 : 28;
    31041 : A0;
    31042 : 09;
    31043 : 05;
    31044 : 3A;
    31045 : E8;
    31046 : 92;
    31047 : 19;
    31048 : 18;
    31049 : 20;
    31050 : E3;
    31051 : 08;
    31052 : 8B;
    31053 : 85;
    31054 : B2;
    31055 : 00;
    31056 : 7B;
    31057 : 91;
    31058 : B2;
    31059 : 0A;
    31060 : 40;
    31061 : 88;
    31062 : E2;
    31063 : 21;
    31064 : 2A;
    31065 : CB;
    31066 : 18;
    31067 : 82;
    31068 : 5C;
    31069 : A9;
    31070 : 96;
    31071 : 09;
    31072 : 19;
    31073 : 3A;
    31074 : E2;
    31075 : 80;
    31076 : 3B;
    31077 : 82;
    31078 : B0;
    31079 : D8;
    31080 : 79;
    31081 : 80;
    31082 : B1;
    31083 : 20;
    31084 : 3A;
    31085 : 29;
    31086 : F3;
    31087 : 82;
    31088 : 3A;
    31089 : 99;
    31090 : 03;
    31091 : C2;
    31092 : 2E;
    31093 : 0A;
    31094 : 97;
    31095 : 80;
    31096 : 0A;
    31097 : 18;
    31098 : B3;
    31099 : 80;
    31100 : 3F;
    31101 : 90;
    31102 : 82;
    31103 : A0;
    31104 : 68;
    31105 : 89;
    31106 : D3;
    31107 : 20;
    31108 : 1B;
    31109 : 88;
    31110 : A0;
    31111 : 85;
    31112 : 3C;
    31113 : D1;
    31114 : 13;
    31115 : 80;
    31116 : 1C;
    31117 : 4A;
    31118 : B4;
    31119 : 81;
    31120 : 0E;
    31121 : 81;
    31122 : A1;
    31123 : A1;
    31124 : 4C;
    31125 : 99;
    31126 : 94;
    31127 : 89;
    31128 : 09;
    31129 : 80;
    31130 : B6;
    31131 : 42;
    31132 : 1C;
    31133 : A9;
    31134 : 82;
    31135 : 81;
    31136 : 2F;
    31137 : A9;
    31138 : 96;
    31139 : 10;
    31140 : 0A;
    31141 : 18;
    31142 : 93;
    31143 : 21;
    31144 : 0F;
    31145 : 92;
    31146 : 83;
    31147 : 99;
    31148 : 6B;
    31149 : A0;
    31150 : 93;
    31151 : 7A;
    31152 : 0B;
    31153 : 90;
    31154 : 92;
    31155 : 32;
    31156 : 0F;
    31157 : C1;
    31158 : 12;
    31159 : 28;
    31160 : 0D;
    31161 : 98;
    31162 : 84;
    31163 : 39;
    31164 : AB;
    31165 : C2;
    31166 : 02;
    31167 : 5A;
    31168 : 0D;
    31169 : B1;
    31170 : 12;
    31171 : 3B;
    31172 : 90;
    31173 : D2;
    31174 : 92;
    31175 : 7B;
    31176 : 98;
    31177 : A1;
    31178 : 10;
    31179 : 48;
    31180 : A9;
    31181 : F3;
    31182 : 31;
    31183 : 3B;
    31184 : B8;
    31185 : 00;
    31186 : 02;
    31187 : 5C;
    31188 : BA;
    31189 : 94;
    31190 : 11;
    31191 : 19;
    31192 : 89;
    31193 : C0;
    31194 : 02;
    31195 : 4C;
    31196 : 92;
    31197 : BA;
    31198 : B4;
    31199 : 71;
    31200 : 90;
    31201 : A0;
    31202 : 38;
    31203 : 12;
    31204 : 09;
    31205 : FB;
    31206 : 12;
    31207 : 1B;
    31208 : A1;
    31209 : 3A;
    31210 : 84;
    31211 : 3D;
    31212 : 1C;
    31213 : C3;
    31214 : 18;
    31215 : A9;
    31216 : 39;
    31217 : F1;
    31218 : 01;
    31219 : 3D;
    31220 : 08;
    31221 : 89;
    31222 : 88;
    31223 : 23;
    31224 : 9B;
    31225 : D7;
    31226 : 30;
    31227 : 08;
    31228 : 8A;
    31229 : A9;
    31230 : 24;
    31231 : 28;
    31232 : F9;
    31233 : 11;
    31234 : 19;
    31235 : 81;
    31236 : 3E;
    31237 : 91;
    31238 : 0C;
    31239 : B0;
    31240 : 12;
    31241 : 40;
    31242 : 01;
    31243 : 7A;
    31244 : A1;
    31245 : 42;
    31246 : 8A;
    31247 : 93;
    31248 : BB;
    31249 : A1;
    31250 : 11;
    31251 : 00;
    31252 : CF;
    31253 : 3C;
    31254 : 92;
    31255 : 58;
    31256 : E8;
    31257 : 00;
    31258 : 80;
    31259 : 81;
    31260 : 98;
    31261 : 89;
    31262 : 42;
    31263 : 1C;
    31264 : B4;
    31265 : 19;
    31266 : A3;
    31267 : 10;
    31268 : 9A;
    31269 : AF;
    31270 : 5C;
    31271 : 01;
    31272 : 92;
    31273 : 9F;
    31274 : 11;
    31275 : 29;
    31276 : E3;
    31277 : 1A;
    31278 : 93;
    31279 : 41;
    31280 : 8B;
    31281 : 20;
    31282 : 18;
    31283 : 97;
    31284 : 18;
    31285 : 81;
    31286 : 4D;
    31287 : 8A;
    31288 : 10;
    31289 : C2;
    31290 : 01;
    31291 : 19;
    31292 : 21;
    31293 : CA;
    31294 : 8A;
    31295 : 58;
    31296 : 96;
    31297 : 89;
    31298 : 0C;
    31299 : 50;
    31300 : C1;
    31301 : B2;
    31302 : 0B;
    31303 : 33;
    31304 : 2B;
    31305 : F1;
    31306 : 3B;
    31307 : 91;
    31308 : 84;
    31309 : C9;
    31310 : 40;
    31311 : 4B;
    31312 : C2;
    31313 : 08;
    31314 : A0;
    31315 : 30;
    31316 : DA;
    31317 : 01;
    31318 : 99;
    31319 : 11;
    31320 : C9;
    31321 : 06;
    31322 : 2A;
    31323 : 1B;
    31324 : 88;
    31325 : 97;
    31326 : 90;
    31327 : 9B;
    31328 : 53;
    31329 : 88;
    31330 : 99;
    31331 : 1F;
    31332 : 85;
    31333 : 80;
    31334 : 99;
    31335 : 6A;
    31336 : 81;
    31337 : A1;
    31338 : 8A;
    31339 : 31;
    31340 : 20;
    31341 : E8;
    31342 : 39;
    31343 : 98;
    31344 : 85;
    31345 : A9;
    31346 : 41;
    31347 : 1C;
    31348 : A0;
    31349 : 92;
    31350 : 04;
    31351 : 8A;
    31352 : A8;
    31353 : 43;
    31354 : 08;
    31355 : AD;
    31356 : B9;
    31357 : 27;
    31358 : 0A;
    31359 : BA;
    31360 : 29;
    31361 : 87;
    31362 : 19;
    31363 : BB;
    31364 : 42;
    31365 : 80;
    31366 : A0;
    31367 : 8F;
    31368 : 94;
    31369 : 12;
    31370 : AB;
    31371 : 59;
    31372 : 88;
    31373 : 84;
    31374 : 8B;
    31375 : 82;
    31376 : 18;
    31377 : 93;
    31378 : 3C;
    31379 : 91;
    31380 : 80;
    31381 : 00;
    31382 : 7A;
    31383 : A1;
    31384 : B9;
    31385 : 39;
    31386 : 17;
    31387 : 9A;
    31388 : EA;
    31389 : 79;
    31390 : 80;
    31391 : 80;
    31392 : AB;
    31393 : 34;
    31394 : 98;
    31395 : C1;
    31396 : 2B;
    31397 : 04;
    31398 : 90;
    31399 : DA;
    31400 : 40;
    31401 : 19;
    31402 : C1;
    31403 : 09;
    31404 : 83;
    31405 : 49;
    31406 : C8;
    31407 : 40;
    31408 : 08;
    31409 : 88;
    31410 : B0;
    31411 : 25;
    31412 : 8A;
    31413 : 0B;
    31414 : 38;
    31415 : 97;
    31416 : 9A;
    31417 : B8;
    31418 : 26;
    31419 : A0;
    31420 : 0A;
    31421 : 8D;
    31422 : 07;
    31423 : 98;
    31424 : 98;
    31425 : 3A;
    31426 : A5;
    31427 : 80;
    31428 : AA;
    31429 : 22;
    31430 : 90;
    31431 : B3;
    31432 : 2F;
    31433 : A1;
    31434 : 02;
    31435 : E1;
    31436 : 48;
    31437 : 89;
    31438 : 82;
    31439 : 89;
    31440 : 59;
    31441 : 0A;
    31442 : A1;
    31443 : 20;
    31444 : 3B;
    31445 : AA;
    31446 : F2;
    31447 : 63;
    31448 : 2B;
    31449 : 09;
    31450 : 0A;
    31451 : 07;
    31452 : 1B;
    31453 : D8;
    31454 : 32;
    31455 : 92;
    31456 : 2D;
    31457 : 9C;
    31458 : 84;
    31459 : 00;
    31460 : 99;
    31461 : 2C;
    31462 : C4;
    31463 : 81;
    31464 : 8C;
    31465 : 21;
    31466 : 91;
    31467 : 82;
    31468 : 4C;
    31469 : 81;
    31470 : C1;
    31471 : B1;
    31472 : 79;
    31473 : 89;
    31474 : 81;
    31475 : 81;
    31476 : 21;
    31477 : BD;
    31478 : B1;
    31479 : 30;
    31480 : 22;
    31481 : 1C;
    31482 : A5;
    31483 : 15;
    31484 : 0C;
    31485 : 9A;
    31486 : 08;
    31487 : 87;
    31488 : 29;
    31489 : A9;
    31490 : 10;
    31491 : C8;
    31492 : 28;
    31493 : 9B;
    31494 : 87;
    31495 : 80;
    31496 : 18;
    31497 : 0B;
    31498 : A1;
    31499 : 83;
    31500 : 39;
    31501 : 20;
    31502 : C1;
    31503 : D5;
    31504 : 2B;
    31505 : 91;
    31506 : 81;
    31507 : E5;
    31508 : 59;
    31509 : 88;
    31510 : 08;
    31511 : D0;
    31512 : 32;
    31513 : 8A;
    31514 : 91;
    31515 : 08;
    31516 : 12;
    31517 : 0B;
    31518 : FA;
    31519 : 14;
    31520 : 18;
    31521 : 99;
    31522 : 1C;
    31523 : A6;
    31524 : 18;
    31525 : BA;
    31526 : 48;
    31527 : A1;
    31528 : 20;
    31529 : AC;
    31530 : 06;
    31531 : 90;
    31532 : 18;
    31533 : 3C;
    31534 : 91;
    31535 : C1;
    31536 : 80;
    31537 : 41;
    31538 : A8;
    31539 : A1;
    31540 : 59;
    31541 : 82;
    31542 : 9B;
    31543 : D4;
    31544 : 61;
    31545 : 99;
    31546 : 08;
    31547 : C0;
    31548 : 05;
    31549 : 0B;
    31550 : 80;
    31551 : 09;
    31552 : 82;
    31553 : 1D;
    31554 : C8;
    31555 : 83;
    31556 : 38;
    31557 : 2A;
    31558 : 0A;
    31559 : C6;
    31560 : 31;
    31561 : 9A;
    31562 : 28;
    31563 : C2;
    31564 : 63;
    31565 : 9C;
    31566 : 91;
    31567 : B0;
    31568 : 41;
    31569 : 1E;
    31570 : 92;
    31571 : A2;
    31572 : 81;
    31573 : 3B;
    31574 : B2;
    31575 : A4;
    31576 : 5C;
    31577 : 01;
    31578 : C1;
    31579 : F3;
    31580 : 49;
    31581 : 89;
    31582 : 91;
    31583 : B0;
    31584 : 52;
    31585 : 0A;
    31586 : C1;
    31587 : 00;
    31588 : 30;
    31589 : 8A;
    31590 : F3;
    31591 : 02;
    31592 : 2A;
    31593 : 9B;
    31594 : A0;
    31595 : 97;
    31596 : 3A;
    31597 : 99;
    31598 : 94;
    31599 : B3;
    31600 : 4C;
    31601 : 99;
    31602 : 86;
    31603 : 90;
    31604 : 39;
    31605 : 1A;
    31606 : C5;
    31607 : 80;
    31608 : 19;
    31609 : 29;
    31610 : D1;
    31611 : 31;
    31612 : 0F;
    31613 : A0;
    31614 : 91;
    31615 : 82;
    31616 : 59;
    31617 : 88;
    31618 : 93;
    31619 : 80;
    31620 : 38;
    31621 : 99;
    31622 : 87;
    31623 : 89;
    31624 : 8B;
    31625 : A9;
    31626 : A7;
    31627 : 0A;
    31628 : 19;
    31629 : 90;
    31630 : 90;
    31631 : 25;
    31632 : 99;
    31633 : C0;
    31634 : 31;
    31635 : 23;
    31636 : 89;
    31637 : DE;
    31638 : 13;
    31639 : 80;
    31640 : 02;
    31641 : 4B;
    31642 : 86;
    31643 : 10;
    31644 : B8;
    31645 : 49;
    31646 : A1;
    31647 : E9;
    31648 : 9E;
    31649 : 88;
    31650 : 90;
    31651 : 81;
    31652 : 49;
    31653 : 81;
    31654 : 91;
    31655 : 01;
    31656 : 43;
    31657 : B8;
    31658 : 05;
    31659 : 52;
    31660 : 89;
    31661 : AC;
    31662 : A3;
    31663 : 30;
    31664 : B9;
    31665 : 30;
    31666 : AE;
    31667 : 14;
    31668 : 12;
    31669 : 92;
    31670 : 5B;
    31671 : 16;
    31672 : 8A;
    31673 : AA;
    31674 : 04;
    31675 : CA;
    31676 : 80;
    31677 : 49;
    31678 : 9C;
    31679 : 18;
    31680 : 07;
    31681 : 80;
    31682 : 9B;
    31683 : 52;
    31684 : AA;
    31685 : 89;
    31686 : 13;
    31687 : C2;
    31688 : 9E;
    31689 : 00;
    31690 : AB;
    31691 : A9;
    31692 : 45;
    31693 : 90;
    31694 : 9A;
    31695 : 3C;
    31696 : A2;
    31697 : 89;
    31698 : 05;
    31699 : 30;
    31700 : 88;
    31701 : 72;
    31702 : B9;
    31703 : 01;
    31704 : 63;
    31705 : 94;
    31706 : 1B;
    31707 : 18;
    31708 : A1;
    31709 : EB;
    31710 : 40;
    31711 : 88;
    31712 : BA;
    31713 : 3A;
    31714 : 94;
    31715 : 9C;
    31716 : 23;
    31717 : 17;
    31718 : 89;
    31719 : 1B;
    31720 : C1;
    31721 : 90;
    31722 : 2A;
    31723 : 14;
    31724 : 0A;
    31725 : 01;
    31726 : 93;
    31727 : CE;
    31728 : 58;
    31729 : 12;
    31730 : 08;
    31731 : 1D;
    31732 : A3;
    31733 : 9B;
    31734 : 09;
    31735 : 63;
    31736 : AA;
    31737 : 20;
    31738 : 92;
    31739 : AE;
    31740 : 0D;
    31741 : 14;
    31742 : 80;
    31743 : 1A;
    31744 : 10;
    31745 : CA;
    31746 : 30;
    31747 : 73;
    31748 : A0;
    31749 : 98;
    31750 : 22;
    31751 : AD;
    31752 : CA;
    31753 : 22;
    31754 : 92;
    31755 : 5B;
    31756 : 8A;
    31757 : D1;
    31758 : 90;
    31759 : 62;
    31760 : 09;
    31761 : 81;
    31762 : 41;
    31763 : C9;
    31764 : 99;
    31765 : 22;
    31766 : 05;
    31767 : 1C;
    31768 : 00;
    31769 : D0;
    31770 : A0;
    31771 : 79;
    31772 : 08;
    31773 : 88;
    31774 : 01;
    31775 : 80;
    31776 : BB;
    31777 : 18;
    31778 : 32;
    31779 : 1A;
    31780 : 9B;
    31781 : F4;
    31782 : 9A;
    31783 : 69;
    31784 : 18;
    31785 : B8;
    31786 : 04;
    31787 : 18;
    31788 : 9C;
    31789 : 29;
    31790 : 15;
    31791 : 38;
    31792 : A0;
    31793 : 95;
    31794 : AA;
    31795 : 59;
    31796 : 19;
    31797 : C1;
    31798 : 00;
    31799 : 18;
    31800 : 8F;
    31801 : 98;
    31802 : 23;
    31803 : 1A;
    31804 : 08;
    31805 : 91;
    31806 : E0;
    31807 : 3A;
    31808 : 22;
    31809 : 84;
    31810 : 98;
    31811 : 6A;
    31812 : BB;
    31813 : C0;
    31814 : 00;
    31815 : 60;
    31816 : 09;
    31817 : C2;
    31818 : 89;
    31819 : 20;
    31820 : 31;
    31821 : 92;
    31822 : 33;
    31823 : 3A;
    31824 : FA;
    31825 : 9E;
    31826 : 02;
    31827 : 48;
    31828 : C9;
    31829 : 01;
    31830 : A9;
    31831 : 09;
    31832 : 39;
    31833 : 27;
    31834 : 81;
    31835 : A8;
    31836 : 88;
    31837 : 90;
    31838 : 18;
    31839 : 79;
    31840 : 93;
    31841 : B9;
    31842 : DC;
    31843 : 0A;
    31844 : 20;
    31845 : 40;
    31846 : B4;
    31847 : 28;
    31848 : AB;
    31849 : 08;
    31850 : 8A;
    31851 : 57;
    31852 : 11;
    31853 : A8;
    31854 : A9;
    31855 : 89;
    31856 : 3D;
    31857 : 00;
    31858 : 07;
    31859 : 8A;
    31860 : 9A;
    31861 : 09;
    31862 : 80;
    31863 : 72;
    31864 : 03;
    31865 : 90;
    31866 : B9;
    31867 : 29;
    31868 : AF;
    31869 : 12;
    31870 : 15;
    31871 : 99;
    31872 : AC;
    31873 : 00;
    31874 : AA;
    31875 : 18;
    31876 : 35;
    31877 : 81;
    31878 : D8;
    31879 : 1B;
    31880 : B8;
    31881 : 73;
    31882 : 13;
    31883 : 10;
    31884 : C8;
    31885 : 18;
    31886 : CD;
    31887 : 30;
    31888 : 12;
    31889 : B1;
    31890 : B9;
    31891 : 49;
    31892 : DA;
    31893 : 2B;
    31894 : 35;
    31895 : 11;
    31896 : D8;
    31897 : 2B;
    31898 : B0;
    31899 : 3A;
    31900 : 03;
    31901 : 07;
    31902 : B0;
    31903 : 1A;
    31904 : DA;
    31905 : 28;
    31906 : 33;
    31907 : 94;
    31908 : 01;
    31909 : 1C;
    31910 : B8;
    31911 : 1C;
    31912 : 17;
    31913 : A3;
    31914 : 90;
    31915 : 0E;
    31916 : A0;
    31917 : 1C;
    31918 : 82;
    31919 : 03;
    31920 : 19;
    31921 : 8D;
    31922 : E9;
    31923 : 09;
    31924 : 32;
    31925 : 83;
    31926 : 2A;
    31927 : 88;
    31928 : 82;
    31929 : BF;
    31930 : 24;
    31931 : 23;
    31932 : 29;
    31933 : BB;
    31934 : C3;
    31935 : 0F;
    31936 : 01;
    31937 : 11;
    31938 : 09;
    31939 : B0;
    31940 : CA;
    31941 : 0F;
    31942 : 02;
    31943 : 82;
    31944 : 2C;
    31945 : 83;
    31946 : 93;
    31947 : BF;
    31948 : 41;
    31949 : 02;
    31950 : A0;
    31951 : 80;
    31952 : 32;
    31953 : 9F;
    31954 : 80;
    31955 : 22;
    31956 : 81;
    31957 : 04;
    31958 : 8B;
    31959 : BB;
    31960 : 69;
    31961 : B2;
    31962 : C0;
    31963 : 31;
    31964 : 3D;
    31965 : DC;
    31966 : 10;
    31967 : 81;
    31968 : 98;
    31969 : 48;
    31970 : 80;
    31971 : B9;
    31972 : 28;
    31973 : 43;
    31974 : 96;
    31975 : 48;
    31976 : 0A;
    31977 : E0;
    31978 : 94;
    31979 : B2;
    31980 : 1F;
    31981 : 01;
    31982 : 12;
    31983 : A8;
    31984 : 0D;
    31985 : 2B;
    31986 : A6;
    31987 : 8D;
    31988 : 00;
    31989 : 21;
    31990 : 80;
    31991 : 14;
    31992 : 88;
    31993 : 89;
    31994 : A0;
    31995 : AA;
    31996 : 8E;
    31997 : 91;
    31998 : 6B;
    31999 : 33;
    32000 : 23;
    32001 : 88;
    32002 : C0;
    32003 : AF;
    32004 : 03;
    32005 : 88;
    32006 : C0;
    32007 : 7A;
    32008 : 99;
    32009 : 18;
    32010 : 05;
    32011 : 98;
    32012 : 88;
    32013 : A8;
    32014 : 1A;
    32015 : A3;
    32016 : 0A;
    32017 : 02;
    32018 : 83;
    32019 : 90;
    32020 : 55;
    32021 : 95;
    32022 : AA;
    32023 : 11;
    32024 : FB;
    32025 : 1B;
    32026 : A4;
    32027 : 0A;
    32028 : 14;
    32029 : 38;
    32030 : 39;
    32031 : 87;
    32032 : 18;
    32033 : 0C;
    32034 : A0;
    32035 : 1B;
    32036 : 8A;
    32037 : A5;
    32038 : 92;
    32039 : 2E;
    32040 : 92;
    32041 : 2E;
    32042 : 01;
    32043 : 91;
    32044 : 89;
    32045 : 9D;
    32046 : 00;
    32047 : 43;
    32048 : B0;
    32049 : 90;
    32050 : 37;
    32051 : 8C;
    32052 : 01;
    32053 : 09;
    32054 : 98;
    32055 : B9;
    32056 : 2A;
    32057 : 8D;
    32058 : 16;
    32059 : 10;
    32060 : 29;
    32061 : AA;
    32062 : 16;
    32063 : 8C;
    32064 : B1;
    32065 : 38;
    32066 : 08;
    32067 : 20;
    32068 : 31;
    32069 : F3;
    32070 : 0F;
    32071 : 01;
    32072 : 02;
    32073 : DA;
    32074 : 30;
    32075 : A9;
    32076 : 00;
    32077 : 19;
    32078 : 15;
    32079 : 01;
    32080 : AA;
    32081 : F9;
    32082 : 89;
    32083 : 82;
    32084 : 01;
    32085 : A8;
    32086 : 70;
    32087 : B1;
    32088 : 28;
    32089 : 89;
    32090 : 14;
    32091 : A0;
    32092 : 1C;
    32093 : A6;
    32094 : 9A;
    32095 : B1;
    32096 : 43;
    32097 : 08;
    32098 : 58;
    32099 : B4;
    32100 : 2A;
    32101 : 1A;
    32102 : A3;
    32103 : 28;
    32104 : ED;
    32105 : 93;
    32106 : 8C;
    32107 : 81;
    32108 : 52;
    32109 : DA;
    32110 : 39;
    32111 : 95;
    32112 : 09;
    32113 : 1B;
    32114 : 03;
    32115 : 10;
    32116 : F9;
    32117 : 01;
    32118 : AA;
    32119 : 22;
    32120 : 33;
    32121 : C0;
    32122 : 1A;
    32123 : 87;
    32124 : 8C;
    32125 : 00;
    32126 : 33;
    32127 : A1;
    32128 : D8;
    32129 : 11;
    32130 : BD;
    32131 : 88;
    32132 : 51;
    32133 : 91;
    32134 : 2A;
    32135 : 04;
    32136 : 9D;
    32137 : 99;
    32138 : 32;
    32139 : 00;
    32140 : B0;
    32141 : 39;
    32142 : AF;
    32143 : 88;
    32144 : 50;
    32145 : 92;
    32146 : 4B;
    32147 : 17;
    32148 : 99;
    32149 : B9;
    32150 : 21;
    32151 : 81;
    32152 : D1;
    32153 : 29;
    32154 : C8;
    32155 : 19;
    32156 : 20;
    32157 : 22;
    32158 : 9D;
    32159 : 27;
    32160 : 8A;
    32161 : A8;
    32162 : 30;
    32163 : B1;
    32164 : B0;
    32165 : 79;
    32166 : C8;
    32167 : 1A;
    32168 : 30;
    32169 : 92;
    32170 : D9;
    32171 : 32;
    32172 : B8;
    32173 : B9;
    32174 : 70;
    32175 : 93;
    32176 : 91;
    32177 : 1B;
    32178 : D9;
    32179 : 1C;
    32180 : 41;
    32181 : 91;
    32182 : AA;
    32183 : 46;
    32184 : A8;
    32185 : AA;
    32186 : 58;
    32187 : 02;
    32188 : 81;
    32189 : 0D;
    32190 : A0;
    32191 : 0C;
    32192 : 28;
    32193 : 13;
    32194 : D0;
    32195 : 53;
    32196 : A8;
    32197 : 99;
    32198 : 3B;
    32199 : 93;
    32200 : 2A;
    32201 : 1D;
    32202 : 92;
    32203 : 9F;
    32204 : 31;
    32205 : 12;
    32206 : C0;
    32207 : 48;
    32208 : 92;
    32209 : AD;
    32210 : 19;
    32211 : 04;
    32212 : 18;
    32213 : A9;
    32214 : 02;
    32215 : 8E;
    32216 : 92;
    32217 : 14;
    32218 : BA;
    32219 : 78;
    32220 : 02;
    32221 : AA;
    32222 : 1C;
    32223 : 15;
    32224 : 19;
    32225 : B9;
    32226 : 80;
    32227 : AD;
    32228 : 81;
    32229 : 24;
    32230 : 90;
    32231 : 49;
    32232 : 98;
    32233 : 9A;
    32234 : 0B;
    32235 : 27;
    32236 : 3B;
    32237 : D2;
    32238 : 80;
    32239 : BC;
    32240 : 01;
    32241 : 43;
    32242 : 11;
    32243 : 2C;
    32244 : 84;
    32245 : AA;
    32246 : 9F;
    32247 : 33;
    32248 : 20;
    32249 : D3;
    32250 : 99;
    32251 : A0;
    32252 : 0A;
    32253 : 02;
    32254 : 81;
    32255 : 3B;
    32256 : 87;
    32257 : A8;
    32258 : 9F;
    32259 : 13;
    32260 : 20;
    32261 : B3;
    32262 : 8A;
    32263 : F1;
    32264 : 2B;
    32265 : 30;
    32266 : 12;
    32267 : 4B;
    32268 : A2;
    32269 : 81;
    32270 : CF;
    32271 : 12;
    32272 : 08;
    32273 : 85;
    32274 : 9A;
    32275 : C1;
    32276 : 1A;
    32277 : 20;
    32278 : 23;
    32279 : 0A;
    32280 : 82;
    32281 : 88;
    32282 : FF;
    32283 : 10;
    32284 : 01;
    32285 : 04;
    32286 : BB;
    32287 : 80;
    32288 : 2A;
    32289 : 12;
    32290 : 21;
    32291 : 18;
    32292 : 05;
    32293 : 89;
    32294 : DF;
    32295 : 11;
    32296 : 21;
    32297 : 05;
    32298 : BB;
    32299 : A8;
    32300 : 0C;
    32301 : 10;
    32302 : 32;
    32303 : 91;
    32304 : 92;
    32305 : 3D;
    32306 : F0;
    32307 : 2A;
    32308 : 00;
    32309 : 36;
    32310 : C9;
    32311 : 89;
    32312 : 8A;
    32313 : 01;
    32314 : 31;
    32315 : 92;
    32316 : 34;
    32317 : 0D;
    32318 : F0;
    32319 : 1A;
    32320 : 11;
    32321 : 53;
    32322 : CA;
    32323 : 19;
    32324 : 89;
    32325 : 00;
    32326 : 00;
    32327 : 13;
    32328 : 23;
    32329 : AD;
    32330 : F2;
    32331 : 1A;
    32332 : 08;
    32333 : 53;
    32334 : A0;
    32335 : 8C;
    32336 : 99;
    32337 : 00;
    32338 : 33;
    32339 : A2;
    32340 : 16;
    32341 : 9D;
    32342 : 93;
    32343 : 0D;
    32344 : 80;
    32345 : 72;
    32346 : 91;
    32347 : 8B;
    32348 : 89;
    32349 : 90;
    32350 : 12;
    32351 : 83;
    32352 : 43;
    32353 : DA;
    32354 : 88;
    32355 : 8E;
    32356 : 12;
    32357 : 51;
    32358 : A2;
    32359 : 8E;
    32360 : 88;
    32361 : 08;
    32362 : 80;
    32363 : 01;
    32364 : 22;
    32365 : C9;
    32366 : 30;
    32367 : 9F;
    32368 : 82;
    32369 : 53;
    32370 : 14;
    32371 : AC;
    32372 : A8;
    32373 : 98;
    32374 : 22;
    32375 : 94;
    32376 : 1B;
    32377 : AD;
    32378 : 32;
    32379 : AA;
    32380 : 0C;
    32381 : 01;
    32382 : 87;
    32383 : 0A;
    32384 : 88;
    32385 : 50;
    32386 : 11;
    32387 : 94;
    32388 : 72;
    32389 : B0;
    32390 : 99;
    32391 : CA;
    32392 : 19;
    32393 : 1A;
    32394 : C3;
    32395 : CA;
    32396 : 30;
    32397 : B2;
    32398 : CB;
    32399 : 52;
    32400 : 62;
    32401 : 98;
    32402 : 89;
    32403 : B8;
    32404 : 38;
    32405 : 87;
    32406 : 20;
    32407 : 88;
    32408 : 20;
    32409 : AB;
    32410 : A1;
    32411 : 43;
    32412 : 5A;
    32413 : 86;
    32414 : 19;
    32415 : 89;
    32416 : 20;
    32417 : 89;
    32418 : 87;
    32419 : BA;
    32420 : 1A;
    32421 : 84;
    32422 : 9E;
    32423 : 28;
    32424 : 51;
    32425 : A0;
    32426 : BA;
    32427 : BC;
    32428 : 0A;
    32429 : 16;
    32430 : 00;
    32431 : DA;
    32432 : 28;
    32433 : 90;
    32434 : A1;
    32435 : 50;
    32436 : 09;
    32437 : 14;
    32438 : 8C;
    32439 : B8;
    32440 : 88;
    32441 : 82;
    32442 : 37;
    32443 : 98;
    32444 : 9B;
    32445 : 31;
    32446 : 8C;
    32447 : 52;
    32448 : 23;
    32449 : C2;
    32450 : 18;
    32451 : B8;
    32452 : AF;
    32453 : 41;
    32454 : 81;
    32455 : C9;
    32456 : 2A;
    32457 : B0;
    32458 : 09;
    32459 : 68;
    32460 : 93;
    32461 : 32;
    32462 : 9A;
    32463 : F0;
    32464 : 89;
    32465 : 21;
    32466 : 41;
    32467 : 99;
    32468 : 9B;
    32469 : 48;
    32470 : E8;
    32471 : 10;
    32472 : 84;
    32473 : 01;
    32474 : 3B;
    32475 : B2;
    32476 : BB;
    32477 : 78;
    32478 : 17;
    32479 : A0;
    32480 : 8A;
    32481 : B2;
    32482 : 8B;
    32483 : 5A;
    32484 : 04;
    32485 : 3A;
    32486 : B0;
    32487 : C0;
    32488 : 9C;
    32489 : 41;
    32490 : 30;
    32491 : B0;
    32492 : AB;
    32493 : 18;
    32494 : F2;
    32495 : 1B;
    32496 : 34;
    32497 : 10;
    32498 : 9B;
    32499 : 94;
    32500 : CC;
    32501 : 3A;
    32502 : 17;
    32503 : 88;
    32504 : 9A;
    32505 : 23;
    32506 : AD;
    32507 : 2A;
    32508 : 15;
    32509 : 09;
    32510 : 94;
    32511 : 11;
    32512 : AD;
    32513 : 38;
    32514 : 11;
    32515 : B1;
    32516 : A9;
    32517 : 00;
    32518 : A4;
    32519 : 9F;
    32520 : 33;
    32521 : 11;
    32522 : D0;
    32523 : 21;
    32524 : AD;
    32525 : 8C;
    32526 : 26;
    32527 : 88;
    32528 : AA;
    32529 : 30;
    32530 : C9;
    32531 : 99;
    32532 : 33;
    32533 : C8;
    32534 : 23;
    32535 : 49;
    32536 : CB;
    32537 : 8A;
    32538 : 25;
    32539 : 04;
    32540 : 99;
    32541 : 89;
    32542 : 81;
    32543 : AE;
    32544 : 42;
    32545 : 01;
    32546 : A8;
    32547 : 5A;
    32548 : B0;
    32549 : BC;
    32550 : 73;
    32551 : 02;
    32552 : 9A;
    32553 : 18;
    32554 : B2;
    32555 : AC;
    32556 : 51;
    32557 : B2;
    32558 : 39;
    32559 : 09;
    32560 : F1;
    32561 : 8B;
    32562 : 42;
    32563 : 12;
    32564 : 99;
    32565 : A8;
    32566 : 20;
    32567 : FC;
    32568 : 38;
    32569 : 02;
    32570 : 81;
    32571 : 0B;
    32572 : E3;
    32573 : AB;
    32574 : 7A;
    32575 : 03;
    32576 : 98;
    32577 : 89;
    32578 : 84;
    32579 : 9B;
    32580 : 38;
    32581 : 07;
    32582 : 1A;
    32583 : 81;
    32584 : A1;
    32585 : AE;
    32586 : 38;
    32587 : 32;
    32588 : 99;
    32589 : AA;
    32590 : 39;
    32591 : F8;
    32592 : 0A;
    32593 : 14;
    32594 : 30;
    32595 : A9;
    32596 : 84;
    32597 : BD;
    32598 : 2A;
    32599 : 37;
    32600 : 98;
    32601 : 8A;
    32602 : 31;
    32603 : CC;
    32604 : 08;
    32605 : 25;
    32606 : 99;
    32607 : 93;
    32608 : 00;
    32609 : BD;
    32610 : 29;
    32611 : 34;
    32612 : 91;
    32613 : B8;
    32614 : 09;
    32615 : D2;
    32616 : 8C;
    32617 : 52;
    32618 : 08;
    32619 : B1;
    32620 : 40;
    32621 : CC;
    32622 : AA;
    32623 : 55;
    32624 : 80;
    32625 : 99;
    32626 : 38;
    32627 : C8;
    32628 : 8A;
    32629 : 42;
    32630 : A0;
    32631 : 11;
    32632 : 18;
    32633 : FB;
    32634 : 0A;
    32635 : 32;
    32636 : 82;
    32637 : 80;
    32638 : 0A;
    32639 : 92;
    32640 : AF;
    32641 : 50;
    32642 : 81;
    32643 : 93;
    32644 : 49;
    32645 : D0;
    32646 : 9A;
    32647 : 70;
    32648 : 92;
    32649 : 98;
    32650 : 19;
    32651 : B3;
    32652 : 9D;
    32653 : 40;
    32654 : 92;
    32655 : 38;
    32656 : 08;
    32657 : E0;
    32658 : 9B;
    32659 : 41;
    32660 : 02;
    32661 : 89;
    32662 : 8A;
    32663 : 00;
    32664 : BC;
    32665 : 59;
    32666 : 93;
    32667 : 33;
    32668 : 0E;
    32669 : C1;
    32670 : AB;
    32671 : 7B;
    32672 : 85;
    32673 : 88;
    32674 : 98;
    32675 : 02;
    32676 : AB;
    32677 : 38;
    32678 : 04;
    32679 : 3A;
    32680 : 01;
    32681 : E0;
    32682 : AC;
    32683 : 38;
    32684 : 13;
    32685 : 00;
    32686 : B9;
    32687 : 8B;
    32688 : E2;
    32689 : 29;
    32690 : 05;
    32691 : 60;
    32692 : 98;
    32693 : 92;
    32694 : AC;
    32695 : 8A;
    32696 : 37;
    32697 : 80;
    32698 : A0;
    32699 : 28;
    32700 : EA;
    32701 : 19;
    32702 : 22;
    32703 : 89;
    32704 : 14;
    32705 : A8;
    32706 : AC;
    32707 : 3B;
    32708 : 85;
    32709 : 21;
    32710 : 90;
    32711 : BB;
    32712 : 91;
    32713 : 8F;
    32714 : 13;
    32715 : 69;
    32716 : A1;
    32717 : 88;
    32718 : BA;
    32719 : AE;
    32720 : 34;
    32721 : 11;
    32722 : A8;
    32723 : 8C;
    32724 : C3;
    32725 : 1D;
    32726 : 82;
    32727 : 11;
    32728 : 12;
    32729 : 9B;
    32730 : A8;
    32731 : 8F;
    32732 : 96;
    32733 : 21;
    32734 : 00;
    32735 : BA;
    32736 : 52;
    32737 : 8D;
    32738 : 80;
    32739 : 30;
    32740 : 05;
    32741 : 1A;
    32742 : 18;
    32743 : 9C;
    32744 : 12;
    32745 : 44;
    32746 : 80;
    32747 : AD;
    32748 : 83;
    32749 : 0F;
    32750 : A1;
    32751 : 10;
    32752 : 10;
    32753 : D9;
    32754 : 90;
    32755 : 8B;
    32756 : 03;
    32757 : 50;
    32758 : 88;
    32759 : 8C;
    32760 : 40;
    32761 : A8;
    32762 : C0;
    32763 : 01;
    32764 : 36;
    32765 : 09;
    32766 : 11;
    32767 : 1D;
    32768 : 90;
    32769 : 53;
    32770 : D1;
    32771 : AA;
    32772 : 08;
    32773 : 9D;
    32774 : A0;
    32775 : 88;
    32776 : 21;
    32777 : 00;
    32778 : 4A;
    32779 : 0B;
    32780 : 36;
    32781 : 25;
    32782 : 84;
    32783 : AA;
    32784 : BB;
    32785 : 79;
    32786 : 91;
    32787 : 38;
    32788 : 23;
    32789 : AF;
    32790 : 02;
    32791 : 9A;
    32792 : A2;
    32793 : 03;
    32794 : 38;
    32795 : 8C;
    32796 : 5A;
    32797 : 8A;
    32798 : B8;
    32799 : 15;
    32800 : 05;
    32801 : 89;
    32802 : 98;
    32803 : 9F;
    32804 : 1A;
    32805 : 01;
    32806 : 12;
    32807 : BB;
    32808 : 14;
    32809 : 82;
    32810 : B9;
    32811 : 9D;
    32812 : 79;
    32813 : 01;
    32814 : 80;
    32815 : 9A;
    32816 : F9;
    32817 : 38;
    32818 : 04;
    32819 : A9;
    32820 : 09;
    32821 : 09;
    32822 : 32;
    32823 : 9A;
    32824 : 00;
    32825 : 0A;
    32826 : 17;
    32827 : 10;
    32828 : C9;
    32829 : 88;
    32830 : 69;
    32831 : 00;
    32832 : 90;
    32833 : 39;
    32834 : D0;
    32835 : 28;
    32836 : 12;
    32837 : C9;
    32838 : 30;
    32839 : 8C;
    32840 : 72;
    32841 : 10;
    32842 : 41;
    32843 : B2;
    32844 : A9;
    32845 : 82;
    32846 : 9F;
    32847 : 30;
    32848 : 18;
    32849 : 20;
    32850 : B0;
    32851 : 9E;
    32852 : FB;
    32853 : 28;
    32854 : 23;
    32855 : A0;
    32856 : 8A;
    32857 : AD;
    32858 : 08;
    32859 : 80;
    32860 : 10;
    32861 : A5;
    32862 : 29;
    32863 : 04;
    32864 : BD;
    32865 : 2B;
    32866 : 21;
    32867 : 41;
    32868 : B0;
    32869 : 51;
    32870 : A2;
    32871 : 50;
    32872 : 45;
    32873 : 99;
    32874 : 18;
    32875 : A8;
    32876 : 00;
    32877 : A0;
    32878 : 20;
    32879 : D4;
    32880 : 9E;
    32881 : 11;
    32882 : AA;
    32883 : 30;
    32884 : 20;
    32885 : 48;
    32886 : D1;
    32887 : 89;
    32888 : C0;
    32889 : 8F;
    32890 : 42;
    32891 : A0;
    32892 : 89;
    32893 : 88;
    32894 : 8A;
    32895 : 13;
    32896 : 62;
    32897 : 94;
    32898 : A9;
    32899 : 52;
    32900 : AA;
    32901 : 2C;
    32902 : 13;
    32903 : 00;
    32904 : B2;
    32905 : 8B;
    32906 : FA;
    32907 : AC;
    32908 : 71;
    32909 : 81;
    32910 : 19;
    32911 : 09;
    32912 : A9;
    32913 : B1;
    32914 : 61;
    32915 : 85;
    32916 : A9;
    32917 : 48;
    32918 : B0;
    32919 : 9B;
    32920 : 21;
    32921 : 01;
    32922 : 80;
    32923 : 0A;
    32924 : B3;
    32925 : EF;
    32926 : 60;
    32927 : 82;
    32928 : 0A;
    32929 : 80;
    32930 : 98;
    32931 : 90;
    32932 : 3B;
    32933 : 17;
    32934 : A9;
    32935 : 49;
    32936 : 92;
    32937 : 9B;
    32938 : 28;
    32939 : 14;
    32940 : 90;
    32941 : CC;
    32942 : 22;
    32943 : BD;
    32944 : 6A;
    32945 : 04;
    32946 : 89;
    32947 : 90;
    32948 : 98;
    32949 : 98;
    32950 : 9B;
    32951 : 35;
    32952 : C8;
    32953 : 2A;
    32954 : 14;
    32955 : AB;
    32956 : 08;
    32957 : 14;
    32958 : 14;
    32959 : DA;
    32960 : 30;
    32961 : DB;
    32962 : 2A;
    32963 : 17;
    32964 : 98;
    32965 : 98;
    32966 : 18;
    32967 : 98;
    32968 : AA;
    32969 : 54;
    32970 : 90;
    32971 : 09;
    32972 : 43;
    32973 : CA;
    32974 : 80;
    32975 : 13;
    32976 : 14;
    32977 : DA;
    32978 : 49;
    32979 : C0;
    32980 : 8A;
    32981 : 43;
    32982 : 88;
    32983 : A8;
    32984 : 1A;
    32985 : A1;
    32986 : EC;
    32987 : 48;
    32988 : 82;
    32989 : 9B;
    32990 : 41;
    32991 : C0;
    32992 : 88;
    32993 : 10;
    32994 : 32;
    32995 : E8;
    32996 : 3A;
    32997 : C3;
    32998 : 8B;
    32999 : 35;
    33000 : 82;
    33001 : 90;
    33002 : 9B;
    33003 : 93;
    33004 : DC;
    33005 : 4B;
    33006 : 13;
    33007 : AA;
    33008 : 69;
    33009 : C2;
    33010 : 89;
    33011 : 00;
    33012 : 24;
    33013 : B0;
    33014 : 0F;
    33015 : 93;
    33016 : 9B;
    33017 : 41;
    33018 : 93;
    33019 : 18;
    33020 : 8A;
    33021 : 91;
    33022 : 9B;
    33023 : 5B;
    33024 : 27;
    33025 : A9;
    33026 : 39;
    33027 : D2;
    33028 : 0B;
    33029 : 08;
    33030 : 14;
    33031 : 11;
    33032 : 8F;
    33033 : 84;
    33034 : BB;
    33035 : 20;
    33036 : 06;
    33037 : 08;
    33038 : 09;
    33039 : 92;
    33040 : 9B;
    33041 : 8B;
    33042 : 37;
    33043 : AA;
    33044 : 3A;
    33045 : A4;
    33046 : 9E;
    33047 : 09;
    33048 : 12;
    33049 : 18;
    33050 : 9B;
    33051 : 05;
    33052 : AC;
    33053 : 18;
    33054 : 17;
    33055 : 1A;
    33056 : 08;
    33057 : 82;
    33058 : 9A;
    33059 : AC;
    33060 : 37;
    33061 : 99;
    33062 : 18;
    33063 : 85;
    33064 : 8C;
    33065 : 88;
    33066 : 22;
    33067 : 19;
    33068 : 9A;
    33069 : 05;
    33070 : AB;
    33071 : 8C;
    33072 : 17;
    33073 : 89;
    33074 : 80;
    33075 : 91;
    33076 : 1A;
    33077 : BC;
    33078 : 26;
    33079 : 89;
    33080 : 08;
    33081 : 04;
    33082 : 8D;
    33083 : 9A;
    33084 : 04;
    33085 : 20;
    33086 : 99;
    33087 : 02;
    33088 : BA;
    33089 : 9F;
    33090 : 16;
    33091 : 09;
    33092 : 08;
    33093 : 91;
    33094 : 19;
    33095 : AD;
    33096 : 33;
    33097 : 28;
    33098 : 0A;
    33099 : 05;
    33100 : 9B;
    33101 : 9C;
    33102 : 04;
    33103 : 59;
    33104 : A1;
    33105 : 88;
    33106 : 80;
    33107 : AF;
    33108 : 13;
    33109 : 39;
    33110 : 08;
    33111 : B1;
    33112 : 30;
    33113 : 9E;
    33114 : 03;
    33115 : 60;
    33116 : 98;
    33117 : 02;
    33118 : 08;
    33119 : 9E;
    33120 : A2;
    33121 : 69;
    33122 : 91;
    33123 : 99;
    33124 : 11;
    33125 : 9F;
    33126 : 02;
    33127 : 18;
    33128 : 81;
    33129 : A9;
    33130 : 20;
    33131 : 0D;
    33132 : C0;
    33133 : 52;
    33134 : A8;
    33135 : 00;
    33136 : 10;
    33137 : 1D;
    33138 : D8;
    33139 : 62;
    33140 : 80;
    33141 : 88;
    33142 : B0;
    33143 : 29;
    33144 : B1;
    33145 : 25;
    33146 : C2;
    33147 : 09;
    33148 : 99;
    33149 : 4A;
    33150 : FA;
    33151 : 58;
    33152 : 91;
    33153 : 09;
    33154 : B0;
    33155 : 3C;
    33156 : B2;
    33157 : 51;
    33158 : 94;
    33159 : 0B;
    33160 : 82;
    33161 : 29;
    33162 : F0;
    33163 : 38;
    33164 : 03;
    33165 : 09;
    33166 : D8;
    33167 : 4A;
    33168 : B8;
    33169 : 31;
    33170 : A4;
    33171 : 2D;
    33172 : A2;
    33173 : 2A;
    33174 : F8;
    33175 : 29;
    33176 : 14;
    33177 : 8A;
    33178 : 98;
    33179 : 1C;
    33180 : A0;
    33181 : 22;
    33182 : 83;
    33183 : 1E;
    33184 : A0;
    33185 : 38;
    33186 : FA;
    33187 : 28;
    33188 : 13;
    33189 : 18;
    33190 : B1;
    33191 : 1E;
    33192 : A1;
    33193 : 12;
    33194 : 32;
    33195 : 8C;
    33196 : 92;
    33197 : 2D;
    33198 : BB;
    33199 : 30;
    33200 : 34;
    33201 : 30;
    33202 : F1;
    33203 : 2D;
    33204 : A1;
    33205 : 21;
    33206 : 11;
    33207 : 8D;
    33208 : 84;
    33209 : 0C;
    33210 : A9;
    33211 : 08;
    33212 : 51;
    33213 : 90;
    33214 : 91;
    33215 : 8F;
    33216 : 98;
    33217 : 32;
    33218 : 08;
    33219 : 80;
    33220 : 14;
    33221 : 1D;
    33222 : B9;
    33223 : 00;
    33224 : 51;
    33225 : 10;
    33226 : 02;
    33227 : 9F;
    33228 : 88;
    33229 : 03;
    33230 : 38;
    33231 : 98;
    33232 : 31;
    33233 : 0C;
    33234 : FA;
    33235 : 18;
    33236 : 38;
    33237 : 11;
    33238 : C3;
    33239 : AC;
    33240 : B8;
    33241 : 22;
    33242 : 39;
    33243 : AC;
    33244 : 24;
    33245 : B8;
    33246 : CB;
    33247 : A8;
    33248 : 7B;
    33249 : 17;
    33250 : 90;
    33251 : 98;
    33252 : 8A;
    33253 : 01;
    33254 : 20;
    33255 : 94;
    33256 : 81;
    33257 : 11;
    33258 : 0A;
    33259 : BF;
    33260 : 60;
    33261 : 05;
    33262 : 88;
    33263 : 98;
    33264 : 1B;
    33265 : B0;
    33266 : 20;
    33267 : 17;
    33268 : 8C;
    33269 : 00;
    33270 : A9;
    33271 : DA;
    33272 : 18;
    33273 : 26;
    33274 : A9;
    33275 : 8A;
    33276 : 19;
    33277 : B0;
    33278 : 59;
    33279 : 26;
    33280 : 9B;
    33281 : 81;
    33282 : 80;
    33283 : FA;
    33284 : 3A;
    33285 : 35;
    33286 : 99;
    33287 : 89;
    33288 : 90;
    33289 : B0;
    33290 : 3A;
    33291 : 27;
    33292 : B8;
    33293 : 88;
    33294 : 12;
    33295 : EB;
    33296 : 1C;
    33297 : 26;
    33298 : 98;
    33299 : 89;
    33300 : 10;
    33301 : 90;
    33302 : 1C;
    33303 : 35;
    33304 : B8;
    33305 : 09;
    33306 : 30;
    33307 : EB;
    33308 : 0B;
    33309 : 35;
    33310 : A0;
    33311 : 9C;
    33312 : 21;
    33313 : A9;
    33314 : 0B;
    33315 : 35;
    33316 : C8;
    33317 : 0A;
    33318 : 41;
    33319 : D9;
    33320 : 99;
    33321 : 54;
    33322 : 91;
    33323 : 9B;
    33324 : 10;
    33325 : A8;
    33326 : 08;
    33327 : 63;
    33328 : 91;
    33329 : 9B;
    33330 : 52;
    33331 : C8;
    33332 : 8A;
    33333 : 72;
    33334 : 01;
    33335 : AA;
    33336 : 08;
    33337 : 98;
    33338 : 09;
    33339 : 53;
    33340 : 82;
    33341 : AB;
    33342 : 40;
    33343 : C9;
    33344 : 8A;
    33345 : 60;
    33346 : 22;
    33347 : D8;
    33348 : 19;
    33349 : 9A;
    33350 : 98;
    33351 : 01;
    33352 : 12;
    33353 : B9;
    33354 : 49;
    33355 : DA;
    33356 : 99;
    33357 : 51;
    33358 : 34;
    33359 : C2;
    33360 : 19;
    33361 : 9B;
    33362 : 04;
    33363 : 82;
    33364 : 48;
    33365 : A2;
    33366 : 29;
    33367 : FB;
    33368 : 90;
    33369 : 09;
    33370 : 51;
    33371 : A4;
    33372 : 0B;
    33373 : AD;
    33374 : 04;
    33375 : 81;
    33376 : 39;
    33377 : B1;
    33378 : 80;
    33379 : DE;
    33380 : 00;
    33381 : 88;
    33382 : 40;
    33383 : 94;
    33384 : 09;
    33385 : BC;
    33386 : 24;
    33387 : 80;
    33388 : 29;
    33389 : 05;
    33390 : 08;
    33391 : DB;
    33392 : 11;
    33393 : A8;
    33394 : 43;
    33395 : 06;
    33396 : 0A;
    33397 : DB;
    33398 : 32;
    33399 : A9;
    33400 : 18;
    33401 : 04;
    33402 : 29;
    33403 : DA;
    33404 : 11;
    33405 : E9;
    33406 : 21;
    33407 : 13;
    33408 : 8B;
    33409 : EC;
    33410 : 20;
    33411 : B9;
    33412 : 28;
    33413 : 11;
    33414 : 09;
    33415 : D0;
    33416 : 41;
    33417 : FA;
    33418 : 20;
    33419 : 22;
    33420 : 9A;
    33421 : A8;
    33422 : 72;
    33423 : A9;
    33424 : 28;
    33425 : 12;
    33426 : 8A;
    33427 : A0;
    33428 : 41;
    33429 : FB;
    33430 : 49;
    33431 : 23;
    33432 : AB;
    33433 : 91;
    33434 : 61;
    33435 : B9;
    33436 : 18;
    33437 : 33;
    33438 : 9E;
    33439 : 00;
    33440 : 11;
    33441 : FA;
    33442 : 29;
    33443 : 24;
    33444 : CA;
    33445 : 88;
    33446 : 21;
    33447 : D8;
    33448 : 18;
    33449 : 24;
    33450 : AC;
    33451 : 10;
    33452 : 02;
    33453 : EA;
    33454 : 19;
    33455 : 35;
    33456 : CB;
    33457 : 80;
    33458 : 12;
    33459 : B9;
    33460 : 29;
    33461 : 46;
    33462 : CA;
    33463 : 00;
    33464 : 13;
    33465 : CB;
    33466 : 1A;
    33467 : 27;
    33468 : A9;
    33469 : 09;
    33470 : 12;
    33471 : AA;
    33472 : 0B;
    33473 : 37;
    33474 : CB;
    33475 : 80;
    33476 : 13;
    33477 : 9B;
    33478 : 8D;
    33479 : 35;
    33480 : A8;
    33481 : 89;
    33482 : 22;
    33483 : AA;
    33484 : 8E;
    33485 : 35;
    33486 : 99;
    33487 : 8A;
    33488 : 22;
    33489 : BA;
    33490 : 9F;
    33491 : 36;
    33492 : 88;
    33493 : 8A;
    33494 : 03;
    33495 : 80;
    33496 : AB;
    33497 : 27;
    33498 : A8;
    33499 : 0B;
    33500 : 11;
    33501 : B9;
    33502 : BF;
    33503 : 53;
    33504 : 90;
    33505 : 8B;
    33506 : 02;
    33507 : 98;
    33508 : AC;
    33509 : 54;
    33510 : A0;
    33511 : 8A;
    33512 : 33;
    33513 : A9;
    33514 : BC;
    33515 : 45;
    33516 : 01;
    33517 : 9A;
    33518 : 12;
    33519 : 09;
    33520 : BD;
    33521 : 73;
    33522 : 92;
    33523 : 9B;
    33524 : 12;
    33525 : 89;
    33526 : FB;
    33527 : 31;
    33528 : 82;
    33529 : AB;
    33530 : 13;
    33531 : 18;
    33532 : EC;
    33533 : 20;
    33534 : 92;
    33535 : 9C;
    33536 : 21;
    33537 : 00;
    33538 : EC;
    33539 : 40;
    33540 : 83;
    33541 : 99;
    33542 : 12;
    33543 : 38;
    33544 : FA;
    33545 : 30;
    33546 : 83;
    33547 : AC;
    33548 : 21;
    33549 : 11;
    33550 : FB;
    33551 : 28;
    33552 : 14;
    33553 : AA;
    33554 : 31;
    33555 : 31;
    33556 : E8;
    33557 : 29;
    33558 : 23;
    33559 : BE;
    33560 : 01;
    33561 : 08;
    33562 : EA;
    33563 : 1A;
    33564 : 03;
    33565 : CC;
    33566 : 18;
    33567 : 18;
    33568 : D8;
    33569 : 19;
    33570 : 23;
    33571 : DB;
    33572 : 21;
    33573 : 21;
    33574 : D9;
    33575 : 0A;
    33576 : 26;
    33577 : 99;
    33578 : 30;
    33579 : 11;
    33580 : C1;
    33581 : 2A;
    33582 : 27;
    33583 : A8;
    33584 : 38;
    33585 : 13;
    33586 : C8;
    33587 : 8A;
    33588 : 26;
    33589 : B9;
    33590 : 2B;
    33591 : 83;
    33592 : E8;
    33593 : 9C;
    33594 : 32;
    33595 : D9;
    33596 : 1A;
    33597 : 02;
    33598 : C8;
    33599 : 8C;
    33600 : 53;
    33601 : A0;
    33602 : 1A;
    33603 : 05;
    33604 : 98;
    33605 : 9B;
    33606 : 53;
    33607 : 90;
    33608 : 8A;
    33609 : 16;
    33610 : 98;
    33611 : AA;
    33612 : 42;
    33613 : 91;
    33614 : 9A;
    33615 : 26;
    33616 : 89;
    33617 : BB;
    33618 : 41;
    33619 : A2;
    33620 : 8D;
    33621 : 33;
    33622 : AC;
    33623 : CA;
    33624 : 40;
    33625 : 01;
    33626 : AB;
    33627 : 44;
    33628 : 99;
    33629 : C9;
    33630 : 28;
    33631 : 03;
    33632 : 9A;
    33633 : 45;
    33634 : B8;
    33635 : C9;
    33636 : 39;
    33637 : 02;
    33638 : BB;
    33639 : 44;
    33640 : B9;
    33641 : B8;
    33642 : 3A;
    33643 : 36;
    33644 : 88;
    33645 : 45;
    33646 : 91;
    33647 : 99;
    33648 : 1A;
    33649 : 14;
    33650 : B9;
    33651 : 43;
    33652 : B8;
    33653 : CA;
    33654 : 9C;
    33655 : 11;
    33656 : 89;
    33657 : 43;
    33658 : F8;
    33659 : 8A;
    33660 : 99;
    33661 : 22;
    33662 : 92;
    33663 : 50;
    33664 : D9;
    33665 : 09;
    33666 : C9;
    33667 : 38;
    33668 : 10;
    33669 : 33;
    33670 : D9;
    33671 : 19;
    33672 : DA;
    33673 : 21;
    33674 : 24;
    33675 : 43;
    33676 : BA;
    33677 : 20;
    33678 : D8;
    33679 : 39;
    33680 : 35;
    33681 : 14;
    33682 : C8;
    33683 : 19;
    33684 : C9;
    33685 : 8B;
    33686 : 33;
    33687 : 23;
    33688 : FC;
    33689 : 28;
    33690 : A0;
    33691 : 8C;
    33692 : 32;
    33693 : 14;
    33694 : EA;
    33695 : 19;
    33696 : B0;
    33697 : 9C;
    33698 : 33;
    33699 : 03;
    33700 : FA;
    33701 : 29;
    33702 : 91;
    33703 : 9C;
    33704 : 42;
    33705 : 13;
    33706 : C8;
    33707 : 3A;
    33708 : B2;
    33709 : AC;
    33710 : 72;
    33711 : 02;
    33712 : B9;
    33713 : 2C;
    33714 : B3;
    33715 : CB;
    33716 : 72;
    33717 : 02;
    33718 : 80;
    33719 : 2B;
    33720 : 94;
    33721 : AA;
    33722 : 62;
    33723 : 83;
    33724 : A9;
    33725 : 1C;
    33726 : B3;
    33727 : AE;
    33728 : 38;
    33729 : 82;
    33730 : B8;
    33731 : 0D;
    33732 : 93;
    33733 : BE;
    33734 : 50;
    33735 : 82;
    33736 : 88;
    33737 : 0B;
    33738 : 86;
    33739 : BB;
    33740 : 40;
    33741 : 84;
    33742 : 88;
    33743 : 0A;
    33744 : 05;
    33745 : 9C;
    33746 : 40;
    33747 : 03;
    33748 : 08;
    33749 : 1B;
    33750 : 06;
    33751 : AC;
    33752 : 38;
    33753 : 84;
    33754 : 89;
    33755 : 8B;
    33756 : 85;
    33757 : BC;
    33758 : 28;
    33759 : 85;
    33760 : 8A;
    33761 : 0B;
    33762 : 85;
    33763 : AC;
    33764 : 38;
    33765 : 84;
    33766 : 09;
    33767 : 0A;
    33768 : 86;
    33769 : BB;
    33770 : 20;
    33771 : 87;
    33772 : 09;
    33773 : 0A;
    33774 : 85;
    33775 : AA;
    33776 : 38;
    33777 : 15;
    33778 : 0A;
    33779 : 19;
    33780 : 05;
    33781 : BB;
    33782 : 20;
    33783 : 07;
    33784 : 8A;
    33785 : 19;
    33786 : 84;
    33787 : BB;
    33788 : 2A;
    33789 : 07;
    33790 : 8B;
    33791 : 19;
    33792 : 83;
    33793 : AD;
    33794 : 19;
    33795 : 06;
    33796 : 8A;
    33797 : 19;
    33798 : 83;
    33799 : CC;
    33800 : 09;
    33801 : 06;
    33802 : 8A;
    33803 : 08;
    33804 : 84;
    33805 : BA;
    33806 : 18;
    33807 : 17;
    33808 : 0A;
    33809 : 29;
    33810 : 03;
    33811 : BA;
    33812 : 19;
    33813 : 27;
    33814 : 0A;
    33815 : 09;
    33816 : 85;
    33817 : AB;
    33818 : 8A;
    33819 : 17;
    33820 : 8A;
    33821 : 19;
    33822 : 83;
    33823 : CB;
    33824 : 8A;
    33825 : 17;
    33826 : 8A;
    33827 : 08;
    33828 : 83;
    33829 : 9C;
    33830 : 8B;
    33831 : 17;
    33832 : 0A;
    33833 : 08;
    33834 : 83;
    33835 : 9B;
    33836 : 9C;
    33837 : 17;
    33838 : 09;
    33839 : 18;
    33840 : 93;
    33841 : 9A;
    33842 : 9B;
    33843 : 27;
    33844 : 0A;
    33845 : 18;
    33846 : 83;
    33847 : AB;
    33848 : CC;
    33849 : 16;
    33850 : 89;
    33851 : 00;
    33852 : A3;
    33853 : A0;
    33854 : BD;
    33855 : 61;
    33856 : 19;
    33857 : 20;
    33858 : 12;
    33859 : 9F;
    33860 : 9C;
    33861 : 15;
    33862 : 8B;
    33863 : 80;
    33864 : 22;
    33865 : 09;
    33866 : 90;
    33867 : 17;
    33868 : 99;
    33869 : 00;
    33870 : 98;
    33871 : 9C;
    33872 : BA;
    33873 : 73;
    33874 : 00;
    33875 : 12;
    33876 : 11;
    33877 : BA;
    33878 : EF;
    33879 : 22;
    33880 : 88;
    33881 : 80;
    33882 : 28;
    33883 : 99;
    33884 : B9;
    33885 : 47;
    33886 : 98;
    33887 : 00;
    33888 : A0;
    33889 : 8B;
    33890 : C0;
    33891 : 30;
    33892 : 80;
    33893 : 21;
    33894 : 03;
    33895 : 00;
    33896 : F9;
    33897 : 1B;
    33898 : 18;
    33899 : 0B;
    33900 : 90;
    33901 : B5;
    33902 : CF;
    33903 : 21;
    33904 : 1A;
    33905 : 28;
    33906 : 27;
    33907 : 29;
    33908 : CA;
    33909 : 30;
    33910 : 99;
    33911 : 81;
    33912 : 07;
    33913 : 80;
    33914 : 8C;
    33915 : 11;
    33916 : 1B;
    33917 : 02;
    33918 : 13;
    33919 : B9;
    33920 : ED;
    33921 : 09;
    33922 : 00;
    33923 : 92;
    33924 : 84;
    33925 : 24;
    33926 : 8D;
    33927 : 01;
    33928 : 88;
    33929 : 8B;
    33930 : 08;
    33931 : D9;
    33932 : 8B;
    33933 : 20;
    33934 : A3;
    33935 : 4B;
    33936 : 84;
    33937 : 85;
    33938 : 8F;
    33939 : 90;
    33940 : 10;
    33941 : 39;
    33942 : 23;
    33943 : C1;
    33944 : A9;
    33945 : 5B;
    33946 : B5;
    33947 : 21;
    33948 : 91;
    33949 : 28;
    33950 : AE;
    33951 : 01;
    33952 : 02;
    33953 : 38;
    33954 : 57;
    33955 : B8;
    33956 : A9;
    33957 : 90;
    33958 : A2;
    33959 : 0E;
    33960 : 10;
    33961 : 28;
    33962 : BA;
    33963 : 15;
    33964 : A0;
    33965 : 0B;
    33966 : 35;
    33967 : C2;
    33968 : AA;
    33969 : 01;
    33970 : B3;
    33971 : 1F;
    33972 : 32;
    33973 : 02;
    33974 : DA;
    33975 : 10;
    33976 : B9;
    33977 : AA;
    33978 : 75;
    33979 : B1;
    33980 : 89;
    33981 : 10;
    33982 : 92;
    33983 : 0B;
    33984 : 91;
    33985 : 48;
    33986 : D0;
    33987 : 39;
    33988 : C8;
    33989 : B9;
    33990 : 72;
    33991 : D3;
    33992 : 99;
    33993 : 80;
    33994 : 03;
    33995 : 1C;
    33996 : 32;
    33997 : 08;
    33998 : E9;
    33999 : 38;
    34000 : B2;
    34001 : 1B;
    34002 : 56;
    34003 : A2;
    34004 : 9B;
    34005 : 08;
    34006 : 00;
    34007 : 0C;
    34008 : 53;
    34009 : 11;
    34010 : B1;
    34011 : 29;
    34012 : B2;
    34013 : 9D;
    34014 : 40;
    34015 : B4;
    34016 : 9F;
    34017 : 09;
    34018 : 90;
    34019 : 8B;
    34020 : 53;
    34021 : 20;
    34022 : 82;
    34023 : 29;
    34024 : E1;
    34025 : 8A;
    34026 : 42;
    34027 : 93;
    34028 : 9D;
    34029 : 88;
    34030 : 89;
    34031 : 9A;
    34032 : 61;
    34033 : 98;
    34034 : 03;
    34035 : 09;
    34036 : E1;
    34037 : 0A;
    34038 : 11;
    34039 : 82;
    34040 : 0E;
    34041 : 81;
    34042 : 19;
    34043 : 5A;
    34044 : 33;
    34045 : C8;
    34046 : 33;
    34047 : 01;
    34048 : F0;
    34049 : 4B;
    34050 : 02;
    34051 : 80;
    34052 : 0C;
    34053 : 80;
    34054 : AB;
    34055 : 3C;
    34056 : 04;
    34057 : DA;
    34058 : 42;
    34059 : 81;
    34060 : D8;
    34061 : 1D;
    34062 : 12;
    34063 : 80;
    34064 : 8B;
    34065 : 82;
    34066 : AA;
    34067 : 0D;
    34068 : 27;
    34069 : A9;
    34070 : 20;
    34071 : 12;
    34072 : C0;
    34073 : 0F;
    34074 : 13;
    34075 : 09;
    34076 : 89;
    34077 : 22;
    34078 : FB;
    34079 : 89;
    34080 : 22;
    34081 : C8;
    34082 : 30;
    34083 : 04;
    34084 : B9;
    34085 : 8F;
    34086 : 23;
    34087 : 8B;
    34088 : 98;
    34089 : 23;
    34090 : B0;
    34091 : AB;
    34092 : 46;
    34093 : DA;
    34094 : 39;
    34095 : 13;
    34096 : A0;
    34097 : 8F;
    34098 : 32;
    34099 : 89;
    34100 : 90;
    34101 : 22;
    34102 : A9;
    34103 : 88;
    34104 : 37;
    34105 : B9;
    34106 : 4A;
    34107 : 03;
    34108 : 01;
    34109 : AE;
    34110 : 43;
    34111 : AB;
    34112 : A0;
    34113 : 00;
    34114 : D9;
    34115 : 98;
    34116 : 52;
    34117 : B8;
    34118 : 2C;
    34119 : 84;
    34120 : 80;
    34121 : AC;
    34122 : 53;
    34123 : A9;
    34124 : A0;
    34125 : 99;
    34126 : B1;
    34127 : 88;
    34128 : 71;
    34129 : 92;
    34130 : 1C;
    34131 : 04;
    34132 : 19;
    34133 : DA;
    34134 : 32;
    34135 : A8;
    34136 : 03;
    34137 : 88;
    34138 : F1;
    34139 : 18;
    34140 : 71;
    34141 : 88;
    34142 : 1B;
    34143 : 04;
    34144 : 08;
    34145 : A8;
    34146 : 41;
    34147 : B9;
    34148 : A3;
    34149 : 98;
    34150 : D8;
    34151 : 39;
    34152 : 1B;
    34153 : 88;
    34154 : 9E;
    34155 : 86;
    34156 : 08;
    34157 : A8;
    34158 : 30;
    34159 : 98;
    34160 : 14;
    34161 : CA;
    34162 : 00;
    34163 : 78;
    34164 : 10;
    34165 : 89;
    34166 : A9;
    34167 : 07;
    34168 : 80;
    34169 : A1;
    34170 : 0A;
    34171 : 09;
    34172 : 15;
    34173 : BD;
    34174 : A8;
    34175 : 59;
    34176 : 80;
    34177 : 18;
    34178 : B8;
    34179 : 13;
    34180 : 99;
    34181 : 07;
    34182 : 8C;
    34183 : 88;
    34184 : 33;
    34185 : C9;
    34186 : 99;
    34187 : 79;
    34188 : B0;
    34189 : 59;
    34190 : A0;
    34191 : 13;
    34192 : 98;
    34193 : 04;
    34194 : AC;
    34195 : 28;
    34196 : 43;
    34197 : F8;
    34198 : 19;
    34199 : 49;
    34200 : B0;
    34201 : 39;
    34202 : A1;
    34203 : 32;
    34204 : 31;
    34205 : 36;
    34206 : DD;
    34207 : 19;
    34208 : 31;
    34209 : C8;
    34210 : 09;
    34211 : 38;
    34212 : F1;
    34213 : 2A;
    34214 : A0;
    34215 : 81;
    34216 : 18;
    34217 : 35;
    34218 : EB;
    34219 : 1A;
    34220 : 28;
    34221 : D1;
    34222 : 29;
    34223 : 21;
    34224 : F3;
    34225 : 19;
    34226 : 91;
    34227 : 98;
    34228 : 29;
    34229 : 63;
    34230 : B8;
    34231 : 3B;
    34232 : 28;
    34233 : E4;
    34234 : 1A;
    34235 : 12;
    34236 : D3;
    34237 : 2A;
    34238 : 01;
    34239 : 01;
    34240 : 49;
    34241 : 53;
    34242 : D0;
    34243 : 0A;
    34244 : 19;
    34245 : B3;
    34246 : 0F;
    34247 : 11;
    34248 : A2;
    34249 : 0B;
    34250 : 18;
    34251 : 91;
    34252 : 8D;
    34253 : 44;
    34254 : C1;
    34255 : 2B;
    34256 : 8B;
    34257 : B5;
    34258 : 0C;
    34259 : 23;
    34260 : 10;
    34261 : 8E;
    34262 : 88;
    34263 : 03;
    34264 : 81;
    34265 : 48;
    34266 : 13;
    34267 : 2A;
    34268 : 0F;
    34269 : B6;
    34270 : 89;
    34271 : 30;
    34272 : 83;
    34273 : 9D;
    34274 : 8B;
    34275 : 02;
    34276 : 1A;
    34277 : 38;
    34278 : A5;
    34279 : 3A;
    34280 : C0;
    34281 : 86;
    34282 : 0D;
    34283 : 18;
    34284 : 11;
    34285 : B8;
    34286 : AB;
    34287 : 80;
    34288 : 02;
    34289 : 1E;
    34290 : 22;
    34291 : 39;
    34292 : DB;
    34293 : 17;
    34294 : 99;
    34295 : 08;
    34296 : 27;
    34297 : 8A;
    34298 : 8A;
    34299 : 31;
    34300 : 98;
    34301 : 11;
    34302 : 31;
    34303 : 9F;
    34304 : 93;
    34305 : 21;
    34306 : AD;
    34307 : 20;
    34308 : 10;
    34309 : C3;
    34310 : 8B;
    34311 : AB;
    34312 : 60;
    34313 : 8B;
    34314 : 80;
    34315 : D0;
    34316 : D8;
    34317 : 31;
    34318 : 9D;
    34319 : 88;
    34320 : 62;
    34321 : B0;
    34322 : 1A;
    34323 : 01;
    34324 : C0;
    34325 : 21;
    34326 : 34;
    34327 : A8;
    34328 : 78;
    34329 : 00;
    34330 : D9;
    34331 : 30;
    34332 : 03;
    34333 : 90;
    34334 : 1E;
    34335 : A1;
    34336 : 18;
    34337 : 00;
    34338 : 11;
    34339 : 8A;
    34340 : 08;
    34341 : 41;
    34342 : FB;
    34343 : 0C;
    34344 : 71;
    34345 : A0;
    34346 : 9A;
    34347 : 92;
    34348 : A8;
    34349 : 3C;
    34350 : 32;
    34351 : DA;
    34352 : 3A;
    34353 : 87;
    34354 : B0;
    34355 : 1A;
    34356 : 25;
    34357 : 99;
    34358 : 8A;
    34359 : 83;
    34360 : 0C;
    34361 : 10;
    34362 : 34;
    34363 : DA;
    34364 : 08;
    34365 : 20;
    34366 : E0;
    34367 : 0A;
    34368 : 72;
    34369 : 91;
    34370 : 9A;
    34371 : 12;
    34372 : 99;
    34373 : 8C;
    34374 : 26;
    34375 : B8;
    34376 : 0B;
    34377 : 14;
    34378 : B9;
    34379 : 8E;
    34380 : 52;
    34381 : 98;
    34382 : 89;
    34383 : 22;
    34384 : BA;
    34385 : 92;
    34386 : 64;
    34387 : A8;
    34388 : 19;
    34389 : 18;
    34390 : C1;
    34391 : 8C;
    34392 : 31;
    34393 : 95;
    34394 : 9A;
    34395 : 20;
    34396 : 90;
    34397 : BA;
    34398 : 65;
    34399 : 90;
    34400 : 9A;
    34401 : 33;
    34402 : D0;
    34403 : AB;
    34404 : 61;
    34405 : B2;
    34406 : 88;
    34407 : 28;
    34408 : E9;
    34409 : 28;
    34410 : 49;
    34411 : B0;
    34412 : 19;
    34413 : 80;
    34414 : C2;
    34415 : 8B;
    34416 : 41;
    34417 : 05;
    34418 : 89;
    34419 : 2A;
    34420 : E8;
    34421 : 90;
    34422 : 61;
    34423 : A1;
    34424 : 88;
    34425 : 50;
    34426 : B0;
    34427 : 9A;
    34428 : 50;
    34429 : A2;
    34430 : 29;
    34431 : 38;
    34432 : F0;
    34433 : 3B;
    34434 : 21;
    34435 : D1;
    34436 : 19;
    34437 : 02;
    34438 : C8;
    34439 : 8B;
    34440 : 23;
    34441 : 18;
    34442 : A3;
    34443 : 40;
    34444 : FA;
    34445 : 1B;
    34446 : 51;
    34447 : C1;
    34448 : 08;
    34449 : 69;
    34450 : B0;
    34451 : 9B;
    34452 : 22;
    34453 : A1;
    34454 : 2A;
    34455 : 61;
    34456 : E9;
    34457 : 2B;
    34458 : 14;
    34459 : A0;
    34460 : 09;
    34461 : 43;
    34462 : CA;
    34463 : 1A;
    34464 : 32;
    34465 : 9A;
    34466 : 13;
    34467 : 42;
    34468 : FA;
    34469 : 2C;
    34470 : 12;
    34471 : B1;
    34472 : 19;
    34473 : 30;
    34474 : F2;
    34475 : 0C;
    34476 : 10;
    34477 : 81;
    34478 : 09;
    34479 : 42;
    34480 : F8;
    34481 : 1C;
    34482 : 22;
    34483 : A0;
    34484 : 8A;
    34485 : 62;
    34486 : D8;
    34487 : 08;
    34488 : 20;
    34489 : B8;
    34490 : 22;
    34491 : 41;
    34492 : EA;
    34493 : 19;
    34494 : 12;
    34495 : A0;
    34496 : 08;
    34497 : 22;
    34498 : D9;
    34499 : 0A;
    34500 : 58;
    34501 : A9;
    34502 : A4;
    34503 : 42;
    34504 : EA;
    34505 : 89;
    34506 : 61;
    34507 : 98;
    34508 : 90;
    34509 : 31;
    34510 : E9;
    34511 : 80;
    34512 : 30;
    34513 : AA;
    34514 : 22;
    34515 : 40;
    34516 : DC;
    34517 : 80;
    34518 : 32;
    34519 : 8B;
    34520 : 83;
    34521 : 21;
    34522 : 9F;
    34523 : 92;
    34524 : 20;
    34525 : 9C;
    34526 : 05;
    34527 : 20;
    34528 : BB;
    34529 : B1;
    34530 : 71;
    34531 : 88;
    34532 : 82;
    34533 : 11;
    34534 : CB;
    34535 : 90;
    34536 : 33;
    34537 : 8F;
    34538 : 12;
    34539 : 84;
    34540 : AC;
    34541 : A8;
    34542 : 24;
    34543 : 0E;
    34544 : 82;
    34545 : 81;
    34546 : 0D;
    34547 : 90;
    34548 : 02;
    34549 : 8E;
    34550 : 13;
    34551 : 81;
    34552 : 0C;
    34553 : A8;
    34554 : 32;
    34555 : 8B;
    34556 : 86;
    34557 : 92;
    34558 : 2B;
    34559 : B9;
    34560 : 17;
    34561 : 0C;
    34562 : 11;
    34563 : 84;
    34564 : 8B;
    34565 : B9;
    34566 : 25;
    34567 : 8C;
    34568 : 22;
    34569 : 81;
    34570 : 8D;
    34571 : 90;
    34572 : 84;
    34573 : 8D;
    34574 : 31;
    34575 : A1;
    34576 : 1B;
    34577 : CB;
    34578 : 84;
    34579 : 09;
    34580 : 23;
    34581 : B1;
    34582 : 5B;
    34583 : CB;
    34584 : 05;
    34585 : 0B;
    34586 : 30;
    34587 : 04;
    34588 : 09;
    34589 : AE;
    34590 : 22;
    34591 : 9A;
    34592 : 51;
    34593 : 90;
    34594 : 88;
    34595 : 9C;
    34596 : 85;
    34597 : 8A;
    34598 : 59;
    34599 : 92;
    34600 : 20;
    34601 : BD;
    34602 : 83;
    34603 : 3A;
    34604 : 4A;
    34605 : A1;
    34606 : 41;
    34607 : FB;
    34608 : 01;
    34609 : 1A;
    34610 : 89;
    34611 : 42;
    34612 : 32;
    34613 : CF;
    34614 : 81;
    34615 : 11;
    34616 : 18;
    34617 : 01;
    34618 : 22;
    34619 : BE;
    34620 : 12;
    34621 : 19;
    34622 : AA;
    34623 : 14;
    34624 : 69;
    34625 : E8;
    34626 : 00;
    34627 : 29;
    34628 : A0;
    34629 : 00;
    34630 : 40;
    34631 : C8;
    34632 : 09;
    34633 : 29;
    34634 : 00;
    34635 : 29;
    34636 : 87;
    34637 : FA;
    34638 : 89;
    34639 : 30;
    34640 : 20;
    34641 : 09;
    34642 : 31;
    34643 : F9;
    34644 : 10;
    34645 : 11;
    34646 : DB;
    34647 : 00;
    34648 : 98;
    34649 : A8;
    34650 : 89;
    34651 : 60;
    34652 : 00;
    34653 : 18;
    34654 : A1;
    34655 : BA;
    34656 : 32;
    34657 : 37;
    34658 : 88;
    34659 : 09;
    34660 : 74;
    34661 : 88;
    34662 : 19;
    34663 : 02;
    34664 : EA;
    34665 : 22;
    34666 : 83;
    34667 : C9;
    34668 : 19;
    34669 : 19;
    34670 : 0A;
    34671 : 79;
    34672 : B3;
    34673 : DB;
    34674 : 80;
    34675 : 95;
    34676 : 0A;
    34677 : 20;
    34678 : 8A;
    34679 : 0D;
    34680 : 98;
    34681 : 94;
    34682 : BC;
    34683 : 63;
    34684 : A3;
    34685 : 8B;
    34686 : 0B;
    34687 : 29;
    34688 : 8B;
    34689 : 65;
    34690 : A1;
    34691 : BA;
    34692 : 48;
    34693 : 84;
    34694 : 9D;
    34695 : 51;
    34696 : A2;
    34697 : 19;
    34698 : 88;
    34699 : 91;
    34700 : AE;
    34701 : 42;
    34702 : A3;
    34703 : 9B;
    34704 : 10;
    34705 : 88;
    34706 : 8D;
    34707 : 44;
    34708 : 92;
    34709 : 9A;
    34710 : 29;
    34711 : 03;
    34712 : AF;
    34713 : 62;
    34714 : A1;
    34715 : 09;
    34716 : 28;
    34717 : 91;
    34718 : CC;
    34719 : 41;
    34720 : 04;
    34721 : 8B;
    34722 : 28;
    34723 : A0;
    34724 : 9D;
    34725 : 43;
    34726 : A1;
    34727 : CA;
    34728 : 20;
    34729 : 04;
    34730 : BC;
    34731 : 50;
    34732 : 90;
    34733 : 8A;
    34734 : 00;
    34735 : B1;
    34736 : BB;
    34737 : 78;
    34738 : 06;
    34739 : 9A;
    34740 : 29;
    34741 : A1;
    34742 : 9C;
    34743 : 21;
    34744 : 03;
    34745 : CB;
    34746 : 58;
    34747 : 13;
    34748 : 9C;
    34749 : 51;
    34750 : A2;
    34751 : 9A;
    34752 : 21;
    34753 : A1;
    34754 : BB;
    34755 : 49;
    34756 : 27;
    34757 : AB;
    34758 : 20;
    34759 : C1;
    34760 : 1B;
    34761 : 15;
    34762 : 82;
    34763 : C9;
    34764 : 8A;
    34765 : 23;
    34766 : AD;
    34767 : 48;
    34768 : 82;
    34769 : BB;
    34770 : 15;
    34771 : C8;
    34772 : 89;
    34773 : 20;
    34774 : 26;
    34775 : B9;
    34776 : 3A;
    34777 : E2;
    34778 : 0C;
    34779 : 12;
    34780 : 90;
    34781 : 98;
    34782 : 09;
    34783 : 08;
    34784 : 9E;
    34785 : 41;
    34786 : 82;
    34787 : 9B;
    34788 : 16;
    34789 : A9;
    34790 : 19;
    34791 : 00;
    34792 : 72;
    34793 : A0;
    34794 : 48;
    34795 : D1;
    34796 : 9A;
    34797 : 24;
    34798 : 80;
    34799 : 88;
    34800 : 08;
    34801 : 11;
    34802 : AC;
    34803 : 38;
    34804 : 84;
    34805 : 9F;
    34806 : 33;
    34807 : D8;
    34808 : 0B;
    34809 : 01;
    34810 : 68;
    34811 : A8;
    34812 : 28;
    34813 : A2;
    34814 : 9E;
    34815 : 22;
    34816 : 88;
    34817 : 09;
    34818 : 00;
    34819 : 12;
    34820 : BC;
    34821 : 39;
    34822 : 25;
    34823 : DC;
    34824 : 33;
    34825 : B2;
    34826 : 0E;
    34827 : 00;
    34828 : 49;
    34829 : A1;
    34830 : 29;
    34831 : 97;
    34832 : AC;
    34833 : 22;
    34834 : 90;
    34835 : 89;
    34836 : 00;
    34837 : 81;
    34838 : CA;
    34839 : 0A;
    34840 : 22;
    34841 : CC;
    34842 : 71;
    34843 : 93;
    34844 : 8D;
    34845 : 01;
    34846 : 28;
    34847 : 81;
    34848 : 8A;
    34849 : 07;
    34850 : CA;
    34851 : 41;
    34852 : 80;
    34853 : 19;
    34854 : 00;
    34855 : 03;
    34856 : A9;
    34857 : 0A;
    34858 : 34;
    34859 : BC;
    34860 : 30;
    34861 : 97;
    34862 : 8E;
    34863 : 00;
    34864 : 1A;
    34865 : 18;
    34866 : A8;
    34867 : 05;
    34868 : FB;
    34869 : 10;
    34870 : 00;
    34871 : 0A;
    34872 : 01;
    34873 : 81;
    34874 : B0;
    34875 : 00;
    34876 : 58;
    34877 : AB;
    34878 : 21;
    34879 : 17;
    34880 : 9F;
    34881 : 01;
    34882 : 08;
    34883 : 29;
    34884 : A2;
    34885 : 14;
    34886 : EB;
    34887 : 21;
    34888 : 11;
    34889 : 0E;
    34890 : 02;
    34891 : 81;
    34892 : 99;
    34893 : 92;
    34894 : 5A;
    34895 : 0B;
    34896 : 01;
    34897 : 87;
    34898 : BB;
    34899 : 13;
    34900 : 89;
    34901 : 2D;
    34902 : A2;
    34903 : 32;
    34904 : CE;
    34905 : 01;
    34906 : 22;
    34907 : 8E;
    34908 : 12;
    34909 : 81;
    34910 : 9B;
    34911 : 84;
    34912 : 38;
    34913 : 8D;
    34914 : 01;
    34915 : 15;
    34916 : AD;
    34917 : 01;
    34918 : 00;
    34919 : 1C;
    34920 : 93;
    34921 : 11;
    34922 : BC;
    34923 : 80;
    34924 : 34;
    34925 : AF;
    34926 : 02;
    34927 : 82;
    34928 : 9C;
    34929 : 92;
    34930 : 40;
    34931 : 8C;
    34932 : 01;
    34933 : 25;
    34934 : CB;
    34935 : 81;
    34936 : 13;
    34937 : 0E;
    34938 : 02;
    34939 : 12;
    34940 : AB;
    34941 : A9;
    34942 : 44;
    34943 : AC;
    34944 : 11;
    34945 : 05;
    34946 : 9B;
    34947 : 91;
    34948 : 41;
    34949 : 9C;
    34950 : 08;
    34951 : 25;
    34952 : C9;
    34953 : 88;
    34954 : 23;
    34955 : 9D;
    34956 : 21;
    34957 : 01;
    34958 : B8;
    34959 : EA;
    34960 : 53;
    34961 : C9;
    34962 : 29;
    34963 : 84;
    34964 : A8;
    34965 : 90;
    34966 : 30;
    34967 : BA;
    34968 : 2B;
    34969 : 27;
    34970 : D0;
    34971 : 99;
    34972 : 32;
    34973 : BB;
    34974 : 59;
    34975 : 02;
    34976 : A1;
    34977 : EA;
    34978 : 41;
    34979 : A8;
    34980 : 2C;
    34981 : 05;
    34982 : 98;
    34983 : 89;
    34984 : 38;
    34985 : B8;
    34986 : 2B;
    34987 : 26;
    34988 : A1;
    34989 : AC;
    34990 : 72;
    34991 : 80;
    34992 : 2A;
    34993 : 84;
    34994 : 91;
    34995 : 9B;
    34996 : 59;
    34997 : C3;
    34998 : 8C;
    34999 : 22;
    35000 : A0;
    35001 : 8B;
    35002 : 0A;
    35003 : B2;
    35004 : 1E;
    35005 : 31;
    35006 : B4;
    35007 : AD;
    35008 : 30;
    35009 : C1;
    35010 : 3D;
    35011 : 21;
    35012 : A3;
    35013 : C0;
    35014 : 19;
    35015 : 23;
    35016 : 1F;
    35017 : 31;
    35018 : D2;
    35019 : 8C;
    35020 : 81;
    35021 : 91;
    35022 : 1A;
    35023 : 01;
    35024 : 83;
    35025 : 9F;
    35026 : 81;
    35027 : 93;
    35028 : 9C;
    35029 : 44;
    35030 : 11;
    35031 : 0B;
    35032 : B2;
    35033 : 93;
    35034 : 1C;
    35035 : 44;
    35036 : 90;
    35037 : 9D;
    35038 : 91;
    35039 : 82;
    35040 : 0A;
    35041 : 44;
    35042 : 11;
    35043 : BF;
    35044 : 13;
    35045 : 91;
    35046 : 9A;
    35047 : 14;
    35048 : 19;
    35049 : 9B;
    35050 : 94;
    35051 : 90;
    35052 : ED;
    35053 : 50;
    35054 : 81;
    35055 : 8B;
    35056 : 02;
    35057 : BA;
    35058 : 8A;
    35059 : 54;
    35060 : 81;
    35061 : BB;
    35062 : 01;
    35063 : B0;
    35064 : 9D;
    35065 : 63;
    35066 : A0;
    35067 : 9D;
    35068 : 22;
    35069 : 92;
    35070 : CA;
    35071 : 42;
    35072 : 92;
    35073 : 2A;
    35074 : 23;
    35075 : C0;
    35076 : DB;
    35077 : 61;
    35078 : 12;
    35079 : AB;
    35080 : 10;
    35081 : D0;
    35082 : 9B;
    35083 : 45;
    35084 : 91;
    35085 : 8A;
    35086 : 80;
    35087 : 82;
    35088 : C8;
    35089 : 68;
    35090 : 92;
    35091 : 8D;
    35092 : 22;
    35093 : A0;
    35094 : AB;
    35095 : 31;
    35096 : 92;
    35097 : 2A;
    35098 : 21;
    35099 : E2;
    35100 : CD;
    35101 : 50;
    35102 : 03;
    35103 : 9B;
    35104 : 11;
    35105 : A8;
    35106 : AA;
    35107 : 72;
    35108 : A2;
    35109 : 9B;
    35110 : 01;
    35111 : 80;
    35112 : D8;
    35113 : 49;
    35114 : 94;
    35115 : 9B;
    35116 : 51;
    35117 : B1;
    35118 : AC;
    35119 : 31;
    35120 : 93;
    35121 : 48;
    35122 : 82;
    35123 : AA;
    35124 : FB;
    35125 : 38;
    35126 : 16;
    35127 : 8B;
    35128 : 31;
    35129 : EA;
    35130 : 89;
    35131 : 33;
    35132 : 90;
    35133 : 28;
    35134 : 00;
    35135 : 80;
    35136 : E8;
    35137 : 59;
    35138 : 94;
    35139 : 8D;
    35140 : 32;
    35141 : D8;
    35142 : 0B;
    35143 : 01;
    35144 : A1;
    35145 : 30;
    35146 : 12;
    35147 : BA;
    35148 : AF;
    35149 : 38;
    35150 : 06;
    35151 : 8A;
    35152 : 31;
    35153 : FA;
    35154 : 0A;
    35155 : 22;
    35156 : A1;
    35157 : 2A;
    35158 : 21;
    35159 : A9;
    35160 : 9B;
    35161 : 5B;
    35162 : 87;
    35163 : 0A;
    35164 : 63;
    35165 : B0;
    35166 : 0D;
    35167 : 10;
    35168 : B2;
    35169 : 48;
    35170 : 02;
    35171 : AA;
    35172 : AC;
    35173 : 49;
    35174 : 86;
    35175 : 8A;
    35176 : 42;
    35177 : C8;
    35178 : 0A;
    35179 : 11;
    35180 : B1;
    35181 : 29;
    35182 : 21;
    35183 : 98;
    35184 : 9D;
    35185 : 2B;
    35186 : 87;
    35187 : 0C;
    35188 : 52;
    35189 : B0;
    35190 : 0C;
    35191 : 10;
    35192 : A2;
    35193 : 4A;
    35194 : 02;
    35195 : A8;
    35196 : 9D;
    35197 : 2A;
    35198 : 87;
    35199 : 8A;
    35200 : 42;
    35201 : B0;
    35202 : 1D;
    35203 : 00;
    35204 : B2;
    35205 : 29;
    35206 : 11;
    35207 : 91;
    35208 : 8A;
    35209 : 0F;
    35210 : 96;
    35211 : 0A;
    35212 : 41;
    35213 : C1;
    35214 : 1A;
    35215 : 08;
    35216 : B2;
    35217 : 69;
    35218 : 81;
    35219 : 80;
    35220 : 8B;
    35221 : 0C;
    35222 : 87;
    35223 : 0A;
    35224 : 31;
    35225 : C0;
    35226 : 2B;
    35227 : 20;
    35228 : D2;
    35229 : 28;
    35230 : 01;
    35231 : 88;
    35232 : 19;
    35233 : 0F;
    35234 : A5;
    35235 : 0A;
    35236 : 41;
    35237 : B1;
    35238 : 0C;
    35239 : 08;
    35240 : C3;
    35241 : 59;
    35242 : 81;
    35243 : 89;
    35244 : 8A;
    35245 : 0C;
    35246 : 86;
    35247 : 0A;
    35248 : 21;
    35249 : B0;
    35250 : 0C;
    35251 : 21;
    35252 : F2;
    35253 : 28;
    35254 : 11;
    35255 : 99;
    35256 : 80;
    35257 : 0E;
    35258 : 94;
    35259 : 1A;
    35260 : 61;
    35261 : A0;
    35262 : 1B;
    35263 : 19;
    35264 : B2;
    35265 : 7A;
    35266 : 01;
    35267 : 88;
    35268 : 89;
    35269 : 0C;
    35270 : 05;
    35271 : 0B;
    35272 : 33;
    35273 : B0;
    35274 : 8C;
    35275 : 28;
    35276 : E1;
    35277 : 29;
    35278 : 23;
    35279 : 89;
    35280 : 00;
    35281 : AF;
    35282 : 94;
    35283 : 9A;
    35284 : 63;
    35285 : 91;
    35286 : 0D;
    35287 : 88;
    35288 : A2;
    35289 : 2A;
    35290 : 14;
    35291 : 88;
    35292 : 8A;
    35293 : AD;
    35294 : 14;
    35295 : BA;
    35296 : 54;
    35297 : 91;
    35298 : 8A;
    35299 : 88;
    35300 : B2;
    35301 : 0A;
    35302 : 73;
    35303 : 80;
    35304 : 88;
    35305 : AE;
    35306 : 04;
    35307 : AA;
    35308 : 61;
    35309 : 92;
    35310 : 0B;
    35311 : A8;
    35312 : 82;
    35313 : 19;
    35314 : 62;
    35315 : 00;
    35316 : 88;
    35317 : CC;
    35318 : 23;
    35319 : C9;
    35320 : 68;
    35321 : 82;
    35322 : 8A;
    35323 : 88;
    35324 : 80;
    35325 : 09;
    35326 : 7B;
    35327 : 82;
    35328 : 00;
    35329 : BD;
    35330 : 21;
    35331 : AA;
    35332 : 7B;
    35333 : 85;
    35334 : 89;
    35335 : A8;
    35336 : 00;
    35337 : 09;
    35338 : 08;
    35339 : 87;
    35340 : 08;
    35341 : CA;
    35342 : 30;
    35343 : C8;
    35344 : 28;
    35345 : 06;
    35346 : 8A;
    35347 : 88;
    35348 : 09;
    35349 : A0;
    35350 : 10;
    35351 : 17;
    35352 : 08;
    35353 : C9;
    35354 : 2A;
    35355 : A1;
    35356 : 39;
    35357 : 37;
    35358 : 9B;
    35359 : 90;
    35360 : 8B;
    35361 : 02;
    35362 : 01;
    35363 : 22;
    35364 : CC;
    35365 : 09;
    35366 : 7B;
    35367 : C2;
    35368 : 20;
    35369 : 16;
    35370 : 9B;
    35371 : 50;
    35372 : A9;
    35373 : A0;
    35374 : 28;
    35375 : 03;
    35376 : B8;
    35377 : 0F;
    35378 : 88;
    35379 : D1;
    35380 : 2A;
    35381 : 16;
    35382 : 9A;
    35383 : 3A;
    35384 : 88;
    35385 : C0;
    35386 : 08;
    35387 : 24;
    35388 : A0;
    35389 : 0D;
    35390 : 41;
    35391 : B0;
    35392 : 09;
    35393 : 33;
    35394 : B9;
    35395 : 4E;
    35396 : 82;
    35397 : D0;
    35398 : 8A;
    35399 : 81;
    35400 : 20;
    35401 : 1F;
    35402 : 82;
    35403 : 80;
    35404 : 9A;
    35405 : 37;
    35406 : 99;
    35407 : 29;
    35408 : 13;
    35409 : CB;
    35410 : 8A;
    35411 : 23;
    35412 : 99;
    35413 : 3C;
    35414 : 34;
    35415 : C5;
    35416 : 9C;
    35417 : 22;
    35418 : 09;
    35419 : 2E;
    35420 : 02;
    35421 : C1;
    35422 : A9;
    35423 : 12;
    35424 : 02;
    35425 : 2C;
    35426 : 23;
    35427 : DA;
    35428 : 8F;
    35429 : 20;
    35430 : 88;
    35431 : 1A;
    35432 : 06;
    35433 : 98;
    35434 : 91;
    35435 : 39;
    35436 : 8B;
    35437 : 0E;
    35438 : 14;
    35439 : E2;
    35440 : 99;
    35441 : 20;
    35442 : 88;
    35443 : 2A;
    35444 : A4;
    35445 : 90;
    35446 : 0D;
    35447 : 11;
    35448 : 11;
    35449 : FA;
    35450 : 22;
    35451 : A2;
    35452 : 1B;
    35453 : 39;
    35454 : 89;
    35455 : 90;
    35456 : 87;
    35457 : 90;
    35458 : 2A;
    35459 : 2A;
    35460 : 54;
    35461 : AA;
    35462 : 05;
    35463 : A9;
    35464 : AA;
    35465 : 40;
    35466 : 82;
    35467 : 00;
    35468 : 43;
    35469 : A8;
    35470 : 8F;
    35471 : 9A;
    35472 : 24;
    35473 : D3;
    35474 : 82;
    35475 : 18;
    35476 : 1D;
    35477 : 08;
    35478 : 28;
    35479 : A5;
    35480 : A2;
    35481 : BA;
    35482 : 19;
    35483 : CB;
    35484 : 29;
    35485 : C3;
    35486 : 73;
    35487 : A8;
    35488 : 0A;
    35489 : A2;
    35490 : A1;
    35491 : 83;
    35492 : 42;
    35493 : 2D;
    35494 : 0F;
    35495 : 91;
    35496 : 14;
    35497 : A3;
    35498 : 11;
    35499 : 1A;
    35500 : 0E;
    35501 : 90;
    35502 : 1B;
    35503 : 85;
    35504 : 18;
    35505 : BA;
    35506 : 00;
    35507 : E1;
    35508 : 00;
    35509 : 42;
    35510 : 5A;
    35511 : 9A;
    35512 : 9C;
    35513 : A3;
    35514 : C1;
    35515 : 03;
    35516 : 50;
    35517 : 19;
    35518 : 0D;
    35519 : 98;
    35520 : 11;
    35521 : 85;
    35522 : 28;
    35523 : 11;
    35524 : AC;
    35525 : 92;
    35526 : 0B;
    35527 : 61;
    35528 : 0A;
    35529 : 8B;
    35530 : C1;
    35531 : C4;
    35532 : A9;
    35533 : 52;
    35534 : 5A;
    35535 : 88;
    35536 : 0A;
    35537 : 82;
    35538 : D8;
    35539 : 30;
    35540 : 13;
    35541 : B3;
    35542 : AC;
    35543 : 05;
    35544 : 3A;
    35545 : 8A;
    35546 : 1C;
    35547 : A1;
    35548 : F1;
    35549 : 93;
    35550 : A9;
    35551 : 69;
    35552 : 8B;
    35553 : 28;
    35554 : 91;
    35555 : 85;
    35556 : 1D;
    35557 : 21;
    35558 : 12;
    35559 : A0;
    35560 : 89;
    35561 : 48;
    35562 : CA;
    35563 : 5C;
    35564 : 90;
    35565 : D2;
    35566 : A8;
    35567 : 01;
    35568 : 49;
    35569 : 0A;
    35570 : 28;
    35571 : 28;
    35572 : F2;
    35573 : 18;
    35574 : 9A;
    35575 : 25;
    35576 : 8A;
    35577 : 88;
    35578 : 31;
    35579 : 19;
    35580 : AE;
    35581 : 42;
    35582 : A1;
    35583 : F2;
    35584 : 18;
    35585 : 19;
    35586 : 9C;
    35587 : 58;
    35588 : 82;
    35589 : A0;
    35590 : A9;
    35591 : 03;
    35592 : 89;
    35593 : 10;
    35594 : 25;
    35595 : 3B;
    35596 : 01;
    35597 : 6A;
    35598 : E8;
    35599 : 23;
    35600 : A3;
    35601 : B8;
    35602 : 51;
    35603 : 0C;
    35604 : 9B;
    35605 : 52;
    35606 : A4;
    35607 : C9;
    35608 : 80;
    35609 : 21;
    35610 : CC;
    35611 : 20;
    35612 : 13;
    35613 : CB;
    35614 : 09;
    35615 : 20;
    35616 : D8;
    35617 : 01;
    35618 : 15;
    35619 : 89;
    35620 : 9A;
    35621 : 49;
    35622 : CB;
    35623 : 24;
    35624 : 85;
    35625 : 90;
    35626 : 00;
    35627 : A9;
    35628 : BE;
    35629 : 20;
    35630 : 83;
    35631 : BC;
    35632 : 18;
    35633 : 20;
    35634 : FA;
    35635 : 4B;
    35636 : 15;
    35637 : 98;
    35638 : 0B;
    35639 : 11;
    35640 : B9;
    35641 : 09;
    35642 : 37;
    35643 : 00;
    35644 : A8;
    35645 : 38;
    35646 : F1;
    35647 : 00;
    35648 : 21;
    35649 : 18;
    35650 : 4B;
    35651 : A8;
    35652 : DB;
    35653 : 82;
    35654 : 06;
    35655 : 89;
    35656 : 00;
    35657 : 30;
    35658 : DC;
    35659 : 3A;
    35660 : 33;
    35661 : 08;
    35662 : 9A;
    35663 : 07;
    35664 : A8;
    35665 : BA;
    35666 : 72;
    35667 : 2A;
    35668 : B8;
    35669 : 10;
    35670 : E2;
    35671 : A0;
    35672 : 00;
    35673 : 38;
    35674 : 1A;
    35675 : 2A;
    35676 : 9F;
    35677 : 81;
    35678 : 93;
    35679 : A0;
    35680 : 85;
    35681 : 32;
    35682 : AD;
    35683 : 3C;
    35684 : 50;
    35685 : 88;
    35686 : C0;
    35687 : 85;
    35688 : A1;
    35689 : A8;
    35690 : 79;
    35691 : 29;
    35692 : 99;
    35693 : 2A;
    35694 : C3;
    35695 : B1;
    35696 : A0;
    35697 : 23;
    35698 : 11;
    35699 : 2F;
    35700 : 0A;
    35701 : 19;
    35702 : A8;
    35703 : A5;
    35704 : A4;
    35705 : 22;
    35706 : 89;
    35707 : 2F;
    35708 : 28;
    35709 : 19;
    35710 : C9;
    35711 : 85;
    35712 : A2;
    35713 : E8;
    35714 : 28;
    35715 : 20;
    35716 : 0A;
    35717 : 1C;
    35718 : 93;
    35719 : D0;
    35720 : B0;
    35721 : 24;
    35722 : 81;
    35723 : 2A;
    35724 : 4D;
    35725 : 91;
    35726 : 89;
    35727 : D0;
    35728 : 07;
    35729 : 08;
    35730 : 0B;
    35731 : 10;
    35732 : 49;
    35733 : 1B;
    35734 : BD;
    35735 : 1A;
    35736 : 07;
    35737 : BB;
    35738 : 18;
    35739 : 54;
    35740 : 01;
    35741 : 20;
    35742 : 00;
    35743 : A9;
    35744 : 9B;
    35745 : BC;
    35746 : A9;
    35747 : BB;
    35748 : 79;
    35749 : 04;
    35750 : 90;
    35751 : 00;
    35752 : 03;
    35753 : AF;
    35754 : 14;
    35755 : 19;
    35756 : A9;
    35757 : 39;
    35758 : B0;
    35759 : 01;
    35760 : 37;
    35761 : EA;
    35762 : 19;
    35763 : 90;
    35764 : 09;
    35765 : 13;
    35766 : 23;
    35767 : E3;
    35768 : 99;
    35769 : 42;
    35770 : 33;
    35771 : B8;
    35772 : CA;
    35773 : 94;
    35774 : F8;
    35775 : AB;
    35776 : 84;
    35777 : 99;
    35778 : 48;
    35779 : 1A;
    35780 : 38;
    35781 : 07;
    35782 : 18;
    35783 : 00;
    35784 : 83;
    35785 : BC;
    35786 : 8B;
    35787 : 24;
    35788 : 8F;
    35789 : 18;
    35790 : 02;
    35791 : A9;
    35792 : 80;
    35793 : 81;
    35794 : 02;
    35795 : 8E;
    35796 : 19;
    35797 : 42;
    35798 : D8;
    35799 : 80;
    35800 : 13;
    35801 : B0;
    35802 : 32;
    35803 : 80;
    35804 : 9C;
    35805 : 9F;
    35806 : 8B;
    35807 : 11;
    35808 : 06;
    35809 : A1;
    35810 : 01;
    35811 : 15;
    35812 : 98;
    35813 : 1D;
    35814 : 91;
    35815 : 8B;
    35816 : 8C;
    35817 : 81;
    35818 : 94;
    35819 : B3;
    35820 : 5A;
    35821 : 82;
    35822 : 39;
    35823 : 0E;
    35824 : 29;
    35825 : 00;
    35826 : B4;
    35827 : 15;
    35828 : 93;
    35829 : 01;
    35830 : AA;
    35831 : 0D;
    35832 : 9D;
    35833 : 09;
    35834 : 08;
    35835 : A5;
    35836 : 91;
    35837 : 30;
    35838 : 17;
    35839 : 89;
    35840 : 0E;
    35841 : 28;
    35842 : 29;
    35843 : A1;
    35844 : B3;
    35845 : E3;
    35846 : 91;
    35847 : 2B;
    35848 : 00;
    35849 : 6B;
    35850 : 1B;
    35851 : 28;
    35852 : B1;
    35853 : F1;
    35854 : B1;
    35855 : 23;
    35856 : 03;
    35857 : 2D;
    35858 : 79;
    35859 : 9A;
    35860 : 8A;
    35861 : 10;
    35862 : B0;
    35863 : C3;
    35864 : C3;
    35865 : 01;
    35866 : 28;
    35867 : 3E;
    35868 : 49;
    35869 : 19;
    35870 : A3;
    35871 : E3;
    35872 : B2;
    35873 : 91;
    35874 : 2A;
    35875 : 69;
    35876 : 49;
    35877 : 09;
    35878 : 89;
    35879 : A1;
    35880 : B7;
    35881 : A1;
    35882 : 01;
    35883 : 20;
    35884 : 4C;
    35885 : 4B;
    35886 : 09;
    35887 : 90;
    35888 : B3;
    35889 : F3;
    35890 : B1;
    35891 : 99;
    35892 : 39;
    35893 : 2A;
    35894 : 2E;
    35895 : 80;
    35896 : 38;
    35897 : 86;
    35898 : 92;
    35899 : B1;
    35900 : 92;
    35901 : 0C;
    35902 : 2B;
    35903 : 2E;
    35904 : 08;
    35905 : A0;
    35906 : A4;
    35907 : A6;
    35908 : A1;
    35909 : 09;
    35910 : 49;
    35911 : 4A;
    35912 : 18;
    35913 : AA;
    35914 : A9;
    35915 : B3;
    35916 : A7;
    35917 : 82;
    35918 : 51;
    35919 : 09;
    35920 : 4B;
    35921 : 1C;
    35922 : 88;
    35923 : A1;
    35924 : 07;
    35925 : B0;
    35926 : 89;
    35927 : 28;
    35928 : 4C;
    35929 : 1A;
    35930 : 49;
    35931 : C0;
    35932 : A2;
    35933 : B3;
    35934 : 84;
    35935 : 28;
    35936 : 39;
    35937 : 3C;
    35938 : 2B;
    35939 : A0;
    35940 : C8;
    35941 : A4;
    35942 : A4;
    35943 : 91;
    35944 : 1C;
    35945 : 5B;
    35946 : 2D;
    35947 : 0A;
    35948 : 88;
    35949 : D4;
    35950 : A0;
    35951 : 13;
    35952 : 38;
    35953 : 0C;
    35954 : 2E;
    35955 : 8A;
    35956 : 81;
    35957 : B2;
    35958 : 85;
    35959 : 81;
    35960 : 01;
    35961 : 08;
    35962 : 1F;
    35963 : 01;
    35964 : 39;
    35965 : 83;
    35966 : 97;
    35967 : B0;
    35968 : B9;
    35969 : 48;
    35970 : 18;
    35971 : 9A;
    35972 : 2A;
    35973 : 94;
    35974 : A8;
    35975 : A3;
    35976 : 23;
    35977 : A0;
    35978 : 36;
    35979 : 48;
    35980 : 8A;
    35981 : 0D;
    35982 : 0C;
    35983 : 22;
    35984 : A5;
    35985 : D8;
    35986 : 9A;
    35987 : 13;
    35988 : 8A;
    35989 : 2E;
    35990 : 43;
    35991 : 88;
    35992 : 08;
    35993 : A2;
    35994 : 97;
    35995 : A9;
    35996 : 18;
    35997 : 21;
    35998 : 9F;
    35999 : 0A;
    36000 : 0A;
    36001 : 94;
    36002 : B0;
    36003 : A5;
    36004 : 23;
    36005 : 89;
    36006 : 3A;
    36007 : 4E;
    36008 : 98;
    36009 : A8;
    36010 : CA;
    36011 : 96;
    36012 : 91;
    36013 : A0;
    36014 : 78;
    36015 : 18;
    36016 : 0B;
    36017 : 0A;
    36018 : 86;
    36019 : 91;
    36020 : 82;
    36021 : 33;
    36022 : AB;
    36023 : 0C;
    36024 : 59;
    36025 : 98;
    36026 : 88;
    36027 : B0;
    36028 : 06;
    36029 : 98;
    36030 : 91;
    36031 : 58;
    36032 : 00;
    36033 : 1A;
    36034 : 0D;
    36035 : 82;
    36036 : B0;
    36037 : B0;
    36038 : 55;
    36039 : 82;
    36040 : BC;
    36041 : 1D;
    36042 : 20;
    36043 : 99;
    36044 : 9B;
    36045 : 34;
    36046 : A1;
    36047 : F0;
    36048 : 00;
    36049 : 92;
    36050 : 0B;
    36051 : 5A;
    36052 : 11;
    36053 : 9A;
    36054 : DA;
    36055 : 02;
    36056 : 85;
    36057 : A0;
    36058 : 2A;
    36059 : 48;
    36060 : 38;
    36061 : 0E;
    36062 : 11;
    36063 : B3;
    36064 : F2;
    36065 : 80;
    36066 : 22;
    36067 : 99;
    36068 : 2E;
    36069 : 49;
    36070 : 08;
    36071 : CA;
    36072 : 92;
    36073 : 86;
    36074 : B1;
    36075 : 20;
    36076 : 21;
    36077 : 2B;
    36078 : 1F;
    36079 : 10;
    36080 : 92;
    36081 : F8;
    36082 : 91;
    36083 : 02;
    36084 : 18;
    36085 : 2C;
    36086 : 3A;
    36087 : 10;
    36088 : CA;
    36089 : B0;
    36090 : 96;
    36091 : E1;
    36092 : 00;
    36093 : 20;
    36094 : 19;
    36095 : 0E;
    36096 : 3A;
    36097 : 11;
    36098 : B0;
    36099 : B1;
    36100 : 87;
    36101 : A1;
    36102 : 89;
    36103 : 39;
    36104 : 3C;
    36105 : 1A;
    36106 : 3A;
    36107 : A4;
    36108 : F8;
    36109 : A8;
    36110 : 03;
    36111 : 40;
    36112 : 8B;
    36113 : 2D;
    36114 : 50;
    36115 : 19;
    36116 : 01;
    36117 : 93;
    36118 : C6;
    36119 : A0;
    36120 : 38;
    36121 : 20;
    36122 : 0B;
    36123 : 4B;
    36124 : 39;
    36125 : F1;
    36126 : A8;
    36127 : B1;
    36128 : 94;
    36129 : 88;
    36130 : 69;
    36131 : 28;
    36132 : 0D;
    36133 : 0A;
    36134 : 11;
    36135 : D2;
    36136 : D1;
    36137 : 01;
    36138 : 01;
    36139 : 10;
    36140 : 69;
    36141 : 58;
    36142 : 09;
    36143 : 99;
    36144 : 99;
    36145 : C2;
    36146 : A1;
    36147 : A8;
    36148 : 83;
    36149 : 8D;
    36150 : 1E;
    36151 : 29;
    36152 : 1A;
    36153 : 90;
    36154 : A4;
    36155 : 97;
    36156 : 00;
    36157 : 18;
    36158 : 41;
    36159 : 09;
    36160 : 09;
    36161 : 2A;
    36162 : C9;
    36163 : 97;
    36164 : 98;
    36165 : 93;
    36166 : 38;
    36167 : 10;
    36168 : 7B;
    36169 : 08;
    36170 : 81;
    36171 : 88;
    36172 : C2;
    36173 : 81;
    36174 : DA;
    36175 : 44;
    36176 : 8A;
    36177 : 88;
    36178 : 1E;
    36179 : 10;
    36180 : 09;
    36181 : B9;
    36182 : 80;
    36183 : 39;
    36184 : F2;
    36185 : 82;
    36186 : 8A;
    36187 : 72;
    36188 : 99;
    36189 : 19;
    36190 : 9C;
    36191 : 01;
    36192 : 19;
    36193 : F9;
    36194 : A2;
    36195 : 08;
    36196 : B3;
    36197 : 13;
    36198 : 2C;
    36199 : 7C;
    36200 : 82;
    36201 : 10;
    36202 : B9;
    36203 : 87;
    36204 : 00;
    36205 : B9;
    36206 : 81;
    36207 : 29;
    36208 : 90;
    36209 : 08;
    36210 : C0;
    36211 : 48;
    36212 : A7;
    36213 : 08;
    36214 : A8;
    36215 : 22;
    36216 : 18;
    36217 : C8;
    36218 : 90;
    36219 : C0;
    36220 : 95;
    36221 : 00;
    36222 : E0;
    36223 : 4B;
    36224 : 83;
    36225 : 18;
    36226 : CA;
    36227 : 52;
    36228 : 82;
    36229 : D2;
    36230 : 18;
    36231 : 90;
    36232 : 81;
    36233 : 2D;
    36234 : 90;
    36235 : 1C;
    36236 : 84;
    36237 : 18;
    36238 : D8;
    36239 : 18;
    36240 : 09;
    36241 : D2;
    36242 : 2A;
    36243 : A9;
    36244 : 43;
    36245 : 3C;
    36246 : 91;
    36247 : 0F;
    36248 : 13;
    36249 : 00;
    36250 : E9;
    36251 : 28;
    36252 : 00;
    36253 : D1;
    36254 : 2B;
    36255 : 00;
    36256 : 12;
    36257 : 2C;
    36258 : 13;
    36259 : 8C;
    36260 : 14;
    36261 : 69;
    36262 : A0;
    36263 : 1A;
    36264 : 08;
    36265 : C2;
    36266 : 8B;
    36267 : 89;
    36268 : 40;
    36269 : 09;
    36270 : 52;
    36271 : 9D;
    36272 : 05;
    36273 : 28;
    36274 : C8;
    36275 : 08;
    36276 : 11;
    36277 : CA;
    36278 : 9B;
    36279 : 38;
    36280 : 28;
    36281 : A9;
    36282 : 74;
    36283 : C8;
    36284 : 03;
    36285 : 2A;
    36286 : A2;
    36287 : 9C;
    36288 : 32;
    36289 : 11;
    36290 : BD;
    36291 : 28;
    36292 : 30;
    36293 : A5;
    36294 : 41;
    36295 : FB;
    36296 : 22;
    36297 : 0A;
    36298 : A1;
    36299 : 0B;
    36300 : 25;
    36301 : 08;
    36302 : AF;
    36303 : 10;
    36304 : 29;
    36305 : A1;
    36306 : 42;
    36307 : E1;
    36308 : 10;
    36309 : 88;
    36310 : 03;
    36311 : AD;
    36312 : 00;
    36313 : 00;
    36314 : BC;
    36315 : 88;
    36316 : 09;
    36317 : A4;
    36318 : 43;
    36319 : C8;
    36320 : 50;
    36321 : 81;
    36322 : 34;
    36323 : 9A;
    36324 : 04;
    36325 : 10;
    36326 : DD;
    36327 : 08;
    36328 : 00;
    36329 : A2;
    36330 : 33;
    36331 : A3;
    36332 : 3E;
    36333 : B0;
    36334 : 30;
    36335 : BF;
    36336 : 80;
    36337 : 30;
    36338 : E9;
    36339 : 99;
    36340 : 88;
    36341 : B0;
    36342 : 39;
    36343 : 14;
    36344 : 7B;
    36345 : 82;
    36346 : 38;
    36347 : D9;
    36348 : 31;
    36349 : 21;
    36350 : D1;
    36351 : 19;
    36352 : 80;
    36353 : A3;
    36354 : 3D;
    36355 : 21;
    36356 : 1C;
    36357 : 92;
    36358 : 2A;
    36359 : F9;
    36360 : 2D;
    36361 : 30;
    36362 : A4;
    36363 : 1A;
    36364 : 88;
    36365 : 94;
    36366 : 0A;
    36367 : 92;
    36368 : 8C;
    36369 : 93;
    36370 : 4A;
    36371 : F9;
    36372 : 1C;
    36373 : 08;
    36374 : D3;
    36375 : 99;
    36376 : 93;
    36377 : 04;
    36378 : 09;
    36379 : 23;
    36380 : 0C;
    36381 : A1;
    36382 : 58;
    36383 : A2;
    36384 : 99;
    36385 : 04;
    36386 : 97;
    36387 : BB;
    36388 : 00;
    36389 : 41;
    36390 : 8A;
    36391 : 31;
    36392 : 09;
    36393 : 85;
    36394 : 39;
    36395 : B4;
    36396 : 9D;
    36397 : 19;
    36398 : 02;
    36399 : AF;
    36400 : 18;
    36401 : 51;
    36402 : 89;
    36403 : 40;
    36404 : 80;
    36405 : 01;
    36406 : 3B;
    36407 : 84;
    36408 : AC;
    36409 : 2A;
    36410 : 34;
    36411 : BC;
    36412 : 8D;
    36413 : 38;
    36414 : B8;
    36415 : 29;
    36416 : 90;
    36417 : 17;
    36418 : 0B;
    36419 : 93;
    36420 : BB;
    36421 : 99;
    36422 : 17;
    36423 : B9;
    36424 : 8A;
    36425 : 43;
    36426 : D1;
    36427 : 09;
    36428 : B3;
    36429 : 23;
    36430 : AA;
    36431 : 47;
    36432 : 9A;
    36433 : 99;
    36434 : 27;
    36435 : B9;
    36436 : A9;
    36437 : 31;
    36438 : B4;
    36439 : 08;
    36440 : 83;
    36441 : 24;
    36442 : EA;
    36443 : 01;
    36444 : 9A;
    36445 : C8;
    36446 : 72;
    36447 : 88;
    36448 : 89;
    36449 : 59;
    36450 : 91;
    36451 : 99;
    36452 : A0;
    36453 : 18;
    36454 : CA;
    36455 : 52;
    36456 : 09;
    36457 : 09;
    36458 : 70;
    36459 : 03;
    36460 : 9C;
    36461 : 3A;
    36462 : 85;
    36463 : 89;
    36464 : 08;
    36465 : 58;
    36466 : B9;
    36467 : 3B;
    36468 : 0B;
    36469 : BC;
    36470 : 4A;
    36471 : 83;
    36472 : CA;
    36473 : 8B;
    36474 : 16;
    36475 : 99;
    36476 : 88;
    36477 : 69;
    36478 : B2;
    36479 : 3A;
    36480 : 11;
    36481 : D2;
    36482 : 38;
    36483 : 05;
    36484 : BA;
    36485 : 99;
    36486 : 37;
    36487 : C8;
    36488 : 80;
    36489 : 30;
    36490 : A4;
    36491 : 20;
    36492 : 80;
    36493 : E4;
    36494 : 88;
    36495 : 12;
    36496 : A0;
    36497 : D0;
    36498 : 13;
    36499 : C8;
    36500 : A0;
    36501 : 2C;
    36502 : C3;
    36503 : 19;
    36504 : 91;
    36505 : B2;
    36506 : EB;
    36507 : A0;
    36508 : A8;
    36509 : 88;
    36510 : 74;
    36511 : C0;
    36512 : 10;
    36513 : 3A;
    36514 : 07;
    36515 : 9A;
    36516 : 20;
    36517 : 91;
    36518 : 8A;
    36519 : B2;
    36520 : 92;
    36521 : 0B;
    36522 : 17;
    36523 : CA;
    36524 : 2B;
    36525 : 2B;
    36526 : 07;
    36527 : A0;
    36528 : 80;
    36529 : 20;
    36530 : A3;
    36531 : 0A;
    36532 : 9B;
    36533 : 83;
    36534 : 3B;
    36535 : C7;
    36536 : 1A;
    36537 : 8D;
    36538 : 37;
    36539 : 8A;
    36540 : 09;
    36541 : 14;
    36542 : C2;
    36543 : 93;
    36544 : 90;
    36545 : A9;
    36546 : 55;
    36547 : 90;
    36548 : 8A;
    36549 : 88;
    36550 : A4;
    36551 : A0;
    36552 : 9B;
    36553 : C8;
    36554 : 06;
    36555 : 8A;
    36556 : B8;
    36557 : 81;
    36558 : 88;
    36559 : 05;
    36560 : 1A;
    36561 : FC;
    36562 : 32;
    36563 : B9;
    36564 : B8;
    36565 : 01;
    36566 : C4;
    36567 : 28;
    36568 : 89;
    36569 : A9;
    36570 : 79;
    36571 : 82;
    36572 : 88;
    36573 : 81;
    36574 : 04;
    36575 : 01;
    36576 : 0B;
    36577 : 08;
    36578 : 71;
    36579 : A0;
    36580 : BA;
    36581 : 19;
    36582 : 81;
    36583 : 71;
    36584 : 81;
    36585 : E3;
    36586 : 78;
    36587 : A2;
    36588 : 99;
    36589 : 39;
    36590 : 01;
    36591 : 2C;
    36592 : 98;
    36593 : A1;
    36594 : 3C;
    36595 : 87;
    36596 : A8;
    36597 : 88;
    36598 : 41;
    36599 : 2A;
    36600 : 9A;
    36601 : 29;
    36602 : 49;
    36603 : 96;
    36604 : 99;
    36605 : 89;
    36606 : 10;
    36607 : 2D;
    36608 : B0;
    36609 : A9;
    36610 : 0F;
    36611 : 86;
    36612 : 99;
    36613 : 0A;
    36614 : 22;
    36615 : 0B;
    36616 : A2;
    36617 : 09;
    36618 : 8F;
    36619 : 15;
    36620 : 08;
    36621 : 09;
    36622 : 29;
    36623 : 81;
    36624 : 92;
    36625 : 88;
    36626 : 30;
    36627 : 27;
    36628 : 9A;
    36629 : 1C;
    36630 : 29;
    36631 : C8;
    36632 : 86;
    36633 : 08;
    36634 : BA;
    36635 : 47;
    36636 : 0A;
    36637 : 9A;
    36638 : 41;
    36639 : A9;
    36640 : A2;
    36641 : 18;
    36642 : EA;
    36643 : 24;
    36644 : 08;
    36645 : 9A;
    36646 : 18;
    36647 : 82;
    36648 : 98;
    36649 : BA;
    36650 : B8;
    36651 : 73;
    36652 : 99;
    36653 : AA;
    36654 : 19;
    36655 : B3;
    36656 : 78;
    36657 : 8A;
    36658 : EA;
    36659 : 72;
    36660 : 88;
    36661 : 89;
    36662 : 48;
    36663 : B2;
    36664 : 39;
    36665 : 0A;
    36666 : F0;
    36667 : 79;
    36668 : 80;
    36669 : 98;
    36670 : 09;
    36671 : 82;
    36672 : 08;
    36673 : 9A;
    36674 : 03;
    36675 : 49;
    36676 : 80;
    36677 : B9;
    36678 : 24;
    36679 : 03;
    36680 : 79;
    36681 : 08;
    36682 : EA;
    36683 : 60;
    36684 : 81;
    36685 : B9;
    36686 : 08;
    36687 : 83;
    36688 : 8C;
    36689 : 93;
    36690 : B1;
    36691 : 0F;
    36692 : 03;
    36693 : 98;
    36694 : BC;
    36695 : 11;
    36696 : 8C;
    36697 : A0;
    36698 : 31;
    36699 : 40;
    36700 : 96;
    36701 : 90;
    36702 : 11;
    36703 : 11;
    36704 : 68;
    36705 : 13;
    36706 : B8;
    36707 : 8F;
    36708 : A4;
    36709 : B9;
    36710 : 8B;
    36711 : 12;
    36712 : CB;
    36713 : 00;
    36714 : 18;
    36715 : 9F;
    36716 : 23;
    36717 : 12;
    36718 : A1;
    36719 : 60;
    36720 : 02;
    36721 : B1;
    36722 : 0C;
    36723 : 32;
    36724 : 25;
    36725 : 89;
    36726 : 09;
    36727 : BB;
    36728 : DD;
    36729 : 14;
    36730 : 82;
    36731 : 99;
    36732 : 37;
    36733 : A0;
    36734 : AC;
    36735 : 31;
    36736 : B0;
    36737 : 90;
    36738 : 11;
    36739 : F8;
    36740 : 18;
    36741 : 18;
    36742 : B9;
    36743 : 0A;
    36744 : 06;
    36745 : 92;
    36746 : CA;
    36747 : 90;
    36748 : 01;
    36749 : C9;
    36750 : 1A;
    36751 : 01;
    36752 : F2;
    36753 : 08;
    36754 : C2;
    36755 : DB;
    36756 : 50;
    36757 : 02;
    36758 : 9A;
    36759 : 41;
    36760 : 93;
    36761 : 8B;
    36762 : 0A;
    36763 : B3;
    36764 : 7B;
    36765 : 02;
    36766 : 91;
    36767 : 8C;
    36768 : 22;
    36769 : 50;
    36770 : 99;
    36771 : 28;
    36772 : 7A;
    36773 : 98;
    36774 : 9B;
    36775 : 18;
    36776 : 32;
    36777 : 3D;
    36778 : 43;
    36779 : 8A;
    36780 : 5B;
    36781 : 23;
    36782 : BC;
    36783 : 29;
    36784 : 43;
    36785 : 9C;
    36786 : 80;
    36787 : 19;
    36788 : 1E;
    36789 : 81;
    36790 : 09;
    36791 : 9C;
    36792 : 62;
    36793 : 09;
    36794 : A8;
    36795 : 1A;
    36796 : 1D;
    36797 : 21;
    36798 : BA;
    36799 : 0A;
    36800 : 79;
    36801 : 9A;
    36802 : 18;
    36803 : 0C;
    36804 : 0C;
    36805 : 43;
    36806 : 98;
    36807 : 0B;
    36808 : 72;
    36809 : 80;
    36810 : 80;
    36811 : 39;
    36812 : 1B;
    36813 : 35;
    36814 : 18;
    36815 : 0D;
    36816 : 4A;
    36817 : 99;
    36818 : 19;
    36819 : 39;
    36820 : 11;
    36821 : 73;
    36822 : 93;
    36823 : 0C;
    36824 : 3D;
    36825 : B0;
    36826 : 18;
    36827 : 0A;
    36828 : CB;
    36829 : 60;
    36830 : 09;
    36831 : 8D;
    36832 : 38;
    36833 : 01;
    36834 : 12;
    36835 : 8A;
    36836 : 9A;
    36837 : 73;
    36838 : 18;
    36839 : 0A;
    36840 : 29;
    36841 : B5;
    36842 : 0A;
    36843 : FB;
    36844 : A0;
    36845 : 4A;
    36846 : 92;
    36847 : 89;
    36848 : 1B;
    36849 : B5;
    36850 : 1B;
    36851 : 91;
    36852 : D5;
    36853 : 72;
    36854 : 10;
    36855 : AC;
    36856 : 00;
    36857 : 22;
    36858 : 00;
    36859 : B8;
    36860 : BB;
    36861 : 17;
    36862 : BB;
    36863 : 89;
    36864 : 41;
    36865 : 27;
    36866 : 30;
    36867 : B0;
    36868 : 9A;
    36869 : 1C;
    36870 : B0;
    36871 : BC;
    36872 : 99;
    36873 : 31;
    36874 : 33;
    36875 : 24;
    36876 : 84;
    36877 : 00;
    36878 : DC;
    36879 : 13;
    36880 : 0B;
    36881 : 81;
    36882 : 1F;
    36883 : 90;
    36884 : 99;
    36885 : 07;
    36886 : 98;
    36887 : 9B;
    36888 : B3;
    36889 : 4C;
    36890 : 40;
    36891 : 08;
    36892 : 91;
    36893 : 9C;
    36894 : 53;
    36895 : 33;
    36896 : F2;
    36897 : 89;
    36898 : 1A;
    36899 : C8;
    36900 : 9C;
    36901 : 40;
    36902 : 11;
    36903 : 80;
    36904 : AA;
    36905 : 48;
    36906 : 84;
    36907 : 89;
    36908 : 30;
    36909 : 43;
    36910 : CC;
    36911 : C9;
    36912 : 32;
    36913 : 8D;
    36914 : 09;
    36915 : 27;
    36916 : 90;
    36917 : 98;
    36918 : 00;
    36919 : 03;
    36920 : BB;
    36921 : 5B;
    36922 : 14;
    36923 : A1;
    36924 : 9D;
    36925 : 18;
    36926 : 92;
    36927 : 80;
    36928 : 00;
    36929 : 31;
    36930 : CF;
    36931 : 89;
    36932 : 08;
    36933 : 84;
    36934 : 98;
    36935 : 32;
    36936 : 03;
    36937 : FA;
    36938 : AA;
    36939 : 21;
    36940 : 19;
    36941 : 9E;
    36942 : 22;
    36943 : 04;
    36944 : BB;
    36945 : AB;
    36946 : 37;
    36947 : 19;
    36948 : 99;
    36949 : 48;
    36950 : A0;
    36951 : AA;
    36952 : 32;
    36953 : 17;
    36954 : 92;
    36955 : 09;
    36956 : 82;
    36957 : F9;
    36958 : 2C;
    36959 : 20;
    36960 : A2;
    36961 : AC;
    36962 : 23;
    36963 : 14;
    36964 : E8;
    36965 : 09;
    36966 : 38;
    36967 : 80;
    36968 : A8;
    36969 : 10;
    36970 : 83;
    36971 : 8D;
    36972 : 80;
    36973 : 14;
    36974 : 0B;
    36975 : 8A;
    36976 : 05;
    36977 : 80;
    36978 : 8F;
    36979 : B0;
    36980 : 44;
    36981 : 89;
    36982 : 8A;
    36983 : 54;
    36984 : E2;
    36985 : 99;
    36986 : 30;
    36987 : B0;
    36988 : B9;
    36989 : 29;
    36990 : 84;
    36991 : D1;
    36992 : 0B;
    36993 : 83;
    36994 : A2;
    36995 : 98;
    36996 : 47;
    36997 : 00;
    36998 : CB;
    36999 : 22;
    37000 : 11;
    37001 : DA;
    37002 : 00;
    37003 : 02;
    37004 : 8A;
    37005 : 8A;
    37006 : 98;
    37007 : 63;
    37008 : 10;
    37009 : 09;
    37010 : 24;
    37011 : 85;
    37012 : 8A;
    37013 : A8;
    37014 : 23;
    37015 : BC;
    37016 : 9B;
    37017 : 71;
    37018 : E3;
    37019 : AA;
    37020 : 48;
    37021 : 90;
    37022 : A1;
    37023 : 79;
    37024 : 04;
    37025 : BA;
    37026 : 2B;
    37027 : 03;
    37028 : BA;
    37029 : 9C;
    37030 : 14;
    37031 : 01;
    37032 : 8D;
    37033 : 80;
    37034 : 4A;
    37035 : A9;
    37036 : 31;
    37037 : 15;
    37038 : B8;
    37039 : 9B;
    37040 : 49;
    37041 : 82;
    37042 : 19;
    37043 : 69;
    37044 : 10;
    37045 : 94;
    37046 : 9E;
    37047 : 98;
    37048 : 25;
    37049 : 0A;
    37050 : 99;
    37051 : 63;
    37052 : AA;
    37053 : 8A;
    37054 : 70;
    37055 : 80;
    37056 : A0;
    37057 : 30;
    37058 : 82;
    37059 : C9;
    37060 : 3B;
    37061 : 23;
    37062 : C0;
    37063 : 0B;
    37064 : 15;
    37065 : D0;
    37066 : 8D;
    37067 : 01;
    37068 : 21;
    37069 : A9;
    37070 : 88;
    37071 : 30;
    37072 : 82;
    37073 : DC;
    37074 : 90;
    37075 : 01;
    37076 : B8;
    37077 : 4B;
    37078 : 21;
    37079 : F0;
    37080 : 9A;
    37081 : 06;
    37082 : A2;
    37083 : 0A;
    37084 : 28;
    37085 : 34;
    37086 : D0;
    37087 : 99;
    37088 : 53;
    37089 : B0;
    37090 : B9;
    37091 : 42;
    37092 : 92;
    37093 : D9;
    37094 : 18;
    37095 : 12;
    37096 : D1;
    37097 : AB;
    37098 : 05;
    37099 : 93;
    37100 : 9B;
    37101 : 82;
    37102 : 14;
    37103 : B9;
    37104 : 29;
    37105 : 57;
    37106 : A8;
    37107 : BB;
    37108 : 14;
    37109 : 81;
    37110 : E9;
    37111 : 18;
    37112 : 32;
    37113 : D3;
    37114 : 09;
    37115 : 20;
    37116 : D3;
    37117 : 08;
    37118 : 01;
    37119 : 83;
    37120 : EA;
    37121 : 98;
    37122 : 81;
    37123 : C1;
    37124 : B9;
    37125 : 80;
    37126 : 17;
    37127 : CA;
    37128 : A9;
    37129 : 35;
    37130 : 99;
    37131 : 8B;
    37132 : 26;
    37133 : A1;
    37134 : CB;
    37135 : 80;
    37136 : 12;
    37137 : D9;
    37138 : 80;
    37139 : 51;
    37140 : A2;
    37141 : 88;
    37142 : 11;
    37143 : B4;
    37144 : B1;
    37145 : 70;
    37146 : 01;
    37147 : D0;
    37148 : 29;
    37149 : 01;
    37150 : B3;
    37151 : 1B;
    37152 : A8;
    37153 : 27;
    37154 : A9;
    37155 : B0;
    37156 : 23;
    37157 : B0;
    37158 : AA;
    37159 : 07;
    37160 : 02;
    37161 : 9D;
    37162 : 92;
    37163 : 31;
    37164 : AD;
    37165 : B9;
    37166 : 53;
    37167 : 9A;
    37168 : E8;
    37169 : 30;
    37170 : 1A;
    37171 : E9;
    37172 : 50;
    37173 : 18;
    37174 : C2;
    37175 : 1A;
    37176 : 28;
    37177 : B3;
    37178 : 8A;
    37179 : 5B;
    37180 : 84;
    37181 : 09;
    37182 : 2D;
    37183 : A3;
    37184 : 90;
    37185 : 1D;
    37186 : 85;
    37187 : 00;
    37188 : 9C;
    37189 : 82;
    37190 : 41;
    37191 : 9A;
    37192 : C1;
    37193 : 31;
    37194 : 88;
    37195 : B0;
    37196 : 59;
    37197 : 98;
    37198 : A1;
    37199 : 3C;
    37200 : 33;
    37201 : A7;
    37202 : 1B;
    37203 : 48;
    37204 : A3;
    37205 : AB;
    37206 : 3D;
    37207 : 83;
    37208 : A8;
    37209 : 1E;
    37210 : 05;
    37211 : 89;
    37212 : AC;
    37213 : 14;
    37214 : 10;
    37215 : AC;
    37216 : 90;
    37217 : 42;
    37218 : 9B;
    37219 : AA;
    37220 : 52;
    37221 : 09;
    37222 : B9;
    37223 : 53;
    37224 : 98;
    37225 : E0;
    37226 : 48;
    37227 : 00;
    37228 : C3;
    37229 : 1C;
    37230 : 28;
    37231 : A4;
    37232 : 88;
    37233 : 0D;
    37234 : 03;
    37235 : 91;
    37236 : 1C;
    37237 : 95;
    37238 : 98;
    37239 : DA;
    37240 : 21;
    37241 : 32;
    37242 : B0;
    37243 : A5;
    37244 : 14;
    37245 : 00;
    37246 : C8;
    37247 : 22;
    37248 : 00;
    37249 : BC;
    37250 : 10;
    37251 : 20;
    37252 : FD;
    37253 : 1A;
    37254 : 22;
    37255 : 80;
    37256 : 8B;
    37257 : 29;
    37258 : 08;
    37259 : A9;
    37260 : 4F;
    37261 : 98;
    37262 : 96;
    37263 : 2B;
    37264 : 1A;
    37265 : 32;
    37266 : 2B;
    37267 : 8E;
    37268 : A2;
    37269 : 86;
    37270 : 9D;
    37271 : 29;
    37272 : 41;
    37273 : B8;
    37274 : 9A;
    37275 : 13;
    37276 : 81;
    37277 : AD;
    37278 : 10;
    37279 : 68;
    37280 : 11;
    37281 : 18;
    37282 : 01;
    37283 : 2A;
    37284 : 04;
    37285 : CB;
    37286 : 49;
    37287 : 72;
    37288 : B0;
    37289 : A0;
    37290 : 3C;
    37291 : 85;
    37292 : 99;
    37293 : 2D;
    37294 : 22;
    37295 : C2;
    37296 : 8A;
    37297 : A8;
    37298 : 24;
    37299 : 0C;
    37300 : 99;
    37301 : 13;
    37302 : 82;
    37303 : FA;
    37304 : 89;
    37305 : 61;
    37306 : A0;
    37307 : AB;
    37308 : 41;
    37309 : 87;
    37310 : AA;
    37311 : 19;
    37312 : 52;
    37313 : A8;
    37314 : 9C;
    37315 : 23;
    37316 : 81;
    37317 : AD;
    37318 : 28;
    37319 : 38;
    37320 : A8;
    37321 : 8A;
    37322 : 51;
    37323 : 13;
    37324 : 0D;
    37325 : 0C;
    37326 : 28;
    37327 : 12;
    37328 : CC;
    37329 : 28;
    37330 : 51;
    37331 : 99;
    37332 : 1B;
    37333 : 58;
    37334 : A2;
    37335 : A9;
    37336 : 7A;
    37337 : 82;
    37338 : 98;
    37339 : 4B;
    37340 : A2;
    37341 : 81;
    37342 : 2B;
    37343 : 91;
    37344 : 02;
    37345 : 48;
    37346 : E1;
    37347 : B0;
    37348 : 7A;
    37349 : 92;
    37350 : 99;
    37351 : 4A;
    37352 : 06;
    37353 : A9;
    37354 : 8A;
    37355 : 22;
    37356 : B0;
    37357 : AC;
    37358 : 30;
    37359 : 22;
    37360 : FA;
    37361 : 80;
    37362 : 29;
    37363 : A2;
    37364 : C1;
    37365 : 1C;
    37366 : 42;
    37367 : C2;
    37368 : 9B;
    37369 : 39;
    37370 : 07;
    37371 : BA;
    37372 : 2A;
    37373 : 17;
    37374 : B1;
    37375 : 8C;
    37376 : 22;
    37377 : 03;
    37378 : 9E;
    37379 : 00;
    37380 : 14;
    37381 : 98;
    37382 : 9A;
    37383 : 31;
    37384 : 28;
    37385 : CB;
    37386 : 09;
    37387 : 23;
    37388 : A4;
    37389 : 8F;
    37390 : 19;
    37391 : 14;
    37392 : AA;
    37393 : 8A;
    37394 : 25;
    37395 : 18;
    37396 : 9D;
    37397 : 21;
    37398 : 09;
    37399 : C9;
    37400 : 00;
    37401 : 30;
    37402 : 8A;
    37403 : 88;
    37404 : 5A;
    37405 : A9;
    37406 : 87;
    37407 : 88;
    37408 : 4B;
    37409 : 22;
    37410 : A1;
    37411 : 9B;
    37412 : A1;
    37413 : 17;
    37414 : 9A;
    37415 : 1C;
    37416 : 11;
    37417 : 85;
    37418 : A8;
    37419 : 9C;
    37420 : 63;
    37421 : 99;
    37422 : AB;
    37423 : 32;
    37424 : 86;
    37425 : D8;
    37426 : 1A;
    37427 : 51;
    37428 : A8;
    37429 : AB;
    37430 : 32;
    37431 : 14;
    37432 : BC;
    37433 : 19;
    37434 : 43;
    37435 : B9;
    37436 : BA;
    37437 : 54;
    37438 : 21;
    37439 : DB;
    37440 : 18;
    37441 : 30;
    37442 : D3;
    37443 : AA;
    37444 : 6A;
    37445 : 22;
    37446 : BA;
    37447 : 1B;
    37448 : 43;
    37449 : 83;
    37450 : 8F;
    37451 : 28;
    37452 : 03;
    37453 : BA;
    37454 : 4A;
    37455 : 13;
    37456 : A9;
    37457 : BC;
    37458 : 28;
    37459 : 05;
    37460 : 90;
    37461 : 9B;
    37462 : A9;
    37463 : 0A;
    37464 : AD;
    37465 : 1B;
    37466 : 17;
    37467 : 33;
    37468 : 09;
    37469 : 08;
    37470 : 28;
    37471 : BA;
    37472 : AE;
    37473 : 42;
    37474 : 73;
    37475 : A0;
    37476 : 88;
    37477 : 1B;
    37478 : DA;
    37479 : 99;
    37480 : 7A;
    37481 : 32;
    37482 : 82;
    37483 : 1A;
    37484 : AA;
    37485 : 82;
    37486 : 9F;
    37487 : 39;
    37488 : 55;
    37489 : A0;
    37490 : BB;
    37491 : 09;
    37492 : 22;
    37493 : D9;
    37494 : 2A;
    37495 : 63;
    37496 : A1;
    37497 : 9C;
    37498 : 19;
    37499 : 23;
    37500 : A9;
    37501 : 4B;
    37502 : 16;
    37503 : 88;
    37504 : 8F;
    37505 : 10;
    37506 : 10;
    37507 : 9A;
    37508 : 88;
    37509 : 52;
    37510 : 08;
    37511 : AC;
    37512 : 48;
    37513 : 30;
    37514 : 99;
    37515 : 1B;
    37516 : 48;
    37517 : 20;
    37518 : 8E;
    37519 : 39;
    37520 : 11;
    37521 : 88;
    37522 : 0D;
    37523 : 28;
    37524 : 19;
    37525 : BB;
    37526 : 1A;
    37527 : 90;
    37528 : 31;
    37529 : 8B;
    37530 : 4D;
    37531 : 41;
    37532 : 83;
    37533 : 0A;
    37534 : D1;
    37535 : 30;
    37536 : D1;
    37537 : 1D;
    37538 : 01;
    37539 : 27;
    37540 : 8A;
    37541 : 9A;
    37542 : 63;
    37543 : 88;
    37544 : BC;
    37545 : 42;
    37546 : 22;
    37547 : D9;
    37548 : 1A;
    37549 : 48;
    37550 : C0;
    37551 : 9A;
    37552 : 49;
    37553 : 82;
    37554 : 9B;
    37555 : 2C;
    37556 : 02;
    37557 : 28;
    37558 : CB;
    37559 : 51;
    37560 : 60;
    37561 : B0;
    37562 : 0A;
    37563 : 40;
    37564 : 83;
    37565 : BD;
    37566 : 4B;
    37567 : 23;
    37568 : E9;
    37569 : 0B;
    37570 : 24;
    37571 : 81;
    37572 : BC;
    37573 : 31;
    37574 : 23;
    37575 : DB;
    37576 : 30;
    37577 : 22;
    37578 : D9;
    37579 : 19;
    37580 : 1A;
    37581 : C1;
    37582 : 68;
    37583 : 89;
    37584 : A0;
    37585 : 40;
    37586 : 98;
    37587 : E8;
    37588 : 41;
    37589 : 10;
    37590 : D8;
    37591 : 38;
    37592 : 90;
    37593 : D8;
    37594 : 2A;
    37595 : 81;
    37596 : B2;
    37597 : 10;
    37598 : 93;
    37599 : F2;
    37600 : 28;
    37601 : 92;
    37602 : D0;
    37603 : 51;
    37604 : 94;
    37605 : C0;
    37606 : 09;
    37607 : 04;
    37608 : B8;
    37609 : 1E;
    37610 : 12;
    37611 : A2;
    37612 : BC;
    37613 : 81;
    37614 : A3;
    37615 : 9B;
    37616 : 32;
    37617 : 17;
    37618 : 91;
    37619 : 90;
    37620 : 20;
    37621 : 20;
    37622 : A4;
    37623 : D8;
    37624 : 0A;
    37625 : 83;
    37626 : FB;
    37627 : 8E;
    37628 : 31;
    37629 : C1;
    37630 : 0B;
    37631 : 34;
    37632 : B2;
    37633 : AC;
    37634 : 50;
    37635 : 83;
    37636 : 98;
    37637 : 0C;
    37638 : 93;
    37639 : 00;
    37640 : 09;
    37641 : 06;
    37642 : 02;
    37643 : 09;
    37644 : D3;
    37645 : 29;
    37646 : 18;
    37647 : F2;
    37648 : 8D;
    37649 : 9A;
    37650 : A0;
    37651 : 08;
    37652 : 19;
    37653 : 87;
    37654 : 12;
    37655 : 0A;
    37656 : B3;
    37657 : 21;
    37658 : 29;
    37659 : A6;
    37660 : 12;
    37661 : 2A;
    37662 : F0;
    37663 : 88;
    37664 : 28;
    37665 : D3;
    37666 : 91;
    37667 : 39;
    37668 : 83;
    37669 : B5;
    37670 : 29;
    37671 : 85;
    37672 : 86;
    37673 : 8A;
    37674 : B9;
    37675 : 84;
    37676 : 89;
    37677 : AB;
    37678 : 05;
    37679 : 20;
    37680 : DB;
    37681 : 82;
    37682 : 40;
    37683 : A9;
    37684 : B1;
    37685 : 79;
    37686 : 09;
    37687 : D0;
    37688 : 1A;
    37689 : 0A;
    37690 : C2;
    37691 : 1A;
    37692 : 39;
    37693 : B4;
    37694 : 8A;
    37695 : 1F;
    37696 : 02;
    37697 : 11;
    37698 : 1E;
    37699 : 81;
    37700 : 12;
    37701 : 3B;
    37702 : 98;
    37703 : 26;
    37704 : 59;
    37705 : 98;
    37706 : 81;
    37707 : 49;
    37708 : A9;
    37709 : C1;
    37710 : 59;
    37711 : 8A;
    37712 : D0;
    37713 : 39;
    37714 : 0A;
    37715 : B3;
    37716 : 62;
    37717 : 09;
    37718 : B2;
    37719 : 32;
    37720 : 8E;
    37721 : C0;
    37722 : 31;
    37723 : 0B;
    37724 : D1;
    37725 : 33;
    37726 : 19;
    37727 : FA;
    37728 : 21;
    37729 : 30;
    37730 : E8;
    37731 : 80;
    37732 : 30;
    37733 : B0;
    37734 : B1;
    37735 : 18;
    37736 : A0;
    37737 : 97;
    37738 : 0A;
    37739 : AA;
    37740 : 86;
    37741 : 88;
    37742 : 9B;
    37743 : 05;
    37744 : 01;
    37745 : 9D;
    37746 : 03;
    37747 : 25;
    37748 : C9;
    37749 : 90;
    37750 : 13;
    37751 : C9;
    37752 : C9;
    37753 : 12;
    37754 : 88;
    37755 : D0;
    37756 : 81;
    37757 : 20;
    37758 : B0;
    37759 : C3;
    37760 : 30;
    37761 : 23;
    37762 : 97;
    37763 : 1A;
    37764 : 09;
    37765 : 95;
    37766 : 80;
    37767 : 0C;
    37768 : 84;
    37769 : 01;
    37770 : 8E;
    37771 : 92;
    37772 : 11;
    37773 : 1C;
    37774 : 80;
    37775 : 23;
    37776 : 1C;
    37777 : EA;
    37778 : 82;
    37779 : 2A;
    37780 : A9;
    37781 : A1;
    37782 : 3C;
    37783 : 99;
    37784 : C5;
    37785 : 19;
    37786 : 08;
    37787 : 97;
    37788 : 08;
    37789 : 0A;
    37790 : 05;
    37791 : 01;
    37792 : 0A;
    37793 : 06;
    37794 : 11;
    37795 : CB;
    37796 : A0;
    37797 : 31;
    37798 : B9;
    37799 : F8;
    37800 : 30;
    37801 : 90;
    37802 : F1;
    37803 : 08;
    37804 : 00;
    37805 : 94;
    37806 : 09;
    37807 : 18;
    37808 : 94;
    37809 : 88;
    37810 : 9C;
    37811 : 05;
    37812 : 11;
    37813 : DB;
    37814 : 91;
    37815 : 10;
    37816 : AA;
    37817 : 98;
    37818 : 73;
    37819 : 02;
    37820 : C0;
    37821 : 28;
    37822 : 12;
    37823 : B1;
    37824 : AB;
    37825 : 41;
    37826 : A3;
    37827 : FA;
    37828 : 8C;
    37829 : 11;
    37830 : A0;
    37831 : 81;
    37832 : 40;
    37833 : A3;
    37834 : 83;
    37835 : 2C;
    37836 : A3;
    37837 : 16;
    37838 : 89;
    37839 : E8;
    37840 : 21;
    37841 : 09;
    37842 : FC;
    37843 : 18;
    37844 : 20;
    37845 : D0;
    37846 : 08;
    37847 : 48;
    37848 : A1;
    37849 : 88;
    37850 : 38;
    37851 : B3;
    37852 : 23;
    37853 : 8D;
    37854 : B1;
    37855 : 44;
    37856 : B8;
    37857 : E8;
    37858 : 30;
    37859 : 10;
    37860 : FB;
    37861 : 19;
    37862 : 24;
    37863 : C2;
    37864 : 0A;
    37865 : 33;
    37866 : A1;
    37867 : BD;
    37868 : 11;
    37869 : 04;
    37870 : C9;
    37871 : 88;
    37872 : 00;
    37873 : C9;
    37874 : C3;
    37875 : 08;
    37876 : 88;
    37877 : 87;
    37878 : 99;
    37879 : 99;
    37880 : 07;
    37881 : 00;
    37882 : 8B;
    37883 : 07;
    37884 : 81;
    37885 : AB;
    37886 : 12;
    37887 : 01;
    37888 : BC;
    37889 : 82;
    37890 : 40;
    37891 : BA;
    37892 : A1;
    37893 : 50;
    37894 : 9A;
    37895 : 13;
    37896 : 28;
    37897 : 9F;
    37898 : 13;
    37899 : 81;
    37900 : 8E;
    37901 : 31;
    37902 : 20;
    37903 : 9E;
    37904 : 19;
    37905 : 32;
    37906 : 8B;
    37907 : 4B;
    37908 : 62;
    37909 : 0A;
    37910 : 0A;
    37911 : 30;
    37912 : 5B;
    37913 : 39;
    37914 : 09;
    37915 : 1F;
    37916 : 1A;
    37917 : 80;
    37918 : 0F;
    37919 : 28;
    37920 : 12;
    37921 : 8E;
    37922 : 0A;
    37923 : 22;
    37924 : 8A;
    37925 : 0D;
    37926 : 42;
    37927 : 28;
    37928 : AB;
    37929 : 30;
    37930 : 58;
    37931 : 1A;
    37932 : 09;
    37933 : 49;
    37934 : 20;
    37935 : AA;
    37936 : 0F;
    37937 : 30;
    37938 : 19;
    37939 : 9D;
    37940 : 2A;
    37941 : 31;
    37942 : D9;
    37943 : 2B;
    37944 : 78;
    37945 : 80;
    37946 : 0A;
    37947 : 39;
    37948 : 12;
    37949 : 1A;
    37950 : 2F;
    37951 : 28;
    37952 : 10;
    37953 : 1C;
    37954 : 1A;
    37955 : 58;
    37956 : 39;
    37957 : 0B;
    37958 : 49;
    37959 : 59;
    37960 : 0A;
    37961 : 0D;
    37962 : 4A;
    37963 : 3A;
    37964 : 9C;
    37965 : 4B;
    37966 : 39;
    37967 : 8A;
    37968 : 1D;
    37969 : 6B;
    37970 : 08;
    37971 : 18;
    37972 : 4B;
    37973 : 28;
    37974 : 49;
    37975 : 3C;
    37976 : 8A;
    37977 : 22;
    37978 : 79;
    37979 : 0C;
    37980 : 0D;
    37981 : 21;
    37982 : 1A;
    37983 : 39;
    37984 : 18;
    37985 : FB;
    37986 : 11;
    37987 : 8D;
    37988 : 98;
    37989 : 38;
    37990 : 31;
    37991 : 34;
    37992 : A1;
    37993 : 8C;
    37994 : 09;
    37995 : C1;
    37996 : 8B;
    37997 : 9C;
    37998 : 29;
    37999 : 67;
    38000 : 80;
    38001 : 00;
    38002 : 12;
    38003 : EC;
    38004 : 00;
    38005 : 20;
    38006 : A8;
    38007 : 0C;
    38008 : 82;
    38009 : 80;
    38010 : 23;
    38011 : A1;
    38012 : 9A;
    38013 : E1;
    38014 : 8A;
    38015 : 03;
    38016 : A0;
    38017 : 94;
    38018 : B0;
    38019 : 09;
    38020 : 57;
    38021 : 83;
    38022 : DB;
    38023 : 21;
    38024 : C0;
    38025 : BC;
    38026 : 32;
    38027 : 89;
    38028 : 30;
    38029 : 80;
    38030 : 84;
    38031 : 26;
    38032 : 29;
    38033 : D0;
    38034 : 90;
    38035 : 9A;
    38036 : F1;
    38037 : 18;
    38038 : 30;
    38039 : AA;
    38040 : 22;
    38041 : 8D;
    38042 : 14;
    38043 : 99;
    38044 : 09;
    38045 : C0;
    38046 : 99;
    38047 : 21;
    38048 : 85;
    38049 : 0A;
    38050 : 72;
    38051 : B1;
    38052 : 60;
    38053 : 89;
    38054 : A9;
    38055 : 1C;
    38056 : 88;
    38057 : 90;
    38058 : 58;
    38059 : 13;
    38060 : 98;
    38061 : C9;
    38062 : 7A;
    38063 : A1;
    38064 : 01;
    38065 : 1E;
    38066 : 00;
    38067 : 00;
    38068 : 00;
    38069 : 91;
    38070 : 0D;
    38071 : 94;
    38072 : 39;
    38073 : B9;
    38074 : 4D;
    38075 : B1;
    38076 : 80;
    38077 : 18;
    38078 : 03;
    38079 : 20;
    38080 : D2;
    38081 : B8;
    38082 : BC;
    38083 : 11;
    38084 : 2B;
    38085 : 92;
    38086 : 6C;
    38087 : B4;
    38088 : 22;
    38089 : C0;
    38090 : 08;
    38091 : 01;
    38092 : A0;
    38093 : 95;
    38094 : C9;
    38095 : 10;
    38096 : 2C;
    38097 : 81;
    38098 : 50;
    38099 : 87;
    38100 : 18;
    38101 : B8;
    38102 : 08;
    38103 : 28;
    38104 : F1;
    38105 : 1B;
    38106 : 88;
    38107 : 22;
    38108 : 1D;
    38109 : D0;
    38110 : 4B;
    38111 : 04;
    38112 : 0A;
    38113 : 98;
    38114 : 12;
    38115 : 1A;
    38116 : D2;
    38117 : 5B;
    38118 : A9;
    38119 : 48;
    38120 : 28;
    38121 : 03;
    38122 : 8E;
    38123 : 02;
    38124 : 1A;
    38125 : 91;
    38126 : 48;
    38127 : 21;
    38128 : 91;
    38129 : 8F;
    38130 : AA;
    38131 : 29;
    38132 : 18;
    38133 : 21;
    38134 : 8F;
    38135 : 07;
    38136 : 99;
    38137 : 99;
    38138 : 11;
    38139 : 00;
    38140 : 91;
    38141 : 8A;
    38142 : 0B;
    38143 : 08;
    38144 : CB;
    38145 : 35;
    38146 : BA;
    38147 : 77;
    38148 : 80;
    38149 : A0;
    38150 : 09;
    38151 : 08;
    38152 : 91;
    38153 : 0B;
    38154 : 08;
    38155 : 8B;
    38156 : 11;
    38157 : 72;
    38158 : F0;
    38159 : 41;
    38160 : 08;
    38161 : 91;
    38162 : 1B;
    38163 : 08;
    38164 : 2A;
    38165 : 1D;
    38166 : 88;
    38167 : 3A;
    38168 : 90;
    38169 : 95;
    38170 : EB;
    38171 : 40;
    38172 : 91;
    38173 : 19;
    38174 : 2D;
    38175 : 23;
    38176 : 1A;
    38177 : AD;
    38178 : 10;
    38179 : 29;
    38180 : B9;
    38181 : 33;
    38182 : D9;
    38183 : 71;
    38184 : 00;
    38185 : 09;
    38186 : 8B;
    38187 : 41;
    38188 : 31;
    38189 : BB;
    38190 : 1D;
    38191 : 8C;
    38192 : A1;
    38193 : 78;
    38194 : B2;
    38195 : 7A;
    38196 : 08;
    38197 : 01;
    38198 : 9C;
    38199 : 29;
    38200 : 81;
    38201 : A8;
    38202 : 1B;
    38203 : 95;
    38204 : 82;
    38205 : 8B;
    38206 : 97;
    38207 : 39;
    38208 : 80;
    38209 : 01;
    38210 : EB;
    38211 : 10;
    38212 : 82;
    38213 : C1;
    38214 : 9B;
    38215 : 07;
    38216 : A2;
    38217 : 9A;
    38218 : 84;
    38219 : 2B;
    38220 : A3;
    38221 : 44;
    38222 : C9;
    38223 : 80;
    38224 : 11;
    38225 : D3;
    38226 : C9;
    38227 : 98;
    38228 : 04;
    38229 : 09;
    38230 : 10;
    38231 : 0B;
    38232 : A4;
    38233 : 7A;
    38234 : C1;
    38235 : 80;
    38236 : 18;
    38237 : B6;
    38238 : 98;
    38239 : 0A;
    38240 : 86;
    38241 : 89;
    38242 : 28;
    38243 : 80;
    38244 : 85;
    38245 : 0B;
    38246 : C4;
    38247 : 00;
    38248 : 08;
    38249 : 86;
    38250 : 9A;
    38251 : 88;
    38252 : 12;
    38253 : 9B;
    38254 : 1A;
    38255 : A0;
    38256 : 15;
    38257 : 1C;
    38258 : A6;
    38259 : 1A;
    38260 : 99;
    38261 : 17;
    38262 : 8A;
    38263 : A9;
    38264 : 50;
    38265 : 88;
    38266 : 88;
    38267 : 98;
    38268 : 16;
    38269 : 89;
    38270 : 82;
    38271 : 8B;
    38272 : C8;
    38273 : 33;
    38274 : 9B;
    38275 : C8;
    38276 : 78;
    38277 : B1;
    38278 : 00;
    38279 : 89;
    38280 : 06;
    38281 : 99;
    38282 : 10;
    38283 : 0B;
    38284 : A8;
    38285 : 61;
    38286 : AA;
    38287 : 80;
    38288 : 7A;
    38289 : 91;
    38290 : 01;
    38291 : AB;
    38292 : 43;
    38293 : 91;
    38294 : 02;
    38295 : 8F;
    38296 : 81;
    38297 : 42;
    38298 : CA;
    38299 : A8;
    38300 : 5B;
    38301 : 80;
    38302 : 81;
    38303 : C8;
    38304 : 48;
    38305 : 91;
    38306 : 22;
    38307 : 8F;
    38308 : 92;
    38309 : 30;
    38310 : 9A;
    38311 : 19;
    38312 : 4B;
    38313 : B0;
    38314 : 38;
    38315 : A3;
    38316 : 7E;
    38317 : 90;
    38318 : 21;
    38319 : 9D;
    38320 : 01;
    38321 : 48;
    38322 : BA;
    38323 : 18;
    38324 : 29;
    38325 : A3;
    38326 : 29;
    38327 : A0;
    38328 : 4F;
    38329 : 00;
    38330 : 51;
    38331 : AC;
    38332 : 09;
    38333 : 68;
    38334 : 89;
    38335 : 1B;
    38336 : 1A;
    38337 : 04;
    38338 : 19;
    38339 : 90;
    38340 : 3D;
    38341 : 80;
    38342 : 70;
    38343 : 8A;
    38344 : 19;
    38345 : 59;
    38346 : 98;
    38347 : 0B;
    38348 : 00;
    38349 : 84;
    38350 : 1B;
    38351 : 22;
    38352 : 1E;
    38353 : 81;
    38354 : 4C;
    38355 : 88;
    38356 : 88;
    38357 : 38;
    38358 : B2;
    38359 : 8D;
    38360 : 9A;
    38361 : 53;
    38362 : 88;
    38363 : AA;
    38364 : AE;
    38365 : 15;
    38366 : 30;
    38367 : F0;
    38368 : 81;
    38369 : 21;
    38370 : 11;
    38371 : C0;
    38372 : 99;
    38373 : 02;
    38374 : 28;
    38375 : B3;
    38376 : EF;
    38377 : 80;
    38378 : 10;
    38379 : 83;
    38380 : BA;
    38381 : A1;
    38382 : A9;
    38383 : 59;
    38384 : B4;
    38385 : 52;
    38386 : 22;
    38387 : 05;
    38388 : 88;
    38389 : 05;
    38390 : 09;
    38391 : CC;
    38392 : 9A;
    38393 : C8;
    38394 : 91;
    38395 : A9;
    38396 : 10;
    38397 : 01;
    38398 : 23;
    38399 : 8C;
    38400 : 0E;
    38401 : 43;
    38402 : B2;
    38403 : A5;
    38404 : B8;
    38405 : 28;
    38406 : 39;
    38407 : 27;
    38408 : 9A;
    38409 : 2A;
    38410 : 23;
    38411 : C4;
    38412 : B2;
    38413 : 68;
    38414 : 08;
    38415 : 06;
    38416 : 28;
    38417 : B9;
    38418 : 2A;
    38419 : 09;
    38420 : C2;
    38421 : 81;
    38422 : DB;
    38423 : 19;
    38424 : 03;
    38425 : 41;
    38426 : BF;
    38427 : 9A;
    38428 : 09;
    38429 : E2;
    38430 : 11;
    38431 : BA;
    38432 : 8A;
    38433 : 73;
    38434 : 12;
    38435 : AA;
    38436 : 98;
    38437 : 3A;
    38438 : B6;
    38439 : 92;
    38440 : AA;
    38441 : 89;
    38442 : 57;
    38443 : 08;
    38444 : B9;
    38445 : 48;
    38446 : 80;
    38447 : 95;
    38448 : 10;
    38449 : 88;
    38450 : 09;
    38451 : 43;
    38452 : 08;
    38453 : EC;
    38454 : 88;
    38455 : 80;
    38456 : B0;
    38457 : 19;
    38458 : 49;
    38459 : 08;
    38460 : 34;
    38461 : 8A;
    38462 : B4;
    38463 : 2B;
    38464 : B0;
    38465 : 14;
    38466 : 1B;
    38467 : 0A;
    38468 : 9F;
    38469 : 43;
    38470 : 82;
    38471 : B0;
    38472 : 90;
    38473 : 8C;
    38474 : 24;
    38475 : 78;
    38476 : 80;
    38477 : 09;
    38478 : 61;
    38479 : 93;
    38480 : DA;
    38481 : 99;
    38482 : 21;
    38483 : 81;
    38484 : 29;
    38485 : 9A;
    38486 : B0;
    38487 : 10;
    38488 : C4;
    38489 : B2;
    38490 : 8D;
    38491 : 01;
    38492 : 88;
    38493 : B9;
    38494 : F2;
    38495 : AA;
    38496 : 27;
    38497 : A1;
    38498 : B0;
    38499 : 49;
    38500 : 80;
    38501 : 81;
    38502 : 1C;
    38503 : A6;
    38504 : D8;
    38505 : 01;
    38506 : 14;
    38507 : A8;
    38508 : 1A;
    38509 : 2A;
    38510 : 27;
    38511 : 19;
    38512 : D0;
    38513 : 81;
    38514 : 00;
    38515 : C3;
    38516 : 99;
    38517 : 0A;
    38518 : 21;
    38519 : 00;
    38520 : 21;
    38521 : F3;
    38522 : B9;
    38523 : 60;
    38524 : 83;
    38525 : BA;
    38526 : 0E;
    38527 : 83;
    38528 : A1;
    38529 : AC;
    38530 : 83;
    38531 : 80;
    38532 : 0B;
    38533 : 03;
    38534 : 3C;
    38535 : 8E;
    38536 : 14;
    38537 : 11;
    38538 : B9;
    38539 : 86;
    38540 : A0;
    38541 : 18;
    38542 : 22;
    38543 : A8;
    38544 : 0F;
    38545 : A2;
    38546 : 20;
    38547 : D8;
    38548 : 86;
    38549 : 9A;
    38550 : 82;
    38551 : 54;
    38552 : B8;
    38553 : 9A;
    38554 : 21;
    38555 : 94;
    38556 : 8B;
    38557 : B2;
    38558 : 99;
    38559 : 9D;
    38560 : 36;
    38561 : 1A;
    38562 : F9;
    38563 : 20;
    38564 : 82;
    38565 : B0;
    38566 : 99;
    38567 : 92;
    38568 : 59;
    38569 : 00;
    38570 : 18;
    38571 : DB;
    38572 : 93;
    38573 : 3B;
    38574 : D0;
    38575 : 23;
    38576 : 99;
    38577 : 1C;
    38578 : 72;
    38579 : 82;
    38580 : BA;
    38581 : 21;
    38582 : 32;
    38583 : D0;
    38584 : 00;
    38585 : 89;
    38586 : 9C;
    38587 : 69;
    38588 : 01;
    38589 : FA;
    38590 : 89;
    38591 : 22;
    38592 : 88;
    38593 : A8;
    38594 : 3B;
    38595 : 20;
    38596 : 45;
    38597 : A9;
    38598 : F2;
    38599 : 20;
    38600 : 10;
    38601 : A9;
    38602 : 18;
    38603 : 81;
    38604 : 0D;
    38605 : 62;
    38606 : 92;
    38607 : E8;
    38608 : 08;
    38609 : 21;
    38610 : B0;
    38611 : 29;
    38612 : 12;
    38613 : BA;
    38614 : 0B;
    38615 : 17;
    38616 : D1;
    38617 : 8A;
    38618 : 28;
    38619 : 03;
    38620 : 8B;
    38621 : DA;
    38622 : 19;
    38623 : 30;
    38624 : 85;
    38625 : B8;
    38626 : 1C;
    38627 : 42;
    38628 : B9;
    38629 : 11;
    38630 : 8B;
    38631 : AF;
    38632 : 50;
    38633 : 03;
    38634 : F8;
    38635 : 1B;
    38636 : 32;
    38637 : A2;
    38638 : 9C;
    38639 : 51;
    38640 : 08;
    38641 : 8A;
    38642 : 31;
    38643 : A2;
    38644 : 99;
    38645 : 40;
    38646 : 86;
    38647 : 18;
    38648 : 0D;
    38649 : 09;
    38650 : 19;
    38651 : 04;
    38652 : C0;
    38653 : 89;
    38654 : 02;
    38655 : B1;
    38656 : 78;
    38657 : 29;
    38658 : 9B;
    38659 : 0C;
    38660 : 06;
    38661 : C2;
    38662 : 9C;
    38663 : 21;
    38664 : 03;
    38665 : 0C;
    38666 : 3B;
    38667 : 19;
    38668 : D0;
    38669 : 81;
    38670 : 95;
    38671 : 8A;
    38672 : 10;
    38673 : 31;
    38674 : 1E;
    38675 : 3B;
    38676 : 98;
    38677 : 95;
    38678 : A4;
    38679 : 91;
    38680 : 1C;
    38681 : 30;
    38682 : 1B;
    38683 : 1F;
    38684 : 08;
    38685 : D3;
    38686 : C8;
    38687 : 12;
    38688 : 12;
    38689 : 8D;
    38690 : 48;
    38691 : 10;
    38692 : 89;
    38693 : 98;
    38694 : 95;
    38695 : C2;
    38696 : 11;
    38697 : 61;
    38698 : 8B;
    38699 : 0A;
    38700 : 20;
    38701 : 89;
    38702 : E3;
    38703 : B1;
    38704 : 02;
    38705 : 52;
    38706 : 2B;
    38707 : 0F;
    38708 : 10;
    38709 : 80;
    38710 : C9;
    38711 : 02;
    38712 : 82;
    38713 : B9;
    38714 : 7A;
    38715 : 20;
    38716 : AB;
    38717 : 8A;
    38718 : 87;
    38719 : A0;
    38720 : B0;
    38721 : 31;
    38722 : 89;
    38723 : 2C;
    38724 : 3C;
    38725 : B0;
    38726 : 92;
    38727 : B0;
    38728 : 95;
    38729 : 98;
    38730 : 01;
    38731 : 49;
    38732 : 70;
    38733 : 38;
    38734 : BD;
    38735 : 01;
    38736 : 43;
    38737 : C0;
    38738 : 19;
    38739 : 08;
    38740 : 80;
    38741 : 7A;
    38742 : 04;
    38743 : B3;
    38744 : 08;
    38745 : 78;
    38746 : 90;
    38747 : A8;
    38748 : 88;
    38749 : B0;
    38750 : 10;
    38751 : 8F;
    38752 : 81;
    38753 : AA;
    38754 : AA;
    38755 : 49;
    38756 : A4;
    38757 : 98;
    38758 : 89;
    38759 : 3C;
    38760 : 62;
    38761 : E2;
    38762 : 18;
    38763 : 18;
    38764 : 90;
    38765 : B0;
    38766 : 75;
    38767 : 82;
    38768 : 19;
    38769 : A0;
    38770 : C2;
    38771 : 1D;
    38772 : A1;
    38773 : AA;
    38774 : BB;
    38775 : 1A;
    38776 : 81;
    38777 : 92;
    38778 : 4C;
    38779 : 58;
    38780 : 37;
    38781 : 80;
    38782 : 98;
    38783 : 12;
    38784 : E9;
    38785 : 18;
    38786 : 38;
    38787 : 3B;
    38788 : 26;
    38789 : CB;
    38790 : 00;
    38791 : B1;
    38792 : A2;
    38793 : 13;
    38794 : 1D;
    38795 : 9D;
    38796 : 51;
    38797 : 90;
    38798 : 99;
    38799 : 13;
    38800 : 84;
    38801 : A2;
    38802 : 1F;
    38803 : AA;
    38804 : 3A;
    38805 : 80;
    38806 : B9;
    38807 : 10;
    38808 : 86;
    38809 : 13;
    38810 : 8C;
    38811 : CA;
    38812 : 69;
    38813 : 88;
    38814 : 00;
    38815 : 81;
    38816 : D0;
    38817 : 19;
    38818 : 10;
    38819 : D0;
    38820 : 3C;
    38821 : 02;
    38822 : 08;
    38823 : 91;
    38824 : E0;
    38825 : 19;
    38826 : 12;
    38827 : 11;
    38828 : 71;
    38829 : B9;
    38830 : 1B;
    38831 : 00;
    38832 : 12;
    38833 : 18;
    38834 : 08;
    38835 : 97;
    38836 : 2B;
    38837 : C0;
    38838 : 8B;
    38839 : 72;
    38840 : 11;
    38841 : 50;
    38842 : 98;
    38843 : 81;
    38844 : 19;
    38845 : C4;
    38846 : A8;
    38847 : 2A;
    38848 : 54;
    38849 : 0C;
    38850 : A9;
    38851 : 80;
    38852 : AA;
    38853 : 87;
    38854 : 98;
    38855 : 00;
    38856 : 18;
    38857 : 0E;
    38858 : A8;
    38859 : 28;
    38860 : 98;
    38861 : 95;
    38862 : A1;
    38863 : 08;
    38864 : 41;
    38865 : BC;
    38866 : 20;
    38867 : 9A;
    38868 : 1B;
    38869 : 57;
    38870 : 81;
    38871 : 12;
    38872 : 21;
    38873 : A0;
    38874 : C8;
    38875 : 5A;
    38876 : 80;
    38877 : 14;
    38878 : AA;
    38879 : AB;
    38880 : 91;
    38881 : CD;
    38882 : 11;
    38883 : 68;
    38884 : 89;
    38885 : 13;
    38886 : 8D;
    38887 : A8;
    38888 : 00;
    38889 : D3;
    38890 : 00;
    38891 : 0B;
    38892 : EB;
    38893 : 51;
    38894 : A8;
    38895 : 28;
    38896 : 33;
    38897 : B4;
    38898 : 11;
    38899 : 8D;
    38900 : 00;
    38901 : 61;
    38902 : 00;
    38903 : AA;
    38904 : 19;
    38905 : C4;
    38906 : 8A;
    38907 : 09;
    38908 : B9;
    38909 : 71;
    38910 : 90;
    38911 : 88;
    38912 : 98;
    38913 : 91;
    38914 : 54;
    38915 : 08;
    38916 : C1;
    38917 : 49;
    38918 : 81;
    38919 : DB;
    38920 : 38;
    38921 : C2;
    38922 : 1B;
    38923 : 81;
    38924 : A8;
    38925 : 79;
    38926 : A2;
    38927 : 10;
    38928 : 08;
    38929 : 11;
    38930 : 8C;
    38931 : 9A;
    38932 : 87;
    38933 : 2A;
    38934 : 85;
    38935 : AA;
    38936 : 40;
    38937 : 02;
    38938 : 3C;
    38939 : B2;
    38940 : BB;
    38941 : 38;
    38942 : E3;
    38943 : 80;
    38944 : 8B;
    38945 : 74;
    38946 : 88;
    38947 : 8A;
    38948 : A2;
    38949 : 9D;
    38950 : 87;
    38951 : A9;
    38952 : 18;
    38953 : 80;
    38954 : 39;
    38955 : 92;
    38956 : 39;
    38957 : A0;
    38958 : 84;
    38959 : 03;
    38960 : BF;
    38961 : 60;
    38962 : 99;
    38963 : 30;
    38964 : 88;
    38965 : 8C;
    38966 : 07;
    38967 : AA;
    38968 : 01;
    38969 : 18;
    38970 : 19;
    38971 : 91;
    38972 : 79;
    38973 : A1;
    38974 : 30;
    38975 : 83;
    38976 : AD;
    38977 : 41;
    38978 : C9;
    38979 : 21;
    38980 : B8;
    38981 : 0A;
    38982 : 16;
    38983 : 8B;
    38984 : 90;
    38985 : 8C;
    38986 : 02;
    38987 : BA;
    38988 : 5B;
    38989 : D8;
    38990 : 68;
    38991 : 81;
    38992 : 9B;
    38993 : 23;
    38994 : E8;
    38995 : 10;
    38996 : 98;
    38997 : 28;
    38998 : 22;
    38999 : 39;
    39000 : A3;
    39001 : 0E;
    39002 : 86;
    39003 : AA;
    39004 : 30;
    39005 : EA;
    39006 : 59;
    39007 : 91;
    39008 : 0B;
    39009 : 02;
    39010 : A0;
    39011 : 24;
    39012 : CB;
    39013 : 20;
    39014 : 8B;
    39015 : 40;
    39016 : B1;
    39017 : 2D;
    39018 : 87;
    39019 : 8A;
    39020 : 02;
    39021 : C8;
    39022 : 59;
    39023 : 92;
    39024 : 19;
    39025 : 91;
    39026 : 0A;
    39027 : 82;
    39028 : DA;
    39029 : 14;
    39030 : AA;
    39031 : 61;
    39032 : A8;
    39033 : 2B;
    39034 : 84;
    39035 : 8C;
    39036 : 05;
    39037 : 99;
    39038 : 30;
    39039 : B2;
    39040 : 3B;
    39041 : D0;
    39042 : 69;
    39043 : 90;
    39044 : 9B;
    39045 : 13;
    39046 : FB;
    39047 : 22;
    39048 : C9;
    39049 : 2A;
    39050 : 11;
    39051 : 0C;
    39052 : 84;
    39053 : 9A;
    39054 : 04;
    39055 : 90;
    39056 : 32;
    39057 : D9;
    39058 : 7A;
    39059 : 90;
    39060 : 19;
    39061 : 82;
    39062 : CA;
    39063 : 16;
    39064 : A8;
    39065 : 28;
    39066 : 88;
    39067 : 2B;
    39068 : 92;
    39069 : 0C;
    39070 : 96;
    39071 : 98;
    39072 : 23;
    39073 : AC;
    39074 : 69;
    39075 : B0;
    39076 : 2A;
    39077 : 82;
    39078 : BB;
    39079 : 26;
    39080 : B9;
    39081 : 22;
    39082 : BA;
    39083 : 40;
    39084 : A0;
    39085 : 1F;
    39086 : 93;
    39087 : 2B;
    39088 : 85;
    39089 : BB;
    39090 : 61;
    39091 : B0;
    39092 : 39;
    39093 : 91;
    39094 : 8B;
    39095 : 13;
    39096 : AA;
    39097 : 16;
    39098 : CB;
    39099 : 35;
    39100 : A9;
    39101 : 2A;
    39102 : C3;
    39103 : 1D;
    39104 : 05;
    39105 : AA;
    39106 : 21;
    39107 : C0;
    39108 : 4A;
    39109 : A8;
    39110 : 4A;
    39111 : 01;
    39112 : 89;
    39113 : 85;
    39114 : AA;
    39115 : 25;
    39116 : AA;
    39117 : 50;
    39118 : A1;
    39119 : 2B;
    39120 : 96;
    39121 : 9B;
    39122 : 92;
    39123 : 88;
    39124 : 40;
    39125 : D0;
    39126 : 39;
    39127 : B8;
    39128 : 39;
    39129 : A5;
    39130 : AC;
    39131 : 35;
    39132 : AB;
    39133 : 20;
    39134 : B9;
    39135 : 3C;
    39136 : 86;
    39137 : 89;
    39138 : 83;
    39139 : 0A;
    39140 : 12;
    39141 : C8;
    39142 : 78;
    39143 : B8;
    39144 : 50;
    39145 : A2;
    39146 : 8C;
    39147 : 21;
    39148 : BB;
    39149 : 33;
    39150 : CB;
    39151 : 28;
    39152 : C3;
    39153 : 1B;
    39154 : B2;
    39155 : 2E;
    39156 : 04;
    39157 : 99;
    39158 : 62;
    39159 : C8;
    39160 : 50;
    39161 : A1;
    39162 : 09;
    39163 : 12;
    39164 : BA;
    39165 : 24;
    39166 : BB;
    39167 : 21;
    39168 : A1;
    39169 : 38;
    39170 : F2;
    39171 : 2D;
    39172 : 94;
    39173 : 9A;
    39174 : 22;
    39175 : F9;
    39176 : 30;
    39177 : A0;
    39178 : 2B;
    39179 : 91;
    39180 : 9A;
    39181 : 15;
    39182 : CB;
    39183 : 12;
    39184 : AA;
    39185 : 61;
    39186 : B8;
    39187 : 2B;
    39188 : 87;
    39189 : 1B;
    39190 : 83;
    39191 : A9;
    39192 : 72;
    39193 : B1;
    39194 : 39;
    39195 : A8;
    39196 : 18;
    39197 : 82;
    39198 : 9E;
    39199 : 14;
    39200 : 9B;
    39201 : 63;
    39202 : B8;
    39203 : 39;
    39204 : 94;
    39205 : 2B;
    39206 : 94;
    39207 : 9C;
    39208 : 21;
    39209 : C0;
    39210 : 38;
    39211 : E9;
    39212 : 38;
    39213 : 98;
    39214 : 8B;
    39215 : 13;
    39216 : AF;
    39217 : 24;
    39218 : B8;
    39219 : 38;
    39220 : 82;
    39221 : 2D;
    39222 : 83;
    39223 : 8D;
    39224 : 03;
    39225 : A8;
    39226 : 14;
    39227 : D8;
    39228 : 68;
    39229 : 90;
    39230 : 1A;
    39231 : 82;
    39232 : AB;
    39233 : 16;
    39234 : C8;
    39235 : 10;
    39236 : 88;
    39237 : 3A;
    39238 : A1;
    39239 : 1E;
    39240 : A3;
    39241 : 99;
    39242 : 05;
    39243 : DB;
    39244 : 59;
    39245 : A0;
    39246 : 39;
    39247 : 81;
    39248 : 9B;
    39249 : 16;
    39250 : C8;
    39251 : 21;
    39252 : 99;
    39253 : 30;
    39254 : 88;
    39255 : 2D;
    39256 : A3;
    39257 : 0A;
    39258 : 17;
    39259 : B9;
    39260 : 51;
    39261 : B0;
    39262 : 49;
    39263 : 90;
    39264 : 09;
    39265 : 23;
    39266 : CB;
    39267 : 83;
    39268 : BC;
    39269 : 42;
    39270 : A9;
    39271 : 2E;
    39272 : A0;
    39273 : 1C;
    39274 : 85;
    39275 : BB;
    39276 : 11;
    39277 : A2;
    39278 : 79;
    39279 : A1;
    39280 : 29;
    39281 : 00;
    39282 : 89;
    39283 : 82;
    39284 : CD;
    39285 : 25;
    39286 : 99;
    39287 : 30;
    39288 : B0;
    39289 : 1E;
    39290 : 04;
    39291 : 9A;
    39292 : 02;
    39293 : C0;
    39294 : 30;
    39295 : C0;
    39296 : 4A;
    39297 : 80;
    39298 : 3A;
    39299 : 94;
    39300 : DA;
    39301 : 26;
    39302 : A9;
    39303 : 30;
    39304 : 89;
    39305 : 3C;
    39306 : 83;
    39307 : 9C;
    39308 : A3;
    39309 : BA;
    39310 : 42;
    39311 : D9;
    39312 : 59;
    39313 : 99;
    39314 : 49;
    39315 : B2;
    39316 : BC;
    39317 : 33;
    39318 : DA;
    39319 : 42;
    39320 : 99;
    39321 : 3A;
    39322 : 93;
    39323 : 9B;
    39324 : 97;
    39325 : 0B;
    39326 : 23;
    39327 : B9;
    39328 : 70;
    39329 : C0;
    39330 : 38;
    39331 : 93;
    39332 : 0C;
    39333 : 23;
    39334 : CB;
    39335 : 24;
    39336 : BB;
    39337 : 38;
    39338 : 91;
    39339 : 69;
    39340 : 92;
    39341 : 0E;
    39342 : 03;
    39343 : AB;
    39344 : 51;
    39345 : C8;
    39346 : 59;
    39347 : 91;
    39348 : 1B;
    39349 : 81;
    39350 : BB;
    39351 : 42;
    39352 : DB;
    39353 : 21;
    39354 : A9;
    39355 : 50;
    39356 : A1;
    39357 : 1E;
    39358 : 84;
    39359 : 89;
    39360 : 13;
    39361 : D8;
    39362 : 40;
    39363 : 91;
    39364 : 2B;
    39365 : A2;
    39366 : 8A;
    39367 : 05;
    39368 : BA;
    39369 : 33;
    39370 : CC;
    39371 : 68;
    39372 : A0;
    39373 : 1B;
    39374 : 84;
    39375 : 0B;
    39376 : 05;
    39377 : BA;
    39378 : 30;
    39379 : A8;
    39380 : 3D;
    39381 : C0;
    39382 : 2A;
    39383 : 84;
    39384 : B9;
    39385 : 24;
    39386 : BB;
    39387 : 73;
    39388 : B1;
    39389 : 29;
    39390 : 94;
    39391 : 0D;
    39392 : 84;
    39393 : 99;
    39394 : 22;
    39395 : A0;
    39396 : 41;
    39397 : D8;
    39398 : 3A;
    39399 : A2;
    39400 : 0B;
    39401 : 15;
    39402 : BC;
    39403 : 63;
    39404 : B8;
    39405 : 28;
    39406 : 90;
    39407 : 2B;
    39408 : 86;
    39409 : 8D;
    39410 : 81;
    39411 : A9;
    39412 : 21;
    39413 : D8;
    39414 : 5A;
    39415 : A1;
    39416 : 19;
    39417 : 13;
    39418 : AE;
    39419 : 33;
    39420 : C8;
    39421 : 21;
    39422 : B0;
    39423 : 39;
    39424 : 85;
    39425 : 0D;
    39426 : 83;
    39427 : AA;
    39428 : 15;
    39429 : B9;
    39430 : 59;
    39431 : B1;
    39432 : 39;
    39433 : 94;
    39434 : 9A;
    39435 : 15;
    39436 : C8;
    39437 : 31;
    39438 : BB;
    39439 : 59;
    39440 : 91;
    39441 : 2C;
    39442 : A3;
    39443 : 8D;
    39444 : 14;
    39445 : CA;
    39446 : 30;
    39447 : C0;
    39448 : 59;
    39449 : 90;
    39450 : 8A;
    39451 : 04;
    39452 : 9A;
    39453 : 23;
    39454 : CC;
    39455 : 41;
    39456 : A8;
    39457 : 2A;
    39458 : A3;
    39459 : 0D;
    39460 : 16;
    39461 : AA;
    39462 : 12;
    39463 : B8;
    39464 : 69;
    39465 : A1;
    39466 : 2B;
    39467 : 01;
    39468 : 1A;
    39469 : 06;
    39470 : CB;
    39471 : 32;
    39472 : B9;
    39473 : 48;
    39474 : B0;
    39475 : 1E;
    39476 : 03;
    39477 : AB;
    39478 : 05;
    39479 : BB;
    39480 : 53;
    39481 : C1;
    39482 : 49;
    39483 : 98;
    39484 : 3B;
    39485 : 84;
    39486 : 9C;
    39487 : 05;
    39488 : AA;
    39489 : 40;
    39490 : 99;
    39491 : 39;
    39492 : 85;
    39493 : 88;
    39494 : 04;
    39495 : 0C;
    39496 : 23;
    39497 : C0;
    39498 : 39;
    39499 : C8;
    39500 : 3B;
    39501 : A1;
    39502 : AF;
    39503 : 02;
    39504 : BA;
    39505 : 34;
    39506 : C9;
    39507 : 29;
    39508 : 88;
    39509 : 49;
    39510 : A3;
    39511 : 8F;
    39512 : 13;
    39513 : B9;
    39514 : 41;
    39515 : B1;
    39516 : 7A;
    39517 : 93;
    39518 : 0A;
    39519 : 81;
    39520 : AB;
    39521 : 26;
    39522 : B0;
    39523 : 10;
    39524 : C0;
    39525 : 39;
    39526 : 00;
    39527 : 9F;
    39528 : 84;
    39529 : 99;
    39530 : 04;
    39531 : A9;
    39532 : 59;
    39533 : C2;
    39534 : 0A;
    39535 : A8;
    39536 : 8B;
    39537 : 07;
    39538 : 08;
    39539 : 18;
    39540 : A0;
    39541 : 79;
    39542 : 81;
    39543 : 1A;
    39544 : 93;
    39545 : A9;
    39546 : 17;
    39547 : C9;
    39548 : 10;
    39549 : A0;
    39550 : 79;
    39551 : A1;
    39552 : 18;
    39553 : 08;
    39554 : 90;
    39555 : 34;
    39556 : D8;
    39557 : 31;
    39558 : B8;
    39559 : 99;
    39560 : 91;
    39561 : BF;
    39562 : 42;
    39563 : D8;
    39564 : 10;
    39565 : BB;
    39566 : 18;
    39567 : B2;
    39568 : 9B;
    39569 : A2;
    39570 : 8C;
    39571 : 07;
    39572 : 8B;
    39573 : 41;
    39574 : 29;
    39575 : 81;
    39576 : 11;
    39577 : 0F;
    39578 : 05;
    39579 : 08;
    39580 : 92;
    39581 : 98;
    39582 : 61;
    39583 : A2;
    39584 : 4B;
    39585 : 91;
    39586 : 4C;
    39587 : 85;
    39588 : 89;
    39589 : 80;
    39590 : 98;
    39591 : 30;
    39592 : F8;
    39593 : 1A;
    39594 : 88;
    39595 : 09;
    39596 : 88;
    39597 : BB;
    39598 : 79;
    39599 : B2;
    39600 : 5A;
    39601 : C1;
    39602 : 28;
    39603 : 12;
    39604 : BA;
    39605 : 31;
    39606 : CB;
    39607 : 73;
    39608 : A9;
    39609 : 20;
    39610 : 09;
    39611 : 03;
    39612 : 82;
    39613 : FA;
    39614 : 32;
    39615 : 99;
    39616 : 13;
    39617 : BC;
    39618 : 2A;
    39619 : 23;
    39620 : 9F;
    39621 : 02;
    39622 : AD;
    39623 : 16;
    39624 : 9A;
    39625 : 01;
    39626 : 89;
    39627 : 39;
    39628 : A4;
    39629 : 0E;
    39630 : 81;
    39631 : 09;
    39632 : 10;
    39633 : 91;
    39634 : 2B;
    39635 : 07;
    39636 : 0B;
    39637 : A4;
    39638 : 8C;
    39639 : 13;
    39640 : B9;
    39641 : 3B;
    39642 : D8;
    39643 : 78;
    39644 : 91;
    39645 : 28;
    39646 : 82;
    39647 : 22;
    39648 : 20;
    39649 : E0;
    39650 : 2A;
    39651 : 91;
    39652 : 49;
    39653 : AA;
    39654 : 8E;
    39655 : 11;
    39656 : E9;
    39657 : 12;
    39658 : D9;
    39659 : 51;
    39660 : 98;
    39661 : 18;
    39662 : 88;
    39663 : 89;
    39664 : 13;
    39665 : BD;
    39666 : 10;
    39667 : 98;
    39668 : 10;
    39669 : A2;
    39670 : 9C;
    39671 : 47;
    39672 : 9A;
    39673 : 22;
    39674 : BB;
    39675 : 52;
    39676 : 80;
    39677 : 0A;
    39678 : 91;
    39679 : 2C;
    39680 : 87;
    39681 : 89;
    39682 : 83;
    39683 : 29;
    39684 : 10;
    39685 : A0;
    39686 : 8F;
    39687 : 93;
    39688 : 1B;
    39689 : A3;
    39690 : EB;
    39691 : 31;
    39692 : D2;
    39693 : 39;
    39694 : D2;
    39695 : 6B;
    39696 : A2;
    39697 : 0A;
    39698 : 80;
    39699 : A9;
    39700 : 51;
    39701 : D8;
    39702 : 19;
    39703 : 92;
    39704 : 08;
    39705 : 12;
    39706 : E9;
    39707 : 61;
    39708 : A0;
    39709 : 30;
    39710 : C8;
    39711 : 29;
    39712 : 92;
    39713 : BA;
    39714 : 83;
    39715 : BC;
    39716 : 27;
    39717 : 89;
    39718 : 30;
    39719 : 29;
    39720 : 21;
    39721 : 13;
    39722 : EC;
    39723 : 32;
    39724 : BA;
    39725 : 03;
    39726 : DC;
    39727 : 19;
    39728 : 93;
    39729 : 0F;
    39730 : 82;
    39731 : 8D;
    39732 : 04;
    39733 : 99;
    39734 : 00;
    39735 : 88;
    39736 : 2A;
    39737 : 95;
    39738 : 8C;
    39739 : 82;
    39740 : 09;
    39741 : 31;
    39742 : B8;
    39743 : 5D;
    39744 : 84;
    39745 : 2B;
    39746 : 94;
    39747 : 0B;
    39748 : 05;
    39749 : A1;
    39750 : 28;
    39751 : C8;
    39752 : 68;
    39753 : 98;
    39754 : 1A;
    39755 : A0;
    39756 : 81;
    39757 : 12;
    39758 : F8;
    39759 : 4B;
    39760 : A8;
    39761 : 28;
    39762 : B9;
    39763 : 8C;
    39764 : 53;
    39765 : BA;
    39766 : 33;
    39767 : FB;
    39768 : 42;
    39769 : 98;
    39770 : 08;
    39771 : 90;
    39772 : 99;
    39773 : 17;
    39774 : AB;
    39775 : 30;
    39776 : 19;
    39777 : 48;
    39778 : 82;
    39779 : 8C;
    39780 : 17;
    39781 : 99;
    39782 : 04;
    39783 : 9A;
    39784 : 21;
    39785 : 90;
    39786 : 1C;
    39787 : A1;
    39788 : 1F;
    39789 : 93;
    39790 : 9A;
    39791 : 91;
    39792 : 80;
    39793 : 38;
    39794 : C3;
    39795 : 0F;
    39796 : 93;
    39797 : 1A;
    39798 : 91;
    39799 : BD;
    39800 : 58;
    39801 : C0;
    39802 : 39;
    39803 : C1;
    39804 : 4A;
    39805 : 83;
    39806 : 89;
    39807 : 11;
    39808 : B0;
    39809 : 72;
    39810 : B1;
    39811 : 4A;
    39812 : 81;
    39813 : 80;
    39814 : 05;
    39815 : CA;
    39816 : 51;
    39817 : B0;
    39818 : 30;
    39819 : C9;
    39820 : 2A;
    39821 : 12;
    39822 : CB;
    39823 : 01;
    39824 : AD;
    39825 : 15;
    39826 : A9;
    39827 : 18;
    39828 : 19;
    39829 : 09;
    39830 : 15;
    39831 : AE;
    39832 : 13;
    39833 : 99;
    39834 : 13;
    39835 : DA;
    39836 : 2A;
    39837 : 86;
    39838 : 1B;
    39839 : 83;
    39840 : 0D;
    39841 : 15;
    39842 : 98;
    39843 : 18;
    39844 : 90;
    39845 : 4B;
    39846 : A5;
    39847 : 9B;
    39848 : 02;
    39849 : B0;
    39850 : 40;
    39851 : C0;
    39852 : 2C;
    39853 : 24;
    39854 : 2D;
    39855 : C8;
    39856 : 18;
    39857 : 31;
    39858 : B1;
    39859 : 9A;
    39860 : FB;
    39861 : 50;
    39862 : A8;
    39863 : 8A;
    39864 : 30;
    39865 : 83;
    39866 : 74;
    39867 : A0;
    39868 : 18;
    39869 : 98;
    39870 : A9;
    39871 : B8;
    39872 : AB;
    39873 : 63;
    39874 : 82;
    39875 : 62;
    39876 : A9;
    39877 : 41;
    39878 : F9;
    39879 : 19;
    39880 : 01;
    39881 : B0;
    39882 : 39;
    39883 : B8;
    39884 : 39;
    39885 : 37;
    39886 : 80;
    39887 : 98;
    39888 : BC;
    39889 : 22;
    39890 : AB;
    39891 : 20;
    39892 : 81;
    39893 : 48;
    39894 : A7;
    39895 : 1B;
    39896 : 95;
    39897 : 99;
    39898 : 29;
    39899 : 8D;
    39900 : 99;
    39901 : 04;
    39902 : 9A;
    39903 : 80;
    39904 : 8E;
    39905 : 87;
    39906 : 20;
    39907 : 19;
    39908 : A0;
    39909 : 30;
    39910 : C4;
    39911 : 1A;
    39912 : 11;
    39913 : 38;
    39914 : 91;
    39915 : C9;
    39916 : 38;
    39917 : B4;
    39918 : 51;
    39919 : BA;
    39920 : BD;
    39921 : 41;
    39922 : AB;
    39923 : 13;
    39924 : 0A;
    39925 : 64;
    39926 : A1;
    39927 : 4A;
    39928 : C1;
    39929 : 19;
    39930 : 99;
    39931 : DC;
    39932 : 10;
    39933 : 01;
    39934 : 48;
    39935 : B9;
    39936 : B1;
    39937 : 63;
    39938 : E8;
    39939 : 01;
    39940 : 0A;
    39941 : 02;
    39942 : 28;
    39943 : 2B;
    39944 : B2;
    39945 : 3E;
    39946 : 87;
    39947 : 09;
    39948 : 01;
    39949 : 9A;
    39950 : 29;
    39951 : A9;
    39952 : 30;
    39953 : 43;
    39954 : 83;
    39955 : 97;
    39956 : 9C;
    39957 : 10;
    39958 : 1C;
    39959 : 89;
    39960 : A1;
    39961 : 1F;
    39962 : 95;
    39963 : 09;
    39964 : 10;
    39965 : 88;
    39966 : 39;
    39967 : C1;
    39968 : 00;
    39969 : 98;
    39970 : 94;
    39971 : 80;
    39972 : 0A;
    39973 : 73;
    39974 : 89;
    39975 : 89;
    39976 : C0;
    39977 : 0B;
    39978 : 17;
    39979 : A8;
    39980 : 29;
    39981 : 10;
    39982 : 39;
    39983 : A0;
    39984 : A0;
    39985 : CF;
    39986 : 25;
    39987 : 99;
    39988 : 9B;
    39989 : 42;
    39990 : BB;
    39991 : 13;
    39992 : 0B;
    39993 : 9D;
    39994 : 17;
    39995 : 89;
    39996 : 02;
    39997 : 0A;
    39998 : 80;
    39999 : 89;
    40000 : 4A;
    40001 : 90;
    40002 : 55;
    40003 : 01;
    40004 : 9C;
    40005 : 01;
    40006 : C0;
    40007 : 38;
    40008 : 10;
    40009 : 8A;
    40010 : 47;
    40011 : 9A;
    40012 : 08;
    40013 : 18;
    40014 : 90;
    40015 : A8;
    40016 : 9E;
    40017 : E0;
    40018 : 20;
    40019 : A8;
    40020 : 88;
    40021 : 41;
    40022 : 84;
    40023 : 38;
    40024 : A8;
    40025 : AA;
    40026 : 70;
    40027 : A2;
    40028 : C0;
    40029 : 98;
    40030 : 01;
    40031 : 0C;
    40032 : 3C;
    40033 : C1;
    40034 : 7B;
    40035 : A2;
    40036 : B0;
    40037 : 11;
    40038 : B0;
    40039 : 5B;
    40040 : 98;
    40041 : 80;
    40042 : 7A;
    40043 : 92;
    40044 : 91;
    40045 : 91;
    40046 : 31;
    40047 : 0A;
    40048 : 20;
    40049 : 30;
    40050 : 1F;
    40051 : 86;
    40052 : B9;
    40053 : 88;
    40054 : 01;
    40055 : 3C;
    40056 : B8;
    40057 : 98;
    40058 : 7A;
    40059 : 92;
    40060 : C1;
    40061 : 99;
    40062 : 22;
    40063 : 1A;
    40064 : 80;
    40065 : AA;
    40066 : 8F;
    40067 : 07;
    40068 : 89;
    40069 : 00;
    40070 : 28;
    40071 : 1A;
    40072 : 85;
    40073 : 0B;
    40074 : 88;
    40075 : 06;
    40076 : 01;
    40077 : AD;
    40078 : 20;
    40079 : B9;
    40080 : 89;
    40081 : 13;
    40082 : 8F;
    40083 : 17;
    40084 : A9;
    40085 : 89;
    40086 : 10;
    40087 : 89;
    40088 : 03;
    40089 : 1D;
    40090 : 90;
    40091 : 14;
    40092 : 98;
    40093 : CC;
    40094 : 40;
    40095 : A1;
    40096 : 30;
    40097 : 99;
    40098 : 8A;
    40099 : 37;
    40100 : 90;
    40101 : 99;
    40102 : 88;
    40103 : 15;
    40104 : 01;
    40105 : 2A;
    40106 : C0;
    40107 : 40;
    40108 : 13;
    40109 : EA;
    40110 : 30;
    40111 : E8;
    40112 : 38;
    40113 : 99;
    40114 : AD;
    40115 : 52;
    40116 : 99;
    40117 : 08;
    40118 : B9;
    40119 : 13;
    40120 : 89;
    40121 : 0A;
    40122 : 95;
    40123 : 3D;
    40124 : 03;
    40125 : CF;
    40126 : 18;
    40127 : 92;
    40128 : 3A;
    40129 : 02;
    40130 : 99;
    40131 : 60;
    40132 : 89;
    40133 : 91;
    40134 : 99;
    40135 : 52;
    40136 : 00;
    40137 : 89;
    40138 : C3;
    40139 : 1F;
    40140 : 05;
    40141 : A8;
    40142 : 10;
    40143 : 02;
    40144 : 3C;
    40145 : 92;
    40146 : 2B;
    40147 : 00;
    40148 : B0;
    40149 : 11;
    40150 : EE;
    40151 : 40;
    40152 : A9;
    40153 : 19;
    40154 : 91;
    40155 : 8C;
    40156 : 15;
    40157 : C9;
    40158 : 20;
    40159 : 01;
    40160 : 3B;
    40161 : B3;
    40162 : 0D;
    40163 : 12;
    40164 : 83;
    40165 : 02;
    40166 : CE;
    40167 : 70;
    40168 : 90;
    40169 : 19;
    40170 : 80;
    40171 : BA;
    40172 : 26;
    40173 : C9;
    40174 : 19;
    40175 : 09;
    40176 : 18;
    40177 : 02;
    40178 : 0C;
    40179 : B1;
    40180 : 00;
    40181 : 24;
    40182 : CC;
    40183 : 58;
    40184 : B1;
    40185 : 39;
    40186 : 90;
    40187 : DB;
    40188 : 16;
    40189 : A8;
    40190 : 20;
    40191 : 08;
    40192 : 80;
    40193 : 82;
    40194 : 8E;
    40195 : 94;
    40196 : 08;
    40197 : 13;
    40198 : BC;
    40199 : 6B;
    40200 : A2;
    40201 : 39;
    40202 : 92;
    40203 : AA;
    40204 : 37;
    40205 : A0;
    40206 : 19;
    40207 : A9;
    40208 : 30;
    40209 : 00;
    40210 : 9E;
    40211 : C3;
    40212 : 1B;
    40213 : 15;
    40214 : CB;
    40215 : 3A;
    40216 : A4;
    40217 : 4C;
    40218 : 91;
    40219 : AA;
    40220 : 49;
    40221 : B0;
    40222 : 20;
    40223 : C9;
    40224 : 42;
    40225 : 09;
    40226 : 9A;
    40227 : A4;
    40228 : 8E;
    40229 : 34;
    40230 : B9;
    40231 : 38;
    40232 : 84;
    40233 : 1C;
    40234 : A2;
    40235 : 9A;
    40236 : 42;
    40237 : 81;
    40238 : 41;
    40239 : B9;
    40240 : 73;
    40241 : 82;
    40242 : A8;
    40243 : 83;
    40244 : AE;
    40245 : 24;
    40246 : D9;
    40247 : 09;
    40248 : 11;
    40249 : 8B;
    40250 : 85;
    40251 : 9B;
    40252 : A2;
    40253 : 20;
    40254 : 81;
    40255 : AC;
    40256 : 7A;
    40257 : A8;
    40258 : 9B;
    40259 : 04;
    40260 : DB;
    40261 : 14;
    40262 : A8;
    40263 : 30;
    40264 : 30;
    40265 : 89;
    40266 : 17;
    40267 : 09;
    40268 : 84;
    40269 : 80;
    40270 : 10;
    40271 : DA;
    40272 : 7A;
    40273 : A0;
    40274 : AA;
    40275 : 91;
    40276 : BA;
    40277 : 73;
    40278 : A1;
    40279 : 19;
    40280 : 00;
    40281 : 19;
    40282 : 02;
    40283 : F9;
    40284 : B2;
    40285 : 09;
    40286 : 11;
    40287 : FA;
    40288 : 6B;
    40289 : A8;
    40290 : 18;
    40291 : 18;
    40292 : B2;
    40293 : 73;
    40294 : A2;
    40295 : 10;
    40296 : 19;
    40297 : A0;
    40298 : 01;
    40299 : D0;
    40300 : 45;
    40301 : 98;
    40302 : 32;
    40303 : 9F;
    40304 : 28;
    40305 : 82;
    40306 : A8;
    40307 : A2;
    40308 : BA;
    40309 : 23;
    40310 : A0;
    40311 : 8E;
    40312 : 5B;
    40313 : B0;
    40314 : 01;
    40315 : BF;
    40316 : 02;
    40317 : 89;
    40318 : 82;
    40319 : D9;
    40320 : 1C;
    40321 : 95;
    40322 : 0B;
    40323 : 94;
    40324 : 3A;
    40325 : 84;
    40326 : 21;
    40327 : 09;
    40328 : 84;
    40329 : 41;
    40330 : C1;
    40331 : A8;
    40332 : 22;
    40333 : C0;
    40334 : 69;
    40335 : A8;
    40336 : 4D;
    40337 : 93;
    40338 : 1A;
    40339 : A1;
    40340 : 88;
    40341 : 42;
    40342 : E1;
    40343 : 19;
    40344 : AA;
    40345 : 40;
    40346 : 99;
    40347 : BA;
    40348 : 39;
    40349 : E4;
    40350 : 30;
    40351 : D8;
    40352 : 39;
    40353 : 21;
    40354 : A0;
    40355 : 03;
    40356 : BC;
    40357 : 34;
    40358 : AB;
    40359 : 31;
    40360 : 9D;
    40361 : 34;
    40362 : 81;
    40363 : F9;
    40364 : 10;
    40365 : B0;
    40366 : 24;
    40367 : 9B;
    40368 : 2C;
    40369 : 50;
    40370 : 9A;
    40371 : 04;
    40372 : 9C;
    40373 : 06;
    40374 : 09;
    40375 : 80;
    40376 : 8A;
    40377 : 3A;
    40378 : A3;
    40379 : 8F;
    40380 : 90;
    40381 : 88;
    40382 : 21;
    40383 : 03;
    40384 : 1E;
    40385 : 13;
    40386 : 2A;
    40387 : 95;
    40388 : 8C;
    40389 : 83;
    40390 : 90;
    40391 : 3B;
    40392 : EB;
    40393 : 6B;
    40394 : 91;
    40395 : 08;
    40396 : A2;
    40397 : 13;
    40398 : 48;
    40399 : B2;
    40400 : 2E;
    40401 : 80;
    40402 : 28;
    40403 : 9A;
    40404 : FB;
    40405 : 21;
    40406 : B8;
    40407 : 42;
    40408 : DA;
    40409 : 40;
    40410 : 98;
    40411 : 88;
    40412 : A0;
    40413 : 98;
    40414 : 71;
    40415 : A9;
    40416 : 18;
    40417 : 89;
    40418 : 11;
    40419 : 82;
    40420 : FB;
    40421 : 63;
    40422 : A9;
    40423 : 42;
    40424 : AA;
    40425 : 30;
    40426 : 10;
    40427 : 8C;
    40428 : B3;
    40429 : 8B;
    40430 : 07;
    40431 : 08;
    40432 : 81;
    40433 : 29;
    40434 : 2A;
    40435 : 84;
    40436 : 9F;
    40437 : 03;
    40438 : 0B;
    40439 : 01;
    40440 : D9;
    40441 : 29;
    40442 : 94;
    40443 : 3B;
    40444 : B5;
    40445 : 3C;
    40446 : 94;
    40447 : 09;
    40448 : 89;
    40449 : B0;
    40450 : 7B;
    40451 : C1;
    40452 : 89;
    40453 : 91;
    40454 : A0;
    40455 : 32;
    40456 : E1;
    40457 : 7B;
    40458 : 91;
    40459 : 18;
    40460 : A1;
    40461 : 1A;
    40462 : 02;
    40463 : C1;
    40464 : 21;
    40465 : DA;
    40466 : 51;
    40467 : 88;
    40468 : 18;
    40469 : 28;
    40470 : C3;
    40471 : 32;
    40472 : F9;
    40473 : 29;
    40474 : A9;
    40475 : 01;
    40476 : 98;
    40477 : AC;
    40478 : 17;
    40479 : 8B;
    40480 : 32;
    40481 : 8E;
    40482 : 12;
    40483 : 88;
    40484 : 99;
    40485 : 81;
    40486 : AA;
    40487 : 17;
    40488 : AB;
    40489 : 11;
    40490 : 18;
    40491 : 6A;
    40492 : 82;
    40493 : 0F;
    40494 : 85;
    40495 : 89;
    40496 : 82;
    40497 : 99;
    40498 : 18;
    40499 : A3;
    40500 : 0C;
    40501 : B3;
    40502 : 3C;
    40503 : 01;
    40504 : 8A;
    40505 : 0B;
    40506 : 97;
    40507 : 4A;
    40508 : C2;
    40509 : 2B;
    40510 : A3;
    40511 : 88;
    40512 : 01;
    40513 : EB;
    40514 : 78;
    40515 : 98;
    40516 : 29;
    40517 : C0;
    40518 : 31;
    40519 : 81;
    40520 : B1;
    40521 : 10;
    40522 : E9;
    40523 : 61;
    40524 : A9;
    40525 : 19;
    40526 : 30;
    40527 : AA;
    40528 : 26;
    40529 : EA;
    40530 : 32;
    40531 : 98;
    40532 : 21;
    40533 : A9;
    40534 : 0A;
    40535 : 24;
    40536 : BC;
    40537 : 13;
    40538 : 8D;
    40539 : 21;
    40540 : A0;
    40541 : 9B;
    40542 : 53;
    40543 : AC;
    40544 : 06;
    40545 : AC;
    40546 : 02;
    40547 : 09;
    40548 : 09;
    40549 : A9;
    40550 : 2F;
    40551 : A3;
    40552 : 09;
    40553 : 94;
    40554 : 2A;
    40555 : 22;
    40556 : 92;
    40557 : 2F;
    40558 : 81;
    40559 : 5A;
    40560 : 92;
    40561 : 9A;
    40562 : 20;
    40563 : D2;
    40564 : 50;
    40565 : B8;
    40566 : 7A;
    40567 : 91;
    40568 : 08;
    40569 : 91;
    40570 : A9;
    40571 : 51;
    40572 : B8;
    40573 : 2A;
    40574 : B9;
    40575 : 81;
    40576 : 91;
    40577 : EA;
    40578 : 60;
    40579 : B0;
    40580 : 51;
    40581 : AA;
    40582 : 39;
    40583 : 01;
    40584 : 99;
    40585 : 83;
    40586 : BD;
    40587 : 17;
    40588 : 98;
    40589 : 10;
    40590 : 0B;
    40591 : 21;
    40592 : 13;
    40593 : BE;
    40594 : 03;
    40595 : BB;
    40596 : 17;
    40597 : AB;
    40598 : 18;
    40599 : 84;
    40600 : 1C;
    40601 : 05;
    40602 : 0D;
    40603 : 03;
    40604 : 8B;
    40605 : 10;
    40606 : A0;
    40607 : 4C;
    40608 : A2;
    40609 : 0E;
    40610 : B2;
    40611 : 18;
    40612 : 23;
    40613 : D9;
    40614 : 4A;
    40615 : 82;
    40616 : 59;
    40617 : A4;
    40618 : 98;
    40619 : 01;
    40620 : 89;
    40621 : 11;
    40622 : F9;
    40623 : 58;
    40624 : A9;
    40625 : 20;
    40626 : 81;
    40627 : 90;
    40628 : 81;
    40629 : CC;
    40630 : 68;
    40631 : 98;
    40632 : 20;
    40633 : C9;
    40634 : A1;
    40635 : 87;
    40636 : A9;
    40637 : 18;
    40638 : 8D;
    40639 : 60;
    40640 : 08;
    40641 : 90;
    40642 : 91;
    40643 : A0;
    40644 : 05;
    40645 : 80;
    40646 : 98;
    40647 : 9C;
    40648 : 9B;
    40649 : 19;
    40650 : 88;
    40651 : 37;
    40652 : A8;
    40653 : 83;
    40654 : EA;
    40655 : 80;
    40656 : 32;
    40657 : 41;
    40658 : 01;
    40659 : 0F;
    40660 : 80;
    40661 : 01;
    40662 : 14;
    40663 : 81;
    40664 : A1;
    40665 : A0;
    40666 : 5A;
    40667 : 81;
    40668 : 0D;
    40669 : 08;
    40670 : 90;
    40671 : 11;
    40672 : F1;
    40673 : 8A;
    40674 : 92;
    40675 : 7A;
    40676 : 92;
    40677 : AA;
    40678 : 8B;
    40679 : C1;
    40680 : 31;
    40681 : C0;
    40682 : 2A;
    40683 : 18;
    40684 : 00;
    40685 : 88;
    40686 : CF;
    40687 : 38;
    40688 : 81;
    40689 : 14;
    40690 : DA;
    40691 : 88;
    40692 : 21;
    40693 : 00;
    40694 : 21;
    40695 : 0D;
    40696 : 32;
    40697 : 81;
    40698 : 85;
    40699 : B8;
    40700 : DA;
    40701 : 11;
    40702 : 0C;
    40703 : 23;
    40704 : 8F;
    40705 : 88;
    40706 : 80;
    40707 : 22;
    40708 : 97;
    40709 : 98;
    40710 : 02;
    40711 : 3A;
    40712 : 13;
    40713 : 2B;
    40714 : 8F;
    40715 : 84;
    40716 : 01;
    40717 : A4;
    40718 : BB;
    40719 : 38;
    40720 : 73;
    40721 : 28;
    40722 : A8;
    40723 : 8C;
    40724 : 84;
    40725 : 00;
    40726 : D8;
    40727 : 89;
    40728 : 4A;
    40729 : 21;
    40730 : 09;
    40731 : E9;
    40732 : A9;
    40733 : 91;
    40734 : A2;
    40735 : 8A;
    40736 : 91;
    40737 : 7B;
    40738 : 02;
    40739 : 19;
    40740 : A9;
    40741 : E8;
    40742 : C2;
    40743 : B2;
    40744 : 20;
    40745 : AC;
    40746 : 7A;
    40747 : 32;
    40748 : 23;
    40749 : 01;
    40750 : F9;
    40751 : 00;
    40752 : 81;
    40753 : 20;
    40754 : B8;
    40755 : 1D;
    40756 : 41;
    40757 : 99;
    40758 : 01;
    40759 : FA;
    40760 : 23;
    40761 : 13;
    40762 : 88;
    40763 : 8A;
    40764 : BF;
    40765 : 31;
    40766 : A0;
    40767 : 81;
    40768 : D0;
    40769 : 80;
    40770 : 01;
    40771 : 0E;
    40772 : 41;
    40773 : 0B;
    40774 : 24;
    40775 : A8;
    40776 : B8;
    40777 : E1;
    40778 : 19;
    40779 : 11;
    40780 : 2D;
    40781 : A0;
    40782 : 9F;
    40783 : 00;
    40784 : 01;
    40785 : 21;
    40786 : E3;
    40787 : 1A;
    40788 : 82;
    40789 : 1A;
    40790 : 13;
    40791 : 8E;
    40792 : 42;
    40793 : B3;
    40794 : 18;
    40795 : F1;
    40796 : 39;
    40797 : 22;
    40798 : 89;
    40799 : 10;
    40800 : FB;
    40801 : 31;
    40802 : A2;
    40803 : 2A;
    40804 : C1;
    40805 : 8B;
    40806 : 22;
    40807 : EC;
    40808 : 40;
    40809 : A9;
    40810 : 32;
    40811 : A0;
    40812 : 1A;
    40813 : B2;
    40814 : 8F;
    40815 : 22;
    40816 : AB;
    40817 : 53;
    40818 : DA;
    40819 : 10;
    40820 : 82;
    40821 : 19;
    40822 : 86;
    40823 : 9D;
    40824 : 13;
    40825 : 99;
    40826 : 41;
    40827 : C9;
    40828 : 28;
    40829 : 85;
    40830 : 0B;
    40831 : 93;
    40832 : 8E;
    40833 : 23;
    40834 : B0;
    40835 : 3A;
    40836 : E8;
    40837 : 3A;
    40838 : 82;
    40839 : 9E;
    40840 : 82;
    40841 : 9A;
    40842 : 42;
    40843 : C1;
    40844 : 59;
    40845 : A1;
    40846 : 29;
    40847 : 83;
    40848 : 9C;
    40849 : 24;
    40850 : 9A;
    40851 : 50;
    40852 : B0;
    40853 : 68;
    40854 : A1;
    40855 : 19;
    40856 : 23;
    40857 : AA;
    40858 : 16;
    40859 : CB;
    40860 : 48;
    40861 : A0;
    40862 : 3B;
    40863 : D1;
    40864 : 9B;
    40865 : 05;
    40866 : C9;
    40867 : 22;
    40868 : BB;
    40869 : 58;
    40870 : 91;
    40871 : 0C;
    40872 : 92;
    40873 : 0B;
    40874 : 17;
    40875 : B8;
    40876 : 20;
    40877 : A9;
    40878 : 39;
    40879 : 82;
    40880 : 8F;
    40881 : 03;
    40882 : 9B;
    40883 : 14;
    40884 : C8;
    40885 : 50;
    40886 : 90;
    40887 : 3A;
    40888 : 82;
    40889 : 0D;
    40890 : 84;
    40891 : 99;
    40892 : 43;
    40893 : A0;
    40894 : 6A;
    40895 : A8;
    40896 : 2B;
    40897 : 03;
    40898 : 8B;
    40899 : 87;
    40900 : BA;
    40901 : 40;
    40902 : D0;
    40903 : 3A;
    40904 : A0;
    40905 : 3A;
    40906 : 15;
    40907 : CA;
    40908 : 12;
    40909 : B9;
    40910 : 61;
    40911 : 91;
    40912 : 3B;
    40913 : A1;
    40914 : 8B;
    40915 : 34;
    40916 : EB;
    40917 : 23;
    40918 : B9;
    40919 : 30;
    40920 : C0;
    40921 : 1E;
    40922 : 82;
    40923 : 99;
    40924 : 13;
    40925 : DC;
    40926 : 11;
    40927 : AA;
    40928 : 3A;
    40929 : 02;
    40930 : 3D;
    40931 : 95;
    40932 : 9B;
    40933 : 24;
    40934 : B8;
    40935 : 53;
    40936 : AA;
    40937 : 5A;
    40938 : 84;
    40939 : 0B;
    40940 : 94;
    40941 : 9A;
    40942 : 33;
    40943 : F8;
    40944 : 28;
    40945 : A0;
    40946 : 4A;
    40947 : 84;
    40948 : 9B;
    40949 : 83;
    40950 : BA;
    40951 : 62;
    40952 : B0;
    40953 : 6A;
    40954 : 90;
    40955 : 29;
    40956 : 82;
    40957 : AC;
    40958 : 04;
    40959 : A9;
    40960 : 48;
    40961 : D8;
    40962 : 49;
    40963 : A0;
    40964 : 09;
    40965 : 13;
    40966 : CB;
    40967 : 15;
    40968 : BB;
    40969 : 40;
    40970 : B1;
    40971 : 5A;
    40972 : B1;
    40973 : 8C;
    40974 : 24;
    40975 : BB;
    40976 : 24;
    40977 : AB;
    40978 : 68;
    40979 : 90;
    40980 : 3B;
    40981 : A4;
    40982 : 8A;
    40983 : 53;
    40984 : CB;
    40985 : 02;
    40986 : 98;
    40987 : 21;
    40988 : A4;
    40989 : 2E;
    40990 : 12;
    40991 : 18;
    40992 : 15;
    40993 : D1;
    40994 : 21;
    40995 : 9A;
    40996 : 00;
    40997 : B3;
    40998 : 0E;
    40999 : 90;
    41000 : AA;
    41001 : 31;
    41002 : F9;
    41003 : 39;
    41004 : B8;
    41005 : 29;
    41006 : 82;
    41007 : 9F;
    41008 : 92;
    41009 : 99;
    41010 : 42;
    41011 : E1;
    41012 : 48;
    41013 : A8;
    41014 : 38;
    41015 : 14;
    41016 : 9A;
    41017 : 84;
    41018 : AB;
    41019 : 32;
    41020 : F0;
    41021 : 29;
    41022 : A0;
    41023 : 8A;
    41024 : 13;
    41025 : AE;
    41026 : 04;
    41027 : 99;
    41028 : 41;
    41029 : B1;
    41030 : 59;
    41031 : 02;
    41032 : 08;
    41033 : 23;
    41034 : AB;
    41035 : 07;
    41036 : BA;
    41037 : 38;
    41038 : C2;
    41039 : 5B;
    41040 : A2;
    41041 : 1B;
    41042 : 24;
    41043 : CA;
    41044 : 24;
    41045 : BA;
    41046 : 58;
    41047 : 92;
    41048 : 2D;
    41049 : A1;
    41050 : 9B;
    41051 : 33;
    41052 : F9;
    41053 : 20;
    41054 : B9;
    41055 : 49;
    41056 : A2;
    41057 : 1E;
    41058 : 91;
    41059 : 98;
    41060 : 32;
    41061 : F9;
    41062 : 20;
    41063 : B9;
    41064 : 19;
    41065 : B2;
    41066 : 8E;
    41067 : A3;
    41068 : 8A;
    41069 : 53;
    41070 : B8;
    41071 : 72;
    41072 : 98;
    41073 : 18;
    41074 : 03;
    41075 : 2B;
    41076 : 87;
    41077 : 89;
    41078 : 22;
    41079 : C9;
    41080 : 38;
    41081 : BA;
    41082 : 2B;
    41083 : 15;
    41084 : 8C;
    41085 : 05;
    41086 : 9A;
    41087 : 32;
    41088 : C1;
    41089 : 39;
    41090 : C0;
    41091 : 2A;
    41092 : 04;
    41093 : AC;
    41094 : 04;
    41095 : AA;
    41096 : 41;
    41097 : C8;
    41098 : 6B;
    41099 : 91;
    41100 : 0A;
    41101 : 84;
    41102 : B9;
    41103 : 24;
    41104 : AA;
    41105 : 50;
    41106 : B1;
    41107 : 3C;
    41108 : B1;
    41109 : 8C;
    41110 : 13;
    41111 : BB;
    41112 : 35;
    41113 : DB;
    41114 : 48;
    41115 : B1;
    41116 : 3A;
    41117 : A3;
    41118 : 9E;
    41119 : 23;
    41120 : B9;
    41121 : 35;
    41122 : C9;
    41123 : 48;
    41124 : 91;
    41125 : 2B;
    41126 : 94;
    41127 : 8C;
    41128 : 33;
    41129 : FA;
    41130 : 30;
    41131 : 98;
    41132 : 38;
    41133 : 93;
    41134 : 1D;
    41135 : 85;
    41136 : 9A;
    41137 : 23;
    41138 : D8;
    41139 : 48;
    41140 : C8;
    41141 : 09;
    41142 : 92;
    41143 : 0D;
    41144 : 83;
    41145 : 9A;
    41146 : 31;
    41147 : E8;
    41148 : 48;
    41149 : A0;
    41150 : 29;
    41151 : 82;
    41152 : 9C;
    41153 : 84;
    41154 : CB;
    41155 : 41;
    41156 : B0;
    41157 : 69;
    41158 : A0;
    41159 : 1A;
    41160 : 03;
    41161 : AB;
    41162 : 17;
    41163 : 99;
    41164 : 41;
    41165 : B0;
    41166 : 4A;
    41167 : A1;
    41168 : 1A;
    41169 : 06;
    41170 : CA;
    41171 : 12;
    41172 : AA;
    41173 : 58;
    41174 : A1;
    41175 : 4A;
    41176 : 92;
    41177 : 9B;
    41178 : 14;
    41179 : EB;
    41180 : 32;
    41181 : B9;
    41182 : 38;
    41183 : B1;
    41184 : 2F;
    41185 : 93;
    41186 : 9B;
    41187 : 24;
    41188 : CA;
    41189 : 41;
    41190 : B9;
    41191 : 49;
    41192 : 93;
    41193 : 0C;
    41194 : 85;
    41195 : AB;
    41196 : 22;
    41197 : D9;
    41198 : 40;
    41199 : A8;
    41200 : 39;
    41201 : 85;
    41202 : 8C;
    41203 : 82;
    41204 : BA;
    41205 : 43;
    41206 : D0;
    41207 : 48;
    41208 : 90;
    41209 : 2A;
    41210 : 93;
    41211 : BC;
    41212 : 05;
    41213 : A9;
    41214 : 51;
    41215 : B0;
    41216 : 5A;
    41217 : 91;
    41218 : 1A;
    41219 : 13;
    41220 : BC;
    41221 : 14;
    41222 : B9;
    41223 : 58;
    41224 : 90;
    41225 : 3C;
    41226 : 93;
    41227 : AB;
    41228 : 17;
    41229 : A9;
    41230 : 41;
    41231 : A9;
    41232 : 49;
    41233 : 92;
    41234 : 0D;
    41235 : 83;
    41236 : AC;
    41237 : 23;
    41238 : D9;
    41239 : 48;
    41240 : A8;
    41241 : 39;
    41242 : A3;
    41243 : 8E;
    41244 : 03;
    41245 : BB;
    41246 : 43;
    41247 : D9;
    41248 : 38;
    41249 : A0;
    41250 : 1D;
    41251 : 04;
    41252 : 9B;
    41253 : 15;
    41254 : AA;
    41255 : 40;
    41256 : C0;
    41257 : 4A;
    41258 : 81;
    41259 : 0B;
    41260 : 05;
    41261 : AA;
    41262 : 14;
    41263 : A9;
    41264 : 69;
    41265 : 91;
    41266 : 2B;
    41267 : 93;
    41268 : AB;
    41269 : 26;
    41270 : B9;
    41271 : 42;
    41272 : B8;
    41273 : 5A;
    41274 : 91;
    41275 : 0C;
    41276 : 93;
    41277 : B9;
    41278 : 44;
    41279 : BA;
    41280 : 40;
    41281 : 98;
    41282 : 2B;
    41283 : A4;
    41284 : 8D;
    41285 : 03;
    41286 : CA;
    41287 : 51;
    41288 : A9;
    41289 : 38;
    41290 : B1;
    41291 : 0C;
    41292 : 95;
    41293 : AA;
    41294 : 33;
    41295 : BB;
    41296 : 70;
    41297 : 91;
    41298 : 3A;
    41299 : A3;
    41300 : 9D;
    41301 : 06;
    41302 : A9;
    41303 : 21;
    41304 : BA;
    41305 : 7B;
    41306 : A1;
    41307 : 0A;
    41308 : 84;
    41309 : 9B;
    41310 : 24;
    41311 : BA;
    41312 : 50;
    41313 : 90;
    41314 : 4A;
    41315 : 94;
    41316 : 8A;
    41317 : 04;
    41318 : AA;
    41319 : 52;
    41320 : A9;
    41321 : 49;
    41322 : 91;
    41323 : 0B;
    41324 : 87;
    41325 : 9A;
    41326 : 13;
    41327 : BA;
    41328 : 68;
    41329 : A8;
    41330 : 2A;
    41331 : A2;
    41332 : 8C;
    41333 : 06;
    41334 : 9A;
    41335 : 41;
    41336 : B9;
    41337 : 59;
    41338 : A0;
    41339 : 0A;
    41340 : 83;
    41341 : AD;
    41342 : 15;
    41343 : AA;
    41344 : 40;
    41345 : B8;
    41346 : 4A;
    41347 : A2;
    41348 : 9A;
    41349 : 05;
    41350 : B9;
    41351 : 53;
    41352 : 9A;
    41353 : 59;
    41354 : A8;
    41355 : 39;
    41356 : 96;
    41357 : 89;
    41358 : 21;
    41359 : AB;
    41360 : 51;
    41361 : 09;
    41362 : 01;
    41363 : E1;
    41364 : 8B;
    41365 : 82;
    41366 : 90;
    41367 : 17;
    41368 : 91;
    41369 : 59;
    41370 : 19;
    41371 : 18;
    41372 : A3;
    41373 : 9A;
    41374 : 00;
    41375 : D8;
    41376 : 1B;
    41377 : F8;
    41378 : 2A;
    41379 : 00;
    41380 : BB;
    41381 : 05;
    41382 : 9A;
    41383 : 72;
    41384 : B9;
    41385 : 0C;
    41386 : 83;
    41387 : 02;
    41388 : 04;
    41389 : 8F;
    41390 : 29;
    41391 : 81;
    41392 : 85;
    41393 : 90;
    41394 : 0C;
    41395 : 11;
    41396 : 08;
    41397 : 91;
    41398 : D0;
    41399 : 9C;
    41400 : 09;
    41401 : 82;
    41402 : 23;
    41403 : 08;
    41404 : 6C;
    41405 : 21;
    41406 : A4;
    41407 : 93;
    41408 : 88;
    41409 : 4D;
    41410 : 3A;
    41411 : B8;
    41412 : C0;
    41413 : B1;
    41414 : 34;
    41415 : 63;
    41416 : 89;
    41417 : 9B;
    41418 : FB;
    41419 : 21;
    41420 : 13;
    41421 : 29;
    41422 : 9B;
    41423 : 8F;
    41424 : 02;
    41425 : 04;
    41426 : 91;
    41427 : 8B;
    41428 : 0F;
    41429 : 88;
    41430 : A3;
    41431 : A2;
    41432 : 80;
    41433 : 7A;
    41434 : 30;
    41435 : A8;
    41436 : D8;
    41437 : A8;
    41438 : 20;
    41439 : 41;
    41440 : 89;
    41441 : AB;
    41442 : DA;
    41443 : 82;
    41444 : 14;
    41445 : 9B;
    41446 : 3A;
    41447 : 19;
    41448 : 02;
    41449 : B5;
    41450 : 9B;
    41451 : 35;
    41452 : 2B;
    41453 : 50;
    41454 : E2;
    41455 : 98;
    41456 : A1;
    41457 : 2A;
    41458 : 71;
    41459 : 02;
    41460 : 90;
    41461 : D1;
    41462 : 98;
    41463 : 42;
    41464 : 08;
    41465 : 1A;
    41466 : A0;
    41467 : 80;
    41468 : 27;
    41469 : 98;
    41470 : 8A;
    41471 : 8C;
    41472 : 38;
    41473 : 06;
    41474 : A9;
    41475 : 90;
    41476 : 4A;
    41477 : 78;
    41478 : 81;
    41479 : A9;
    41480 : A0;
    41481 : 8A;
    41482 : 7A;
    41483 : A8;
    41484 : AB;
    41485 : C2;
    41486 : 90;
    41487 : 55;
    41488 : 88;
    41489 : 09;
    41490 : 99;
    41491 : 09;
    41492 : 06;
    41493 : A9;
    41494 : 10;
    41495 : 09;
    41496 : 60;
    41497 : 85;
    41498 : 98;
    41499 : 00;
    41500 : 8A;
    41501 : 78;
    41502 : A0;
    41503 : 0A;
    41504 : A1;
    41505 : 99;
    41506 : 61;
    41507 : A9;
    41508 : 28;
    41509 : B1;
    41510 : 98;
    41511 : 35;
    41512 : CB;
    41513 : 19;
    41514 : A9;
    41515 : 8A;
    41516 : 37;
    41517 : B9;
    41518 : 30;
    41519 : 98;
    41520 : 4E;
    41521 : 04;
    41522 : 99;
    41523 : 12;
    41524 : C0;
    41525 : 69;
    41526 : 91;
    41527 : 9C;
    41528 : 81;
    41529 : B9;
    41530 : 71;
    41531 : A0;
    41532 : 0B;
    41533 : 91;
    41534 : 99;
    41535 : 36;
    41536 : A8;
    41537 : 38;
    41538 : B8;
    41539 : 0B;
    41540 : 47;
    41541 : A9;
    41542 : 11;
    41543 : 08;
    41544 : 4B;
    41545 : A3;
    41546 : AD;
    41547 : 91;
    41548 : B9;
    41549 : 73;
    41550 : 90;
    41551 : 8C;
    41552 : 98;
    41553 : 80;
    41554 : 62;
    41555 : 80;
    41556 : 09;
    41557 : 92;
    41558 : 80;
    41559 : 64;
    41560 : 98;
    41561 : 0A;
    41562 : 10;
    41563 : BD;
    41564 : 06;
    41565 : B9;
    41566 : 08;
    41567 : A1;
    41568 : 3C;
    41569 : 15;
    41570 : 9D;
    41571 : 21;
    41572 : C0;
    41573 : 38;
    41574 : 93;
    41575 : 8C;
    41576 : 11;
    41577 : BA;
    41578 : 72;
    41579 : 91;
    41580 : 2B;
    41581 : 92;
    41582 : AC;
    41583 : 34;
    41584 : C9;
    41585 : 19;
    41586 : 98;
    41587 : 1B;
    41588 : 27;
    41589 : BA;
    41590 : 11;
    41591 : A0;
    41592 : 4B;
    41593 : 05;
    41594 : AA;
    41595 : 21;
    41596 : A3;
    41597 : 59;
    41598 : 05;
    41599 : AB;
    41600 : 32;
    41601 : E0;
    41602 : 49;
    41603 : A2;
    41604 : 8C;
    41605 : 23;
    41606 : EA;
    41607 : 41;
    41608 : C0;
    41609 : 0A;
    41610 : 03;
    41611 : 9C;
    41612 : 43;
    41613 : D9;
    41614 : 18;
    41615 : A2;
    41616 : 1C;
    41617 : 05;
    41618 : AA;
    41619 : 31;
    41620 : C0;
    41621 : 3A;
    41622 : A5;
    41623 : 8A;
    41624 : 43;
    41625 : B9;
    41626 : 50;
    41627 : C1;
    41628 : 8A;
    41629 : 82;
    41630 : BB;
    41631 : 62;
    41632 : B8;
    41633 : 19;
    41634 : 82;
    41635 : 9C;
    41636 : 35;
    41637 : B9;
    41638 : 29;
    41639 : 92;
    41640 : 0F;
    41641 : 23;
    41642 : AB;
    41643 : 51;
    41644 : B2;
    41645 : 2B;
    41646 : 07;
    41647 : 9C;
    41648 : 31;
    41649 : B8;
    41650 : 59;
    41651 : B3;
    41652 : 9B;
    41653 : 24;
    41654 : DA;
    41655 : 60;
    41656 : A0;
    41657 : 1A;
    41658 : 02;
    41659 : 9C;
    41660 : 43;
    41661 : B9;
    41662 : 48;
    41663 : 92;
    41664 : 0D;
    41665 : 23;
    41666 : AD;
    41667 : 31;
    41668 : B0;
    41669 : 2A;
    41670 : 96;
    41671 : 9B;
    41672 : 31;
    41673 : C9;
    41674 : 59;
    41675 : A1;
    41676 : 0B;
    41677 : 13;
    41678 : DA;
    41679 : 51;
    41680 : B0;
    41681 : 19;
    41682 : 84;
    41683 : AB;
    41684 : 44;
    41685 : B9;
    41686 : 49;
    41687 : 92;
    41688 : 8C;
    41689 : 15;
    41690 : BA;
    41691 : 40;
    41692 : B1;
    41693 : 1C;
    41694 : 85;
    41695 : 9B;
    41696 : 42;
    41697 : B9;
    41698 : 5A;
    41699 : A3;
    41700 : 8C;
    41701 : 23;
    41702 : DB;
    41703 : 41;
    41704 : C1;
    41705 : 19;
    41706 : 03;
    41707 : AC;
    41708 : 53;
    41709 : B9;
    41710 : 28;
    41711 : A3;
    41712 : 0D;
    41713 : 14;
    41714 : BB;
    41715 : 41;
    41716 : B0;
    41717 : 2B;
    41718 : 86;
    41719 : 9B;
    41720 : 32;
    41721 : C9;
    41722 : 49;
    41723 : A4;
    41724 : 0B;
    41725 : 23;
    41726 : DA;
    41727 : 41;
    41728 : 90;
    41729 : 2C;
    41730 : 91;
    41731 : A9;
    41732 : 54;
    41733 : B9;
    41734 : 89;
    41735 : D2;
    41736 : 19;
    41737 : 03;
    41738 : BC;
    41739 : 71;
    41740 : 93;
    41741 : 29;
    41742 : 84;
    41743 : 9A;
    41744 : 20;
    41745 : FA;
    41746 : 1A;
    41747 : 91;
    41748 : 8B;
    41749 : 15;
    41750 : C0;
    41751 : 31;
    41752 : B1;
    41753 : 9C;
    41754 : 24;
    41755 : 9A;
    41756 : 33;
    41757 : BD;
    41758 : 31;
    41759 : B1;
    41760 : 2A;
    41761 : 17;
    41762 : AC;
    41763 : 10;
    41764 : 99;
    41765 : 49;
    41766 : 85;
    41767 : 8A;
    41768 : 31;
    41769 : B8;
    41770 : 78;
    41771 : 82;
    41772 : AB;
    41773 : 22;
    41774 : CB;
    41775 : 8A;
    41776 : A2;
    41777 : 0E;
    41778 : 21;
    41779 : B9;
    41780 : 73;
    41781 : 00;
    41782 : 39;
    41783 : 83;
    41784 : 9C;
    41785 : 86;
    41786 : BA;
    41787 : 69;
    41788 : A8;
    41789 : 1A;
    41790 : 04;
    41791 : BA;
    41792 : 33;
    41793 : D8;
    41794 : 39;
    41795 : A2;
    41796 : 9D;
    41797 : 33;
    41798 : A8;
    41799 : 59;
    41800 : 80;
    41801 : 0B;
    41802 : 23;
    41803 : B9;
    41804 : 62;
    41805 : CD;
    41806 : 08;
    41807 : 81;
    41808 : 1A;
    41809 : 16;
    41810 : 98;
    41811 : 48;
    41812 : A2;
    41813 : 0C;
    41814 : 92;
    41815 : 9C;
    41816 : 21;
    41817 : D8;
    41818 : 28;
    41819 : 85;
    41820 : 8C;
    41821 : 02;
    41822 : 80;
    41823 : 38;
    41824 : E8;
    41825 : 10;
    41826 : 02;
    41827 : B8;
    41828 : 46;
    41829 : 99;
    41830 : 80;
    41831 : 91;
    41832 : 9F;
    41833 : 01;
    41834 : A0;
    41835 : 38;
    41836 : B1;
    41837 : 29;
    41838 : 17;
    41839 : AA;
    41840 : 11;
    41841 : C0;
    41842 : 4A;
    41843 : 94;
    41844 : 99;
    41845 : 01;
    41846 : BB;
    41847 : 62;
    41848 : B0;
    41849 : 3B;
    41850 : 82;
    41851 : 8C;
    41852 : 62;
    41853 : B9;
    41854 : 28;
    41855 : 29;
    41856 : 89;
    41857 : 34;
    41858 : 0D;
    41859 : 02;
    41860 : AC;
    41861 : 3D;
    41862 : 92;
    41863 : 9C;
    41864 : 41;
    41865 : A0;
    41866 : 4B;
    41867 : 28;
    41868 : A9;
    41869 : 42;
    41870 : 89;
    41871 : 73;
    41872 : A8;
    41873 : 0E;
    41874 : 11;
    41875 : 9A;
    41876 : 51;
    41877 : 80;
    41878 : 29;
    41879 : 09;
    41880 : B9;
    41881 : 05;
    41882 : AB;
    41883 : 33;
    41884 : 03;
    41885 : 0F;
    41886 : 04;
    41887 : AB;
    41888 : 12;
    41889 : B2;
    41890 : 8B;
    41891 : D0;
    41892 : 0D;
    41893 : 93;
    41894 : DB;
    41895 : 51;
    41896 : 91;
    41897 : 10;
    41898 : 22;
    41899 : F0;
    41900 : 01;
    41901 : 0A;
    41902 : 88;
    41903 : 90;
    41904 : 0D;
    41905 : 03;
    41906 : A9;
    41907 : 78;
    41908 : 92;
    41909 : 8D;
    41910 : 12;
    41911 : A9;
    41912 : 22;
    41913 : 88;
    41914 : 0D;
    41915 : 82;
    41916 : 0C;
    41917 : 03;
    41918 : B1;
    41919 : 78;
    41920 : A5;
    41921 : 0B;
    41922 : 10;
    41923 : A8;
    41924 : 61;
    41925 : A8;
    41926 : 18;
    41927 : 90;
    41928 : 8E;
    41929 : 13;
    41930 : B9;
    41931 : 31;
    41932 : A3;
    41933 : 8A;
    41934 : 73;
    41935 : AA;
    41936 : 02;
    41937 : 81;
    41938 : 48;
    41939 : 92;
    41940 : 9F;
    41941 : 21;
    41942 : D8;
    41943 : 49;
    41944 : 93;
    41945 : AB;
    41946 : 18;
    41947 : 99;
    41948 : 08;
    41949 : C2;
    41950 : 4B;
    41951 : 03;
    41952 : AD;
    41953 : 73;
    41954 : EA;
    41955 : 00;
    41956 : 11;
    41957 : 9A;
    41958 : 42;
    41959 : 99;
    41960 : 81;
    41961 : 91;
    41962 : 4B;
    41963 : 83;
    41964 : 0E;
    41965 : 34;
    41966 : C0;
    41967 : 3A;
    41968 : 91;
    41969 : AB;
    41970 : 30;
    41971 : C8;
    41972 : 10;
    41973 : 9A;
    41974 : 61;
    41975 : 03;
    41976 : 9F;
    41977 : 22;
    41978 : A1;
    41979 : 3A;
    41980 : 84;
    41981 : C8;
    41982 : 29;
    41983 : A8;
    41984 : 05;
    41985 : AA;
    41986 : AB;
    41987 : 27;
    41988 : 8E;
    41989 : 00;
    41990 : 94;
    41991 : 0A;
    41992 : 05;
    41993 : 80;
    41994 : 09;
    41995 : B8;
    41996 : 21;
    41997 : D8;
    41998 : 29;
    41999 : 02;
    42000 : CF;
    42001 : 31;
    42002 : B1;
    42003 : 09;
    42004 : 32;
    42005 : 19;
    42006 : 90;
    42007 : 8C;
    42008 : 13;
    42009 : FB;
    42010 : 3B;
    42011 : 14;
    42012 : BC;
    42013 : 30;
    42014 : 08;
    42015 : 29;
    42016 : 00;
    42017 : 28;
    42018 : 90;
    42019 : 3D;
    42020 : 75;
    42021 : B1;
    42022 : 19;
    42023 : 11;
    42024 : CA;
    42025 : 3A;
    42026 : 82;
    42027 : C0;
    42028 : 4A;
    42029 : 12;
    42030 : 03;
    42031 : AF;
    42032 : 13;
    42033 : B3;
    42034 : 8F;
    42035 : 14;
    42036 : B9;
    42037 : 09;
    42038 : 05;
    42039 : 08;
    42040 : B0;
    42041 : 8A;
    42042 : A3;
    42043 : FB;
    42044 : 31;
    42045 : D3;
    42046 : 8A;
    42047 : 16;
    42048 : B8;
    42049 : 89;
    42050 : 91;
    42051 : 02;
    42052 : C0;
    42053 : 20;
    42054 : 84;
    42055 : CD;
    42056 : 41;
    42057 : 90;
    42058 : 9A;
    42059 : 33;
    42060 : 00;
    42061 : A9;
    42062 : 30;
    42063 : 20;
    42064 : CC;
    42065 : 7B;
    42066 : 02;
    42067 : CA;
    42068 : 49;
    42069 : 01;
    42070 : 9C;
    42071 : 40;
    42072 : 80;
    42073 : 0A;
    42074 : 38;
    42075 : 41;
    42076 : 98;
    42077 : 1F;
    42078 : 43;
    42079 : C9;
    42080 : 3A;
    42081 : 02;
    42082 : BC;
    42083 : 58;
    42084 : 00;
    42085 : 90;
    42086 : 99;
    42087 : 41;
    42088 : B1;
    42089 : 0F;
    42090 : 22;
    42091 : E9;
    42092 : 29;
    42093 : 82;
    42094 : A8;
    42095 : 09;
    42096 : 00;
    42097 : A4;
    42098 : A8;
    42099 : 25;
    42100 : D1;
    42101 : 8A;
    42102 : 15;
    42103 : D0;
    42104 : 8A;
    42105 : 22;
    42106 : C2;
    42107 : 80;
    42108 : 00;
    42109 : D2;
    42110 : 99;
    42111 : 38;
    42112 : 97;
    42113 : 9A;
    42114 : 21;
    42115 : 83;
    42116 : 2A;
    42117 : 87;
    42118 : B2;
    42119 : 0A;
    42120 : 19;
    42121 : 05;
    42122 : B9;
    42123 : 48;
    42124 : 92;
    42125 : 9D;
    42126 : 58;
    42127 : B0;
    42128 : 0C;
    42129 : 01;
    42130 : 81;
    42131 : 10;
    42132 : 0E;
    42133 : 21;
    42134 : AB;
    42135 : 39;
    42136 : 95;
    42137 : 0F;
    42138 : 10;
    42139 : 02;
    42140 : 39;
    42141 : 21;
    42142 : 13;
    42143 : AB;
    42144 : 8F;
    42145 : 01;
    42146 : CB;
    42147 : 89;
    42148 : A3;
    42149 : BE;
    42150 : 1A;
    42151 : 02;
    42152 : 9C;
    42153 : 82;
    42154 : 14;
    42155 : 12;
    42156 : 1D;
    42157 : 24;
    42158 : A4;
    42159 : 91;
    42160 : 42;
    42161 : 9C;
    42162 : 90;
    42163 : 71;
    42164 : AA;
    42165 : 92;
    42166 : 38;
    42167 : 12;
    42168 : 99;
    42169 : 27;
    42170 : A1;
    42171 : 0A;
    42172 : 23;
    42173 : 8F;
    42174 : 88;
    42175 : 68;
    42176 : 98;
    42177 : 88;
    42178 : 0C;
    42179 : 11;
    42180 : 9C;
    42181 : 12;
    42182 : 8C;
    42183 : 8B;
    42184 : 16;
    42185 : 1B;
    42186 : 98;
    42187 : 7B;
    42188 : A2;
    42189 : 09;
    42190 : 8C;
    42191 : 10;
    42192 : 0A;
    42193 : 88;
    42194 : AA;
    42195 : 1F;
    42196 : 32;
    42197 : 1E;
    42198 : 18;
    42199 : 6B;
    42200 : 02;
    42201 : 29;
    42202 : 89;
    42203 : 32;
    42204 : 09;
    42205 : 99;
    42206 : 1B;
    42207 : 8F;
    42208 : 42;
    42209 : 0C;
    42210 : 08;
    42211 : 3D;
    42212 : 03;
    42213 : 09;
    42214 : AB;
    42215 : 52;
    42216 : 08;
    42217 : 80;
    42218 : 0A;
    42219 : 8F;
    42220 : 41;
    42221 : 0C;
    42222 : 00;
    42223 : 8D;
    42224 : 05;
    42225 : 08;
    42226 : 99;
    42227 : 31;
    42228 : 10;
    42229 : 11;
    42230 : 19;
    42231 : 8E;
    42232 : 30;
    42233 : 8B;
    42234 : 18;
    42235 : AF;
    42236 : 16;
    42237 : 88;
    42238 : B8;
    42239 : 28;
    42240 : A9;
    42241 : 01;
    42242 : 0C;
    42243 : 9B;
    42244 : 51;
    42245 : 88;
    42246 : 31;
    42247 : FC;
    42248 : 24;
    42249 : 98;
    42250 : C1;
    42251 : 39;
    42252 : 98;
    42253 : 00;
    42254 : 0C;
    42255 : A9;
    42256 : 43;
    42257 : 80;
    42258 : 33;
    42259 : FB;
    42260 : 72;
    42261 : 80;
    42262 : 90;
    42263 : 29;
    42264 : A8;
    42265 : 01;
    42266 : 0D;
    42267 : A9;
    42268 : 30;
    42269 : 8A;
    42270 : 34;
    42271 : F8;
    42272 : 71;
    42273 : 98;
    42274 : 00;
    42275 : 1A;
    42276 : 88;
    42277 : 2A;
    42278 : 8D;
    42279 : 99;
    42280 : 38;
    42281 : 80;
    42282 : 23;
    42283 : F9;
    42284 : 70;
    42285 : 88;
    42286 : 08;
    42287 : 09;
    42288 : 80;
    42289 : 38;
    42290 : C8;
    42291 : 90;
    42292 : 28;
    42293 : A6;
    42294 : 32;
    42295 : F9;
    42296 : 38;
    42297 : A1;
    42298 : 89;
    42299 : 00;
    42300 : 02;
    42301 : 1A;
    42302 : F1;
    42303 : 99;
    42304 : 99;
    42305 : 06;
    42306 : 31;
    42307 : F0;
    42308 : 39;
    42309 : 92;
    42310 : 89;
    42311 : 88;
    42312 : 80;
    42313 : AA;
    42314 : E1;
    42315 : 88;
    42316 : E8;
    42317 : 11;
    42318 : 41;
    42319 : C8;
    42320 : 6A;
    42321 : 82;
    42322 : 08;
    42323 : 20;
    42324 : 20;
    42325 : 89;
    42326 : B9;
    42327 : 8A;
    42328 : E1;
    42329 : 38;
    42330 : 73;
    42331 : A0;
    42332 : 2D;
    42333 : 84;
    42334 : 99;
    42335 : A9;
    42336 : 00;
    42337 : 99;
    42338 : C1;
    42339 : 98;
    42340 : F9;
    42341 : 89;
    42342 : 30;
    42343 : 82;
    42344 : 2D;
    42345 : 17;
    42346 : 89;
    42347 : A0;
    42348 : 31;
    42349 : 01;
    42350 : B1;
    42351 : 28;
    42352 : C2;
    42353 : 1B;
    42354 : 78;
    42355 : 91;
    42356 : 9C;
    42357 : 16;
    42358 : 89;
    42359 : C9;
    42360 : 19;
    42361 : 03;
    42362 : A3;
    42363 : 39;
    42364 : B3;
    42365 : 2C;
    42366 : 4A;
    42367 : 81;
    42368 : AF;
    42369 : 23;
    42370 : 89;
    42371 : DA;
    42372 : 0C;
    42373 : 02;
    42374 : A8;
    42375 : 0D;
    42376 : 02;
    42377 : 3C;
    42378 : 48;
    42379 : 22;
    42380 : AD;
    42381 : 32;
    42382 : 19;
    42383 : 80;
    42384 : 1F;
    42385 : 32;
    42386 : 88;
    42387 : 8F;
    42388 : 01;
    42389 : 2B;
    42390 : 18;
    42391 : 42;
    42392 : AB;
    42393 : 62;
    42394 : 19;
    42395 : 80;
    42396 : 9C;
    42397 : 30;
    42398 : 8A;
    42399 : 8E;
    42400 : 38;
    42401 : 2B;
    42402 : 11;
    42403 : 62;
    42404 : C0;
    42405 : 40;
    42406 : 18;
    42407 : 81;
    42408 : 8E;
    42409 : 10;
    42410 : 18;
    42411 : 9A;
    42412 : 0A;
    42413 : 8D;
    42414 : 90;
    42415 : 48;
    42416 : B0;
    42417 : 78;
    42418 : 08;
    42419 : 10;
    42420 : 8D;
    42421 : 18;
    42422 : 39;
    42423 : AA;
    42424 : 3A;
    42425 : 1B;
    42426 : 94;
    42427 : 4A;
    42428 : C9;
    42429 : 7B;
    42430 : 01;
    42431 : 31;
    42432 : 8D;
    42433 : 20;
    42434 : 48;
    42435 : 99;
    42436 : 2C;
    42437 : 0C;
    42438 : 12;
    42439 : 5A;
    42440 : 18;
    42441 : 5A;
    42442 : 08;
    42443 : 1A;
    42444 : AC;
    42445 : 38;
    42446 : 5A;
    42447 : 80;
    42448 : 3B;
    42449 : 1B;
    42450 : 06;
    42451 : 2B;
    42452 : AA;
    42453 : 1E;
    42454 : 08;
    42455 : 4A;
    42456 : 99;
    42457 : 68;
    42458 : 38;
    42459 : 83;
    42460 : 0A;
    42461 : AA;
    42462 : 34;
    42463 : 4B;
    42464 : 00;
    42465 : 0E;
    42466 : 10;
    42467 : 1C;
    42468 : EA;
    42469 : 1A;
    42470 : 09;
    42471 : 82;
    42472 : 1C;
    42473 : A9;
    42474 : 30;
    42475 : 1C;
    42476 : 40;
    42477 : 0C;
    42478 : 21;
    42479 : 2C;
    42480 : C2;
    42481 : 58;
    42482 : 18;
    42483 : 22;
    42484 : 0D;
    42485 : 88;
    42486 : 70;
    42487 : 88;
    42488 : 29;
    42489 : 89;
    42490 : 41;
    42491 : 48;
    42492 : B2;
    42493 : 19;
    42494 : 0C;
    42495 : 41;
    42496 : 0B;
    42497 : A1;
    42498 : 68;
    42499 : 8C;
    42500 : 19;
    42501 : 8B;
    42502 : 19;
    42503 : 3A;
    42504 : 12;
    42505 : 0F;
    42506 : AA;
    42507 : 2B;
    42508 : AF;
    42509 : 00;
    42510 : 68;
    42511 : 98;
    42512 : 29;
    42513 : 28;
    42514 : 72;
    42515 : 98;
    42516 : 29;
    42517 : 08;
    42518 : B0;
    42519 : 22;
    42520 : 0E;
    42521 : 89;
    42522 : 72;
    42523 : AA;
    42524 : 0C;
    42525 : 81;
    42526 : 01;
    42527 : 83;
    42528 : 39;
    42529 : 8E;
    42530 : 15;
    42531 : 1A;
    42532 : BA;
    42533 : 20;
    42534 : 88;
    42535 : 95;
    42536 : 1E;
    42537 : A9;
    42538 : 73;
    42539 : 91;
    42540 : 88;
    42541 : 11;
    42542 : 94;
    42543 : 48;
    42544 : 8A;
    42545 : 99;
    42546 : 78;
    42547 : 94;
    42548 : 8A;
    42549 : 80;
    42550 : 80;
    42551 : 19;
    42552 : 9B;
    42553 : DA;
    42554 : 50;
    42555 : 98;
    42556 : B8;
    42557 : 2A;
    42558 : 28;
    42559 : 58;
    42560 : 1C;
    42561 : E0;
    42562 : 4A;
    42563 : B2;
    42564 : A8;
    42565 : 1A;
    42566 : 12;
    42567 : 3E;
    42568 : 8A;
    42569 : AA;
    42570 : 59;
    42571 : 85;
    42572 : 09;
    42573 : 11;
    42574 : 49;
    42575 : 39;
    42576 : 89;
    42577 : 0B;
    42578 : 50;
    42579 : 83;
    42580 : AD;
    42581 : 1B;
    42582 : 50;
    42583 : 2A;
    42584 : 00;
    42585 : 33;
    42586 : 0F;
    42587 : 07;
    42588 : 0A;
    42589 : 8A;
    42590 : 31;
    42591 : 1B;
    42592 : C2;
    42593 : 1A;
    42594 : 1B;
    42595 : 07;
    42596 : 0A;
    42597 : 19;
    42598 : 28;
    42599 : 29;
    42600 : B3;
    42601 : B9;
    42602 : 4C;
    42603 : 27;
    42604 : 99;
    42605 : 0E;
    42606 : 11;
    42607 : A8;
    42608 : A8;
    42609 : 00;
    42610 : AD;
    42611 : 33;
    42612 : 99;
    42613 : 9C;
    42614 : 39;
    42615 : B3;
    42616 : 05;
    42617 : 8F;
    42618 : 88;
    42619 : 62;
    42620 : 99;
    42621 : 10;
    42622 : 08;
    42623 : B1;
    42624 : 42;
    42625 : 19;
    42626 : AA;
    42627 : 72;
    42628 : 01;
    42629 : BC;
    42630 : 30;
    42631 : B2;
    42632 : 08;
    42633 : 7A;
    42634 : B0;
    42635 : 61;
    42636 : 09;
    42637 : A8;
    42638 : 18;
    42639 : A0;
    42640 : 32;
    42641 : BC;
    42642 : A9;
    42643 : 73;
    42644 : A2;
    42645 : 0B;
    42646 : 82;
    42647 : 92;
    42648 : 0D;
    42649 : 93;
    42650 : DA;
    42651 : 4B;
    42652 : 85;
    42653 : B9;
    42654 : 8A;
    42655 : 05;
    42656 : 1A;
    42657 : 99;
    42658 : B3;
    42659 : 7C;
    42660 : B1;
    42661 : 82;
    42662 : 09;
    42663 : A4;
    42664 : 58;
    42665 : B8;
    42666 : A0;
    42667 : 6C;
    42668 : 93;
    42669 : B8;
    42670 : 88;
    42671 : 12;
    42672 : 9C;
    42673 : 10;
    42674 : 01;
    42675 : 8B;
    42676 : 26;
    42677 : E0;
    42678 : 00;
    42679 : 41;
    42680 : 08;
    42681 : A1;
    42682 : A1;
    42683 : 39;
    42684 : 07;
    42685 : 99;
    42686 : C8;
    42687 : 21;
    42688 : AB;
    42689 : 97;
    42690 : 88;
    42691 : 9C;
    42692 : 86;
    42693 : 88;
    42694 : A9;
    42695 : 10;
    42696 : BA;
    42697 : 80;
    42698 : 21;
    42699 : 98;
    42700 : 27;
    42701 : 80;
    42702 : 89;
    42703 : 22;
    42704 : 05;
    42705 : 04;
    42706 : 90;
    42707 : D9;
    42708 : 93;
    42709 : 9C;
    42710 : BC;
    42711 : 00;
    42712 : D0;
    42713 : 01;
    42714 : A9;
    42715 : E8;
    42716 : 33;
    42717 : 80;
    42718 : 00;
    42719 : 52;
    42720 : A5;
    42721 : 10;
    42722 : A9;
    42723 : A3;
    42724 : 74;
    42725 : 81;
    42726 : A9;
    42727 : 89;
    42728 : D0;
    42729 : 01;
    42730 : 11;
    42731 : B3;
    42732 : 36;
    42733 : 81;
    42734 : F9;
    42735 : 08;
    42736 : 81;
    42737 : 80;
    42738 : A1;
    42739 : B8;
    42740 : 3A;
    42741 : D2;
    42742 : B8;
    42743 : B1;
    42744 : 87;
    42745 : 18;
    42746 : B0;
    42747 : D8;
    42748 : 19;
    42749 : A2;
    42750 : F0;
    42751 : 80;
    42752 : 83;
    42753 : A9;
    42754 : 90;
    42755 : E8;
    42756 : 88;
    42757 : 06;
    42758 : A1;
    42759 : 01;
    42760 : 15;
    42761 : 9A;
    42762 : E2;
    42763 : 81;
    42764 : 29;
    42765 : A5;
    42766 : 81;
    42767 : 98;
    42768 : 93;
    42769 : 08;
    42770 : 94;
    42771 : B2;
    42772 : 90;
    42773 : 96;
    42774 : F2;
    42775 : 98;
    42776 : 30;
    42777 : B2;
    42778 : 13;
    42779 : 82;
    42780 : C1;
    42781 : 07;
    42782 : A0;
    42783 : 98;
    42784 : 22;
    42785 : A9;
    42786 : B3;
    42787 : A8;
    42788 : 8D;
    42789 : 96;
    42790 : B0;
    42791 : 89;
    42792 : 40;
    42793 : E3;
    42794 : 00;
    42795 : A9;
    42796 : E2;
    42797 : 30;
    42798 : B0;
    42799 : C0;
    42800 : 4A;
    42801 : C1;
    42802 : 92;
    42803 : 8A;
    42804 : C9;
    42805 : 16;
    42806 : 88;
    42807 : A8;
    42808 : 23;
    42809 : 81;
    42810 : 91;
    42811 : 94;
    42812 : 8A;
    42813 : 25;
    42814 : 85;
    42815 : 8B;
    42816 : 99;
    42817 : 97;
    42818 : 0A;
    42819 : A0;
    42820 : 86;
    42821 : 48;
    42822 : 81;
    42823 : 98;
    42824 : 1B;
    42825 : B2;
    42826 : 18;
    42827 : 9A;
    42828 : F9;
    42829 : 20;
    42830 : 80;
    42831 : BD;
    42832 : 12;
    42833 : 23;
    42834 : 18;
    42835 : A4;
    42836 : 99;
    42837 : 2B;
    42838 : 27;
    42839 : 88;
    42840 : BA;
    42841 : 17;
    42842 : 0B;
    42843 : E9;
    42844 : 91;
    42845 : 1C;
    42846 : 93;
    42847 : A0;
    42848 : 89;
    42849 : B3;
    42850 : B9;
    42851 : 14;
    42852 : B1;
    42853 : 70;
    42854 : 26;
    42855 : FA;
    42856 : 80;
    42857 : 30;
    42858 : 90;
    42859 : C3;
    42860 : B8;
    42861 : 13;
    42862 : E1;
    42863 : 0A;
    42864 : 18;
    42865 : 27;
    42866 : 20;
    42867 : A2;
    42868 : A9;
    42869 : 8C;
    42870 : B2;
    42871 : D9;
    42872 : 8A;
    42873 : 08;
    42874 : 05;
    42875 : 21;
    42876 : 01;
    42877 : 11;
    42878 : E9;
    42879 : 40;
    42880 : 89;
    42881 : 08;
    42882 : 8E;
    42883 : A4;
    42884 : 88;
    42885 : 21;
    42886 : B2;
    42887 : BA;
    42888 : A0;
    42889 : 9E;
    42890 : 15;
    42891 : 11;
    42892 : A8;
    42893 : B0;
    42894 : 17;
    42895 : 85;
    42896 : 90;
    42897 : 89;
    42898 : 0A;
    42899 : BA;
    42900 : AE;
    42901 : 82;
    42902 : A4;
    42903 : 28;
    42904 : C5;
    42905 : 08;
    42906 : 31;
    42907 : 22;
    42908 : C9;
    42909 : B2;
    42910 : B2;
    42911 : F4;
    42912 : 28;
    42913 : BA;
    42914 : 03;
    42915 : 71;
    42916 : B0;
    42917 : 12;
    42918 : 80;
    42919 : B5;
    42920 : A9;
    42921 : 01;
    42922 : 16;
    42923 : 99;
    42924 : 0A;
    42925 : 10;
    42926 : F8;
    42927 : 28;
    42928 : 94;
    42929 : 90;
    42930 : 9D;
    42931 : 01;
    42932 : 88;
    42933 : 99;
    42934 : 70;
    42935 : 91;
    42936 : A1;
    42937 : 09;
    42938 : B2;
    42939 : 1A;
    42940 : 8E;
    42941 : 31;
    42942 : 0B;
    42943 : 11;
    42944 : 29;
    42945 : F8;
    42946 : 22;
    42947 : 9A;
    42948 : 06;
    42949 : 3B;
    42950 : C9;
    42951 : 49;
    42952 : 20;
    42953 : A4;
    42954 : 08;
    42955 : 07;
    42956 : 90;
    42957 : 9D;
    42958 : 49;
    42959 : 00;
    42960 : A8;
    42961 : 1A;
    42962 : 87;
    42963 : 90;
    42964 : 89;
    42965 : 11;
    42966 : 0A;
    42967 : 8A;
    42968 : 25;
    42969 : B8;
    42970 : 88;
    42971 : 89;
    42972 : 87;
    42973 : 19;
    42974 : B8;
    42975 : 60;
    42976 : 89;
    42977 : A1;
    42978 : 1E;
    42979 : A2;
    42980 : 12;
    42981 : 9A;
    42982 : 02;
    42983 : 72;
    42984 : C8;
    42985 : 2C;
    42986 : 30;
    42987 : C0;
    42988 : 9B;
    42989 : 04;
    42990 : 88;
    42991 : AB;
    42992 : 70;
    42993 : 09;
    42994 : 8A;
    42995 : 50;
    42996 : 02;
    42997 : 99;
    42998 : 99;
    42999 : 52;
    43000 : 09;
    43001 : 98;
    43002 : 7B;
    43003 : 98;
    43004 : 08;
    43005 : 0B;
    43006 : 92;
    43007 : 50;
    43008 : 89;
    43009 : 68;
    43010 : 18;
    43011 : 80;
    43012 : 1D;
    43013 : 84;
    43014 : 88;
    43015 : 9C;
    43016 : 33;
    43017 : 1B;
    43018 : CA;
    43019 : 4A;
    43020 : 18;
    43021 : AA;
    43022 : 29;
    43023 : 27;
    43024 : 00;
    43025 : DA;
    43026 : 49;
    43027 : 88;
    43028 : 99;
    43029 : 3B;
    43030 : B2;
    43031 : 39;
    43032 : BC;
    43033 : 06;
    43034 : 0B;
    43035 : B1;
    43036 : 7A;
    43037 : 03;
    43038 : 09;
    43039 : 8F;
    43040 : 02;
    43041 : 00;
    43042 : AA;
    43043 : 72;
    43044 : 88;
    43045 : 80;
    43046 : 1B;
    43047 : 91;
    43048 : 39;
    43049 : 0A;
    43050 : 25;
    43051 : 0C;
    43052 : 98;
    43053 : 4C;
    43054 : 08;
    43055 : 20;
    43056 : 89;
    43057 : 05;
    43058 : 19;
    43059 : AA;
    43060 : 6C;
    43061 : 18;
    43062 : 18;
    43063 : 1E;
    43064 : 83;
    43065 : 89;
    43066 : AE;
    43067 : 32;
    43068 : 19;
    43069 : 98;
    43070 : 6C;
    43071 : 88;
    43072 : 19;
    43073 : 9A;
    43074 : 13;
    43075 : 0D;
    43076 : 89;
    43077 : 78;
    43078 : 99;
    43079 : 08;
    43080 : 2B;
    43081 : 13;
    43082 : 2A;
    43083 : 0D;
    43084 : 22;
    43085 : 2B;
    43086 : 21;
    43087 : 2F;
    43088 : 00;
    43089 : 28;
    43090 : 9D;
    43091 : 13;
    43092 : 2B;
    43093 : BA;
    43094 : 7A;
    43095 : 00;
    43096 : 08;
    43097 : 1E;
    43098 : 01;
    43099 : 1A;
    43100 : A9;
    43101 : 72;
    43102 : 8A;
    43103 : 00;
    43104 : 5C;
    43105 : 81;
    43106 : 08;
    43107 : 8C;
    43108 : 22;
    43109 : 0A;
    43110 : B8;
    43111 : 69;
    43112 : 19;
    43113 : 30;
    43114 : 1F;
    43115 : 02;
    43116 : 1A;
    43117 : 8B;
    43118 : 16;
    43119 : 1B;
    43120 : A9;
    43121 : 5A;
    43122 : 88;
    43123 : 0A;
    43124 : 0A;
    43125 : 01;
    43126 : 1C;
    43127 : D1;
    43128 : 6B;
    43129 : 1A;
    43130 : 11;
    43131 : 2E;
    43132 : 01;
    43133 : 08;
    43134 : AB;
    43135 : 11;
    43136 : 1A;
    43137 : 98;
    43138 : 4C;
    43139 : 80;
    43140 : 68;
    43141 : AA;
    43142 : 06;
    43143 : 29;
    43144 : B8;
    43145 : 71;
    43146 : 88;
    43147 : A0;
    43148 : 3B;
    43149 : 13;
    43150 : 98;
    43151 : B9;
    43152 : 06;
    43153 : 1A;
    43154 : B1;
    43155 : 59;
    43156 : 88;
    43157 : 80;
    43158 : 1B;
    43159 : 05;
    43160 : AA;
    43161 : C1;
    43162 : 78;
    43163 : 98;
    43164 : 28;
    43165 : 1E;
    43166 : 90;
    43167 : 2A;
    43168 : B9;
    43169 : 12;
    43170 : 2C;
    43171 : A8;
    43172 : 7B;
    43173 : 00;
    43174 : 10;
    43175 : 9D;
    43176 : 21;
    43177 : 18;
    43178 : D2;
    43179 : 5A;
    43180 : 09;
    43181 : 11;
    43182 : 1F;
    43183 : 82;
    43184 : 08;
    43185 : 8B;
    43186 : 24;
    43187 : 0A;
    43188 : AB;
    43189 : 79;
    43190 : 10;
    43191 : 89;
    43192 : 88;
    43193 : 11;
    43194 : 9B;
    43195 : 11;
    43196 : 68;
    43197 : EA;
    43198 : 40;
    43199 : 09;
    43200 : B2;
    43201 : 79;
    43202 : 88;
    43203 : 00;
    43204 : 3A;
    43205 : 91;
    43206 : 8C;
    43207 : 28;
    43208 : 20;
    43209 : FB;
    43210 : 51;
    43211 : 98;
    43212 : C1;
    43213 : 5A;
    43214 : 80;
    43215 : 88;
    43216 : 1E;
    43217 : 01;
    43218 : 88;
    43219 : 9A;
    43220 : 04;
    43221 : A8;
    43222 : 09;
    43223 : 32;
    43224 : B1;
    43225 : 1F;
    43226 : 01;
    43227 : 83;
    43228 : 0F;
    43229 : 91;
    43230 : 38;
    43231 : 0B;
    43232 : 42;
    43233 : 0C;
    43234 : 0B;
    43235 : 33;
    43236 : B9;
    43237 : 29;
    43238 : 90;
    43239 : 90;
    43240 : BF;
    43241 : 25;
    43242 : 22;
    43243 : DB;
    43244 : 54;
    43245 : 19;
    43246 : A0;
    43247 : 58;
    43248 : 88;
    43249 : 0C;
    43250 : 19;
    43251 : 02;
    43252 : AC;
    43253 : 8A;
    43254 : 24;
    43255 : 8C;
    43256 : 00;
    43257 : 38;
    43258 : 8E;
    43259 : 38;
    43260 : 08;
    43261 : 0A;
    43262 : 1B;
    43263 : 87;
    43264 : 4B;
    43265 : 0A;
    43266 : 14;
    43267 : 0E;
    43268 : A0;
    43269 : 83;
    43270 : 9C;
    43271 : 10;
    43272 : 33;
    43273 : AC;
    43274 : 0D;
    43275 : 95;
    43276 : 49;
    43277 : AC;
    43278 : 24;
    43279 : 1B;
    43280 : C2;
    43281 : 10;
    43282 : 21;
    43283 : 4A;
    43284 : 99;
    43285 : 60;
    43286 : B8;
    43287 : A5;
    43288 : 1A;
    43289 : 10;
    43290 : 10;
    43291 : 1A;
    43292 : 8A;
    43293 : A7;
    43294 : 28;
    43295 : 8C;
    43296 : 22;
    43297 : 09;
    43298 : AA;
    43299 : B1;
    43300 : 36;
    43301 : 1F;
    43302 : B8;
    43303 : 58;
    43304 : 98;
    43305 : A2;
    43306 : 0A;
    43307 : 40;
    43308 : 8A;
    43309 : B3;
    43310 : 4E;
    43311 : C1;
    43312 : 13;
    43313 : 0C;
    43314 : 80;
    43315 : 00;
    43316 : 98;
    43317 : 9C;
    43318 : 04;
    43319 : 39;
    43320 : BC;
    43321 : 02;
    43322 : 22;
    43323 : B0;
    43324 : F1;
    43325 : 60;
    43326 : 0A;
    43327 : B1;
    43328 : 09;
    43329 : 83;
    43330 : A2;
    43331 : BA;
    43332 : 7C;
    43333 : A3;
    43334 : A2;
    43335 : 1D;
    43336 : 85;
    43337 : 10;
    43338 : 8C;
    43339 : 10;
    43340 : A4;
    43341 : 00;
    43342 : AB;
    43343 : 06;
    43344 : 4A;
    43345 : C8;
    43346 : 00;
    43347 : 11;
    43348 : 90;
    43349 : B9;
    43350 : 78;
    43351 : 00;
    43352 : C1;
    43353 : 19;
    43354 : 21;
    43355 : A8;
    43356 : 8A;
    43357 : 4D;
    43358 : C2;
    43359 : 28;
    43360 : 9B;
    43361 : 13;
    43362 : 09;
    43363 : 88;
    43364 : BC;
    43365 : 07;
    43366 : 39;
    43367 : FA;
    43368 : 30;
    43369 : 08;
    43370 : D1;
    43371 : 98;
    43372 : 14;
    43373 : 88;
    43374 : B0;
    43375 : 48;
    43376 : B1;
    43377 : A4;
    43378 : 88;
    43379 : 02;
    43380 : 92;
    43381 : 92;
    43382 : AD;
    43383 : 87;
    43384 : 81;
    43385 : A9;
    43386 : 39;
    43387 : 94;
    43388 : 98;
    43389 : FB;
    43390 : 05;
    43391 : 08;
    43392 : B8;
    43393 : 28;
    43394 : 94;
    43395 : 98;
    43396 : E0;
    43397 : 42;
    43398 : A9;
    43399 : B2;
    43400 : 2A;
    43401 : A5;
    43402 : 91;
    43403 : B9;
    43404 : 40;
    43405 : B3;
    43406 : A3;
    43407 : 9D;
    43408 : 07;
    43409 : 00;
    43410 : 9A;
    43411 : 00;
    43412 : 85;
    43413 : 89;
    43414 : D8;
    43415 : 23;
    43416 : 98;
    43417 : B0;
    43418 : 08;
    43419 : 05;
    43420 : B9;
    43421 : C3;
    43422 : 7B;
    43423 : B1;
    43424 : 82;
    43425 : 9B;
    43426 : 05;
    43427 : 89;
    43428 : 08;
    43429 : 1B;
    43430 : A7;
    43431 : 19;
    43432 : D0;
    43433 : 22;
    43434 : 0A;
    43435 : A1;
    43436 : 09;
    43437 : 85;
    43438 : 91;
    43439 : D0;
    43440 : 38;
    43441 : A2;
    43442 : A3;
    43443 : AC;
    43444 : 14;
    43445 : 80;
    43446 : A9;
    43447 : 1C;
    43448 : 07;
    43449 : 80;
    43450 : D1;
    43451 : 31;
    43452 : A0;
    43453 : 18;
    43454 : 8E;
    43455 : 87;
    43456 : 88;
    43457 : A0;
    43458 : 29;
    43459 : 81;
    43460 : 00;
    43461 : FB;
    43462 : 31;
    43463 : 9A;
    43464 : C0;
    43465 : 4B;
    43466 : 83;
    43467 : 91;
    43468 : 09;
    43469 : 72;
    43470 : A0;
    43471 : 0A;
    43472 : 0B;
    43473 : 87;
    43474 : 09;
    43475 : 81;
    43476 : 20;
    43477 : 98;
    43478 : 9D;
    43479 : B8;
    43480 : 72;
    43481 : 88;
    43482 : 83;
    43483 : 3A;
    43484 : A5;
    43485 : 9A;
    43486 : BA;
    43487 : 73;
    43488 : 91;
    43489 : 80;
    43490 : 8A;
    43491 : B4;
    43492 : 8C;
    43493 : 81;
    43494 : 58;
    43495 : B8;
    43496 : 22;
    43497 : B9;
    43498 : D2;
    43499 : 20;
    43500 : 01;
    43501 : 8A;
    43502 : 07;
    43503 : 08;
    43504 : FA;
    43505 : 30;
    43506 : 08;
    43507 : A8;
    43508 : 88;
    43509 : 24;
    43510 : E8;
    43511 : 81;
    43512 : 5B;
    43513 : A1;
    43514 : 30;
    43515 : B9;
    43516 : 93;
    43517 : 18;
    43518 : 01;
    43519 : AF;
    43520 : 06;
    43521 : 18;
    43522 : D9;
    43523 : 40;
    43524 : 88;
    43525 : B8;
    43526 : 0A;
    43527 : 05;
    43528 : 99;
    43529 : 88;
    43530 : 78;
    43531 : 90;
    43532 : 88;
    43533 : 80;
    43534 : 12;
    43535 : 9A;
    43536 : 10;
    43537 : 2F;
    43538 : 82;
    43539 : 00;
    43540 : B9;
    43541 : 50;
    43542 : 82;
    43543 : 1C;
    43544 : AA;
    43545 : 27;
    43546 : 8B;
    43547 : 90;
    43548 : 79;
    43549 : A8;
    43550 : 88;
    43551 : 91;
    43552 : 01;
    43553 : BB;
    43554 : 22;
    43555 : 1D;
    43556 : B1;
    43557 : 40;
    43558 : C2;
    43559 : 21;
    43560 : 0A;
    43561 : 03;
    43562 : AD;
    43563 : 06;
    43564 : 01;
    43565 : A8;
    43566 : 2C;
    43567 : A0;
    43568 : 89;
    43569 : E8;
    43570 : 33;
    43571 : 28;
    43572 : 10;
    43573 : 9F;
    43574 : 02;
    43575 : 00;
    43576 : C5;
    43577 : 69;
    43578 : 08;
    43579 : 80;
    43580 : BB;
    43581 : 13;
    43582 : 88;
    43583 : C0;
    43584 : 7C;
    43585 : 00;
    43586 : 88;
    43587 : 9A;
    43588 : 42;
    43589 : 09;
    43590 : 09;
    43591 : 3B;
    43592 : A4;
    43593 : 9B;
    43594 : AB;
    43595 : 32;
    43596 : 4A;
    43597 : 2F;
    43598 : 90;
    43599 : 42;
    43600 : AB;
    43601 : 92;
    43602 : 6E;
    43603 : 00;
    43604 : 88;
    43605 : 80;
    43606 : 41;
    43607 : C9;
    43608 : 39;
    43609 : 2C;
    43610 : B3;
    43611 : 2C;
    43612 : A2;
    43613 : 9A;
    43614 : 8D;
    43615 : 69;
    43616 : 90;
    43617 : 83;
    43618 : 30;
    43619 : 82;
    43620 : 2F;
    43621 : 10;
    43622 : 00;
    43623 : 98;
    43624 : 3B;
    43625 : CB;
    43626 : 2B;
    43627 : 8F;
    43628 : 80;
    43629 : 88;
    43630 : 00;
    43631 : 79;
    43632 : 80;
    43633 : 4A;
    43634 : B9;
    43635 : 13;
    43636 : 51;
    43637 : B8;
    43638 : 0F;
    43639 : 21;
    43640 : 18;
    43641 : A8;
    43642 : 54;
    43643 : 80;
    43644 : 88;
    43645 : 2B;
    43646 : 94;
    43647 : CA;
    43648 : CA;
    43649 : 0A;
    43650 : BC;
    43651 : 10;
    43652 : 91;
    43653 : 04;
    43654 : 23;
    43655 : 84;
    43656 : 0D;
    43657 : 03;
    43658 : 02;
    43659 : B1;
    43660 : 27;
    43661 : C2;
    43662 : 9B;
    43663 : 09;
    43664 : 86;
    43665 : B9;
    43666 : 84;
    43667 : 21;
    43668 : BA;
    43669 : 41;
    43670 : 92;
    43671 : 13;
    43672 : 01;
    43673 : 07;
    43674 : 8D;
    43675 : 99;
    43676 : 08;
    43677 : C8;
    43678 : 30;
    43679 : 01;
    43680 : 29;
    43681 : 0B;
    43682 : A3;
    43683 : 0F;
    43684 : 82;
    43685 : 4A;
    43686 : 0B;
    43687 : 3A;
    43688 : FB;
    43689 : 9C;
    43690 : 0A;
    43691 : 30;
    43692 : 0F;
    43693 : 18;
    43694 : 29;
    43695 : BB;
    43696 : 7A;
    43697 : 10;
    43698 : 39;
    43699 : 1D;
    43700 : 22;
    43701 : 3A;
    43702 : 80;
    43703 : 79;
    43704 : 11;
    43705 : 38;
    43706 : 8A;
    43707 : 41;
    43708 : 0B;
    43709 : 18;
    43710 : 0F;
    43711 : 89;
    43712 : 09;
    43713 : 9D;
    43714 : 39;
    43715 : 21;
    43716 : 69;
    43717 : 3A;
    43718 : 20;
    43719 : 8A;
    43720 : 0B;
    43721 : 3D;
    43722 : 88;
    43723 : 2F;
    43724 : 00;
    43725 : 21;
    43726 : 8C;
    43727 : 38;
    43728 : 3C;
    43729 : 21;
    43730 : 3B;
    43731 : D1;
    43732 : 59;
    43733 : 0A;
    43734 : 29;
    43735 : 1E;
    43736 : 18;
    43737 : 1A;
    43738 : 80;
    43739 : 2D;
    43740 : 9A;
    43741 : 6B;
    43742 : 09;
    43743 : 08;
    43744 : 2A;
    43745 : 40;
    43746 : 2A;
    43747 : 51;
    43748 : 30;
    43749 : C1;
    43750 : 1C;
    43751 : 09;
    43752 : 0C;
    43753 : 9D;
    43754 : 10;
    43755 : 89;
    43756 : 92;
    43757 : 4C;
    43758 : 80;
    43759 : 19;
    43760 : 81;
    43761 : 71;
    43762 : 91;
    43763 : 34;
    43764 : 8E;
    43765 : 81;
    43766 : 30;
    43767 : B8;
    43768 : 19;
    43769 : 50;
    43770 : 0A;
    43771 : CC;
    43772 : 32;
    43773 : 08;
    43774 : B2;
    43775 : 7B;
    43776 : 82;
    43777 : CA;
    43778 : 0A;
    43779 : 02;
    43780 : D9;
    43781 : 39;
    43782 : 98;
    43783 : B0;
    43784 : 1E;
    43785 : 94;
    43786 : 09;
    43787 : 88;
    43788 : 44;
    43789 : B9;
    43790 : 01;
    43791 : 05;
    43792 : 82;
    43793 : 4A;
    43794 : 06;
    43795 : 8A;
    43796 : E8;
    43797 : 12;
    43798 : AA;
    43799 : 88;
    43800 : 48;
    43801 : B0;
    43802 : A9;
    43803 : 84;
    43804 : 89;
    43805 : 99;
    43806 : 73;
    43807 : C2;
    43808 : 90;
    43809 : 40;
    43810 : A2;
    43811 : 8C;
    43812 : 40;
    43813 : 91;
    43814 : EA;
    43815 : 2A;
    43816 : 81;
    43817 : 19;
    43818 : 1C;
    43819 : 17;
    43820 : 09;
    43821 : 98;
    43822 : 12;
    43823 : 08;
    43824 : 19;
    43825 : B3;
    43826 : 1A;
    43827 : CD;
    43828 : 83;
    43829 : 8F;
    43830 : 90;
    43831 : 24;
    43832 : A9;
    43833 : 18;
    43834 : 53;
    43835 : 0A;
    43836 : 8C;
    43837 : 44;
    43838 : 89;
    43839 : B8;
    43840 : 68;
    43841 : 99;
    43842 : 9A;
    43843 : 29;
    43844 : 01;
    43845 : C8;
    43846 : 68;
    43847 : 89;
    43848 : 90;
    43849 : 5A;
    43850 : B3;
    43851 : 18;
    43852 : 39;
    43853 : 85;
    43854 : AB;
    43855 : 38;
    43856 : A7;
    43857 : 98;
    43858 : 2B;
    43859 : A6;
    43860 : 0A;
    43861 : 9A;
    43862 : 07;
    43863 : 08;
    43864 : 08;
    43865 : 84;
    43866 : 09;
    43867 : AA;
    43868 : 87;
    43869 : 0A;
    43870 : 99;
    43871 : 14;
    43872 : 8C;
    43873 : 9A;
    43874 : 14;
    43875 : 0A;
    43876 : 9C;
    43877 : 24;
    43878 : 09;
    43879 : DA;
    43880 : 42;
    43881 : 08;
    43882 : 90;
    43883 : 50;
    43884 : 18;
    43885 : 9A;
    43886 : 10;
    43887 : 8A;
    43888 : A8;
    43889 : 78;
    43890 : AA;
    43891 : 80;
    43892 : 58;
    43893 : B8;
    43894 : 2B;
    43895 : 70;
    43896 : 81;
    43897 : AB;
    43898 : 58;
    43899 : 91;
    43900 : 89;
    43901 : 4C;
    43902 : 02;
    43903 : 8A;
    43904 : 0A;
    43905 : 01;
    43906 : 00;
    43907 : 6C;
    43908 : 80;
    43909 : 11;
    43910 : 1B;
    43911 : 95;
    43912 : 29;
    43913 : 39;
    43914 : 80;
    43915 : DA;
    43916 : 1A;
    43917 : D0;
    43918 : 10;
    43919 : 2D;
    43920 : 91;
    43921 : 89;
    43922 : BA;
    43923 : 8B;
    43924 : 03;
    43925 : 79;
    43926 : B8;
    43927 : 25;
    43928 : 28;
    43929 : B0;
    43930 : 5B;
    43931 : 60;
    43932 : 08;
    43933 : A1;
    43934 : 39;
    43935 : B8;
    43936 : 11;
    43937 : 8F;
    43938 : 88;
    43939 : 11;
    43940 : 9A;
    43941 : AF;
    43942 : 12;
    43943 : 6A;
    43944 : AB;
    43945 : 30;
    43946 : 42;
    43947 : B0;
    43948 : 1E;
    43949 : 42;
    43950 : 89;
    43951 : 99;
    43952 : 61;
    43953 : 80;
    43954 : 1B;
    43955 : 4B;
    43956 : 20;
    43957 : 0A;
    43958 : 11;
    43959 : 3A;
    43960 : 2B;
    43961 : 5C;
    43962 : 9D;
    43963 : 0B;
    43964 : 21;
    43965 : 88;
    43966 : 9F;
    43967 : 50;
    43968 : 89;
    43969 : BA;
    43970 : 40;
    43971 : 02;
    43972 : 2A;
    43973 : 4C;
    43974 : 40;
    43975 : 0A;
    43976 : 00;
    43977 : 30;
    43978 : 7F;
    43979 : 19;
    43980 : DA;
    43981 : 10;
    43982 : 28;
    43983 : 02;
    43984 : B8;
    43985 : DB;
    43986 : 62;
    43987 : CA;
    43988 : 0A;
    43989 : 10;
    43990 : 24;
    43991 : 39;
    43992 : 81;
    43993 : 09;
    43994 : 9A;
    43995 : A9;
    43996 : 1C;
    43997 : 1C;
    43998 : CB;
    43999 : 74;
    44000 : 11;
    44001 : 81;
    44002 : 28;
    44003 : F9;
    44004 : 3A;
    44005 : 08;
    44006 : 88;
    44007 : 9C;
    44008 : 05;
    44009 : 99;
    44010 : 41;
    44011 : 01;
    44012 : AA;
    44013 : A8;
    44014 : 9B;
    44015 : 35;
    44016 : CA;
    44017 : 01;
    44018 : 01;
    44019 : 98;
    44020 : 42;
    44021 : 46;
    44022 : C9;
    44023 : 88;
    44024 : 81;
    44025 : CD;
    44026 : 30;
    44027 : 99;
    44028 : 11;
    44029 : A3;
    44030 : 84;
    44031 : 43;
    44032 : B1;
    44033 : A5;
    44034 : A0;
    44035 : FA;
    44036 : 80;
    44037 : 18;
    44038 : 08;
    44039 : A0;
    44040 : 24;
    44041 : F9;
    44042 : 20;
    44043 : A2;
    44044 : A0;
    44045 : B0;
    44046 : A8;
    44047 : 20;
    44048 : 06;
    44049 : 8A;
    44050 : 79;
    44051 : A5;
    44052 : 18;
    44053 : A0;
    44054 : 90;
    44055 : B0;
    44056 : D9;
    44057 : 91;
    44058 : 42;
    44059 : 92;
    44060 : 90;
    44061 : 92;
    44062 : 6B;
    44063 : D3;
    44064 : 38;
    44065 : 9C;
    44066 : 93;
    44067 : 80;
    44068 : 21;
    44069 : 42;
    44070 : AF;
    44071 : 11;
    44072 : 5A;
    44073 : 90;
    44074 : 8F;
    44075 : 83;
    44076 : 09;
    44077 : 90;
    44078 : 30;
    44079 : 01;
    44080 : 92;
    44081 : 1D;
    44082 : BB;
    44083 : 39;
    44084 : 0B;
    44085 : 81;
    44086 : 1C;
    44087 : 27;
    44088 : 1A;
    44089 : 92;
    44090 : 2D;
    44091 : 01;
    44092 : A9;
    44093 : 79;
    44094 : 90;
    44095 : 09;
    44096 : 1E;
    44097 : 82;
    44098 : 00;
    44099 : 14;
    44100 : 19;
    44101 : B1;
    44102 : 1A;
    44103 : 99;
    44104 : B5;
    44105 : 1F;
    44106 : B1;
    44107 : 38;
    44108 : 8B;
    44109 : 97;
    44110 : 9C;
    44111 : 43;
    44112 : 88;
    44113 : B1;
    44114 : 2A;
    44115 : 01;
    44116 : 22;
    44117 : AF;
    44118 : 81;
    44119 : 39;
    44120 : 81;
    44121 : 34;
    44122 : 9D;
    44123 : 31;
    44124 : 8B;
    44125 : 10;
    44126 : 4A;
    44127 : 34;
    44128 : 19;
    44129 : 9F;
    44130 : 89;
    44131 : 89;
    44132 : AB;
    44133 : 64;
    44134 : 98;
    44135 : 30;
    44136 : 0B;
    44137 : A0;
    44138 : 0C;
    44139 : 38;
    44140 : 62;
    44141 : 8D;
    44142 : 89;
    44143 : 10;
    44144 : C8;
    44145 : 48;
    44146 : C2;
    44147 : 63;
    44148 : 80;
    44149 : 81;
    44150 : 9C;
    44151 : 19;
    44152 : 13;
    44153 : BC;
    44154 : 98;
    44155 : 83;
    44156 : C3;
    44157 : 19;
    44158 : 87;
    44159 : 39;
    44160 : C1;
    44161 : 33;
    44162 : CA;
    44163 : 09;
    44164 : 08;
    44165 : D1;
    44166 : A1;
    44167 : 82;
    44168 : C5;
    44169 : 80;
    44170 : 81;
    44171 : 0A;
    44172 : C1;
    44173 : 41;
    44174 : B1;
    44175 : 91;
    44176 : 53;
    44177 : F2;
    44178 : B9;
    44179 : 01;
    44180 : A5;
    44181 : 90;
    44182 : 90;
    44183 : 41;
    44184 : C3;
    44185 : 18;
    44186 : D1;
    44187 : 81;
    44188 : 32;
    44189 : D4;
    44190 : 9A;
    44191 : 88;
    44192 : 94;
    44193 : 8A;
    44194 : 13;
    44195 : 59;
    44196 : B2;
    44197 : 38;
    44198 : F2;
    44199 : 89;
    44200 : 88;
    44201 : 93;
    44202 : AA;
    44203 : A2;
    44204 : 34;
    44205 : C8;
    44206 : 22;
    44207 : 1C;
    44208 : 85;
    44209 : 90;
    44210 : F2;
    44211 : 88;
    44212 : 81;
    44213 : 94;
    44214 : B9;
    44215 : 91;
    44216 : 16;
    44217 : 99;
    44218 : 90;
    44219 : 8B;
    44220 : 17;
    44221 : 01;
    44222 : E2;
    44223 : 00;
    44224 : 90;
    44225 : A4;
    44226 : B9;
    44227 : B8;
    44228 : 33;
    44229 : C0;
    44230 : 92;
    44231 : B0;
    44232 : 07;
    44233 : 9A;
    44234 : 97;
    44235 : 80;
    44236 : B8;
    44237 : 04;
    44238 : 98;
    44239 : B9;
    44240 : 41;
    44241 : A0;
    44242 : 01;
    44243 : E2;
    44244 : 15;
    44245 : B8;
    44246 : A3;
    44247 : 99;
    44248 : 82;
    44249 : 35;
    44250 : D9;
    44251 : 8A;
    44252 : 31;
    44253 : C0;
    44254 : 99;
    44255 : B0;
    44256 : 36;
    44257 : B9;
    44258 : 83;
    44259 : 0A;
    44260 : C8;
    44261 : 34;
    44262 : A0;
    44263 : C9;
    44264 : 3E;
    44265 : A3;
    44266 : 80;
    44267 : E1;
    44268 : 53;
    44269 : B8;
    44270 : 12;
    44271 : 89;
    44272 : D9;
    44273 : 38;
    44274 : 01;
    44275 : C9;
    44276 : 2B;
    44277 : 87;
    44278 : 88;
    44279 : C0;
    44280 : 51;
    44281 : B0;
    44282 : 01;
    44283 : 8A;
    44284 : A0;
    44285 : 48;
    44286 : B1;
    44287 : AA;
    44288 : 20;
    44289 : 37;
    44290 : B8;
    44291 : C8;
    44292 : 78;
    44293 : A2;
    44294 : 08;
    44295 : 19;
    44296 : A1;
    44297 : 38;
    44298 : A1;
    44299 : EA;
    44300 : 8B;
    44301 : 05;
    44302 : 98;
    44303 : A1;
    44304 : 6C;
    44305 : A1;
    44306 : 48;
    44307 : 98;
    44308 : A1;
    44309 : 3B;
    44310 : 14;
    44311 : E8;
    44312 : 99;
    44313 : 23;
    44314 : 88;
    44315 : 88;
    44316 : 3F;
    44317 : 96;
    44318 : 19;
    44319 : 99;
    44320 : 81;
    44321 : 18;
    44322 : A1;
    44323 : C9;
    44324 : 88;
    44325 : 44;
    44326 : B0;
    44327 : 09;
    44328 : 2F;
    44329 : 86;
    44330 : 09;
    44331 : 98;
    44332 : 91;
    44333 : 2B;
    44334 : 80;
    44335 : B2;
    44336 : AB;
    44337 : 52;
    44338 : 02;
    44339 : 18;
    44340 : 9F;
    44341 : 86;
    44342 : 29;
    44343 : A0;
    44344 : 01;
    44345 : 1C;
    44346 : 92;
    44347 : C2;
    44348 : 0A;
    44349 : 20;
    44350 : 12;
    44351 : 5A;
    44352 : BE;
    44353 : 17;
    44354 : 0A;
    44355 : A0;
    44356 : 01;
    44357 : 28;
    44358 : C1;
    44359 : A0;
    44360 : 99;
    44361 : 20;
    44362 : 95;
    44363 : 9A;
    44364 : EC;
    44365 : 33;
    44366 : 90;
    44367 : B5;
    44368 : 38;
    44369 : 29;
    44370 : 83;
    44371 : 82;
    44372 : D9;
    44373 : 29;
    44374 : 2D;
    44375 : 23;
    44376 : FD;
    44377 : 88;
    44378 : 00;
    44379 : 04;
    44380 : B9;
    44381 : 91;
    44382 : 0A;
    44383 : 0D;
    44384 : 87;
    44385 : 18;
    44386 : 12;
    44387 : 21;
    44388 : B9;
    44389 : 44;
    44390 : B8;
    44391 : 9A;
    44392 : AC;
    44393 : C2;
    44394 : 08;
    44395 : 9F;
    44396 : 01;
    44397 : 22;
    44398 : AA;
    44399 : 88;
    44400 : 92;
    44401 : 03;
    44402 : 87;
    44403 : 1A;
    44404 : BB;
    44405 : 47;
    44406 : 9A;
    44407 : 80;
    44408 : 24;
    44409 : 98;
    44410 : 81;
    44411 : 2A;
    44412 : E0;
    44413 : 68;
    44414 : 01;
    44415 : 80;
    44416 : 01;
    44417 : 82;
    44418 : 3A;
    44419 : CD;
    44420 : 90;
    44421 : 48;
    44422 : D2;
    44423 : 8A;
    44424 : 92;
    44425 : 02;
    44426 : 09;
    44427 : BE;
    44428 : C9;
    44429 : 50;
    44430 : 90;
    44431 : C8;
    44432 : 1A;
    44433 : 12;
    44434 : 02;
    44435 : 88;
    44436 : E3;
    44437 : 2B;
    44438 : 95;
    44439 : 90;
    44440 : 99;
    44441 : 20;
    44442 : 7A;
    44443 : 91;
    44444 : 98;
    44445 : 29;
    44446 : 96;
    44447 : 00;
    44448 : 22;
    44449 : 80;
    44450 : 29;
    44451 : 03;
    44452 : F8;
    44453 : 8B;
    44454 : 05;
    44455 : DA;
    44456 : 0A;
    44457 : 20;
    44458 : 9A;
    44459 : 94;
    44460 : 22;
    44461 : 8C;
    44462 : 07;
    44463 : 09;
    44464 : 99;
    44465 : 21;
    44466 : 99;
    44467 : C4;
    44468 : 09;
    44469 : 89;
    44470 : 17;
    44471 : 0A;
    44472 : 19;
    44473 : 09;
    44474 : 90;
    44475 : 15;
    44476 : 00;
    44477 : 98;
    44478 : 37;
    44479 : 88;
    44480 : 9C;
    44481 : 10;
    44482 : AA;
    44483 : A1;
    44484 : 52;
    44485 : CA;
    44486 : 34;
    44487 : 9B;
    44488 : 9C;
    44489 : 30;
    44490 : A1;
    44491 : 22;
    44492 : AF;
    44493 : 99;
    44494 : 71;
    44495 : B0;
    44496 : 08;
    44497 : 28;
    44498 : B1;
    44499 : 40;
    44500 : 2B;
    44501 : B9;
    44502 : 79;
    44503 : 10;
    44504 : CA;
    44505 : 10;
    44506 : 02;
    44507 : 0A;
    44508 : 6A;
    44509 : 89;
    44510 : 78;
    44511 : 01;
    44512 : 08;
    44513 : 09;
    44514 : B2;
    44515 : 7B;
    44516 : AA;
    44517 : A0;
    44518 : 7A;
    44519 : 92;
    44520 : 99;
    44521 : 20;
    44522 : 01;
    44523 : 0A;
    44524 : 19;
    44525 : CA;
    44526 : 49;
    44527 : 23;
    44528 : FC;
    44529 : 8A;
    44530 : 41;
    44531 : 1A;
    44532 : B8;
    44533 : 81;
    44534 : 2E;
    44535 : A3;
    44536 : 02;
    44537 : 09;
    44538 : 92;
    44539 : 79;
    44540 : 91;
    44541 : A8;
    44542 : 4B;
    44543 : 95;
    44544 : B9;
    44545 : 12;
    44546 : 28;
    44547 : AE;
    44548 : 14;
    44549 : 08;
    44550 : AA;
    44551 : 17;
    44552 : 90;
    44553 : 9B;
    44554 : 42;
    44555 : 88;
    44556 : A9;
    44557 : 82;
    44558 : 8D;
    44559 : 92;
    44560 : 81;
    44561 : 0C;
    44562 : 30;
    44563 : 91;
    44564 : 87;
    44565 : 9B;
    44566 : A9;
    44567 : 27;
    44568 : AB;
    44569 : 08;
    44570 : 51;
    44571 : B9;
    44572 : 81;
    44573 : 09;
    44574 : EA;
    44575 : 34;
    44576 : 00;
    44577 : 8D;
    44578 : 28;
    44579 : 93;
    44580 : 10;
    44581 : 18;
    44582 : C0;
    44583 : 72;
    44584 : 08;
    44585 : AA;
    44586 : 2A;
    44587 : A0;
    44588 : 22;
    44589 : AE;
    44590 : D9;
    44591 : 63;
    44592 : 99;
    44593 : 99;
    44594 : 20;
    44595 : 93;
    44596 : 49;
    44597 : 19;
    44598 : AA;
    44599 : 78;
    44600 : 12;
    44601 : BC;
    44602 : 28;
    44603 : 03;
    44604 : 1B;
    44605 : 39;
    44606 : 91;
    44607 : 7C;
    44608 : 80;
    44609 : 8A;
    44610 : 89;
    44611 : 85;
    44612 : 68;
    44613 : A9;
    44614 : A8;
    44615 : 7A;
    44616 : 91;
    44617 : 99;
    44618 : 09;
    44619 : 02;
    44620 : 2B;
    44621 : 91;
    44622 : C9;
    44623 : 3D;
    44624 : 24;
    44625 : D8;
    44626 : 98;
    44627 : 42;
    44628 : 99;
    44629 : 88;
    44630 : 88;
    44631 : 2C;
    44632 : 93;
    44633 : B0;
    44634 : 1B;
    44635 : 11;
    44636 : 3D;
    44637 : 02;
    44638 : 9B;
    44639 : 6E;
    44640 : 04;
    44641 : BA;
    44642 : 18;
    44643 : 78;
    44644 : 99;
    44645 : 23;
    44646 : 3A;
    44647 : CB;
    44648 : 44;
    44649 : 9A;
    44650 : BA;
    44651 : 70;
    44652 : 80;
    44653 : 98;
    44654 : 28;
    44655 : 1B;
    44656 : 84;
    44657 : 18;
    44658 : 0B;
    44659 : 88;
    44660 : 1A;
    44661 : 12;
    44662 : ED;
    44663 : 1B;
    44664 : 26;
    44665 : B0;
    44666 : 8B;
    44667 : 60;
    44668 : C1;
    44669 : 09;
    44670 : 10;
    44671 : D1;
    44672 : 20;
    44673 : 82;
    44674 : BA;
    44675 : 4B;
    44676 : 06;
    44677 : 88;
    44678 : A9;
    44679 : 11;
    44680 : 02;
    44681 : B8;
    44682 : 3B;
    44683 : C1;
    44684 : F1;
    44685 : 40;
    44686 : B0;
    44687 : EB;
    44688 : 60;
    44689 : 81;
    44690 : 99;
    44691 : 29;
    44692 : 96;
    44693 : 09;
    44694 : 08;
    44695 : 93;
    44696 : 2B;
    44697 : 22;
    44698 : A1;
    44699 : 9E;
    44700 : 12;
    44701 : 10;
    44702 : BB;
    44703 : 88;
    44704 : 72;
    44705 : 81;
    44706 : 9C;
    44707 : 32;
    44708 : B0;
    44709 : 1F;
    44710 : 11;
    44711 : B9;
    44712 : 2C;
    44713 : 25;
    44714 : B9;
    44715 : 9B;
    44716 : 54;
    44717 : 8A;
    44718 : 99;
    44719 : 50;
    44720 : 8B;
    44721 : 01;
    44722 : 29;
    44723 : EA;
    44724 : 28;
    44725 : 4A;
    44726 : A2;
    44727 : 8C;
    44728 : 5A;
    44729 : 92;
    44730 : A9;
    44731 : 58;
    44732 : 12;
    44733 : 8C;
    44734 : 08;
    44735 : A3;
    44736 : 0C;
    44737 : 16;
    44738 : B2;
    44739 : 9C;
    44740 : 59;
    44741 : 83;
    44742 : 81;
    44743 : 28;
    44744 : 03;
    44745 : 38;
    44746 : A1;
    44747 : C5;
    44748 : 1C;
    44749 : CB;
    44750 : 16;
    44751 : BB;
    44752 : A9;
    44753 : 15;
    44754 : AB;
    44755 : 8B;
    44756 : 44;
    44757 : B0;
    44758 : D8;
    44759 : 11;
    44760 : 98;
    44761 : 52;
    44762 : 28;
    44763 : 8D;
    44764 : 0B;
    44765 : 16;
    44766 : 01;
    44767 : 98;
    44768 : 23;
    44769 : 08;
    44770 : A0;
    44771 : 8F;
    44772 : 99;
    44773 : CA;
    44774 : 38;
    44775 : C9;
    44776 : 9B;
    44777 : 41;
    44778 : B1;
    44779 : 80;
    44780 : 70;
    44781 : 26;
    44782 : 18;
    44783 : 19;
    44784 : B9;
    44785 : 0F;
    44786 : 14;
    44787 : 98;
    44788 : 01;
    44789 : B1;
    44790 : 4A;
    44791 : 98;
    44792 : 4A;
    44793 : 18;
    44794 : CA;
    44795 : 81;
    44796 : A1;
    44797 : 03;
    44798 : 29;
    44799 : 7B;
    44800 : 48;
    44801 : 19;
    44802 : A0;
    44803 : F9;
    44804 : 8B;
    44805 : 02;
    44806 : 09;
    44807 : 89;
    44808 : 5B;
    44809 : 52;
    44810 : 80;
    44811 : E8;
    44812 : AA;
    44813 : 42;
    44814 : 92;
    44815 : 88;
    44816 : 88;
    44817 : 9E;
    44818 : 42;
    44819 : 88;
    44820 : BA;
    44821 : 00;
    44822 : 42;
    44823 : A5;
    44824 : 9B;
    44825 : 0A;
    44826 : 50;
    44827 : 21;
    44828 : 02;
    44829 : AA;
    44830 : BC;
    44831 : 12;
    44832 : 02;
    44833 : 09;
    44834 : 46;
    44835 : 89;
    44836 : 89;
    44837 : 8A;
    44838 : 0A;
    44839 : 91;
    44840 : 73;
    44841 : 27;
    44842 : 88;
    44843 : 20;
    44844 : 9A;
    44845 : 3C;
    44846 : C1;
    44847 : 28;
    44848 : B2;
    44849 : 98;
    44850 : 34;
    44851 : CD;
    44852 : 09;
    44853 : 1F;
    44854 : 10;
    44855 : 81;
    44856 : 9A;
    44857 : D0;
    44858 : 09;
    44859 : 22;
    44860 : AA;
    44861 : 2A;
    44862 : 89;
    44863 : 72;
    44864 : A1;
    44865 : B9;
    44866 : 90;
    44867 : 09;
    44868 : 35;
    44869 : 1D;
    44870 : 53;
    44871 : 21;
    44872 : 32;
    44873 : C4;
    44874 : 8A;
    44875 : 93;
    44876 : 3B;
    44877 : 25;
    44878 : AA;
    44879 : 0A;
    44880 : FC;
    44881 : 1A;
    44882 : 92;
    44883 : 10;
    44884 : 95;
    44885 : A9;
    44886 : 13;
    44887 : BA;
    44888 : 29;
    44889 : F9;
    44890 : 3A;
    44891 : 94;
    44892 : BC;
    44893 : 91;
    44894 : A8;
    44895 : 72;
    44896 : 83;
    44897 : 30;
    44898 : C8;
    44899 : 10;
    44900 : 83;
    44901 : CA;
    44902 : 17;
    44903 : 98;
    44904 : 08;
    44905 : B0;
    44906 : 1A;
    44907 : FB;
    44908 : 80;
    44909 : 04;
    44910 : B9;
    44911 : 85;
    44912 : 99;
    44913 : 10;
    44914 : 82;
    44915 : 70;
    44916 : D1;
    44917 : 88;
    44918 : 13;
    44919 : DA;
    44920 : 02;
    44921 : 8A;
    44922 : 19;
    44923 : 81;
    44924 : 2A;
    44925 : F1;
    44926 : 18;
    44927 : 15;
    44928 : B8;
    44929 : 21;
    44930 : BA;
    44931 : 30;
    44932 : A4;
    44933 : 3B;
    44934 : D3;
    44935 : 8A;
    44936 : 37;
    44937 : B9;
    44938 : 22;
    44939 : 99;
    44940 : 08;
    44941 : C0;
    44942 : 1F;
    44943 : B2;
    44944 : 1A;
    44945 : 44;
    44946 : C0;
    44947 : 20;
    44948 : AA;
    44949 : 09;
    44950 : 81;
    44951 : 8D;
    44952 : A2;
    44953 : 8D;
    44954 : 34;
    44955 : B0;
    44956 : 50;
    44957 : 89;
    44958 : 29;
    44959 : 13;
    44960 : 8F;
    44961 : 92;
    44962 : 8B;
    44963 : 63;
    44964 : A0;
    44965 : 3A;
    44966 : 9A;
    44967 : 00;
    44968 : 11;
    44969 : 9D;
    44970 : A6;
    44971 : 09;
    44972 : 53;
    44973 : A1;
    44974 : 39;
    44975 : 00;
    44976 : 08;
    44977 : 94;
    44978 : AD;
    44979 : 85;
    44980 : A9;
    44981 : 48;
    44982 : C2;
    44983 : 19;
    44984 : A8;
    44985 : 88;
    44986 : 02;
    44987 : BF;
    44988 : 04;
    44989 : BA;
    44990 : 38;
    44991 : 84;
    44992 : 3B;
    44993 : 80;
    44994 : 0A;
    44995 : 03;
    44996 : AF;
    44997 : 23;
    44998 : A8;
    44999 : 70;
    45000 : 03;
    45001 : 1A;
    45002 : 90;
    45003 : 8C;
    45004 : 23;
    45005 : ED;
    45006 : 10;
    45007 : 98;
    45008 : 29;
    45009 : 84;
    45010 : 19;
    45011 : 01;
    45012 : AB;
    45013 : 17;
    45014 : DB;
    45015 : 18;
    45016 : 92;
    45017 : 39;
    45018 : 84;
    45019 : 0A;
    45020 : 01;
    45021 : EA;
    45022 : 42;
    45023 : A8;
    45024 : 01;
    45025 : 04;
    45026 : 0D;
    45027 : A2;
    45028 : 3B;
    45029 : 82;
    45030 : EA;
    45031 : 51;
    45032 : B0;
    45033 : 09;
    45034 : 11;
    45035 : 9B;
    45036 : 07;
    45037 : 29;
    45038 : 91;
    45039 : D0;
    45040 : 50;
    45041 : A0;
    45042 : 89;
    45043 : 10;
    45044 : BA;
    45045 : 84;
    45046 : 8C;
    45047 : C2;
    45048 : D0;
    45049 : 4A;
    45050 : C3;
    45051 : 88;
    45052 : 28;
    45053 : 92;
    45054 : 12;
    45055 : 0D;
    45056 : 05;
    45057 : A8;
    45058 : 39;
    45059 : A6;
    45060 : 1A;
    45061 : 18;
    45062 : 92;
    45063 : 31;
    45064 : AC;
    45065 : 16;
    45066 : A9;
    45067 : 0C;
    45068 : 85;
    45069 : 09;
    45070 : 88;
    45071 : 82;
    45072 : 38;
    45073 : FB;
    45074 : 22;
    45075 : A9;
    45076 : BA;
    45077 : 27;
    45078 : 9A;
    45079 : A0;
    45080 : 30;
    45081 : 20;
    45082 : F1;
    45083 : 39;
    45084 : B0;
    45085 : 8A;
    45086 : 44;
    45087 : AA;
    45088 : A1;
    45089 : 19;
    45090 : 22;
    45091 : F2;
    45092 : 4B;
    45093 : 92;
    45094 : A9;
    45095 : 32;
    45096 : BB;
    45097 : 82;
    45098 : 20;
    45099 : 64;
    45100 : E2;
    45101 : 29;
    45102 : A2;
    45103 : AB;
    45104 : 62;
    45105 : B8;
    45106 : 01;
    45107 : A9;
    45108 : 88;
    45109 : E2;
    45110 : 18;
    45111 : 85;
    45112 : A9;
    45113 : 34;
    45114 : 90;
    45115 : 88;
    45116 : A1;
    45117 : 41;
    45118 : A7;
    45119 : 00;
    45120 : 91;
    45121 : CC;
    45122 : 21;
    45123 : B8;
    45124 : 91;
    45125 : A2;
    45126 : 00;
    45127 : C6;
    45128 : 8B;
    45129 : 93;
    45130 : 98;
    45131 : 71;
    45132 : C1;
    45133 : 89;
    45134 : A1;
    45135 : 1C;
    45136 : 95;
    45137 : 20;
    45138 : A2;
    45139 : 8B;
    45140 : 06;
    45141 : 08;
    45142 : A2;
    45143 : 2F;
    45144 : 93;
    45145 : 11;
    45146 : 09;
    45147 : 8F;
    45148 : B2;
    45149 : 49;
    45150 : A2;
    45151 : 8E;
    45152 : 83;
    45153 : 99;
    45154 : 82;
    45155 : 8F;
    45156 : 13;
    45157 : 90;
    45158 : 41;
    45159 : BA;
    45160 : 13;
    45161 : 20;
    45162 : 21;
    45163 : CD;
    45164 : 04;
    45165 : 18;
    45166 : 91;
    45167 : 9D;
    45168 : 05;
    45169 : 99;
    45170 : 11;
    45171 : BC;
    45172 : 15;
    45173 : 89;
    45174 : 20;
    45175 : FB;
    45176 : 11;
    45177 : 00;
    45178 : 98;
    45179 : D9;
    45180 : 21;
    45181 : 10;
    45182 : A0;
    45183 : BA;
    45184 : 01;
    45185 : 29;
    45186 : 05;
    45187 : BD;
    45188 : 31;
    45189 : 28;
    45190 : 42;
    45191 : F9;
    45192 : 40;
    45193 : 80;
    45194 : 91;
    45195 : B1;
    45196 : 5B;
    45197 : A1;
    45198 : 81;
    45199 : 8C;
    45200 : 83;
    45201 : 22;
    45202 : 30;
    45203 : FA;
    45204 : 60;
    45205 : 19;
    45206 : 91;
    45207 : E0;
    45208 : 4A;
    45209 : B2;
    45210 : 18;
    45211 : 8B;
    45212 : 09;
    45213 : 03;
    45214 : 1E;
    45215 : D0;
    45216 : 08;
    45217 : 48;
    45218 : A2;
    45219 : 98;
    45220 : 5C;
    45221 : 92;
    45222 : 10;
    45223 : 0C;
    45224 : 08;
    45225 : 83;
    45226 : 5B;
    45227 : B2;
    45228 : 2B;
    45229 : 58;
    45230 : 80;
    45231 : 91;
    45232 : 0F;
    45233 : 83;
    45234 : 81;
    45235 : 1E;
    45236 : 80;
    45237 : 81;
    45238 : 3B;
    45239 : C8;
    45240 : 00;
    45241 : 2A;
    45242 : 92;
    45243 : F0;
    45244 : 0F;
    45245 : 83;
    45246 : 00;
    45247 : 1A;
    45248 : 99;
    45249 : 15;
    45250 : 1A;
    45251 : 88;
    45252 : 80;
    45253 : 5C;
    45254 : 01;
    45255 : 90;
    45256 : 0F;
    45257 : 02;
    45258 : 12;
    45259 : 0B;
    45260 : 98;
    45261 : 16;
    45262 : 1B;
    45263 : 82;
    45264 : 99;
    45265 : 6A;
    45266 : 91;
    45267 : 10;
    45268 : AF;
    45269 : 11;
    45270 : 01;
    45271 : 8E;
    45272 : 90;
    45273 : 10;
    45274 : 89;
    45275 : B0;
    45276 : 88;
    45277 : 4A;
    45278 : 84;
    45279 : 22;
    45280 : AE;
    45281 : 22;
    45282 : 83;
    45283 : AD;
    45284 : B1;
    45285 : 62;
    45286 : 90;
    45287 : 91;
    45288 : 92;
    45289 : 0D;
    45290 : 84;
    45291 : 92;
    45292 : AA;
    45293 : 01;
    45294 : 06;
    45295 : A9;
    45296 : C8;
    45297 : 32;
    45298 : 89;
    45299 : 93;
    45300 : 93;
    45301 : 3D;
    45302 : 96;
    45303 : 03;
    45304 : AA;
    45305 : 2A;
    45306 : 07;
    45307 : 8A;
    45308 : B9;
    45309 : 10;
    45310 : 88;
    45311 : DA;
    45312 : 11;
    45313 : 1E;
    45314 : 91;
    45315 : 12;
    45316 : 9F;
    45317 : 0B;
    45318 : 24;
    45319 : 89;
    45320 : 98;
    45321 : 4A;
    45322 : 22;
    45323 : BB;
    45324 : 39;
    45325 : 9D;
    45326 : 24;
    45327 : 02;
    45328 : 88;
    45329 : AD;
    45330 : 15;
    45331 : 03;
    45332 : 9A;
    45333 : 09;
    45334 : 27;
    45335 : 98;
    45336 : B9;
    45337 : 99;
    45338 : 42;
    45339 : 80;
    45340 : 24;
    45341 : AD;
    45342 : 02;
    45343 : 12;
    45344 : 0F;
    45345 : C8;
    45346 : 43;
    45347 : 19;
    45348 : B9;
    45349 : 18;
    45350 : 2A;
    45351 : F9;
    45352 : 29;
    45353 : 9C;
    45354 : 82;
    45355 : 60;
    45356 : 8A;
    45357 : B8;
    45358 : 71;
    45359 : 00;
    45360 : 90;
    45361 : 29;
    45362 : 30;
    45363 : 92;
    45364 : 4C;
    45365 : A9;
    45366 : 11;
    45367 : 7A;
    45368 : 98;
    45369 : C8;
    45370 : 5A;
    45371 : 80;
    45372 : A0;
    45373 : 0B;
    45374 : 41;
    45375 : 81;
    45376 : 2C;
    45377 : B1;
    45378 : 09;
    45379 : 1D;
    45380 : A0;
    45381 : C8;
    45382 : 3E;
    45383 : 13;
    45384 : 99;
    45385 : 8B;
    45386 : 52;
    45387 : 02;
    45388 : 8B;
    45389 : 05;
    45390 : 18;
    45391 : 0B;
    45392 : 11;
    45393 : C1;
    45394 : 3E;
    45395 : 26;
    45396 : A0;
    45397 : 9A;
    45398 : 59;
    45399 : A2;
    45400 : 8B;
    45401 : 21;
    45402 : 09;
    45403 : 08;
    45404 : 31;
    45405 : D1;
    45406 : 0F;
    45407 : 32;
    45408 : A0;
    45409 : 9E;
    45410 : 2B;
    45411 : A2;
    45412 : 8E;
    45413 : 18;
    45414 : 19;
    45415 : 18;
    45416 : 39;
    45417 : 12;
    45418 : AF;
    45419 : 32;
    45420 : 01;
    45421 : 1E;
    45422 : 4A;
    45423 : 03;
    45424 : 8B;
    45425 : 49;
    45426 : 19;
    45427 : 19;
    45428 : 3A;
    45429 : 28;
    45430 : AF;
    45431 : 53;
    45432 : 00;
    45433 : 1B;
    45434 : 3A;
    45435 : 35;
    45436 : 8C;
    45437 : 19;
    45438 : 8B;
    45439 : 29;
    45440 : 30;
    45441 : 3A;
    45442 : DF;
    45443 : 32;
    45444 : 09;
    45445 : 8D;
    45446 : 09;
    45447 : 31;
    45448 : 0C;
    45449 : 58;
    45450 : A9;
    45451 : 29;
    45452 : 30;
    45453 : 1A;
    45454 : AE;
    45455 : 70;
    45456 : 88;
    45457 : 0B;
    45458 : 19;
    45459 : 20;
    45460 : 39;
    45461 : 6A;
    45462 : A8;
    45463 : 5A;
    45464 : 39;
    45465 : 98;
    45466 : 9B;
    45467 : 7A;
    45468 : 02;
    45469 : 19;
    45470 : 8A;
    45471 : 38;
    45472 : 28;
    45473 : 1E;
    45474 : E0;
    45475 : 29;
    45476 : 29;
    45477 : A8;
    45478 : 80;
    45479 : 0E;
    45480 : 14;
    45481 : 92;
    45482 : 99;
    45483 : 1A;
    45484 : A5;
    45485 : 90;
    45486 : A9;
    45487 : 27;
    45488 : BA;
    45489 : 99;
    45490 : B4;
    45491 : 20;
    45492 : 07;
    45493 : 04;
    45494 : 08;
    45495 : 2B;
    45496 : 37;
    45497 : A8;
    45498 : 98;
    45499 : 89;
    45500 : B1;
    45501 : AD;
    45502 : E2;
    45503 : 8A;
    45504 : 00;
    45505 : 93;
    45506 : AA;
    45507 : 0D;
    45508 : 84;
    45509 : 98;
    45510 : 08;
    45511 : 90;
    45512 : 06;
    45513 : 98;
    45514 : 11;
    45515 : 0A;
    45516 : 61;
    45517 : 07;
    45518 : 88;
    45519 : 0B;
    45520 : 02;
    45521 : A1;
    45522 : 78;
    45523 : 88;
    45524 : 88;
    45525 : 9A;
    45526 : 20;
    45527 : EB;
    45528 : 48;
    45529 : 10;
    45530 : 0A;
    45531 : 0C;
    45532 : 42;
    45533 : C9;
    45534 : 0D;
    45535 : 88;
    45536 : 80;
    45537 : 1A;
    45538 : 58;
    45539 : A9;
    45540 : 60;
    45541 : 40;
    45542 : 18;
    45543 : 8A;
    45544 : 51;
    45545 : 08;
    45546 : 3A;
    45547 : 19;
    45548 : 0A;
    45549 : 89;
    45550 : 78;
    45551 : A8;
    45552 : 38;
    45553 : 40;
    45554 : 28;
    45555 : 00;
    45556 : 73;
    45557 : 83;
    45558 : AA;
    45559 : 99;
    45560 : 8A;
    45561 : BF;
    45562 : 0B;
    45563 : C8;
    45564 : 9A;
    45565 : AB;
    45566 : BD;
    45567 : BB;
    45568 : 3D;
    45569 : 00;
    45570 : 8A;
    45571 : 18;
    45572 : 78;
    45573 : 00;
    45574 : 3B;
    45575 : 01;
    45576 : 2B;
    45577 : 78;
    45578 : 34;
    45579 : 80;
    45580 : 6A;
    45581 : 22;
    45582 : 10;
    45583 : 41;
    45584 : 31;
    45585 : 01;
    45586 : 1B;
    45587 : 27;
    45588 : 0A;
    45589 : 19;
    45590 : A1;
    45591 : AB;
    45592 : 9F;
    45593 : 92;
    45594 : BC;
    45595 : 9B;
    45596 : 90;
    45597 : EA;
    45598 : AB;
    45599 : 13;
    45600 : 9B;
    45601 : 02;
    45602 : 17;
    45603 : 10;
    45604 : 9D;
    45605 : 25;
    45606 : 98;
    45607 : 89;
    45608 : 24;
    45609 : 80;
    45610 : A9;
    45611 : 55;
    45612 : 99;
    45613 : 98;
    45614 : 43;
    45615 : 08;
    45616 : 9C;
    45617 : 34;
    45618 : A9;
    45619 : 9B;
    45620 : 10;
    45621 : A2;
    45622 : DF;
    45623 : 28;
    45624 : 91;
    45625 : AA;
    45626 : 40;
    45627 : 01;
    45628 : AC;
    45629 : 41;
    45630 : 93;
    45631 : 9E;
    45632 : 38;
    45633 : 14;
    45634 : BA;
    45635 : 29;
    45636 : 03;
    45637 : BD;
    45638 : 18;
    45639 : 52;
    45640 : CC;
    45641 : 18;
    45642 : 43;
    45643 : AB;
    45644 : 12;
    45645 : 36;
    45646 : 90;
    45647 : 18;
    45648 : 53;
    45649 : A9;
    45650 : 0A;
    45651 : 68;
    45652 : B8;
    45653 : 1A;
    45654 : 38;
    45655 : FB;
    45656 : 89;
    45657 : 40;
    45658 : C0;
    45659 : 8A;
    45660 : 31;
    45661 : 98;
    45662 : 0A;
    45663 : 49;
    45664 : D2;
    45665 : 8B;
    45666 : 50;
    45667 : B0;
    45668 : 9A;
    45669 : 7A;
    45670 : 92;
    45671 : 8A;
    45672 : 28;
    45673 : 02;
    45674 : 89;
    45675 : 59;
    45676 : 87;
    45677 : 0A;
    45678 : 28;
    45679 : 83;
    45680 : 88;
    45681 : 6A;
    45682 : 13;
    45683 : BA;
    45684 : 1A;
    45685 : 03;
    45686 : DB;
    45687 : 0C;
    45688 : 23;
    45689 : BB;
    45690 : 4A;
    45691 : 23;
    45692 : E9;
    45693 : 1D;
    45694 : 32;
    45695 : D9;
    45696 : 0A;
    45697 : 28;
    45698 : A0;
    45699 : 0E;
    45700 : 30;
    45701 : C8;
    45702 : 2B;
    45703 : 32;
    45704 : B2;
    45705 : 0F;
    45706 : 41;
    45707 : 91;
    45708 : 0C;
    45709 : 30;
    45710 : 94;
    45711 : 8C;
    45712 : 38;
    45713 : B2;
    45714 : 8D;
    45715 : 20;
    45716 : 04;
    45717 : AA;
    45718 : 73;
    45719 : 83;
    45720 : 8B;
    45721 : 41;
    45722 : 04;
    45723 : A9;
    45724 : 19;
    45725 : A4;
    45726 : CA;
    45727 : 89;
    45728 : 93;
    45729 : ED;
    45730 : 18;
    45731 : 92;
    45732 : AB;
    45733 : 89;
    45734 : 85;
    45735 : C8;
    45736 : 19;
    45737 : 85;
    45738 : 98;
    45739 : 08;
    45740 : 03;
    45741 : C8;
    45742 : 28;
    45743 : 87;
    45744 : 98;
    45745 : 18;
    45746 : 15;
    45747 : 91;
    45748 : 28;
    45749 : 07;
    45750 : 80;
    45751 : 08;
    45752 : 02;
    45753 : B9;
    45754 : 0B;
    45755 : 85;
    45756 : CB;
    45757 : 99;
    45758 : 02;
    45759 : CB;
    45760 : AC;
    45761 : A3;
    45762 : 9C;
    45763 : 89;
    45764 : 04;
    45765 : A9;
    45766 : 1B;
    45767 : 27;
    45768 : 9B;
    45769 : 00;
    45770 : 23;
    45771 : A8;
    45772 : BB;
    45773 : 37;
    45774 : AB;
    45775 : 81;
    45776 : 17;
    45777 : 81;
    45778 : 10;
    45779 : 37;
    45780 : 98;
    45781 : 01;
    45782 : 24;
    45783 : 90;
    45784 : B9;
    45785 : 07;
    45786 : A9;
    45787 : 90;
    45788 : A3;
    45789 : C9;
    45790 : CA;
    45791 : 84;
    45792 : D9;
    45793 : 98;
    45794 : 93;
    45795 : A1;
    45796 : D8;
    45797 : 84;
    45798 : B8;
    45799 : B9;
    45800 : C3;
    45801 : B8;
    45802 : EB;
    45803 : 04;
    45804 : A0;
    45805 : 80;
    45806 : 85;
    45807 : 12;
    45808 : B0;
    45809 : 16;
    45810 : 02;
    45811 : 81;
    45812 : 87;
    45813 : 11;
    45814 : B0;
    45815 : 83;
    45816 : 91;
    45817 : B9;
    45818 : B3;
    45819 : 30;
    45820 : F8;
    45821 : 99;
    45822 : 81;
    45823 : B9;
    45824 : E1;
    45825 : 18;
    45826 : C0;
    45827 : 99;
    45828 : 01;
    45829 : DA;
    45830 : B0;
    45831 : 40;
    45832 : B3;
    45833 : C8;
    45834 : 04;
    45835 : 91;
    45836 : E2;
    45837 : 30;
    45838 : B3;
    45839 : A1;
    45840 : 25;
    45841 : 82;
    45842 : C4;
    45843 : 31;
    45844 : 96;
    45845 : A9;
    45846 : 01;
    45847 : 81;
    45848 : F2;
    45849 : 89;
    45850 : 84;
    45851 : C8;
    45852 : 11;
    45853 : 6D;
    45854 : C1;
    45855 : E0;
    45856 : 12;
    45857 : 80;
    45858 : 81;
    45859 : C2;
    45860 : E9;
    45861 : 38;
    45862 : B0;
    45863 : 99;
    45864 : 18;
    45865 : 06;
    45866 : 31;
    45867 : 02;
    45868 : 10;
    45869 : 9A;
    45870 : FA;
    45871 : 99;
    45872 : 88;
    45873 : B9;
    45874 : 46;
    45875 : 01;
    45876 : 00;
    45877 : 20;
    45878 : F9;
    45879 : 1E;
    45880 : 01;
    45881 : 80;
    45882 : 9A;
    45883 : 83;
    45884 : 88;
    45885 : 72;
    45886 : 02;
    45887 : A8;
    45888 : 98;
    45889 : AD;
    45890 : 11;
    45891 : A8;
    45892 : 30;
    45893 : 02;
    45894 : 88;
    45895 : 30;
    45896 : 16;
    45897 : DC;
    45898 : 2A;
    45899 : 92;
    45900 : DB;
    45901 : 38;
    45902 : E1;
    45903 : 99;
    45904 : 91;
    45905 : 92;
    45906 : 71;
    45907 : 93;
    45908 : A4;
    45909 : 08;
    45910 : A0;
    45911 : 01;
    45912 : 78;
    45913 : 08;
    45914 : B1;
    45915 : 11;
    45916 : DA;
    45917 : 23;
    45918 : 88;
    45919 : 91;
    45920 : A8;
    45921 : AF;
    45922 : 2B;
    45923 : 31;
    45924 : 1A;
    45925 : 7A;
    45926 : A6;
    45927 : 28;
    45928 : A0;
    45929 : 08;
    45930 : CA;
    45931 : 98;
    45932 : 89;
    45933 : 28;
    45934 : 91;
    45935 : 1A;
    45936 : 80;
    45937 : 6D;
    45938 : C3;
    45939 : 28;
    45940 : BB;
    45941 : 13;
    45942 : 04;
    45943 : 88;
    45944 : 48;
    45945 : D9;
    45946 : 42;
    45947 : 4B;
    45948 : 94;
    45949 : AC;
    45950 : 95;
    45951 : 88;
    45952 : 91;
    45953 : 31;
    45954 : 33;
    45955 : A3;
    45956 : 8D;
    45957 : BA;
    45958 : 4B;
    45959 : CA;
    45960 : A2;
    45961 : CC;
    45962 : 07;
    45963 : 19;
    45964 : 92;
    45965 : 89;
    45966 : 22;
    45967 : A0;
    45968 : 09;
    45969 : 88;
    45970 : 2A;
    45971 : AC;
    45972 : 26;
    45973 : 99;
    45974 : 25;
    45975 : 8B;
    45976 : D1;
    45977 : 0A;
    45978 : 20;
    45979 : 03;
    45980 : 0F;
    45981 : 01;
    45982 : 28;
    45983 : A9;
    45984 : 04;
    45985 : BF;
    45986 : 52;
    45987 : 89;
    45988 : B1;
    45989 : 2A;
    45990 : 19;
    45991 : 31;
    45992 : AF;
    45993 : 00;
    45994 : 18;
    45995 : 91;
    45996 : 52;
    45997 : D8;
    45998 : 30;
    45999 : 0B;
    46000 : 94;
    46001 : 1B;
    46002 : 52;
    46003 : 32;
    46004 : AC;
    46005 : 98;
    46006 : 88;
    46007 : B2;
    46008 : 70;
    46009 : 92;
    46010 : 52;
    46011 : 98;
    46012 : 01;
    46013 : 9A;
    46014 : 09;
    46015 : 01;
    46016 : DE;
    46017 : BA;
    46018 : 92;
    46019 : C0;
    46020 : 3A;
    46021 : 95;
    46022 : 73;
    46023 : 98;
    46024 : 83;
    46025 : 9A;
    46026 : 1A;
    46027 : 43;
    46028 : BA;
    46029 : BB;
    46030 : 82;
    46031 : 91;
    46032 : 0F;
    46033 : 94;
    46034 : 7B;
    46035 : A0;
    46036 : 11;
    46037 : 8A;
    46038 : 8A;
    46039 : 01;
    46040 : A8;
    46041 : B9;
    46042 : 03;
    46043 : 36;
    46044 : 89;
    46045 : 25;
    46046 : 5D;
    46047 : A1;
    46048 : 30;
    46049 : 0A;
    46050 : 90;
    46051 : 21;
    46052 : C2;
    46053 : FB;
    46054 : 00;
    46055 : 01;
    46056 : 9A;
    46057 : 00;
    46058 : 6C;
    46059 : C3;
    46060 : 28;
    46061 : B8;
    46062 : 98;
    46063 : 21;
    46064 : B3;
    46065 : EB;
    46066 : 09;
    46067 : 04;
    46068 : 0A;
    46069 : 14;
    46070 : 2D;
    46071 : A4;
    46072 : 38;
    46073 : E2;
    46074 : 88;
    46075 : 01;
    46076 : 83;
    46077 : B9;
    46078 : A8;
    46079 : 10;
    46080 : DD;
    46081 : 40;
    46082 : 09;
    46083 : 85;
    46084 : 88;
    46085 : B0;
    46086 : 1A;
    46087 : 99;
    46088 : 24;
    46089 : BC;
    46090 : 02;
    46091 : 73;
    46092 : AB;
    46093 : 81;
    46094 : 9B;
    46095 : 17;
    46096 : 09;
    46097 : A2;
    46098 : 0A;
    46099 : 82;
    46100 : 45;
    46101 : AA;
    46102 : 98;
    46103 : 71;
    46104 : 90;
    46105 : 01;
    46106 : 89;
    46107 : 06;
    46108 : 0A;
    46109 : 13;
    46110 : 9B;
    46111 : C8;
    46112 : 50;
    46113 : AA;
    46114 : CB;
    46115 : 58;
    46116 : A0;
    46117 : 88;
    46118 : B0;
    46119 : 34;
    46120 : BB;
    46121 : 03;
    46122 : 8B;
    46123 : A2;
    46124 : 78;
    46125 : EA;
    46126 : 8B;
    46127 : 48;
    46128 : 91;
    46129 : 10;
    46130 : B2;
    46131 : 63;
    46132 : B9;
    46133 : 22;
    46134 : 8D;
    46135 : 92;
    46136 : 70;
    46137 : 90;
    46138 : 98;
    46139 : 2B;
    46140 : 85;
    46141 : 81;
    46142 : C1;
    46143 : 70;
    46144 : 90;
    46145 : 10;
    46146 : 98;
    46147 : 81;
    46148 : 3B;
    46149 : 98;
    46150 : C9;
    46151 : 1D;
    46152 : A4;
    46153 : 89;
    46154 : C0;
    46155 : 58;
    46156 : A0;
    46157 : 28;
    46158 : 89;
    46159 : 02;
    46160 : 6A;
    46161 : A0;
    46162 : A8;
    46163 : 29;
    46164 : 07;
    46165 : 00;
    46166 : A9;
    46167 : 7B;
    46168 : 93;
    46169 : 29;
    46170 : AA;
    46171 : 81;
    46172 : 4A;
    46173 : B8;
    46174 : C9;
    46175 : 9E;
    46176 : 23;
    46177 : 00;
    46178 : 88;
    46179 : 2F;
    46180 : A3;
    46181 : 4A;
    46182 : A8;
    46183 : 82;
    46184 : 3B;
    46185 : 81;
    46186 : C8;
    46187 : AB;
    46188 : 53;
    46189 : 80;
    46190 : 21;
    46191 : 1F;
    46192 : 87;
    46193 : 19;
    46194 : 99;
    46195 : 01;
    46196 : 29;
    46197 : A1;
    46198 : A8;
    46199 : CA;
    46200 : 42;
    46201 : 11;
    46202 : 08;
    46203 : 0F;
    46204 : 17;
    46205 : 18;
    46206 : B0;
    46207 : 81;
    46208 : 0A;
    46209 : 92;
    46210 : 98;
    46211 : DC;
    46212 : 38;
    46213 : 28;
    46214 : 8A;
    46215 : AF;
    46216 : 15;
    46217 : 09;
    46218 : B1;
    46219 : 18;
    46220 : CA;
    46221 : A2;
    46222 : 10;
    46223 : B8;
    46224 : 78;
    46225 : 28;
    46226 : 08;
    46227 : BE;
    46228 : 43;
    46229 : 89;
    46230 : 91;
    46231 : 48;
    46232 : A1;
    46233 : 81;
    46234 : 3C;
    46235 : B9;
    46236 : 5A;
    46237 : 38;
    46238 : 05;
    46239 : BA;
    46240 : 74;
    46241 : 82;
    46242 : 90;
    46243 : 2B;
    46244 : B1;
    46245 : 09;
    46246 : 9B;
    46247 : A1;
    46248 : 1F;
    46249 : 10;
    46250 : 11;
    46251 : FB;
    46252 : 48;
    46253 : 81;
    46254 : 88;
    46255 : 0D;
    46256 : 85;
    46257 : 8B;
    46258 : AB;
    46259 : 05;
    46260 : 99;
    46261 : B3;
    46262 : 30;
    46263 : DA;
    46264 : 44;
    46265 : A3;
    46266 : 0A;
    46267 : 12;
    46268 : 87;
    46269 : 08;
    46270 : 8C;
    46271 : 01;
    46272 : 20;
    46273 : E9;
    46274 : 89;
    46275 : C0;
    46276 : 00;
    46277 : 23;
    46278 : 0B;
    46279 : 9C;
    46280 : 37;
    46281 : 99;
    46282 : C9;
    46283 : 12;
    46284 : A8;
    46285 : 11;
    46286 : 1C;
    46287 : F8;
    46288 : 4A;
    46289 : 91;
    46290 : 99;
    46291 : 18;
    46292 : 14;
    46293 : 59;
    46294 : 89;
    46295 : 00;
    46296 : 58;
    46297 : A2;
    46298 : 9A;
    46299 : 02;
    46300 : 30;
    46301 : 71;
    46302 : 98;
    46303 : D9;
    46304 : 68;
    46305 : 81;
    46306 : A8;
    46307 : 19;
    46308 : 91;
    46309 : 19;
    46310 : A8;
    46311 : D4;
    46312 : 1D;
    46313 : 94;
    46314 : 99;
    46315 : 8A;
    46316 : 18;
    46317 : 1B;
    46318 : D1;
    46319 : 98;
    46320 : 88;
    46321 : 87;
    46322 : 8A;
    46323 : 21;
    46324 : 2A;
    46325 : 29;
    46326 : 84;
    46327 : 01;
    46328 : 59;
    46329 : 17;
    46330 : 99;
    46331 : 1A;
    46332 : 23;
    46333 : 89;
    46334 : B0;
    46335 : 32;
    46336 : 9F;
    46337 : 16;
    46338 : 99;
    46339 : 8A;
    46340 : 41;
    46341 : 99;
    46342 : 93;
    46343 : 9B;
    46344 : BA;
    46345 : 47;
    46346 : 8C;
    46347 : 0A;
    46348 : 09;
    46349 : A8;
    46350 : A3;
    46351 : 0A;
    46352 : 8D;
    46353 : 46;
    46354 : 19;
    46355 : 0B;
    46356 : 20;
    46357 : 80;
    46358 : 90;
    46359 : 4A;
    46360 : CA;
    46361 : 73;
    46362 : 08;
    46363 : 8A;
    46364 : 2A;
    46365 : C2;
    46366 : 41;
    46367 : 8C;
    46368 : 98;
    46369 : 72;
    46370 : 90;
    46371 : 09;
    46372 : 18;
    46373 : 90;
    46374 : 20;
    46375 : 0A;
    46376 : 9E;
    46377 : 58;
    46378 : 00;
    46379 : BC;
    46380 : 80;
    46381 : 02;
    46382 : 2A;
    46383 : 29;
    46384 : B3;
    46385 : 7E;
    46386 : 81;
    46387 : 91;
    46388 : 1A;
    46389 : A3;
    46390 : 59;
    46391 : AA;
    46392 : A8;
    46393 : 7B;
    46394 : 92;
    46395 : 99;
    46396 : 21;
    46397 : 11;
    46398 : 1A;
    46399 : 03;
    46400 : AB;
    46401 : 5C;
    46402 : 06;
    46403 : AA;
    46404 : 9B;
    46405 : 51;
    46406 : 1B;
    46407 : B9;
    46408 : 02;
    46409 : 2F;
    46410 : B3;
    46411 : 09;
    46412 : 0D;
    46413 : 81;
    46414 : 5B;
    46415 : 90;
    46416 : 98;
    46417 : 6B;
    46418 : 04;
    46419 : B9;
    46420 : 29;
    46421 : 49;
    46422 : A9;
    46423 : 32;
    46424 : 2A;
    46425 : 9B;
    46426 : 57;
    46427 : 89;
    46428 : 9B;
    46429 : 60;
    46430 : 09;
    46431 : 91;
    46432 : 20;
    46433 : 9C;
    46434 : 85;
    46435 : 08;
    46436 : 8B;
    46437 : 21;
    46438 : 0B;
    46439 : 83;
    46440 : 9C;
    46441 : 9B;
    46442 : 57;
    46443 : 99;
    46444 : 09;
    46445 : 39;
    46446 : D1;
    46447 : 20;
    46448 : 0A;
    46449 : D8;
    46450 : 42;
    46451 : 88;
    46452 : 9D;
    46453 : 29;
    46454 : 91;
    46455 : A1;
    46456 : 29;
    46457 : D9;
    46458 : 44;
    46459 : 08;
    46460 : A9;
    46461 : 20;
    46462 : A1;
    46463 : 62;
    46464 : A9;
    46465 : B8;
    46466 : 73;
    46467 : A2;
    46468 : 0A;
    46469 : 18;
    46470 : 97;
    46471 : 29;
    46472 : 98;
    46473 : C1;
    46474 : 4A;
    46475 : 81;
    46476 : D9;
    46477 : 09;
    46478 : 04;
    46479 : 98;
    46480 : 19;
    46481 : B8;
    46482 : 79;
    46483 : 00;
    46484 : C8;
    46485 : 08;
    46486 : 82;
    46487 : 39;
    46488 : C0;
    46489 : 99;
    46490 : 7B;
    46491 : 86;
    46492 : 89;
    46493 : 88;
    46494 : 13;
    46495 : 1B;
    46496 : 91;
    46497 : 08;
    46498 : 1F;
    46499 : 84;
    46500 : B0;
    46501 : 8B;
    46502 : 33;
    46503 : 8A;
    46504 : 99;
    46505 : B0;
    46506 : 5C;
    46507 : 83;
    46508 : C0;
    46509 : 1A;
    46510 : 11;
    46511 : 0B;
    46512 : 84;
    46513 : 9C;
    46514 : 1D;
    46515 : 17;
    46516 : BA;
    46517 : 98;
    46518 : 71;
    46519 : 98;
    46520 : 01;
    46521 : 08;
    46522 : C9;
    46523 : 24;
    46524 : 98;
    46525 : AA;
    46526 : 60;
    46527 : 90;
    46528 : 01;
    46529 : 08;
    46530 : AA;
    46531 : 37;
    46532 : 80;
    46533 : 9B;
    46534 : 22;
    46535 : B9;
    46536 : 03;
    46537 : 88;
    46538 : DD;
    46539 : 25;
    46540 : 98;
    46541 : AB;
    46542 : 4A;
    46543 : C3;
    46544 : 08;
    46545 : BA;
    46546 : C2;
    46547 : 58;
    46548 : B0;
    46549 : 8B;
    46550 : 1B;
    46551 : A7;
    46552 : 38;
    46553 : A8;
    46554 : C8;
    46555 : 72;
    46556 : 81;
    46557 : 9A;
    46558 : 40;
    46559 : 92;
    46560 : 28;
    46561 : 28;
    46562 : C8;
    46563 : 7A;
    46564 : 11;
    46565 : A9;
    46566 : 0A;
    46567 : 15;
    46568 : 19;
    46569 : AA;
    46570 : 11;
    46571 : 3C;
    46572 : 82;
    46573 : 0E;
    46574 : A9;
    46575 : 93;
    46576 : 1F;
    46577 : 91;
    46578 : AA;
    46579 : 6C;
    46580 : 02;
    46581 : AA;
    46582 : 19;
    46583 : 05;
    46584 : 0A;
    46585 : 08;
    46586 : 02;
    46587 : 1C;
    46588 : 23;
    46589 : A2;
    46590 : DD;
    46591 : 41;
    46592 : 00;
    46593 : C8;
    46594 : 2A;
    46595 : 88;
    46596 : 84;
    46597 : A9;
    46598 : A2;
    46599 : 32;
    46600 : 0F;
    46601 : 05;
    46602 : A9;
    46603 : 0B;
    46604 : 06;
    46605 : A8;
    46606 : 99;
    46607 : 43;
    46608 : BA;
    46609 : B0;
    46610 : 03;
    46611 : BC;
    46612 : 17;
    46613 : 91;
    46614 : B9;
    46615 : 4A;
    46616 : 15;
    46617 : 83;
    46618 : 1B;
    46619 : 89;
    46620 : 32;
    46621 : E1;
    46622 : 81;
    46623 : 6B;
    46624 : EA;
    46625 : 31;
    46626 : 08;
    46627 : C9;
    46628 : 42;
    46629 : 99;
    46630 : 9C;
    46631 : 40;
    46632 : 92;
    46633 : B9;
    46634 : 31;
    46635 : 82;
    46636 : 2E;
    46637 : 8D;
    46638 : 8A;
    46639 : 09;
    46640 : 15;
    46641 : 95;
    46642 : 9A;
    46643 : 11;
    46644 : 20;
    46645 : 32;
    46646 : AB;
    46647 : 9F;
    46648 : DA;
    46649 : 2B;
    46650 : 83;
    46651 : A8;
    46652 : 34;
    46653 : A3;
    46654 : CB;
    46655 : 0C;
    46656 : 53;
    46657 : 31;
    46658 : 01;
    46659 : E3;
    46660 : A9;
    46661 : 24;
    46662 : 03;
    46663 : 81;
    46664 : 92;
    46665 : 2D;
    46666 : 88;
    46667 : 09;
    46668 : 91;
    46669 : F3;
    46670 : 10;
    46671 : C3;
    46672 : 98;
    46673 : 8D;
    46674 : 28;
    46675 : 30;
    46676 : 99;
    46677 : 97;
    46678 : FB;
    46679 : 88;
    46680 : 12;
    46681 : 89;
    46682 : 90;
    46683 : 38;
    46684 : 0A;
    46685 : A8;
    46686 : B2;
    46687 : FA;
    46688 : 28;
    46689 : 15;
    46690 : A9;
    46691 : 0B;
    46692 : 3C;
    46693 : 44;
    46694 : A9;
    46695 : 11;
    46696 : 92;
    46697 : 08;
    46698 : 27;
    46699 : 9B;
    46700 : AB;
    46701 : 4A;
    46702 : 00;
    46703 : C8;
    46704 : 40;
    46705 : E0;
    46706 : 08;
    46707 : 42;
    46708 : 88;
    46709 : 20;
    46710 : 1B;
    46711 : 20;
    46712 : B1;
    46713 : 28;
    46714 : C7;
    46715 : 09;
    46716 : 24;
    46717 : 00;
    46718 : A8;
    46719 : 0F;
    46720 : 40;
    46721 : B3;
    46722 : 10;
    46723 : C1;
    46724 : 9A;
    46725 : 53;
    46726 : C8;
    46727 : 89;
    46728 : 0B;
    46729 : 24;
    46730 : B3;
    46731 : AA;
    46732 : F2;
    46733 : 0B;
    46734 : 32;
    46735 : 9C;
    46736 : 2A;
    46737 : 98;
    46738 : 72;
    46739 : B2;
    46740 : 9A;
    46741 : 82;
    46742 : 8B;
    46743 : 69;
    46744 : 9C;
    46745 : 28;
    46746 : 8B;
    46747 : 45;
    46748 : 85;
    46749 : 19;
    46750 : 02;
    46751 : 8D;
    46752 : 38;
    46753 : 08;
    46754 : 5A;
    46755 : B9;
    46756 : 38;
    46757 : 12;
    46758 : 9C;
    46759 : 82;
    46760 : 1D;
    46761 : 73;
    46762 : 88;
    46763 : 29;
    46764 : CB;
    46765 : 3B;
    46766 : 24;
    46767 : AB;
    46768 : 81;
    46769 : 1B;
    46770 : 4B;
    46771 : C8;
    46772 : 7A;
    46773 : A0;
    46774 : 20;
    46775 : 33;
    46776 : CD;
    46777 : 00;
    46778 : 0A;
    46779 : 30;
    46780 : B8;
    46781 : 5C;
    46782 : B9;
    46783 : 9B;
    46784 : 34;
    46785 : A9;
    46786 : 04;
    46787 : 0A;
    46788 : 4A;
    46789 : C0;
    46790 : 7A;
    46791 : A2;
    46792 : 88;
    46793 : 44;
    46794 : BA;
    46795 : 02;
    46796 : 2B;
    46797 : 39;
    46798 : 85;
    46799 : 3B;
    46800 : E1;
    46801 : 89;
    46802 : 62;
    46803 : A8;
    46804 : 00;
    46805 : 0B;
    46806 : 19;
    46807 : B3;
    46808 : 1F;
    46809 : 81;
    46810 : 99;
    46811 : 62;
    46812 : B8;
    46813 : 18;
    46814 : 1B;
    46815 : 28;
    46816 : 92;
    46817 : 1F;
    46818 : B3;
    46819 : 99;
    46820 : 70;
    46821 : B0;
    46822 : 48;
    46823 : 89;
    46824 : 19;
    46825 : 02;
    46826 : 1D;
    46827 : 94;
    46828 : 99;
    46829 : 50;
    46830 : B0;
    46831 : 48;
    46832 : 8A;
    46833 : 09;
    46834 : 05;
    46835 : 8D;
    46836 : 92;
    46837 : B9;
    46838 : 58;
    46839 : B1;
    46840 : 3B;
    46841 : AA;
    46842 : 08;
    46843 : 26;
    46844 : AB;
    46845 : 87;
    46846 : 98;
    46847 : 31;
    46848 : A0;
    46849 : 3B;
    46850 : 01;
    46851 : 2A;
    46852 : 27;
    46853 : 9B;
    46854 : 23;
    46855 : 89;
    46856 : 70;
    46857 : A2;
    46858 : 4B;
    46859 : A8;
    46860 : 8B;
    46861 : 33;
    46862 : AF;
    46863 : 21;
    46864 : CB;
    46865 : 39;
    46866 : 91;
    46867 : 1E;
    46868 : 81;
    46869 : 9C;
    46870 : 12;
    46871 : C8;
    46872 : 10;
    46873 : A9;
    46874 : 78;
    46875 : 83;
    46876 : 0C;
    46877 : 01;
    46878 : AB;
    46879 : 42;
    46880 : D0;
    46881 : 00;
    46882 : A8;
    46883 : 38;
    46884 : 05;
    46885 : 8D;
    46886 : 13;
    46887 : 89;
    46888 : 13;
    46889 : E2;
    46890 : 38;
    46891 : A8;
    46892 : 78;
    46893 : 12;
    46894 : 9D;
    46895 : 21;
    46896 : A9;
    46897 : 18;
    46898 : 81;
    46899 : 48;
    46900 : B8;
    46901 : 2E;
    46902 : 82;
    46903 : AE;
    46904 : 22;
    46905 : 98;
    46906 : 28;
    46907 : A2;
    46908 : 4A;
    46909 : C8;
    46910 : 4B;
    46911 : 25;
    46912 : A9;
    46913 : 28;
    46914 : B0;
    46915 : 19;
    46916 : 81;
    46917 : 41;
    46918 : D0;
    46919 : 0E;
    46920 : 14;
    46921 : CB;
    46922 : 18;
    46923 : 83;
    46924 : 09;
    46925 : D0;
    46926 : 08;
    46927 : B8;
    46928 : 9C;
    46929 : 45;
    46930 : B9;
    46931 : 00;
    46932 : 03;
    46933 : 1A;
    46934 : B3;
    46935 : 79;
    46936 : 02;
    46937 : AC;
    46938 : 54;
    46939 : A8;
    46940 : 09;
    46941 : 12;
    46942 : 8A;
    46943 : B1;
    46944 : 6C;
    46945 : 80;
    46946 : BA;
    46947 : 72;
    46948 : A1;
    46949 : 98;
    46950 : 28;
    46951 : 89;
    46952 : 83;
    46953 : 3D;
    46954 : 82;
    46955 : DA;
    46956 : 78;
    46957 : A1;
    46958 : 89;
    46959 : 18;
    46960 : 80;
    46961 : 92;
    46962 : 0F;
    46963 : 02;
    46964 : B9;
    46965 : 69;
    46966 : A2;
    46967 : 8A;
    46968 : 29;
    46969 : 90;
    46970 : 82;
    46971 : 0E;
    46972 : 03;
    46973 : C8;
    46974 : 3B;
    46975 : 96;
    46976 : 89;
    46977 : 00;
    46978 : 91;
    46979 : 81;
    46980 : 9C;
    46981 : 26;
    46982 : B8;
    46983 : 1B;
    46984 : 87;
    46985 : 98;
    46986 : 89;
    46987 : 83;
    46988 : 01;
    46989 : A9;
    46990 : 53;
    46991 : 96;
    46992 : 01;
    46993 : 15;
    46994 : 1A;
    46995 : 99;
    46996 : 90;
    46997 : 32;
    46998 : DC;
    46999 : 89;
    47000 : B1;
    47001 : 0B;
    47002 : A5;
    47003 : AC;
    47004 : 10;
    47005 : B0;
    47006 : 50;
    47007 : DA;
    47008 : 2A;
    47009 : A4;
    47010 : CA;
    47011 : 05;
    47012 : 10;
    47013 : 69;
    47014 : 9A;
    47015 : 81;
    47016 : A5;
    47017 : 02;
    47018 : 00;
    47019 : AD;
    47020 : 10;
    47021 : B0;
    47022 : 11;
    47023 : B2;
    47024 : 8E;
    47025 : 92;
    47026 : 89;
    47027 : 21;
    47028 : 92;
    47029 : 3B;
    47030 : A7;
    47031 : 06;
    47032 : 11;
    47033 : 0B;
    47034 : 10;
    47035 : 84;
    47036 : F3;
    47037 : 90;
    47038 : 80;
    47039 : 1B;
    47040 : 23;
    47041 : 91;
    47042 : E3;
    47043 : D5;
    47044 : 29;
    47045 : 21;
    47046 : 08;
    47047 : 80;
    47048 : FB;
    47049 : 02;
    47050 : 81;
    47051 : 1A;
    47052 : 91;
    47053 : 9F;
    47054 : 93;
    47055 : B3;
    47056 : 38;
    47057 : AA;
    47058 : 0A;
    47059 : 84;
    47060 : D0;
    47061 : 96;
    47062 : 99;
    47063 : 1A;
    47064 : 91;
    47065 : 08;
    47066 : E0;
    47067 : D0;
    47068 : 28;
    47069 : 20;
    47070 : 03;
    47071 : 0A;
    47072 : B9;
    47073 : 06;
    47074 : 24;
    47075 : 99;
    47076 : 13;
    47077 : 9B;
    47078 : 28;
    47079 : 17;
    47080 : BA;
    47081 : 89;
    47082 : A9;
    47083 : 78;
    47084 : 92;
    47085 : 93;
    47086 : B0;
    47087 : 1F;
    47088 : 24;
    47089 : A9;
    47090 : 88;
    47091 : D3;
    47092 : 19;
    47093 : 12;
    47094 : 88;
    47095 : 09;
    47096 : DD;
    47097 : 04;
    47098 : 92;
    47099 : 89;
    47100 : 93;
    47101 : 8D;
    47102 : 11;
    47103 : 97;
    47104 : 98;
    47105 : 90;
    47106 : 30;
    47107 : 18;
    47108 : F0;
    47109 : 91;
    47110 : A8;
    47111 : 09;
    47112 : 63;
    47113 : A8;
    47114 : 99;
    47115 : A2;
    47116 : B0;
    47117 : 33;
    47118 : B0;
    47119 : 18;
    47120 : FA;
    47121 : 21;
    47122 : 17;
    47123 : BA;
    47124 : 33;
    47125 : BA;
    47126 : 3A;
    47127 : 07;
    47128 : 8A;
    47129 : B2;
    47130 : 0C;
    47131 : 72;
    47132 : C1;
    47133 : 10;
    47134 : A2;
    47135 : 8A;
    47136 : 35;
    47137 : 99;
    47138 : 29;
    47139 : D8;
    47140 : 80;
    47141 : 02;
    47142 : 9D;
    47143 : 21;
    47144 : AD;
    47145 : 28;
    47146 : 86;
    47147 : 9A;
    47148 : 01;
    47149 : 0A;
    47150 : 49;
    47151 : A3;
    47152 : 99;
    47153 : D1;
    47154 : 9B;
    47155 : 71;
    47156 : A1;
    47157 : 09;
    47158 : A2;
    47159 : AA;
    47160 : 35;
    47161 : B0;
    47162 : 59;
    47163 : A1;
    47164 : 89;
    47165 : 27;
    47166 : B9;
    47167 : 31;
    47168 : B9;
    47169 : 3A;
    47170 : 07;
    47171 : BA;
    47172 : 93;
    47173 : BC;
    47174 : 72;
    47175 : 92;
    47176 : 8A;
    47177 : 93;
    47178 : BA;
    47179 : 53;
    47180 : A0;
    47181 : 2B;
    47182 : F3;
    47183 : 89;
    47184 : 23;
    47185 : D8;
    47186 : 49;
    47187 : A0;
    47188 : 89;
    47189 : 24;
    47190 : C9;
    47191 : 11;
    47192 : 0A;
    47193 : 18;
    47194 : 97;
    47195 : 9A;
    47196 : 93;
    47197 : BA;
    47198 : 7B;
    47199 : 94;
    47200 : 8A;
    47201 : 82;
    47202 : B0;
    47203 : 60;
    47204 : 99;
    47205 : 3A;
    47206 : C2;
    47207 : 9B;
    47208 : 37;
    47209 : B9;
    47210 : 3A;
    47211 : 91;
    47212 : 9A;
    47213 : 15;
    47214 : A9;
    47215 : 33;
    47216 : AD;
    47217 : 68;
    47218 : 93;
    47219 : 9C;
    47220 : 14;
    47221 : B9;
    47222 : 29;
    47223 : 84;
    47224 : 8A;
    47225 : B2;
    47226 : 88;
    47227 : 54;
    47228 : B8;
    47229 : 6A;
    47230 : A1;
    47231 : BA;
    47232 : 35;
    47233 : C1;
    47234 : 2A;
    47235 : 08;
    47236 : 99;
    47237 : 02;
    47238 : CA;
    47239 : 24;
    47240 : BC;
    47241 : 49;
    47242 : 06;
    47243 : AC;
    47244 : 02;
    47245 : A1;
    47246 : 1B;
    47247 : 03;
    47248 : 0B;
    47249 : B0;
    47250 : BB;
    47251 : 67;
    47252 : B0;
    47253 : 2A;
    47254 : 03;
    47255 : CC;
    47256 : 32;
    47257 : B1;
    47258 : 1A;
    47259 : 80;
    47260 : 28;
    47261 : 05;
    47262 : EA;
    47263 : 42;
    47264 : A9;
    47265 : 3A;
    47266 : 25;
    47267 : DB;
    47268 : 11;
    47269 : 00;
    47270 : 89;
    47271 : 04;
    47272 : 1A;
    47273 : B2;
    47274 : AB;
    47275 : 72;
    47276 : C2;
    47277 : 1B;
    47278 : 12;
    47279 : D9;
    47280 : 40;
    47281 : A1;
    47282 : 09;
    47283 : 89;
    47284 : 1B;
    47285 : 05;
    47286 : EA;
    47287 : 31;
    47288 : B0;
    47289 : 1B;
    47290 : 25;
    47291 : EA;
    47292 : 10;
    47293 : 88;
    47294 : 09;
    47295 : 03;
    47296 : 2C;
    47297 : 93;
    47298 : AA;
    47299 : 78;
    47300 : B3;
    47301 : 1C;
    47302 : 02;
    47303 : D9;
    47304 : 48;
    47305 : A0;
    47306 : 19;
    47307 : 08;
    47308 : 0B;
    47309 : 25;
    47310 : DA;
    47311 : 30;
    47312 : A0;
    47313 : 3B;
    47314 : 36;
    47315 : CA;
    47316 : 21;
    47317 : A0;
    47318 : 09;
    47319 : 16;
    47320 : 8C;
    47321 : 93;
    47322 : A8;
    47323 : 58;
    47324 : A4;
    47325 : 2B;
    47326 : 82;
    47327 : F9;
    47328 : 30;
    47329 : C1;
    47330 : 09;
    47331 : 00;
    47332 : AA;
    47333 : 44;
    47334 : C9;
    47335 : 20;
    47336 : A1;
    47337 : 8B;
    47338 : 35;
    47339 : EB;
    47340 : 10;
    47341 : 80;
    47342 : 8A;
    47343 : 13;
    47344 : 9C;
    47345 : 82;
    47346 : C8;
    47347 : 48;
    47348 : 94;
    47349 : 8B;
    47350 : 12;
    47351 : B9;
    47352 : 51;
    47353 : B5;
    47354 : 9A;
    47355 : 33;
    47356 : B8;
    47357 : 72;
    47358 : E1;
    47359 : 08;
    47360 : 82;
    47361 : 8A;
    47362 : 17;
    47363 : B9;
    47364 : 09;
    47365 : 99;
    47366 : 02;
    47367 : 17;
    47368 : 19;
    47369 : 10;
    47370 : D8;
    47371 : 10;
    47372 : 07;
    47373 : 0A;
    47374 : 89;
    47375 : 88;
    47376 : 99;
    47377 : F1;
    47378 : 08;
    47379 : 12;
    47380 : 9B;
    47381 : 4A;
    47382 : C2;
    47383 : C0;
    47384 : 11;
    47385 : 02;
    47386 : 29;
    47387 : 9F;
    47388 : 03;
    47389 : D8;
    47390 : 00;
    47391 : 16;
    47392 : 88;
    47393 : 9A;
    47394 : 00;
    47395 : B0;
    47396 : 06;
    47397 : 21;
    47398 : AA;
    47399 : CD;
    47400 : 08;
    47401 : A4;
    47402 : 01;
    47403 : 41;
    47404 : 08;
    47405 : 0C;
    47406 : A3;
    47407 : B3;
    47408 : 24;
    47409 : 21;
    47410 : 1A;
    47411 : CF;
    47412 : 80;
    47413 : 82;
    47414 : 10;
    47415 : 64;
    47416 : 98;
    47417 : AB;
    47418 : 88;
    47419 : 92;
    47420 : 23;
    47421 : 68;
    47422 : 98;
    47423 : EA;
    47424 : 08;
    47425 : 83;
    47426 : 30;
    47427 : 28;
    47428 : E8;
    47429 : AC;
    47430 : 80;
    47431 : 82;
    47432 : 31;
    47433 : 41;
    47434 : 32;
    47435 : FC;
    47436 : 99;
    47437 : 81;
    47438 : 28;
    47439 : 42;
    47440 : B9;
    47441 : E9;
    47442 : A8;
    47443 : 21;
    47444 : 30;
    47445 : 1B;
    47446 : 01;
    47447 : F0;
    47448 : 88;
    47449 : 01;
    47450 : 2E;
    47451 : 42;
    47452 : 91;
    47453 : B9;
    47454 : B8;
    47455 : 49;
    47456 : 38;
    47457 : 10;
    47458 : 86;
    47459 : E1;
    47460 : 18;
    47461 : 21;
    47462 : 1A;
    47463 : 20;
    47464 : D1;
    47465 : C1;
    47466 : 19;
    47467 : 28;
    47468 : 62;
    47469 : 80;
    47470 : D2;
    47471 : B0;
    47472 : 0B;
    47473 : 22;
    47474 : 5B;
    47475 : 92;
    47476 : B5;
    47477 : 88;
    47478 : 90;
    47479 : 38;
    47480 : 3A;
    47481 : D4;
    47482 : A1;
    47483 : FA;
    47484 : 98;
    47485 : 28;
    47486 : 8B;
    47487 : 17;
    47488 : A1;
    47489 : A8;
    47490 : 00;
    47491 : 2B;
    47492 : 91;
    47493 : 84;
    47494 : A4;
    47495 : C0;
    47496 : 79;
    47497 : 10;
    47498 : 88;
    47499 : 13;
    47500 : B2;
    47501 : 9B;
    47502 : 2C;
    47503 : 0C;
    47504 : A0;
    47505 : 14;
    47506 : 93;
    47507 : CC;
    47508 : 3D;
    47509 : 01;
    47510 : A8;
    47511 : 23;
    47512 : B5;
    47513 : 9C;
    47514 : 1D;
    47515 : 81;
    47516 : 81;
    47517 : 11;
    47518 : 87;
    47519 : 99;
    47520 : 0D;
    47521 : 13;
    47522 : A0;
    47523 : 04;
    47524 : 05;
    47525 : 9B;
    47526 : 9A;
    47527 : 10;
    47528 : D0;
    47529 : A1;
    47530 : 35;
    47531 : BA;
    47532 : 9C;
    47533 : 30;
    47534 : E1;
    47535 : 12;
    47536 : 42;
    47537 : B9;
    47538 : 9B;
    47539 : 30;
    47540 : A5;
    47541 : 83;
    47542 : 70;
    47543 : 88;
    47544 : 9B;
    47545 : 10;
    47546 : D2;
    47547 : 09;
    47548 : 38;
    47549 : 01;
    47550 : AE;
    47551 : 99;
    47552 : B5;
    47553 : 29;
    47554 : 78;
    47555 : 91;
    47556 : 9A;
    47557 : 01;
    47558 : 85;
    47559 : 10;
    47560 : 00;
    47561 : 92;
    47562 : 8F;
    47563 : A0;
    47564 : 04;
    47565 : 8B;
    47566 : 09;
    47567 : 02;
    47568 : 9E;
    47569 : 81;
    47570 : 21;
    47571 : 1A;
    47572 : 01;
    47573 : 50;
    47574 : DB;
    47575 : 88;
    47576 : 32;
    47577 : 09;
    47578 : 59;
    47579 : 21;
    47580 : EA;
    47581 : 98;
    47582 : 30;
    47583 : 28;
    47584 : 89;
    47585 : 90;
    47586 : FA;
    47587 : 8B;
    47588 : 70;
    47589 : 01;
    47590 : 89;
    47591 : 00;
    47592 : D1;
    47593 : 90;
    47594 : 30;
    47595 : 12;
    47596 : 31;
    47597 : 11;
    47598 : C7;
    47599 : 89;
    47600 : 20;
    47601 : 14;
    47602 : 19;
    47603 : E0;
    47604 : A1;
    47605 : 88;
    47606 : 19;
    47607 : 51;
    47608 : B8;
    47609 : D0;
    47610 : 91;
    47611 : 8A;
    47612 : 2A;
    47613 : 58;
    47614 : 98;
    47615 : D2;
    47616 : 88;
    47617 : 00;
    47618 : 2B;
    47619 : 70;
    47620 : 80;
    47621 : A0;
    47622 : B0;
    47623 : 3B;
    47624 : 52;
    47625 : 61;
    47626 : 01;
    47627 : D1;
    47628 : AA;
    47629 : AB;
    47630 : 9A;
    47631 : 39;
    47632 : 94;
    47633 : A1;
    47634 : BB;
    47635 : 8D;
    47636 : 48;
    47637 : 11;
    47638 : 06;
    47639 : 91;
    47640 : C9;
    47641 : 2A;
    47642 : 4A;
    47643 : 04;
    47644 : 24;
    47645 : 01;
    47646 : C2;
    47647 : 0F;
    47648 : 18;
    47649 : 81;
    47650 : 11;
    47651 : 95;
    47652 : A0;
    47653 : 0E;
    47654 : 80;
    47655 : 01;
    47656 : 82;
    47657 : 84;
    47658 : A0;
    47659 : 9E;
    47660 : 10;
    47661 : 92;
    47662 : 13;
    47663 : 16;
    47664 : 90;
    47665 : AC;
    47666 : 98;
    47667 : A2;
    47668 : 83;
    47669 : 34;
    47670 : B0;
    47671 : BF;
    47672 : 99;
    47673 : B3;
    47674 : A2;
    47675 : 25;
    47676 : A0;
    47677 : EC;
    47678 : 81;
    47679 : A2;
    47680 : 84;
    47681 : 22;
    47682 : A1;
    47683 : EA;
    47684 : 80;
    47685 : A4;
    47686 : 83;
    47687 : 23;
    47688 : D3;
    47689 : B8;
    47690 : A0;
    47691 : B4;
    47692 : 01;
    47693 : 02;
    47694 : A5;
    47695 : BC;
    47696 : A0;
    47697 : A2;
    47698 : 30;
    47699 : 07;
    47700 : 91;
    47701 : BC;
    47702 : B0;
    47703 : 02;
    47704 : 41;
    47705 : 15;
    47706 : 82;
    47707 : CB;
    47708 : A2;
    47709 : A1;
    47710 : 38;
    47711 : 17;
    47712 : A1;
    47713 : DA;
    47714 : B0;
    47715 : 90;
    47716 : 10;
    47717 : 07;
    47718 : 91;
    47719 : BA;
    47720 : B0;
    47721 : A8;
    47722 : 59;
    47723 : 17;
    47724 : 01;
    47725 : AA;
    47726 : 90;
    47727 : 11;
    47728 : 6F;
    47729 : 92;
    47730 : F3;
    47731 : 18;
    47732 : 80;
    47733 : B1;
    47734 : B0;
    47735 : E9;
    47736 : 60;
    47737 : A9;
    47738 : 0A;
    47739 : 21;
    47740 : 34;
    47741 : 22;
    47742 : 84;
    47743 : 8A;
    47744 : AA;
    47745 : C8;
    47746 : AF;
    47747 : 88;
    47748 : 81;
    47749 : 20;
    47750 : 01;
    47751 : 11;
    47752 : 29;
    47753 : F1;
    47754 : 6C;
    47755 : 80;
    47756 : A1;
    47757 : A9;
    47758 : 03;
    47759 : 88;
    47760 : 71;
    47761 : 80;
    47762 : CA;
    47763 : 80;
    47764 : 9B;
    47765 : 33;
    47766 : 15;
    47767 : 88;
    47768 : 98;
    47769 : 30;
    47770 : 21;
    47771 : 37;
    47772 : 98;
    47773 : 8D;
    47774 : B0;
    47775 : EA;
    47776 : 09;
    47777 : A0;
    47778 : 39;
    47779 : C4;
    47780 : A1;
    47781 : 72;
    47782 : 92;
    47783 : 92;
    47784 : 31;
    47785 : C1;
    47786 : BB;
    47787 : 5B;
    47788 : C1;
    47789 : 89;
    47790 : 32;
    47791 : D1;
    47792 : 08;
    47793 : 81;
    47794 : 89;
    47795 : A1;
    47796 : 29;
    47797 : 39;
    47798 : 84;
    47799 : 1C;
    47800 : 82;
    47801 : B7;
    47802 : 48;
    47803 : 84;
    47804 : BA;
    47805 : AC;
    47806 : A8;
    47807 : 98;
    47808 : 71;
    47809 : 03;
    47810 : A0;
    47811 : 30;
    47812 : 14;
    47813 : DA;
    47814 : 29;
    47815 : A9;
    47816 : E0;
    47817 : 80;
    47818 : 00;
    47819 : 02;
    47820 : C9;
    47821 : 05;
    47822 : 80;
    47823 : 80;
    47824 : C8;
    47825 : 02;
    47826 : 11;
    47827 : 55;
    47828 : A1;
    47829 : 18;
    47830 : 04;
    47831 : DA;
    47832 : BB;
    47833 : 18;
    47834 : C1;
    47835 : 88;
    47836 : 04;
    47837 : 92;
    47838 : 31;
    47839 : 45;
    47840 : DB;
    47841 : 09;
    47842 : 28;
    47843 : 84;
    47844 : 88;
    47845 : 29;
    47846 : BB;
    47847 : BA;
    47848 : 72;
    47849 : 9A;
    47850 : 80;
    47851 : 60;
    47852 : 91;
    47853 : D9;
    47854 : 20;
    47855 : 88;
    47856 : 12;
    47857 : 30;
    47858 : 81;
    47859 : B3;
    47860 : DF;
    47861 : 00;
    47862 : E1;
    47863 : 08;
    47864 : 12;
    47865 : 8C;
    47866 : 3A;
    47867 : 81;
    47868 : A3;
    47869 : 4A;
    47870 : 25;
    47871 : 19;
    47872 : 0C;
    47873 : 91;
    47874 : AA;
    47875 : 2A;
    47876 : 27;
    47877 : 29;
    47878 : 0B;
    47879 : 94;
    47880 : A0;
    47881 : 8C;
    47882 : 42;
    47883 : 88;
    47884 : 1B;
    47885 : 27;
    47886 : 90;
    47887 : 9C;
    47888 : 34;
    47889 : B9;
    47890 : CA;
    47891 : 08;
    47892 : AC;
    47893 : 80;
    47894 : 2A;
    47895 : 18;
    47896 : C8;
    47897 : 76;
    47898 : 81;
    47899 : 88;
    47900 : 28;
    47901 : AA;
    47902 : 89;
    47903 : 1A;
    47904 : 80;
    47905 : AA;
    47906 : 79;
    47907 : 85;
    47908 : 98;
    47909 : 1C;
    47910 : B3;
    47911 : 1B;
    47912 : 61;
    47913 : 91;
    47914 : CB;
    47915 : 19;
    47916 : 05;
    47917 : 89;
    47918 : 20;
    47919 : 05;
    47920 : 89;
    47921 : 9A;
    47922 : 12;
    47923 : 0C;
    47924 : 58;
    47925 : 86;
    47926 : 9B;
    47927 : 08;
    47928 : 90;
    47929 : 8A;
    47930 : 81;
    47931 : 17;
    47932 : 9B;
    47933 : 28;
    47934 : 33;
    47935 : DA;
    47936 : 22;
    47937 : 22;
    47938 : 8C;
    47939 : 19;
    47940 : 93;
    47941 : AE;
    47942 : 93;
    47943 : 40;
    47944 : A8;
    47945 : 0E;
    47946 : 90;
    47947 : A9;
    47948 : A1;
    47949 : 31;
    47950 : EB;
    47951 : 69;
    47952 : 01;
    47953 : B1;
    47954 : 9B;
    47955 : 98;
    47956 : 1E;
    47957 : 38;
    47958 : 50;
    47959 : C2;
    47960 : 28;
    47961 : 30;
    47962 : DB;
    47963 : 5A;
    47964 : 81;
    47965 : 13;
    47966 : 12;
    47967 : 08;
    47968 : F9;
    47969 : 8B;
    47970 : 21;
    47971 : A0;
    47972 : 9B;
    47973 : 51;
    47974 : A0;
    47975 : 39;
    47976 : 83;
    47977 : F0;
    47978 : 30;
    47979 : 43;
    47980 : C1;
    47981 : 9A;
    47982 : 01;
    47983 : 0A;
    47984 : 30;
    47985 : 32;
    47986 : FE;
    47987 : 1A;
    47988 : 10;
    47989 : C8;
    47990 : 21;
    47991 : 22;
    47992 : 91;
    47993 : 04;
    47994 : 4A;
    47995 : C8;
    47996 : 0C;
    47997 : 30;
    47998 : A8;
    47999 : 9E;
    48000 : 99;
    48001 : 1A;
    48002 : 81;
    48003 : 68;
    48004 : 08;
    48005 : 03;
    48006 : 3A;
    48007 : B8;
    48008 : 90;
    48009 : 1F;
    48010 : E9;
    48011 : 88;
    48012 : 38;
    48013 : 80;
    48014 : 8B;
    48015 : 72;
    48016 : C2;
    48017 : A0;
    48018 : 69;
    48019 : 10;
    48020 : 11;
    48021 : 41;
    48022 : 91;
    48023 : 9B;
    48024 : 5B;
    48025 : A8;
    48026 : 09;
    48027 : 10;
    48028 : 0A;
    48029 : 14;
    48030 : 68;
    48031 : 8A;
    48032 : 01;
    48033 : 38;
    48034 : C1;
    48035 : 80;
    48036 : 0D;
    48037 : 0A;
    48038 : 63;
    48039 : 30;
    48040 : C8;
    48041 : CC;
    48042 : 8A;
    48043 : 19;
    48044 : 90;
    48045 : 00;
    48046 : 90;
    48047 : 27;
    48048 : 9A;
    48049 : 9C;
    48050 : 09;
    48051 : 30;
    48052 : 81;
    48053 : 08;
    48054 : 99;
    48055 : BF;
    48056 : 41;
    48057 : 82;
    48058 : 99;
    48059 : 79;
    48060 : 58;
    48061 : 88;
    48062 : 10;
    48063 : 39;
    48064 : AB;
    48065 : 49;
    48066 : 28;
    48067 : B8;
    48068 : 4C;
    48069 : 29;
    48070 : BB;
    48071 : 21;
    48072 : 2A;
    48073 : 1E;
    48074 : 24;
    48075 : 73;
    48076 : 81;
    48077 : 89;
    48078 : 6A;
    48079 : A1;
    48080 : 80;
    48081 : 29;
    48082 : EA;
    48083 : 09;
    48084 : 12;
    48085 : 83;
    48086 : C0;
    48087 : 69;
    48088 : 88;
    48089 : C8;
    48090 : 29;
    48091 : D8;
    48092 : 0A;
    48093 : 21;
    48094 : A8;
    48095 : CA;
    48096 : B8;
    48097 : 24;
    48098 : 33;
    48099 : 51;
    48100 : 1C;
    48101 : 90;
    48102 : 28;
    48103 : D8;
    48104 : BD;
    48105 : 6A;
    48106 : 02;
    48107 : 00;
    48108 : AB;
    48109 : 99;
    48110 : 09;
    48111 : 8C;
    48112 : 27;
    48113 : AA;
    48114 : 4B;
    48115 : 78;
    48116 : 84;
    48117 : 00;
    48118 : 41;
    48119 : 1A;
    48120 : 9E;
    48121 : 20;
    48122 : 11;
    48123 : 89;
    48124 : 98;
    48125 : 8D;
    48126 : 08;
    48127 : 90;
    48128 : 00;
    48129 : 80;
    48130 : 08;
    48131 : 09;
    48132 : 09;
    48133 : 01;
    48134 : 82;
    48135 : 8A;
    48136 : 08;
    48137 : 28;
    48138 : 48;
    48139 : 18;
    48140 : D8;
    48141 : A1;
    48142 : 02;
    48143 : 08;
    48144 : 2B;
    48145 : 8A;
    48146 : B4;
    48147 : A3;
    48148 : 91;
    48149 : 8D;
    48150 : 11;
    48151 : 14;
    48152 : 19;
    48153 : 8A;
    48154 : 98;
    48155 : 81;
    48156 : 80;
    48157 : 00;
    48158 : 88;
    48159 : 00;
    48160 : 80;
    48161 : 08;
    48162 : 09;
    48163 : 08;
    48164 : 38;
    48165 : 5B;
    48166 : 1E;
    48167 : 08;
    48168 : A1;
    48169 : A0;
    48170 : 03;
    48171 : 80;
END;
