WIDTH=16;
DEPTH=45140;

ADDRESS_RADIX=UNS;
DATA_RADIX=HEX;

CONTENT BEGIN
    0 : 0000;
    1 : 0000;
    2 : 0000;
    3 : 0000;
    4 : 0000;
    5 : 0000;
    6 : 0000;
    7 : 0000;
    8 : 0000;
    9 : 0000;
    10 : 0000;
    11 : 0000;
    12 : 0000;
    13 : 0000;
    14 : 0000;
    15 : 0000;
    16 : 0000;
    17 : 0000;
    18 : 0000;
    19 : 0000;
    20 : 0000;
    21 : 0000;
    22 : 0000;
    23 : 0000;
    24 : 0000;
    25 : 0000;
    26 : 0000;
    27 : 0000;
    28 : 0000;
    29 : 0000;
    30 : 0000;
    31 : 0000;
    32 : 0000;
    33 : 0000;
    34 : 0000;
    35 : 0000;
    36 : 0000;
    37 : 0000;
    38 : 0000;
    39 : 0000;
    40 : 0000;
    41 : 0000;
    42 : 0000;
    43 : 0000;
    44 : 0000;
    45 : 0000;
    46 : 0000;
    47 : 0000;
    48 : 0000;
    49 : 0000;
    50 : 0000;
    51 : 0000;
    52 : 0000;
    53 : 0000;
    54 : 0000;
    55 : 0000;
    56 : 0000;
    57 : 0000;
    58 : 0000;
    59 : 0000;
    60 : 0000;
    61 : 0000;
    62 : 0000;
    63 : 0000;
    64 : 0000;
    65 : 0000;
    66 : 0000;
    67 : 0000;
    68 : 0000;
    69 : 0000;
    70 : 0000;
    71 : 0000;
    72 : 0000;
    73 : 0000;
    74 : 0000;
    75 : 0000;
    76 : 0000;
    77 : 0000;
    78 : 0000;
    79 : 0000;
    80 : 0000;
    81 : 0000;
    82 : 0000;
    83 : 0000;
    84 : 0000;
    85 : 0000;
    86 : 0000;
    87 : 0000;
    88 : 0000;
    89 : 0000;
    90 : 0000;
    91 : 0000;
    92 : 0000;
    93 : 0000;
    94 : 0000;
    95 : 0000;
    96 : 0000;
    97 : 0000;
    98 : 0000;
    99 : 0000;
    100 : 0000;
    101 : 0000;
    102 : 0000;
    103 : 0000;
    104 : 0000;
    105 : 0000;
    106 : 0000;
    107 : 0000;
    108 : 0000;
    109 : 0000;
    110 : 0000;
    111 : 0000;
    112 : 0000;
    113 : 0000;
    114 : 0000;
    115 : 0000;
    116 : 0000;
    117 : 0000;
    118 : 0000;
    119 : 0000;
    120 : 0000;
    121 : 0000;
    122 : 0000;
    123 : 0000;
    124 : 0000;
    125 : 0000;
    126 : 0000;
    127 : 0000;
    128 : 0000;
    129 : 0000;
    130 : 0000;
    131 : 0000;
    132 : 0000;
    133 : 0000;
    134 : 0000;
    135 : 0000;
    136 : 0000;
    137 : 0000;
    138 : 0000;
    139 : 0000;
    140 : 0000;
    141 : 0000;
    142 : 0000;
    143 : 0000;
    144 : 0000;
    145 : 0000;
    146 : 0000;
    147 : 0000;
    148 : 0000;
    149 : 0000;
    150 : 0000;
    151 : 0000;
    152 : 0000;
    153 : 0000;
    154 : 0000;
    155 : 0000;
    156 : 0000;
    157 : 0000;
    158 : 0000;
    159 : 0000;
    160 : 0000;
    161 : 0000;
    162 : 0000;
    163 : 0000;
    164 : 0000;
    165 : 0000;
    166 : 0000;
    167 : 0000;
    168 : 0000;
    169 : 0000;
    170 : 0000;
    171 : 0000;
    172 : 0000;
    173 : 0000;
    174 : 0000;
    175 : 0000;
    176 : 0000;
    177 : 0000;
    178 : 0000;
    179 : 0000;
    180 : 0000;
    181 : 0000;
    182 : 0000;
    183 : 0000;
    184 : 0000;
    185 : 0000;
    186 : 0000;
    187 : 0000;
    188 : 0000;
    189 : 0000;
    190 : 0000;
    191 : 0000;
    192 : 0000;
    193 : 0000;
    194 : 0000;
    195 : 0000;
    196 : 0000;
    197 : 0000;
    198 : 0000;
    199 : 0000;
    200 : 0000;
    201 : 0000;
    202 : 0000;
    203 : 0000;
    204 : 0000;
    205 : 0000;
    206 : 0000;
    207 : 0000;
    208 : 0000;
    209 : 0000;
    210 : 0000;
    211 : 0000;
    212 : 0000;
    213 : 0000;
    214 : 0000;
    215 : 0000;
    216 : 0000;
    217 : 0000;
    218 : 0000;
    219 : 0000;
    220 : 0000;
    221 : 0000;
    222 : 0000;
    223 : 0000;
    224 : 0000;
    225 : 0000;
    226 : 0000;
    227 : 0000;
    228 : 0000;
    229 : 0000;
    230 : 0000;
    231 : 0000;
    232 : 0000;
    233 : 0000;
    234 : 0000;
    235 : 0000;
    236 : 0000;
    237 : 0000;
    238 : 0000;
    239 : 0000;
    240 : 0000;
    241 : 0000;
    242 : 0000;
    243 : 0000;
    244 : 0000;
    245 : 0000;
    246 : 0000;
    247 : 0000;
    248 : 0000;
    249 : 0000;
    250 : 0000;
    251 : 0000;
    252 : 0000;
    253 : 0000;
    254 : 0000;
    255 : 0000;
    256 : 0000;
    257 : 0000;
    258 : 0000;
    259 : 0000;
    260 : 0000;
    261 : 0000;
    262 : 0000;
    263 : 0000;
    264 : 0000;
    265 : 0000;
    266 : 0000;
    267 : 0000;
    268 : 0000;
    269 : 0000;
    270 : 0000;
    271 : 0000;
    272 : 0000;
    273 : 0000;
    274 : 0000;
    275 : 0000;
    276 : 0000;
    277 : 0000;
    278 : 0000;
    279 : 0000;
    280 : 0000;
    281 : 0000;
    282 : 0000;
    283 : 0000;
    284 : 0000;
    285 : 0000;
    286 : 0000;
    287 : 0000;
    288 : 0000;
    289 : 0000;
    290 : 0000;
    291 : 0000;
    292 : 0000;
    293 : 0000;
    294 : 0000;
    295 : 0000;
    296 : 0000;
    297 : 0000;
    298 : 0000;
    299 : 0000;
    300 : 0000;
    301 : 0000;
    302 : 0000;
    303 : 0000;
    304 : 0000;
    305 : 0000;
    306 : 0000;
    307 : 0000;
    308 : 0000;
    309 : 0000;
    310 : 0000;
    311 : 0000;
    312 : 0000;
    313 : 0000;
    314 : 0000;
    315 : 0000;
    316 : 0000;
    317 : 0000;
    318 : 0000;
    319 : 0000;
    320 : 0000;
    321 : 0000;
    322 : 0000;
    323 : 0000;
    324 : 0000;
    325 : 0000;
    326 : 0000;
    327 : 0000;
    328 : 0000;
    329 : 0000;
    330 : 0000;
    331 : 0000;
    332 : 0000;
    333 : 0000;
    334 : 0000;
    335 : 0000;
    336 : 0000;
    337 : 0000;
    338 : 0000;
    339 : 0000;
    340 : 0000;
    341 : 0000;
    342 : 0000;
    343 : 0000;
    344 : 0000;
    345 : 0000;
    346 : 0000;
    347 : 0000;
    348 : 0000;
    349 : 0000;
    350 : 0000;
    351 : 0000;
    352 : 0000;
    353 : 0000;
    354 : 0000;
    355 : 0000;
    356 : 0000;
    357 : 0000;
    358 : 0000;
    359 : 0000;
    360 : 0000;
    361 : 0000;
    362 : 0000;
    363 : 0000;
    364 : 0000;
    365 : 0000;
    366 : 0000;
    367 : 0000;
    368 : 0000;
    369 : 0000;
    370 : 0000;
    371 : 0000;
    372 : 0000;
    373 : 0000;
    374 : 0000;
    375 : 0000;
    376 : 0000;
    377 : 0000;
    378 : 0000;
    379 : 0000;
    380 : 0000;
    381 : 0000;
    382 : 0000;
    383 : 0000;
    384 : 0000;
    385 : 0000;
    386 : 0000;
    387 : 0000;
    388 : 0000;
    389 : 0000;
    390 : 0000;
    391 : 0000;
    392 : 0000;
    393 : 0000;
    394 : 0000;
    395 : 0000;
    396 : 0000;
    397 : 0000;
    398 : 0000;
    399 : 0000;
    400 : 0000;
    401 : 0000;
    402 : 0000;
    403 : 0000;
    404 : 0000;
    405 : 0000;
    406 : 0000;
    407 : 0000;
    408 : 0000;
    409 : 0000;
    410 : 0000;
    411 : 0000;
    412 : 0000;
    413 : 0000;
    414 : 0000;
    415 : 0000;
    416 : 0000;
    417 : 0000;
    418 : 0000;
    419 : 0000;
    420 : 0000;
    421 : 0000;
    422 : 0000;
    423 : 0000;
    424 : 0000;
    425 : 0000;
    426 : 0000;
    427 : 0000;
    428 : 0000;
    429 : 0000;
    430 : 0000;
    431 : 0000;
    432 : 0000;
    433 : 0000;
    434 : 0000;
    435 : 0000;
    436 : 0000;
    437 : 0000;
    438 : 0000;
    439 : 0000;
    440 : 0000;
    441 : 0000;
    442 : 0000;
    443 : 0000;
    444 : 0000;
    445 : 0000;
    446 : 0000;
    447 : 0000;
    448 : 0000;
    449 : 0000;
    450 : 0000;
    451 : 0000;
    452 : 0000;
    453 : 0000;
    454 : 0000;
    455 : 0000;
    456 : 0000;
    457 : 0000;
    458 : 0000;
    459 : 0000;
    460 : 0000;
    461 : 0000;
    462 : 0000;
    463 : 0000;
    464 : 0000;
    465 : 0000;
    466 : 0000;
    467 : 0000;
    468 : 0000;
    469 : 0000;
    470 : 0000;
    471 : 0000;
    472 : 0000;
    473 : 0000;
    474 : 0000;
    475 : 0000;
    476 : 0000;
    477 : 0000;
    478 : 0000;
    479 : 0000;
    480 : 0000;
    481 : 0000;
    482 : 0000;
    483 : 0000;
    484 : 0000;
    485 : 0000;
    486 : 0000;
    487 : 0000;
    488 : 0000;
    489 : 0000;
    490 : 0000;
    491 : 0000;
    492 : 0000;
    493 : 0000;
    494 : 0000;
    495 : 0000;
    496 : 0000;
    497 : 0000;
    498 : 0000;
    499 : 0000;
    500 : 0000;
    501 : 0000;
    502 : 0000;
    503 : 0000;
    504 : 0000;
    505 : 0000;
    506 : 0000;
    507 : 0000;
    508 : 0000;
    509 : 0000;
    510 : 0000;
    511 : 0000;
    512 : 0000;
    513 : 0000;
    514 : 0000;
    515 : 0000;
    516 : 0000;
    517 : 0000;
    518 : 0000;
    519 : 0000;
    520 : 0000;
    521 : 0000;
    522 : 0000;
    523 : 0000;
    524 : 0000;
    525 : 0000;
    526 : 0000;
    527 : 0000;
    528 : 0000;
    529 : 0000;
    530 : 0000;
    531 : 0000;
    532 : 0000;
    533 : 0000;
    534 : 0000;
    535 : 0000;
    536 : 0000;
    537 : 0000;
    538 : 0000;
    539 : 0000;
    540 : 0000;
    541 : 0000;
    542 : 0000;
    543 : 0000;
    544 : 0000;
    545 : 0000;
    546 : 0000;
    547 : 0000;
    548 : 0000;
    549 : 0000;
    550 : 0000;
    551 : 0000;
    552 : 0000;
    553 : 0000;
    554 : 0000;
    555 : 0000;
    556 : 0000;
    557 : 0000;
    558 : 0000;
    559 : 0000;
    560 : 0000;
    561 : 0000;
    562 : 0000;
    563 : 0000;
    564 : 0000;
    565 : 0000;
    566 : 0000;
    567 : 0000;
    568 : 0000;
    569 : 0000;
    570 : 0000;
    571 : 0000;
    572 : 0000;
    573 : 0000;
    574 : 0000;
    575 : 0000;
    576 : 0000;
    577 : 0000;
    578 : 0000;
    579 : 0000;
    580 : 0000;
    581 : 0000;
    582 : 0000;
    583 : 0000;
    584 : 0000;
    585 : 0000;
    586 : 0000;
    587 : 0000;
    588 : 0000;
    589 : 0000;
    590 : 0000;
    591 : 0000;
    592 : 0000;
    593 : 0000;
    594 : 0000;
    595 : 0000;
    596 : 0000;
    597 : 0000;
    598 : 0000;
    599 : 0000;
    600 : 0000;
    601 : 0000;
    602 : 0000;
    603 : 0000;
    604 : 0000;
    605 : 0000;
    606 : 0000;
    607 : 0000;
    608 : 0000;
    609 : 0000;
    610 : 0000;
    611 : 0000;
    612 : 0000;
    613 : 0000;
    614 : 0000;
    615 : 0000;
    616 : 0000;
    617 : 0000;
    618 : 0000;
    619 : 0000;
    620 : 0000;
    621 : 0000;
    622 : 0000;
    623 : 0000;
    624 : 0000;
    625 : 0000;
    626 : 0000;
    627 : 0000;
    628 : 0000;
    629 : 0000;
    630 : 0000;
    631 : 0000;
    632 : 0000;
    633 : 0000;
    634 : 0000;
    635 : 0000;
    636 : 0000;
    637 : 0000;
    638 : 0000;
    639 : 0000;
    640 : 0000;
    641 : 0000;
    642 : 0000;
    643 : 0000;
    644 : 0000;
    645 : 0000;
    646 : 0000;
    647 : 0000;
    648 : 0000;
    649 : 0000;
    650 : 0000;
    651 : 0000;
    652 : 0000;
    653 : 0000;
    654 : 0000;
    655 : 0000;
    656 : 0000;
    657 : 0000;
    658 : 0000;
    659 : 0000;
    660 : 0000;
    661 : 0000;
    662 : 0000;
    663 : 0000;
    664 : 0000;
    665 : 0000;
    666 : 0000;
    667 : 0000;
    668 : 0000;
    669 : 0000;
    670 : 0000;
    671 : 0000;
    672 : 0000;
    673 : 0000;
    674 : 0000;
    675 : 0000;
    676 : 0000;
    677 : 0000;
    678 : 0000;
    679 : 0000;
    680 : 0000;
    681 : 0000;
    682 : 0000;
    683 : 0000;
    684 : 0000;
    685 : 0000;
    686 : 0000;
    687 : 0000;
    688 : 0000;
    689 : 0000;
    690 : 0000;
    691 : 0000;
    692 : 0000;
    693 : 0000;
    694 : 0000;
    695 : 0000;
    696 : 0000;
    697 : 0000;
    698 : 0000;
    699 : 0000;
    700 : 0000;
    701 : 0000;
    702 : 0000;
    703 : 0000;
    704 : 0000;
    705 : 0000;
    706 : 0000;
    707 : 0000;
    708 : 0000;
    709 : 0000;
    710 : 0000;
    711 : 0000;
    712 : 0000;
    713 : 0000;
    714 : 0000;
    715 : 0000;
    716 : 0000;
    717 : 0000;
    718 : 0000;
    719 : 0000;
    720 : 0000;
    721 : 0000;
    722 : 0000;
    723 : 0000;
    724 : 0000;
    725 : 0000;
    726 : 0000;
    727 : 0000;
    728 : 0000;
    729 : 0000;
    730 : 0000;
    731 : 0000;
    732 : 0000;
    733 : 0000;
    734 : 0000;
    735 : 0000;
    736 : 0000;
    737 : 0000;
    738 : 0000;
    739 : 0000;
    740 : 0000;
    741 : 0000;
    742 : 0000;
    743 : 0000;
    744 : 0000;
    745 : 0000;
    746 : 0000;
    747 : 0000;
    748 : 0000;
    749 : 0000;
    750 : 0000;
    751 : 0000;
    752 : 0000;
    753 : 0000;
    754 : 0000;
    755 : 0000;
    756 : 0000;
    757 : 0000;
    758 : 0000;
    759 : 0000;
    760 : 0000;
    761 : 0000;
    762 : 0000;
    763 : 0000;
    764 : 0000;
    765 : 0000;
    766 : 0000;
    767 : 0000;
    768 : 0000;
    769 : 0000;
    770 : 0000;
    771 : 0000;
    772 : 0000;
    773 : 0000;
    774 : 0000;
    775 : 0000;
    776 : 0000;
    777 : 0000;
    778 : 0000;
    779 : 0000;
    780 : 0000;
    781 : 0000;
    782 : 0000;
    783 : 0000;
    784 : 0000;
    785 : 0000;
    786 : 0000;
    787 : 0000;
    788 : 0000;
    789 : 0000;
    790 : 0000;
    791 : 0000;
    792 : 0000;
    793 : 0000;
    794 : 0000;
    795 : 0000;
    796 : 0000;
    797 : 0000;
    798 : 0000;
    799 : 0000;
    800 : 0000;
    801 : 0000;
    802 : 0000;
    803 : 0000;
    804 : 0000;
    805 : 0000;
    806 : 0000;
    807 : 0000;
    808 : 0000;
    809 : 0000;
    810 : 0000;
    811 : 0000;
    812 : 0000;
    813 : 0000;
    814 : 0000;
    815 : 0000;
    816 : 0000;
    817 : 0000;
    818 : 0000;
    819 : 0000;
    820 : 0000;
    821 : 0000;
    822 : 0000;
    823 : 0000;
    824 : 0000;
    825 : 0000;
    826 : 0000;
    827 : 0000;
    828 : 0000;
    829 : 0000;
    830 : 0000;
    831 : 0000;
    832 : 0000;
    833 : 0000;
    834 : 0000;
    835 : 0000;
    836 : 0000;
    837 : 0000;
    838 : 0000;
    839 : 0000;
    840 : 0000;
    841 : 0000;
    842 : 0000;
    843 : 0000;
    844 : 0000;
    845 : 0000;
    846 : 0000;
    847 : 0000;
    848 : 0000;
    849 : 0000;
    850 : 0000;
    851 : 0000;
    852 : 0000;
    853 : 0000;
    854 : 0000;
    855 : 0000;
    856 : 0000;
    857 : 0000;
    858 : 0000;
    859 : 0000;
    860 : 0000;
    861 : 0000;
    862 : 0000;
    863 : 0000;
    864 : 0000;
    865 : 0000;
    866 : 0000;
    867 : 0000;
    868 : 0000;
    869 : 0000;
    870 : 0000;
    871 : 0000;
    872 : 0000;
    873 : 0000;
    874 : 0000;
    875 : 0000;
    876 : 0000;
    877 : 0000;
    878 : 0000;
    879 : 0000;
    880 : 0000;
    881 : 0000;
    882 : 0000;
    883 : 0000;
    884 : 0000;
    885 : 0000;
    886 : 0000;
    887 : 0000;
    888 : 0000;
    889 : 0000;
    890 : 0000;
    891 : 0000;
    892 : 0000;
    893 : 0000;
    894 : 0000;
    895 : 0000;
    896 : 0000;
    897 : 0000;
    898 : 0000;
    899 : 0000;
    900 : 0000;
    901 : 0000;
    902 : 0000;
    903 : 0000;
    904 : 0000;
    905 : 0000;
    906 : 0000;
    907 : 0000;
    908 : 0000;
    909 : 0000;
    910 : 0000;
    911 : 0000;
    912 : 0000;
    913 : 0000;
    914 : 0000;
    915 : 0000;
    916 : 0000;
    917 : 0000;
    918 : 0000;
    919 : 0000;
    920 : 0000;
    921 : 0000;
    922 : 0000;
    923 : 0000;
    924 : 0000;
    925 : 0000;
    926 : 0000;
    927 : 0000;
    928 : 0000;
    929 : 0000;
    930 : 0000;
    931 : 0000;
    932 : 0000;
    933 : 0000;
    934 : 0000;
    935 : 0000;
    936 : 0000;
    937 : 0000;
    938 : 0000;
    939 : 0000;
    940 : 0000;
    941 : 0000;
    942 : 0000;
    943 : 0000;
    944 : 0000;
    945 : 0000;
    946 : 0000;
    947 : 0000;
    948 : 0000;
    949 : 0000;
    950 : 0000;
    951 : 0000;
    952 : 0000;
    953 : 0000;
    954 : 0000;
    955 : 0000;
    956 : 0000;
    957 : 0000;
    958 : 0000;
    959 : 0000;
    960 : 0000;
    961 : 0000;
    962 : 0000;
    963 : 0000;
    964 : 0000;
    965 : 0000;
    966 : 0000;
    967 : 0000;
    968 : 0000;
    969 : 0000;
    970 : 0000;
    971 : 0000;
    972 : 0000;
    973 : 0000;
    974 : 0000;
    975 : 0000;
    976 : 0000;
    977 : 0000;
    978 : 0000;
    979 : 0000;
    980 : 0000;
    981 : 0000;
    982 : 0000;
    983 : 0000;
    984 : 0000;
    985 : 0000;
    986 : 0000;
    987 : 0000;
    988 : 0000;
    989 : 0000;
    990 : 0000;
    991 : 0000;
    992 : 0000;
    993 : 0000;
    994 : 0000;
    995 : 0000;
    996 : 0000;
    997 : 0000;
    998 : 0000;
    999 : 0000;
    1000 : 0000;
    1001 : 0000;
    1002 : 0000;
    1003 : 0000;
    1004 : 0000;
    1005 : 0000;
    1006 : 0000;
    1007 : 0000;
    1008 : 0000;
    1009 : 0000;
    1010 : 0000;
    1011 : 0000;
    1012 : 0000;
    1013 : 0000;
    1014 : 0000;
    1015 : 0000;
    1016 : 0000;
    1017 : 0000;
    1018 : 0000;
    1019 : 0000;
    1020 : 0000;
    1021 : 0000;
    1022 : 0000;
    1023 : 0000;
    1024 : 0000;
    1025 : 0000;
    1026 : 0000;
    1027 : 0000;
    1028 : 0000;
    1029 : 0000;
    1030 : 0000;
    1031 : 0000;
    1032 : 0000;
    1033 : 0000;
    1034 : 0000;
    1035 : 0000;
    1036 : 0000;
    1037 : 0000;
    1038 : 0000;
    1039 : 0000;
    1040 : 0000;
    1041 : 0000;
    1042 : 0000;
    1043 : 0000;
    1044 : 0000;
    1045 : 0000;
    1046 : 0000;
    1047 : 0000;
    1048 : 0000;
    1049 : 0000;
    1050 : 0000;
    1051 : 0000;
    1052 : 0000;
    1053 : 0000;
    1054 : 0000;
    1055 : 0000;
    1056 : 0000;
    1057 : 0000;
    1058 : 0000;
    1059 : 0000;
    1060 : 0000;
    1061 : 0000;
    1062 : 0000;
    1063 : 0000;
    1064 : 0000;
    1065 : 0000;
    1066 : 0000;
    1067 : 0000;
    1068 : 0000;
    1069 : 0000;
    1070 : 0000;
    1071 : 0000;
    1072 : 0000;
    1073 : 0000;
    1074 : 0000;
    1075 : 0000;
    1076 : 0000;
    1077 : 0000;
    1078 : 0000;
    1079 : 0000;
    1080 : 0000;
    1081 : 0000;
    1082 : 0000;
    1083 : 0000;
    1084 : 0000;
    1085 : 0000;
    1086 : 0000;
    1087 : 0000;
    1088 : 0000;
    1089 : 0000;
    1090 : 0000;
    1091 : 0000;
    1092 : 0000;
    1093 : 0000;
    1094 : 0000;
    1095 : 0000;
    1096 : 0000;
    1097 : 0000;
    1098 : 0000;
    1099 : 0000;
    1100 : 0000;
    1101 : 0000;
    1102 : 0000;
    1103 : 0000;
    1104 : 0000;
    1105 : 0000;
    1106 : 0000;
    1107 : 0000;
    1108 : 0000;
    1109 : 0000;
    1110 : 0000;
    1111 : 0000;
    1112 : 0000;
    1113 : 0000;
    1114 : 0000;
    1115 : 0000;
    1116 : 0000;
    1117 : 0000;
    1118 : 0000;
    1119 : 0000;
    1120 : 0000;
    1121 : 0000;
    1122 : 0000;
    1123 : 0000;
    1124 : 0000;
    1125 : 0000;
    1126 : 0000;
    1127 : 0000;
    1128 : 0000;
    1129 : 0000;
    1130 : 0000;
    1131 : 0000;
    1132 : 0000;
    1133 : 0000;
    1134 : 0000;
    1135 : 0000;
    1136 : 0000;
    1137 : 0000;
    1138 : 0000;
    1139 : 0000;
    1140 : 0000;
    1141 : 0000;
    1142 : 0000;
    1143 : 0000;
    1144 : 0000;
    1145 : 0000;
    1146 : 0000;
    1147 : 0000;
    1148 : 0000;
    1149 : 0000;
    1150 : 0000;
    1151 : 0000;
    1152 : 0000;
    1153 : 0000;
    1154 : 0000;
    1155 : 0000;
    1156 : 0000;
    1157 : 0000;
    1158 : 0000;
    1159 : 0000;
    1160 : 0000;
    1161 : 0000;
    1162 : 0000;
    1163 : 0000;
    1164 : 0000;
    1165 : 0000;
    1166 : 0000;
    1167 : 0000;
    1168 : 0000;
    1169 : 0000;
    1170 : 0000;
    1171 : 0000;
    1172 : 0000;
    1173 : 0000;
    1174 : 0000;
    1175 : 0000;
    1176 : 0000;
    1177 : 0000;
    1178 : 0000;
    1179 : 0000;
    1180 : 0000;
    1181 : 0000;
    1182 : 0000;
    1183 : 0000;
    1184 : 0000;
    1185 : 0000;
    1186 : 0000;
    1187 : 0000;
    1188 : 0000;
    1189 : 0000;
    1190 : 0000;
    1191 : 0000;
    1192 : 0000;
    1193 : 0000;
    1194 : 0000;
    1195 : 0000;
    1196 : 0000;
    1197 : 0000;
    1198 : 0000;
    1199 : 0000;
    1200 : 0000;
    1201 : 0000;
    1202 : 0000;
    1203 : 0000;
    1204 : 0000;
    1205 : 0000;
    1206 : 0000;
    1207 : 0000;
    1208 : 0000;
    1209 : 0000;
    1210 : 0000;
    1211 : 0000;
    1212 : 0000;
    1213 : 0000;
    1214 : 0000;
    1215 : 0000;
    1216 : 0000;
    1217 : 0000;
    1218 : 0000;
    1219 : 0000;
    1220 : 0000;
    1221 : 0000;
    1222 : 0000;
    1223 : 0000;
    1224 : 0000;
    1225 : 0000;
    1226 : 0000;
    1227 : 0000;
    1228 : 0000;
    1229 : 0000;
    1230 : 0000;
    1231 : 0000;
    1232 : 0000;
    1233 : 0000;
    1234 : 0000;
    1235 : 0000;
    1236 : 0000;
    1237 : 0000;
    1238 : 0000;
    1239 : 0000;
    1240 : 0000;
    1241 : 0000;
    1242 : 0000;
    1243 : 0000;
    1244 : 0000;
    1245 : 0000;
    1246 : 0000;
    1247 : 0000;
    1248 : 0000;
    1249 : 0000;
    1250 : 0000;
    1251 : 0000;
    1252 : 0000;
    1253 : 0000;
    1254 : 0000;
    1255 : 0000;
    1256 : 0000;
    1257 : 0000;
    1258 : 0000;
    1259 : 0000;
    1260 : 0000;
    1261 : 0000;
    1262 : 0000;
    1263 : 0000;
    1264 : 0000;
    1265 : 0000;
    1266 : 0000;
    1267 : 0000;
    1268 : 0000;
    1269 : 0000;
    1270 : 0000;
    1271 : 0000;
    1272 : 0000;
    1273 : 0000;
    1274 : 0000;
    1275 : 0000;
    1276 : 0000;
    1277 : 0000;
    1278 : 0000;
    1279 : 0000;
    1280 : 0000;
    1281 : 0000;
    1282 : 0000;
    1283 : 0000;
    1284 : 0000;
    1285 : 0000;
    1286 : 0000;
    1287 : 0000;
    1288 : 0000;
    1289 : 0000;
    1290 : 0000;
    1291 : 0000;
    1292 : 0000;
    1293 : 0000;
    1294 : 0000;
    1295 : 0000;
    1296 : 0000;
    1297 : 0000;
    1298 : 0000;
    1299 : 0000;
    1300 : 0000;
    1301 : 0000;
    1302 : 0000;
    1303 : 0000;
    1304 : 0000;
    1305 : 0000;
    1306 : 0000;
    1307 : 0000;
    1308 : 0000;
    1309 : 0000;
    1310 : 0000;
    1311 : 0000;
    1312 : 0000;
    1313 : 0000;
    1314 : 0000;
    1315 : 0000;
    1316 : 0000;
    1317 : 0000;
    1318 : 0000;
    1319 : 0000;
    1320 : 0000;
    1321 : 0000;
    1322 : 0000;
    1323 : 0000;
    1324 : 0000;
    1325 : 0000;
    1326 : 0000;
    1327 : 0000;
    1328 : 0000;
    1329 : 0000;
    1330 : 0000;
    1331 : 0000;
    1332 : 0000;
    1333 : 0000;
    1334 : 0000;
    1335 : 0000;
    1336 : 0000;
    1337 : 0000;
    1338 : 0000;
    1339 : 0000;
    1340 : 0000;
    1341 : 0000;
    1342 : 0000;
    1343 : 0000;
    1344 : 0000;
    1345 : 0000;
    1346 : 0000;
    1347 : 0000;
    1348 : 0000;
    1349 : 0000;
    1350 : 0000;
    1351 : 0000;
    1352 : 0000;
    1353 : 0000;
    1354 : 0000;
    1355 : 0000;
    1356 : 0000;
    1357 : 0000;
    1358 : 0000;
    1359 : 0000;
    1360 : 0000;
    1361 : 0000;
    1362 : 0000;
    1363 : 0000;
    1364 : 0000;
    1365 : 0000;
    1366 : 0000;
    1367 : 0000;
    1368 : 0000;
    1369 : 0000;
    1370 : 0000;
    1371 : 0000;
    1372 : 0000;
    1373 : 0000;
    1374 : 0000;
    1375 : 0000;
    1376 : 0000;
    1377 : 0000;
    1378 : 0000;
    1379 : 0000;
    1380 : 0000;
    1381 : 0000;
    1382 : 0000;
    1383 : 0000;
    1384 : 0000;
    1385 : 0000;
    1386 : 0000;
    1387 : 0000;
    1388 : 0000;
    1389 : 0000;
    1390 : 0000;
    1391 : 0000;
    1392 : 0000;
    1393 : 0000;
    1394 : 0000;
    1395 : 0000;
    1396 : 0000;
    1397 : 0000;
    1398 : 0000;
    1399 : 0000;
    1400 : 0000;
    1401 : 0000;
    1402 : 0000;
    1403 : 0000;
    1404 : 0000;
    1405 : 0000;
    1406 : 0000;
    1407 : 0000;
    1408 : 0000;
    1409 : 0000;
    1410 : 0000;
    1411 : 0000;
    1412 : 0000;
    1413 : 0000;
    1414 : 0000;
    1415 : 0000;
    1416 : 0000;
    1417 : 0000;
    1418 : 0000;
    1419 : 0000;
    1420 : 0000;
    1421 : 0000;
    1422 : 0000;
    1423 : 0000;
    1424 : 0000;
    1425 : 0000;
    1426 : 0000;
    1427 : 0000;
    1428 : 0000;
    1429 : 0000;
    1430 : 0000;
    1431 : 0000;
    1432 : 0000;
    1433 : 0000;
    1434 : 0000;
    1435 : 0000;
    1436 : 0000;
    1437 : 0000;
    1438 : 0000;
    1439 : 0000;
    1440 : 0000;
    1441 : 0000;
    1442 : 0000;
    1443 : 0000;
    1444 : 0000;
    1445 : 0000;
    1446 : 0000;
    1447 : 0000;
    1448 : 0000;
    1449 : 0000;
    1450 : 0000;
    1451 : 0000;
    1452 : 0000;
    1453 : 0000;
    1454 : 0000;
    1455 : 0000;
    1456 : 0000;
    1457 : 0000;
    1458 : 0000;
    1459 : 0000;
    1460 : 0000;
    1461 : 0000;
    1462 : 0000;
    1463 : 0000;
    1464 : 0000;
    1465 : 0000;
    1466 : 0000;
    1467 : 0000;
    1468 : 0000;
    1469 : 0000;
    1470 : 0000;
    1471 : 0000;
    1472 : 0000;
    1473 : 0000;
    1474 : 0000;
    1475 : 0000;
    1476 : 0000;
    1477 : 0000;
    1478 : 0000;
    1479 : 0000;
    1480 : 0000;
    1481 : 0000;
    1482 : 0000;
    1483 : 0000;
    1484 : 0000;
    1485 : 0000;
    1486 : 0000;
    1487 : 0000;
    1488 : 0000;
    1489 : 0000;
    1490 : 0000;
    1491 : 0000;
    1492 : 0000;
    1493 : 0000;
    1494 : 0000;
    1495 : 0000;
    1496 : 0000;
    1497 : 0000;
    1498 : 0000;
    1499 : 0000;
    1500 : 0000;
    1501 : 0000;
    1502 : 0000;
    1503 : 0000;
    1504 : 0000;
    1505 : 0000;
    1506 : 0000;
    1507 : 0000;
    1508 : 0000;
    1509 : 0000;
    1510 : 0000;
    1511 : 0000;
    1512 : 0000;
    1513 : 0000;
    1514 : 0000;
    1515 : 0000;
    1516 : 0000;
    1517 : 0000;
    1518 : 0000;
    1519 : 0000;
    1520 : 0000;
    1521 : 0000;
    1522 : 0000;
    1523 : 0000;
    1524 : 0000;
    1525 : 0000;
    1526 : 0000;
    1527 : 0000;
    1528 : 0000;
    1529 : 0000;
    1530 : 0000;
    1531 : 0000;
    1532 : 0000;
    1533 : 0000;
    1534 : 0000;
    1535 : 0000;
    1536 : 0000;
    1537 : 0000;
    1538 : 0000;
    1539 : 0000;
    1540 : 0000;
    1541 : 0000;
    1542 : 0000;
    1543 : 0000;
    1544 : 0000;
    1545 : 0000;
    1546 : 0000;
    1547 : 0000;
    1548 : 0000;
    1549 : 0000;
    1550 : 0000;
    1551 : 0000;
    1552 : 0000;
    1553 : 0000;
    1554 : 0000;
    1555 : 0000;
    1556 : 0000;
    1557 : 0000;
    1558 : 0000;
    1559 : 0000;
    1560 : 0000;
    1561 : 0000;
    1562 : 0000;
    1563 : 0000;
    1564 : 0000;
    1565 : 0000;
    1566 : 0000;
    1567 : 0000;
    1568 : 0000;
    1569 : 0000;
    1570 : 0000;
    1571 : 0000;
    1572 : 0000;
    1573 : 0000;
    1574 : 0000;
    1575 : 0000;
    1576 : 0000;
    1577 : 0000;
    1578 : 0000;
    1579 : 0000;
    1580 : 0000;
    1581 : 0000;
    1582 : 0000;
    1583 : 0000;
    1584 : 0000;
    1585 : 0000;
    1586 : 0000;
    1587 : 0000;
    1588 : 0000;
    1589 : 0000;
    1590 : 0000;
    1591 : 0000;
    1592 : 0000;
    1593 : 0000;
    1594 : 0000;
    1595 : 0000;
    1596 : 0000;
    1597 : 0000;
    1598 : 0000;
    1599 : 0000;
    1600 : 0000;
    1601 : 0000;
    1602 : 0000;
    1603 : 0000;
    1604 : 0000;
    1605 : 0000;
    1606 : 0000;
    1607 : 0000;
    1608 : 0000;
    1609 : 0000;
    1610 : 0000;
    1611 : 0000;
    1612 : 0000;
    1613 : 0000;
    1614 : 0000;
    1615 : 0000;
    1616 : 0000;
    1617 : 0000;
    1618 : 0000;
    1619 : 0000;
    1620 : 0000;
    1621 : 0000;
    1622 : 0000;
    1623 : 0000;
    1624 : 0000;
    1625 : 0000;
    1626 : 0000;
    1627 : 0000;
    1628 : 0000;
    1629 : 0000;
    1630 : 0000;
    1631 : 0000;
    1632 : 0000;
    1633 : 0000;
    1634 : 0000;
    1635 : 0000;
    1636 : 0000;
    1637 : 0000;
    1638 : 0000;
    1639 : 0000;
    1640 : 0000;
    1641 : 0000;
    1642 : 0000;
    1643 : 0000;
    1644 : 0000;
    1645 : 0000;
    1646 : 0000;
    1647 : 0000;
    1648 : 0000;
    1649 : 0000;
    1650 : 0000;
    1651 : 0000;
    1652 : 0000;
    1653 : 0000;
    1654 : 0000;
    1655 : 0000;
    1656 : 0000;
    1657 : 0000;
    1658 : 0000;
    1659 : 0000;
    1660 : 0000;
    1661 : 0000;
    1662 : 0000;
    1663 : 0000;
    1664 : 0000;
    1665 : 0000;
    1666 : 0000;
    1667 : 0000;
    1668 : 0000;
    1669 : 0000;
    1670 : 0000;
    1671 : 0000;
    1672 : 0000;
    1673 : 0000;
    1674 : 0000;
    1675 : 0000;
    1676 : 0000;
    1677 : 0000;
    1678 : 0000;
    1679 : 0000;
    1680 : 0000;
    1681 : 0000;
    1682 : 0000;
    1683 : 0000;
    1684 : 0000;
    1685 : 0000;
    1686 : 0000;
    1687 : 0000;
    1688 : 0000;
    1689 : 0000;
    1690 : 0000;
    1691 : 0000;
    1692 : 0000;
    1693 : 0000;
    1694 : 0000;
    1695 : 0000;
    1696 : 0000;
    1697 : 0000;
    1698 : 0000;
    1699 : 0000;
    1700 : 0000;
    1701 : 0000;
    1702 : 0000;
    1703 : 0000;
    1704 : 0000;
    1705 : 0000;
    1706 : 0000;
    1707 : 0000;
    1708 : 0000;
    1709 : 0000;
    1710 : 0000;
    1711 : 0000;
    1712 : 0000;
    1713 : 0000;
    1714 : 0000;
    1715 : 0000;
    1716 : 0000;
    1717 : 0000;
    1718 : 0000;
    1719 : 0000;
    1720 : 0000;
    1721 : 0000;
    1722 : 0000;
    1723 : 0000;
    1724 : 0000;
    1725 : 0000;
    1726 : 0000;
    1727 : 0000;
    1728 : 0000;
    1729 : 0000;
    1730 : 0000;
    1731 : 0000;
    1732 : 0000;
    1733 : 0000;
    1734 : 0000;
    1735 : 0000;
    1736 : 0000;
    1737 : 0000;
    1738 : 0000;
    1739 : 0000;
    1740 : 0000;
    1741 : 0000;
    1742 : 0000;
    1743 : 0000;
    1744 : 0000;
    1745 : 0000;
    1746 : 0000;
    1747 : 0000;
    1748 : 0000;
    1749 : 0000;
    1750 : 0000;
    1751 : 0000;
    1752 : 0000;
    1753 : 0000;
    1754 : 0000;
    1755 : 0000;
    1756 : 0000;
    1757 : 0000;
    1758 : 0000;
    1759 : 0000;
    1760 : 0000;
    1761 : 0000;
    1762 : 0000;
    1763 : 0000;
    1764 : 0000;
    1765 : 0000;
    1766 : 0000;
    1767 : 0000;
    1768 : 0000;
    1769 : 0000;
    1770 : 0000;
    1771 : 0000;
    1772 : 0000;
    1773 : 0000;
    1774 : 0000;
    1775 : 0000;
    1776 : 0000;
    1777 : 0000;
    1778 : 0000;
    1779 : 0000;
    1780 : 0000;
    1781 : 0000;
    1782 : 0000;
    1783 : 0000;
    1784 : 0000;
    1785 : 0000;
    1786 : 0000;
    1787 : 0000;
    1788 : 0000;
    1789 : 0000;
    1790 : 0000;
    1791 : 0000;
    1792 : 0000;
    1793 : 0000;
    1794 : 0000;
    1795 : 0000;
    1796 : 0000;
    1797 : 0000;
    1798 : 0000;
    1799 : 0000;
    1800 : 0000;
    1801 : 0000;
    1802 : 0000;
    1803 : 0000;
    1804 : 0000;
    1805 : 0000;
    1806 : 0000;
    1807 : 0000;
    1808 : 0000;
    1809 : 0000;
    1810 : 0000;
    1811 : 0000;
    1812 : 0000;
    1813 : 0000;
    1814 : 0000;
    1815 : 0000;
    1816 : 0000;
    1817 : 0000;
    1818 : 0000;
    1819 : 0000;
    1820 : 0000;
    1821 : 0000;
    1822 : 0000;
    1823 : 0000;
    1824 : 0000;
    1825 : 0000;
    1826 : 0000;
    1827 : 0000;
    1828 : 0000;
    1829 : 0000;
    1830 : 0000;
    1831 : 0000;
    1832 : 0000;
    1833 : 0000;
    1834 : 0000;
    1835 : 0000;
    1836 : 0000;
    1837 : 0000;
    1838 : 0000;
    1839 : 0000;
    1840 : 0000;
    1841 : 0000;
    1842 : 0000;
    1843 : 0000;
    1844 : 0000;
    1845 : 0000;
    1846 : 0000;
    1847 : 0000;
    1848 : 0000;
    1849 : 0000;
    1850 : 0000;
    1851 : 0000;
    1852 : 0000;
    1853 : 0000;
    1854 : 0000;
    1855 : 0000;
    1856 : 0000;
    1857 : 0000;
    1858 : 0000;
    1859 : 0000;
    1860 : 0000;
    1861 : 0000;
    1862 : 0000;
    1863 : 0000;
    1864 : 0000;
    1865 : 0000;
    1866 : 0000;
    1867 : 0000;
    1868 : 0000;
    1869 : 0000;
    1870 : 0000;
    1871 : 0000;
    1872 : 0000;
    1873 : 0000;
    1874 : 0000;
    1875 : 0000;
    1876 : 0000;
    1877 : 0000;
    1878 : 0000;
    1879 : 0000;
    1880 : 0000;
    1881 : 0000;
    1882 : 0000;
    1883 : 0000;
    1884 : 0000;
    1885 : 0000;
    1886 : 0000;
    1887 : 0000;
    1888 : 0000;
    1889 : 0000;
    1890 : 0000;
    1891 : 0000;
    1892 : 0000;
    1893 : 0000;
    1894 : 0000;
    1895 : 0000;
    1896 : 0000;
    1897 : 0000;
    1898 : 0000;
    1899 : 0000;
    1900 : 0000;
    1901 : 0000;
    1902 : 0000;
    1903 : 0000;
    1904 : 0000;
    1905 : 0000;
    1906 : 0000;
    1907 : 0000;
    1908 : 0000;
    1909 : 0000;
    1910 : 0000;
    1911 : 0000;
    1912 : 0000;
    1913 : 0000;
    1914 : 0000;
    1915 : 0000;
    1916 : 0000;
    1917 : 0000;
    1918 : 0000;
    1919 : 0000;
    1920 : 0000;
    1921 : 0000;
    1922 : 0000;
    1923 : 0000;
    1924 : 0000;
    1925 : 0000;
    1926 : 0000;
    1927 : 0000;
    1928 : 0000;
    1929 : 0000;
    1930 : 0000;
    1931 : 0000;
    1932 : 0000;
    1933 : 0000;
    1934 : 0000;
    1935 : 0000;
    1936 : 0000;
    1937 : 0000;
    1938 : 0000;
    1939 : 0000;
    1940 : 0000;
    1941 : 0000;
    1942 : 0000;
    1943 : 0000;
    1944 : 0000;
    1945 : 0000;
    1946 : 0000;
    1947 : 0000;
    1948 : 0000;
    1949 : 0000;
    1950 : 0000;
    1951 : 0000;
    1952 : 0000;
    1953 : 0000;
    1954 : 0000;
    1955 : 0000;
    1956 : 0000;
    1957 : 0000;
    1958 : 0000;
    1959 : 0000;
    1960 : 0000;
    1961 : 0000;
    1962 : 0000;
    1963 : 0000;
    1964 : 0000;
    1965 : 0000;
    1966 : 0000;
    1967 : 0000;
    1968 : 0000;
    1969 : 0000;
    1970 : 0000;
    1971 : 0000;
    1972 : 0000;
    1973 : 0000;
    1974 : 0000;
    1975 : 0000;
    1976 : 0000;
    1977 : 0000;
    1978 : 0000;
    1979 : 0000;
    1980 : 0000;
    1981 : 0000;
    1982 : 0000;
    1983 : 0000;
    1984 : 0000;
    1985 : 0000;
    1986 : 0000;
    1987 : 0000;
    1988 : 0000;
    1989 : 0000;
    1990 : 0000;
    1991 : 0000;
    1992 : 0000;
    1993 : 0000;
    1994 : 0000;
    1995 : 0000;
    1996 : 0000;
    1997 : 0000;
    1998 : 0000;
    1999 : 0000;
    2000 : 0000;
    2001 : 0000;
    2002 : 0000;
    2003 : 0000;
    2004 : 0000;
    2005 : 0000;
    2006 : 0000;
    2007 : 0000;
    2008 : 0000;
    2009 : 0000;
    2010 : 0000;
    2011 : 0000;
    2012 : 0000;
    2013 : 0000;
    2014 : 0000;
    2015 : 0000;
    2016 : 0000;
    2017 : 0000;
    2018 : 0000;
    2019 : 0000;
    2020 : 0000;
    2021 : 0000;
    2022 : 0000;
    2023 : 0000;
    2024 : 0000;
    2025 : 0000;
    2026 : 0000;
    2027 : 0000;
    2028 : 0000;
    2029 : 0000;
    2030 : 0000;
    2031 : 0000;
    2032 : 0000;
    2033 : 0000;
    2034 : 0000;
    2035 : 0000;
    2036 : 0000;
    2037 : 0000;
    2038 : 0000;
    2039 : 0000;
    2040 : 0000;
    2041 : 0000;
    2042 : 0000;
    2043 : 0000;
    2044 : 0000;
    2045 : 0000;
    2046 : 0000;
    2047 : 0000;
    2048 : 0000;
    2049 : 0000;
    2050 : 0000;
    2051 : 0000;
    2052 : 0000;
    2053 : 0000;
    2054 : 0000;
    2055 : 0000;
    2056 : 0000;
    2057 : 0000;
    2058 : 0000;
    2059 : 0000;
    2060 : 0000;
    2061 : 0000;
    2062 : 0000;
    2063 : 0000;
    2064 : 0000;
    2065 : 0000;
    2066 : 0000;
    2067 : 0000;
    2068 : 0000;
    2069 : 0000;
    2070 : 0000;
    2071 : 0000;
    2072 : 0000;
    2073 : 0000;
    2074 : 0000;
    2075 : 0000;
    2076 : 0000;
    2077 : 0000;
    2078 : 0000;
    2079 : 0000;
    2080 : 0000;
    2081 : 0000;
    2082 : 0000;
    2083 : 0000;
    2084 : 0000;
    2085 : 0000;
    2086 : 0000;
    2087 : 0000;
    2088 : 0000;
    2089 : 0000;
    2090 : 0000;
    2091 : 0000;
    2092 : 0000;
    2093 : 0000;
    2094 : 0000;
    2095 : 0000;
    2096 : 0000;
    2097 : 0000;
    2098 : 0000;
    2099 : 0000;
    2100 : 0000;
    2101 : 0000;
    2102 : 0000;
    2103 : 0000;
    2104 : 0000;
    2105 : 0000;
    2106 : 0000;
    2107 : 0000;
    2108 : 0000;
    2109 : 0000;
    2110 : 0000;
    2111 : 0000;
    2112 : 0000;
    2113 : 0000;
    2114 : 0000;
    2115 : 0000;
    2116 : 0000;
    2117 : 0000;
    2118 : 0000;
    2119 : 0000;
    2120 : 0000;
    2121 : 0000;
    2122 : 0000;
    2123 : 0000;
    2124 : 0000;
    2125 : 0000;
    2126 : 0000;
    2127 : 0000;
    2128 : 0000;
    2129 : 0000;
    2130 : 0000;
    2131 : 0000;
    2132 : 0000;
    2133 : 0000;
    2134 : 0000;
    2135 : 0000;
    2136 : 0000;
    2137 : 0000;
    2138 : 0000;
    2139 : 0000;
    2140 : 0000;
    2141 : 0000;
    2142 : 0000;
    2143 : 0000;
    2144 : 0000;
    2145 : 0000;
    2146 : 0000;
    2147 : 0000;
    2148 : 0000;
    2149 : 0000;
    2150 : 0000;
    2151 : 0000;
    2152 : 0000;
    2153 : 0000;
    2154 : 0000;
    2155 : 0000;
    2156 : 0000;
    2157 : 0000;
    2158 : 0000;
    2159 : 0000;
    2160 : 0000;
    2161 : 0000;
    2162 : 0000;
    2163 : 0000;
    2164 : 0000;
    2165 : 0000;
    2166 : 0000;
    2167 : 0000;
    2168 : 0000;
    2169 : 0000;
    2170 : 0000;
    2171 : 0000;
    2172 : 0000;
    2173 : 0000;
    2174 : 0000;
    2175 : 0000;
    2176 : 0000;
    2177 : 0000;
    2178 : 0000;
    2179 : 0000;
    2180 : 0000;
    2181 : 0000;
    2182 : 0000;
    2183 : 0000;
    2184 : 0000;
    2185 : 0000;
    2186 : 0000;
    2187 : 0000;
    2188 : 0000;
    2189 : 0000;
    2190 : 0000;
    2191 : 0000;
    2192 : 0000;
    2193 : 0000;
    2194 : 0000;
    2195 : 0000;
    2196 : 0000;
    2197 : 0000;
    2198 : 0000;
    2199 : 0000;
    2200 : 0000;
    2201 : 0000;
    2202 : 0000;
    2203 : 0000;
    2204 : 0000;
    2205 : 0000;
    2206 : 0000;
    2207 : 0000;
    2208 : 0000;
    2209 : 0000;
    2210 : 0000;
    2211 : 0000;
    2212 : 0000;
    2213 : 0000;
    2214 : 0000;
    2215 : 0000;
    2216 : 0000;
    2217 : 0000;
    2218 : 0000;
    2219 : 0000;
    2220 : 0000;
    2221 : 0000;
    2222 : 0000;
    2223 : 0000;
    2224 : 0000;
    2225 : 0000;
    2226 : 0000;
    2227 : 0000;
    2228 : 0000;
    2229 : 0000;
    2230 : 0000;
    2231 : 0000;
    2232 : 0000;
    2233 : 0000;
    2234 : 0000;
    2235 : 0000;
    2236 : 0000;
    2237 : 0000;
    2238 : 0000;
    2239 : 0000;
    2240 : 0000;
    2241 : 0000;
    2242 : 0000;
    2243 : 0000;
    2244 : 0000;
    2245 : 0000;
    2246 : 0000;
    2247 : 0000;
    2248 : 0000;
    2249 : 0000;
    2250 : 0000;
    2251 : 0000;
    2252 : 0000;
    2253 : 0000;
    2254 : 0000;
    2255 : 0000;
    2256 : 0000;
    2257 : 0000;
    2258 : 0000;
    2259 : 0000;
    2260 : 0000;
    2261 : 0000;
    2262 : 0000;
    2263 : 0000;
    2264 : 0000;
    2265 : 0000;
    2266 : 0000;
    2267 : 0000;
    2268 : 0000;
    2269 : 0000;
    2270 : 0000;
    2271 : 0000;
    2272 : 0000;
    2273 : 0000;
    2274 : 0000;
    2275 : 0000;
    2276 : 0000;
    2277 : 0000;
    2278 : 0000;
    2279 : 0000;
    2280 : 0000;
    2281 : 0000;
    2282 : 0000;
    2283 : 0000;
    2284 : 0000;
    2285 : 0000;
    2286 : 0000;
    2287 : 0000;
    2288 : 0000;
    2289 : 0000;
    2290 : 0000;
    2291 : 0000;
    2292 : 0000;
    2293 : 0000;
    2294 : 0000;
    2295 : 0000;
    2296 : 0000;
    2297 : 0000;
    2298 : 0000;
    2299 : 0000;
    2300 : 0000;
    2301 : 0000;
    2302 : 0000;
    2303 : 0000;
    2304 : 0000;
    2305 : 0000;
    2306 : 0000;
    2307 : 0000;
    2308 : 0000;
    2309 : 0000;
    2310 : 0000;
    2311 : 0000;
    2312 : 0000;
    2313 : 0000;
    2314 : 0000;
    2315 : 0000;
    2316 : 0000;
    2317 : 0000;
    2318 : 0000;
    2319 : 0000;
    2320 : 0000;
    2321 : 0000;
    2322 : 0000;
    2323 : 0000;
    2324 : 0000;
    2325 : 0000;
    2326 : 0000;
    2327 : 0000;
    2328 : 0000;
    2329 : 0000;
    2330 : 0000;
    2331 : 0000;
    2332 : 0000;
    2333 : 0000;
    2334 : 0000;
    2335 : 0000;
    2336 : 0000;
    2337 : 0000;
    2338 : 0000;
    2339 : 0000;
    2340 : 0000;
    2341 : 0000;
    2342 : 0000;
    2343 : 0000;
    2344 : 0000;
    2345 : 0000;
    2346 : 0000;
    2347 : 0000;
    2348 : 0000;
    2349 : 0000;
    2350 : 0000;
    2351 : 0000;
    2352 : 0000;
    2353 : 0000;
    2354 : 0000;
    2355 : 0000;
    2356 : 0000;
    2357 : 0000;
    2358 : 0000;
    2359 : 0000;
    2360 : 0000;
    2361 : 0000;
    2362 : 0000;
    2363 : 0000;
    2364 : 0000;
    2365 : 0000;
    2366 : 0000;
    2367 : 0000;
    2368 : 0000;
    2369 : 0000;
    2370 : 0000;
    2371 : 0000;
    2372 : 0000;
    2373 : 0000;
    2374 : 0000;
    2375 : 0000;
    2376 : 0000;
    2377 : 0000;
    2378 : 0000;
    2379 : 0000;
    2380 : 0000;
    2381 : 0000;
    2382 : 0000;
    2383 : 0000;
    2384 : 0000;
    2385 : 0000;
    2386 : 0000;
    2387 : 0000;
    2388 : 0000;
    2389 : 0000;
    2390 : 0000;
    2391 : 0000;
    2392 : 0000;
    2393 : 0000;
    2394 : 0000;
    2395 : 0000;
    2396 : 0000;
    2397 : 0000;
    2398 : 0000;
    2399 : 0000;
    2400 : 0000;
    2401 : 0000;
    2402 : 0000;
    2403 : 0000;
    2404 : 0000;
    2405 : 0000;
    2406 : 0000;
    2407 : 0000;
    2408 : 0000;
    2409 : 0000;
    2410 : 0000;
    2411 : 0000;
    2412 : 0000;
    2413 : 0000;
    2414 : 0000;
    2415 : 0000;
    2416 : 0000;
    2417 : 0000;
    2418 : 0000;
    2419 : 0000;
    2420 : 0000;
    2421 : 0000;
    2422 : 0000;
    2423 : 0000;
    2424 : 0000;
    2425 : 0000;
    2426 : 0000;
    2427 : 0000;
    2428 : 0000;
    2429 : 0000;
    2430 : 0000;
    2431 : 0000;
    2432 : 0000;
    2433 : 0000;
    2434 : 0000;
    2435 : 0000;
    2436 : 0000;
    2437 : 0000;
    2438 : 0000;
    2439 : 0000;
    2440 : 0000;
    2441 : 0000;
    2442 : 0000;
    2443 : 0000;
    2444 : 0000;
    2445 : 0000;
    2446 : 0000;
    2447 : 0000;
    2448 : 0000;
    2449 : 0000;
    2450 : 0000;
    2451 : 0000;
    2452 : 0000;
    2453 : 0000;
    2454 : 0000;
    2455 : 0000;
    2456 : 0000;
    2457 : 0000;
    2458 : 0000;
    2459 : 0000;
    2460 : 0000;
    2461 : 0000;
    2462 : 0000;
    2463 : 0000;
    2464 : 0000;
    2465 : 0000;
    2466 : 0000;
    2467 : 0000;
    2468 : 0000;
    2469 : 0000;
    2470 : 0000;
    2471 : 0000;
    2472 : 0000;
    2473 : 0000;
    2474 : 0000;
    2475 : 0000;
    2476 : 0000;
    2477 : 0000;
    2478 : 0000;
    2479 : 0000;
    2480 : 0000;
    2481 : 0000;
    2482 : 0000;
    2483 : 0000;
    2484 : 0000;
    2485 : 0000;
    2486 : 0000;
    2487 : 0000;
    2488 : 0000;
    2489 : 0000;
    2490 : 0000;
    2491 : 0000;
    2492 : 0000;
    2493 : 0000;
    2494 : 0000;
    2495 : 0000;
    2496 : 0000;
    2497 : 0000;
    2498 : 0000;
    2499 : 0000;
    2500 : 0000;
    2501 : 0000;
    2502 : 0000;
    2503 : 0000;
    2504 : 0000;
    2505 : 0000;
    2506 : 0000;
    2507 : 0000;
    2508 : 0000;
    2509 : 0000;
    2510 : 0000;
    2511 : 0000;
    2512 : 0000;
    2513 : 0000;
    2514 : 0000;
    2515 : 0000;
    2516 : 0000;
    2517 : 0000;
    2518 : 0000;
    2519 : 0000;
    2520 : 0000;
    2521 : 0000;
    2522 : 0000;
    2523 : 0000;
    2524 : 0000;
    2525 : 0000;
    2526 : 0000;
    2527 : 0000;
    2528 : 0000;
    2529 : 0000;
    2530 : 0000;
    2531 : 0000;
    2532 : 0000;
    2533 : 0000;
    2534 : 0000;
    2535 : 0000;
    2536 : 0000;
    2537 : 0000;
    2538 : 0000;
    2539 : 0000;
    2540 : 0000;
    2541 : 0000;
    2542 : 0000;
    2543 : 0000;
    2544 : 0000;
    2545 : 0000;
    2546 : 0000;
    2547 : 0000;
    2548 : 0000;
    2549 : 0000;
    2550 : 0000;
    2551 : 0000;
    2552 : 0000;
    2553 : 0000;
    2554 : 0000;
    2555 : 0000;
    2556 : 0000;
    2557 : 0000;
    2558 : 0000;
    2559 : 0000;
    2560 : 0000;
    2561 : 0000;
    2562 : 0000;
    2563 : 0000;
    2564 : 0000;
    2565 : 0000;
    2566 : 0000;
    2567 : 0000;
    2568 : 0000;
    2569 : 0000;
    2570 : 0000;
    2571 : 0000;
    2572 : 0000;
    2573 : 0000;
    2574 : 0000;
    2575 : 0000;
    2576 : 0000;
    2577 : 0000;
    2578 : 0000;
    2579 : 0000;
    2580 : 0000;
    2581 : 0000;
    2582 : 0000;
    2583 : 0000;
    2584 : 0000;
    2585 : 0000;
    2586 : 0000;
    2587 : 0000;
    2588 : 0000;
    2589 : 0000;
    2590 : 0000;
    2591 : 0000;
    2592 : 0000;
    2593 : 0000;
    2594 : 0000;
    2595 : 0000;
    2596 : 0000;
    2597 : 0000;
    2598 : 0000;
    2599 : 0000;
    2600 : 0000;
    2601 : 0000;
    2602 : 0000;
    2603 : 0000;
    2604 : 0000;
    2605 : 0000;
    2606 : 0000;
    2607 : 0000;
    2608 : 0000;
    2609 : 0000;
    2610 : 0000;
    2611 : 0000;
    2612 : 0000;
    2613 : 0000;
    2614 : 0000;
    2615 : 0000;
    2616 : 0000;
    2617 : 0000;
    2618 : 0000;
    2619 : 0000;
    2620 : 0000;
    2621 : 0000;
    2622 : 0000;
    2623 : 0000;
    2624 : 0000;
    2625 : 0000;
    2626 : 0000;
    2627 : 0000;
    2628 : 0000;
    2629 : 0000;
    2630 : 0000;
    2631 : 0000;
    2632 : 0000;
    2633 : 0000;
    2634 : 0000;
    2635 : 0000;
    2636 : 0000;
    2637 : 0000;
    2638 : 0000;
    2639 : 0000;
    2640 : 0000;
    2641 : 0000;
    2642 : 0000;
    2643 : 0000;
    2644 : 0000;
    2645 : 0000;
    2646 : 0000;
    2647 : 0000;
    2648 : 0000;
    2649 : 0000;
    2650 : 0000;
    2651 : 0000;
    2652 : 0000;
    2653 : 0000;
    2654 : 0000;
    2655 : 0000;
    2656 : 0000;
    2657 : 0000;
    2658 : 0000;
    2659 : 0000;
    2660 : 0000;
    2661 : 0000;
    2662 : 0000;
    2663 : 0000;
    2664 : 0000;
    2665 : 0000;
    2666 : 0000;
    2667 : 0000;
    2668 : 0000;
    2669 : 0000;
    2670 : 0000;
    2671 : 0000;
    2672 : 0000;
    2673 : 0000;
    2674 : 0000;
    2675 : 0000;
    2676 : 0000;
    2677 : 0000;
    2678 : 0000;
    2679 : 0000;
    2680 : 0000;
    2681 : 0000;
    2682 : 0000;
    2683 : 0000;
    2684 : 0000;
    2685 : 0000;
    2686 : 0000;
    2687 : 0000;
    2688 : 0000;
    2689 : 0000;
    2690 : 0000;
    2691 : 0000;
    2692 : 0000;
    2693 : 0000;
    2694 : 0000;
    2695 : 0000;
    2696 : 0000;
    2697 : 0000;
    2698 : 0000;
    2699 : 0000;
    2700 : 0000;
    2701 : 0000;
    2702 : 0000;
    2703 : 0000;
    2704 : 0000;
    2705 : 0000;
    2706 : 0000;
    2707 : 0000;
    2708 : 0000;
    2709 : 0000;
    2710 : 0000;
    2711 : 0000;
    2712 : 0000;
    2713 : 0000;
    2714 : 0000;
    2715 : 0000;
    2716 : 0000;
    2717 : 0000;
    2718 : 0000;
    2719 : 0000;
    2720 : 0000;
    2721 : 0000;
    2722 : 0000;
    2723 : 0000;
    2724 : 0000;
    2725 : 0000;
    2726 : 0000;
    2727 : 0000;
    2728 : 0000;
    2729 : 0000;
    2730 : 0000;
    2731 : 0000;
    2732 : 0000;
    2733 : 0000;
    2734 : 0000;
    2735 : 0000;
    2736 : 0000;
    2737 : 0000;
    2738 : 0000;
    2739 : 0000;
    2740 : 0000;
    2741 : 0000;
    2742 : 0000;
    2743 : 0000;
    2744 : 0000;
    2745 : 0000;
    2746 : 0000;
    2747 : 0000;
    2748 : 0000;
    2749 : 0000;
    2750 : 0000;
    2751 : 0000;
    2752 : 0000;
    2753 : 0000;
    2754 : 0000;
    2755 : 0000;
    2756 : 0000;
    2757 : 0000;
    2758 : 0000;
    2759 : 0000;
    2760 : 0000;
    2761 : 0000;
    2762 : 0000;
    2763 : 0000;
    2764 : 0000;
    2765 : 0000;
    2766 : 0000;
    2767 : 0000;
    2768 : 0000;
    2769 : 0000;
    2770 : 0000;
    2771 : 0000;
    2772 : 0000;
    2773 : 0000;
    2774 : 0000;
    2775 : 0000;
    2776 : 0000;
    2777 : 0000;
    2778 : 0000;
    2779 : 0000;
    2780 : 0000;
    2781 : 0000;
    2782 : 0000;
    2783 : 0000;
    2784 : 0000;
    2785 : 0000;
    2786 : 0000;
    2787 : 0000;
    2788 : 0000;
    2789 : 0000;
    2790 : 0000;
    2791 : 0000;
    2792 : 0000;
    2793 : 0000;
    2794 : 0000;
    2795 : 0000;
    2796 : 0000;
    2797 : 0000;
    2798 : 0000;
    2799 : 0000;
    2800 : 0000;
    2801 : 0000;
    2802 : 0000;
    2803 : 0000;
    2804 : 0000;
    2805 : 0000;
    2806 : 0000;
    2807 : 0000;
    2808 : 0000;
    2809 : 0000;
    2810 : 0000;
    2811 : 0000;
    2812 : 0000;
    2813 : 0000;
    2814 : 0000;
    2815 : 0000;
    2816 : 0000;
    2817 : 0000;
    2818 : 0000;
    2819 : 0000;
    2820 : 0000;
    2821 : 0000;
    2822 : 0000;
    2823 : 0000;
    2824 : 0000;
    2825 : 0000;
    2826 : 0000;
    2827 : 0000;
    2828 : 0000;
    2829 : 0000;
    2830 : 0000;
    2831 : 0000;
    2832 : 0000;
    2833 : 0000;
    2834 : 0000;
    2835 : 0000;
    2836 : 0000;
    2837 : 0000;
    2838 : 0000;
    2839 : 0000;
    2840 : 0000;
    2841 : 0000;
    2842 : 0000;
    2843 : 0000;
    2844 : 0000;
    2845 : 0000;
    2846 : 0000;
    2847 : 0000;
    2848 : 0000;
    2849 : 0000;
    2850 : 0000;
    2851 : 0000;
    2852 : 0000;
    2853 : 0000;
    2854 : 0000;
    2855 : 0000;
    2856 : 0000;
    2857 : 0000;
    2858 : 0000;
    2859 : 0000;
    2860 : 0000;
    2861 : 0000;
    2862 : 0000;
    2863 : 0000;
    2864 : 0000;
    2865 : 0000;
    2866 : 0000;
    2867 : 0000;
    2868 : 0000;
    2869 : 0000;
    2870 : 0000;
    2871 : 0000;
    2872 : 0000;
    2873 : 0000;
    2874 : 0000;
    2875 : 0000;
    2876 : 0000;
    2877 : 0000;
    2878 : 0000;
    2879 : 0000;
    2880 : 0000;
    2881 : 0000;
    2882 : 0000;
    2883 : 0000;
    2884 : 0000;
    2885 : 0000;
    2886 : 0000;
    2887 : 0000;
    2888 : 0000;
    2889 : 0000;
    2890 : 0000;
    2891 : 0000;
    2892 : 0000;
    2893 : 0000;
    2894 : 0000;
    2895 : 0000;
    2896 : 0000;
    2897 : 0000;
    2898 : 0000;
    2899 : 0000;
    2900 : 0000;
    2901 : 0000;
    2902 : 0000;
    2903 : 0000;
    2904 : 0000;
    2905 : 0000;
    2906 : 0000;
    2907 : 0000;
    2908 : 0000;
    2909 : 0000;
    2910 : 0000;
    2911 : 0000;
    2912 : 0000;
    2913 : 0000;
    2914 : 0000;
    2915 : 0000;
    2916 : 0000;
    2917 : 0000;
    2918 : 0000;
    2919 : 0000;
    2920 : 0000;
    2921 : 0000;
    2922 : 0000;
    2923 : 0000;
    2924 : 0000;
    2925 : 0000;
    2926 : 0000;
    2927 : 0000;
    2928 : 0000;
    2929 : 0000;
    2930 : 0000;
    2931 : 0000;
    2932 : 0000;
    2933 : 0000;
    2934 : 0000;
    2935 : 0000;
    2936 : 0000;
    2937 : 0000;
    2938 : 0000;
    2939 : 0000;
    2940 : 0000;
    2941 : 0000;
    2942 : 0000;
    2943 : 0000;
    2944 : 0000;
    2945 : 0000;
    2946 : 0000;
    2947 : 0000;
    2948 : 0000;
    2949 : 0000;
    2950 : 0000;
    2951 : 0000;
    2952 : 0000;
    2953 : 0000;
    2954 : 0000;
    2955 : 0000;
    2956 : 0000;
    2957 : 0000;
    2958 : 0000;
    2959 : 0000;
    2960 : 0000;
    2961 : 0000;
    2962 : 0000;
    2963 : 0000;
    2964 : 0000;
    2965 : 0000;
    2966 : 0000;
    2967 : 0000;
    2968 : 0000;
    2969 : 0000;
    2970 : 0000;
    2971 : 0000;
    2972 : 0000;
    2973 : 0000;
    2974 : 0000;
    2975 : 0000;
    2976 : 0000;
    2977 : 0000;
    2978 : 0000;
    2979 : 0000;
    2980 : 0000;
    2981 : 0000;
    2982 : 0000;
    2983 : 0000;
    2984 : 0000;
    2985 : 0000;
    2986 : 0000;
    2987 : 0000;
    2988 : 0000;
    2989 : 0000;
    2990 : 0000;
    2991 : 0000;
    2992 : 0000;
    2993 : 0000;
    2994 : 0000;
    2995 : 0000;
    2996 : 0000;
    2997 : 0000;
    2998 : 0000;
    2999 : 0000;
    3000 : 0000;
    3001 : 0000;
    3002 : 0000;
    3003 : 0000;
    3004 : 0000;
    3005 : 0000;
    3006 : 0000;
    3007 : 0000;
    3008 : 0000;
    3009 : 0000;
    3010 : 0000;
    3011 : 0000;
    3012 : 0000;
    3013 : 0000;
    3014 : 0000;
    3015 : 0000;
    3016 : 0000;
    3017 : 0000;
    3018 : 0000;
    3019 : 0000;
    3020 : 0000;
    3021 : 0000;
    3022 : 0000;
    3023 : 0000;
    3024 : 0000;
    3025 : 0000;
    3026 : 0000;
    3027 : 0000;
    3028 : 0000;
    3029 : 0000;
    3030 : 0000;
    3031 : 0000;
    3032 : 0000;
    3033 : 0000;
    3034 : 0000;
    3035 : 0000;
    3036 : 0000;
    3037 : 0000;
    3038 : 0000;
    3039 : 0000;
    3040 : 0000;
    3041 : 0000;
    3042 : 0000;
    3043 : 0000;
    3044 : 0000;
    3045 : 0000;
    3046 : 0000;
    3047 : 0000;
    3048 : 0000;
    3049 : 0000;
    3050 : 0000;
    3051 : 0000;
    3052 : 0000;
    3053 : 0000;
    3054 : 0000;
    3055 : 0000;
    3056 : 0000;
    3057 : 0000;
    3058 : 0000;
    3059 : 0000;
    3060 : 0000;
    3061 : 0000;
    3062 : 0000;
    3063 : 0000;
    3064 : 0000;
    3065 : 0000;
    3066 : 0000;
    3067 : 0000;
    3068 : 0000;
    3069 : 0000;
    3070 : 0000;
    3071 : 0000;
    3072 : 0000;
    3073 : 0000;
    3074 : 0000;
    3075 : 0000;
    3076 : 0000;
    3077 : 0000;
    3078 : 0000;
    3079 : 0000;
    3080 : 0000;
    3081 : 0000;
    3082 : 0000;
    3083 : 0000;
    3084 : 0000;
    3085 : 0000;
    3086 : 0000;
    3087 : 0000;
    3088 : 0000;
    3089 : 0000;
    3090 : 0000;
    3091 : 0000;
    3092 : 0000;
    3093 : 0000;
    3094 : 0000;
    3095 : 0000;
    3096 : 0000;
    3097 : 0000;
    3098 : 0000;
    3099 : 0000;
    3100 : 0000;
    3101 : 0000;
    3102 : 0000;
    3103 : 0000;
    3104 : 0000;
    3105 : 0000;
    3106 : 0000;
    3107 : 0000;
    3108 : 0000;
    3109 : 0000;
    3110 : 0000;
    3111 : 0000;
    3112 : 0000;
    3113 : 0000;
    3114 : 0000;
    3115 : 0000;
    3116 : 0000;
    3117 : 0000;
    3118 : 0000;
    3119 : 0000;
    3120 : 0000;
    3121 : 0000;
    3122 : 0000;
    3123 : 0000;
    3124 : 0000;
    3125 : 0000;
    3126 : 0000;
    3127 : 0000;
    3128 : 0000;
    3129 : 0000;
    3130 : 0000;
    3131 : 0000;
    3132 : 0000;
    3133 : 0000;
    3134 : 0000;
    3135 : 0000;
    3136 : 0000;
    3137 : 0000;
    3138 : 0000;
    3139 : 0000;
    3140 : 0000;
    3141 : 0000;
    3142 : 0000;
    3143 : 0000;
    3144 : 0000;
    3145 : 0000;
    3146 : 0000;
    3147 : 0000;
    3148 : 0000;
    3149 : 0000;
    3150 : 0000;
    3151 : 0000;
    3152 : 0000;
    3153 : 0000;
    3154 : 0000;
    3155 : 0000;
    3156 : 0000;
    3157 : 0000;
    3158 : 0000;
    3159 : 0000;
    3160 : 0000;
    3161 : 0000;
    3162 : 0000;
    3163 : 0000;
    3164 : 0000;
    3165 : 0000;
    3166 : 0000;
    3167 : 0000;
    3168 : 0000;
    3169 : 0000;
    3170 : 0000;
    3171 : 0000;
    3172 : 0000;
    3173 : 0000;
    3174 : 0000;
    3175 : 0000;
    3176 : 0000;
    3177 : 0000;
    3178 : 0000;
    3179 : 0000;
    3180 : 0000;
    3181 : 0000;
    3182 : 0000;
    3183 : 0000;
    3184 : 0000;
    3185 : 0000;
    3186 : 0000;
    3187 : 0000;
    3188 : 0000;
    3189 : 0000;
    3190 : 0000;
    3191 : 0000;
    3192 : 0000;
    3193 : 0000;
    3194 : 0000;
    3195 : 0000;
    3196 : 0000;
    3197 : 0000;
    3198 : 0000;
    3199 : 0000;
    3200 : 0000;
    3201 : 0000;
    3202 : 0000;
    3203 : 0000;
    3204 : 0000;
    3205 : 0000;
    3206 : 0000;
    3207 : 0000;
    3208 : 0000;
    3209 : 0000;
    3210 : 0000;
    3211 : 0000;
    3212 : 0000;
    3213 : 0000;
    3214 : 0000;
    3215 : 0000;
    3216 : 0000;
    3217 : 0000;
    3218 : 0000;
    3219 : 0000;
    3220 : 0000;
    3221 : 0000;
    3222 : 0000;
    3223 : 0000;
    3224 : 0000;
    3225 : 0000;
    3226 : 0000;
    3227 : 0000;
    3228 : 0000;
    3229 : 0000;
    3230 : 0000;
    3231 : 0000;
    3232 : 0000;
    3233 : 0000;
    3234 : 0000;
    3235 : 0000;
    3236 : 0000;
    3237 : 0000;
    3238 : 0000;
    3239 : 0000;
    3240 : 0000;
    3241 : 0000;
    3242 : 0000;
    3243 : 0000;
    3244 : 0000;
    3245 : 0000;
    3246 : 0000;
    3247 : 0000;
    3248 : 0000;
    3249 : 0000;
    3250 : 0000;
    3251 : 0000;
    3252 : 0000;
    3253 : 0000;
    3254 : 0000;
    3255 : 0000;
    3256 : 0000;
    3257 : 0000;
    3258 : 0000;
    3259 : 0000;
    3260 : 0000;
    3261 : 0000;
    3262 : 0000;
    3263 : 0000;
    3264 : 0000;
    3265 : 0000;
    3266 : 0000;
    3267 : 0000;
    3268 : 0000;
    3269 : 0000;
    3270 : 0000;
    3271 : 0000;
    3272 : 0000;
    3273 : 0000;
    3274 : 0000;
    3275 : 0000;
    3276 : 0000;
    3277 : 0000;
    3278 : 0000;
    3279 : 0000;
    3280 : 0000;
    3281 : 0000;
    3282 : 0000;
    3283 : 0000;
    3284 : 0000;
    3285 : 0000;
    3286 : 0000;
    3287 : 0000;
    3288 : 0000;
    3289 : 0000;
    3290 : 0000;
    3291 : 0000;
    3292 : 0000;
    3293 : 0000;
    3294 : 0000;
    3295 : 0000;
    3296 : 0000;
    3297 : 0000;
    3298 : 0000;
    3299 : 0000;
    3300 : 0000;
    3301 : 0000;
    3302 : 0000;
    3303 : 0000;
    3304 : 0000;
    3305 : 0000;
    3306 : 0000;
    3307 : 0000;
    3308 : 0000;
    3309 : 0000;
    3310 : 0000;
    3311 : 0000;
    3312 : 0000;
    3313 : 0000;
    3314 : 0000;
    3315 : 0000;
    3316 : 0000;
    3317 : 0000;
    3318 : 0000;
    3319 : 0000;
    3320 : 0000;
    3321 : 0000;
    3322 : 0000;
    3323 : 0000;
    3324 : 0000;
    3325 : 0000;
    3326 : 0000;
    3327 : 0000;
    3328 : 0000;
    3329 : 0000;
    3330 : 0000;
    3331 : 0000;
    3332 : 0000;
    3333 : 0000;
    3334 : 0000;
    3335 : 0000;
    3336 : 0000;
    3337 : 0000;
    3338 : 0000;
    3339 : 0000;
    3340 : 0000;
    3341 : 0000;
    3342 : 0000;
    3343 : 0000;
    3344 : 0000;
    3345 : 0000;
    3346 : 0000;
    3347 : 0000;
    3348 : 0000;
    3349 : 0000;
    3350 : 0000;
    3351 : 0000;
    3352 : 0000;
    3353 : 0000;
    3354 : 0000;
    3355 : 0000;
    3356 : 0000;
    3357 : 0000;
    3358 : 0000;
    3359 : 0000;
    3360 : 0000;
    3361 : 0000;
    3362 : 0000;
    3363 : 0000;
    3364 : 0000;
    3365 : 0000;
    3366 : 0000;
    3367 : 0000;
    3368 : 0000;
    3369 : 0000;
    3370 : 0000;
    3371 : 0000;
    3372 : 0000;
    3373 : 0000;
    3374 : 0000;
    3375 : 0000;
    3376 : 0000;
    3377 : 0000;
    3378 : 0000;
    3379 : 0000;
    3380 : 0000;
    3381 : 0000;
    3382 : 0000;
    3383 : 0000;
    3384 : 0000;
    3385 : 0000;
    3386 : 0000;
    3387 : 0000;
    3388 : 0000;
    3389 : 0000;
    3390 : 0000;
    3391 : 0000;
    3392 : 0000;
    3393 : 0000;
    3394 : 0000;
    3395 : 0000;
    3396 : 0000;
    3397 : 0000;
    3398 : 0000;
    3399 : 0000;
    3400 : 0000;
    3401 : 0000;
    3402 : 0000;
    3403 : 0000;
    3404 : 0000;
    3405 : 0000;
    3406 : 0000;
    3407 : 0000;
    3408 : 0000;
    3409 : 0000;
    3410 : 0000;
    3411 : 0000;
    3412 : 0000;
    3413 : 0000;
    3414 : 0000;
    3415 : 0000;
    3416 : 0000;
    3417 : 0000;
    3418 : 0000;
    3419 : 0000;
    3420 : 0000;
    3421 : 0000;
    3422 : 0000;
    3423 : 0000;
    3424 : 0000;
    3425 : 0000;
    3426 : 0000;
    3427 : 0000;
    3428 : 0000;
    3429 : 0000;
    3430 : 0000;
    3431 : 0000;
    3432 : 0000;
    3433 : 0000;
    3434 : 0000;
    3435 : 0000;
    3436 : 0000;
    3437 : 0000;
    3438 : 0000;
    3439 : 0000;
    3440 : 0000;
    3441 : 0000;
    3442 : 0000;
    3443 : 0000;
    3444 : 0000;
    3445 : 0000;
    3446 : 0000;
    3447 : 0000;
    3448 : 0000;
    3449 : 0000;
    3450 : 0000;
    3451 : 0000;
    3452 : 0000;
    3453 : 0000;
    3454 : 0000;
    3455 : 0000;
    3456 : 0000;
    3457 : 0000;
    3458 : 0000;
    3459 : 0000;
    3460 : 0000;
    3461 : 0000;
    3462 : 0000;
    3463 : 0000;
    3464 : 0000;
    3465 : 0000;
    3466 : 0000;
    3467 : 0000;
    3468 : 0000;
    3469 : 0000;
    3470 : 0000;
    3471 : 0000;
    3472 : 0000;
    3473 : 0000;
    3474 : 0000;
    3475 : 0000;
    3476 : 0000;
    3477 : 0000;
    3478 : 0000;
    3479 : 0000;
    3480 : 0000;
    3481 : 0000;
    3482 : 0000;
    3483 : 0000;
    3484 : 0000;
    3485 : 0000;
    3486 : 0000;
    3487 : 0000;
    3488 : 0000;
    3489 : 0000;
    3490 : 0000;
    3491 : 0000;
    3492 : 0000;
    3493 : 0000;
    3494 : 0000;
    3495 : 0000;
    3496 : 0000;
    3497 : 0000;
    3498 : 0000;
    3499 : 0000;
    3500 : 0000;
    3501 : 0000;
    3502 : 0000;
    3503 : 0000;
    3504 : 0000;
    3505 : 0000;
    3506 : 0000;
    3507 : 0000;
    3508 : 0000;
    3509 : 0000;
    3510 : 0000;
    3511 : 0000;
    3512 : 0000;
    3513 : 0000;
    3514 : 0000;
    3515 : 0000;
    3516 : 0000;
    3517 : 0000;
    3518 : 0000;
    3519 : 0000;
    3520 : 0000;
    3521 : 0000;
    3522 : 0000;
    3523 : 0000;
    3524 : 0000;
    3525 : 0000;
    3526 : 0000;
    3527 : 0000;
    3528 : 0000;
    3529 : 0000;
    3530 : 0000;
    3531 : 0000;
    3532 : 0000;
    3533 : 0000;
    3534 : 0000;
    3535 : 0000;
    3536 : 0000;
    3537 : 0000;
    3538 : 0000;
    3539 : 0000;
    3540 : 0000;
    3541 : 0000;
    3542 : 0000;
    3543 : 0000;
    3544 : 0000;
    3545 : 0000;
    3546 : 0000;
    3547 : 0000;
    3548 : 0000;
    3549 : 0000;
    3550 : 0000;
    3551 : 0000;
    3552 : 0000;
    3553 : 0000;
    3554 : 0000;
    3555 : 0000;
    3556 : 0000;
    3557 : 0000;
    3558 : 0000;
    3559 : 0000;
    3560 : 0000;
    3561 : 0000;
    3562 : 0000;
    3563 : 0000;
    3564 : 0000;
    3565 : 0000;
    3566 : 0000;
    3567 : 0000;
    3568 : 0000;
    3569 : 0000;
    3570 : 0000;
    3571 : 0000;
    3572 : 0000;
    3573 : 0000;
    3574 : 0000;
    3575 : 0000;
    3576 : 0000;
    3577 : 0000;
    3578 : 0000;
    3579 : 0000;
    3580 : 0000;
    3581 : 0000;
    3582 : 0000;
    3583 : 0000;
    3584 : 0000;
    3585 : 0000;
    3586 : 0000;
    3587 : 0000;
    3588 : 0000;
    3589 : 0000;
    3590 : 0000;
    3591 : 0000;
    3592 : 0000;
    3593 : 0000;
    3594 : 0000;
    3595 : 0000;
    3596 : 0000;
    3597 : 0000;
    3598 : 0000;
    3599 : 0000;
    3600 : 0000;
    3601 : 0000;
    3602 : 0000;
    3603 : 0000;
    3604 : 0000;
    3605 : 0000;
    3606 : 0000;
    3607 : 0000;
    3608 : 0000;
    3609 : 0000;
    3610 : 0000;
    3611 : 0000;
    3612 : 0000;
    3613 : 0000;
    3614 : 0000;
    3615 : 0000;
    3616 : 0000;
    3617 : 0000;
    3618 : 0000;
    3619 : 0000;
    3620 : 0000;
    3621 : 0000;
    3622 : 0000;
    3623 : 0000;
    3624 : 0000;
    3625 : 0000;
    3626 : 0000;
    3627 : 0000;
    3628 : 0000;
    3629 : 0000;
    3630 : 0000;
    3631 : 0000;
    3632 : 0000;
    3633 : 0000;
    3634 : 0000;
    3635 : 0000;
    3636 : 0000;
    3637 : 0000;
    3638 : 0000;
    3639 : 0000;
    3640 : 0000;
    3641 : 0000;
    3642 : 0000;
    3643 : 0000;
    3644 : 0000;
    3645 : 0000;
    3646 : 0000;
    3647 : 0000;
    3648 : 0000;
    3649 : 0000;
    3650 : 0000;
    3651 : 0000;
    3652 : 0000;
    3653 : 0000;
    3654 : 0000;
    3655 : 0000;
    3656 : 0000;
    3657 : 0000;
    3658 : 0000;
    3659 : 0000;
    3660 : 0000;
    3661 : 0000;
    3662 : 0000;
    3663 : 0000;
    3664 : 0000;
    3665 : 0000;
    3666 : 0000;
    3667 : 0000;
    3668 : 0000;
    3669 : 0000;
    3670 : 0000;
    3671 : 0000;
    3672 : 0000;
    3673 : 0000;
    3674 : 0000;
    3675 : 0000;
    3676 : 0000;
    3677 : 0000;
    3678 : 0000;
    3679 : 0000;
    3680 : 0000;
    3681 : 0000;
    3682 : 0000;
    3683 : 0000;
    3684 : 0000;
    3685 : 0000;
    3686 : 0000;
    3687 : 0000;
    3688 : 0000;
    3689 : 0000;
    3690 : 0000;
    3691 : 0000;
    3692 : 0000;
    3693 : 0000;
    3694 : 0000;
    3695 : 0000;
    3696 : 0000;
    3697 : 0000;
    3698 : 0000;
    3699 : 0000;
    3700 : 0000;
    3701 : 0000;
    3702 : 0000;
    3703 : 0000;
    3704 : 0000;
    3705 : 0000;
    3706 : 0000;
    3707 : 0000;
    3708 : 0000;
    3709 : 0000;
    3710 : 0000;
    3711 : 0000;
    3712 : 0000;
    3713 : 0000;
    3714 : 0000;
    3715 : 0000;
    3716 : 0000;
    3717 : 0000;
    3718 : 0000;
    3719 : 0000;
    3720 : 0000;
    3721 : 0000;
    3722 : 0000;
    3723 : 0000;
    3724 : 0000;
    3725 : 0000;
    3726 : 0000;
    3727 : 0000;
    3728 : 0000;
    3729 : 0000;
    3730 : 0000;
    3731 : 0000;
    3732 : 0000;
    3733 : 0000;
    3734 : 0000;
    3735 : 0000;
    3736 : 0000;
    3737 : 0000;
    3738 : 0000;
    3739 : 0000;
    3740 : 0000;
    3741 : 0000;
    3742 : 0000;
    3743 : 0000;
    3744 : 0000;
    3745 : 0000;
    3746 : 0000;
    3747 : 0000;
    3748 : 0000;
    3749 : 0000;
    3750 : 0000;
    3751 : 0000;
    3752 : 0000;
    3753 : 0000;
    3754 : 0000;
    3755 : 0000;
    3756 : 0000;
    3757 : 0000;
    3758 : 0000;
    3759 : 0000;
    3760 : 0000;
    3761 : 0000;
    3762 : 0000;
    3763 : 0000;
    3764 : 0000;
    3765 : 0000;
    3766 : 0000;
    3767 : 0000;
    3768 : 0000;
    3769 : 0000;
    3770 : 0000;
    3771 : 0000;
    3772 : 0000;
    3773 : 0000;
    3774 : 0000;
    3775 : 0000;
    3776 : 0000;
    3777 : 0000;
    3778 : 0000;
    3779 : 0000;
    3780 : 0000;
    3781 : 0000;
    3782 : 0000;
    3783 : 0000;
    3784 : 0000;
    3785 : 0000;
    3786 : 0000;
    3787 : 0000;
    3788 : 0000;
    3789 : 0000;
    3790 : 0000;
    3791 : 0000;
    3792 : 0000;
    3793 : 0000;
    3794 : 0000;
    3795 : 0000;
    3796 : 0000;
    3797 : 0000;
    3798 : 0000;
    3799 : 0000;
    3800 : 0000;
    3801 : 0000;
    3802 : 0000;
    3803 : 0000;
    3804 : 0000;
    3805 : 0000;
    3806 : 0000;
    3807 : 0000;
    3808 : 0000;
    3809 : 0000;
    3810 : 0000;
    3811 : 0000;
    3812 : 0000;
    3813 : 0000;
    3814 : 0000;
    3815 : 0000;
    3816 : 0000;
    3817 : 0000;
    3818 : 0000;
    3819 : 0000;
    3820 : 0000;
    3821 : 0000;
    3822 : 0000;
    3823 : 0000;
    3824 : 0000;
    3825 : 0000;
    3826 : 0000;
    3827 : 0000;
    3828 : 0000;
    3829 : 0000;
    3830 : 0000;
    3831 : 0000;
    3832 : 0000;
    3833 : 0000;
    3834 : 0000;
    3835 : 0000;
    3836 : 0000;
    3837 : 0000;
    3838 : 0000;
    3839 : 0000;
    3840 : 0000;
    3841 : 0000;
    3842 : 0000;
    3843 : 0000;
    3844 : 0000;
    3845 : 0000;
    3846 : 0000;
    3847 : 0000;
    3848 : 0000;
    3849 : 0000;
    3850 : 0000;
    3851 : 0000;
    3852 : 0000;
    3853 : 0000;
    3854 : 0000;
    3855 : 0000;
    3856 : 0000;
    3857 : 0000;
    3858 : 0000;
    3859 : 0000;
    3860 : 0000;
    3861 : 0000;
    3862 : 0000;
    3863 : 0000;
    3864 : 0000;
    3865 : 0000;
    3866 : 0000;
    3867 : 0000;
    3868 : 0000;
    3869 : 0000;
    3870 : 0000;
    3871 : 0000;
    3872 : 0000;
    3873 : 0000;
    3874 : 0000;
    3875 : 0000;
    3876 : 0000;
    3877 : 0000;
    3878 : 0000;
    3879 : 0000;
    3880 : 0000;
    3881 : 0000;
    3882 : 0000;
    3883 : 0000;
    3884 : 0000;
    3885 : 0000;
    3886 : 0000;
    3887 : 0000;
    3888 : 0000;
    3889 : 0000;
    3890 : 0000;
    3891 : 0000;
    3892 : 0000;
    3893 : 0000;
    3894 : 0000;
    3895 : 0000;
    3896 : 0000;
    3897 : 0000;
    3898 : 0000;
    3899 : 0000;
    3900 : 0000;
    3901 : 0000;
    3902 : 0000;
    3903 : 0000;
    3904 : 0000;
    3905 : 0000;
    3906 : 0000;
    3907 : 0000;
    3908 : 0000;
    3909 : 0000;
    3910 : 0000;
    3911 : 0000;
    3912 : 0000;
    3913 : 0000;
    3914 : 0000;
    3915 : 0000;
    3916 : 0000;
    3917 : 0000;
    3918 : 0000;
    3919 : 0000;
    3920 : 0000;
    3921 : 0000;
    3922 : 0000;
    3923 : 0000;
    3924 : 0000;
    3925 : 0000;
    3926 : 0000;
    3927 : 0000;
    3928 : 0000;
    3929 : 0000;
    3930 : 0000;
    3931 : 0000;
    3932 : 0000;
    3933 : 0000;
    3934 : 0000;
    3935 : 0000;
    3936 : 0000;
    3937 : 0000;
    3938 : 0000;
    3939 : 0000;
    3940 : 0000;
    3941 : 0000;
    3942 : 0000;
    3943 : 0000;
    3944 : 0000;
    3945 : 0000;
    3946 : 0000;
    3947 : 0000;
    3948 : 0000;
    3949 : 0000;
    3950 : 0000;
    3951 : 0000;
    3952 : 0000;
    3953 : 0000;
    3954 : 0000;
    3955 : 0000;
    3956 : 0000;
    3957 : 0000;
    3958 : 0000;
    3959 : 0000;
    3960 : 0000;
    3961 : 0000;
    3962 : 0000;
    3963 : 0000;
    3964 : 0000;
    3965 : 0000;
    3966 : 0000;
    3967 : 0000;
    3968 : 0000;
    3969 : 0000;
    3970 : 0000;
    3971 : 0000;
    3972 : 0000;
    3973 : 0000;
    3974 : 0000;
    3975 : 0000;
    3976 : 0000;
    3977 : 0000;
    3978 : 0000;
    3979 : 0000;
    3980 : 0000;
    3981 : 0000;
    3982 : 0000;
    3983 : 0000;
    3984 : 0000;
    3985 : 0000;
    3986 : 0000;
    3987 : 0000;
    3988 : 0000;
    3989 : 0000;
    3990 : 0000;
    3991 : 0000;
    3992 : 0000;
    3993 : 0000;
    3994 : 0000;
    3995 : 0000;
    3996 : 0000;
    3997 : 0000;
    3998 : 0000;
    3999 : 0000;
    4000 : 0000;
    4001 : 0000;
    4002 : 0000;
    4003 : 0000;
    4004 : 0000;
    4005 : 0000;
    4006 : 0000;
    4007 : 0000;
    4008 : 0000;
    4009 : 0000;
    4010 : 0000;
    4011 : 0000;
    4012 : 0000;
    4013 : 0000;
    4014 : 0000;
    4015 : 0000;
    4016 : 0000;
    4017 : 0000;
    4018 : 0000;
    4019 : 0000;
    4020 : 0000;
    4021 : 0000;
    4022 : 0000;
    4023 : 0000;
    4024 : 0000;
    4025 : 0000;
    4026 : 0000;
    4027 : 0000;
    4028 : 0000;
    4029 : 0000;
    4030 : 0000;
    4031 : 0000;
    4032 : 0000;
    4033 : 0000;
    4034 : 0000;
    4035 : 0000;
    4036 : 0000;
    4037 : 0000;
    4038 : 0000;
    4039 : 0000;
    4040 : 0000;
    4041 : 0000;
    4042 : 0000;
    4043 : 0000;
    4044 : 0000;
    4045 : 0000;
    4046 : 0000;
    4047 : 0000;
    4048 : 0000;
    4049 : 0000;
    4050 : 0000;
    4051 : 0000;
    4052 : 0000;
    4053 : 0000;
    4054 : 0000;
    4055 : 0000;
    4056 : 0000;
    4057 : 0000;
    4058 : 0000;
    4059 : 0000;
    4060 : 0000;
    4061 : 0000;
    4062 : 0000;
    4063 : 0000;
    4064 : 0000;
    4065 : 0000;
    4066 : 0000;
    4067 : 0000;
    4068 : 0000;
    4069 : 0000;
    4070 : 0000;
    4071 : 0000;
    4072 : 0000;
    4073 : 0000;
    4074 : 0000;
    4075 : 0000;
    4076 : 0000;
    4077 : 0000;
    4078 : 0000;
    4079 : 0000;
    4080 : 0000;
    4081 : 0000;
    4082 : 0000;
    4083 : 0000;
    4084 : 0000;
    4085 : 0000;
    4086 : 0000;
    4087 : 0000;
    4088 : 0000;
    4089 : 0000;
    4090 : 0000;
    4091 : 0000;
    4092 : 0000;
    4093 : 0000;
    4094 : 0000;
    4095 : 0000;
    4096 : 0000;
    4097 : 0000;
    4098 : 0000;
    4099 : 0000;
    4100 : 0000;
    4101 : 0000;
    4102 : 0000;
    4103 : 0000;
    4104 : 0000;
    4105 : 0000;
    4106 : 0000;
    4107 : 0000;
    4108 : 0000;
    4109 : 0000;
    4110 : 0000;
    4111 : 0000;
    4112 : 0000;
    4113 : 0000;
    4114 : 0000;
    4115 : 0000;
    4116 : 0000;
    4117 : 0000;
    4118 : 0000;
    4119 : 0000;
    4120 : 0000;
    4121 : 0000;
    4122 : 0000;
    4123 : 0000;
    4124 : 0000;
    4125 : 0000;
    4126 : 0000;
    4127 : 0000;
    4128 : 0000;
    4129 : 0000;
    4130 : 0000;
    4131 : 0000;
    4132 : 0000;
    4133 : 0000;
    4134 : 0000;
    4135 : 0000;
    4136 : 0000;
    4137 : 0000;
    4138 : 0000;
    4139 : 0000;
    4140 : 0000;
    4141 : 0000;
    4142 : 0000;
    4143 : 0000;
    4144 : 0000;
    4145 : 0000;
    4146 : 0000;
    4147 : 0000;
    4148 : 0000;
    4149 : 0000;
    4150 : 0000;
    4151 : 0000;
    4152 : 0000;
    4153 : 0000;
    4154 : 0000;
    4155 : 0000;
    4156 : 0000;
    4157 : 0000;
    4158 : 0000;
    4159 : 0000;
    4160 : 0000;
    4161 : 0000;
    4162 : 0000;
    4163 : 0000;
    4164 : 0000;
    4165 : 0000;
    4166 : 0000;
    4167 : 0000;
    4168 : 0000;
    4169 : 0000;
    4170 : 0000;
    4171 : 0000;
    4172 : 0000;
    4173 : 0000;
    4174 : 0000;
    4175 : 0000;
    4176 : 0000;
    4177 : 0000;
    4178 : 0000;
    4179 : 0000;
    4180 : 0000;
    4181 : 0000;
    4182 : 0000;
    4183 : 0000;
    4184 : 0000;
    4185 : 0000;
    4186 : 0000;
    4187 : 0000;
    4188 : 0000;
    4189 : 0000;
    4190 : 0000;
    4191 : 0000;
    4192 : 0000;
    4193 : 0000;
    4194 : 0000;
    4195 : 0000;
    4196 : 0000;
    4197 : 0000;
    4198 : 0000;
    4199 : 0000;
    4200 : 0000;
    4201 : 0000;
    4202 : 0000;
    4203 : 0000;
    4204 : 0000;
    4205 : 0000;
    4206 : 0000;
    4207 : 0000;
    4208 : 0000;
    4209 : 0000;
    4210 : 0000;
    4211 : 0000;
    4212 : 0000;
    4213 : 0000;
    4214 : 0000;
    4215 : 0000;
    4216 : 0000;
    4217 : 0000;
    4218 : 0000;
    4219 : 0000;
    4220 : 0000;
    4221 : 0000;
    4222 : 0000;
    4223 : 0000;
    4224 : 0000;
    4225 : 0000;
    4226 : 0000;
    4227 : 0000;
    4228 : 0000;
    4229 : 0000;
    4230 : 0000;
    4231 : 0000;
    4232 : 0000;
    4233 : 0000;
    4234 : 0000;
    4235 : 0000;
    4236 : 0000;
    4237 : 0000;
    4238 : 0000;
    4239 : 0000;
    4240 : 0000;
    4241 : 0000;
    4242 : 0000;
    4243 : 0000;
    4244 : 0000;
    4245 : 0000;
    4246 : 0000;
    4247 : 0000;
    4248 : 0000;
    4249 : 0000;
    4250 : 0000;
    4251 : 0000;
    4252 : 0000;
    4253 : 0000;
    4254 : 0000;
    4255 : 0000;
    4256 : 0000;
    4257 : 0000;
    4258 : 0000;
    4259 : 0000;
    4260 : 0000;
    4261 : 0000;
    4262 : 0000;
    4263 : 0000;
    4264 : 0000;
    4265 : 0000;
    4266 : 0000;
    4267 : 0000;
    4268 : 0000;
    4269 : 0000;
    4270 : 0000;
    4271 : 0000;
    4272 : 0000;
    4273 : 0000;
    4274 : 0000;
    4275 : 0000;
    4276 : 0000;
    4277 : 0000;
    4278 : 0000;
    4279 : 0000;
    4280 : 0000;
    4281 : 0000;
    4282 : 0000;
    4283 : 0000;
    4284 : 0000;
    4285 : 0000;
    4286 : 0000;
    4287 : 0000;
    4288 : 0000;
    4289 : 0000;
    4290 : 0000;
    4291 : 0000;
    4292 : 0000;
    4293 : 0000;
    4294 : 0000;
    4295 : 0000;
    4296 : 0000;
    4297 : 0000;
    4298 : 0000;
    4299 : 0000;
    4300 : 0000;
    4301 : 0000;
    4302 : 0000;
    4303 : 0000;
    4304 : 0000;
    4305 : 0000;
    4306 : 0000;
    4307 : 0000;
    4308 : 0000;
    4309 : 0000;
    4310 : 0000;
    4311 : 0000;
    4312 : 0000;
    4313 : 0000;
    4314 : 0000;
    4315 : 0000;
    4316 : 0000;
    4317 : 0000;
    4318 : 0000;
    4319 : 0000;
    4320 : 0000;
    4321 : 0000;
    4322 : 0000;
    4323 : 0000;
    4324 : 0000;
    4325 : 0000;
    4326 : 0000;
    4327 : 0000;
    4328 : 0000;
    4329 : 0000;
    4330 : 0000;
    4331 : 0000;
    4332 : 0000;
    4333 : 0000;
    4334 : 0000;
    4335 : 0000;
    4336 : 0000;
    4337 : 0000;
    4338 : 0000;
    4339 : 0000;
    4340 : 0000;
    4341 : 0000;
    4342 : 0000;
    4343 : 0000;
    4344 : 0000;
    4345 : 0000;
    4346 : 0000;
    4347 : 0000;
    4348 : 0000;
    4349 : 0000;
    4350 : 0000;
    4351 : 0000;
    4352 : 0000;
    4353 : 0000;
    4354 : 0000;
    4355 : 0000;
    4356 : 0000;
    4357 : 0000;
    4358 : 0000;
    4359 : 0000;
    4360 : 0000;
    4361 : 0000;
    4362 : 0000;
    4363 : 0000;
    4364 : 0000;
    4365 : 0000;
    4366 : 0000;
    4367 : 0000;
    4368 : 0000;
    4369 : 0000;
    4370 : 0000;
    4371 : 0000;
    4372 : 0000;
    4373 : 0000;
    4374 : 0000;
    4375 : 0000;
    4376 : 0000;
    4377 : 0000;
    4378 : 0000;
    4379 : 0000;
    4380 : 0000;
    4381 : 0000;
    4382 : 0000;
    4383 : 0000;
    4384 : 0000;
    4385 : 0000;
    4386 : 0000;
    4387 : 0000;
    4388 : 0000;
    4389 : 0000;
    4390 : 0000;
    4391 : 0000;
    4392 : 0000;
    4393 : 0000;
    4394 : 0000;
    4395 : 0000;
    4396 : 0000;
    4397 : 0000;
    4398 : 0000;
    4399 : 0000;
    4400 : 0000;
    4401 : 0000;
    4402 : 0000;
    4403 : 0000;
    4404 : 0000;
    4405 : 0000;
    4406 : 0000;
    4407 : 0000;
    4408 : 0000;
    4409 : 0000;
    4410 : 0000;
    4411 : 0000;
    4412 : 0000;
    4413 : 0000;
    4414 : 0000;
    4415 : 0000;
    4416 : 0000;
    4417 : 0000;
    4418 : 0000;
    4419 : 0000;
    4420 : 0000;
    4421 : 0000;
    4422 : 0000;
    4423 : 0000;
    4424 : 0000;
    4425 : 0000;
    4426 : 0000;
    4427 : 0000;
    4428 : 0000;
    4429 : 0000;
    4430 : 0000;
    4431 : 0000;
    4432 : 0000;
    4433 : 0000;
    4434 : 0000;
    4435 : 0000;
    4436 : 0000;
    4437 : 0000;
    4438 : 0000;
    4439 : 0000;
    4440 : 0000;
    4441 : 0000;
    4442 : 0000;
    4443 : 0000;
    4444 : 0000;
    4445 : 0000;
    4446 : 0000;
    4447 : 0000;
    4448 : 0000;
    4449 : 0000;
    4450 : 0000;
    4451 : 0000;
    4452 : 0000;
    4453 : 0000;
    4454 : 0000;
    4455 : 0000;
    4456 : 0000;
    4457 : 0000;
    4458 : 0000;
    4459 : 0000;
    4460 : 0000;
    4461 : 0000;
    4462 : 0000;
    4463 : 0000;
    4464 : 0000;
    4465 : 0000;
    4466 : 0000;
    4467 : 0000;
    4468 : 0000;
    4469 : 0000;
    4470 : 0000;
    4471 : 0000;
    4472 : 0000;
    4473 : 0000;
    4474 : 0000;
    4475 : 0000;
    4476 : 0000;
    4477 : 0000;
    4478 : 0000;
    4479 : 0000;
    4480 : 0000;
    4481 : 0000;
    4482 : 0000;
    4483 : 0000;
    4484 : 0000;
    4485 : 0000;
    4486 : 0000;
    4487 : 0000;
    4488 : 0000;
    4489 : 0000;
    4490 : 0000;
    4491 : 0000;
    4492 : 0000;
    4493 : 0000;
    4494 : 0000;
    4495 : 0000;
    4496 : 0000;
    4497 : 0000;
    4498 : 0000;
    4499 : 0000;
    4500 : 0000;
    4501 : 0000;
    4502 : 0000;
    4503 : 0000;
    4504 : 0000;
    4505 : 0000;
    4506 : 0000;
    4507 : 0000;
    4508 : 0000;
    4509 : 0000;
    4510 : 0000;
    4511 : 0000;
    4512 : 0000;
    4513 : 0000;
    4514 : 0000;
    4515 : 0000;
    4516 : 0000;
    4517 : 0000;
    4518 : 0000;
    4519 : 0000;
    4520 : 0000;
    4521 : 0000;
    4522 : 0000;
    4523 : 0000;
    4524 : 0000;
    4525 : 0000;
    4526 : 0000;
    4527 : 0000;
    4528 : 0000;
    4529 : 0000;
    4530 : 0000;
    4531 : 0000;
    4532 : 0000;
    4533 : 0000;
    4534 : 0000;
    4535 : 0000;
    4536 : 0000;
    4537 : 0000;
    4538 : 0000;
    4539 : 0000;
    4540 : 0000;
    4541 : 0000;
    4542 : 0000;
    4543 : 0000;
    4544 : 0000;
    4545 : 0000;
    4546 : 0000;
    4547 : 0000;
    4548 : 0000;
    4549 : 0000;
    4550 : 0000;
    4551 : 0000;
    4552 : 0000;
    4553 : 0000;
    4554 : 0000;
    4555 : 0000;
    4556 : 0000;
    4557 : 0000;
    4558 : 0000;
    4559 : 0000;
    4560 : 0000;
    4561 : 0000;
    4562 : 0000;
    4563 : 0000;
    4564 : 0000;
    4565 : 0000;
    4566 : 0000;
    4567 : 0000;
    4568 : 0000;
    4569 : 0000;
    4570 : 0000;
    4571 : 0000;
    4572 : 0000;
    4573 : 0000;
    4574 : 0000;
    4575 : 0000;
    4576 : 0000;
    4577 : 0000;
    4578 : 0000;
    4579 : 0000;
    4580 : 0000;
    4581 : 0000;
    4582 : 0000;
    4583 : 0000;
    4584 : 0000;
    4585 : 0000;
    4586 : 0000;
    4587 : 0000;
    4588 : 0000;
    4589 : 0000;
    4590 : 0000;
    4591 : 0000;
    4592 : 0000;
    4593 : 0000;
    4594 : 0000;
    4595 : 0000;
    4596 : 0000;
    4597 : 0000;
    4598 : 0000;
    4599 : 0000;
    4600 : 0000;
    4601 : 0000;
    4602 : 0000;
    4603 : 0000;
    4604 : 0000;
    4605 : 0000;
    4606 : 0000;
    4607 : 0000;
    4608 : 0000;
    4609 : 0000;
    4610 : 0000;
    4611 : 0000;
    4612 : 0000;
    4613 : 0000;
    4614 : 0000;
    4615 : 0000;
    4616 : 0000;
    4617 : 0000;
    4618 : 0000;
    4619 : 0000;
    4620 : 0000;
    4621 : 0000;
    4622 : 0000;
    4623 : 0000;
    4624 : 0000;
    4625 : 0000;
    4626 : 0000;
    4627 : 0000;
    4628 : 0000;
    4629 : 0000;
    4630 : 0000;
    4631 : 0000;
    4632 : 0000;
    4633 : 0000;
    4634 : 0000;
    4635 : 0000;
    4636 : 0000;
    4637 : 0000;
    4638 : 0000;
    4639 : 0000;
    4640 : 0000;
    4641 : 0000;
    4642 : 0000;
    4643 : 0000;
    4644 : 0000;
    4645 : 0000;
    4646 : 0000;
    4647 : 0000;
    4648 : 0000;
    4649 : 0000;
    4650 : 0000;
    4651 : 0000;
    4652 : 0000;
    4653 : 0000;
    4654 : 0000;
    4655 : 0000;
    4656 : 0000;
    4657 : 0000;
    4658 : 0000;
    4659 : 0000;
    4660 : 0000;
    4661 : 0000;
    4662 : 0000;
    4663 : 0000;
    4664 : 0000;
    4665 : 0000;
    4666 : 0000;
    4667 : 0000;
    4668 : 0000;
    4669 : 0000;
    4670 : 0000;
    4671 : 0000;
    4672 : 0000;
    4673 : 0000;
    4674 : 0000;
    4675 : 0000;
    4676 : 0000;
    4677 : 0000;
    4678 : 0000;
    4679 : 0000;
    4680 : 0000;
    4681 : 0000;
    4682 : 0000;
    4683 : 0000;
    4684 : 0000;
    4685 : 0000;
    4686 : 0000;
    4687 : 0000;
    4688 : 0000;
    4689 : 0000;
    4690 : 0000;
    4691 : 0000;
    4692 : 0000;
    4693 : 0000;
    4694 : 0000;
    4695 : 0000;
    4696 : 0000;
    4697 : 0000;
    4698 : 0000;
    4699 : 0000;
    4700 : 0000;
    4701 : 0000;
    4702 : 0000;
    4703 : 0000;
    4704 : 0000;
    4705 : 0000;
    4706 : 0000;
    4707 : 0000;
    4708 : 0000;
    4709 : 0000;
    4710 : 0000;
    4711 : 0000;
    4712 : 0000;
    4713 : 0000;
    4714 : 0000;
    4715 : 0000;
    4716 : 0000;
    4717 : 0000;
    4718 : 0000;
    4719 : 0000;
    4720 : 0000;
    4721 : 0000;
    4722 : 0000;
    4723 : 0000;
    4724 : 0000;
    4725 : 0000;
    4726 : 0000;
    4727 : 0000;
    4728 : 0000;
    4729 : 0000;
    4730 : 0000;
    4731 : 0000;
    4732 : 0000;
    4733 : 0000;
    4734 : 0000;
    4735 : 0000;
    4736 : 0000;
    4737 : 0000;
    4738 : 0000;
    4739 : 0000;
    4740 : 0000;
    4741 : 0000;
    4742 : 0000;
    4743 : 0000;
    4744 : 0000;
    4745 : 0000;
    4746 : 0000;
    4747 : 0000;
    4748 : 0000;
    4749 : 0000;
    4750 : 0000;
    4751 : 0000;
    4752 : 0000;
    4753 : 0000;
    4754 : 0000;
    4755 : 0000;
    4756 : 0000;
    4757 : 0000;
    4758 : 0000;
    4759 : 0000;
    4760 : 0000;
    4761 : 0000;
    4762 : 0000;
    4763 : 0000;
    4764 : 0000;
    4765 : 0000;
    4766 : 0000;
    4767 : 0000;
    4768 : 0000;
    4769 : 0000;
    4770 : 0000;
    4771 : 0000;
    4772 : 0000;
    4773 : 0000;
    4774 : 0000;
    4775 : 0000;
    4776 : 0000;
    4777 : 0000;
    4778 : 0000;
    4779 : 0000;
    4780 : 0000;
    4781 : 0000;
    4782 : 0000;
    4783 : 0000;
    4784 : 0000;
    4785 : 0000;
    4786 : 0000;
    4787 : 0000;
    4788 : 0000;
    4789 : 0000;
    4790 : 0000;
    4791 : 0000;
    4792 : 0000;
    4793 : 0000;
    4794 : 0000;
    4795 : 0000;
    4796 : 0000;
    4797 : 0000;
    4798 : 0000;
    4799 : 0000;
    4800 : 0000;
    4801 : 0000;
    4802 : 0000;
    4803 : 0000;
    4804 : 0000;
    4805 : 0000;
    4806 : 0000;
    4807 : 0000;
    4808 : 0000;
    4809 : 0000;
    4810 : 0000;
    4811 : 0000;
    4812 : 0000;
    4813 : 0000;
    4814 : 0000;
    4815 : 0000;
    4816 : 0000;
    4817 : 0000;
    4818 : 0000;
    4819 : 0000;
    4820 : 0000;
    4821 : 0000;
    4822 : 0000;
    4823 : 0000;
    4824 : 0000;
    4825 : 0000;
    4826 : 0000;
    4827 : 0000;
    4828 : 0000;
    4829 : 0000;
    4830 : 0000;
    4831 : 0000;
    4832 : 0000;
    4833 : 0000;
    4834 : 0000;
    4835 : 0000;
    4836 : 0000;
    4837 : 0000;
    4838 : 0000;
    4839 : 0000;
    4840 : 0000;
    4841 : 0000;
    4842 : 0000;
    4843 : 0000;
    4844 : 0000;
    4845 : 0000;
    4846 : 0000;
    4847 : 0000;
    4848 : 0000;
    4849 : 0000;
    4850 : 0000;
    4851 : 0000;
    4852 : 0000;
    4853 : 0000;
    4854 : 0000;
    4855 : 0000;
    4856 : 0000;
    4857 : 0000;
    4858 : 0000;
    4859 : 0000;
    4860 : 0000;
    4861 : 0000;
    4862 : 0000;
    4863 : 0000;
    4864 : 0000;
    4865 : 0000;
    4866 : 0000;
    4867 : 0000;
    4868 : 0000;
    4869 : 0000;
    4870 : 0000;
    4871 : 0000;
    4872 : 0000;
    4873 : 0000;
    4874 : 0000;
    4875 : 0000;
    4876 : 0000;
    4877 : 0000;
    4878 : 0000;
    4879 : 0000;
    4880 : 0000;
    4881 : 0000;
    4882 : 0000;
    4883 : 0000;
    4884 : 0000;
    4885 : 0000;
    4886 : 0000;
    4887 : 0000;
    4888 : 0000;
    4889 : 0000;
    4890 : 0000;
    4891 : 0000;
    4892 : 0000;
    4893 : 0000;
    4894 : 0000;
    4895 : 0000;
    4896 : 0000;
    4897 : 0000;
    4898 : 0000;
    4899 : 0000;
    4900 : 0000;
    4901 : 0000;
    4902 : 0000;
    4903 : 0000;
    4904 : 0000;
    4905 : 0000;
    4906 : 0000;
    4907 : 0000;
    4908 : 0000;
    4909 : 0000;
    4910 : 0000;
    4911 : 0000;
    4912 : 0000;
    4913 : 0000;
    4914 : 0000;
    4915 : 0000;
    4916 : 0000;
    4917 : 0000;
    4918 : 0000;
    4919 : 0000;
    4920 : 0000;
    4921 : 0000;
    4922 : 0000;
    4923 : 0000;
    4924 : 0000;
    4925 : 0000;
    4926 : 0000;
    4927 : 0000;
    4928 : 0000;
    4929 : 0000;
    4930 : 0000;
    4931 : 0000;
    4932 : 0000;
    4933 : 0000;
    4934 : 0000;
    4935 : 0000;
    4936 : 0000;
    4937 : 0000;
    4938 : 0000;
    4939 : 0000;
    4940 : 0000;
    4941 : 0000;
    4942 : 0000;
    4943 : 0000;
    4944 : 0000;
    4945 : 0000;
    4946 : 0000;
    4947 : 0000;
    4948 : 0000;
    4949 : 0000;
    4950 : 0000;
    4951 : 0000;
    4952 : 0000;
    4953 : 0000;
    4954 : 0000;
    4955 : 0000;
    4956 : 0000;
    4957 : 0000;
    4958 : 0000;
    4959 : 0000;
    4960 : 0000;
    4961 : 0000;
    4962 : 0000;
    4963 : 0000;
    4964 : 0000;
    4965 : 0000;
    4966 : 0000;
    4967 : 0000;
    4968 : 0000;
    4969 : 0000;
    4970 : 0000;
    4971 : 0000;
    4972 : 0000;
    4973 : 0000;
    4974 : 0000;
    4975 : 0000;
    4976 : 0000;
    4977 : 0000;
    4978 : 0000;
    4979 : 0000;
    4980 : 0000;
    4981 : 0000;
    4982 : 0000;
    4983 : 0000;
    4984 : 0000;
    4985 : 0000;
    4986 : 0000;
    4987 : 0000;
    4988 : 0000;
    4989 : 0000;
    4990 : 0000;
    4991 : 0000;
    4992 : 0000;
    4993 : 0000;
    4994 : 0000;
    4995 : 0000;
    4996 : 0000;
    4997 : 0000;
    4998 : 0000;
    4999 : 0000;
    5000 : 0000;
    5001 : 0000;
    5002 : 0000;
    5003 : 0000;
    5004 : 0000;
    5005 : 0000;
    5006 : 0000;
    5007 : 0000;
    5008 : 0000;
    5009 : 0000;
    5010 : 0000;
    5011 : 0000;
    5012 : 0000;
    5013 : 0000;
    5014 : 0000;
    5015 : 0000;
    5016 : 0000;
    5017 : 0000;
    5018 : 0000;
    5019 : 0000;
    5020 : 0000;
    5021 : 0000;
    5022 : 0000;
    5023 : 0000;
    5024 : 0000;
    5025 : 0000;
    5026 : 0000;
    5027 : 0000;
    5028 : 0000;
    5029 : 0000;
    5030 : 0000;
    5031 : 0000;
    5032 : 0000;
    5033 : 0000;
    5034 : 0000;
    5035 : 0000;
    5036 : 0000;
    5037 : 0000;
    5038 : 0000;
    5039 : 0000;
    5040 : 0000;
    5041 : 0000;
    5042 : 0000;
    5043 : 0000;
    5044 : 0000;
    5045 : 0000;
    5046 : 0000;
    5047 : 0000;
    5048 : 0000;
    5049 : 0000;
    5050 : 0000;
    5051 : 0000;
    5052 : 0000;
    5053 : 0000;
    5054 : 0000;
    5055 : 0000;
    5056 : 0000;
    5057 : 0000;
    5058 : 0000;
    5059 : 0000;
    5060 : 0000;
    5061 : 0000;
    5062 : 0000;
    5063 : 0000;
    5064 : 0000;
    5065 : 0000;
    5066 : 0000;
    5067 : 0000;
    5068 : 0000;
    5069 : 0000;
    5070 : 0000;
    5071 : 0000;
    5072 : 0000;
    5073 : 0000;
    5074 : 0000;
    5075 : 0000;
    5076 : 0000;
    5077 : 0000;
    5078 : 0000;
    5079 : 0000;
    5080 : 0000;
    5081 : 0000;
    5082 : 0000;
    5083 : 0000;
    5084 : 0000;
    5085 : 0000;
    5086 : 0000;
    5087 : 0000;
    5088 : 0000;
    5089 : 0000;
    5090 : 0000;
    5091 : 0000;
    5092 : 0000;
    5093 : 0000;
    5094 : 0000;
    5095 : 0000;
    5096 : 0000;
    5097 : 0000;
    5098 : 0000;
    5099 : 0000;
    5100 : 0000;
    5101 : 0000;
    5102 : 0000;
    5103 : 0000;
    5104 : 0000;
    5105 : 0000;
    5106 : 0000;
    5107 : 0000;
    5108 : 0000;
    5109 : 0000;
    5110 : 0000;
    5111 : 0000;
    5112 : 0000;
    5113 : 0000;
    5114 : 0000;
    5115 : 0000;
    5116 : 0000;
    5117 : 0000;
    5118 : 0000;
    5119 : 0000;
    5120 : 0000;
    5121 : 0000;
    5122 : 0000;
    5123 : 0000;
    5124 : 0000;
    5125 : 0000;
    5126 : 0000;
    5127 : 0000;
    5128 : 0000;
    5129 : 0000;
    5130 : 0000;
    5131 : 0000;
    5132 : 0000;
    5133 : 0000;
    5134 : 0000;
    5135 : 0000;
    5136 : 0000;
    5137 : 0000;
    5138 : 0000;
    5139 : 0000;
    5140 : 0000;
    5141 : 0000;
    5142 : 0000;
    5143 : 0000;
    5144 : 0000;
    5145 : 0000;
    5146 : 0000;
    5147 : 0000;
    5148 : 0000;
    5149 : 0000;
    5150 : 0000;
    5151 : 0000;
    5152 : 0000;
    5153 : 0000;
    5154 : 0000;
    5155 : 0000;
    5156 : 0000;
    5157 : 0000;
    5158 : 0000;
    5159 : 0000;
    5160 : 0000;
    5161 : 0000;
    5162 : 0000;
    5163 : 0000;
    5164 : 0000;
    5165 : 0000;
    5166 : 0000;
    5167 : 0000;
    5168 : 0000;
    5169 : 0000;
    5170 : 0000;
    5171 : 0000;
    5172 : 0000;
    5173 : 0000;
    5174 : 0000;
    5175 : 0000;
    5176 : 0000;
    5177 : 0000;
    5178 : 0000;
    5179 : 0000;
    5180 : 0000;
    5181 : 0000;
    5182 : 0000;
    5183 : 0000;
    5184 : 0000;
    5185 : 0000;
    5186 : 0000;
    5187 : 0000;
    5188 : 0000;
    5189 : 0000;
    5190 : 0000;
    5191 : 0000;
    5192 : 0000;
    5193 : 0000;
    5194 : 0000;
    5195 : 0000;
    5196 : 0000;
    5197 : 0000;
    5198 : 0000;
    5199 : 0000;
    5200 : 0000;
    5201 : 0000;
    5202 : 0000;
    5203 : 0000;
    5204 : 0000;
    5205 : 0000;
    5206 : 0000;
    5207 : 0000;
    5208 : 0000;
    5209 : 0000;
    5210 : 0000;
    5211 : 0000;
    5212 : 0000;
    5213 : 0000;
    5214 : 0000;
    5215 : 0000;
    5216 : 0000;
    5217 : 0000;
    5218 : 0000;
    5219 : 0000;
    5220 : 0000;
    5221 : 0000;
    5222 : 0000;
    5223 : 0000;
    5224 : 0000;
    5225 : 0000;
    5226 : 0000;
    5227 : 0000;
    5228 : 0000;
    5229 : 0000;
    5230 : 0000;
    5231 : 0000;
    5232 : 0000;
    5233 : 0000;
    5234 : 0000;
    5235 : 0000;
    5236 : 0000;
    5237 : 0000;
    5238 : 0000;
    5239 : 0000;
    5240 : 0000;
    5241 : 0000;
    5242 : 0000;
    5243 : 0000;
    5244 : 0000;
    5245 : 0000;
    5246 : 0000;
    5247 : 0000;
    5248 : 0000;
    5249 : 0000;
    5250 : 0000;
    5251 : 0000;
    5252 : 0000;
    5253 : 0000;
    5254 : 0000;
    5255 : 0000;
    5256 : 0000;
    5257 : 0000;
    5258 : 0000;
    5259 : 0000;
    5260 : 0000;
    5261 : 0000;
    5262 : 0000;
    5263 : 0000;
    5264 : 0000;
    5265 : 0000;
    5266 : 0000;
    5267 : 0000;
    5268 : 0000;
    5269 : 0000;
    5270 : 0000;
    5271 : 0000;
    5272 : 0000;
    5273 : 0000;
    5274 : 0000;
    5275 : 0000;
    5276 : 0000;
    5277 : 0000;
    5278 : 0000;
    5279 : 0000;
    5280 : 0000;
    5281 : 0000;
    5282 : 0000;
    5283 : 0000;
    5284 : 0000;
    5285 : 0000;
    5286 : 0000;
    5287 : 0000;
    5288 : 0000;
    5289 : 0000;
    5290 : 0000;
    5291 : 0000;
    5292 : 0000;
    5293 : 0000;
    5294 : 0000;
    5295 : 0000;
    5296 : 0000;
    5297 : 0000;
    5298 : 0000;
    5299 : 0000;
    5300 : 0000;
    5301 : 0000;
    5302 : 0000;
    5303 : 0000;
    5304 : 0000;
    5305 : 0000;
    5306 : 0000;
    5307 : 0000;
    5308 : 0000;
    5309 : 0000;
    5310 : 0000;
    5311 : 0000;
    5312 : 0000;
    5313 : 0000;
    5314 : 0000;
    5315 : 0000;
    5316 : 0000;
    5317 : 0000;
    5318 : 0000;
    5319 : 0000;
    5320 : 0000;
    5321 : 0000;
    5322 : 0000;
    5323 : 0000;
    5324 : 0000;
    5325 : 0000;
    5326 : 0000;
    5327 : 0000;
    5328 : 0000;
    5329 : 0000;
    5330 : 0000;
    5331 : 0000;
    5332 : 0000;
    5333 : 0000;
    5334 : 0000;
    5335 : 0000;
    5336 : 0000;
    5337 : 0000;
    5338 : 0000;
    5339 : 0000;
    5340 : 0000;
    5341 : 0000;
    5342 : 0000;
    5343 : 0000;
    5344 : 0000;
    5345 : 0000;
    5346 : 0000;
    5347 : 0000;
    5348 : 0000;
    5349 : 0000;
    5350 : 0000;
    5351 : 0000;
    5352 : 0000;
    5353 : 0000;
    5354 : 0000;
    5355 : 0000;
    5356 : 0000;
    5357 : 0000;
    5358 : 0000;
    5359 : 0000;
    5360 : 0000;
    5361 : 0000;
    5362 : 0000;
    5363 : 0000;
    5364 : 0000;
    5365 : 0000;
    5366 : 0000;
    5367 : 0000;
    5368 : 0000;
    5369 : 0000;
    5370 : 0000;
    5371 : 0000;
    5372 : 0000;
    5373 : 0000;
    5374 : 0000;
    5375 : 0000;
    5376 : 0000;
    5377 : 0000;
    5378 : 0000;
    5379 : 0000;
    5380 : 0000;
    5381 : 0000;
    5382 : 0000;
    5383 : 0000;
    5384 : 0000;
    5385 : 0000;
    5386 : 0000;
    5387 : 0000;
    5388 : 0000;
    5389 : 0000;
    5390 : 0000;
    5391 : 0000;
    5392 : 0000;
    5393 : 0000;
    5394 : 0000;
    5395 : 0000;
    5396 : 0000;
    5397 : 0000;
    5398 : 0000;
    5399 : 0000;
    5400 : 0000;
    5401 : 0000;
    5402 : 0000;
    5403 : 0000;
    5404 : 0000;
    5405 : 0000;
    5406 : 0000;
    5407 : 0000;
    5408 : 0000;
    5409 : 0000;
    5410 : 0000;
    5411 : 0000;
    5412 : 0000;
    5413 : 0000;
    5414 : 0000;
    5415 : 0000;
    5416 : 0000;
    5417 : 0000;
    5418 : 0000;
    5419 : 0000;
    5420 : 0000;
    5421 : 0000;
    5422 : 0000;
    5423 : 0000;
    5424 : 0000;
    5425 : 0000;
    5426 : 0000;
    5427 : 0000;
    5428 : 0000;
    5429 : 0000;
    5430 : 0000;
    5431 : 0000;
    5432 : 0000;
    5433 : 0000;
    5434 : 0000;
    5435 : 0000;
    5436 : 0000;
    5437 : 0000;
    5438 : 0000;
    5439 : 0000;
    5440 : 0000;
    5441 : 0000;
    5442 : 0000;
    5443 : 0000;
    5444 : 0000;
    5445 : 0000;
    5446 : 0000;
    5447 : 0000;
    5448 : 0000;
    5449 : 0000;
    5450 : 0000;
    5451 : 0000;
    5452 : 0000;
    5453 : 0000;
    5454 : 0000;
    5455 : 0000;
    5456 : 0000;
    5457 : 0000;
    5458 : 0000;
    5459 : 0000;
    5460 : 0000;
    5461 : 0000;
    5462 : 0000;
    5463 : 0000;
    5464 : 0000;
    5465 : 0000;
    5466 : 0000;
    5467 : 0000;
    5468 : 0000;
    5469 : 0000;
    5470 : 0000;
    5471 : 0000;
    5472 : 0000;
    5473 : 0000;
    5474 : 0000;
    5475 : 0000;
    5476 : 0000;
    5477 : 0000;
    5478 : 0000;
    5479 : 0000;
    5480 : 0000;
    5481 : 0000;
    5482 : 0000;
    5483 : 0000;
    5484 : 0000;
    5485 : 0000;
    5486 : 0000;
    5487 : 0000;
    5488 : 0000;
    5489 : 0000;
    5490 : 0000;
    5491 : 0000;
    5492 : 0000;
    5493 : 0000;
    5494 : 0000;
    5495 : 0000;
    5496 : 0000;
    5497 : 0000;
    5498 : 0000;
    5499 : 0000;
    5500 : 0000;
    5501 : 0000;
    5502 : 0000;
    5503 : 0000;
    5504 : 0000;
    5505 : 0000;
    5506 : 0000;
    5507 : 0000;
    5508 : 0000;
    5509 : 0000;
    5510 : 0000;
    5511 : 0000;
    5512 : 0000;
    5513 : 0000;
    5514 : 0000;
    5515 : 0000;
    5516 : 0000;
    5517 : 0000;
    5518 : 0000;
    5519 : 0000;
    5520 : 0000;
    5521 : 0000;
    5522 : 0000;
    5523 : 0000;
    5524 : 0000;
    5525 : 0000;
    5526 : 0000;
    5527 : 0000;
    5528 : 0000;
    5529 : 0000;
    5530 : 0000;
    5531 : 0000;
    5532 : 0000;
    5533 : 0000;
    5534 : 0000;
    5535 : 0000;
    5536 : 0000;
    5537 : 0000;
    5538 : 0000;
    5539 : 0000;
    5540 : 0000;
    5541 : 0000;
    5542 : 0000;
    5543 : 0000;
    5544 : 0000;
    5545 : 0000;
    5546 : 0000;
    5547 : 0000;
    5548 : 0000;
    5549 : 0000;
    5550 : 0000;
    5551 : 0000;
    5552 : 0000;
    5553 : 0000;
    5554 : 0000;
    5555 : 0000;
    5556 : 0000;
    5557 : 0000;
    5558 : 0000;
    5559 : 0000;
    5560 : 0000;
    5561 : 0000;
    5562 : 0000;
    5563 : 0000;
    5564 : 0000;
    5565 : 0000;
    5566 : 0000;
    5567 : 0000;
    5568 : 0000;
    5569 : 0000;
    5570 : 0000;
    5571 : 0000;
    5572 : 0000;
    5573 : 0000;
    5574 : 0000;
    5575 : 0000;
    5576 : 0000;
    5577 : 0000;
    5578 : 0000;
    5579 : 0000;
    5580 : 0000;
    5581 : 0000;
    5582 : 0000;
    5583 : 0000;
    5584 : 0000;
    5585 : 0000;
    5586 : 0000;
    5587 : 0000;
    5588 : 0000;
    5589 : 0000;
    5590 : 0000;
    5591 : 0000;
    5592 : 0000;
    5593 : 0000;
    5594 : 0000;
    5595 : 0000;
    5596 : 0000;
    5597 : 0000;
    5598 : 0000;
    5599 : 0000;
    5600 : 0000;
    5601 : 0000;
    5602 : 0000;
    5603 : 0000;
    5604 : 0000;
    5605 : 0000;
    5606 : 0000;
    5607 : 0000;
    5608 : 0000;
    5609 : 0000;
    5610 : 0000;
    5611 : 0000;
    5612 : 0000;
    5613 : 0000;
    5614 : 0000;
    5615 : 0000;
    5616 : 0000;
    5617 : 0000;
    5618 : 0000;
    5619 : 0000;
    5620 : 0000;
    5621 : 0000;
    5622 : 0000;
    5623 : 0000;
    5624 : 0000;
    5625 : 0000;
    5626 : 0000;
    5627 : 0000;
    5628 : 0000;
    5629 : 0000;
    5630 : 0000;
    5631 : 0000;
    5632 : 0000;
    5633 : 0000;
    5634 : 0000;
    5635 : 0000;
    5636 : 0000;
    5637 : 0000;
    5638 : 0000;
    5639 : 0000;
    5640 : 0000;
    5641 : 0000;
    5642 : 0000;
    5643 : 0000;
    5644 : 0000;
    5645 : 0000;
    5646 : 0000;
    5647 : 0000;
    5648 : 0000;
    5649 : 0000;
    5650 : 0000;
    5651 : 0000;
    5652 : 0000;
    5653 : 0000;
    5654 : 0000;
    5655 : 0000;
    5656 : 0000;
    5657 : 0000;
    5658 : 0000;
    5659 : 0000;
    5660 : 0000;
    5661 : 0000;
    5662 : 0000;
    5663 : 0000;
    5664 : 0000;
    5665 : 0000;
    5666 : 0000;
    5667 : 0000;
    5668 : 0000;
    5669 : 0000;
    5670 : 0000;
    5671 : 0000;
    5672 : 0000;
    5673 : 0000;
    5674 : 0000;
    5675 : 0000;
    5676 : 0000;
    5677 : 0000;
    5678 : 0000;
    5679 : 0000;
    5680 : 0000;
    5681 : 0000;
    5682 : 0000;
    5683 : 0000;
    5684 : 0000;
    5685 : 0000;
    5686 : 0000;
    5687 : 0000;
    5688 : 0000;
    5689 : 0000;
    5690 : 0000;
    5691 : 0000;
    5692 : 0000;
    5693 : 0000;
    5694 : 0000;
    5695 : 0000;
    5696 : 0000;
    5697 : 0000;
    5698 : 0000;
    5699 : 0000;
    5700 : 0000;
    5701 : 0000;
    5702 : 0000;
    5703 : 0000;
    5704 : 0000;
    5705 : 0000;
    5706 : 0000;
    5707 : 0000;
    5708 : 0000;
    5709 : 0000;
    5710 : 0000;
    5711 : 0000;
    5712 : 0000;
    5713 : 0000;
    5714 : 0000;
    5715 : 0000;
    5716 : 0000;
    5717 : 0000;
    5718 : 0000;
    5719 : 0000;
    5720 : 0000;
    5721 : 0000;
    5722 : 0000;
    5723 : 0000;
    5724 : 0000;
    5725 : 0000;
    5726 : 0000;
    5727 : 0000;
    5728 : 0000;
    5729 : 0000;
    5730 : 0000;
    5731 : 0000;
    5732 : 0000;
    5733 : 0000;
    5734 : 0000;
    5735 : 0000;
    5736 : 0000;
    5737 : 0000;
    5738 : 0000;
    5739 : 0000;
    5740 : 0000;
    5741 : 0000;
    5742 : 0000;
    5743 : 0000;
    5744 : 0000;
    5745 : 0000;
    5746 : 0000;
    5747 : 0000;
    5748 : 0000;
    5749 : 0000;
    5750 : 0000;
    5751 : 0000;
    5752 : 0000;
    5753 : 0000;
    5754 : 0000;
    5755 : 0000;
    5756 : 0000;
    5757 : 0000;
    5758 : 0000;
    5759 : 0000;
    5760 : 0000;
    5761 : 0000;
    5762 : 0000;
    5763 : 0000;
    5764 : 0000;
    5765 : 0000;
    5766 : 0000;
    5767 : 0000;
    5768 : 0000;
    5769 : 0000;
    5770 : 0000;
    5771 : 0000;
    5772 : 0000;
    5773 : 0000;
    5774 : 0000;
    5775 : 0000;
    5776 : 0000;
    5777 : 0000;
    5778 : 0000;
    5779 : 0000;
    5780 : 0000;
    5781 : 0000;
    5782 : 0000;
    5783 : 0000;
    5784 : 0000;
    5785 : 0000;
    5786 : 0000;
    5787 : 0000;
    5788 : 0000;
    5789 : 0000;
    5790 : 0000;
    5791 : 0000;
    5792 : 0000;
    5793 : 0000;
    5794 : 0000;
    5795 : 0000;
    5796 : 0000;
    5797 : 0000;
    5798 : 0000;
    5799 : 0000;
    5800 : 0000;
    5801 : 0000;
    5802 : 0000;
    5803 : 0000;
    5804 : 0000;
    5805 : 0000;
    5806 : 0000;
    5807 : 0000;
    5808 : 0000;
    5809 : 0000;
    5810 : 0000;
    5811 : 0000;
    5812 : 0000;
    5813 : 0000;
    5814 : 0000;
    5815 : 0000;
    5816 : 0000;
    5817 : 0000;
    5818 : 0000;
    5819 : 0000;
    5820 : 0000;
    5821 : 0000;
    5822 : 0000;
    5823 : 0000;
    5824 : 0000;
    5825 : 0000;
    5826 : 0000;
    5827 : 0000;
    5828 : 0000;
    5829 : 0000;
    5830 : 0000;
    5831 : 0000;
    5832 : 0000;
    5833 : 0000;
    5834 : 0000;
    5835 : 0000;
    5836 : 0000;
    5837 : 0000;
    5838 : 0000;
    5839 : 0000;
    5840 : 0000;
    5841 : 0000;
    5842 : 0000;
    5843 : 0000;
    5844 : 0000;
    5845 : 0000;
    5846 : 0000;
    5847 : 0000;
    5848 : 0000;
    5849 : 0000;
    5850 : 0000;
    5851 : 0000;
    5852 : 0000;
    5853 : 0000;
    5854 : 0000;
    5855 : 0000;
    5856 : 0000;
    5857 : 0000;
    5858 : 0000;
    5859 : 0000;
    5860 : 0000;
    5861 : 0000;
    5862 : 0000;
    5863 : 0000;
    5864 : 0000;
    5865 : 0000;
    5866 : 0000;
    5867 : 0000;
    5868 : 0000;
    5869 : 0000;
    5870 : 0000;
    5871 : 0000;
    5872 : 0000;
    5873 : 0000;
    5874 : 0000;
    5875 : 0000;
    5876 : 0000;
    5877 : 0000;
    5878 : 0000;
    5879 : 0000;
    5880 : 0000;
    5881 : 0000;
    5882 : 0000;
    5883 : 0000;
    5884 : 0000;
    5885 : 0000;
    5886 : 0000;
    5887 : 0000;
    5888 : 0000;
    5889 : 0000;
    5890 : 0000;
    5891 : 0000;
    5892 : 0000;
    5893 : 0000;
    5894 : 0000;
    5895 : 0000;
    5896 : 0000;
    5897 : 0000;
    5898 : 0000;
    5899 : 0000;
    5900 : 0000;
    5901 : 0000;
    5902 : 0000;
    5903 : 0000;
    5904 : 0000;
    5905 : 0000;
    5906 : 0000;
    5907 : 0000;
    5908 : 0000;
    5909 : 0000;
    5910 : 0000;
    5911 : 0000;
    5912 : 0000;
    5913 : 0000;
    5914 : 0000;
    5915 : 0000;
    5916 : 0000;
    5917 : 0000;
    5918 : 0000;
    5919 : 0000;
    5920 : 0000;
    5921 : 0000;
    5922 : 0000;
    5923 : 0000;
    5924 : 0000;
    5925 : 0000;
    5926 : 0000;
    5927 : 0000;
    5928 : 0000;
    5929 : 0000;
    5930 : 0000;
    5931 : 0000;
    5932 : 0000;
    5933 : 0000;
    5934 : 0000;
    5935 : 0000;
    5936 : 0000;
    5937 : 0000;
    5938 : 0000;
    5939 : 0000;
    5940 : 0000;
    5941 : 0000;
    5942 : 0000;
    5943 : 0000;
    5944 : 0000;
    5945 : 0000;
    5946 : 0000;
    5947 : 0000;
    5948 : 0000;
    5949 : 0000;
    5950 : 0000;
    5951 : 0000;
    5952 : 0000;
    5953 : 0000;
    5954 : 0000;
    5955 : 0000;
    5956 : 0000;
    5957 : 0000;
    5958 : 0000;
    5959 : 0000;
    5960 : 0000;
    5961 : 0000;
    5962 : 0000;
    5963 : 0000;
    5964 : 0000;
    5965 : 0000;
    5966 : 0000;
    5967 : 0000;
    5968 : 0000;
    5969 : 0000;
    5970 : 0000;
    5971 : 0000;
    5972 : 0000;
    5973 : 0000;
    5974 : 0000;
    5975 : 0000;
    5976 : 0000;
    5977 : 0000;
    5978 : 0000;
    5979 : 0000;
    5980 : 0000;
    5981 : 0000;
    5982 : 0000;
    5983 : 0000;
    5984 : 0000;
    5985 : 0000;
    5986 : 0000;
    5987 : 0000;
    5988 : 0000;
    5989 : 0000;
    5990 : 0000;
    5991 : 0000;
    5992 : 0000;
    5993 : 0000;
    5994 : 0000;
    5995 : 0000;
    5996 : 0000;
    5997 : 0000;
    5998 : 0000;
    5999 : 0000;
    6000 : 0000;
    6001 : 0000;
    6002 : 0000;
    6003 : 0000;
    6004 : 0000;
    6005 : 0000;
    6006 : 0000;
    6007 : 0000;
    6008 : 0000;
    6009 : 0000;
    6010 : 0000;
    6011 : 0000;
    6012 : 0000;
    6013 : 0000;
    6014 : 0000;
    6015 : 0000;
    6016 : 0000;
    6017 : 0000;
    6018 : 0000;
    6019 : 0000;
    6020 : 0000;
    6021 : 0000;
    6022 : 0000;
    6023 : 0000;
    6024 : 0000;
    6025 : 0000;
    6026 : 0000;
    6027 : 0000;
    6028 : 0000;
    6029 : 0000;
    6030 : 0000;
    6031 : 0000;
    6032 : 0000;
    6033 : 0000;
    6034 : 0000;
    6035 : 0000;
    6036 : 0000;
    6037 : 0000;
    6038 : 0000;
    6039 : 0000;
    6040 : 0000;
    6041 : 0000;
    6042 : 0000;
    6043 : 0000;
    6044 : 0000;
    6045 : 0000;
    6046 : 0000;
    6047 : 0000;
    6048 : 0000;
    6049 : 0000;
    6050 : 0000;
    6051 : 0000;
    6052 : 0000;
    6053 : 0000;
    6054 : 0000;
    6055 : 0000;
    6056 : 0000;
    6057 : 0000;
    6058 : 0000;
    6059 : 0000;
    6060 : 0000;
    6061 : 0000;
    6062 : 0000;
    6063 : 0000;
    6064 : 0000;
    6065 : 0000;
    6066 : 0000;
    6067 : 0000;
    6068 : 0000;
    6069 : 0000;
    6070 : 0000;
    6071 : 0000;
    6072 : 0000;
    6073 : 0000;
    6074 : 0000;
    6075 : 0000;
    6076 : 0000;
    6077 : 0000;
    6078 : 0000;
    6079 : 0000;
    6080 : 0000;
    6081 : 0000;
    6082 : 0000;
    6083 : 0000;
    6084 : 0000;
    6085 : 0000;
    6086 : 0000;
    6087 : 0000;
    6088 : 0000;
    6089 : 0000;
    6090 : 0000;
    6091 : 0000;
    6092 : 0000;
    6093 : 0000;
    6094 : 0000;
    6095 : 0000;
    6096 : 0000;
    6097 : 0000;
    6098 : 0000;
    6099 : 0000;
    6100 : 0000;
    6101 : 0000;
    6102 : 0000;
    6103 : 0000;
    6104 : 0000;
    6105 : 0000;
    6106 : 0000;
    6107 : 0000;
    6108 : 0000;
    6109 : 0000;
    6110 : 0000;
    6111 : 0000;
    6112 : 0000;
    6113 : 0000;
    6114 : 0000;
    6115 : 0000;
    6116 : 0000;
    6117 : 0000;
    6118 : 0000;
    6119 : 0000;
    6120 : 0000;
    6121 : 0000;
    6122 : 0000;
    6123 : 0000;
    6124 : 0000;
    6125 : 0000;
    6126 : 0000;
    6127 : 0000;
    6128 : 0000;
    6129 : 0000;
    6130 : 0000;
    6131 : 0000;
    6132 : 0000;
    6133 : 0000;
    6134 : 0000;
    6135 : 0000;
    6136 : 0000;
    6137 : 0000;
    6138 : 0000;
    6139 : 0000;
    6140 : 0000;
    6141 : 0000;
    6142 : 0000;
    6143 : 0000;
    6144 : 0000;
    6145 : 0000;
    6146 : 0000;
    6147 : 0000;
    6148 : 0000;
    6149 : 0000;
    6150 : 0000;
    6151 : 0000;
    6152 : 0000;
    6153 : 0000;
    6154 : 0000;
    6155 : 0000;
    6156 : 0000;
    6157 : 0000;
    6158 : 0000;
    6159 : 0000;
    6160 : 0000;
    6161 : 0000;
    6162 : 0000;
    6163 : 0000;
    6164 : 0000;
    6165 : 0000;
    6166 : 0000;
    6167 : 0000;
    6168 : 0000;
    6169 : 0000;
    6170 : 0000;
    6171 : 0000;
    6172 : 0000;
    6173 : 0000;
    6174 : 0000;
    6175 : 0000;
    6176 : 0000;
    6177 : 0000;
    6178 : 0000;
    6179 : 0000;
    6180 : 0000;
    6181 : 0000;
    6182 : 0000;
    6183 : 0000;
    6184 : 0000;
    6185 : 0000;
    6186 : 0000;
    6187 : 0000;
    6188 : 0000;
    6189 : 0000;
    6190 : 0000;
    6191 : 0000;
    6192 : 0000;
    6193 : 0000;
    6194 : 0000;
    6195 : 0000;
    6196 : 0000;
    6197 : 0000;
    6198 : 0000;
    6199 : 0000;
    6200 : 0000;
    6201 : 0000;
    6202 : 0000;
    6203 : 0000;
    6204 : 0000;
    6205 : 0000;
    6206 : 0000;
    6207 : 0000;
    6208 : 0000;
    6209 : 0000;
    6210 : 0000;
    6211 : 0000;
    6212 : 0000;
    6213 : 0000;
    6214 : 0000;
    6215 : 0000;
    6216 : 0000;
    6217 : 0000;
    6218 : 0000;
    6219 : 0000;
    6220 : 0000;
    6221 : 0000;
    6222 : 0000;
    6223 : 0000;
    6224 : 0000;
    6225 : 0000;
    6226 : 0000;
    6227 : 0000;
    6228 : 0000;
    6229 : 0000;
    6230 : 0000;
    6231 : 0000;
    6232 : 0000;
    6233 : 0000;
    6234 : 0000;
    6235 : 0000;
    6236 : 0000;
    6237 : 0000;
    6238 : 0000;
    6239 : 0000;
    6240 : 0000;
    6241 : 0000;
    6242 : 0000;
    6243 : 0000;
    6244 : 0000;
    6245 : 0000;
    6246 : 0000;
    6247 : 0000;
    6248 : 0000;
    6249 : 0000;
    6250 : 0000;
    6251 : 0000;
    6252 : 0000;
    6253 : 0000;
    6254 : 0000;
    6255 : 0000;
    6256 : 0000;
    6257 : 0000;
    6258 : 0000;
    6259 : 0000;
    6260 : 0000;
    6261 : 0000;
    6262 : 0000;
    6263 : 0000;
    6264 : 0000;
    6265 : 0000;
    6266 : 0000;
    6267 : 0000;
    6268 : 0000;
    6269 : 0000;
    6270 : 0000;
    6271 : 0000;
    6272 : 0000;
    6273 : 0000;
    6274 : 0000;
    6275 : 0000;
    6276 : 0000;
    6277 : 0000;
    6278 : 0000;
    6279 : 0000;
    6280 : 0000;
    6281 : 0000;
    6282 : 0000;
    6283 : 0000;
    6284 : 0000;
    6285 : 0000;
    6286 : 0000;
    6287 : 0000;
    6288 : 0000;
    6289 : 0000;
    6290 : 0000;
    6291 : 0000;
    6292 : 0000;
    6293 : 0000;
    6294 : 0000;
    6295 : 0000;
    6296 : 0000;
    6297 : 0000;
    6298 : 0000;
    6299 : 0000;
    6300 : 0000;
    6301 : 0000;
    6302 : 0000;
    6303 : 0000;
    6304 : 0000;
    6305 : 0000;
    6306 : 0000;
    6307 : 0000;
    6308 : 0000;
    6309 : 0000;
    6310 : 0000;
    6311 : 0000;
    6312 : 0000;
    6313 : 0000;
    6314 : 0000;
    6315 : 0000;
    6316 : 0000;
    6317 : 0000;
    6318 : 0000;
    6319 : 0000;
    6320 : 0000;
    6321 : 0000;
    6322 : 0000;
    6323 : 0000;
    6324 : 0000;
    6325 : 0000;
    6326 : 0000;
    6327 : 0000;
    6328 : 0000;
    6329 : 0000;
    6330 : 0000;
    6331 : 0000;
    6332 : 0000;
    6333 : 0000;
    6334 : 0000;
    6335 : 0000;
    6336 : 0000;
    6337 : 0000;
    6338 : 0000;
    6339 : 0000;
    6340 : 0000;
    6341 : 0000;
    6342 : 0000;
    6343 : 0000;
    6344 : 0000;
    6345 : 0000;
    6346 : 0000;
    6347 : 0000;
    6348 : 0000;
    6349 : 0000;
    6350 : 0000;
    6351 : 0000;
    6352 : 0000;
    6353 : 0000;
    6354 : 0000;
    6355 : 0000;
    6356 : 0000;
    6357 : 0000;
    6358 : 0000;
    6359 : 0000;
    6360 : 0000;
    6361 : 0000;
    6362 : 0000;
    6363 : 0000;
    6364 : 0000;
    6365 : 0000;
    6366 : 0000;
    6367 : 0000;
    6368 : 0000;
    6369 : 0000;
    6370 : 0000;
    6371 : 0000;
    6372 : 0000;
    6373 : 0000;
    6374 : 0000;
    6375 : 0000;
    6376 : 0000;
    6377 : 0000;
    6378 : 0000;
    6379 : 0000;
    6380 : 0000;
    6381 : 0000;
    6382 : 0000;
    6383 : 0000;
    6384 : 0000;
    6385 : 0000;
    6386 : 0000;
    6387 : 0000;
    6388 : 0000;
    6389 : 0000;
    6390 : 0000;
    6391 : 0000;
    6392 : 0000;
    6393 : 0000;
    6394 : 0000;
    6395 : 0000;
    6396 : 0000;
    6397 : 0000;
    6398 : 0000;
    6399 : 0000;
    6400 : 0000;
    6401 : 0000;
    6402 : 0000;
    6403 : 0000;
    6404 : 0000;
    6405 : 0000;
    6406 : 0000;
    6407 : 0000;
    6408 : 0000;
    6409 : 0000;
    6410 : 0000;
    6411 : 0000;
    6412 : 0000;
    6413 : 0000;
    6414 : 0000;
    6415 : 0000;
    6416 : 0000;
    6417 : 0000;
    6418 : 0000;
    6419 : 0000;
    6420 : 0000;
    6421 : 0000;
    6422 : 0000;
    6423 : 0000;
    6424 : 0000;
    6425 : 0000;
    6426 : 0000;
    6427 : 0000;
    6428 : 0000;
    6429 : 0000;
    6430 : 0000;
    6431 : 0000;
    6432 : 0000;
    6433 : 0000;
    6434 : 0000;
    6435 : 0000;
    6436 : 0000;
    6437 : 0000;
    6438 : 0000;
    6439 : 0000;
    6440 : 0000;
    6441 : 0000;
    6442 : 0000;
    6443 : 0000;
    6444 : 0000;
    6445 : 0000;
    6446 : 0000;
    6447 : 0000;
    6448 : 0000;
    6449 : 0000;
    6450 : 0000;
    6451 : 0000;
    6452 : 0000;
    6453 : 0000;
    6454 : 0000;
    6455 : 0000;
    6456 : 0000;
    6457 : 0000;
    6458 : 0000;
    6459 : 0000;
    6460 : 0000;
    6461 : 0000;
    6462 : 0000;
    6463 : 0000;
    6464 : 0000;
    6465 : 0000;
    6466 : 0000;
    6467 : 0000;
    6468 : 0000;
    6469 : 0000;
    6470 : 0000;
    6471 : 0000;
    6472 : 0000;
    6473 : 0000;
    6474 : 0000;
    6475 : 0000;
    6476 : 0000;
    6477 : 0000;
    6478 : 0000;
    6479 : 0000;
    6480 : 0000;
    6481 : 0000;
    6482 : 0000;
    6483 : 0000;
    6484 : 0000;
    6485 : 0000;
    6486 : 0000;
    6487 : 0000;
    6488 : 0000;
    6489 : 0000;
    6490 : 0000;
    6491 : 0000;
    6492 : 0000;
    6493 : 0000;
    6494 : 0000;
    6495 : 0000;
    6496 : 0000;
    6497 : 0000;
    6498 : 0000;
    6499 : 0000;
    6500 : 0000;
    6501 : 0000;
    6502 : 0000;
    6503 : 0000;
    6504 : 0000;
    6505 : 0000;
    6506 : 0000;
    6507 : 0000;
    6508 : 0000;
    6509 : 0000;
    6510 : 0000;
    6511 : 0000;
    6512 : 0000;
    6513 : 0000;
    6514 : 0000;
    6515 : 0000;
    6516 : 0000;
    6517 : 0000;
    6518 : 0000;
    6519 : 0000;
    6520 : 0000;
    6521 : 0000;
    6522 : 0000;
    6523 : 0000;
    6524 : 0000;
    6525 : 0000;
    6526 : 0000;
    6527 : 0000;
    6528 : 0000;
    6529 : 0000;
    6530 : 0000;
    6531 : 0000;
    6532 : 0000;
    6533 : 0000;
    6534 : 0000;
    6535 : 0000;
    6536 : 0000;
    6537 : 0000;
    6538 : 0000;
    6539 : 0000;
    6540 : 0000;
    6541 : 0000;
    6542 : 0000;
    6543 : 0000;
    6544 : 0000;
    6545 : 0000;
    6546 : 0000;
    6547 : 0000;
    6548 : 0000;
    6549 : 0000;
    6550 : 0000;
    6551 : 0000;
    6552 : 0000;
    6553 : 0000;
    6554 : 0000;
    6555 : 0000;
    6556 : 0000;
    6557 : 0000;
    6558 : 0000;
    6559 : 0000;
    6560 : 0000;
    6561 : 0000;
    6562 : 0000;
    6563 : 0000;
    6564 : 0000;
    6565 : 0000;
    6566 : 0000;
    6567 : 0000;
    6568 : 0000;
    6569 : 0000;
    6570 : 0000;
    6571 : 0000;
    6572 : 0000;
    6573 : 0000;
    6574 : 0000;
    6575 : 0000;
    6576 : 0000;
    6577 : 0000;
    6578 : 0000;
    6579 : 0000;
    6580 : 0000;
    6581 : 0000;
    6582 : 0000;
    6583 : 0000;
    6584 : 0000;
    6585 : 0000;
    6586 : 0000;
    6587 : 0000;
    6588 : 0000;
    6589 : 0000;
    6590 : 0000;
    6591 : 0000;
    6592 : 0000;
    6593 : 0000;
    6594 : 0000;
    6595 : 0000;
    6596 : 0000;
    6597 : 0000;
    6598 : 0000;
    6599 : 0000;
    6600 : 0000;
    6601 : 0000;
    6602 : 0000;
    6603 : 0000;
    6604 : 0000;
    6605 : 0000;
    6606 : 0000;
    6607 : 0000;
    6608 : 0000;
    6609 : 0000;
    6610 : 0000;
    6611 : 0000;
    6612 : 0000;
    6613 : 0000;
    6614 : 0000;
    6615 : 0000;
    6616 : 0000;
    6617 : 0000;
    6618 : 0000;
    6619 : 0000;
    6620 : 0000;
    6621 : 0000;
    6622 : 0000;
    6623 : 0000;
    6624 : 0000;
    6625 : 0000;
    6626 : 0000;
    6627 : 0000;
    6628 : 0000;
    6629 : 0000;
    6630 : 0000;
    6631 : 0000;
    6632 : 0000;
    6633 : 0000;
    6634 : 0000;
    6635 : 0000;
    6636 : 0000;
    6637 : 0000;
    6638 : 0000;
    6639 : 0000;
    6640 : 0000;
    6641 : 0000;
    6642 : 0000;
    6643 : 0000;
    6644 : 0000;
    6645 : 0000;
    6646 : 0000;
    6647 : 0000;
    6648 : 0000;
    6649 : 0000;
    6650 : 0000;
    6651 : 0000;
    6652 : 0000;
    6653 : 0000;
    6654 : 0000;
    6655 : 0000;
    6656 : 0000;
    6657 : 0000;
    6658 : 0000;
    6659 : 0000;
    6660 : 0000;
    6661 : 0000;
    6662 : 0000;
    6663 : 0000;
    6664 : 0000;
    6665 : 0000;
    6666 : 0000;
    6667 : 0000;
    6668 : 0000;
    6669 : 0000;
    6670 : 0000;
    6671 : 0000;
    6672 : 0000;
    6673 : 0000;
    6674 : 0000;
    6675 : 0000;
    6676 : 0000;
    6677 : 0000;
    6678 : 0000;
    6679 : 0000;
    6680 : 0000;
    6681 : 0000;
    6682 : 0000;
    6683 : 0000;
    6684 : 0000;
    6685 : 0000;
    6686 : 0000;
    6687 : 0000;
    6688 : 0000;
    6689 : 0000;
    6690 : 0000;
    6691 : 0000;
    6692 : 0000;
    6693 : 0000;
    6694 : 0000;
    6695 : 0000;
    6696 : 0000;
    6697 : 0000;
    6698 : 0000;
    6699 : 0000;
    6700 : 0000;
    6701 : 0000;
    6702 : 0000;
    6703 : 0000;
    6704 : 0000;
    6705 : 0000;
    6706 : 0000;
    6707 : 0000;
    6708 : 0000;
    6709 : 0000;
    6710 : 0000;
    6711 : 0000;
    6712 : 0000;
    6713 : 0000;
    6714 : 0000;
    6715 : 0000;
    6716 : 0000;
    6717 : 0000;
    6718 : 0000;
    6719 : 0000;
    6720 : 0000;
    6721 : 0000;
    6722 : 0000;
    6723 : 0000;
    6724 : 0000;
    6725 : 0000;
    6726 : 0000;
    6727 : 0000;
    6728 : 0000;
    6729 : 0000;
    6730 : 0000;
    6731 : 0000;
    6732 : 0000;
    6733 : 0000;
    6734 : 0000;
    6735 : 0000;
    6736 : 0000;
    6737 : 0000;
    6738 : 0000;
    6739 : 0000;
    6740 : 0000;
    6741 : 0000;
    6742 : 0000;
    6743 : 0000;
    6744 : 0000;
    6745 : 0000;
    6746 : 0000;
    6747 : 0000;
    6748 : 0000;
    6749 : 0000;
    6750 : 0000;
    6751 : 0000;
    6752 : 0000;
    6753 : 0000;
    6754 : 0000;
    6755 : 0000;
    6756 : 0000;
    6757 : 0000;
    6758 : 0000;
    6759 : 0000;
    6760 : 0000;
    6761 : 0000;
    6762 : 0000;
    6763 : 0000;
    6764 : 0000;
    6765 : 0000;
    6766 : 0000;
    6767 : 0000;
    6768 : 0000;
    6769 : 0000;
    6770 : 0000;
    6771 : 0000;
    6772 : 0000;
    6773 : 0000;
    6774 : 0000;
    6775 : 0000;
    6776 : 0000;
    6777 : 0000;
    6778 : 0000;
    6779 : 0000;
    6780 : 0000;
    6781 : 0000;
    6782 : 0000;
    6783 : 0000;
    6784 : 0000;
    6785 : 0000;
    6786 : 0000;
    6787 : 0000;
    6788 : 0000;
    6789 : 0000;
    6790 : 0000;
    6791 : 0000;
    6792 : 0000;
    6793 : 0000;
    6794 : 0000;
    6795 : 0000;
    6796 : 0000;
    6797 : 0000;
    6798 : 0000;
    6799 : 0000;
    6800 : 0000;
    6801 : 0000;
    6802 : 0000;
    6803 : 0000;
    6804 : 0000;
    6805 : 0000;
    6806 : 0000;
    6807 : 0000;
    6808 : 0000;
    6809 : 0000;
    6810 : 0000;
    6811 : 0000;
    6812 : 0000;
    6813 : 0000;
    6814 : 0000;
    6815 : 0000;
    6816 : 0000;
    6817 : 0000;
    6818 : 0000;
    6819 : 0000;
    6820 : 0000;
    6821 : 0000;
    6822 : 0000;
    6823 : 0000;
    6824 : 0000;
    6825 : 0000;
    6826 : 0000;
    6827 : 0000;
    6828 : 0000;
    6829 : 0000;
    6830 : 0000;
    6831 : 0000;
    6832 : 0000;
    6833 : 0000;
    6834 : 0000;
    6835 : 0000;
    6836 : 0000;
    6837 : 0000;
    6838 : 0000;
    6839 : 0000;
    6840 : 0000;
    6841 : 0000;
    6842 : 0000;
    6843 : 0000;
    6844 : 0000;
    6845 : 0000;
    6846 : 0000;
    6847 : 0000;
    6848 : 0000;
    6849 : 0000;
    6850 : 0000;
    6851 : 0000;
    6852 : 0000;
    6853 : 0000;
    6854 : 0000;
    6855 : 0000;
    6856 : 0000;
    6857 : 0000;
    6858 : 0000;
    6859 : 0000;
    6860 : 0000;
    6861 : 0000;
    6862 : 0000;
    6863 : 0000;
    6864 : 0000;
    6865 : 0000;
    6866 : 0000;
    6867 : 0000;
    6868 : 0000;
    6869 : 0000;
    6870 : 0000;
    6871 : 0000;
    6872 : 0000;
    6873 : 0000;
    6874 : 0000;
    6875 : 0000;
    6876 : 0000;
    6877 : 0000;
    6878 : 0000;
    6879 : 0000;
    6880 : 0000;
    6881 : 0000;
    6882 : 0000;
    6883 : 0000;
    6884 : 0000;
    6885 : 0000;
    6886 : 0000;
    6887 : 0000;
    6888 : 0000;
    6889 : 0000;
    6890 : 0000;
    6891 : 0000;
    6892 : 0000;
    6893 : 0000;
    6894 : 0000;
    6895 : 0000;
    6896 : 0000;
    6897 : 0000;
    6898 : 0000;
    6899 : 0000;
    6900 : 0000;
    6901 : 0000;
    6902 : 0000;
    6903 : 0000;
    6904 : 0000;
    6905 : 0000;
    6906 : 0000;
    6907 : 0000;
    6908 : 0000;
    6909 : 0000;
    6910 : 0000;
    6911 : 0000;
    6912 : 0000;
    6913 : 0000;
    6914 : 0000;
    6915 : 0000;
    6916 : 0000;
    6917 : 0000;
    6918 : 0000;
    6919 : 0000;
    6920 : 0000;
    6921 : 0000;
    6922 : 0000;
    6923 : 0000;
    6924 : 0000;
    6925 : 0000;
    6926 : 0000;
    6927 : 0000;
    6928 : 0000;
    6929 : 0000;
    6930 : 0000;
    6931 : 0000;
    6932 : 0000;
    6933 : 0000;
    6934 : 0000;
    6935 : 0000;
    6936 : 0000;
    6937 : 0000;
    6938 : 0000;
    6939 : 0000;
    6940 : 0000;
    6941 : 0000;
    6942 : 0000;
    6943 : 0000;
    6944 : 0000;
    6945 : 0000;
    6946 : 0000;
    6947 : 0000;
    6948 : 0000;
    6949 : 0000;
    6950 : 0000;
    6951 : 0000;
    6952 : 0000;
    6953 : 0000;
    6954 : 0000;
    6955 : 0000;
    6956 : 0000;
    6957 : 0000;
    6958 : 0000;
    6959 : 0000;
    6960 : 0000;
    6961 : 0000;
    6962 : 0000;
    6963 : 0000;
    6964 : 0000;
    6965 : 0000;
    6966 : 0000;
    6967 : 0000;
    6968 : 0000;
    6969 : 0000;
    6970 : 0000;
    6971 : 0000;
    6972 : 0000;
    6973 : 0000;
    6974 : 0000;
    6975 : 0000;
    6976 : 0000;
    6977 : 0000;
    6978 : 0000;
    6979 : 0000;
    6980 : 0000;
    6981 : 0000;
    6982 : 0000;
    6983 : 0000;
    6984 : 0000;
    6985 : 0000;
    6986 : 0000;
    6987 : 0000;
    6988 : 0000;
    6989 : 0000;
    6990 : 0000;
    6991 : 0000;
    6992 : 0000;
    6993 : 0000;
    6994 : 0000;
    6995 : 0000;
    6996 : 0000;
    6997 : 0000;
    6998 : 0000;
    6999 : 0000;
    7000 : 0000;
    7001 : 0000;
    7002 : 0000;
    7003 : 0000;
    7004 : 0000;
    7005 : 0000;
    7006 : 0000;
    7007 : 0000;
    7008 : 0000;
    7009 : 0000;
    7010 : 0000;
    7011 : 0000;
    7012 : 0000;
    7013 : 0000;
    7014 : 0000;
    7015 : 0000;
    7016 : 0000;
    7017 : 0000;
    7018 : 0000;
    7019 : 0000;
    7020 : 0000;
    7021 : 0000;
    7022 : 0000;
    7023 : 0000;
    7024 : 0000;
    7025 : 0000;
    7026 : 0000;
    7027 : 0000;
    7028 : 0000;
    7029 : 0000;
    7030 : 0000;
    7031 : 0000;
    7032 : 0000;
    7033 : 0000;
    7034 : 0000;
    7035 : 0000;
    7036 : 0000;
    7037 : 0000;
    7038 : 0000;
    7039 : 0000;
    7040 : 0000;
    7041 : 0000;
    7042 : 0000;
    7043 : 0000;
    7044 : 0000;
    7045 : 0000;
    7046 : 0000;
    7047 : 0000;
    7048 : 0000;
    7049 : 0000;
    7050 : 0000;
    7051 : 0000;
    7052 : 0000;
    7053 : 0000;
    7054 : 0000;
    7055 : 0000;
    7056 : 0000;
    7057 : 0000;
    7058 : 0000;
    7059 : 0000;
    7060 : 0000;
    7061 : 0000;
    7062 : 0000;
    7063 : 0000;
    7064 : 0000;
    7065 : 0000;
    7066 : 0000;
    7067 : 0000;
    7068 : 0000;
    7069 : 0000;
    7070 : 0000;
    7071 : 0000;
    7072 : 0000;
    7073 : 0000;
    7074 : 0000;
    7075 : 0000;
    7076 : 0000;
    7077 : 0000;
    7078 : 0000;
    7079 : 0000;
    7080 : 0000;
    7081 : 0000;
    7082 : 0000;
    7083 : 0000;
    7084 : 0000;
    7085 : 0000;
    7086 : 0000;
    7087 : 0000;
    7088 : 0000;
    7089 : 0000;
    7090 : 0000;
    7091 : 0000;
    7092 : 0000;
    7093 : 0000;
    7094 : 0000;
    7095 : 0000;
    7096 : 0000;
    7097 : 0000;
    7098 : 0000;
    7099 : 0000;
    7100 : 0000;
    7101 : 0000;
    7102 : 0000;
    7103 : 0000;
    7104 : 0000;
    7105 : 0000;
    7106 : 0000;
    7107 : 0000;
    7108 : 0000;
    7109 : 0000;
    7110 : 0000;
    7111 : 0000;
    7112 : 0000;
    7113 : 0000;
    7114 : 0000;
    7115 : 0000;
    7116 : 0000;
    7117 : 0000;
    7118 : 0000;
    7119 : 0000;
    7120 : 0000;
    7121 : 0000;
    7122 : 0000;
    7123 : 0000;
    7124 : 0000;
    7125 : 0000;
    7126 : 0000;
    7127 : 0000;
    7128 : 0000;
    7129 : 0000;
    7130 : 0000;
    7131 : 0000;
    7132 : 0000;
    7133 : 0000;
    7134 : 0000;
    7135 : 0000;
    7136 : 0000;
    7137 : 0000;
    7138 : 0000;
    7139 : 0000;
    7140 : 0000;
    7141 : 0000;
    7142 : 0000;
    7143 : 0000;
    7144 : 0000;
    7145 : 0000;
    7146 : 0000;
    7147 : 0000;
    7148 : 0000;
    7149 : 0000;
    7150 : 0000;
    7151 : 0000;
    7152 : 0000;
    7153 : 0000;
    7154 : 0000;
    7155 : 0000;
    7156 : 0000;
    7157 : 0000;
    7158 : 0000;
    7159 : 0000;
    7160 : 0000;
    7161 : 0000;
    7162 : 0000;
    7163 : 0000;
    7164 : 0000;
    7165 : 0000;
    7166 : 0000;
    7167 : 0000;
    7168 : 0000;
    7169 : 0000;
    7170 : 0000;
    7171 : 0000;
    7172 : 0000;
    7173 : 0000;
    7174 : 0000;
    7175 : 0000;
    7176 : 0000;
    7177 : 0000;
    7178 : 0000;
    7179 : 0000;
    7180 : 0000;
    7181 : 0000;
    7182 : 0000;
    7183 : 0000;
    7184 : 0000;
    7185 : 0000;
    7186 : 0000;
    7187 : 0000;
    7188 : 0000;
    7189 : 0000;
    7190 : 0000;
    7191 : 0000;
    7192 : 0000;
    7193 : 0000;
    7194 : 0000;
    7195 : 0000;
    7196 : 0000;
    7197 : 0000;
    7198 : 0000;
    7199 : 0000;
    7200 : 0000;
    7201 : 0000;
    7202 : 0000;
    7203 : 0000;
    7204 : 0000;
    7205 : 0000;
    7206 : 0000;
    7207 : 0000;
    7208 : 0000;
    7209 : 0000;
    7210 : 0000;
    7211 : 0000;
    7212 : 0000;
    7213 : 0000;
    7214 : 0000;
    7215 : 0000;
    7216 : 0000;
    7217 : 0000;
    7218 : 0000;
    7219 : 0000;
    7220 : 0000;
    7221 : 0000;
    7222 : 0000;
    7223 : 0000;
    7224 : 0000;
    7225 : 0000;
    7226 : 0000;
    7227 : 0000;
    7228 : 0000;
    7229 : 0000;
    7230 : 0000;
    7231 : 0000;
    7232 : 0000;
    7233 : 0000;
    7234 : 0000;
    7235 : 0000;
    7236 : 0000;
    7237 : 0000;
    7238 : 0000;
    7239 : 0000;
    7240 : 0000;
    7241 : 0000;
    7242 : 0000;
    7243 : 0000;
    7244 : 0000;
    7245 : 0000;
    7246 : 0000;
    7247 : 0000;
    7248 : 0000;
    7249 : 0000;
    7250 : 0000;
    7251 : 0000;
    7252 : 0000;
    7253 : 0000;
    7254 : 0000;
    7255 : 0000;
    7256 : 0000;
    7257 : 0000;
    7258 : 0000;
    7259 : 0000;
    7260 : 0000;
    7261 : 0000;
    7262 : 0000;
    7263 : 0000;
    7264 : 0000;
    7265 : 0000;
    7266 : 0000;
    7267 : 0000;
    7268 : 0000;
    7269 : 0000;
    7270 : 0000;
    7271 : 0000;
    7272 : 0000;
    7273 : 0000;
    7274 : 0000;
    7275 : 0000;
    7276 : 0000;
    7277 : 0000;
    7278 : 0000;
    7279 : 0000;
    7280 : 0000;
    7281 : 0000;
    7282 : 0000;
    7283 : 0000;
    7284 : 0000;
    7285 : 0000;
    7286 : 0000;
    7287 : 0000;
    7288 : 0000;
    7289 : 0000;
    7290 : 0000;
    7291 : 0000;
    7292 : 0000;
    7293 : 0000;
    7294 : 0000;
    7295 : 0000;
    7296 : 0000;
    7297 : 0000;
    7298 : 0000;
    7299 : 0000;
    7300 : 0000;
    7301 : 0000;
    7302 : 0000;
    7303 : 0000;
    7304 : 0000;
    7305 : 0000;
    7306 : 0000;
    7307 : 0000;
    7308 : 0000;
    7309 : 0000;
    7310 : 0000;
    7311 : 0000;
    7312 : 0000;
    7313 : 0000;
    7314 : 0000;
    7315 : 0000;
    7316 : 0000;
    7317 : 0000;
    7318 : 0000;
    7319 : 0000;
    7320 : 0000;
    7321 : 0000;
    7322 : 0000;
    7323 : 0000;
    7324 : 0000;
    7325 : 0000;
    7326 : 0000;
    7327 : 0000;
    7328 : 0000;
    7329 : 0000;
    7330 : 0000;
    7331 : 0000;
    7332 : 0000;
    7333 : 0000;
    7334 : 0000;
    7335 : 0000;
    7336 : 0000;
    7337 : 0000;
    7338 : 0000;
    7339 : 0000;
    7340 : 0000;
    7341 : 0000;
    7342 : 0000;
    7343 : 0000;
    7344 : 0000;
    7345 : 0000;
    7346 : 0000;
    7347 : 0000;
    7348 : 0000;
    7349 : 0000;
    7350 : 0000;
    7351 : 0000;
    7352 : 0000;
    7353 : 0000;
    7354 : 0000;
    7355 : 0000;
    7356 : 0000;
    7357 : 0000;
    7358 : 0000;
    7359 : 0000;
    7360 : 0000;
    7361 : 0000;
    7362 : 0000;
    7363 : 0000;
    7364 : 0000;
    7365 : 0000;
    7366 : 0000;
    7367 : 0000;
    7368 : 0000;
    7369 : 0000;
    7370 : 0000;
    7371 : 0000;
    7372 : 0000;
    7373 : 0000;
    7374 : 0000;
    7375 : 0000;
    7376 : 0000;
    7377 : 0000;
    7378 : 0000;
    7379 : 0000;
    7380 : 0000;
    7381 : 0000;
    7382 : 0000;
    7383 : 0000;
    7384 : 0000;
    7385 : 0000;
    7386 : 0000;
    7387 : 0000;
    7388 : 0000;
    7389 : 0000;
    7390 : 0000;
    7391 : 0000;
    7392 : 0000;
    7393 : 0000;
    7394 : 0000;
    7395 : 0000;
    7396 : 0000;
    7397 : 0000;
    7398 : 0000;
    7399 : 0000;
    7400 : 0000;
    7401 : 0000;
    7402 : 0000;
    7403 : 0000;
    7404 : 0000;
    7405 : 0000;
    7406 : 0000;
    7407 : 0000;
    7408 : 0000;
    7409 : 0000;
    7410 : 0000;
    7411 : 0000;
    7412 : 0000;
    7413 : 0000;
    7414 : 0000;
    7415 : 0000;
    7416 : 0000;
    7417 : 0000;
    7418 : 0000;
    7419 : 0000;
    7420 : 0000;
    7421 : 0000;
    7422 : 0000;
    7423 : 0000;
    7424 : 0000;
    7425 : 0000;
    7426 : 0000;
    7427 : 0000;
    7428 : 0000;
    7429 : 0000;
    7430 : 0000;
    7431 : 0000;
    7432 : 0000;
    7433 : 0000;
    7434 : 0000;
    7435 : 0000;
    7436 : 0000;
    7437 : 0000;
    7438 : 0000;
    7439 : 0000;
    7440 : 0000;
    7441 : 0000;
    7442 : 0000;
    7443 : 0000;
    7444 : 0000;
    7445 : 0000;
    7446 : 0000;
    7447 : 0000;
    7448 : 0000;
    7449 : 0000;
    7450 : 0000;
    7451 : 0000;
    7452 : 0000;
    7453 : 0000;
    7454 : 0000;
    7455 : 0000;
    7456 : 0000;
    7457 : 0000;
    7458 : 0000;
    7459 : 0000;
    7460 : 0000;
    7461 : 0000;
    7462 : 0000;
    7463 : 0000;
    7464 : 0000;
    7465 : 0000;
    7466 : 0000;
    7467 : 0000;
    7468 : 0000;
    7469 : 0000;
    7470 : 0000;
    7471 : 0000;
    7472 : 0000;
    7473 : 0000;
    7474 : 0000;
    7475 : 0000;
    7476 : 0000;
    7477 : 0000;
    7478 : 0000;
    7479 : 0000;
    7480 : 0000;
    7481 : 0000;
    7482 : 0000;
    7483 : 0000;
    7484 : 0000;
    7485 : 0000;
    7486 : 0000;
    7487 : 0000;
    7488 : 0000;
    7489 : 0000;
    7490 : 0000;
    7491 : 0000;
    7492 : 0000;
    7493 : 0000;
    7494 : 0000;
    7495 : 0000;
    7496 : 0000;
    7497 : 0000;
    7498 : 0000;
    7499 : 0000;
    7500 : 0000;
    7501 : 0000;
    7502 : 0000;
    7503 : 0000;
    7504 : 0000;
    7505 : 0000;
    7506 : 0000;
    7507 : 0000;
    7508 : 0000;
    7509 : 0000;
    7510 : 0000;
    7511 : 0000;
    7512 : 0000;
    7513 : 0000;
    7514 : 0000;
    7515 : 0000;
    7516 : 0000;
    7517 : 0000;
    7518 : 0000;
    7519 : 0000;
    7520 : 0000;
    7521 : 0000;
    7522 : 0000;
    7523 : 0000;
    7524 : 0000;
    7525 : 0000;
    7526 : 0000;
    7527 : 0000;
    7528 : 0000;
    7529 : 0000;
    7530 : 0000;
    7531 : 0000;
    7532 : 0000;
    7533 : 0000;
    7534 : 0000;
    7535 : 0000;
    7536 : 0000;
    7537 : 0000;
    7538 : 0000;
    7539 : 0000;
    7540 : 0000;
    7541 : 0000;
    7542 : 0000;
    7543 : 0000;
    7544 : 0000;
    7545 : 0000;
    7546 : 0000;
    7547 : 0000;
    7548 : 0000;
    7549 : 0000;
    7550 : 0000;
    7551 : 0000;
    7552 : 0000;
    7553 : 0000;
    7554 : 0000;
    7555 : 0000;
    7556 : 0000;
    7557 : 0000;
    7558 : 0000;
    7559 : 0000;
    7560 : 0000;
    7561 : 0000;
    7562 : 0000;
    7563 : 0000;
    7564 : 0000;
    7565 : 0000;
    7566 : 0000;
    7567 : 0000;
    7568 : 0000;
    7569 : 0000;
    7570 : 0000;
    7571 : 0000;
    7572 : 0000;
    7573 : 0000;
    7574 : 0000;
    7575 : 0000;
    7576 : 0000;
    7577 : 0000;
    7578 : 0000;
    7579 : 0000;
    7580 : 0000;
    7581 : 0000;
    7582 : 0000;
    7583 : 0000;
    7584 : 0000;
    7585 : 0000;
    7586 : 0000;
    7587 : 0000;
    7588 : 0000;
    7589 : 0000;
    7590 : 0000;
    7591 : 0000;
    7592 : 0000;
    7593 : 0000;
    7594 : 0000;
    7595 : 0000;
    7596 : 0000;
    7597 : 0000;
    7598 : 0000;
    7599 : 0000;
    7600 : 0000;
    7601 : 0000;
    7602 : 0000;
    7603 : 0000;
    7604 : 0000;
    7605 : 0000;
    7606 : 0000;
    7607 : 0000;
    7608 : 0000;
    7609 : 0000;
    7610 : 0000;
    7611 : 0000;
    7612 : 0000;
    7613 : 0000;
    7614 : 0000;
    7615 : 0000;
    7616 : 0000;
    7617 : 0000;
    7618 : 0000;
    7619 : 0000;
    7620 : 0000;
    7621 : 0000;
    7622 : 0000;
    7623 : 0000;
    7624 : 0000;
    7625 : 0000;
    7626 : 0000;
    7627 : 0000;
    7628 : 0000;
    7629 : 0000;
    7630 : 0000;
    7631 : 0000;
    7632 : 0000;
    7633 : 0000;
    7634 : 0000;
    7635 : 0000;
    7636 : 0000;
    7637 : 0000;
    7638 : 0000;
    7639 : 0000;
    7640 : 0000;
    7641 : 0000;
    7642 : 0000;
    7643 : 0000;
    7644 : 0000;
    7645 : 0000;
    7646 : 0000;
    7647 : 0000;
    7648 : 0000;
    7649 : 0000;
    7650 : 0000;
    7651 : 0000;
    7652 : 0000;
    7653 : 0000;
    7654 : 0000;
    7655 : 0000;
    7656 : 0000;
    7657 : 0000;
    7658 : 0000;
    7659 : 0000;
    7660 : 0000;
    7661 : 0000;
    7662 : 0000;
    7663 : 0000;
    7664 : 0000;
    7665 : 0000;
    7666 : 0000;
    7667 : 0000;
    7668 : 0000;
    7669 : 0000;
    7670 : 0000;
    7671 : 0000;
    7672 : 0000;
    7673 : 0000;
    7674 : 0000;
    7675 : 0000;
    7676 : 0000;
    7677 : 0000;
    7678 : 0000;
    7679 : 0000;
    7680 : 0000;
    7681 : 0000;
    7682 : 0000;
    7683 : 0000;
    7684 : 0000;
    7685 : 0000;
    7686 : 0000;
    7687 : 0000;
    7688 : 0000;
    7689 : 0000;
    7690 : 0000;
    7691 : 0000;
    7692 : 0000;
    7693 : 0000;
    7694 : 0000;
    7695 : 0000;
    7696 : 0000;
    7697 : 0000;
    7698 : 0000;
    7699 : 0000;
    7700 : 0000;
    7701 : 0000;
    7702 : 0000;
    7703 : 0000;
    7704 : 0000;
    7705 : 0000;
    7706 : 0000;
    7707 : 0000;
    7708 : 0000;
    7709 : 0000;
    7710 : 0000;
    7711 : 0000;
    7712 : 0000;
    7713 : 0000;
    7714 : 0000;
    7715 : 0000;
    7716 : 0000;
    7717 : 0000;
    7718 : 0000;
    7719 : 0000;
    7720 : 0000;
    7721 : 0000;
    7722 : 0000;
    7723 : 0000;
    7724 : 0000;
    7725 : 0000;
    7726 : 0000;
    7727 : 0000;
    7728 : 0000;
    7729 : 0000;
    7730 : 0000;
    7731 : 0000;
    7732 : 0000;
    7733 : 0000;
    7734 : 0000;
    7735 : 0000;
    7736 : 0000;
    7737 : 0000;
    7738 : 0000;
    7739 : 0000;
    7740 : 0000;
    7741 : 0000;
    7742 : 0000;
    7743 : 0000;
    7744 : 0000;
    7745 : 0000;
    7746 : 0000;
    7747 : 0000;
    7748 : 0000;
    7749 : 0000;
    7750 : 0000;
    7751 : 0000;
    7752 : 0000;
    7753 : 0000;
    7754 : 0000;
    7755 : 0000;
    7756 : 0000;
    7757 : 0000;
    7758 : 0000;
    7759 : 0000;
    7760 : 0000;
    7761 : 0000;
    7762 : 0000;
    7763 : 0000;
    7764 : 0000;
    7765 : 0000;
    7766 : 0000;
    7767 : 0000;
    7768 : 0000;
    7769 : 0000;
    7770 : 0000;
    7771 : 0000;
    7772 : 0000;
    7773 : 0000;
    7774 : 0000;
    7775 : 0000;
    7776 : 0000;
    7777 : 0000;
    7778 : 0000;
    7779 : 0000;
    7780 : 0000;
    7781 : 0000;
    7782 : 0000;
    7783 : 0000;
    7784 : 0000;
    7785 : 0000;
    7786 : 0000;
    7787 : 0000;
    7788 : 0000;
    7789 : 0000;
    7790 : 0000;
    7791 : 0000;
    7792 : 0000;
    7793 : 0000;
    7794 : 0000;
    7795 : 0000;
    7796 : 0000;
    7797 : 0000;
    7798 : 0000;
    7799 : 0000;
    7800 : 0000;
    7801 : 0000;
    7802 : 0000;
    7803 : 0000;
    7804 : 0000;
    7805 : 0000;
    7806 : 0000;
    7807 : 0000;
    7808 : 0000;
    7809 : 0000;
    7810 : 0000;
    7811 : 0000;
    7812 : 0000;
    7813 : 0000;
    7814 : 0000;
    7815 : 0000;
    7816 : 0000;
    7817 : 0000;
    7818 : 0000;
    7819 : 0000;
    7820 : 0000;
    7821 : 0000;
    7822 : 0000;
    7823 : 0000;
    7824 : 0000;
    7825 : 0000;
    7826 : 0000;
    7827 : 0000;
    7828 : 0000;
    7829 : 0000;
    7830 : 0000;
    7831 : 0000;
    7832 : 0000;
    7833 : 0000;
    7834 : 0000;
    7835 : 0000;
    7836 : 0000;
    7837 : 0000;
    7838 : 0000;
    7839 : 0000;
    7840 : 0000;
    7841 : 0000;
    7842 : 0000;
    7843 : 0000;
    7844 : 0000;
    7845 : 0000;
    7846 : 0000;
    7847 : 0000;
    7848 : 0000;
    7849 : 0000;
    7850 : 0000;
    7851 : 0000;
    7852 : 0000;
    7853 : 0000;
    7854 : 0000;
    7855 : 0000;
    7856 : 0000;
    7857 : 0000;
    7858 : 0000;
    7859 : 0000;
    7860 : 0000;
    7861 : 0000;
    7862 : 0000;
    7863 : 0000;
    7864 : 0000;
    7865 : 0000;
    7866 : 0000;
    7867 : 0000;
    7868 : 0000;
    7869 : 0000;
    7870 : 0000;
    7871 : 0000;
    7872 : 0000;
    7873 : 0000;
    7874 : 0000;
    7875 : 0000;
    7876 : 0000;
    7877 : 0000;
    7878 : 0000;
    7879 : 0000;
    7880 : 0000;
    7881 : 0000;
    7882 : 0000;
    7883 : 0000;
    7884 : 0000;
    7885 : 0000;
    7886 : 0000;
    7887 : 0000;
    7888 : 0000;
    7889 : 0000;
    7890 : 0000;
    7891 : 0000;
    7892 : 0000;
    7893 : 0000;
    7894 : 0000;
    7895 : 0000;
    7896 : 0000;
    7897 : 0000;
    7898 : 0000;
    7899 : 0000;
    7900 : 0000;
    7901 : 0000;
    7902 : 0000;
    7903 : 0000;
    7904 : 0000;
    7905 : 0000;
    7906 : 0000;
    7907 : 0000;
    7908 : 0000;
    7909 : 0000;
    7910 : 0000;
    7911 : 0000;
    7912 : 0000;
    7913 : 0000;
    7914 : 0000;
    7915 : 0000;
    7916 : 0000;
    7917 : 0000;
    7918 : 0000;
    7919 : 0000;
    7920 : 0000;
    7921 : 0000;
    7922 : 0000;
    7923 : 0000;
    7924 : 0000;
    7925 : 0000;
    7926 : 0000;
    7927 : 0000;
    7928 : 0000;
    7929 : 0000;
    7930 : 0000;
    7931 : 0000;
    7932 : 0000;
    7933 : 0000;
    7934 : 0000;
    7935 : 0000;
    7936 : 0000;
    7937 : 0000;
    7938 : 0000;
    7939 : 0000;
    7940 : 0000;
    7941 : 0000;
    7942 : 0000;
    7943 : 0000;
    7944 : 0000;
    7945 : 0000;
    7946 : 0000;
    7947 : 0000;
    7948 : 0000;
    7949 : 0000;
    7950 : 0000;
    7951 : 0000;
    7952 : 0000;
    7953 : 0000;
    7954 : 0000;
    7955 : 0000;
    7956 : 0000;
    7957 : 0000;
    7958 : 0000;
    7959 : 0000;
    7960 : 0000;
    7961 : 0000;
    7962 : 0000;
    7963 : 0000;
    7964 : 0000;
    7965 : 0000;
    7966 : 0000;
    7967 : 0000;
    7968 : 0000;
    7969 : 0000;
    7970 : 0000;
    7971 : 0000;
    7972 : 0000;
    7973 : 0000;
    7974 : 0000;
    7975 : 0000;
    7976 : 0000;
    7977 : 0000;
    7978 : 0000;
    7979 : 0000;
    7980 : 0000;
    7981 : 0000;
    7982 : 0000;
    7983 : 0000;
    7984 : 0000;
    7985 : 0000;
    7986 : 0000;
    7987 : 0000;
    7988 : 0000;
    7989 : 0000;
    7990 : 0000;
    7991 : 0000;
    7992 : 0000;
    7993 : 0000;
    7994 : 0000;
    7995 : 0000;
    7996 : 0000;
    7997 : 0000;
    7998 : 0000;
    7999 : 0000;
    8000 : 0000;
    8001 : 0000;
    8002 : 0000;
    8003 : 0000;
    8004 : 0000;
    8005 : 0000;
    8006 : 0000;
    8007 : 0000;
    8008 : 0000;
    8009 : 0000;
    8010 : 0000;
    8011 : 0000;
    8012 : 0000;
    8013 : 0000;
    8014 : 0000;
    8015 : 0000;
    8016 : 0000;
    8017 : 0000;
    8018 : 0000;
    8019 : 0000;
    8020 : 0000;
    8021 : 0000;
    8022 : 0000;
    8023 : 0000;
    8024 : 0000;
    8025 : 0000;
    8026 : 0000;
    8027 : 0000;
    8028 : 0000;
    8029 : 0000;
    8030 : 0000;
    8031 : 0000;
    8032 : 0000;
    8033 : 0000;
    8034 : 0000;
    8035 : 0000;
    8036 : 0000;
    8037 : 0000;
    8038 : 0000;
    8039 : 0000;
    8040 : 0000;
    8041 : 0000;
    8042 : 0000;
    8043 : 0000;
    8044 : 0000;
    8045 : 0000;
    8046 : 0000;
    8047 : 0000;
    8048 : 0000;
    8049 : 0000;
    8050 : 0000;
    8051 : 0000;
    8052 : 0000;
    8053 : 0000;
    8054 : 0000;
    8055 : 0000;
    8056 : 0000;
    8057 : 0000;
    8058 : 0000;
    8059 : 0000;
    8060 : 0000;
    8061 : 0000;
    8062 : 0000;
    8063 : 0000;
    8064 : 0000;
    8065 : 0000;
    8066 : 0000;
    8067 : 0000;
    8068 : 0000;
    8069 : 0000;
    8070 : 0000;
    8071 : 0000;
    8072 : 0000;
    8073 : 0000;
    8074 : 0000;
    8075 : 0000;
    8076 : 0000;
    8077 : 0000;
    8078 : 0000;
    8079 : 0000;
    8080 : 0000;
    8081 : 0000;
    8082 : 0000;
    8083 : 0000;
    8084 : 0000;
    8085 : 0000;
    8086 : 0000;
    8087 : 0000;
    8088 : 0000;
    8089 : 0000;
    8090 : 0000;
    8091 : 0000;
    8092 : 0000;
    8093 : 0000;
    8094 : 0000;
    8095 : 0000;
    8096 : 0000;
    8097 : 0000;
    8098 : 0000;
    8099 : 0000;
    8100 : 0000;
    8101 : 0000;
    8102 : 0000;
    8103 : 0000;
    8104 : 0000;
    8105 : 0000;
    8106 : 0000;
    8107 : 0000;
    8108 : 0000;
    8109 : 0000;
    8110 : 0000;
    8111 : 0000;
    8112 : 0000;
    8113 : 0000;
    8114 : 0000;
    8115 : 0000;
    8116 : 0000;
    8117 : 0000;
    8118 : 0000;
    8119 : 0000;
    8120 : 0000;
    8121 : 0000;
    8122 : 0000;
    8123 : 0000;
    8124 : 0000;
    8125 : 0000;
    8126 : 0000;
    8127 : 0000;
    8128 : 0000;
    8129 : 0000;
    8130 : 0000;
    8131 : 0000;
    8132 : 0000;
    8133 : 0000;
    8134 : 0000;
    8135 : 0000;
    8136 : 0000;
    8137 : 0000;
    8138 : 0000;
    8139 : 0000;
    8140 : 0000;
    8141 : 0000;
    8142 : 0000;
    8143 : 0000;
    8144 : 0000;
    8145 : 0000;
    8146 : 0000;
    8147 : 0000;
    8148 : 0000;
    8149 : 0000;
    8150 : 0000;
    8151 : 0000;
    8152 : 0000;
    8153 : 0000;
    8154 : 0000;
    8155 : 0000;
    8156 : 0000;
    8157 : 0000;
    8158 : 0000;
    8159 : 0000;
    8160 : 0000;
    8161 : 0000;
    8162 : 0000;
    8163 : 0000;
    8164 : 0000;
    8165 : 0000;
    8166 : 0000;
    8167 : 0000;
    8168 : 0000;
    8169 : 0000;
    8170 : 0000;
    8171 : 0000;
    8172 : 0000;
    8173 : 0000;
    8174 : 0000;
    8175 : 0000;
    8176 : 0000;
    8177 : 0000;
    8178 : 0000;
    8179 : 0000;
    8180 : 0000;
    8181 : 0000;
    8182 : 0000;
    8183 : 0000;
    8184 : 0000;
    8185 : 0000;
    8186 : 0000;
    8187 : 0000;
    8188 : 0000;
    8189 : 0000;
    8190 : 0000;
    8191 : 0000;
    8192 : 0000;
    8193 : 0000;
    8194 : 0000;
    8195 : 0000;
    8196 : 0000;
    8197 : 0000;
    8198 : 0000;
    8199 : 0000;
    8200 : 0000;
    8201 : 0000;
    8202 : 0000;
    8203 : 0000;
    8204 : 0000;
    8205 : 0000;
    8206 : 0000;
    8207 : 0000;
    8208 : 0000;
    8209 : 0000;
    8210 : 0000;
    8211 : 0000;
    8212 : 0000;
    8213 : 0000;
    8214 : 0000;
    8215 : 0000;
    8216 : 0000;
    8217 : 0000;
    8218 : 0000;
    8219 : 0000;
    8220 : 0000;
    8221 : 0000;
    8222 : 0000;
    8223 : 0000;
    8224 : 0000;
    8225 : 0000;
    8226 : 0000;
    8227 : 0000;
    8228 : 0000;
    8229 : 0000;
    8230 : 0000;
    8231 : 0000;
    8232 : 0000;
    8233 : 0000;
    8234 : 0000;
    8235 : 0000;
    8236 : 0000;
    8237 : 0000;
    8238 : 0000;
    8239 : 0000;
    8240 : 0000;
    8241 : 0000;
    8242 : 0000;
    8243 : 0000;
    8244 : 0000;
    8245 : 0000;
    8246 : 0000;
    8247 : 0000;
    8248 : 0000;
    8249 : 0000;
    8250 : 0000;
    8251 : 0000;
    8252 : 0000;
    8253 : 0000;
    8254 : 0000;
    8255 : 0000;
    8256 : 0000;
    8257 : 0000;
    8258 : 0000;
    8259 : 0000;
    8260 : 0000;
    8261 : 0000;
    8262 : 0000;
    8263 : 0000;
    8264 : 0000;
    8265 : 0000;
    8266 : 0000;
    8267 : 0000;
    8268 : 0000;
    8269 : 0000;
    8270 : 0000;
    8271 : 0000;
    8272 : 0000;
    8273 : 0000;
    8274 : 0000;
    8275 : 0000;
    8276 : 0000;
    8277 : 0000;
    8278 : 0000;
    8279 : 0000;
    8280 : 0000;
    8281 : 0000;
    8282 : 0000;
    8283 : 0000;
    8284 : 0000;
    8285 : 0000;
    8286 : 0000;
    8287 : 0000;
    8288 : 0000;
    8289 : 0000;
    8290 : 0000;
    8291 : 0000;
    8292 : 0000;
    8293 : 0000;
    8294 : 0000;
    8295 : 0000;
    8296 : 0000;
    8297 : 0000;
    8298 : 0000;
    8299 : 0000;
    8300 : 0000;
    8301 : 0000;
    8302 : 0000;
    8303 : 0000;
    8304 : 0000;
    8305 : 0000;
    8306 : 0000;
    8307 : 0000;
    8308 : 0000;
    8309 : 0000;
    8310 : 0000;
    8311 : 0000;
    8312 : 0000;
    8313 : 0000;
    8314 : 0000;
    8315 : 0000;
    8316 : 0000;
    8317 : 0000;
    8318 : 0000;
    8319 : 0000;
    8320 : 0000;
    8321 : 0000;
    8322 : 0000;
    8323 : 0000;
    8324 : 0000;
    8325 : 0000;
    8326 : 0000;
    8327 : 0000;
    8328 : 0000;
    8329 : 0000;
    8330 : 0000;
    8331 : 0000;
    8332 : 0000;
    8333 : 0000;
    8334 : 0000;
    8335 : 0000;
    8336 : 0000;
    8337 : 0000;
    8338 : 0000;
    8339 : 0000;
    8340 : 0000;
    8341 : 0000;
    8342 : 0000;
    8343 : 0000;
    8344 : 0000;
    8345 : 0000;
    8346 : 0000;
    8347 : 0000;
    8348 : 0000;
    8349 : 0000;
    8350 : 0000;
    8351 : 0000;
    8352 : 0000;
    8353 : 0000;
    8354 : 0000;
    8355 : 0000;
    8356 : 0000;
    8357 : 0000;
    8358 : 0000;
    8359 : 0000;
    8360 : 0000;
    8361 : 0000;
    8362 : 0000;
    8363 : 0000;
    8364 : 0000;
    8365 : 0000;
    8366 : 0000;
    8367 : 0000;
    8368 : 0000;
    8369 : 0000;
    8370 : 0000;
    8371 : 0000;
    8372 : 0000;
    8373 : 0000;
    8374 : 0000;
    8375 : 0000;
    8376 : 0000;
    8377 : 0000;
    8378 : 0000;
    8379 : 0000;
    8380 : 0000;
    8381 : 0000;
    8382 : 0000;
    8383 : 0000;
    8384 : 0000;
    8385 : 0000;
    8386 : 0000;
    8387 : 0000;
    8388 : 0000;
    8389 : 0000;
    8390 : 0000;
    8391 : 0000;
    8392 : 0000;
    8393 : 0000;
    8394 : 0000;
    8395 : 0000;
    8396 : 0000;
    8397 : 0000;
    8398 : 0000;
    8399 : 0000;
    8400 : 0000;
    8401 : 0000;
    8402 : 0000;
    8403 : 0000;
    8404 : 0000;
    8405 : 0000;
    8406 : 0000;
    8407 : 0000;
    8408 : 0000;
    8409 : 0000;
    8410 : 0000;
    8411 : 0000;
    8412 : 0000;
    8413 : 0000;
    8414 : 0000;
    8415 : 0000;
    8416 : 0000;
    8417 : 0000;
    8418 : 0000;
    8419 : 0000;
    8420 : 0000;
    8421 : 0000;
    8422 : 0000;
    8423 : 0000;
    8424 : 0000;
    8425 : 0000;
    8426 : 0000;
    8427 : 0000;
    8428 : 0000;
    8429 : 0000;
    8430 : 0000;
    8431 : 0000;
    8432 : 0000;
    8433 : 0000;
    8434 : 0000;
    8435 : 0000;
    8436 : 0000;
    8437 : 0000;
    8438 : 0000;
    8439 : 0000;
    8440 : 0000;
    8441 : 0000;
    8442 : 0000;
    8443 : 0000;
    8444 : 0000;
    8445 : 0000;
    8446 : 0000;
    8447 : 0000;
    8448 : 0000;
    8449 : 0000;
    8450 : 0000;
    8451 : 0000;
    8452 : 0000;
    8453 : 0000;
    8454 : 0000;
    8455 : 0000;
    8456 : 0000;
    8457 : 0000;
    8458 : 0000;
    8459 : 0000;
    8460 : 0000;
    8461 : 0000;
    8462 : 0000;
    8463 : 0000;
    8464 : 0000;
    8465 : 0000;
    8466 : 0000;
    8467 : 0000;
    8468 : 0000;
    8469 : 0000;
    8470 : 0000;
    8471 : 0000;
    8472 : 0000;
    8473 : 0000;
    8474 : 0000;
    8475 : 0000;
    8476 : 0000;
    8477 : 0000;
    8478 : 0000;
    8479 : 0000;
    8480 : 0000;
    8481 : 0000;
    8482 : 0000;
    8483 : 0000;
    8484 : 0000;
    8485 : 0000;
    8486 : 0000;
    8487 : 0000;
    8488 : 0000;
    8489 : 0000;
    8490 : 0000;
    8491 : 0000;
    8492 : 0000;
    8493 : 0000;
    8494 : 0000;
    8495 : 0000;
    8496 : 0000;
    8497 : 0000;
    8498 : 0000;
    8499 : 0000;
    8500 : 0000;
    8501 : 0000;
    8502 : 0000;
    8503 : 0000;
    8504 : 0000;
    8505 : 0000;
    8506 : 0000;
    8507 : 0000;
    8508 : 0000;
    8509 : 0000;
    8510 : 0000;
    8511 : 0000;
    8512 : 0000;
    8513 : 0000;
    8514 : 0000;
    8515 : 0000;
    8516 : 0000;
    8517 : 0000;
    8518 : 0000;
    8519 : 0000;
    8520 : 0000;
    8521 : 0000;
    8522 : 0000;
    8523 : 0000;
    8524 : 0000;
    8525 : 0000;
    8526 : 0000;
    8527 : 0000;
    8528 : 0000;
    8529 : 0000;
    8530 : 0000;
    8531 : 0000;
    8532 : 0000;
    8533 : 0000;
    8534 : 0000;
    8535 : 0000;
    8536 : 0000;
    8537 : 0000;
    8538 : 0000;
    8539 : 0000;
    8540 : 0000;
    8541 : 0000;
    8542 : 0000;
    8543 : 0000;
    8544 : 0000;
    8545 : 0000;
    8546 : 0000;
    8547 : 0000;
    8548 : 0000;
    8549 : 0000;
    8550 : 0000;
    8551 : 0000;
    8552 : 0000;
    8553 : 0000;
    8554 : 0000;
    8555 : 0000;
    8556 : 0000;
    8557 : 0000;
    8558 : 0000;
    8559 : 0000;
    8560 : 0000;
    8561 : 0000;
    8562 : 0000;
    8563 : 0000;
    8564 : 0000;
    8565 : 0000;
    8566 : 0000;
    8567 : 0000;
    8568 : 0000;
    8569 : 0000;
    8570 : 0000;
    8571 : 0000;
    8572 : 0000;
    8573 : 0000;
    8574 : 0000;
    8575 : 0000;
    8576 : 0000;
    8577 : 0000;
    8578 : 0000;
    8579 : 0000;
    8580 : 0000;
    8581 : 0000;
    8582 : 0000;
    8583 : 0000;
    8584 : 0000;
    8585 : 0000;
    8586 : 0000;
    8587 : 0000;
    8588 : 0000;
    8589 : 0000;
    8590 : 0000;
    8591 : 0000;
    8592 : 0000;
    8593 : 0000;
    8594 : 0000;
    8595 : 0000;
    8596 : 0000;
    8597 : 0000;
    8598 : 0000;
    8599 : 0000;
    8600 : 0000;
    8601 : 0000;
    8602 : 0000;
    8603 : 0000;
    8604 : 0000;
    8605 : 0000;
    8606 : 0000;
    8607 : 0000;
    8608 : 0000;
    8609 : 0000;
    8610 : 0000;
    8611 : 0000;
    8612 : 0000;
    8613 : 0000;
    8614 : 0000;
    8615 : 0000;
    8616 : 0000;
    8617 : 0000;
    8618 : 0000;
    8619 : 0000;
    8620 : 0000;
    8621 : 0000;
    8622 : 0000;
    8623 : 0000;
    8624 : 0000;
    8625 : 0000;
    8626 : 0000;
    8627 : 0000;
    8628 : 0000;
    8629 : 0000;
    8630 : 0000;
    8631 : 0000;
    8632 : 0000;
    8633 : 0000;
    8634 : 0000;
    8635 : 0000;
    8636 : 0000;
    8637 : 0000;
    8638 : 0000;
    8639 : 0000;
    8640 : 0000;
    8641 : 0000;
    8642 : 0000;
    8643 : 0000;
    8644 : 0000;
    8645 : 0000;
    8646 : 0000;
    8647 : 0000;
    8648 : 0000;
    8649 : 0000;
    8650 : 0000;
    8651 : 0000;
    8652 : 0000;
    8653 : 0000;
    8654 : 0000;
    8655 : 0000;
    8656 : 0000;
    8657 : 0000;
    8658 : 0000;
    8659 : 0000;
    8660 : 0000;
    8661 : 0000;
    8662 : 0000;
    8663 : 0000;
    8664 : 0000;
    8665 : 0000;
    8666 : 0000;
    8667 : 0000;
    8668 : 0000;
    8669 : 0000;
    8670 : 0000;
    8671 : 0000;
    8672 : 0000;
    8673 : 0000;
    8674 : 0000;
    8675 : 0000;
    8676 : 0000;
    8677 : 0000;
    8678 : 0000;
    8679 : 0000;
    8680 : 0000;
    8681 : 0000;
    8682 : 0000;
    8683 : 0000;
    8684 : 0000;
    8685 : 0000;
    8686 : 0000;
    8687 : 0000;
    8688 : 0000;
    8689 : 0000;
    8690 : 0000;
    8691 : 0000;
    8692 : 0000;
    8693 : 0000;
    8694 : 0000;
    8695 : 0000;
    8696 : 0000;
    8697 : 0000;
    8698 : 0000;
    8699 : 0000;
    8700 : 0000;
    8701 : 0000;
    8702 : 0000;
    8703 : 0000;
    8704 : 0000;
    8705 : 0000;
    8706 : 0000;
    8707 : 0000;
    8708 : 0000;
    8709 : 0000;
    8710 : 0000;
    8711 : 0000;
    8712 : 0000;
    8713 : 0000;
    8714 : 0000;
    8715 : 0000;
    8716 : 0000;
    8717 : 0000;
    8718 : 0000;
    8719 : 0000;
    8720 : 0000;
    8721 : 0000;
    8722 : 0000;
    8723 : 0000;
    8724 : 0000;
    8725 : 0000;
    8726 : 0000;
    8727 : 0000;
    8728 : 0000;
    8729 : 0000;
    8730 : 0000;
    8731 : 0000;
    8732 : 0000;
    8733 : 0000;
    8734 : 0000;
    8735 : 0000;
    8736 : 0000;
    8737 : 0000;
    8738 : 0000;
    8739 : 0000;
    8740 : 0000;
    8741 : 0000;
    8742 : 0000;
    8743 : 0000;
    8744 : 0000;
    8745 : 0000;
    8746 : 0000;
    8747 : 0000;
    8748 : 0000;
    8749 : 0000;
    8750 : 0000;
    8751 : 0000;
    8752 : 0000;
    8753 : 0000;
    8754 : 0000;
    8755 : 0000;
    8756 : 0000;
    8757 : 0000;
    8758 : 0000;
    8759 : 0000;
    8760 : 0000;
    8761 : 0000;
    8762 : 0000;
    8763 : 0000;
    8764 : 0000;
    8765 : 0000;
    8766 : 0000;
    8767 : 0000;
    8768 : 0000;
    8769 : 0000;
    8770 : 0000;
    8771 : 0000;
    8772 : 0000;
    8773 : 0000;
    8774 : 0000;
    8775 : 0000;
    8776 : 0000;
    8777 : 0000;
    8778 : 0000;
    8779 : 0000;
    8780 : 0000;
    8781 : 0000;
    8782 : 0000;
    8783 : 0000;
    8784 : 0000;
    8785 : 0000;
    8786 : 0000;
    8787 : 0000;
    8788 : 0000;
    8789 : 0000;
    8790 : 0000;
    8791 : 0000;
    8792 : 0000;
    8793 : 0000;
    8794 : 0000;
    8795 : 0000;
    8796 : 0000;
    8797 : 0000;
    8798 : 0000;
    8799 : 0000;
    8800 : 0000;
    8801 : 0000;
    8802 : 0000;
    8803 : 0000;
    8804 : 0000;
    8805 : 0000;
    8806 : 0000;
    8807 : 0000;
    8808 : 0000;
    8809 : 0000;
    8810 : 0000;
    8811 : 0000;
    8812 : 0000;
    8813 : 0000;
    8814 : 0000;
    8815 : 0000;
    8816 : 0000;
    8817 : 0000;
    8818 : 0000;
    8819 : 0000;
    8820 : 0000;
    8821 : 0000;
    8822 : 0000;
    8823 : 0000;
    8824 : 0000;
    8825 : 0000;
    8826 : 0000;
    8827 : 0000;
    8828 : 0000;
    8829 : 0000;
    8830 : 0000;
    8831 : 0000;
    8832 : 0000;
    8833 : 0000;
    8834 : 0000;
    8835 : 0000;
    8836 : 0000;
    8837 : 0000;
    8838 : 0000;
    8839 : 0000;
    8840 : 0000;
    8841 : 0000;
    8842 : 0000;
    8843 : 0000;
    8844 : 0000;
    8845 : 0000;
    8846 : 0000;
    8847 : 0000;
    8848 : 0000;
    8849 : 0000;
    8850 : 0000;
    8851 : 0000;
    8852 : 0000;
    8853 : 0000;
    8854 : 0000;
    8855 : 0000;
    8856 : 0000;
    8857 : 0000;
    8858 : 0000;
    8859 : 0000;
    8860 : 0000;
    8861 : 0000;
    8862 : 0000;
    8863 : 0000;
    8864 : 0000;
    8865 : 0000;
    8866 : 0000;
    8867 : 0000;
    8868 : 0000;
    8869 : 0000;
    8870 : 0000;
    8871 : 0000;
    8872 : 0000;
    8873 : 0000;
    8874 : 0000;
    8875 : 0000;
    8876 : 0000;
    8877 : 0000;
    8878 : 0000;
    8879 : 0000;
    8880 : 0000;
    8881 : 0000;
    8882 : 0000;
    8883 : 0000;
    8884 : 0000;
    8885 : 0000;
    8886 : 0000;
    8887 : 0000;
    8888 : 0000;
    8889 : 0000;
    8890 : 0000;
    8891 : 0000;
    8892 : 0000;
    8893 : 0000;
    8894 : 0000;
    8895 : 0000;
    8896 : 0000;
    8897 : 0000;
    8898 : 0000;
    8899 : 0000;
    8900 : 0000;
    8901 : 0000;
    8902 : 0000;
    8903 : 0000;
    8904 : 0000;
    8905 : 0000;
    8906 : 0000;
    8907 : 0000;
    8908 : 0000;
    8909 : 0000;
    8910 : 0000;
    8911 : 0000;
    8912 : 0000;
    8913 : 0000;
    8914 : 0000;
    8915 : 0000;
    8916 : 0000;
    8917 : 0000;
    8918 : 0000;
    8919 : 0000;
    8920 : 0000;
    8921 : 0000;
    8922 : 0000;
    8923 : 0000;
    8924 : 0000;
    8925 : 0000;
    8926 : 0000;
    8927 : 0000;
    8928 : 0000;
    8929 : 0000;
    8930 : 0000;
    8931 : 0000;
    8932 : 0000;
    8933 : 0000;
    8934 : 0000;
    8935 : 0000;
    8936 : 0000;
    8937 : 0000;
    8938 : 0000;
    8939 : 0000;
    8940 : 0000;
    8941 : 0000;
    8942 : 0000;
    8943 : 0000;
    8944 : 0000;
    8945 : 0000;
    8946 : 0000;
    8947 : 0000;
    8948 : 0000;
    8949 : 0000;
    8950 : 0000;
    8951 : 0000;
    8952 : 0000;
    8953 : 0000;
    8954 : 0000;
    8955 : 0000;
    8956 : 0000;
    8957 : 0000;
    8958 : 0000;
    8959 : 0000;
    8960 : 0000;
    8961 : 0000;
    8962 : 0000;
    8963 : 0000;
    8964 : 0000;
    8965 : 0000;
    8966 : 0000;
    8967 : 0000;
    8968 : 0000;
    8969 : 0000;
    8970 : 0000;
    8971 : 0000;
    8972 : 0000;
    8973 : 0000;
    8974 : 0000;
    8975 : 0000;
    8976 : 0000;
    8977 : 0000;
    8978 : 0000;
    8979 : 0000;
    8980 : 0000;
    8981 : 0000;
    8982 : 0000;
    8983 : 0000;
    8984 : 0000;
    8985 : 0000;
    8986 : 0000;
    8987 : 0000;
    8988 : 0000;
    8989 : 0000;
    8990 : 0000;
    8991 : 0000;
    8992 : 0000;
    8993 : 0000;
    8994 : 0000;
    8995 : 0000;
    8996 : 0000;
    8997 : 0000;
    8998 : 0000;
    8999 : 0000;
    9000 : 0000;
    9001 : 0000;
    9002 : 0000;
    9003 : 0000;
    9004 : 0000;
    9005 : 0000;
    9006 : 0000;
    9007 : 0000;
    9008 : 0000;
    9009 : 0000;
    9010 : 0000;
    9011 : 0000;
    9012 : 0000;
    9013 : 0000;
    9014 : 0000;
    9015 : 0000;
    9016 : 0000;
    9017 : 0000;
    9018 : 0000;
    9019 : 0000;
    9020 : 0000;
    9021 : 0000;
    9022 : 0000;
    9023 : 0000;
    9024 : 0000;
    9025 : 0000;
    9026 : 0000;
    9027 : 0000;
    9028 : 0000;
    9029 : 0000;
    9030 : 0000;
    9031 : 0000;
    9032 : 0000;
    9033 : 0000;
    9034 : 0000;
    9035 : 0000;
    9036 : 0000;
    9037 : 0000;
    9038 : 0000;
    9039 : 0000;
    9040 : 0000;
    9041 : 0000;
    9042 : 0000;
    9043 : 0000;
    9044 : 0000;
    9045 : 0000;
    9046 : 0000;
    9047 : 0000;
    9048 : 0000;
    9049 : 0000;
    9050 : 0000;
    9051 : 0000;
    9052 : 0000;
    9053 : 0000;
    9054 : 0000;
    9055 : 0000;
    9056 : 0000;
    9057 : 0000;
    9058 : 0000;
    9059 : 0000;
    9060 : 0000;
    9061 : 0000;
    9062 : 0000;
    9063 : 0000;
    9064 : 0000;
    9065 : 0000;
    9066 : 0000;
    9067 : 0000;
    9068 : 0000;
    9069 : 0000;
    9070 : 0000;
    9071 : 0000;
    9072 : 0000;
    9073 : 0000;
    9074 : 0000;
    9075 : 0000;
    9076 : 0000;
    9077 : 0000;
    9078 : 0000;
    9079 : 0000;
    9080 : 0000;
    9081 : 0000;
    9082 : 0000;
    9083 : 0000;
    9084 : 0000;
    9085 : 0000;
    9086 : 0000;
    9087 : 0000;
    9088 : 0000;
    9089 : 0000;
    9090 : 0000;
    9091 : 0000;
    9092 : 0000;
    9093 : 0000;
    9094 : 0000;
    9095 : 0000;
    9096 : 0000;
    9097 : 0000;
    9098 : 0000;
    9099 : 0000;
    9100 : 0000;
    9101 : 0000;
    9102 : 0000;
    9103 : 0000;
    9104 : 0000;
    9105 : 0000;
    9106 : 0000;
    9107 : 0000;
    9108 : 0000;
    9109 : 0000;
    9110 : 0000;
    9111 : 0000;
    9112 : 0000;
    9113 : 0000;
    9114 : 0000;
    9115 : 0000;
    9116 : 0000;
    9117 : 0000;
    9118 : 0000;
    9119 : 0000;
    9120 : 0000;
    9121 : 0000;
    9122 : 0000;
    9123 : 0000;
    9124 : 0000;
    9125 : 0000;
    9126 : 0000;
    9127 : 0000;
    9128 : 0000;
    9129 : 0000;
    9130 : 0000;
    9131 : 0000;
    9132 : 0000;
    9133 : 0000;
    9134 : 0000;
    9135 : 0000;
    9136 : 0000;
    9137 : 0000;
    9138 : 0000;
    9139 : 0000;
    9140 : 0000;
    9141 : 0000;
    9142 : 0000;
    9143 : 0000;
    9144 : 0000;
    9145 : 0000;
    9146 : 0000;
    9147 : 0000;
    9148 : 0000;
    9149 : 0000;
    9150 : 0000;
    9151 : 0000;
    9152 : 0000;
    9153 : 0000;
    9154 : 0000;
    9155 : 0000;
    9156 : 0000;
    9157 : 0000;
    9158 : 0000;
    9159 : 0000;
    9160 : 0000;
    9161 : 0000;
    9162 : 0000;
    9163 : 0000;
    9164 : 0000;
    9165 : 0000;
    9166 : 0000;
    9167 : 0000;
    9168 : 0000;
    9169 : 0000;
    9170 : 0000;
    9171 : 0000;
    9172 : 0000;
    9173 : 0000;
    9174 : 0000;
    9175 : 0000;
    9176 : 0000;
    9177 : 0000;
    9178 : 0000;
    9179 : 0000;
    9180 : 0000;
    9181 : 0000;
    9182 : 0000;
    9183 : 0000;
    9184 : 0000;
    9185 : 0000;
    9186 : 0000;
    9187 : 0000;
    9188 : 0000;
    9189 : 0000;
    9190 : 0000;
    9191 : 0000;
    9192 : 0000;
    9193 : 0000;
    9194 : 0000;
    9195 : 0000;
    9196 : 0000;
    9197 : 0000;
    9198 : 0000;
    9199 : 0000;
    9200 : 0000;
    9201 : 0000;
    9202 : 0000;
    9203 : 0000;
    9204 : 0000;
    9205 : 0000;
    9206 : 0000;
    9207 : 0000;
    9208 : 0000;
    9209 : 0000;
    9210 : 0000;
    9211 : 0000;
    9212 : 0000;
    9213 : 0000;
    9214 : 0000;
    9215 : 0000;
    9216 : 0000;
    9217 : 0000;
    9218 : 0000;
    9219 : 0000;
    9220 : 0000;
    9221 : 0000;
    9222 : 0000;
    9223 : 0000;
    9224 : 0000;
    9225 : 0000;
    9226 : 0000;
    9227 : 0000;
    9228 : 0000;
    9229 : 0000;
    9230 : 0000;
    9231 : 0000;
    9232 : 0000;
    9233 : 0000;
    9234 : 0000;
    9235 : 0000;
    9236 : 0000;
    9237 : 0000;
    9238 : 0000;
    9239 : 0000;
    9240 : 0000;
    9241 : 0000;
    9242 : 0000;
    9243 : 0000;
    9244 : 0000;
    9245 : 0000;
    9246 : 0000;
    9247 : 0000;
    9248 : 0000;
    9249 : 0000;
    9250 : 0000;
    9251 : 0000;
    9252 : 0000;
    9253 : 0000;
    9254 : 0000;
    9255 : 0000;
    9256 : 0000;
    9257 : 0000;
    9258 : 0000;
    9259 : 0000;
    9260 : 0000;
    9261 : 0000;
    9262 : FFFF;
    9263 : 0000;
    9264 : 0000;
    9265 : 0000;
    9266 : 0000;
    9267 : 0000;
    9268 : 0000;
    9269 : 0000;
    9270 : 0000;
    9271 : 0000;
    9272 : 0000;
    9273 : 0000;
    9274 : 0000;
    9275 : 0000;
    9276 : 0000;
    9277 : 0000;
    9278 : 0000;
    9279 : 0000;
    9280 : 0000;
    9281 : 0000;
    9282 : 0000;
    9283 : 0000;
    9284 : 0000;
    9285 : 0000;
    9286 : 0000;
    9287 : 0000;
    9288 : 0000;
    9289 : 0000;
    9290 : 0000;
    9291 : 0000;
    9292 : 0000;
    9293 : 0000;
    9294 : 0000;
    9295 : 0000;
    9296 : 0000;
    9297 : 0001;
    9298 : 0000;
    9299 : FFFF;
    9300 : 0000;
    9301 : 0000;
    9302 : 0000;
    9303 : 0000;
    9304 : 0000;
    9305 : 0000;
    9306 : 0000;
    9307 : 0000;
    9308 : 0000;
    9309 : 0000;
    9310 : 0000;
    9311 : 0001;
    9312 : 0000;
    9313 : FFFF;
    9314 : FFFF;
    9315 : 0001;
    9316 : 0001;
    9317 : FFFF;
    9318 : FFFF;
    9319 : 0000;
    9320 : 0001;
    9321 : 0000;
    9322 : 0000;
    9323 : FFFF;
    9324 : 0000;
    9325 : 0001;
    9326 : 0000;
    9327 : FFFF;
    9328 : 0000;
    9329 : 0001;
    9330 : 0000;
    9331 : 0000;
    9332 : FFFF;
    9333 : 0000;
    9334 : 0001;
    9335 : 0000;
    9336 : FFFF;
    9337 : 0000;
    9338 : 0001;
    9339 : 0000;
    9340 : 0000;
    9341 : 0000;
    9342 : 0000;
    9343 : 0000;
    9344 : 0000;
    9345 : 0000;
    9346 : 0000;
    9347 : 0000;
    9348 : 0000;
    9349 : 0001;
    9350 : 0000;
    9351 : FFFF;
    9352 : 0000;
    9353 : 0001;
    9354 : FFFF;
    9355 : FFFF;
    9356 : 0001;
    9357 : 0001;
    9358 : 0000;
    9359 : FFFF;
    9360 : FFFF;
    9361 : 0002;
    9362 : 0001;
    9363 : FFFE;
    9364 : FFFF;
    9365 : 0001;
    9366 : 0002;
    9367 : FFFF;
    9368 : FFFD;
    9369 : 0000;
    9370 : 0003;
    9371 : 0001;
    9372 : FFFD;
    9373 : FFFF;
    9374 : 0002;
    9375 : 0000;
    9376 : FFFF;
    9377 : 0000;
    9378 : 0000;
    9379 : 0000;
    9380 : 0001;
    9381 : 0000;
    9382 : FFFF;
    9383 : 0000;
    9384 : 0001;
    9385 : 0000;
    9386 : 0000;
    9387 : 0000;
    9388 : 0000;
    9389 : FFFF;
    9390 : 0001;
    9391 : 0000;
    9392 : FFFE;
    9393 : 0000;
    9394 : 0002;
    9395 : 0000;
    9396 : FFFE;
    9397 : 0000;
    9398 : 0001;
    9399 : 0001;
    9400 : 0000;
    9401 : FFFE;
    9402 : FFFF;
    9403 : 0002;
    9404 : 0000;
    9405 : FFFE;
    9406 : 0000;
    9407 : 0001;
    9408 : 0000;
    9409 : 0000;
    9410 : 0000;
    9411 : 0000;
    9412 : FFFF;
    9413 : 0001;
    9414 : 0001;
    9415 : FFFF;
    9416 : FFFE;
    9417 : 0001;
    9418 : 0002;
    9419 : FFFE;
    9420 : FFFE;
    9421 : 0002;
    9422 : 0002;
    9423 : FFFE;
    9424 : FFFE;
    9425 : 0001;
    9426 : 0003;
    9427 : FFFF;
    9428 : FFFB;
    9429 : 0001;
    9430 : 0005;
    9431 : FFFE;
    9432 : FFFD;
    9433 : 0004;
    9434 : FFFF;
    9435 : FFFB;
    9436 : 0005;
    9437 : 0005;
    9438 : FFF9;
    9439 : FFFB;
    9440 : 0006;
    9441 : 0005;
    9442 : FFFD;
    9443 : FFFB;
    9444 : 0000;
    9445 : 0006;
    9446 : 0002;
    9447 : FFFB;
    9448 : FFFE;
    9449 : 0002;
    9450 : 0001;
    9451 : 0002;
    9452 : 0000;
    9453 : FFFB;
    9454 : 0000;
    9455 : 0007;
    9456 : 0000;
    9457 : FFFA;
    9458 : FFFF;
    9459 : 0003;
    9460 : 0004;
    9461 : FFFF;
    9462 : FFFA;
    9463 : 0000;
    9464 : 0007;
    9465 : 0000;
    9466 : FFF9;
    9467 : FFFE;
    9468 : 0004;
    9469 : 0004;
    9470 : 0000;
    9471 : FFFA;
    9472 : FFFD;
    9473 : 0007;
    9474 : 0005;
    9475 : FFFA;
    9476 : FFFA;
    9477 : 0003;
    9478 : 0006;
    9479 : 0000;
    9480 : FFFB;
    9481 : FFFF;
    9482 : 0004;
    9483 : 0001;
    9484 : FFFF;
    9485 : 0000;
    9486 : FFFE;
    9487 : FFFE;
    9488 : 0003;
    9489 : 0004;
    9490 : FFFE;
    9491 : FFFB;
    9492 : 0000;
    9493 : 0006;
    9494 : 0003;
    9495 : FFF9;
    9496 : FFFC;
    9497 : 0006;
    9498 : 0003;
    9499 : FFFB;
    9500 : FFFF;
    9501 : 0004;
    9502 : 0000;
    9503 : FFFE;
    9504 : 0001;
    9505 : 0002;
    9506 : FFFF;
    9507 : FFFE;
    9508 : 0001;
    9509 : 0002;
    9510 : 0000;
    9511 : FFFD;
    9512 : FFFE;
    9513 : 0003;
    9514 : 0004;
    9515 : FFFC;
    9516 : FFFA;
    9517 : 0005;
    9518 : 0005;
    9519 : FFFC;
    9520 : FFFC;
    9521 : 0002;
    9522 : 0002;
    9523 : 0000;
    9524 : FFFE;
    9525 : FFFD;
    9526 : 0003;
    9527 : 0003;
    9528 : FFFB;
    9529 : FFFF;
    9530 : 0007;
    9531 : 0000;
    9532 : FFF8;
    9533 : 0000;
    9534 : 0008;
    9535 : 0003;
    9536 : FFF7;
    9537 : FFF9;
    9538 : 000B;
    9539 : 0009;
    9540 : FFF4;
    9541 : FFF6;
    9542 : 000B;
    9543 : 0009;
    9544 : FFFA;
    9545 : FFF7;
    9546 : 0001;
    9547 : 0009;
    9548 : 0003;
    9549 : FFF6;
    9550 : FFFB;
    9551 : 0008;
    9552 : 0005;
    9553 : FFFB;
    9554 : FFFC;
    9555 : 0001;
    9556 : 0004;
    9557 : 0002;
    9558 : FFFB;
    9559 : FFFC;
    9560 : 0004;
    9561 : 0004;
    9562 : FFFF;
    9563 : FFFD;
    9564 : FFFC;
    9565 : 0004;
    9566 : 0007;
    9567 : FFFB;
    9568 : FFF7;
    9569 : 0006;
    9570 : 0009;
    9571 : FFFC;
    9572 : FFF9;
    9573 : 0001;
    9574 : 0005;
    9575 : 0002;
    9576 : FFFC;
    9577 : FFFB;
    9578 : 0003;
    9579 : 0006;
    9580 : FFFE;
    9581 : FFFB;
    9582 : 0000;
    9583 : 0003;
    9584 : 0001;
    9585 : FFFF;
    9586 : FFFE;
    9587 : FFFF;
    9588 : 0001;
    9589 : 0003;
    9590 : 0001;
    9591 : FFFD;
    9592 : FFFE;
    9593 : 0003;
    9594 : 0004;
    9595 : FFFE;
    9596 : FFFC;
    9597 : 0001;
    9598 : 0004;
    9599 : FFFF;
    9600 : FFFE;
    9601 : 0001;
    9602 : 0000;
    9603 : FFFD;
    9604 : 0003;
    9605 : 0004;
    9606 : FFFC;
    9607 : FFFC;
    9608 : 0003;
    9609 : 0004;
    9610 : FFFF;
    9611 : FFFC;
    9612 : FFFE;
    9613 : 0004;
    9614 : 0004;
    9615 : FFFD;
    9616 : FFFB;
    9617 : 0002;
    9618 : 0005;
    9619 : 0000;
    9620 : FFFD;
    9621 : FFFF;
    9622 : 0001;
    9623 : 0002;
    9624 : 0001;
    9625 : FFFE;
    9626 : FFFD;
    9627 : 0001;
    9628 : 0003;
    9629 : 0000;
    9630 : FFFD;
    9631 : FFFF;
    9632 : 0002;
    9633 : 0003;
    9634 : 0000;
    9635 : FFFD;
    9636 : FFFF;
    9637 : 0001;
    9638 : 0002;
    9639 : 0001;
    9640 : FFFC;
    9641 : FFFC;
    9642 : 0006;
    9643 : 0006;
    9644 : FFF9;
    9645 : FFFB;
    9646 : 0008;
    9647 : 0003;
    9648 : FFF8;
    9649 : FFFF;
    9650 : 0004;
    9651 : 0000;
    9652 : FFFD;
    9653 : FFFE;
    9654 : 0001;
    9655 : 0004;
    9656 : FFFF;
    9657 : FFFA;
    9658 : 0002;
    9659 : 0005;
    9660 : FFFF;
    9661 : FFFB;
    9662 : FFFD;
    9663 : 0004;
    9664 : 0007;
    9665 : FFFB;
    9666 : FFF7;
    9667 : 0005;
    9668 : 000A;
    9669 : FFFE;
    9670 : FFF8;
    9671 : FFFF;
    9672 : 0009;
    9673 : 0006;
    9674 : FFF7;
    9675 : FFF9;
    9676 : 000A;
    9677 : 0006;
    9678 : FFF6;
    9679 : FFFD;
    9680 : 0006;
    9681 : 0000;
    9682 : FFFF;
    9683 : 0001;
    9684 : 0000;
    9685 : 0002;
    9686 : 0000;
    9687 : FFFD;
    9688 : 0004;
    9689 : 0003;
    9690 : FFFA;
    9691 : FFFF;
    9692 : 0007;
    9693 : 0001;
    9694 : FFFD;
    9695 : FFFE;
    9696 : FFFF;
    9697 : 0004;
    9698 : 0001;
    9699 : FFF9;
    9700 : FFFF;
    9701 : 0005;
    9702 : 0000;
    9703 : FFFF;
    9704 : FFFF;
    9705 : FFFB;
    9706 : 0002;
    9707 : 0008;
    9708 : FFFD;
    9709 : FFF7;
    9710 : 0003;
    9711 : 0009;
    9712 : 0003;
    9713 : FFFB;
    9714 : FFFC;
    9715 : 0005;
    9716 : 0007;
    9717 : FFFC;
    9718 : FFF8;
    9719 : 0003;
    9720 : 0007;
    9721 : 0001;
    9722 : FFFE;
    9723 : FFFE;
    9724 : FFFF;
    9725 : 0004;
    9726 : 0003;
    9727 : FFF9;
    9728 : FFF7;
    9729 : 0004;
    9730 : 0009;
    9731 : FFFD;
    9732 : FFF8;
    9733 : 0003;
    9734 : 0009;
    9735 : 0000;
    9736 : FFF9;
    9737 : FFFE;
    9738 : 0003;
    9739 : 0001;
    9740 : FFFD;
    9741 : FFFD;
    9742 : 0003;
    9743 : 0004;
    9744 : FFFF;
    9745 : FFFE;
    9746 : 0001;
    9747 : FFFD;
    9748 : FFFC;
    9749 : 0000;
    9750 : FFFF;
    9751 : FFFF;
    9752 : 0002;
    9753 : FFFD;
    9754 : FFFC;
    9755 : 0004;
    9756 : 0001;
    9757 : FFF8;
    9758 : FFFF;
    9759 : 0009;
    9760 : 0004;
    9761 : FFFB;
    9762 : FFFE;
    9763 : 0006;
    9764 : 0005;
    9765 : FFFC;
    9766 : FFFA;
    9767 : 0004;
    9768 : 0006;
    9769 : 0000;
    9770 : FFFD;
    9771 : FFFE;
    9772 : 0002;
    9773 : 0002;
    9774 : FFFE;
    9775 : FFFD;
    9776 : FFFF;
    9777 : FFFC;
    9778 : FFFD;
    9779 : 0005;
    9780 : 0006;
    9781 : FFFE;
    9782 : FFFD;
    9783 : 0005;
    9784 : 000A;
    9785 : FFFF;
    9786 : FFF5;
    9787 : FFFD;
    9788 : 0009;
    9789 : 0006;
    9790 : FFFA;
    9791 : FFFA;
    9792 : 0007;
    9793 : 000D;
    9794 : 0000;
    9795 : FFF4;
    9796 : 0000;
    9797 : 000C;
    9798 : 0004;
    9799 : FFF8;
    9800 : FFFC;
    9801 : 0004;
    9802 : 0002;
    9803 : FFFC;
    9804 : FFFC;
    9805 : 0000;
    9806 : FFFF;
    9807 : FFFD;
    9808 : 0000;
    9809 : 0004;
    9810 : 0001;
    9811 : 0000;
    9812 : 0005;
    9813 : 0005;
    9814 : FFFC;
    9815 : FFF8;
    9816 : FFFD;
    9817 : FFFE;
    9818 : FFFF;
    9819 : 0002;
    9820 : FFFD;
    9821 : FFFC;
    9822 : 0005;
    9823 : FFFF;
    9824 : FFF4;
    9825 : FFF9;
    9826 : FFFD;
    9827 : FFFB;
    9828 : 0002;
    9829 : 0002;
    9830 : FFFB;
    9831 : 0003;
    9832 : 0006;
    9833 : FFF7;
    9834 : FFF8;
    9835 : 0003;
    9836 : FFFE;
    9837 : FFFA;
    9838 : FFFF;
    9839 : 0003;
    9840 : 000A;
    9841 : 0008;
    9842 : FFFB;
    9843 : FFFF;
    9844 : 000A;
    9845 : FFFF;
    9846 : FFF5;
    9847 : FFFE;
    9848 : 000A;
    9849 : 000F;
    9850 : 0009;
    9851 : FFFB;
    9852 : FFFF;
    9853 : 000B;
    9854 : 0004;
    9855 : FFF6;
    9856 : FFFA;
    9857 : 0004;
    9858 : 0004;
    9859 : 0002;
    9860 : FFFF;
    9861 : FFFA;
    9862 : FFF9;
    9863 : 0003;
    9864 : 0009;
    9865 : FFFE;
    9866 : FFFD;
    9867 : 000F;
    9868 : 0012;
    9869 : FFFD;
    9870 : FFEF;
    9871 : FFF7;
    9872 : 0003;
    9873 : 0007;
    9874 : 0006;
    9875 : 0007;
    9876 : 0008;
    9877 : 0007;
    9878 : 0007;
    9879 : 0005;
    9880 : FFF8;
    9881 : FFF5;
    9882 : 0006;
    9883 : 000E;
    9884 : 0005;
    9885 : 0000;
    9886 : FFFD;
    9887 : 0000;
    9888 : 000A;
    9889 : FFFB;
    9890 : FFDF;
    9891 : FFED;
    9892 : 0009;
    9893 : 0004;
    9894 : FFF9;
    9895 : FFFB;
    9896 : FFFC;
    9897 : 000D;
    9898 : 001A;
    9899 : 0003;
    9900 : FFF5;
    9901 : FFFC;
    9902 : FFEE;
    9903 : FFE5;
    9904 : FFF6;
    9905 : FFF2;
    9906 : FFED;
    9907 : 000E;
    9908 : 0023;
    9909 : 001C;
    9910 : 000C;
    9911 : FFEE;
    9912 : FFE4;
    9913 : FFF7;
    9914 : FFEA;
    9915 : FFDD;
    9916 : 0001;
    9917 : 0010;
    9918 : 0006;
    9919 : 0023;
    9920 : 002D;
    9921 : 000C;
    9922 : 000B;
    9923 : 0005;
    9924 : FFDC;
    9925 : FFD6;
    9926 : FFE0;
    9927 : FFD1;
    9928 : FFEB;
    9929 : 001F;
    9930 : 0014;
    9931 : FFF5;
    9932 : FFFF;
    9933 : 0009;
    9934 : FFEF;
    9935 : FFC5;
    9936 : FFAE;
    9937 : FFC5;
    9938 : FFF1;
    9939 : 0003;
    9940 : 0000;
    9941 : 000B;
    9942 : 0026;
    9943 : 0028;
    9944 : 0007;
    9945 : FFF0;
    9946 : FFF0;
    9947 : FFF6;
    9948 : 0010;
    9949 : 002D;
    9950 : 0017;
    9951 : FFF5;
    9952 : 0005;
    9953 : 0014;
    9954 : 0001;
    9955 : FFEF;
    9956 : FFF1;
    9957 : 0014;
    9958 : 0046;
    9959 : 003F;
    9960 : 000A;
    9961 : FFF8;
    9962 : 0004;
    9963 : 0007;
    9964 : FFF7;
    9965 : FFCC;
    9966 : FFC9;
    9967 : 002F;
    9968 : 0084;
    9969 : 0065;
    9970 : 0036;
    9971 : 0028;
    9972 : 0015;
    9973 : 0017;
    9974 : 0012;
    9975 : FFBA;
    9976 : FF77;
    9977 : FFBD;
    9978 : 002B;
    9979 : 005F;
    9980 : 005D;
    9981 : 002C;
    9982 : FFFD;
    9983 : 0006;
    9984 : 0003;
    9985 : FFC8;
    9986 : FFA6;
    9987 : FFB6;
    9988 : FFCF;
    9989 : 0008;
    9990 : 0059;
    9991 : 0062;
    9992 : 0022;
    9993 : FFF7;
    9994 : FFE9;
    9995 : FFC9;
    9996 : FFBE;
    9997 : FFEC;
    9998 : 0012;
    9999 : 0008;
    10000 : FFFE;
    10001 : FFFD;
    10002 : FFE5;
    10003 : FFCA;
    10004 : FFC2;
    10005 : FFB1;
    10006 : FFA7;
    10007 : FFDA;
    10008 : 0037;
    10009 : 0065;
    10010 : 0047;
    10011 : 001F;
    10012 : 0006;
    10013 : FFCE;
    10014 : FF94;
    10015 : FFB0;
    10016 : FFFC;
    10017 : 0024;
    10018 : 003B;
    10019 : 0039;
    10020 : 0003;
    10021 : FFE9;
    10022 : 0002;
    10023 : FFDF;
    10024 : FF98;
    10025 : FFA4;
    10026 : FFD1;
    10027 : FFE8;
    10028 : 0028;
    10029 : 004A;
    10030 : 0002;
    10031 : FFE0;
    10032 : 000B;
    10033 : FFDA;
    10034 : FF80;
    10035 : FFB7;
    10036 : 0041;
    10037 : 009F;
    10038 : 00C9;
    10039 : 0096;
    10040 : 002A;
    10041 : 0022;
    10042 : 0065;
    10043 : 005F;
    10044 : 001A;
    10045 : FFD2;
    10046 : FFB5;
    10047 : 0011;
    10048 : 0095;
    10049 : 00BF;
    10050 : 00EC;
    10051 : 014A;
    10052 : 0146;
    10053 : 00DB;
    10054 : 005B;
    10055 : FFB3;
    10056 : FF39;
    10057 : FF3C;
    10058 : FF52;
    10059 : FF69;
    10060 : FFA9;
    10061 : FFA7;
    10062 : FF77;
    10063 : FF86;
    10064 : FF55;
    10065 : FEDA;
    10066 : FEF2;
    10067 : FF5E;
    10068 : FF5C;
    10069 : FF32;
    10070 : FF00;
    10071 : FE95;
    10072 : FE75;
    10073 : FE9B;
    10074 : FE77;
    10075 : FE9C;
    10076 : FFA3;
    10077 : 00B0;
    10078 : 0105;
    10079 : 00D9;
    10080 : 0043;
    10081 : FF48;
    10082 : FE65;
    10083 : FE32;
    10084 : FEA9;
    10085 : FF2C;
    10086 : FF74;
    10087 : FFC7;
    10088 : FFD3;
    10089 : FF4A;
    10090 : FF0C;
    10091 : FF93;
    10092 : FFEA;
    10093 : FFB3;
    10094 : FF6C;
    10095 : FF0B;
    10096 : FEAA;
    10097 : FEF7;
    10098 : 0005;
    10099 : 0173;
    10100 : 0310;
    10101 : 0455;
    10102 : 04A7;
    10103 : 03E4;
    10104 : 0241;
    10105 : 005E;
    10106 : FEFE;
    10107 : FE45;
    10108 : FE17;
    10109 : FE95;
    10110 : FFBA;
    10111 : 0134;
    10112 : 022D;
    10113 : 01A3;
    10114 : 0003;
    10115 : FED2;
    10116 : FE94;
    10117 : FF0F;
    10118 : FFF5;
    10119 : 0094;
    10120 : 0135;
    10121 : 02D5;
    10122 : 040D;
    10123 : 02E6;
    10124 : 00B1;
    10125 : FF65;
    10126 : FF1B;
    10127 : 0028;
    10128 : 0229;
    10129 : 02B1;
    10130 : 0141;
    10131 : FFFF;
    10132 : FF7C;
    10133 : FEC6;
    10134 : FDD2;
    10135 : FD26;
    10136 : FD89;
    10137 : FF32;
    10138 : 0086;
    10139 : 008F;
    10140 : 00B1;
    10141 : 0174;
    10142 : 0173;
    10143 : 0003;
    10144 : FDC7;
    10145 : FC1F;
    10146 : FCD8;
    10147 : 002D;
    10148 : 0425;
    10149 : 06A9;
    10150 : 06EF;
    10151 : 05B1;
    10152 : 0417;
    10153 : 01D8;
    10154 : FED5;
    10155 : FCC0;
    10156 : FC0A;
    10157 : FB6C;
    10158 : FBB2;
    10159 : FDF1;
    10160 : 005C;
    10161 : 01CB;
    10162 : 0324;
    10163 : 03CE;
    10164 : 0286;
    10165 : FFE4;
    10166 : FCC4;
    10167 : FA24;
    10168 : F9C0;
    10169 : FB7E;
    10170 : FDA4;
    10171 : 0025;
    10172 : 033B;
    10173 : 050D;
    10174 : 0455;
    10175 : 0255;
    10176 : 00C2;
    10177 : 0024;
    10178 : 0020;
    10179 : FFF5;
    10180 : FF59;
    10181 : FF30;
    10182 : 0082;
    10183 : 0271;
    10184 : 02D1;
    10185 : 0161;
    10186 : FFD8;
    10187 : FEDD;
    10188 : FE52;
    10189 : FEF3;
    10190 : 0060;
    10191 : 00CF;
    10192 : 0035;
    10193 : FFB8;
    10194 : FF30;
    10195 : FEB7;
    10196 : FFAA;
    10197 : 0253;
    10198 : 0549;
    10199 : 06F2;
    10200 : 06CB;
    10201 : 05FB;
    10202 : 0584;
    10203 : 0428;
    10204 : 00C8;
    10205 : FCC6;
    10206 : F9BF;
    10207 : F85B;
    10208 : F9A1;
    10209 : FD9E;
    10210 : 021C;
    10211 : 0584;
    10212 : 0812;
    10213 : 08ED;
    10214 : 0648;
    10215 : 0168;
    10216 : FE19;
    10217 : FDAC;
    10218 : FECB;
    10219 : 014A;
    10220 : 04A4;
    10221 : 057C;
    10222 : 028F;
    10223 : FF75;
    10224 : FE49;
    10225 : FD82;
    10226 : FD39;
    10227 : FE96;
    10228 : 0006;
    10229 : 0028;
    10230 : 002A;
    10231 : 0051;
    10232 : FFAA;
    10233 : FECB;
    10234 : FEBD;
    10235 : FF42;
    10236 : FFDE;
    10237 : 0057;
    10238 : 0071;
    10239 : 000E;
    10240 : FF11;
    10241 : FDDA;
    10242 : FD92;
    10243 : FE3E;
    10244 : FE7B;
    10245 : FEAC;
    10246 : 00CE;
    10247 : 0439;
    10248 : 05BD;
    10249 : 0470;
    10250 : 0297;
    10251 : 0208;
    10252 : 028A;
    10253 : 0303;
    10254 : 0257;
    10255 : 0093;
    10256 : FFE1;
    10257 : 020D;
    10258 : 05C7;
    10259 : 08B5;
    10260 : 0A27;
    10261 : 0A2E;
    10262 : 093D;
    10263 : 088A;
    10264 : 080F;
    10265 : 06D2;
    10266 : 061D;
    10267 : 0731;
    10268 : 072B;
    10269 : 03AD;
    10270 : FFB0;
    10271 : FE5A;
    10272 : FEDF;
    10273 : 00BB;
    10274 : 0478;
    10275 : 07BA;
    10276 : 07BE;
    10277 : 05DA;
    10278 : 0414;
    10279 : 01C6;
    10280 : FEF1;
    10281 : FCE7;
    10282 : FAB1;
    10283 : F73C;
    10284 : F593;
    10285 : F8AE;
    10286 : FDF9;
    10287 : 00E1;
    10288 : 00A3;
    10289 : FF59;
    10290 : FE51;
    10291 : FDA7;
    10292 : FDAC;
    10293 : FE8A;
    10294 : FF22;
    10295 : FE98;
    10296 : FE6B;
    10297 : FFD3;
    10298 : 00FB;
    10299 : 00CE;
    10300 : 0145;
    10301 : 025D;
    10302 : 01A5;
    10303 : 0045;
    10304 : 003E;
    10305 : FE0A;
    10306 : F827;
    10307 : F60F;
    10308 : FBE9;
    10309 : 0201;
    10310 : 029E;
    10311 : 028E;
    10312 : 04BD;
    10313 : 044D;
    10314 : FF3C;
    10315 : FA0A;
    10316 : F874;
    10317 : FACD;
    10318 : FF58;
    10319 : 0311;
    10320 : 0572;
    10321 : 08D8;
    10322 : 0C35;
    10323 : 0C22;
    10324 : 0AA5;
    10325 : 0B73;
    10326 : 0BFC;
    10327 : 0988;
    10328 : 0779;
    10329 : 0762;
    10330 : 0550;
    10331 : 003B;
    10332 : FB76;
    10333 : F874;
    10334 : F79F;
    10335 : FA47;
    10336 : FECC;
    10337 : 01DC;
    10338 : 035E;
    10339 : 03CB;
    10340 : 0241;
    10341 : 010E;
    10342 : 0370;
    10343 : 06C8;
    10344 : 076B;
    10345 : 07BD;
    10346 : 0AFE;
    10347 : 0FF6;
    10348 : 145E;
    10349 : 1698;
    10350 : 156F;
    10351 : 124B;
    10352 : 0E73;
    10353 : 0796;
    10354 : FEDA;
    10355 : FB9C;
    10356 : FF2C;
    10357 : 0230;
    10358 : 01B8;
    10359 : FFFA;
    10360 : FBB7;
    10361 : F650;
    10362 : F6F5;
    10363 : FC05;
    10364 : FAEA;
    10365 : F2F8;
    10366 : EAE5;
    10367 : E0C2;
    10368 : D311;
    10369 : CC40;
    10370 : D196;
    10371 : D96C;
    10372 : DD75;
    10373 : E104;
    10374 : E3BA;
    10375 : E2FC;
    10376 : E277;
    10377 : E416;
    10378 : E3A0;
    10379 : E0DB;
    10380 : DEF2;
    10381 : DC23;
    10382 : D7AF;
    10383 : D656;
    10384 : D855;
    10385 : D907;
    10386 : DA16;
    10387 : DF7F;
    10388 : E5D1;
    10389 : E8BA;
    10390 : E92C;
    10391 : E768;
    10392 : E3A1;
    10393 : E2D4;
    10394 : E7B5;
    10395 : EE47;
    10396 : F3D2;
    10397 : F7BE;
    10398 : F68E;
    10399 : F09C;
    10400 : EDA9;
    10401 : F0A3;
    10402 : F425;
    10403 : F607;
    10404 : F80A;
    10405 : F7EB;
    10406 : F448;
    10407 : F1F4;
    10408 : F3EF;
    10409 : F844;
    10410 : FE5C;
    10411 : 0567;
    10412 : 09A6;
    10413 : 0B9D;
    10414 : 0FD6;
    10415 : 1542;
    10416 : 1868;
    10417 : 1B82;
    10418 : 2085;
    10419 : 2472;
    10420 : 2620;
    10421 : 2636;
    10422 : 22F2;
    10423 : 1ECE;
    10424 : 2149;
    10425 : 2976;
    10426 : 2EE9;
    10427 : 316C;
    10428 : 356B;
    10429 : 36BF;
    10430 : 321A;
    10431 : 2FB0;
    10432 : 34C0;
    10433 : 3A7B;
    10434 : 3CBA;
    10435 : 3FB1;
    10436 : 43A0;
    10437 : 4380;
    10438 : 3ED9;
    10439 : 3953;
    10440 : 353D;
    10441 : 3435;
    10442 : 369B;
    10443 : 39AB;
    10444 : 3B8E;
    10445 : 3CA3;
    10446 : 3AB5;
    10447 : 33E5;
    10448 : 2D19;
    10449 : 2BE7;
    10450 : 2E40;
    10451 : 2F87;
    10452 : 2FE0;
    10453 : 3143;
    10454 : 32D3;
    10455 : 330B;
    10456 : 32CE;
    10457 : 337F;
    10458 : 346A;
    10459 : 33B5;
    10460 : 3066;
    10461 : 2BF8;
    10462 : 290E;
    10463 : 2669;
    10464 : 2043;
    10465 : 1885;
    10466 : 1510;
    10467 : 1691;
    10468 : 1901;
    10469 : 18CE;
    10470 : 13EA;
    10471 : 0BA2;
    10472 : 04A4;
    10473 : 01D6;
    10474 : 023F;
    10475 : 03D9;
    10476 : 050C;
    10477 : 03B1;
    10478 : FD9B;
    10479 : F483;
    10480 : EE26;
    10481 : ECD9;
    10482 : EDA3;
    10483 : EF08;
    10484 : F214;
    10485 : F606;
    10486 : F81B;
    10487 : F619;
    10488 : F0C6;
    10489 : EB24;
    10490 : E4CF;
    10491 : DAC3;
    10492 : D068;
    10493 : CE61;
    10494 : D59E;
    10495 : DD37;
    10496 : DFA0;
    10497 : E081;
    10498 : E25C;
    10499 : E140;
    10500 : DBCA;
    10501 : D6C4;
    10502 : D4C3;
    10503 : D2E9;
    10504 : CFA0;
    10505 : CDD9;
    10506 : CF33;
    10507 : D009;
    10508 : CD75;
    10509 : CA7C;
    10510 : CAE9;
    10511 : CCCC;
    10512 : CB2A;
    10513 : C66D;
    10514 : C4C4;
    10515 : C7C2;
    10516 : C9F7;
    10517 : C803;
    10518 : C35E;
    10519 : BF80;
    10520 : BF8F;
    10521 : C228;
    10522 : C4AC;
    10523 : C88B;
    10524 : CCE9;
    10525 : CED1;
    10526 : D0EE;
    10527 : D55F;
    10528 : D98D;
    10529 : DBC5;
    10530 : DA3B;
    10531 : D52A;
    10532 : D1A8;
    10533 : D138;
    10534 : D2FE;
    10535 : D8AE;
    10536 : DFED;
    10537 : E685;
    10538 : ED6D;
    10539 : EF1C;
    10540 : EA12;
    10541 : E7A7;
    10542 : E7D0;
    10543 : E3DC;
    10544 : DED7;
    10545 : DCCE;
    10546 : DF8E;
    10547 : E8BE;
    10548 : F0D9;
    10549 : F158;
    10550 : EFA8;
    10551 : EF23;
    10552 : EF1B;
    10553 : F2AA;
    10554 : FA05;
    10555 : 0145;
    10556 : 04F1;
    10557 : 036B;
    10558 : 0109;
    10559 : 01A8;
    10560 : 019B;
    10561 : FFB2;
    10562 : FFF2;
    10563 : 047F;
    10564 : 0D4D;
    10565 : 165F;
    10566 : 1B51;
    10567 : 1E83;
    10568 : 211F;
    10569 : 1F8D;
    10570 : 1A8B;
    10571 : 160B;
    10572 : 145D;
    10573 : 1558;
    10574 : 1682;
    10575 : 1872;
    10576 : 1B6C;
    10577 : 1A24;
    10578 : 1648;
    10579 : 181F;
    10580 : 1E6B;
    10581 : 22FF;
    10582 : 22E6;
    10583 : 1D74;
    10584 : 1777;
    10585 : 14B9;
    10586 : 142F;
    10587 : 183D;
    10588 : 1F3B;
    10589 : 2229;
    10590 : 223F;
    10591 : 1FB0;
    10592 : 16B8;
    10593 : 0D88;
    10594 : 08EE;
    10595 : 082B;
    10596 : 0F35;
    10597 : 185D;
    10598 : 1B08;
    10599 : 1EFA;
    10600 : 2360;
    10601 : 1D8C;
    10602 : 1601;
    10603 : 13C2;
    10604 : 0F1A;
    10605 : 0A90;
    10606 : 0B94;
    10607 : 1032;
    10608 : 16FB;
    10609 : 16E0;
    10610 : 0C71;
    10611 : 06C2;
    10612 : 0792;
    10613 : 0418;
    10614 : 00A2;
    10615 : FF63;
    10616 : FB72;
    10617 : F950;
    10618 : F920;
    10619 : F890;
    10620 : FE48;
    10621 : 0636;
    10622 : 07BE;
    10623 : 08CE;
    10624 : 0A84;
    10625 : 06D0;
    10626 : 00FD;
    10627 : FC02;
    10628 : F866;
    10629 : F8B8;
    10630 : F891;
    10631 : F546;
    10632 : F374;
    10633 : F1A3;
    10634 : EF08;
    10635 : F078;
    10636 : F405;
    10637 : F6F0;
    10638 : FA6D;
    10639 : FBD4;
    10640 : FBA6;
    10641 : FD5B;
    10642 : FDA2;
    10643 : FA9D;
    10644 : F72E;
    10645 : F365;
    10646 : EE4A;
    10647 : E835;
    10648 : E5DF;
    10649 : ED90;
    10650 : F83C;
    10651 : FB2C;
    10652 : FB51;
    10653 : FDE3;
    10654 : FD6E;
    10655 : F7C5;
    10656 : F000;
    10657 : EA16;
    10658 : E7F1;
    10659 : E5A2;
    10660 : E289;
    10661 : E2E5;
    10662 : E579;
    10663 : E798;
    10664 : E73B;
    10665 : E4FC;
    10666 : EA83;
    10667 : F5F6;
    10668 : F995;
    10669 : FC03;
    10670 : 0059;
    10671 : F447;
    10672 : E16F;
    10673 : DE30;
    10674 : DDBD;
    10675 : DA1F;
    10676 : E0CA;
    10677 : E71C;
    10678 : E57E;
    10679 : EA28;
    10680 : F01B;
    10681 : EA3B;
    10682 : DF66;
    10683 : D72C;
    10684 : D25F;
    10685 : D19D;
    10686 : D521;
    10687 : DF0F;
    10688 : E9C9;
    10689 : ED10;
    10690 : EF4C;
    10691 : F324;
    10692 : F2AA;
    10693 : F313;
    10694 : F289;
    10695 : E660;
    10696 : D82D;
    10697 : D21A;
    10698 : CE2E;
    10699 : CFCC;
    10700 : DEC0;
    10701 : F590;
    10702 : 06E5;
    10703 : 0398;
    10704 : EE7C;
    10705 : DDE7;
    10706 : D588;
    10707 : CA5D;
    10708 : C3BB;
    10709 : CEB3;
    10710 : E98C;
    10711 : 048B;
    10712 : 0F91;
    10713 : 1046;
    10714 : 111E;
    10715 : 08E4;
    10716 : F884;
    10717 : EE3D;
    10718 : E588;
    10719 : DC8C;
    10720 : DF6F;
    10721 : EA28;
    10722 : F655;
    10723 : 07F1;
    10724 : 1392;
    10725 : 0E10;
    10726 : 04BB;
    10727 : 029C;
    10728 : 01FA;
    10729 : FF1C;
    10730 : FCDB;
    10731 : F981;
    10732 : F1B7;
    10733 : EF2D;
    10734 : FACC;
    10735 : 0715;
    10736 : 0A2E;
    10737 : 0C5C;
    10738 : 0B43;
    10739 : 0335;
    10740 : FFDF;
    10741 : 01A6;
    10742 : 0256;
    10743 : 0790;
    10744 : 0FCD;
    10745 : 1650;
    10746 : 1C59;
    10747 : 19FB;
    10748 : 1044;
    10749 : 0D9A;
    10750 : 0D27;
    10751 : 08E4;
    10752 : 09B5;
    10753 : 0B2D;
    10754 : 0B2D;
    10755 : 15A3;
    10756 : 2262;
    10757 : 24F2;
    10758 : 24F5;
    10759 : 2429;
    10760 : 2089;
    10761 : 1FA7;
    10762 : 1BF7;
    10763 : 10E9;
    10764 : 0B15;
    10765 : 1403;
    10766 : 27C1;
    10767 : 3A59;
    10768 : 4504;
    10769 : 4CF0;
    10770 : 4A49;
    10771 : 3005;
    10772 : 1301;
    10773 : 0B67;
    10774 : 1089;
    10775 : 18BE;
    10776 : 237E;
    10777 : 2CC7;
    10778 : 3538;
    10779 : 3854;
    10780 : 30BE;
    10781 : 2B2B;
    10782 : 2A43;
    10783 : 21FC;
    10784 : 19D8;
    10785 : 17D7;
    10786 : 107B;
    10787 : 0816;
    10788 : 0A1C;
    10789 : 10D3;
    10790 : 151B;
    10791 : 160F;
    10792 : 14DD;
    10793 : 129E;
    10794 : 0C1B;
    10795 : 05FC;
    10796 : 07DF;
    10797 : 0874;
    10798 : 043D;
    10799 : 0440;
    10800 : 004C;
    10801 : F4AE;
    10802 : F31B;
    10803 : F9F3;
    10804 : F8E9;
    10805 : F3ED;
    10806 : F2E3;
    10807 : F3D3;
    10808 : F5DE;
    10809 : F8CC;
    10810 : FD50;
    10811 : 0389;
    10812 : 0721;
    10813 : 073D;
    10814 : 04F9;
    10815 : FEA4;
    10816 : F573;
    10817 : EB03;
    10818 : E440;
    10819 : E9B4;
    10820 : F449;
    10821 : F8F2;
    10822 : FD35;
    10823 : FEFE;
    10824 : F56D;
    10825 : EBBE;
    10826 : EBBF;
    10827 : F095;
    10828 : F990;
    10829 : 0209;
    10830 : 026D;
    10831 : FF73;
    10832 : F9C8;
    10833 : EDB0;
    10834 : E327;
    10835 : DE90;
    10836 : DC4F;
    10837 : DC06;
    10838 : DA73;
    10839 : D69E;
    10840 : D715;
    10841 : DD2B;
    10842 : E5FE;
    10843 : EC7B;
    10844 : EAD3;
    10845 : E740;
    10846 : E575;
    10847 : DE03;
    10848 : D918;
    10849 : DF3B;
    10850 : E24F;
    10851 : DFCF;
    10852 : E304;
    10853 : E8E6;
    10854 : F03D;
    10855 : FAFA;
    10856 : FF17;
    10857 : FB6E;
    10858 : F814;
    10859 : F4EF;
    10860 : F3AE;
    10861 : F550;
    10862 : F655;
    10863 : F9D9;
    10864 : FD75;
    10865 : FB86;
    10866 : FBFC;
    10867 : FEFB;
    10868 : FCFD;
    10869 : FE7F;
    10870 : 0537;
    10871 : 07A3;
    10872 : 0C21;
    10873 : 1673;
    10874 : 1E6C;
    10875 : 2667;
    10876 : 2F57;
    10877 : 3193;
    10878 : 2E0D;
    10879 : 27CC;
    10880 : 1DE8;
    10881 : 10D5;
    10882 : 0272;
    10883 : FA5F;
    10884 : FA47;
    10885 : FC01;
    10886 : 0A1B;
    10887 : 24C7;
    10888 : 2CF2;
    10889 : 218D;
    10890 : 1E82;
    10891 : 1F9D;
    10892 : 1D2C;
    10893 : 20FD;
    10894 : 20E7;
    10895 : 187D;
    10896 : 19C3;
    10897 : 2192;
    10898 : 2458;
    10899 : 278B;
    10900 : 2C7A;
    10901 : 322B;
    10902 : 3459;
    10903 : 2442;
    10904 : 0C3B;
    10905 : 065A;
    10906 : 0C61;
    10907 : 138C;
    10908 : 2596;
    10909 : 3ACE;
    10910 : 3E97;
    10911 : 3366;
    10912 : 2892;
    10913 : 23B4;
    10914 : 20CD;
    10915 : 1D02;
    10916 : 1A60;
    10917 : 18CE;
    10918 : 196F;
    10919 : 205B;
    10920 : 27D9;
    10921 : 2965;
    10922 : 2AD9;
    10923 : 2E39;
    10924 : 2DC0;
    10925 : 27FA;
    10926 : 1EC2;
    10927 : 17D3;
    10928 : 176B;
    10929 : 17CF;
    10930 : 17A5;
    10931 : 1BC2;
    10932 : 200C;
    10933 : 218B;
    10934 : 2401;
    10935 : 2658;
    10936 : 26B8;
    10937 : 250C;
    10938 : 214C;
    10939 : 1F4F;
    10940 : 1E05;
    10941 : 1B2A;
    10942 : 1DC8;
    10943 : 23A9;
    10944 : 249E;
    10945 : 2656;
    10946 : 2802;
    10947 : 24B1;
    10948 : 2700;
    10949 : 296A;
    10950 : 1BB6;
    10951 : 0DF3;
    10952 : 0EAB;
    10953 : 1179;
    10954 : 14CB;
    10955 : 1B4C;
    10956 : 1BBA;
    10957 : 17D1;
    10958 : 1445;
    10959 : 0EF3;
    10960 : 0D06;
    10961 : 0E69;
    10962 : 0D2A;
    10963 : 0DE1;
    10964 : 0FED;
    10965 : 0C4C;
    10966 : 05D7;
    10967 : FFF2;
    10968 : FE53;
    10969 : 0338;
    10970 : 02F4;
    10971 : FCDC;
    10972 : 0046;
    10973 : 084F;
    10974 : 0961;
    10975 : 06DE;
    10976 : FF71;
    10977 : F48A;
    10978 : F0CE;
    10979 : F219;
    10980 : F568;
    10981 : FDB1;
    10982 : 02C6;
    10983 : 036D;
    10984 : 0850;
    10985 : 0AB5;
    10986 : 05F1;
    10987 : 031A;
    10988 : 023B;
    10989 : FE59;
    10990 : F7A8;
    10991 : EEC6;
    10992 : E69A;
    10993 : DF5B;
    10994 : D971;
    10995 : DC3D;
    10996 : E39D;
    10997 : E6EE;
    10998 : EDFF;
    10999 : F883;
    11000 : FC1D;
    11001 : FCE2;
    11002 : F97F;
    11003 : EC0C;
    11004 : E1D3;
    11005 : DFB1;
    11006 : DC30;
    11007 : DB96;
    11008 : DF1D;
    11009 : DE1B;
    11010 : D986;
    11011 : D47B;
    11012 : D5EA;
    11013 : E4D0;
    11014 : F1D3;
    11015 : F2D9;
    11016 : F26C;
    11017 : EB39;
    11018 : DA3E;
    11019 : D477;
    11020 : DBD8;
    11021 : E307;
    11022 : ECFB;
    11023 : F848;
    11024 : 0047;
    11025 : 0C0D;
    11026 : 1502;
    11027 : 0C42;
    11028 : F990;
    11029 : EE0E;
    11030 : ECB0;
    11031 : ED68;
    11032 : EEE4;
    11033 : FBA0;
    11034 : 10EA;
    11035 : 1ABA;
    11036 : 1358;
    11037 : 057A;
    11038 : FA11;
    11039 : F5BB;
    11040 : F618;
    11041 : F8AA;
    11042 : 0011;
    11043 : 0702;
    11044 : 092A;
    11045 : 0BFD;
    11046 : 0C26;
    11047 : 063F;
    11048 : 0107;
    11049 : F954;
    11050 : ED2C;
    11051 : E5CD;
    11052 : DFC1;
    11053 : D8DD;
    11054 : DC08;
    11055 : E3C8;
    11056 : E979;
    11057 : F84A;
    11058 : 0A3F;
    11059 : 0FCE;
    11060 : 1086;
    11061 : 12AD;
    11062 : 0FDB;
    11063 : 0A6A;
    11064 : 050E;
    11065 : FBC8;
    11066 : F298;
    11067 : F256;
    11068 : FA80;
    11069 : 021B;
    11070 : 0634;
    11071 : 0CF8;
    11072 : 1435;
    11073 : 1334;
    11074 : 0CC5;
    11075 : 0682;
    11076 : 0121;
    11077 : FF9D;
    11078 : FEBC;
    11079 : F917;
    11080 : F66E;
    11081 : FB94;
    11082 : 010D;
    11083 : 0326;
    11084 : 0208;
    11085 : FEC6;
    11086 : FDA2;
    11087 : FD79;
    11088 : FA85;
    11089 : F3ED;
    11090 : E802;
    11091 : DD29;
    11092 : DBE6;
    11093 : DDA2;
    11094 : DEFD;
    11095 : E68C;
    11096 : F16C;
    11097 : FCE3;
    11098 : 06BF;
    11099 : 02D6;
    11100 : F640;
    11101 : EF46;
    11102 : E455;
    11103 : D6C7;
    11104 : DA82;
    11105 : E695;
    11106 : EC8F;
    11107 : F442;
    11108 : FA47;
    11109 : F956;
    11110 : FACC;
    11111 : FA4A;
    11112 : F2A1;
    11113 : EE62;
    11114 : EC85;
    11115 : E82F;
    11116 : E6E0;
    11117 : E6D5;
    11118 : E87A;
    11119 : F14C;
    11120 : F845;
    11121 : F746;
    11122 : F3D1;
    11123 : ECEA;
    11124 : E501;
    11125 : E235;
    11126 : E02A;
    11127 : DE2C;
    11128 : DF0C;
    11129 : DF3E;
    11130 : E13E;
    11131 : E68B;
    11132 : E9E3;
    11133 : ECE6;
    11134 : EBAC;
    11135 : E1C6;
    11136 : E042;
    11137 : EAD7;
    11138 : ED4B;
    11139 : EA76;
    11140 : EDC5;
    11141 : E9FB;
    11142 : D892;
    11143 : C78E;
    11144 : C2CB;
    11145 : CC45;
    11146 : DAB3;
    11147 : E64D;
    11148 : F40E;
    11149 : 00E6;
    11150 : 0122;
    11151 : F839;
    11152 : F034;
    11153 : EAB3;
    11154 : E675;
    11155 : E2F9;
    11156 : E135;
    11157 : E178;
    11158 : E4D1;
    11159 : F151;
    11160 : 02C7;
    11161 : 0A7F;
    11162 : 0A14;
    11163 : 08F0;
    11164 : 01F8;
    11165 : F9A0;
    11166 : FA9D;
    11167 : FF5D;
    11168 : 02A4;
    11169 : 073B;
    11170 : 0AD7;
    11171 : 0DE2;
    11172 : 1325;
    11173 : 1585;
    11174 : 138A;
    11175 : 1327;
    11176 : 155F;
    11177 : 16E7;
    11178 : 177A;
    11179 : 19CD;
    11180 : 1E43;
    11181 : 2284;
    11182 : 2772;
    11183 : 2BEF;
    11184 : 2B26;
    11185 : 295A;
    11186 : 2B49;
    11187 : 2B03;
    11188 : 2959;
    11189 : 2B7B;
    11190 : 2BA5;
    11191 : 28AA;
    11192 : 2856;
    11193 : 2862;
    11194 : 28A0;
    11195 : 2D1D;
    11196 : 32D6;
    11197 : 3781;
    11198 : 3B31;
    11199 : 3BB0;
    11200 : 3A94;
    11201 : 3910;
    11202 : 3712;
    11203 : 3887;
    11204 : 39C9;
    11205 : 35DB;
    11206 : 3489;
    11207 : 3660;
    11208 : 3433;
    11209 : 3360;
    11210 : 34B5;
    11211 : 31D6;
    11212 : 323F;
    11213 : 3849;
    11214 : 390A;
    11215 : 358D;
    11216 : 3304;
    11217 : 2FAB;
    11218 : 2F61;
    11219 : 33EA;
    11220 : 373D;
    11221 : 37C6;
    11222 : 360D;
    11223 : 328B;
    11224 : 2FFE;
    11225 : 2DF8;
    11226 : 2C62;
    11227 : 2B0F;
    11228 : 264A;
    11229 : 2324;
    11230 : 26D4;
    11231 : 282B;
    11232 : 24E9;
    11233 : 22FB;
    11234 : 1EE2;
    11235 : 1B22;
    11236 : 1CB0;
    11237 : 1AFA;
    11238 : 1804;
    11239 : 1D0E;
    11240 : 2148;
    11241 : 21A2;
    11242 : 2602;
    11243 : 2880;
    11244 : 25E7;
    11245 : 240E;
    11246 : 1F8B;
    11247 : 1969;
    11248 : 17EF;
    11249 : 154A;
    11250 : 0F05;
    11251 : 0B5E;
    11252 : 0ABD;
    11253 : 0C8A;
    11254 : 0F30;
    11255 : 0EC3;
    11256 : 0DD2;
    11257 : 0C54;
    11258 : 0741;
    11259 : 0416;
    11260 : 0245;
    11261 : FB82;
    11262 : F5AB;
    11263 : F3F8;
    11264 : F1A6;
    11265 : F0CF;
    11266 : F07C;
    11267 : ECF7;
    11268 : EB54;
    11269 : EA8E;
    11270 : E54F;
    11271 : E145;
    11272 : E0C6;
    11273 : DE49;
    11274 : D995;
    11275 : D52F;
    11276 : D3DA;
    11277 : D519;
    11278 : D267;
    11279 : CEC0;
    11280 : D12D;
    11281 : D20B;
    11282 : CD82;
    11283 : CB7E;
    11284 : CAD4;
    11285 : C82C;
    11286 : C747;
    11287 : C683;
    11288 : C41B;
    11289 : C3B3;
    11290 : C43C;
    11291 : C378;
    11292 : C2B2;
    11293 : C26C;
    11294 : C357;
    11295 : C3F3;
    11296 : C172;
    11297 : BE16;
    11298 : BAF1;
    11299 : B726;
    11300 : B612;
    11301 : B6FC;
    11302 : B73C;
    11303 : BA23;
    11304 : BBF2;
    11305 : B6EF;
    11306 : B395;
    11307 : B561;
    11308 : B43B;
    11309 : B284;
    11310 : B54B;
    11311 : B7F6;
    11312 : B954;
    11313 : BAE3;
    11314 : BBA0;
    11315 : BD6B;
    11316 : BEE5;
    11317 : BD6C;
    11318 : BD62;
    11319 : BD95;
    11320 : B953;
    11321 : B7DC;
    11322 : BD09;
    11323 : C0A3;
    11324 : C0A7;
    11325 : C10D;
    11326 : C272;
    11327 : C3A2;
    11328 : C1A2;
    11329 : BE1F;
    11330 : BF9C;
    11331 : C3A2;
    11332 : C5BA;
    11333 : C960;
    11334 : CE22;
    11335 : D183;
    11336 : D581;
    11337 : D7D4;
    11338 : D78E;
    11339 : D976;
    11340 : DC74;
    11341 : DE21;
    11342 : DEE1;
    11343 : DC21;
    11344 : D98E;
    11345 : DD60;
    11346 : E218;
    11347 : E388;
    11348 : E4B0;
    11349 : E493;
    11350 : E348;
    11351 : E33F;
    11352 : E484;
    11353 : E8BA;
    11354 : ED54;
    11355 : EE42;
    11356 : F05C;
    11357 : F3DB;
    11358 : F4E0;
    11359 : F8E0;
    11360 : FD3A;
    11361 : FA48;
    11362 : F88B;
    11363 : FA6B;
    11364 : F729;
    11365 : F521;
    11366 : F974;
    11367 : FBCC;
    11368 : FCBF;
    11369 : FFC0;
    11370 : 0151;
    11371 : 030E;
    11372 : 05E9;
    11373 : 0648;
    11374 : 0658;
    11375 : 0862;
    11376 : 09D3;
    11377 : 0955;
    11378 : 07F8;
    11379 : 080C;
    11380 : 08F7;
    11381 : 07AC;
    11382 : 067A;
    11383 : 07AA;
    11384 : 091D;
    11385 : 0B12;
    11386 : 0C70;
    11387 : 0B35;
    11388 : 0A85;
    11389 : 0A6C;
    11390 : 099E;
    11391 : 0BF3;
    11392 : 0FF8;
    11393 : 1247;
    11394 : 150F;
    11395 : 16CB;
    11396 : 16AC;
    11397 : 16A8;
    11398 : 11C1;
    11399 : 0A0A;
    11400 : 0976;
    11401 : 0BC0;
    11402 : 0B38;
    11403 : 0CD1;
    11404 : 0EE7;
    11405 : 0F22;
    11406 : 1255;
    11407 : 15D9;
    11408 : 140B;
    11409 : 0EFB;
    11410 : 0A5A;
    11411 : 083A;
    11412 : 07ED;
    11413 : 08A2;
    11414 : 0C95;
    11415 : 102B;
    11416 : 0E2D;
    11417 : 0ADD;
    11418 : 0899;
    11419 : 0654;
    11420 : 0785;
    11421 : 0916;
    11422 : 0549;
    11423 : 00C8;
    11424 : FE42;
    11425 : FBE8;
    11426 : FC92;
    11427 : FFC5;
    11428 : 030A;
    11429 : 0796;
    11430 : 099B;
    11431 : 069A;
    11432 : 0464;
    11433 : 038C;
    11434 : 00ED;
    11435 : FEED;
    11436 : FDC5;
    11437 : FD1F;
    11438 : 00DE;
    11439 : 0604;
    11440 : 0636;
    11441 : 050F;
    11442 : 0539;
    11443 : 01BF;
    11444 : FD32;
    11445 : FD76;
    11446 : FD34;
    11447 : F8CF;
    11448 : F5A0;
    11449 : F39A;
    11450 : F1BD;
    11451 : F4B5;
    11452 : F996;
    11453 : FA79;
    11454 : F9CF;
    11455 : F8D2;
    11456 : F7C6;
    11457 : F8FA;
    11458 : F810;
    11459 : F4B3;
    11460 : F6F3;
    11461 : FB1F;
    11462 : F9E2;
    11463 : F7E3;
    11464 : F657;
    11465 : F341;
    11466 : F4A4;
    11467 : FA1A;
    11468 : FAEE;
    11469 : F6F4;
    11470 : F434;
    11471 : F508;
    11472 : F849;
    11473 : FC06;
    11474 : FE7B;
    11475 : FE22;
    11476 : FCD1;
    11477 : FD7F;
    11478 : FD74;
    11479 : FBC2;
    11480 : FC73;
    11481 : FDF5;
    11482 : FFD3;
    11483 : 05FE;
    11484 : 09CC;
    11485 : 050C;
    11486 : FFD7;
    11487 : FE65;
    11488 : FD08;
    11489 : FB88;
    11490 : FA0B;
    11491 : FAFB;
    11492 : 0121;
    11493 : 055D;
    11494 : 0389;
    11495 : 01E4;
    11496 : 0068;
    11497 : FBE8;
    11498 : F90A;
    11499 : F9C2;
    11500 : F9FE;
    11501 : F8DA;
    11502 : F8C3;
    11503 : FAD5;
    11504 : FCD8;
    11505 : FCB3;
    11506 : FCEE;
    11507 : FF61;
    11508 : 006E;
    11509 : FD9C;
    11510 : F99E;
    11511 : F702;
    11512 : F56A;
    11513 : F4F1;
    11514 : F585;
    11515 : F544;
    11516 : F645;
    11517 : FBCA;
    11518 : 00D6;
    11519 : 01C0;
    11520 : 02D0;
    11521 : 03EA;
    11522 : 02EF;
    11523 : 02B4;
    11524 : 024C;
    11525 : FFEB;
    11526 : FE1A;
    11527 : FCA2;
    11528 : FCB9;
    11529 : 00A0;
    11530 : 0321;
    11531 : 031F;
    11532 : 04EC;
    11533 : 0552;
    11534 : 036F;
    11535 : 021C;
    11536 : FD25;
    11537 : F73B;
    11538 : F926;
    11539 : FE9E;
    11540 : 01DE;
    11541 : 0492;
    11542 : 04E1;
    11543 : 02F0;
    11544 : 029D;
    11545 : 0245;
    11546 : 00A0;
    11547 : FECF;
    11548 : FC3A;
    11549 : FADF;
    11550 : FBB7;
    11551 : FBDD;
    11552 : FB93;
    11553 : FBC4;
    11554 : FC30;
    11555 : FF0A;
    11556 : 0326;
    11557 : 0475;
    11558 : 040E;
    11559 : 0404;
    11560 : 02B0;
    11561 : FED6;
    11562 : FB55;
    11563 : FCBB;
    11564 : 015F;
    11565 : 045D;
    11566 : 079D;
    11567 : 0C37;
    11568 : 0D29;
    11569 : 0A26;
    11570 : 05EE;
    11571 : 016D;
    11572 : 003F;
    11573 : 0217;
    11574 : 016A;
    11575 : 0055;
    11576 : 0379;
    11577 : 072E;
    11578 : 0778;
    11579 : 0642;
    11580 : 06CD;
    11581 : 08BA;
    11582 : 08FA;
    11583 : 08CC;
    11584 : 0AEA;
    11585 : 0BC5;
    11586 : 09C7;
    11587 : 0981;
    11588 : 0B0C;
    11589 : 0BB3;
    11590 : 0D2A;
    11591 : 1095;
    11592 : 13C5;
    11593 : 147B;
    11594 : 1266;
    11595 : 1039;
    11596 : 0FC5;
    11597 : 0F94;
    11598 : 1010;
    11599 : 1314;
    11600 : 164F;
    11601 : 1642;
    11602 : 140D;
    11603 : 12BE;
    11604 : 1183;
    11605 : 0E83;
    11606 : 0CD2;
    11607 : 0EED;
    11608 : 1152;
    11609 : 11C6;
    11610 : 11AE;
    11611 : 1110;
    11612 : 10E7;
    11613 : 12C1;
    11614 : 14E2;
    11615 : 1745;
    11616 : 1B58;
    11617 : 1D62;
    11618 : 1B08;
    11619 : 180A;
    11620 : 1597;
    11621 : 12CD;
    11622 : 1261;
    11623 : 1495;
    11624 : 160A;
    11625 : 1674;
    11626 : 1632;
    11627 : 143B;
    11628 : 11E9;
    11629 : 10DE;
    11630 : 1160;
    11631 : 1384;
    11632 : 14F1;
    11633 : 14C4;
    11634 : 15EE;
    11635 : 16C2;
    11636 : 14A4;
    11637 : 13EA;
    11638 : 14A8;
    11639 : 1273;
    11640 : 10AD;
    11641 : 11BC;
    11642 : 1257;
    11643 : 1375;
    11644 : 1426;
    11645 : 1186;
    11646 : 11A6;
    11647 : 1620;
    11648 : 16FE;
    11649 : 156E;
    11650 : 15A9;
    11651 : 13F5;
    11652 : 111A;
    11653 : 0FB4;
    11654 : 0C12;
    11655 : 083C;
    11656 : 0A41;
    11657 : 0FCB;
    11658 : 1438;
    11659 : 16D4;
    11660 : 17A2;
    11661 : 156B;
    11662 : 0ED4;
    11663 : 08A7;
    11664 : 098B;
    11665 : 0C15;
    11666 : 0A6D;
    11667 : 0B69;
    11668 : 0FA6;
    11669 : 0F32;
    11670 : 0CFE;
    11671 : 0D0D;
    11672 : 0B29;
    11673 : 096F;
    11674 : 0B12;
    11675 : 0B57;
    11676 : 0ADE;
    11677 : 0D19;
    11678 : 0E74;
    11679 : 0F25;
    11680 : 11E0;
    11681 : 1279;
    11682 : 10C1;
    11683 : 1168;
    11684 : 1202;
    11685 : 0F87;
    11686 : 0C96;
    11687 : 0B31;
    11688 : 0C00;
    11689 : 0E33;
    11690 : 0FC1;
    11691 : 11C9;
    11692 : 14B6;
    11693 : 15A4;
    11694 : 13D4;
    11695 : 1041;
    11696 : 0CF2;
    11697 : 0C9B;
    11698 : 0DCA;
    11699 : 0F03;
    11700 : 1081;
    11701 : 0EC0;
    11702 : 0BB2;
    11703 : 0D73;
    11704 : 0E8D;
    11705 : 0B9F;
    11706 : 0C5E;
    11707 : 0EB3;
    11708 : 0CDF;
    11709 : 0BBA;
    11710 : 0B93;
    11711 : 0A34;
    11712 : 0BCA;
    11713 : 0D8F;
    11714 : 0BDE;
    11715 : 0C44;
    11716 : 0E7D;
    11717 : 0E2B;
    11718 : 0D2A;
    11719 : 0BF3;
    11720 : 0A64;
    11721 : 0977;
    11722 : 072F;
    11723 : 06EF;
    11724 : 0C15;
    11725 : 0F3A;
    11726 : 0E8E;
    11727 : 0FDB;
    11728 : 1026;
    11729 : 0D73;
    11730 : 0C64;
    11731 : 0B49;
    11732 : 0813;
    11733 : 0632;
    11734 : 053F;
    11735 : 0397;
    11736 : 0302;
    11737 : 03B0;
    11738 : 04AF;
    11739 : 05BD;
    11740 : 067B;
    11741 : 0793;
    11742 : 08CC;
    11743 : 0905;
    11744 : 08D5;
    11745 : 07CA;
    11746 : 0531;
    11747 : 03CD;
    11748 : 0479;
    11749 : 0494;
    11750 : 04C0;
    11751 : 060B;
    11752 : 05DA;
    11753 : 04D4;
    11754 : 05AB;
    11755 : 0579;
    11756 : 0322;
    11757 : 0352;
    11758 : 053B;
    11759 : 057D;
    11760 : 06D3;
    11761 : 08CD;
    11762 : 07B6;
    11763 : 06BF;
    11764 : 0782;
    11765 : 0659;
    11766 : 04FD;
    11767 : 057B;
    11768 : 058E;
    11769 : 0695;
    11770 : 0929;
    11771 : 0955;
    11772 : 0720;
    11773 : 0552;
    11774 : 044B;
    11775 : 0422;
    11776 : 0482;
    11777 : 04EF;
    11778 : 0505;
    11779 : 0359;
    11780 : 015E;
    11781 : 0234;
    11782 : 0508;
    11783 : 08CF;
    11784 : 0DB0;
    11785 : 1090;
    11786 : 0E4D;
    11787 : 08E8;
    11788 : 05F4;
    11789 : 06DE;
    11790 : 06CE;
    11791 : 06E5;
    11792 : 0BB8;
    11793 : 0DDB;
    11794 : 08B4;
    11795 : 05D6;
    11796 : 0647;
    11797 : 0456;
    11798 : 04E5;
    11799 : 0826;
    11800 : 06F6;
    11801 : 03FE;
    11802 : 0306;
    11803 : 025E;
    11804 : 03A4;
    11805 : 0673;
    11806 : 076A;
    11807 : 081A;
    11808 : 094F;
    11809 : 087F;
    11810 : 05D5;
    11811 : 02E3;
    11812 : 00D5;
    11813 : 0083;
    11814 : 01D4;
    11815 : 0527;
    11816 : 086E;
    11817 : 0744;
    11818 : 031C;
    11819 : 00C8;
    11820 : 0008;
    11821 : FF84;
    11822 : 00C9;
    11823 : 034E;
    11824 : 04B9;
    11825 : 0622;
    11826 : 083E;
    11827 : 076D;
    11828 : 0453;
    11829 : 0402;
    11830 : 044D;
    11831 : 02F7;
    11832 : 050D;
    11833 : 08AD;
    11834 : 07FD;
    11835 : 064C;
    11836 : 054B;
    11837 : 038E;
    11838 : 04A8;
    11839 : 05EC;
    11840 : 0211;
    11841 : FEE1;
    11842 : FF83;
    11843 : 0036;
    11844 : 021C;
    11845 : 04CA;
    11846 : 05B0;
    11847 : 0759;
    11848 : 0905;
    11849 : 081D;
    11850 : 07AB;
    11851 : 07F3;
    11852 : 073B;
    11853 : 075C;
    11854 : 0714;
    11855 : 0508;
    11856 : 04B8;
    11857 : 062E;
    11858 : 06D2;
    11859 : 074A;
    11860 : 07A9;
    11861 : 0731;
    11862 : 0694;
    11863 : 0538;
    11864 : 02C7;
    11865 : 01DC;
    11866 : 0350;
    11867 : 0411;
    11868 : 03CD;
    11869 : 0542;
    11870 : 05F5;
    11871 : 039F;
    11872 : 0390;
    11873 : 05C2;
    11874 : 0426;
    11875 : 01DE;
    11876 : 01EE;
    11877 : FFD3;
    11878 : FE83;
    11879 : 01E9;
    11880 : 036A;
    11881 : 0122;
    11882 : FFB5;
    11883 : FE67;
    11884 : FD0B;
    11885 : FDB7;
    11886 : FEAF;
    11887 : FF98;
    11888 : 0202;
    11889 : 044A;
    11890 : 0598;
    11891 : 0764;
    11892 : 08B8;
    11893 : 0794;
    11894 : 05E5;
    11895 : 06B6;
    11896 : 0807;
    11897 : 0745;
    11898 : 068C;
    11899 : 06FB;
    11900 : 089E;
    11901 : 0C5C;
    11902 : 0DCA;
    11903 : 0A40;
    11904 : 07DF;
    11905 : 0792;
    11906 : 0554;
    11907 : 0465;
    11908 : 06EB;
    11909 : 0A59;
    11910 : 0E4A;
    11911 : 106C;
    11912 : 0F5E;
    11913 : 0EBA;
    11914 : 0E22;
    11915 : 0C31;
    11916 : 0B24;
    11917 : 0915;
    11918 : 04EA;
    11919 : 02A3;
    11920 : 0228;
    11921 : 025A;
    11922 : 0490;
    11923 : 0640;
    11924 : 05BF;
    11925 : 054F;
    11926 : 0524;
    11927 : 0546;
    11928 : 062F;
    11929 : 0633;
    11930 : 054D;
    11931 : 04F6;
    11932 : 0613;
    11933 : 0962;
    11934 : 0CEB;
    11935 : 0EDA;
    11936 : 108C;
    11937 : 11A6;
    11938 : 1167;
    11939 : 10BC;
    11940 : 0F11;
    11941 : 0DFD;
    11942 : 0F7F;
    11943 : 0FF6;
    11944 : 0DFE;
    11945 : 0C15;
    11946 : 09BF;
    11947 : 07FE;
    11948 : 07DE;
    11949 : 0674;
    11950 : 051F;
    11951 : 05B9;
    11952 : 0574;
    11953 : 06BA;
    11954 : 0A2E;
    11955 : 07A2;
    11956 : 00AC;
    11957 : FEC9;
    11958 : FFDA;
    11959 : FEC8;
    11960 : FD93;
    11961 : FC59;
    11962 : F981;
    11963 : F77B;
    11964 : F8C1;
    11965 : FB7D;
    11966 : FC33;
    11967 : FB68;
    11968 : FB3F;
    11969 : F9D8;
    11970 : F79B;
    11971 : F8D6;
    11972 : FB53;
    11973 : FA87;
    11974 : F8B8;
    11975 : F78A;
    11976 : F584;
    11977 : F477;
    11978 : F539;
    11979 : F590;
    11980 : F625;
    11981 : F7DE;
    11982 : F8E6;
    11983 : F9A2;
    11984 : FB53;
    11985 : FC60;
    11986 : FD21;
    11987 : FFB1;
    11988 : 0201;
    11989 : 01EC;
    11990 : 0102;
    11991 : FF21;
    11992 : FB7F;
    11993 : F8AF;
    11994 : F7E2;
    11995 : F83F;
    11996 : FA29;
    11997 : FC0A;
    11998 : FC08;
    11999 : FB98;
    12000 : FA1A;
    12001 : F615;
    12002 : F2EF;
    12003 : F2EF;
    12004 : F491;
    12005 : F721;
    12006 : F924;
    12007 : FA35;
    12008 : FD92;
    12009 : 0211;
    12010 : 0324;
    12011 : 0236;
    12012 : 0224;
    12013 : 0265;
    12014 : 034B;
    12015 : 0423;
    12016 : 029F;
    12017 : 007C;
    12018 : 0073;
    12019 : 01A2;
    12020 : 02FA;
    12021 : 041D;
    12022 : 043F;
    12023 : 03B9;
    12024 : 02F5;
    12025 : 01E4;
    12026 : 01F0;
    12027 : 0425;
    12028 : 077C;
    12029 : 0B1F;
    12030 : 0E3D;
    12031 : 0F1B;
    12032 : 0D94;
    12033 : 0BC5;
    12034 : 0ADD;
    12035 : 0A30;
    12036 : 0954;
    12037 : 0892;
    12038 : 07C6;
    12039 : 078E;
    12040 : 0936;
    12041 : 0B23;
    12042 : 0A7D;
    12043 : 08B9;
    12044 : 0842;
    12045 : 079C;
    12046 : 05FA;
    12047 : 0534;
    12048 : 0505;
    12049 : 0457;
    12050 : 0453;
    12051 : 0596;
    12052 : 073C;
    12053 : 08B0;
    12054 : 0945;
    12055 : 08B6;
    12056 : 07D0;
    12057 : 06EF;
    12058 : 0634;
    12059 : 066B;
    12060 : 0731;
    12061 : 0742;
    12062 : 0729;
    12063 : 07DC;
    12064 : 084E;
    12065 : 07D8;
    12066 : 0763;
    12067 : 06D1;
    12068 : 05EE;
    12069 : 05D8;
    12070 : 05F9;
    12071 : 04F8;
    12072 : 03DB;
    12073 : 033A;
    12074 : 02E8;
    12075 : 03E8;
    12076 : 0504;
    12077 : 04F4;
    12078 : 0620;
    12079 : 06FA;
    12080 : 0325;
    12081 : FE85;
    12082 : FDAD;
    12083 : FD58;
    12084 : FCF8;
    12085 : FF8F;
    12086 : 0288;
    12087 : 028C;
    12088 : 003C;
    12089 : FCE8;
    12090 : FA8D;
    12091 : F982;
    12092 : F7DB;
    12093 : F78B;
    12094 : FA0F;
    12095 : FA9B;
    12096 : F84B;
    12097 : F81E;
    12098 : F984;
    12099 : F9C3;
    12100 : FA99;
    12101 : FA7A;
    12102 : F671;
    12103 : F3AB;
    12104 : F5E5;
    12105 : F77F;
    12106 : F60B;
    12107 : F52A;
    12108 : F446;
    12109 : F249;
    12110 : F285;
    12111 : F4A5;
    12112 : F512;
    12113 : F497;
    12114 : F520;
    12115 : F612;
    12116 : F768;
    12117 : F97C;
    12118 : FBD9;
    12119 : FE26;
    12120 : FF96;
    12121 : FFD7;
    12122 : FFC3;
    12123 : FEE0;
    12124 : FC66;
    12125 : FA8A;
    12126 : FB4A;
    12127 : FC66;
    12128 : FB90;
    12129 : FA74;
    12130 : FA77;
    12131 : FA84;
    12132 : FAEE;
    12133 : FBB8;
    12134 : FAAA;
    12135 : F95B;
    12136 : FB03;
    12137 : FD0C;
    12138 : FD67;
    12139 : FE65;
    12140 : FF41;
    12141 : FE73;
    12142 : FE20;
    12143 : FE6F;
    12144 : FE2B;
    12145 : FE05;
    12146 : FD67;
    12147 : FC5B;
    12148 : FC66;
    12149 : FC8D;
    12150 : FD3B;
    12151 : 001D;
    12152 : 0240;
    12153 : 0281;
    12154 : 03BB;
    12155 : 03E8;
    12156 : 00F8;
    12157 : FE96;
    12158 : FE1F;
    12159 : FE75;
    12160 : FFE4;
    12161 : 0106;
    12162 : 01DD;
    12163 : 0466;
    12164 : 05AC;
    12165 : 035E;
    12166 : 0165;
    12167 : 013B;
    12168 : 00F5;
    12169 : 0121;
    12170 : 018D;
    12171 : 00B4;
    12172 : FF8E;
    12173 : FF15;
    12174 : FEC3;
    12175 : FEB2;
    12176 : FEA7;
    12177 : FDDE;
    12178 : FD98;
    12179 : 0000;
    12180 : 03C4;
    12181 : 048C;
    12182 : 019E;
    12183 : FEDA;
    12184 : FDF6;
    12185 : FD73;
    12186 : FCB1;
    12187 : FC36;
    12188 : FCD1;
    12189 : FE6E;
    12190 : FF38;
    12191 : FEFD;
    12192 : FF50;
    12193 : 0007;
    12194 : 015D;
    12195 : 03DF;
    12196 : 0517;
    12197 : 03FD;
    12198 : 02E5;
    12199 : 0214;
    12200 : 00D5;
    12201 : FFED;
    12202 : FF10;
    12203 : FE31;
    12204 : FEA1;
    12205 : 0050;
    12206 : 0240;
    12207 : 0391;
    12208 : 0426;
    12209 : 05DB;
    12210 : 0838;
    12211 : 07C8;
    12212 : 0566;
    12213 : 0469;
    12214 : 042B;
    12215 : 03A6;
    12216 : 03B7;
    12217 : 0471;
    12218 : 0639;
    12219 : 08A6;
    12220 : 08D9;
    12221 : 0664;
    12222 : 03F4;
    12223 : 023D;
    12224 : 0129;
    12225 : 02A0;
    12226 : 06B8;
    12227 : 09E8;
    12228 : 0A6A;
    12229 : 0AC2;
    12230 : 0C61;
    12231 : 0D74;
    12232 : 0D5E;
    12233 : 0CEC;
    12234 : 0C16;
    12235 : 0C08;
    12236 : 0DEC;
    12237 : 0FD1;
    12238 : 1049;
    12239 : 1076;
    12240 : 10C5;
    12241 : 1188;
    12242 : 1405;
    12243 : 1714;
    12244 : 17D0;
    12245 : 163A;
    12246 : 148C;
    12247 : 1303;
    12248 : 10B0;
    12249 : 0F0B;
    12250 : 1021;
    12251 : 1272;
    12252 : 139E;
    12253 : 1457;
    12254 : 1561;
    12255 : 159C;
    12256 : 15E9;
    12257 : 182E;
    12258 : 1A14;
    12259 : 186C;
    12260 : 15A2;
    12261 : 14E7;
    12262 : 14AF;
    12263 : 1428;
    12264 : 1520;
    12265 : 1648;
    12266 : 1548;
    12267 : 1399;
    12268 : 1309;
    12269 : 1335;
    12270 : 1348;
    12271 : 128B;
    12272 : 11F3;
    12273 : 132A;
    12274 : 14AB;
    12275 : 145C;
    12276 : 1301;
    12277 : 1109;
    12278 : 0E7F;
    12279 : 0CD9;
    12280 : 0C1B;
    12281 : 0B99;
    12282 : 0C50;
    12283 : 0D97;
    12284 : 0DBE;
    12285 : 0DD4;
    12286 : 0E12;
    12287 : 0C95;
    12288 : 0A7C;
    12289 : 09E3;
    12290 : 0975;
    12291 : 0838;
    12292 : 0754;
    12293 : 06A8;
    12294 : 05F6;
    12295 : 061D;
    12296 : 0609;
    12297 : 0417;
    12298 : 015F;
    12299 : FF3D;
    12300 : FD8E;
    12301 : FC43;
    12302 : FB61;
    12303 : FB64;
    12304 : FCE8;
    12305 : FDD2;
    12306 : FBFD;
    12307 : F993;
    12308 : F874;
    12309 : F73D;
    12310 : F67F;
    12311 : F81F;
    12312 : F9C1;
    12313 : F80B;
    12314 : F4AE;
    12315 : F329;
    12316 : F2E8;
    12317 : F21A;
    12318 : F1EC;
    12319 : F232;
    12320 : F076;
    12321 : EE98;
    12322 : EF70;
    12323 : F06F;
    12324 : F03A;
    12325 : F080;
    12326 : EFB7;
    12327 : ED89;
    12328 : ECEF;
    12329 : ED0D;
    12330 : EC3A;
    12331 : EBA6;
    12332 : EA9C;
    12333 : E968;
    12334 : EA53;
    12335 : EB76;
    12336 : EB74;
    12337 : EC43;
    12338 : EC36;
    12339 : EA3F;
    12340 : E925;
    12341 : E7A1;
    12342 : E46B;
    12343 : E370;
    12344 : E4DA;
    12345 : E52F;
    12346 : E488;
    12347 : E352;
    12348 : E15E;
    12349 : E062;
    12350 : E0D3;
    12351 : E1D4;
    12352 : E368;
    12353 : E529;
    12354 : E6E0;
    12355 : E89D;
    12356 : E984;
    12357 : E95D;
    12358 : E89F;
    12359 : E81E;
    12360 : E9C6;
    12361 : ED3F;
    12362 : EF81;
    12363 : F002;
    12364 : F06C;
    12365 : F17E;
    12366 : F2C9;
    12367 : F2EF;
    12368 : F23C;
    12369 : F2D5;
    12370 : F3D8;
    12371 : F30C;
    12372 : F17E;
    12373 : F07A;
    12374 : EF90;
    12375 : EEF9;
    12376 : EF4B;
    12377 : F05D;
    12378 : F19F;
    12379 : F2DE;
    12380 : F46C;
    12381 : F562;
    12382 : F4DF;
    12383 : F4C0;
    12384 : F64F;
    12385 : F85A;
    12386 : FA4D;
    12387 : FBBB;
    12388 : FBEF;
    12389 : FBC9;
    12390 : FBEF;
    12391 : FC5E;
    12392 : FDA5;
    12393 : FF13;
    12394 : 0041;
    12395 : 0268;
    12396 : 0433;
    12397 : 03A9;
    12398 : 0301;
    12399 : 041C;
    12400 : 05AC;
    12401 : 0732;
    12402 : 08D2;
    12403 : 094A;
    12404 : 086E;
    12405 : 080C;
    12406 : 087A;
    12407 : 082E;
    12408 : 0769;
    12409 : 0736;
    12410 : 06B8;
    12411 : 06AC;
    12412 : 090A;
    12413 : 0BC2;
    12414 : 0CCC;
    12415 : 0DA3;
    12416 : 0E06;
    12417 : 0D16;
    12418 : 0BE9;
    12419 : 09A5;
    12420 : 0688;
    12421 : 05EC;
    12422 : 06C2;
    12423 : 0649;
    12424 : 062D;
    12425 : 0628;
    12426 : 043D;
    12427 : 030C;
    12428 : 03D8;
    12429 : 03F6;
    12430 : 03AE;
    12431 : 0429;
    12432 : 03FA;
    12433 : 037A;
    12434 : 03D9;
    12435 : 03C9;
    12436 : 0301;
    12437 : 02EF;
    12438 : 0341;
    12439 : 033A;
    12440 : 039D;
    12441 : 04D8;
    12442 : 067D;
    12443 : 07FF;
    12444 : 087B;
    12445 : 07A3;
    12446 : 0672;
    12447 : 05AC;
    12448 : 0520;
    12449 : 048D;
    12450 : 03E8;
    12451 : 02FC;
    12452 : 0192;
    12453 : 0004;
    12454 : FEE7;
    12455 : FE07;
    12456 : FD69;
    12457 : FDAC;
    12458 : FD67;
    12459 : FA9C;
    12460 : F779;
    12461 : F733;
    12462 : F894;
    12463 : F9AB;
    12464 : FAF0;
    12465 : FB7D;
    12466 : F9DF;
    12467 : F831;
    12468 : F88F;
    12469 : F956;
    12470 : F939;
    12471 : F8C5;
    12472 : F783;
    12473 : F5F8;
    12474 : F607;
    12475 : F62A;
    12476 : F453;
    12477 : F2CE;
    12478 : F2F6;
    12479 : F368;
    12480 : F4A5;
    12481 : F5CB;
    12482 : F3A7;
    12483 : F03D;
    12484 : EFB6;
    12485 : F0CB;
    12486 : F19E;
    12487 : F2E0;
    12488 : F37E;
    12489 : F28D;
    12490 : F1D4;
    12491 : F214;
    12492 : F270;
    12493 : F263;
    12494 : F183;
    12495 : F069;
    12496 : EFDD;
    12497 : EEBA;
    12498 : ED0A;
    12499 : ECBD;
    12500 : ECFB;
    12501 : EC0B;
    12502 : EB36;
    12503 : EAFE;
    12504 : EA73;
    12505 : EAB4;
    12506 : EC38;
    12507 : ED8E;
    12508 : EEAF;
    12509 : EF8E;
    12510 : EF83;
    12511 : EFD3;
    12512 : F0CA;
    12513 : F029;
    12514 : ED84;
    12515 : EAC3;
    12516 : E94E;
    12517 : E954;
    12518 : EA5B;
    12519 : EC83;
    12520 : EF43;
    12521 : F024;
    12522 : EEF7;
    12523 : EE57;
    12524 : EEC2;
    12525 : EFA6;
    12526 : F0FB;
    12527 : F17A;
    12528 : F15E;
    12529 : F2D7;
    12530 : F516;
    12531 : F5D2;
    12532 : F534;
    12533 : F474;
    12534 : F461;
    12535 : F4F8;
    12536 : F545;
    12537 : F4EF;
    12538 : F4AF;
    12539 : F538;
    12540 : F698;
    12541 : F89C;
    12542 : FB38;
    12543 : FCD2;
    12544 : FBA9;
    12545 : FA60;
    12546 : FB77;
    12547 : FC3E;
    12548 : FBB5;
    12549 : FBDF;
    12550 : FBCD;
    12551 : FB2B;
    12552 : FBF4;
    12553 : FD36;
    12554 : FD97;
    12555 : FDD0;
    12556 : FDAE;
    12557 : FD3D;
    12558 : FD12;
    12559 : FCB6;
    12560 : FCC1;
    12561 : FDA2;
    12562 : FE21;
    12563 : FE7A;
    12564 : FF45;
    12565 : FF47;
    12566 : FE3A;
    12567 : FD63;
    12568 : FDD5;
    12569 : FF77;
    12570 : 00CA;
    12571 : 0159;
    12572 : 01F1;
    12573 : 028C;
    12574 : 035F;
    12575 : 039A;
    12576 : 0121;
    12577 : FE01;
    12578 : FD67;
    12579 : FD8D;
    12580 : FDF4;
    12581 : 00A6;
    12582 : 02F9;
    12583 : 018F;
    12584 : FE4B;
    12585 : FBFC;
    12586 : FB01;
    12587 : FABD;
    12588 : FB70;
    12589 : FDB9;
    12590 : FF77;
    12591 : FE6B;
    12592 : FCCE;
    12593 : FC65;
    12594 : FB90;
    12595 : FA9B;
    12596 : FAF1;
    12597 : FB25;
    12598 : FA16;
    12599 : F930;
    12600 : F923;
    12601 : F86C;
    12602 : F670;
    12603 : F535;
    12604 : F5C8;
    12605 : F6DE;
    12606 : F85D;
    12607 : FA07;
    12608 : F98D;
    12609 : F767;
    12610 : F63A;
    12611 : F517;
    12612 : F3AA;
    12613 : F592;
    12614 : FA33;
    12615 : FC10;
    12616 : FA7B;
    12617 : F8B1;
    12618 : F718;
    12619 : F5DC;
    12620 : F710;
    12621 : FA09;
    12622 : FBAC;
    12623 : FAD5;
    12624 : F8AF;
    12625 : F704;
    12626 : F667;
    12627 : F5FE;
    12628 : F67F;
    12629 : F93D;
    12630 : FC69;
    12631 : FD99;
    12632 : FCF0;
    12633 : FB7C;
    12634 : FA50;
    12635 : F9D8;
    12636 : F93A;
    12637 : F8C7;
    12638 : F9A5;
    12639 : FB25;
    12640 : FC54;
    12641 : FD06;
    12642 : FCF5;
    12643 : FCFA;
    12644 : FDF5;
    12645 : FEA7;
    12646 : FE42;
    12647 : FDF6;
    12648 : FED2;
    12649 : 00C5;
    12650 : 030D;
    12651 : 0566;
    12652 : 0812;
    12653 : 09AA;
    12654 : 0923;
    12655 : 08CE;
    12656 : 09B4;
    12657 : 09CB;
    12658 : 09A5;
    12659 : 0AF3;
    12660 : 0BEB;
    12661 : 0BA0;
    12662 : 0BD3;
    12663 : 0C42;
    12664 : 0C12;
    12665 : 0C32;
    12666 : 0C5F;
    12667 : 0C55;
    12668 : 0DBD;
    12669 : 0FEC;
    12670 : 1051;
    12671 : 0F70;
    12672 : 0EC6;
    12673 : 0E26;
    12674 : 0E1A;
    12675 : 0EE2;
    12676 : 0EDC;
    12677 : 0DC2;
    12678 : 0CF5;
    12679 : 0C88;
    12680 : 0C2E;
    12681 : 0C41;
    12682 : 0C6F;
    12683 : 0CCA;
    12684 : 0DEE;
    12685 : 0E9D;
    12686 : 0DC6;
    12687 : 0C8F;
    12688 : 0AC5;
    12689 : 0812;
    12690 : 0775;
    12691 : 0928;
    12692 : 092A;
    12693 : 07F2;
    12694 : 082D;
    12695 : 084D;
    12696 : 07B4;
    12697 : 079D;
    12698 : 0725;
    12699 : 0751;
    12700 : 098C;
    12701 : 0AC9;
    12702 : 09E0;
    12703 : 08E7;
    12704 : 07B8;
    12705 : 076E;
    12706 : 09A1;
    12707 : 0AF5;
    12708 : 09D0;
    12709 : 091B;
    12710 : 08D4;
    12711 : 0816;
    12712 : 07DC;
    12713 : 06BB;
    12714 : 0410;
    12715 : 0260;
    12716 : 0186;
    12717 : 0022;
    12718 : FF27;
    12719 : FDF7;
    12720 : FC02;
    12721 : FC5F;
    12722 : FF3C;
    12723 : 0028;
    12724 : FE6D;
    12725 : FCDD;
    12726 : FBA7;
    12727 : F9D4;
    12728 : F7BF;
    12729 : F65E;
    12730 : F774;
    12731 : FAD0;
    12732 : FD00;
    12733 : FD3C;
    12734 : FD47;
    12735 : FBF7;
    12736 : F8E2;
    12737 : F6ED;
    12738 : F6C0;
    12739 : F767;
    12740 : F969;
    12741 : FBA4;
    12742 : FC5E;
    12743 : FD05;
    12744 : FE72;
    12745 : FE43;
    12746 : FB7A;
    12747 : F882;
    12748 : F709;
    12749 : F63D;
    12750 : F5CF;
    12751 : F5F1;
    12752 : F5EB;
    12753 : F661;
    12754 : F81D;
    12755 : F923;
    12756 : F8FA;
    12757 : F979;
    12758 : F9A9;
    12759 : F84C;
    12760 : F759;
    12761 : F86E;
    12762 : FB54;
    12763 : FE49;
    12764 : FF17;
    12765 : FEA8;
    12766 : FE41;
    12767 : FC52;
    12768 : FA0F;
    12769 : FA45;
    12770 : FB0A;
    12771 : FAC6;
    12772 : FB7C;
    12773 : FCC5;
    12774 : FC80;
    12775 : FB7D;
    12776 : FBA5;
    12777 : FD28;
    12778 : FEE0;
    12779 : FFE0;
    12780 : 002B;
    12781 : FF70;
    12782 : FDAA;
    12783 : FC7F;
    12784 : FCA1;
    12785 : FCFE;
    12786 : FDDA;
    12787 : FFB3;
    12788 : 00D9;
    12789 : 00A4;
    12790 : 00BD;
    12791 : 0127;
    12792 : 0097;
    12793 : FFDC;
    12794 : 005F;
    12795 : 01D0;
    12796 : 0326;
    12797 : 039C;
    12798 : 0379;
    12799 : 03BC;
    12800 : 041A;
    12801 : 042E;
    12802 : 049B;
    12803 : 04D7;
    12804 : 0484;
    12805 : 04AA;
    12806 : 04C1;
    12807 : 0445;
    12808 : 0466;
    12809 : 04F9;
    12810 : 05D8;
    12811 : 078F;
    12812 : 0899;
    12813 : 08CD;
    12814 : 0966;
    12815 : 08BB;
    12816 : 0788;
    12817 : 090B;
    12818 : 0AE7;
    12819 : 0AC1;
    12820 : 0B04;
    12821 : 0AAC;
    12822 : 0724;
    12823 : 0311;
    12824 : 013B;
    12825 : 0137;
    12826 : 01ED;
    12827 : 0296;
    12828 : 0384;
    12829 : 049C;
    12830 : 0474;
    12831 : 0364;
    12832 : 0280;
    12833 : 0182;
    12834 : 00DE;
    12835 : 006F;
    12836 : FEB3;
    12837 : FD06;
    12838 : FDDD;
    12839 : FF75;
    12840 : FF16;
    12841 : FDC9;
    12842 : FD14;
    12843 : FC3B;
    12844 : FB83;
    12845 : FB69;
    12846 : F98E;
    12847 : F62A;
    12848 : F53B;
    12849 : F62E;
    12850 : F65E;
    12851 : F764;
    12852 : F98D;
    12853 : FB01;
    12854 : FC02;
    12855 : FBBD;
    12856 : F9AF;
    12857 : F839;
    12858 : F72A;
    12859 : F5BB;
    12860 : F668;
    12861 : F8CA;
    12862 : F9F6;
    12863 : F9F8;
    12864 : F972;
    12865 : F899;
    12866 : F827;
    12867 : F7BE;
    12868 : F6E3;
    12869 : F54E;
    12870 : F352;
    12871 : F374;
    12872 : F570;
    12873 : F61D;
    12874 : F780;
    12875 : FB86;
    12876 : FD11;
    12877 : FA20;
    12878 : F7AC;
    12879 : F7B9;
    12880 : F7F0;
    12881 : F7A0;
    12882 : F7EC;
    12883 : F855;
    12884 : F735;
    12885 : F5B3;
    12886 : F658;
    12887 : F82B;
    12888 : F8FB;
    12889 : F93B;
    12890 : F970;
    12891 : F865;
    12892 : F638;
    12893 : F5E8;
    12894 : F8F2;
    12895 : FC65;
    12896 : FE43;
    12897 : FF78;
    12898 : FF14;
    12899 : FCB5;
    12900 : FB0E;
    12901 : FAC3;
    12902 : FB23;
    12903 : FC7D;
    12904 : FDA8;
    12905 : FEBB;
    12906 : 00BB;
    12907 : 00B8;
    12908 : FE49;
    12909 : FE04;
    12910 : FFB7;
    12911 : 0028;
    12912 : 0003;
    12913 : 0000;
    12914 : FF9D;
    12915 : FF28;
    12916 : FE95;
    12917 : FEE7;
    12918 : 010C;
    12919 : 0334;
    12920 : 04D7;
    12921 : 069D;
    12922 : 0639;
    12923 : 0345;
    12924 : 01AE;
    12925 : 02BC;
    12926 : 0422;
    12927 : 0531;
    12928 : 0676;
    12929 : 06EB;
    12930 : 05FC;
    12931 : 054A;
    12932 : 0566;
    12933 : 0553;
    12934 : 05CF;
    12935 : 0770;
    12936 : 08F7;
    12937 : 0A49;
    12938 : 0ADA;
    12939 : 093E;
    12940 : 07A4;
    12941 : 081D;
    12942 : 08B9;
    12943 : 08F3;
    12944 : 094F;
    12945 : 0916;
    12946 : 09EB;
    12947 : 0BFB;
    12948 : 0BB1;
    12949 : 09D6;
    12950 : 0950;
    12951 : 0912;
    12952 : 0993;
    12953 : 0BB4;
    12954 : 0C73;
    12955 : 0BEA;
    12956 : 0CCB;
    12957 : 0D8F;
    12958 : 0D79;
    12959 : 0DF9;
    12960 : 0D65;
    12961 : 0B83;
    12962 : 0B4F;
    12963 : 0C61;
    12964 : 0CD4;
    12965 : 0D21;
    12966 : 0D4A;
    12967 : 0D34;
    12968 : 0D6D;
    12969 : 0CA2;
    12970 : 0A51;
    12971 : 0925;
    12972 : 09D6;
    12973 : 0A33;
    12974 : 0A2C;
    12975 : 0A7F;
    12976 : 09DC;
    12977 : 08E1;
    12978 : 09EA;
    12979 : 0B5A;
    12980 : 0AE0;
    12981 : 0A39;
    12982 : 0A1C;
    12983 : 0908;
    12984 : 0768;
    12985 : 05AB;
    12986 : 03FB;
    12987 : 03EF;
    12988 : 0493;
    12989 : 041B;
    12990 : 0421;
    12991 : 044A;
    12992 : 0278;
    12993 : 0090;
    12994 : FFAC;
    12995 : FE67;
    12996 : FE24;
    12997 : FF46;
    12998 : FFA3;
    12999 : 0026;
    13000 : 01AE;
    13001 : 021B;
    13002 : 0153;
    13003 : 00C6;
    13004 : 0052;
    13005 : FFB4;
    13006 : FF0F;
    13007 : FE95;
    13008 : FE42;
    13009 : FD82;
    13010 : FCE8;
    13011 : FD47;
    13012 : FD9C;
    13013 : FDF8;
    13014 : FF57;
    13015 : FFCA;
    13016 : FDB1;
    13017 : FB2B;
    13018 : F9EB;
    13019 : F909;
    13020 : F7F2;
    13021 : F717;
    13022 : F657;
    13023 : F5B6;
    13024 : F60E;
    13025 : F701;
    13026 : F71C;
    13027 : F68C;
    13028 : F5E6;
    13029 : F4C6;
    13030 : F35F;
    13031 : F225;
    13032 : F1D6;
    13033 : F360;
    13034 : F4CB;
    13035 : F41B;
    13036 : F321;
    13037 : F2A1;
    13038 : F1F4;
    13039 : F2C7;
    13040 : F4A0;
    13041 : F4E9;
    13042 : F422;
    13043 : F30B;
    13044 : F1A6;
    13045 : F133;
    13046 : F164;
    13047 : F258;
    13048 : F59D;
    13049 : F892;
    13050 : F89B;
    13051 : F81E;
    13052 : F7EC;
    13053 : F70D;
    13054 : F658;
    13055 : F518;
    13056 : F333;
    13057 : F31F;
    13058 : F41F;
    13059 : F454;
    13060 : F50E;
    13061 : F659;
    13062 : F6CE;
    13063 : F6BE;
    13064 : F62F;
    13065 : F4E0;
    13066 : F3AF;
    13067 : F2AA;
    13068 : F189;
    13069 : F130;
    13070 : F216;
    13071 : F36C;
    13072 : F47E;
    13073 : F59A;
    13074 : F739;
    13075 : F911;
    13076 : FACC;
    13077 : FC0D;
    13078 : FBE0;
    13079 : FA63;
    13080 : F957;
    13081 : F9B1;
    13082 : FAB2;
    13083 : FB40;
    13084 : FB76;
    13085 : FCEF;
    13086 : 0005;
    13087 : 025E;
    13088 : 027E;
    13089 : 0196;
    13090 : 0075;
    13091 : FF11;
    13092 : FE86;
    13093 : FF07;
    13094 : FEB2;
    13095 : FD91;
    13096 : FD6A;
    13097 : FDE7;
    13098 : FE91;
    13099 : 004F;
    13100 : 0260;
    13101 : 036F;
    13102 : 0371;
    13103 : 0262;
    13104 : 0133;
    13105 : 00FF;
    13106 : 0111;
    13107 : 01A1;
    13108 : 033E;
    13109 : 0464;
    13110 : 0504;
    13111 : 05BE;
    13112 : 0535;
    13113 : 046D;
    13114 : 0510;
    13115 : 054F;
    13116 : 058E;
    13117 : 07A2;
    13118 : 08F6;
    13119 : 0844;
    13120 : 07F0;
    13121 : 07C0;
    13122 : 06A9;
    13123 : 05F2;
    13124 : 05C9;
    13125 : 054E;
    13126 : 04DA;
    13127 : 04E0;
    13128 : 04F6;
    13129 : 04A2;
    13130 : 0431;
    13131 : 041A;
    13132 : 04A6;
    13133 : 069B;
    13134 : 096E;
    13135 : 0B0C;
    13136 : 0B47;
    13137 : 0AB9;
    13138 : 08FB;
    13139 : 0743;
    13140 : 069A;
    13141 : 05F7;
    13142 : 05ED;
    13143 : 06F1;
    13144 : 06CE;
    13145 : 052A;
    13146 : 0380;
    13147 : 01E8;
    13148 : 00F0;
    13149 : 013A;
    13150 : 01B3;
    13151 : 019C;
    13152 : 0105;
    13153 : 0010;
    13154 : FF3D;
    13155 : FEEB;
    13156 : FFB7;
    13157 : 01E8;
    13158 : 040E;
    13159 : 052D;
    13160 : 05C1;
    13161 : 0585;
    13162 : 0419;
    13163 : 020F;
    13164 : 005D;
    13165 : 0011;
    13166 : 00BE;
    13167 : 0128;
    13168 : 01BD;
    13169 : 0272;
    13170 : 0249;
    13171 : 0230;
    13172 : 02A8;
    13173 : 0292;
    13174 : 0260;
    13175 : 02BB;
    13176 : 034D;
    13177 : 04AF;
    13178 : 0628;
    13179 : 0534;
    13180 : 0246;
    13181 : 0041;
    13182 : 0016;
    13183 : 00BD;
    13184 : 017E;
    13185 : 0266;
    13186 : 02EF;
    13187 : 0224;
    13188 : 0093;
    13189 : FFA0;
    13190 : FF7F;
    13191 : FF96;
    13192 : FF9F;
    13193 : 0015;
    13194 : 0132;
    13195 : 0197;
    13196 : 00A8;
    13197 : FFE2;
    13198 : FF9D;
    13199 : FF05;
    13200 : FE6A;
    13201 : FE4A;
    13202 : FEC1;
    13203 : FF36;
    13204 : FE30;
    13205 : FC44;
    13206 : FAF7;
    13207 : F98C;
    13208 : F8B9;
    13209 : FA8D;
    13210 : FD2E;
    13211 : FE76;
    13212 : FF0A;
    13213 : FEBF;
    13214 : FE27;
    13215 : FE28;
    13216 : FC4A;
    13217 : F90C;
    13218 : F961;
    13219 : FC89;
    13220 : FE26;
    13221 : FE37;
    13222 : FD4A;
    13223 : FB23;
    13224 : F9DE;
    13225 : FA3A;
    13226 : FA8A;
    13227 : FA7A;
    13228 : FA3B;
    13229 : FA10;
    13230 : FAA8;
    13231 : FAA5;
    13232 : F8DF;
    13233 : F7DC;
    13234 : F928;
    13235 : FA91;
    13236 : FADA;
    13237 : FAE9;
    13238 : FAC2;
    13239 : FA13;
    13240 : F96F;
    13241 : F8D3;
    13242 : F82C;
    13243 : F884;
    13244 : F9BF;
    13245 : FA99;
    13246 : FB2B;
    13247 : FB06;
    13248 : F928;
    13249 : F7B7;
    13250 : F847;
    13251 : F8B1;
    13252 : F891;
    13253 : F8F0;
    13254 : F891;
    13255 : F815;
    13256 : F90F;
    13257 : F99C;
    13258 : F947;
    13259 : F9EC;
    13260 : FA8B;
    13261 : FA6F;
    13262 : FAEB;
    13263 : FB4E;
    13264 : FB4E;
    13265 : FC45;
    13266 : FD27;
    13267 : FC83;
    13268 : FB36;
    13269 : F9B6;
    13270 : F81D;
    13271 : F75D;
    13272 : F76D;
    13273 : F75E;
    13274 : F72B;
    13275 : F790;
    13276 : F880;
    13277 : F8DF;
    13278 : F837;
    13279 : F6F5;
    13280 : F56D;
    13281 : F4C5;
    13282 : F5EA;
    13283 : F796;
    13284 : F90E;
    13285 : FB0C;
    13286 : FC8A;
    13287 : FC74;
    13288 : FC4A;
    13289 : FCDF;
    13290 : FD4C;
    13291 : FDB7;
    13292 : FECD;
    13293 : FFC8;
    13294 : FFD1;
    13295 : FF8E;
    13296 : FFCC;
    13297 : 000B;
    13298 : FF83;
    13299 : FE88;
    13300 : FE45;
    13301 : FF38;
    13302 : 003C;
    13303 : 003C;
    13304 : FFD6;
    13305 : FF8E;
    13306 : FF33;
    13307 : FF58;
    13308 : 0017;
    13309 : 0081;
    13310 : 0087;
    13311 : 00A8;
    13312 : 0138;
    13313 : 026A;
    13314 : 0304;
    13315 : 01FC;
    13316 : 00D2;
    13317 : 00C5;
    13318 : 0119;
    13319 : 012E;
    13320 : 0117;
    13321 : 014C;
    13322 : 01F2;
    13323 : 0250;
    13324 : 0286;
    13325 : 030D;
    13326 : 02BB;
    13327 : 0187;
    13328 : 0160;
    13329 : 0243;
    13330 : 0317;
    13331 : 041A;
    13332 : 0490;
    13333 : 0312;
    13334 : 0111;
    13335 : 0105;
    13336 : 0256;
    13337 : 0351;
    13338 : 044A;
    13339 : 04F5;
    13340 : 040C;
    13341 : 032D;
    13342 : 039F;
    13343 : 032B;
    13344 : 023B;
    13345 : 0321;
    13346 : 0441;
    13347 : 052A;
    13348 : 076F;
    13349 : 07DE;
    13350 : 04A8;
    13351 : 026C;
    13352 : 02A0;
    13353 : 02AB;
    13354 : 02D8;
    13355 : 0384;
    13356 : 0360;
    13357 : 032A;
    13358 : 03CC;
    13359 : 043A;
    13360 : 03DE;
    13361 : 0367;
    13362 : 0307;
    13363 : 01A7;
    13364 : FF35;
    13365 : FE07;
    13366 : FEF7;
    13367 : 004E;
    13368 : 017C;
    13369 : 0291;
    13370 : 02FD;
    13371 : 0376;
    13372 : 0467;
    13373 : 048F;
    13374 : 03C2;
    13375 : 02F2;
    13376 : 0289;
    13377 : 02BB;
    13378 : 02E7;
    13379 : 0256;
    13380 : 0206;
    13381 : 030D;
    13382 : 04FC;
    13383 : 06BA;
    13384 : 0762;
    13385 : 06FF;
    13386 : 0622;
    13387 : 04EC;
    13388 : 0401;
    13389 : 040C;
    13390 : 042D;
    13391 : 03B0;
    13392 : 036A;
    13393 : 03DE;
    13394 : 0478;
    13395 : 049A;
    13396 : 043C;
    13397 : 0374;
    13398 : 0265;
    13399 : 01F7;
    13400 : 0230;
    13401 : 018C;
    13402 : 00C6;
    13403 : 0219;
    13404 : 045F;
    13405 : 058A;
    13406 : 0600;
    13407 : 0601;
    13408 : 0589;
    13409 : 04F7;
    13410 : 03B5;
    13411 : 0260;
    13412 : 0273;
    13413 : 029D;
    13414 : 01E2;
    13415 : 01CF;
    13416 : 023E;
    13417 : 021C;
    13418 : 024C;
    13419 : 0323;
    13420 : 03C3;
    13421 : 0418;
    13422 : 0466;
    13423 : 0506;
    13424 : 0689;
    13425 : 085C;
    13426 : 0927;
    13427 : 08EE;
    13428 : 08E1;
    13429 : 0905;
    13430 : 085D;
    13431 : 06FC;
    13432 : 0547;
    13433 : 03AD;
    13434 : 03AA;
    13435 : 04B7;
    13436 : 041F;
    13437 : 02A1;
    13438 : 024D;
    13439 : 01F4;
    13440 : 019A;
    13441 : 029D;
    13442 : 033E;
    13443 : 02AF;
    13444 : 02A4;
    13445 : 02B3;
    13446 : 0214;
    13447 : 0181;
    13448 : 00ED;
    13449 : 009A;
    13450 : 00D3;
    13451 : 0090;
    13452 : FFF3;
    13453 : FFB1;
    13454 : FF69;
    13455 : FF4C;
    13456 : FF2B;
    13457 : FE5C;
    13458 : FDF3;
    13459 : FE5C;
    13460 : FEDE;
    13461 : 0006;
    13462 : 0166;
    13463 : 0185;
    13464 : 0091;
    13465 : FEBF;
    13466 : FC71;
    13467 : FB33;
    13468 : FABD;
    13469 : FA55;
    13470 : FB1F;
    13471 : FCAD;
    13472 : FD30;
    13473 : FC92;
    13474 : FBA1;
    13475 : FB46;
    13476 : FBF4;
    13477 : FCAC;
    13478 : FD0E;
    13479 : FD85;
    13480 : FD8B;
    13481 : FD5B;
    13482 : FDE4;
    13483 : FE88;
    13484 : FEA7;
    13485 : FE64;
    13486 : FD83;
    13487 : FC30;
    13488 : FB10;
    13489 : FAC4;
    13490 : FBB9;
    13491 : FC97;
    13492 : FC02;
    13493 : FB12;
    13494 : FA6D;
    13495 : F9BF;
    13496 : F9CA;
    13497 : FA5D;
    13498 : FAA2;
    13499 : FB2B;
    13500 : FBDB;
    13501 : FC37;
    13502 : FC64;
    13503 : FB6A;
    13504 : F9D2;
    13505 : FA29;
    13506 : FBDD;
    13507 : FD06;
    13508 : FDE3;
    13509 : FDFA;
    13510 : FCCF;
    13511 : FBCD;
    13512 : FB06;
    13513 : F9AA;
    13514 : F8A5;
    13515 : F848;
    13516 : F7FF;
    13517 : F879;
    13518 : F9A9;
    13519 : FA1A;
    13520 : FA14;
    13521 : FABD;
    13522 : FBA3;
    13523 : FC32;
    13524 : FC7C;
    13525 : FC6D;
    13526 : FC5E;
    13527 : FC8B;
    13528 : FC9E;
    13529 : FCB7;
    13530 : FCF9;
    13531 : FD1F;
    13532 : FD27;
    13533 : FD70;
    13534 : FF03;
    13535 : 0166;
    13536 : 0176;
    13537 : FF04;
    13538 : FD18;
    13539 : FBB1;
    13540 : FA7D;
    13541 : FB8F;
    13542 : FD7D;
    13543 : FD53;
    13544 : FCB2;
    13545 : FD6D;
    13546 : FE68;
    13547 : FF6E;
    13548 : 0032;
    13549 : FEE8;
    13550 : FCCE;
    13551 : FD27;
    13552 : FED5;
    13553 : FF15;
    13554 : FF17;
    13555 : 000A;
    13556 : 0093;
    13557 : 00FB;
    13558 : 022E;
    13559 : 02EF;
    13560 : 030B;
    13561 : 03DF;
    13562 : 04ED;
    13563 : 0530;
    13564 : 04FC;
    13565 : 046A;
    13566 : 03C8;
    13567 : 046A;
    13568 : 0613;
    13569 : 070D;
    13570 : 0735;
    13571 : 0720;
    13572 : 064B;
    13573 : 047C;
    13574 : 02D3;
    13575 : 0284;
    13576 : 0354;
    13577 : 048C;
    13578 : 0656;
    13579 : 07E2;
    13580 : 0806;
    13581 : 082E;
    13582 : 08EA;
    13583 : 0862;
    13584 : 0734;
    13585 : 06EC;
    13586 : 06CA;
    13587 : 0700;
    13588 : 07FA;
    13589 : 084D;
    13590 : 0806;
    13591 : 0868;
    13592 : 08E5;
    13593 : 08E1;
    13594 : 0905;
    13595 : 0907;
    13596 : 07E4;
    13597 : 06D2;
    13598 : 0767;
    13599 : 0820;
    13600 : 0823;
    13601 : 091F;
    13602 : 0A66;
    13603 : 0A86;
    13604 : 0AD0;
    13605 : 0BA6;
    13606 : 0C67;
    13607 : 0DDE;
    13608 : 0F85;
    13609 : 1039;
    13610 : 1086;
    13611 : 0FD7;
    13612 : 0D0B;
    13613 : 0A15;
    13614 : 0924;
    13615 : 08F7;
    13616 : 0827;
    13617 : 07B2;
    13618 : 0772;
    13619 : 05E1;
    13620 : 044D;
    13621 : 04CC;
    13622 : 05F7;
    13623 : 05F6;
    13624 : 05DE;
    13625 : 06AD;
    13626 : 0705;
    13627 : 05EC;
    13628 : 04BB;
    13629 : 04AB;
    13630 : 050A;
    13631 : 0533;
    13632 : 0596;
    13633 : 0639;
    13634 : 0630;
    13635 : 0567;
    13636 : 0507;
    13637 : 052F;
    13638 : 04F9;
    13639 : 0461;
    13640 : 03FC;
    13641 : 0465;
    13642 : 0538;
    13643 : 04FF;
    13644 : 04AB;
    13645 : 05C9;
    13646 : 0659;
    13647 : 05B9;
    13648 : 0624;
    13649 : 0710;
    13650 : 0725;
    13651 : 0689;
    13652 : 04B5;
    13653 : 02A5;
    13654 : 01E6;
    13655 : 0181;
    13656 : 017A;
    13657 : 0285;
    13658 : 030A;
    13659 : 030F;
    13660 : 0429;
    13661 : 050A;
    13662 : 0460;
    13663 : 038F;
    13664 : 0354;
    13665 : 0318;
    13666 : 02DB;
    13667 : 027C;
    13668 : 01B7;
    13669 : 010E;
    13670 : 0053;
    13671 : FEE4;
    13672 : FD5A;
    13673 : FC25;
    13674 : FB2C;
    13675 : FACA;
    13676 : FA8A;
    13677 : FA03;
    13678 : F9B0;
    13679 : F933;
    13680 : F8D0;
    13681 : F9B0;
    13682 : FAE1;
    13683 : FB6E;
    13684 : FBFB;
    13685 : FC3E;
    13686 : FC28;
    13687 : FCA2;
    13688 : FD0E;
    13689 : FCE8;
    13690 : FD6C;
    13691 : FE92;
    13692 : FECB;
    13693 : FE48;
    13694 : FDF4;
    13695 : FCD0;
    13696 : FAD7;
    13697 : FA0C;
    13698 : FA7F;
    13699 : FB2A;
    13700 : FBFB;
    13701 : FC1B;
    13702 : FB92;
    13703 : FBE2;
    13704 : FD0F;
    13705 : FEA5;
    13706 : 000B;
    13707 : 0023;
    13708 : FFB3;
    13709 : FF56;
    13710 : FE9B;
    13711 : FED9;
    13712 : FF68;
    13713 : FD90;
    13714 : FB4B;
    13715 : FB90;
    13716 : FCE3;
    13717 : FDAF;
    13718 : FDF9;
    13719 : FD49;
    13720 : FBA8;
    13721 : FA2F;
    13722 : F9BD;
    13723 : FA6F;
    13724 : FBD1;
    13725 : FD5A;
    13726 : FEDA;
    13727 : 0053;
    13728 : 00FE;
    13729 : 002D;
    13730 : FF0E;
    13731 : FEBD;
    13732 : FEE4;
    13733 : FF5B;
    13734 : FF81;
    13735 : FE82;
    13736 : FDB1;
    13737 : FE45;
    13738 : FEBE;
    13739 : FDFC;
    13740 : FD03;
    13741 : FC3A;
    13742 : FB31;
    13743 : FA7E;
    13744 : FA14;
    13745 : F8EF;
    13746 : F7F5;
    13747 : F7FE;
    13748 : F7E5;
    13749 : F808;
    13750 : F942;
    13751 : FA2E;
    13752 : FA42;
    13753 : FA5F;
    13754 : FA48;
    13755 : F9A5;
    13756 : F96A;
    13757 : FA63;
    13758 : FB0B;
    13759 : F9FE;
    13760 : F93A;
    13761 : F95D;
    13762 : F861;
    13763 : F776;
    13764 : F7DA;
    13765 : F799;
    13766 : F74F;
    13767 : F8C2;
    13768 : FA70;
    13769 : FABA;
    13770 : F9B1;
    13771 : F866;
    13772 : F82A;
    13773 : F8AC;
    13774 : F91D;
    13775 : F9A2;
    13776 : FA02;
    13777 : F9C7;
    13778 : F8FC;
    13779 : F894;
    13780 : F9AE;
    13781 : FB76;
    13782 : FC6A;
    13783 : FC66;
    13784 : FBCF;
    13785 : FB79;
    13786 : FBB6;
    13787 : FBA6;
    13788 : FB8C;
    13789 : FC01;
    13790 : FC3D;
    13791 : FC6E;
    13792 : FD0A;
    13793 : FCD5;
    13794 : FBCF;
    13795 : FBC6;
    13796 : FC6A;
    13797 : FBF7;
    13798 : FAF9;
    13799 : FAAA;
    13800 : FA77;
    13801 : FA59;
    13802 : FB06;
    13803 : FC28;
    13804 : FD79;
    13805 : FE68;
    13806 : FDEF;
    13807 : FCBD;
    13808 : FBEE;
    13809 : FB8D;
    13810 : FB95;
    13811 : FC05;
    13812 : FD6A;
    13813 : FF74;
    13814 : 0020;
    13815 : FFBD;
    13816 : FFCA;
    13817 : FFB8;
    13818 : FFC2;
    13819 : 000C;
    13820 : FF71;
    13821 : FF0B;
    13822 : FF9E;
    13823 : FFF2;
    13824 : 002F;
    13825 : 008D;
    13826 : 011B;
    13827 : 0290;
    13828 : 036E;
    13829 : 027C;
    13830 : 00FF;
    13831 : FF91;
    13832 : FEB7;
    13833 : FEF5;
    13834 : FF70;
    13835 : 005A;
    13836 : 01F8;
    13837 : 035F;
    13838 : 0486;
    13839 : 048E;
    13840 : 02A2;
    13841 : 00B9;
    13842 : FF2C;
    13843 : FD3D;
    13844 : FD94;
    13845 : 007C;
    13846 : 0268;
    13847 : 0352;
    13848 : 0402;
    13849 : 0299;
    13850 : 006B;
    13851 : FFD7;
    13852 : FF8D;
    13853 : FFA0;
    13854 : 012A;
    13855 : 027F;
    13856 : 0341;
    13857 : 0448;
    13858 : 056A;
    13859 : 0757;
    13860 : 087F;
    13861 : 06CB;
    13862 : 055C;
    13863 : 05AA;
    13864 : 0578;
    13865 : 057B;
    13866 : 05EC;
    13867 : 05FD;
    13868 : 0718;
    13869 : 07B0;
    13870 : 05E7;
    13871 : 04A2;
    13872 : 04CD;
    13873 : 04C3;
    13874 : 04E2;
    13875 : 0553;
    13876 : 058C;
    13877 : 0539;
    13878 : 045D;
    13879 : 043D;
    13880 : 04CD;
    13881 : 050A;
    13882 : 067A;
    13883 : 0969;
    13884 : 0AAF;
    13885 : 0938;
    13886 : 0786;
    13887 : 06D4;
    13888 : 05BD;
    13889 : 04A7;
    13890 : 056B;
    13891 : 0666;
    13892 : 0599;
    13893 : 0471;
    13894 : 0396;
    13895 : 028C;
    13896 : 022E;
    13897 : 0263;
    13898 : 01E8;
    13899 : 00BD;
    13900 : 0029;
    13901 : 00CA;
    13902 : 01B2;
    13903 : 028D;
    13904 : 0384;
    13905 : 03B5;
    13906 : 03EA;
    13907 : 0550;
    13908 : 05F8;
    13909 : 04F5;
    13910 : 03AC;
    13911 : 023C;
    13912 : 00D0;
    13913 : FFF2;
    13914 : FF47;
    13915 : FF40;
    13916 : FFEA;
    13917 : 001D;
    13918 : 002E;
    13919 : 0061;
    13920 : FF69;
    13921 : FDEA;
    13922 : FD8A;
    13923 : FD42;
    13924 : FCB0;
    13925 : FD41;
    13926 : FD56;
    13927 : FB99;
    13928 : FB46;
    13929 : FCD7;
    13930 : FCDC;
    13931 : FB9C;
    13932 : FACE;
    13933 : F9D1;
    13934 : F8FA;
    13935 : F938;
    13936 : F9FA;
    13937 : FA95;
    13938 : FB01;
    13939 : FB2A;
    13940 : FAA1;
    13941 : F9B3;
    13942 : F8FC;
    13943 : F853;
    13944 : F8D3;
    13945 : FAB7;
    13946 : FB00;
    13947 : F9F2;
    13948 : FA4E;
    13949 : FABC;
    13950 : FA77;
    13951 : FAA4;
    13952 : FA16;
    13953 : F940;
    13954 : F998;
    13955 : F9BC;
    13956 : F998;
    13957 : F9F2;
    13958 : F9C9;
    13959 : F9AF;
    13960 : FAA9;
    13961 : FB8C;
    13962 : FBD4;
    13963 : FC56;
    13964 : FD2E;
    13965 : FDD9;
    13966 : FE16;
    13967 : FD7B;
    13968 : FC24;
    13969 : FB82;
    13970 : FB9B;
    13971 : FB37;
    13972 : FAE5;
    13973 : FA1B;
    13974 : F81B;
    13975 : F7DF;
    13976 : F99D;
    13977 : FA43;
    13978 : FA9A;
    13979 : FAEA;
    13980 : F9FF;
    13981 : FA01;
    13982 : FAAF;
    13983 : F9DE;
    13984 : F9DB;
    13985 : FBC2;
    13986 : FD50;
    13987 : FDD3;
    13988 : FD48;
    13989 : FC7B;
    13990 : FCB5;
    13991 : FC88;
    13992 : FB6F;
    13993 : FBA3;
    13994 : FD4E;
    13995 : FF4F;
    13996 : 01BB;
    13997 : 032C;
    13998 : 019D;
    13999 : FE52;
    14000 : FBFF;
    14001 : FBCA;
    14002 : FD9F;
    14003 : FFEC;
    14004 : 013D;
    14005 : 02F3;
    14006 : 0567;
    14007 : 05DB;
    14008 : 0429;
    14009 : 0354;
    14010 : 0423;
    14011 : 0503;
    14012 : 0547;
    14013 : 0520;
    14014 : 047E;
    14015 : 0438;
    14016 : 0562;
    14017 : 06BA;
    14018 : 074C;
    14019 : 07C0;
    14020 : 0748;
    14021 : 065B;
    14022 : 0691;
    14023 : 0612;
    14024 : 04FC;
    14025 : 060F;
    14026 : 0741;
    14027 : 070D;
    14028 : 07CC;
    14029 : 08BC;
    14030 : 08AC;
    14031 : 092A;
    14032 : 09C6;
    14033 : 0957;
    14034 : 087D;
    14035 : 078A;
    14036 : 065D;
    14037 : 057A;
    14038 : 05CD;
    14039 : 0712;
    14040 : 07CF;
    14041 : 07C0;
    14042 : 0772;
    14043 : 070A;
    14044 : 06B9;
    14045 : 0607;
    14046 : 0499;
    14047 : 0317;
    14048 : 020F;
    14049 : 01D8;
    14050 : 01DF;
    14051 : 01D6;
    14052 : 02E1;
    14053 : 03B7;
    14054 : 02CC;
    14055 : 0204;
    14056 : 013F;
    14057 : FFA4;
    14058 : FF71;
    14059 : 0076;
    14060 : 016D;
    14061 : 029B;
    14062 : 01D9;
    14063 : FECE;
    14064 : FC57;
    14065 : FA7F;
    14066 : F980;
    14067 : FA88;
    14068 : FC17;
    14069 : FDA3;
    14070 : FF68;
    14071 : 004F;
    14072 : 011B;
    14073 : 0204;
    14074 : 013F;
    14075 : FF60;
    14076 : FDB6;
    14077 : FC15;
    14078 : FAEF;
    14079 : FA4B;
    14080 : F987;
    14081 : F917;
    14082 : F94B;
    14083 : FA2D;
    14084 : FBDA;
    14085 : FCA2;
    14086 : FB97;
    14087 : FADD;
    14088 : FAC9;
    14089 : FA0D;
    14090 : FA6B;
    14091 : FC15;
    14092 : FB70;
    14093 : F8C4;
    14094 : F7FC;
    14095 : F9BC;
    14096 : FC21;
    14097 : FE33;
    14098 : FEE2;
    14099 : FCC4;
    14100 : F9A3;
    14101 : F905;
    14102 : FA00;
    14103 : FAA3;
    14104 : FBB4;
    14105 : FB78;
    14106 : F8EB;
    14107 : F777;
    14108 : F77D;
    14109 : F7A4;
    14110 : F8C6;
    14111 : F9DB;
    14112 : FAB7;
    14113 : FC61;
    14114 : FCDC;
    14115 : FC30;
    14116 : FC93;
    14117 : FDE3;
    14118 : FFAF;
    14119 : 00A0;
    14120 : 0001;
    14121 : FF6C;
    14122 : FD4F;
    14123 : F985;
    14124 : F8CA;
    14125 : FAD9;
    14126 : FD28;
    14127 : 00B5;
    14128 : 03C7;
    14129 : 044F;
    14130 : 02C5;
    14131 : FE8A;
    14132 : FA7E;
    14133 : FAE6;
    14134 : FD95;
    14135 : FFC3;
    14136 : 0125;
    14137 : 0095;
    14138 : FF58;
    14139 : FF77;
    14140 : FFDF;
    14141 : 0051;
    14142 : 00EB;
    14143 : 0016;
    14144 : FE1E;
    14145 : FC34;
    14146 : FA65;
    14147 : F98F;
    14148 : F9A7;
    14149 : F991;
    14150 : FA0F;
    14151 : FB16;
    14152 : FB20;
    14153 : FAAE;
    14154 : FA61;
    14155 : F988;
    14156 : F89A;
    14157 : F8AB;
    14158 : F998;
    14159 : FA46;
    14160 : FAB5;
    14161 : FBEC;
    14162 : FC70;
    14163 : FB01;
    14164 : F9FA;
    14165 : F9A7;
    14166 : F8DD;
    14167 : F987;
    14168 : FB71;
    14169 : FC93;
    14170 : FD2A;
    14171 : FC6A;
    14172 : FA94;
    14173 : F9E7;
    14174 : F961;
    14175 : F93D;
    14176 : FC08;
    14177 : FF58;
    14178 : FFE5;
    14179 : FE42;
    14180 : FBB1;
    14181 : F9EE;
    14182 : F9C7;
    14183 : FAC1;
    14184 : FD39;
    14185 : FF09;
    14186 : FD85;
    14187 : FB1F;
    14188 : F9B9;
    14189 : F83D;
    14190 : F77B;
    14191 : F7C2;
    14192 : F84F;
    14193 : F9D1;
    14194 : FA9C;
    14195 : F8CC;
    14196 : F73A;
    14197 : F725;
    14198 : F66E;
    14199 : F61A;
    14200 : F719;
    14201 : F6E1;
    14202 : F56C;
    14203 : F520;
    14204 : F5DD;
    14205 : F6B8;
    14206 : F7FE;
    14207 : F942;
    14208 : F8B1;
    14209 : F612;
    14210 : F44D;
    14211 : F471;
    14212 : F461;
    14213 : F4C4;
    14214 : F734;
    14215 : F96D;
    14216 : F9C2;
    14217 : F906;
    14218 : F7C1;
    14219 : F72F;
    14220 : F805;
    14221 : F877;
    14222 : F802;
    14223 : F843;
    14224 : F94D;
    14225 : FA2C;
    14226 : FAE2;
    14227 : FB35;
    14228 : FA88;
    14229 : F8D7;
    14230 : F669;
    14231 : F4F1;
    14232 : F6AA;
    14233 : FA1F;
    14234 : FC3F;
    14235 : FD1B;
    14236 : FDEC;
    14237 : FEAD;
    14238 : FE6A;
    14239 : FD1C;
    14240 : FD61;
    14241 : FF53;
    14242 : FF9B;
    14243 : FF55;
    14244 : 0090;
    14245 : 00C2;
    14246 : 0016;
    14247 : 0114;
    14248 : 0233;
    14249 : 01EC;
    14250 : 018D;
    14251 : 01BC;
    14252 : 01CF;
    14253 : 0166;
    14254 : 00F7;
    14255 : 00A8;
    14256 : 011D;
    14257 : 032E;
    14258 : 04AC;
    14259 : 0482;
    14260 : 04D8;
    14261 : 03DF;
    14262 : FFD5;
    14263 : FD40;
    14264 : FD9F;
    14265 : FD84;
    14266 : FC82;
    14267 : FC20;
    14268 : FD56;
    14269 : FFA3;
    14270 : 0003;
    14271 : FE5B;
    14272 : FE5A;
    14273 : FFE6;
    14274 : 008A;
    14275 : 0173;
    14276 : 02D4;
    14277 : 0176;
    14278 : FE73;
    14279 : FDEC;
    14280 : FEBB;
    14281 : FE39;
    14282 : FD5F;
    14283 : FD49;
    14284 : FE63;
    14285 : 00CD;
    14286 : 0278;
    14287 : 0180;
    14288 : FF13;
    14289 : FD62;
    14290 : FCC8;
    14291 : FD40;
    14292 : FF73;
    14293 : 00CB;
    14294 : FE70;
    14295 : FB94;
    14296 : FAAB;
    14297 : FA5A;
    14298 : FB61;
    14299 : FD54;
    14300 : FDB7;
    14301 : FCE9;
    14302 : FB52;
    14303 : F916;
    14304 : F80A;
    14305 : F87B;
    14306 : F97C;
    14307 : FA25;
    14308 : FA6B;
    14309 : FB60;
    14310 : FB3F;
    14311 : F8E9;
    14312 : F7B7;
    14313 : F825;
    14314 : F7FA;
    14315 : F6F4;
    14316 : F54E;
    14317 : F518;
    14318 : F71B;
    14319 : F7FC;
    14320 : F791;
    14321 : F7BE;
    14322 : F769;
    14323 : F638;
    14324 : F45F;
    14325 : F23C;
    14326 : F1F0;
    14327 : F344;
    14328 : F447;
    14329 : F54C;
    14330 : F6A8;
    14331 : F6EB;
    14332 : F584;
    14333 : F501;
    14334 : F6A6;
    14335 : F769;
    14336 : F6F6;
    14337 : F790;
    14338 : F7D6;
    14339 : F6AF;
    14340 : F4F4;
    14341 : F375;
    14342 : F3A1;
    14343 : F44A;
    14344 : F409;
    14345 : F47F;
    14346 : F476;
    14347 : F381;
    14348 : F55E;
    14349 : F8F4;
    14350 : FA77;
    14351 : FA49;
    14352 : F929;
    14353 : F7A4;
    14354 : F744;
    14355 : F751;
    14356 : F60B;
    14357 : F531;
    14358 : F767;
    14359 : FA11;
    14360 : FAAB;
    14361 : FC12;
    14362 : FDBA;
    14363 : FCA7;
    14364 : FBAF;
    14365 : FC15;
    14366 : FBCD;
    14367 : FBC2;
    14368 : FB71;
    14369 : F9DD;
    14370 : FA2A;
    14371 : FD0C;
    14372 : FEC3;
    14373 : FDCD;
    14374 : FCB6;
    14375 : FD12;
    14376 : FD7B;
    14377 : FEBB;
    14378 : 0267;
    14379 : 0596;
    14380 : 059C;
    14381 : 03BC;
    14382 : 01CB;
    14383 : FFCC;
    14384 : FD6B;
    14385 : FD79;
    14386 : 00E7;
    14387 : 038A;
    14388 : 04F8;
    14389 : 0638;
    14390 : 05D4;
    14391 : 0639;
    14392 : 078C;
    14393 : 06F5;
    14394 : 0648;
    14395 : 048D;
    14396 : 020B;
    14397 : 03DF;
    14398 : 060D;
    14399 : 0611;
    14400 : 08E5;
    14401 : 09E4;
    14402 : 0718;
    14403 : 083C;
    14404 : 0C68;
    14405 : 1107;
    14406 : 1730;
    14407 : 1B65;
    14408 : 1CD8;
    14409 : 1B5E;
    14410 : 14CA;
    14411 : 0ED9;
    14412 : 0D82;
    14413 : 0CC0;
    14414 : 0CD8;
    14415 : 0F91;
    14416 : 12C4;
    14417 : 145C;
    14418 : 118F;
    14419 : 0B27;
    14420 : 081A;
    14421 : 0A29;
    14422 : 0CD0;
    14423 : 1000;
    14424 : 1453;
    14425 : 165B;
    14426 : 1774;
    14427 : 1A70;
    14428 : 1B58;
    14429 : 18B4;
    14430 : 1499;
    14431 : 0E6E;
    14432 : 09CA;
    14433 : 0A08;
    14434 : 0B3F;
    14435 : 0C1A;
    14436 : 0CD3;
    14437 : 0BC8;
    14438 : 0BD7;
    14439 : 0D3E;
    14440 : 0C01;
    14441 : 0B5B;
    14442 : 0E72;
    14443 : 100C;
    14444 : 0E65;
    14445 : 0DD7;
    14446 : 0C46;
    14447 : 07A8;
    14448 : 094B;
    14449 : 106E;
    14450 : 0F61;
    14451 : 0AD9;
    14452 : 0A67;
    14453 : 04C4;
    14454 : FF99;
    14455 : 058E;
    14456 : 0A46;
    14457 : 08F3;
    14458 : 09A2;
    14459 : 0941;
    14460 : 06C7;
    14461 : 05F3;
    14462 : 03CB;
    14463 : 0007;
    14464 : FF0F;
    14465 : 01C4;
    14466 : 02A2;
    14467 : FD93;
    14468 : F929;
    14469 : F76A;
    14470 : F3F9;
    14471 : F823;
    14472 : 06A6;
    14473 : 0E23;
    14474 : 0ADF;
    14475 : 0674;
    14476 : FED4;
    14477 : F291;
    14478 : EAC7;
    14479 : EC22;
    14480 : F1F4;
    14481 : F7A7;
    14482 : FCAF;
    14483 : FF7D;
    14484 : FEC5;
    14485 : FF34;
    14486 : 02DD;
    14487 : 01C5;
    14488 : F895;
    14489 : F031;
    14490 : EB6F;
    14491 : E53C;
    14492 : E2D3;
    14493 : E99D;
    14494 : F2ED;
    14495 : FBE2;
    14496 : 02F1;
    14497 : 0117;
    14498 : FA02;
    14499 : F44C;
    14500 : ED5E;
    14501 : E8CE;
    14502 : EB0B;
    14503 : EC73;
    14504 : E8EB;
    14505 : E6A8;
    14506 : E90F;
    14507 : EDBA;
    14508 : F4A8;
    14509 : FCA7;
    14510 : FC0C;
    14511 : F193;
    14512 : E9D3;
    14513 : E76C;
    14514 : E6F0;
    14515 : EB70;
    14516 : F108;
    14517 : F19A;
    14518 : EF0A;
    14519 : EB2D;
    14520 : E8CB;
    14521 : E9B0;
    14522 : EBA9;
    14523 : EF77;
    14524 : F28E;
    14525 : F040;
    14526 : EC22;
    14527 : E925;
    14528 : E870;
    14529 : EC78;
    14530 : F0E4;
    14531 : F327;
    14532 : F57C;
    14533 : F462;
    14534 : F07C;
    14535 : F036;
    14536 : F19B;
    14537 : F0E7;
    14538 : F10F;
    14539 : F2EF;
    14540 : F22A;
    14541 : EFAD;
    14542 : F23A;
    14543 : F6B0;
    14544 : F53A;
    14545 : F321;
    14546 : F3B1;
    14547 : EF21;
    14548 : EA8E;
    14549 : F1F3;
    14550 : FC7D;
    14551 : FE58;
    14552 : FEFB;
    14553 : 0047;
    14554 : F95A;
    14555 : F2EA;
    14556 : F4C0;
    14557 : F2B9;
    14558 : EFD0;
    14559 : F6B4;
    14560 : FB40;
    14561 : FB77;
    14562 : 02B7;
    14563 : 048E;
    14564 : F98F;
    14565 : F55F;
    14566 : FC21;
    14567 : FEFC;
    14568 : FF83;
    14569 : 051A;
    14570 : 0735;
    14571 : 0333;
    14572 : 046A;
    14573 : 07D7;
    14574 : 0517;
    14575 : 048C;
    14576 : 0794;
    14577 : 0591;
    14578 : 0340;
    14579 : 03EB;
    14580 : 0186;
    14581 : FE86;
    14582 : 00E5;
    14583 : 06B1;
    14584 : 0A81;
    14585 : 0BB1;
    14586 : 0CC1;
    14587 : 0A03;
    14588 : 0331;
    14589 : 01A4;
    14590 : 04FA;
    14591 : 06C9;
    14592 : 0904;
    14593 : 0A83;
    14594 : 08B6;
    14595 : 0934;
    14596 : 0E4A;
    14597 : 12CD;
    14598 : 1280;
    14599 : 0E91;
    14600 : 0AB1;
    14601 : 06C0;
    14602 : 0487;
    14603 : 0A02;
    14604 : 1375;
    14605 : 1732;
    14606 : 15FA;
    14607 : 153A;
    14608 : 13A2;
    14609 : 1048;
    14610 : 1035;
    14611 : 12C4;
    14612 : 1103;
    14613 : 0C5B;
    14614 : 09FB;
    14615 : 09EA;
    14616 : 0CFC;
    14617 : 1251;
    14618 : 155A;
    14619 : 14CA;
    14620 : 1190;
    14621 : 0E04;
    14622 : 0C67;
    14623 : 0B96;
    14624 : 0C1C;
    14625 : 0DA7;
    14626 : 0BDA;
    14627 : 077F;
    14628 : 04FE;
    14629 : 0612;
    14630 : 09FD;
    14631 : 0D73;
    14632 : 0F2E;
    14633 : 0E73;
    14634 : 0AA5;
    14635 : 0ABC;
    14636 : 1009;
    14637 : 12C2;
    14638 : 14DB;
    14639 : 160E;
    14640 : 0F45;
    14641 : 0904;
    14642 : 0C01;
    14643 : 1115;
    14644 : 1427;
    14645 : 1515;
    14646 : 11CE;
    14647 : 0CCB;
    14648 : 0857;
    14649 : 0575;
    14650 : 08A9;
    14651 : 10FB;
    14652 : 1542;
    14653 : 12FE;
    14654 : 0F87;
    14655 : 09D7;
    14656 : 030F;
    14657 : 05AF;
    14658 : 0D1E;
    14659 : 0CCD;
    14660 : 0B69;
    14661 : 0BDA;
    14662 : 072E;
    14663 : 06E9;
    14664 : 0D2E;
    14665 : 0AAC;
    14666 : 046E;
    14667 : 0576;
    14668 : 047A;
    14669 : 021A;
    14670 : 08F0;
    14671 : 0DC8;
    14672 : 0737;
    14673 : 02A5;
    14674 : 0356;
    14675 : 011F;
    14676 : 01D3;
    14677 : 07F0;
    14678 : 0B48;
    14679 : 0B83;
    14680 : 07DC;
    14681 : FEAC;
    14682 : F862;
    14683 : F8B6;
    14684 : FCB7;
    14685 : 037C;
    14686 : 0784;
    14687 : 058D;
    14688 : 00E2;
    14689 : FAEB;
    14690 : F789;
    14691 : F9C3;
    14692 : FC7C;
    14693 : FC44;
    14694 : FB26;
    14695 : FB52;
    14696 : FB5E;
    14697 : F951;
    14698 : F8E7;
    14699 : F96D;
    14700 : F5B4;
    14701 : F2CA;
    14702 : F27C;
    14703 : F0D4;
    14704 : F4E6;
    14705 : FCFF;
    14706 : FC35;
    14707 : F769;
    14708 : F591;
    14709 : F079;
    14710 : EC08;
    14711 : F0F5;
    14712 : F890;
    14713 : FAEB;
    14714 : FB8B;
    14715 : FBF7;
    14716 : F980;
    14717 : F9B2;
    14718 : FF42;
    14719 : FFE7;
    14720 : F9E1;
    14721 : F5E6;
    14722 : F35D;
    14723 : F072;
    14724 : F29E;
    14725 : F9CC;
    14726 : FE32;
    14727 : FBDB;
    14728 : F7F2;
    14729 : F71C;
    14730 : F798;
    14731 : FAA3;
    14732 : 00C6;
    14733 : 0315;
    14734 : 0048;
    14735 : FCE6;
    14736 : F8B1;
    14737 : F505;
    14738 : F600;
    14739 : F950;
    14740 : FAA3;
    14741 : FBAC;
    14742 : FC44;
    14743 : F865;
    14744 : F662;
    14745 : FBD1;
    14746 : FEB3;
    14747 : FE08;
    14748 : 00D7;
    14749 : FFBF;
    14750 : FB62;
    14751 : FD11;
    14752 : FEA8;
    14753 : FDF4;
    14754 : FEC1;
    14755 : FC0C;
    14756 : F8BA;
    14757 : F8C8;
    14758 : F76D;
    14759 : F844;
    14760 : FD07;
    14761 : FEDB;
    14762 : FF51;
    14763 : 00BB;
    14764 : FF64;
    14765 : FCD5;
    14766 : FD59;
    14767 : FEC6;
    14768 : FD02;
    14769 : FB36;
    14770 : FABD;
    14771 : F65F;
    14772 : F375;
    14773 : F854;
    14774 : FC3C;
    14775 : FC12;
    14776 : FC34;
    14777 : FAA9;
    14778 : F8FB;
    14779 : F996;
    14780 : F8FD;
    14781 : F7B7;
    14782 : F87E;
    14783 : F9AA;
    14784 : F890;
    14785 : F704;
    14786 : F7DF;
    14787 : F69A;
    14788 : F3B3;
    14789 : F7A8;
    14790 : FCE1;
    14791 : FBA9;
    14792 : FB07;
    14793 : FBEA;
    14794 : F886;
    14795 : F389;
    14796 : F0D0;
    14797 : F00E;
    14798 : F090;
    14799 : F32A;
    14800 : F722;
    14801 : F896;
    14802 : F705;
    14803 : F3C9;
    14804 : F163;
    14805 : F433;
    14806 : F680;
    14807 : F48A;
    14808 : F639;
    14809 : F67E;
    14810 : F07C;
    14811 : F042;
    14812 : F4A8;
    14813 : F623;
    14814 : F9C0;
    14815 : FC74;
    14816 : F868;
    14817 : F3E4;
    14818 : F38A;
    14819 : F4AA;
    14820 : F4FD;
    14821 : F7B8;
    14822 : FBBF;
    14823 : F910;
    14824 : F591;
    14825 : F7D3;
    14826 : F66B;
    14827 : F57A;
    14828 : FD08;
    14829 : FF9D;
    14830 : FB6F;
    14831 : FD81;
    14832 : 0057;
    14833 : FD06;
    14834 : FD7B;
    14835 : 0239;
    14836 : FEEB;
    14837 : F9AE;
    14838 : FF66;
    14839 : 04B8;
    14840 : 0421;
    14841 : 0A34;
    14842 : 0CF9;
    14843 : 0128;
    14844 : F968;
    14845 : FC97;
    14846 : FE67;
    14847 : 019B;
    14848 : 0A53;
    14849 : 0D52;
    14850 : 071B;
    14851 : 03D3;
    14852 : 06A2;
    14853 : 07B4;
    14854 : 097F;
    14855 : 0E24;
    14856 : 0D9B;
    14857 : 0987;
    14858 : 07D6;
    14859 : 0655;
    14860 : 0696;
    14861 : 0AB0;
    14862 : 0E99;
    14863 : 1046;
    14864 : 10FE;
    14865 : 1219;
    14866 : 10E3;
    14867 : 0BA0;
    14868 : 0912;
    14869 : 0A29;
    14870 : 08E0;
    14871 : 0912;
    14872 : 0E58;
    14873 : 1304;
    14874 : 1456;
    14875 : 14AA;
    14876 : 14E9;
    14877 : 1355;
    14878 : 1245;
    14879 : 1585;
    14880 : 16DC;
    14881 : 14CC;
    14882 : 172D;
    14883 : 17D0;
    14884 : 12AA;
    14885 : 1309;
    14886 : 15EF;
    14887 : 1554;
    14888 : 19CD;
    14889 : 1DEF;
    14890 : 179C;
    14891 : 10FF;
    14892 : 0F69;
    14893 : 0CF3;
    14894 : 0CE6;
    14895 : 1160;
    14896 : 1343;
    14897 : 118A;
    14898 : 1250;
    14899 : 1640;
    14900 : 18E0;
    14901 : 19C0;
    14902 : 1ADC;
    14903 : 1A2B;
    14904 : 1681;
    14905 : 1258;
    14906 : 0DAA;
    14907 : 085E;
    14908 : 05BB;
    14909 : 0607;
    14910 : 06DB;
    14911 : 0980;
    14912 : 0F62;
    14913 : 14FC;
    14914 : 1676;
    14915 : 1449;
    14916 : 10CF;
    14917 : 0DFC;
    14918 : 0D72;
    14919 : 0E3B;
    14920 : 0D81;
    14921 : 0C70;
    14922 : 0E41;
    14923 : 10AF;
    14924 : 10B3;
    14925 : 122F;
    14926 : 163C;
    14927 : 1590;
    14928 : 0FCA;
    14929 : 0B96;
    14930 : 0880;
    14931 : 0686;
    14932 : 08A4;
    14933 : 0A93;
    14934 : 0ACA;
    14935 : 0B2F;
    14936 : 0827;
    14937 : 0579;
    14938 : 0830;
    14939 : 095A;
    14940 : 08F2;
    14941 : 0BCE;
    14942 : 0B16;
    14943 : 039F;
    14944 : FDE3;
    14945 : 002A;
    14946 : 064F;
    14947 : 097C;
    14948 : 0C89;
    14949 : 0F02;
    14950 : 094D;
    14951 : 0303;
    14952 : 03D8;
    14953 : 04B6;
    14954 : 065F;
    14955 : 09F5;
    14956 : 0838;
    14957 : 047D;
    14958 : 03F2;
    14959 : 0389;
    14960 : 02E9;
    14961 : 044F;
    14962 : 07C7;
    14963 : 0933;
    14964 : 0788;
    14965 : 082C;
    14966 : 07A8;
    14967 : 02C3;
    14968 : 0250;
    14969 : 04EE;
    14970 : 0329;
    14971 : 01A8;
    14972 : 0227;
    14973 : FFC0;
    14974 : FCFC;
    14975 : FF9F;
    14976 : 03CB;
    14977 : 028C;
    14978 : 00CC;
    14979 : 015F;
    14980 : FE32;
    14981 : FC27;
    14982 : FE50;
    14983 : FD47;
    14984 : FCDF;
    14985 : 000F;
    14986 : 0089;
    14987 : FF9B;
    14988 : FE62;
    14989 : FB07;
    14990 : F83E;
    14991 : F86E;
    14992 : FC7E;
    14993 : FFBC;
    14994 : FF40;
    14995 : 000C;
    14996 : FD95;
    14997 : F672;
    14998 : F64F;
    14999 : F9B8;
    15000 : F841;
    15001 : F61F;
    15002 : F398;
    15003 : EF8B;
    15004 : ED1A;
    15005 : EF67;
    15006 : F67C;
    15007 : F8F8;
    15008 : F4F5;
    15009 : F2AD;
    15010 : EF0B;
    15011 : E9E4;
    15012 : EA34;
    15013 : EE39;
    15014 : F4BF;
    15015 : F8B5;
    15016 : F3BF;
    15017 : EDFE;
    15018 : E99A;
    15019 : E3BD;
    15020 : E510;
    15021 : EB9D;
    15022 : ED6C;
    15023 : EC64;
    15024 : EAD3;
    15025 : E79A;
    15026 : E549;
    15027 : E69C;
    15028 : E789;
    15029 : E31F;
    15030 : E056;
    15031 : E253;
    15032 : E15C;
    15033 : E1B4;
    15034 : E723;
    15035 : E941;
    15036 : E91F;
    15037 : EA46;
    15038 : E92F;
    15039 : E615;
    15040 : E325;
    15041 : E31A;
    15042 : E58B;
    15043 : E6B4;
    15044 : E820;
    15045 : E809;
    15046 : E57B;
    15047 : E701;
    15048 : E882;
    15049 : E660;
    15050 : E721;
    15051 : E726;
    15052 : E452;
    15053 : E514;
    15054 : E7A6;
    15055 : EA00;
    15056 : EC0A;
    15057 : EB5F;
    15058 : EA3F;
    15059 : E899;
    15060 : E576;
    15061 : E5AE;
    15062 : E92C;
    15063 : EBB1;
    15064 : ECC4;
    15065 : EE0C;
    15066 : EF9E;
    15067 : EEC2;
    15068 : EDE2;
    15069 : F0E3;
    15070 : F377;
    15071 : F4B1;
    15072 : F6EF;
    15073 : F73B;
    15074 : F673;
    15075 : F6B4;
    15076 : F60F;
    15077 : F495;
    15078 : F2CE;
    15079 : F240;
    15080 : F3DD;
    15081 : F61B;
    15082 : FAEB;
    15083 : FECA;
    15084 : FC1D;
    15085 : FB4D;
    15086 : FEF3;
    15087 : FEE6;
    15088 : 00AD;
    15089 : 0793;
    15090 : 07A7;
    15091 : 013A;
    15092 : FFC1;
    15093 : 0196;
    15094 : 013D;
    15095 : 0331;
    15096 : 07E5;
    15097 : 08A1;
    15098 : 0725;
    15099 : 07FA;
    15100 : 085D;
    15101 : 0855;
    15102 : 0B0D;
    15103 : 0E0F;
    15104 : 0E67;
    15105 : 0D5E;
    15106 : 0B03;
    15107 : 068B;
    15108 : 04DC;
    15109 : 08A2;
    15110 : 0B5D;
    15111 : 0CA3;
    15112 : 100C;
    15113 : 0F38;
    15114 : 0AD0;
    15115 : 0BAE;
    15116 : 0D8E;
    15117 : 0C17;
    15118 : 0C41;
    15119 : 0CFF;
    15120 : 0C99;
    15121 : 0F00;
    15122 : 12E5;
    15123 : 1415;
    15124 : 13DF;
    15125 : 13B1;
    15126 : 121D;
    15127 : 117A;
    15128 : 1353;
    15129 : 133F;
    15130 : 12D2;
    15131 : 1662;
    15132 : 180E;
    15133 : 155A;
    15134 : 14DF;
    15135 : 167E;
    15136 : 15C9;
    15137 : 141E;
    15138 : 12C8;
    15139 : 0F62;
    15140 : 0CF9;
    15141 : 109B;
    15142 : 14D5;
    15143 : 178B;
    15144 : 1C87;
    15145 : 19BE;
    15146 : 0E9A;
    15147 : 0CAE;
    15148 : 102A;
    15149 : 0FB3;
    15150 : 1469;
    15151 : 19DC;
    15152 : 1521;
    15153 : 0F97;
    15154 : 10D9;
    15155 : 1289;
    15156 : 1244;
    15157 : 14AF;
    15158 : 15CF;
    15159 : 0EF8;
    15160 : 0A54;
    15161 : 0D3B;
    15162 : 0D21;
    15163 : 0CD2;
    15164 : 100C;
    15165 : 0DC1;
    15166 : 0950;
    15167 : 07FE;
    15168 : 0564;
    15169 : 04A4;
    15170 : 07D1;
    15171 : 0996;
    15172 : 0864;
    15173 : 05DF;
    15174 : 03B9;
    15175 : 01EC;
    15176 : 01AB;
    15177 : 041E;
    15178 : 0437;
    15179 : 01BB;
    15180 : 003D;
    15181 : FD7C;
    15182 : FBCD;
    15183 : FC71;
    15184 : FBFE;
    15185 : FE3B;
    15186 : 010F;
    15187 : FEB4;
    15188 : FC86;
    15189 : FBA1;
    15190 : F8B9;
    15191 : F673;
    15192 : F62E;
    15193 : F6A6;
    15194 : F51F;
    15195 : F36C;
    15196 : F592;
    15197 : F5AD;
    15198 : F3D6;
    15199 : F58C;
    15200 : F44E;
    15201 : F1C0;
    15202 : F3E1;
    15203 : F3C3;
    15204 : F242;
    15205 : F2BD;
    15206 : F0C8;
    15207 : EF94;
    15208 : F15C;
    15209 : F35F;
    15210 : F477;
    15211 : F212;
    15212 : EF5D;
    15213 : ED98;
    15214 : E9E8;
    15215 : EBF0;
    15216 : F26B;
    15217 : F2C7;
    15218 : F228;
    15219 : F347;
    15220 : F0AD;
    15221 : EE8F;
    15222 : F0C3;
    15223 : F4E9;
    15224 : F802;
    15225 : F805;
    15226 : F5A4;
    15227 : F0E4;
    15228 : ECB3;
    15229 : ECEF;
    15230 : EE98;
    15231 : F15E;
    15232 : F4AB;
    15233 : F329;
    15234 : F079;
    15235 : F0D4;
    15236 : F1CA;
    15237 : F3FE;
    15238 : F674;
    15239 : F6D4;
    15240 : F4EB;
    15241 : F21C;
    15242 : F444;
    15243 : F984;
    15244 : FC57;
    15245 : 00FE;
    15246 : 02D5;
    15247 : FB78;
    15248 : F558;
    15249 : F474;
    15250 : F4B8;
    15251 : F832;
    15252 : FDA8;
    15253 : 0137;
    15254 : FFD7;
    15255 : FB5D;
    15256 : FC00;
    15257 : FEC6;
    15258 : FFD6;
    15259 : 05F3;
    15260 : 0894;
    15261 : FF4D;
    15262 : F9EA;
    15263 : FD07;
    15264 : FCD7;
    15265 : FD47;
    15266 : 026E;
    15267 : 0081;
    15268 : F90E;
    15269 : FB48;
    15270 : 027D;
    15271 : 03BE;
    15272 : 0550;
    15273 : 0734;
    15274 : 0357;
    15275 : 0108;
    15276 : 0128;
    15277 : FDA8;
    15278 : FCB2;
    15279 : 0030;
    15280 : 0154;
    15281 : 018D;
    15282 : 03AD;
    15283 : 0437;
    15284 : 024E;
    15285 : 020F;
    15286 : 0367;
    15287 : 0230;
    15288 : 0091;
    15289 : 0107;
    15290 : 0152;
    15291 : 0493;
    15292 : 0A01;
    15293 : 08E7;
    15294 : 0436;
    15295 : 029C;
    15296 : 01C5;
    15297 : 03F1;
    15298 : 0A7B;
    15299 : 0CEC;
    15300 : 09CA;
    15301 : 062B;
    15302 : 017C;
    15303 : FD9B;
    15304 : FE49;
    15305 : FFC7;
    15306 : 0016;
    15307 : 0118;
    15308 : FF8E;
    15309 : FBF2;
    15310 : FCC8;
    15311 : 00EB;
    15312 : 03C4;
    15313 : 05BE;
    15314 : 06C6;
    15315 : 0562;
    15316 : 0204;
    15317 : FF41;
    15318 : FEF6;
    15319 : FED6;
    15320 : FD96;
    15321 : FD30;
    15322 : FD3B;
    15323 : FDA3;
    15324 : FFD1;
    15325 : 015B;
    15326 : FFD9;
    15327 : FD59;
    15328 : FB90;
    15329 : F9ED;
    15330 : FA76;
    15331 : FE90;
    15332 : 004D;
    15333 : FD7E;
    15334 : FBFF;
    15335 : FAAA;
    15336 : F7BA;
    15337 : FA2C;
    15338 : 00EB;
    15339 : 0357;
    15340 : 0141;
    15341 : FE6A;
    15342 : FBEE;
    15343 : FB11;
    15344 : FD8C;
    15345 : 0200;
    15346 : 042B;
    15347 : 0268;
    15348 : FD2A;
    15349 : F787;
    15350 : F77E;
    15351 : FAB2;
    15352 : FCC5;
    15353 : 015B;
    15354 : 0461;
    15355 : 0049;
    15356 : FC9D;
    15357 : FC78;
    15358 : FDBD;
    15359 : 0303;
    15360 : 087E;
    15361 : 07E1;
    15362 : 0329;
    15363 : FEE3;
    15364 : FCD5;
    15365 : FCA4;
    15366 : FF2B;
    15367 : 033E;
    15368 : 04CF;
    15369 : 04A3;
    15370 : 0215;
    15371 : FD27;
    15372 : FE8D;
    15373 : 0431;
    15374 : 05E7;
    15375 : 08D3;
    15376 : 0AE3;
    15377 : 05D2;
    15378 : 040B;
    15379 : 0A74;
    15380 : 1057;
    15381 : 12C9;
    15382 : 13FC;
    15383 : 1416;
    15384 : 1147;
    15385 : 0CB1;
    15386 : 0ACC;
    15387 : 0B3C;
    15388 : 0C0C;
    15389 : 0D50;
    15390 : 0DA1;
    15391 : 0DAB;
    15392 : 0F57;
    15393 : 1374;
    15394 : 18CF;
    15395 : 1A4F;
    15396 : 1848;
    15397 : 154A;
    15398 : 0E4B;
    15399 : 0909;
    15400 : 0C84;
    15401 : 121D;
    15402 : 15C1;
    15403 : 1792;
    15404 : 15BF;
    15405 : 13C7;
    15406 : 14D9;
    15407 : 187B;
    15408 : 1B7D;
    15409 : 1918;
    15410 : 155D;
    15411 : 1395;
    15412 : 100A;
    15413 : 0EE4;
    15414 : 1199;
    15415 : 12DE;
    15416 : 1574;
    15417 : 1885;
    15418 : 16FB;
    15419 : 144C;
    15420 : 11F8;
    15421 : 0ED2;
    15422 : 0D6B;
    15423 : 0DE6;
    15424 : 0EAA;
    15425 : 0E8E;
    15426 : 0DB2;
    15427 : 0DCE;
    15428 : 0DC4;
    15429 : 0D60;
    15430 : 0E29;
    15431 : 0E16;
    15432 : 0CA2;
    15433 : 0B5B;
    15434 : 0A4B;
    15435 : 09F9;
    15436 : 09FB;
    15437 : 0962;
    15438 : 087E;
    15439 : 08D4;
    15440 : 0B4D;
    15441 : 0AE9;
    15442 : 0656;
    15443 : 04DB;
    15444 : 0515;
    15445 : 02DD;
    15446 : 02B2;
    15447 : 040E;
    15448 : 0459;
    15449 : 04C7;
    15450 : 0370;
    15451 : 0221;
    15452 : 02B9;
    15453 : 0197;
    15454 : 0179;
    15455 : 0355;
    15456 : 00F2;
    15457 : FC70;
    15458 : FA1D;
    15459 : F81A;
    15460 : F763;
    15461 : FA10;
    15462 : FE09;
    15463 : 0052;
    15464 : 008A;
    15465 : FFCC;
    15466 : FDD5;
    15467 : FCD4;
    15468 : FF1A;
    15469 : FE8B;
    15470 : F7AF;
    15471 : F2C9;
    15472 : F432;
    15473 : F70A;
    15474 : F952;
    15475 : FBDB;
    15476 : FC4D;
    15477 : FAAA;
    15478 : FA10;
    15479 : F93D;
    15480 : F7E2;
    15481 : F950;
    15482 : FAD5;
    15483 : FA3F;
    15484 : FB02;
    15485 : FACC;
    15486 : F7A5;
    15487 : F6C5;
    15488 : F8B0;
    15489 : FADD;
    15490 : FD16;
    15491 : FD13;
    15492 : FAC1;
    15493 : F86E;
    15494 : F650;
    15495 : F680;
    15496 : F92F;
    15497 : F990;
    15498 : F764;
    15499 : F678;
    15500 : F7AF;
    15501 : FB24;
    15502 : FFD0;
    15503 : 0211;
    15504 : 00CE;
    15505 : FD66;
    15506 : F853;
    15507 : F470;
    15508 : F5E2;
    15509 : FB11;
    15510 : FF4A;
    15511 : 00DD;
    15512 : FF54;
    15513 : FAE8;
    15514 : F646;
    15515 : F46A;
    15516 : F6A8;
    15517 : FB6E;
    15518 : FE82;
    15519 : FE36;
    15520 : FC8B;
    15521 : FA5C;
    15522 : F940;
    15523 : FD91;
    15524 : 0533;
    15525 : 06E4;
    15526 : 0140;
    15527 : FB94;
    15528 : F8AE;
    15529 : F758;
    15530 : F874;
    15531 : FC29;
    15532 : FFF6;
    15533 : 00FD;
    15534 : FF12;
    15535 : FD22;
    15536 : FC46;
    15537 : FACA;
    15538 : F948;
    15539 : FA1E;
    15540 : FC9C;
    15541 : FDB7;
    15542 : FD21;
    15543 : FC89;
    15544 : FAD5;
    15545 : F824;
    15546 : F8DA;
    15547 : FC40;
    15548 : FC16;
    15549 : F92C;
    15550 : F8E7;
    15551 : F9D1;
    15552 : F8E7;
    15553 : F886;
    15554 : F88F;
    15555 : F64B;
    15556 : F500;
    15557 : F726;
    15558 : F853;
    15559 : F76E;
    15560 : F7AB;
    15561 : F820;
    15562 : F799;
    15563 : F8B1;
    15564 : FA7F;
    15565 : F8AC;
    15566 : F5A3;
    15567 : F5CF;
    15568 : F567;
    15569 : F40B;
    15570 : F717;
    15571 : F850;
    15572 : F21F;
    15573 : EE6D;
    15574 : EFAE;
    15575 : EF45;
    15576 : F1E1;
    15577 : F8CC;
    15578 : F9AC;
    15579 : F440;
    15580 : F01D;
    15581 : EDF4;
    15582 : EDBB;
    15583 : F0B7;
    15584 : F4C3;
    15585 : F893;
    15586 : FA96;
    15587 : F6F6;
    15588 : F0B2;
    15589 : EE8E;
    15590 : EEC3;
    15591 : EEBB;
    15592 : F218;
    15593 : F733;
    15594 : F841;
    15595 : F73C;
    15596 : F812;
    15597 : F979;
    15598 : FAA2;
    15599 : FB48;
    15600 : F947;
    15601 : F665;
    15602 : F63A;
    15603 : F748;
    15604 : F91E;
    15605 : FCDE;
    15606 : FD91;
    15607 : FA09;
    15608 : F8E9;
    15609 : F9A7;
    15610 : F96A;
    15611 : FC5F;
    15612 : 007C;
    15613 : FF83;
    15614 : FC2F;
    15615 : F9D6;
    15616 : F8F0;
    15617 : FC8A;
    15618 : 02BA;
    15619 : 05B8;
    15620 : 0554;
    15621 : 027E;
    15622 : FDF0;
    15623 : FB9B;
    15624 : FBCF;
    15625 : FBE0;
    15626 : FCE3;
    15627 : FEC5;
    15628 : FFA9;
    15629 : 0154;
    15630 : 0444;
    15631 : 05A7;
    15632 : 057E;
    15633 : 0578;
    15634 : 0490;
    15635 : 01EC;
    15636 : 00A3;
    15637 : 02BF;
    15638 : 046D;
    15639 : 041F;
    15640 : 059B;
    15641 : 081C;
    15642 : 08E6;
    15643 : 09ED;
    15644 : 0B78;
    15645 : 0CBA;
    15646 : 0DDF;
    15647 : 0B11;
    15648 : 05F9;
    15649 : 06F9;
    15650 : 0A71;
    15651 : 0966;
    15652 : 097C;
    15653 : 0A91;
    15654 : 05CA;
    15655 : 0317;
    15656 : 091A;
    15657 : 0E2C;
    15658 : 0FAB;
    15659 : 125B;
    15660 : 1124;
    15661 : 0B89;
    15662 : 0A1A;
    15663 : 0B85;
    15664 : 0B4E;
    15665 : 0CD6;
    15666 : 0F29;
    15667 : 0D05;
    15668 : 08C1;
    15669 : 0741;
    15670 : 085E;
    15671 : 0AF5;
    15672 : 0E74;
    15673 : 1016;
    15674 : 0E91;
    15675 : 0C36;
    15676 : 0A20;
    15677 : 0949;
    15678 : 0B8A;
    15679 : 0DF2;
    15680 : 0D95;
    15681 : 0D15;
    15682 : 0D25;
    15683 : 0D96;
    15684 : 1104;
    15685 : 14A9;
    15686 : 1457;
    15687 : 1275;
    15688 : 0EDB;
    15689 : 087F;
    15690 : 0648;
    15691 : 0951;
    15692 : 0A1D;
    15693 : 0AFA;
    15694 : 0F0F;
    15695 : 0E40;
    15696 : 0A6F;
    15697 : 0D9F;
    15698 : 116A;
    15699 : 101D;
    15700 : 10FF;
    15701 : 0FB8;
    15702 : 06A1;
    15703 : 02B7;
    15704 : 07D7;
    15705 : 0B49;
    15706 : 0E4F;
    15707 : 120A;
    15708 : 0E84;
    15709 : 097F;
    15710 : 0B58;
    15711 : 0CAA;
    15712 : 0BF5;
    15713 : 0E41;
    15714 : 0C38;
    15715 : 0423;
    15716 : 005B;
    15717 : FFD4;
    15718 : FE2F;
    15719 : 0027;
    15720 : 03C4;
    15721 : 0404;
    15722 : 03C1;
    15723 : 0256;
    15724 : FF35;
    15725 : 012A;
    15726 : 05FA;
    15727 : 05A4;
    15728 : 0435;
    15729 : 04A4;
    15730 : 0108;
    15731 : FCC8;
    15732 : FE98;
    15733 : 0051;
    15734 : FDA3;
    15735 : FC41;
    15736 : FCD0;
    15737 : FC56;
    15738 : FD9C;
    15739 : 0126;
    15740 : 019C;
    15741 : FD86;
    15742 : F927;
    15743 : F77C;
    15744 : F80E;
    15745 : F9D0;
    15746 : FC51;
    15747 : FDF9;
    15748 : FC85;
    15749 : F94D;
    15750 : F7B9;
    15751 : F724;
    15752 : F657;
    15753 : F69D;
    15754 : F5B8;
    15755 : F257;
    15756 : F122;
    15757 : F225;
    15758 : F1DC;
    15759 : F1F2;
    15760 : F1DC;
    15761 : EF69;
    15762 : EEBC;
    15763 : F136;
    15764 : F2D8;
    15765 : F416;
    15766 : F5B5;
    15767 : F47E;
    15768 : F102;
    15769 : EDD3;
    15770 : EACB;
    15771 : EB4B;
    15772 : F18A;
    15773 : F5DB;
    15774 : F50E;
    15775 : F530;
    15776 : F4F9;
    15777 : F2C4;
    15778 : F4A5;
    15779 : F6C5;
    15780 : F2B8;
    15781 : F084;
    15782 : F2CF;
    15783 : F233;
    15784 : F2CF;
    15785 : F882;
    15786 : F92B;
    15787 : F37F;
    15788 : F11B;
    15789 : F064;
    15790 : EE5F;
    15791 : F0CA;
    15792 : F51D;
    15793 : F5F1;
    15794 : F6E6;
    15795 : F6EA;
    15796 : F3DA;
    15797 : F31D;
    15798 : F3FB;
    15799 : F4E3;
    15800 : F8D8;
    15801 : F8C4;
    15802 : F1F4;
    15803 : F04A;
    15804 : F3AC;
    15805 : F471;
    15806 : F77F;
    15807 : FCD7;
    15808 : FC5C;
    15809 : F9F1;
    15810 : FB65;
    15811 : FC95;
    15812 : FDAE;
    15813 : 0183;
    15814 : 02FC;
    15815 : 0122;
    15816 : FFF4;
    15817 : FC8E;
    15818 : F8FB;
    15819 : FDE9;
    15820 : 072D;
    15821 : 0B99;
    15822 : 0C0F;
    15823 : 0A75;
    15824 : 06C3;
    15825 : 03F9;
    15826 : 043C;
    15827 : 06AB;
    15828 : 08F7;
    15829 : 08F2;
    15830 : 06EC;
    15831 : 053A;
    15832 : 054B;
    15833 : 06D4;
    15834 : 0A35;
    15835 : 0E95;
    15836 : 0F6A;
    15837 : 0CAD;
    15838 : 0A83;
    15839 : 0738;
    15840 : 03A3;
    15841 : 0622;
    15842 : 0B1B;
    15843 : 0C3D;
    15844 : 0D3A;
    15845 : 0F03;
    15846 : 0DDA;
    15847 : 0D22;
    15848 : 0F0B;
    15849 : 0E39;
    15850 : 0BBE;
    15851 : 0DB9;
    15852 : 1076;
    15853 : 0F49;
    15854 : 0D85;
    15855 : 0A3D;
    15856 : 0470;
    15857 : 03FC;
    15858 : 0944;
    15859 : 0BE7;
    15860 : 0C70;
    15861 : 0E75;
    15862 : 0F33;
    15863 : 0E2B;
    15864 : 0DBE;
    15865 : 0C70;
    15866 : 09A7;
    15867 : 08EE;
    15868 : 0A35;
    15869 : 0A98;
    15870 : 0BCB;
    15871 : 0D38;
    15872 : 0A3A;
    15873 : 0728;
    15874 : 0A09;
    15875 : 0C95;
    15876 : 0A82;
    15877 : 08D1;
    15878 : 0666;
    15879 : 0078;
    15880 : FE23;
    15881 : 016B;
    15882 : 0254;
    15883 : 00C3;
    15884 : FFF2;
    15885 : FC50;
    15886 : F989;
    15887 : FDBA;
    15888 : 015D;
    15889 : 00FB;
    15890 : 0302;
    15891 : 03CE;
    15892 : 0036;
    15893 : FF26;
    15894 : FE37;
    15895 : F982;
    15896 : F9AB;
    15897 : FE3A;
    15898 : FE03;
    15899 : FD03;
    15900 : FE46;
    15901 : FBA7;
    15902 : F951;
    15903 : FBD7;
    15904 : FAA3;
    15905 : F555;
    15906 : F3DF;
    15907 : F2EA;
    15908 : F09A;
    15909 : F3BD;
    15910 : F908;
    15911 : F893;
    15912 : F578;
    15913 : F479;
    15914 : F54F;
    15915 : F761;
    15916 : F8E2;
    15917 : F7C5;
    15918 : F3A1;
    15919 : ECB7;
    15920 : E727;
    15921 : E763;
    15922 : EA5F;
    15923 : ECB8;
    15924 : F00F;
    15925 : F2D0;
    15926 : F23B;
    15927 : F16C;
    15928 : F27B;
    15929 : F31B;
    15930 : F2B6;
    15931 : F16F;
    15932 : EE77;
    15933 : EB41;
    15934 : E96F;
    15935 : E989;
    15936 : ECF0;
    15937 : F172;
    15938 : F23E;
    15939 : F0B4;
    15940 : F018;
    15941 : EECD;
    15942 : EDF7;
    15943 : F098;
    15944 : F26C;
    15945 : F087;
    15946 : EF0D;
    15947 : EDBA;
    15948 : EB6A;
    15949 : EE6F;
    15950 : F5CE;
    15951 : F798;
    15952 : F4B6;
    15953 : F31A;
    15954 : F04B;
    15955 : ED8B;
    15956 : EFF6;
    15957 : F2F2;
    15958 : F2AA;
    15959 : F290;
    15960 : F175;
    15961 : EF6E;
    15962 : F276;
    15963 : F7A2;
    15964 : F919;
    15965 : FAD6;
    15966 : FCA8;
    15967 : F90A;
    15968 : F4B6;
    15969 : F4DD;
    15970 : F56E;
    15971 : F502;
    15972 : F532;
    15973 : F50F;
    15974 : F5D2;
    15975 : F7F1;
    15976 : F95B;
    15977 : FBC2;
    15978 : FED5;
    15979 : FE35;
    15980 : FBEB;
    15981 : FBA4;
    15982 : FBF4;
    15983 : FDD8;
    15984 : 012C;
    15985 : 0155;
    15986 : 005F;
    15987 : 00E6;
    15988 : FE3C;
    15989 : FC3C;
    15990 : 027F;
    15991 : 0899;
    15992 : 071A;
    15993 : 0589;
    15994 : 0628;
    15995 : 04BC;
    15996 : 040C;
    15997 : 0488;
    15998 : 028F;
    15999 : 010F;
    16000 : 0198;
    16001 : 01CE;
    16002 : 0543;
    16003 : 0B68;
    16004 : 0AE2;
    16005 : 053D;
    16006 : 03B7;
    16007 : 03A4;
    16008 : 019D;
    16009 : 03E8;
    16010 : 08D5;
    16011 : 0872;
    16012 : 077A;
    16013 : 0B22;
    16014 : 0BDC;
    16015 : 0853;
    16016 : 0877;
    16017 : 09A8;
    16018 : 06A0;
    16019 : 0577;
    16020 : 0829;
    16021 : 08AB;
    16022 : 08A5;
    16023 : 0B01;
    16024 : 0B24;
    16025 : 090F;
    16026 : 0807;
    16027 : 04D3;
    16028 : 0040;
    16029 : 014D;
    16030 : 069F;
    16031 : 0AAA;
    16032 : 0E12;
    16033 : 104B;
    16034 : 0DBA;
    16035 : 0840;
    16036 : 04DF;
    16037 : 04C5;
    16038 : 05F8;
    16039 : 0635;
    16040 : 04F5;
    16041 : 034F;
    16042 : 0261;
    16043 : 0332;
    16044 : 0536;
    16045 : 05CE;
    16046 : 04DA;
    16047 : 0467;
    16048 : 0434;
    16049 : 0462;
    16050 : 05F8;
    16051 : 05B5;
    16052 : 0155;
    16053 : FDA4;
    16054 : FD66;
    16055 : FD94;
    16056 : FEEA;
    16057 : 0402;
    16058 : 087B;
    16059 : 080B;
    16060 : 05ED;
    16061 : 0432;
    16062 : 00CF;
    16063 : FDBC;
    16064 : FD42;
    16065 : FC4A;
    16066 : FB6B;
    16067 : FEB0;
    16068 : 01FC;
    16069 : 0151;
    16070 : 01DF;
    16071 : 0387;
    16072 : 0028;
    16073 : FC50;
    16074 : FE74;
    16075 : 0196;
    16076 : 0205;
    16077 : 0226;
    16078 : 0094;
    16079 : FC5E;
    16080 : F8E3;
    16081 : F6E4;
    16082 : F614;
    16083 : F800;
    16084 : FBEA;
    16085 : FFD5;
    16086 : 01FD;
    16087 : 0081;
    16088 : FD64;
    16089 : FB28;
    16090 : F841;
    16091 : F6B5;
    16092 : F9CD;
    16093 : FCA4;
    16094 : FCA5;
    16095 : FE35;
    16096 : FE8E;
    16097 : F9E3;
    16098 : F791;
    16099 : FAE8;
    16100 : FD22;
    16101 : FD8B;
    16102 : FF6E;
    16103 : FFD0;
    16104 : FD22;
    16105 : FAF1;
    16106 : FA85;
    16107 : FB1D;
    16108 : FC78;
    16109 : FD59;
    16110 : FD71;
    16111 : FE02;
    16112 : FE2B;
    16113 : FC54;
    16114 : FADB;
    16115 : FCC6;
    16116 : FF77;
    16117 : FF4B;
    16118 : FEE7;
    16119 : 00C1;
    16120 : 0180;
    16121 : 00E4;
    16122 : 02C1;
    16123 : 04D9;
    16124 : 0346;
    16125 : 00BC;
    16126 : FF50;
    16127 : FE2E;
    16128 : FFB7;
    16129 : 03EC;
    16130 : 0565;
    16131 : 03C4;
    16132 : 0379;
    16133 : 0427;
    16134 : 03E1;
    16135 : 0493;
    16136 : 064E;
    16137 : 05DE;
    16138 : 038E;
    16139 : 024C;
    16140 : 01DB;
    16141 : 016F;
    16142 : 02AC;
    16143 : 04D8;
    16144 : 0531;
    16145 : 04CD;
    16146 : 0577;
    16147 : 0614;
    16148 : 071C;
    16149 : 088A;
    16150 : 06FB;
    16151 : 03C4;
    16152 : 0392;
    16153 : 0434;
    16154 : 0345;
    16155 : 045D;
    16156 : 06D5;
    16157 : 069E;
    16158 : 054F;
    16159 : 0419;
    16160 : 0159;
    16161 : FF81;
    16162 : 0027;
    16163 : 00D8;
    16164 : 0268;
    16165 : 04FD;
    16166 : 0454;
    16167 : 0228;
    16168 : 0384;
    16169 : 04BE;
    16170 : 023F;
    16171 : 00FA;
    16172 : 0283;
    16173 : 028B;
    16174 : 01F7;
    16175 : 037B;
    16176 : 03BB;
    16177 : 0078;
    16178 : FD28;
    16179 : FBF7;
    16180 : FC99;
    16181 : 000C;
    16182 : 0555;
    16183 : 0800;
    16184 : 0626;
    16185 : 0232;
    16186 : FE61;
    16187 : FAC9;
    16188 : F739;
    16189 : F519;
    16190 : F5FE;
    16191 : F8F4;
    16192 : FC9C;
    16193 : 00A0;
    16194 : 036E;
    16195 : 0564;
    16196 : 0849;
    16197 : 061C;
    16198 : FA49;
    16199 : F01A;
    16200 : EFA6;
    16201 : F02E;
    16202 : EFDC;
    16203 : F5AA;
    16204 : FA63;
    16205 : F5B4;
    16206 : EFCC;
    16207 : EE6B;
    16208 : EEBB;
    16209 : F239;
    16210 : F82A;
    16211 : FB0C;
    16212 : FBDF;
    16213 : FCB8;
    16214 : FB16;
    16215 : F787;
    16216 : F3E7;
    16217 : F05A;
    16218 : EE4E;
    16219 : ECAF;
    16220 : EB63;
    16221 : EFCC;
    16222 : F650;
    16223 : F51E;
    16224 : F0E8;
    16225 : EFBD;
    16226 : EB6B;
    16227 : E7B7;
    16228 : EE89;
    16229 : F6BC;
    16230 : F6ED;
    16231 : F6A8;
    16232 : F78A;
    16233 : F4E5;
    16234 : F4B5;
    16235 : F8AF;
    16236 : F830;
    16237 : F467;
    16238 : F39C;
    16239 : F281;
    16240 : EF87;
    16241 : EF7B;
    16242 : F1A2;
    16243 : F32F;
    16244 : F68D;
    16245 : FB4A;
    16246 : FC1C;
    16247 : F929;
    16248 : F7DA;
    16249 : F8C7;
    16250 : F837;
    16251 : F6E2;
    16252 : F77A;
    16253 : F73F;
    16254 : F4EB;
    16255 : F615;
    16256 : FB49;
    16257 : FF26;
    16258 : 03EE;
    16259 : 0B8C;
    16260 : 0CAD;
    16261 : 0513;
    16262 : FEDE;
    16263 : FA53;
    16264 : F296;
    16265 : EF8C;
    16266 : F5B7;
    16267 : FC40;
    16268 : FFEB;
    16269 : 033E;
    16270 : 03FC;
    16271 : 035D;
    16272 : 0436;
    16273 : 03EF;
    16274 : 059E;
    16275 : 0C29;
    16276 : 0CEB;
    16277 : 0588;
    16278 : 024A;
    16279 : 0168;
    16280 : FCED;
    16281 : 0139;
    16282 : 1055;
    16283 : 17BC;
    16284 : 14EE;
    16285 : 1361;
    16286 : 1152;
    16287 : 0C44;
    16288 : 0B04;
    16289 : 0C6B;
    16290 : 0A9E;
    16291 : 096B;
    16292 : 0D0B;
    16293 : 10E1;
    16294 : 1173;
    16295 : 131C;
    16296 : 17D7;
    16297 : 1810;
    16298 : 10D8;
    16299 : 0C07;
    16300 : 0D90;
    16301 : 0EC8;
    16302 : 110F;
    16303 : 17FB;
    16304 : 1AE8;
    16305 : 15A5;
    16306 : 10AD;
    16307 : 0EF0;
    16308 : 0D95;
    16309 : 0EB6;
    16310 : 1301;
    16311 : 164E;
    16312 : 151D;
    16313 : 0E74;
    16314 : 076E;
    16315 : 0770;
    16316 : 0C64;
    16317 : 10F0;
    16318 : 1678;
    16319 : 1BD5;
    16320 : 1BED;
    16321 : 1840;
    16322 : 1440;
    16323 : 1064;
    16324 : 0F20;
    16325 : 1026;
    16326 : 0F68;
    16327 : 0F40;
    16328 : 123F;
    16329 : 132A;
    16330 : 116C;
    16331 : 11DE;
    16332 : 11B4;
    16333 : 0E3B;
    16334 : 0C66;
    16335 : 0CBF;
    16336 : 0CCC;
    16337 : 0FF9;
    16338 : 14AD;
    16339 : 1327;
    16340 : 0D59;
    16341 : 0871;
    16342 : 01B9;
    16343 : FC2C;
    16344 : 00AD;
    16345 : 0A48;
    16346 : 0DA9;
    16347 : 0C81;
    16348 : 0C7E;
    16349 : 0B95;
    16350 : 0854;
    16351 : 060F;
    16352 : 0650;
    16353 : 0686;
    16354 : 0495;
    16355 : 0320;
    16356 : 043B;
    16357 : 03DA;
    16358 : 01E2;
    16359 : 0494;
    16360 : 082A;
    16361 : 0452;
    16362 : FF64;
    16363 : 003B;
    16364 : 00D4;
    16365 : 0118;
    16366 : 053B;
    16367 : 03D7;
    16368 : F8CF;
    16369 : F21B;
    16370 : F4C1;
    16371 : F8E3;
    16372 : FE6F;
    16373 : 04E7;
    16374 : 04A4;
    16375 : 0006;
    16376 : FDAA;
    16377 : F989;
    16378 : F393;
    16379 : F2C3;
    16380 : F2AE;
    16381 : EE82;
    16382 : EFEF;
    16383 : F803;
    16384 : F904;
    16385 : F381;
    16386 : F26D;
    16387 : F255;
    16388 : EF5A;
    16389 : F0F5;
    16390 : F3F8;
    16391 : EEA4;
    16392 : E89B;
    16393 : E9F3;
    16394 : EA43;
    16395 : E7E9;
    16396 : EB11;
    16397 : EF47;
    16398 : EE0D;
    16399 : EDB8;
    16400 : EFA2;
    16401 : ED42;
    16402 : E9D4;
    16403 : EACB;
    16404 : EBE9;
    16405 : EB27;
    16406 : EBC3;
    16407 : EB73;
    16408 : E721;
    16409 : E321;
    16410 : E370;
    16411 : E62C;
    16412 : E955;
    16413 : ECB3;
    16414 : EE80;
    16415 : ED3B;
    16416 : EB30;
    16417 : EB41;
    16418 : ECAB;
    16419 : EDA0;
    16420 : EDEE;
    16421 : ED13;
    16422 : EA89;
    16423 : E7F7;
    16424 : E7BD;
    16425 : EAB1;
    16426 : EF5A;
    16427 : F334;
    16428 : F65C;
    16429 : F9D5;
    16430 : F9BF;
    16431 : F336;
    16432 : EC44;
    16433 : E9AF;
    16434 : E7D6;
    16435 : E725;
    16436 : ED5E;
    16437 : F6CD;
    16438 : FAF9;
    16439 : FB40;
    16440 : FB49;
    16441 : F88C;
    16442 : F409;
    16443 : F2D2;
    16444 : F3CF;
    16445 : F4FD;
    16446 : F8F5;
    16447 : FD37;
    16448 : FC1D;
    16449 : F905;
    16450 : F8B2;
    16451 : F88F;
    16452 : F9BA;
    16453 : 0078;
    16454 : 06A1;
    16455 : 0525;
    16456 : 0139;
    16457 : FF26;
    16458 : FB94;
    16459 : F85A;
    16460 : F998;
    16461 : FBD7;
    16462 : FDD4;
    16463 : 0390;
    16464 : 09C3;
    16465 : 0B33;
    16466 : 0BC6;
    16467 : 0CBB;
    16468 : 0849;
    16469 : 0193;
    16470 : 00DA;
    16471 : 0328;
    16472 : 0382;
    16473 : 0530;
    16474 : 082B;
    16475 : 08A8;
    16476 : 09F7;
    16477 : 0E89;
    16478 : 1195;
    16479 : 1270;
    16480 : 13D2;
    16481 : 12AB;
    16482 : 0DFD;
    16483 : 0B41;
    16484 : 0B72;
    16485 : 0AFB;
    16486 : 0A19;
    16487 : 0A6A;
    16488 : 0BA3;
    16489 : 0D6D;
    16490 : 0F21;
    16491 : 10AA;
    16492 : 12E4;
    16493 : 145C;
    16494 : 1395;
    16495 : 1217;
    16496 : 1009;
    16497 : 0D75;
    16498 : 0E3A;
    16499 : 1208;
    16500 : 128E;
    16501 : 0FA5;
    16502 : 0DC3;
    16503 : 0BA5;
    16504 : 08A2;
    16505 : 0991;
    16506 : 0EA2;
    16507 : 12FB;
    16508 : 15EF;
    16509 : 1824;
    16510 : 176F;
    16511 : 1430;
    16512 : 10DC;
    16513 : 0CD5;
    16514 : 0819;
    16515 : 0647;
    16516 : 08E8;
    16517 : 0D7B;
    16518 : 11F7;
    16519 : 15A0;
    16520 : 171C;
    16521 : 1529;
    16522 : 1016;
    16523 : 0A9A;
    16524 : 08BC;
    16525 : 0AEE;
    16526 : 0CBD;
    16527 : 0BEA;
    16528 : 0B3A;
    16529 : 0B98;
    16530 : 0B06;
    16531 : 0AB5;
    16532 : 0C53;
    16533 : 0CC0;
    16534 : 0A23;
    16535 : 0748;
    16536 : 04EF;
    16537 : 0358;
    16538 : 067C;
    16539 : 0CA9;
    16540 : 0E2C;
    16541 : 0C3E;
    16542 : 0BAF;
    16543 : 0790;
    16544 : FFEA;
    16545 : 0056;
    16546 : 07A9;
    16547 : 0903;
    16548 : 0588;
    16549 : 03EA;
    16550 : 0066;
    16551 : FD2C;
    16552 : 038F;
    16553 : 0D90;
    16554 : 0EA5;
    16555 : 092A;
    16556 : 045F;
    16557 : 0029;
    16558 : FC4F;
    16559 : FC2A;
    16560 : 025D;
    16561 : 0BE2;
    16562 : 0F3F;
    16563 : 0934;
    16564 : 027E;
    16565 : FF0A;
    16566 : FAC5;
    16567 : F897;
    16568 : FBB3;
    16569 : FDBD;
    16570 : FD59;
    16571 : 0001;
    16572 : 031D;
    16573 : 02D8;
    16574 : 0241;
    16575 : 0024;
    16576 : FA15;
    16577 : F6D6;
    16578 : FA28;
    16579 : FE47;
    16580 : 00DD;
    16581 : 02F4;
    16582 : 01E8;
    16583 : FDE7;
    16584 : FB7F;
    16585 : FC11;
    16586 : FEB4;
    16587 : 02BC;
    16588 : 05D3;
    16589 : 0657;
    16590 : 051E;
    16591 : 0303;
    16592 : 0133;
    16593 : 00B0;
    16594 : 008F;
    16595 : 0075;
    16596 : 00D7;
    16597 : 00F9;
    16598 : 01C2;
    16599 : 044D;
    16600 : 04DD;
    16601 : 014B;
    16602 : FE62;
    16603 : FEC7;
    16604 : 0003;
    16605 : 0251;
    16606 : 06F5;
    16607 : 0A80;
    16608 : 0978;
    16609 : 0540;
    16610 : 010C;
    16611 : FD89;
    16612 : F9EC;
    16613 : F8E8;
    16614 : FEAC;
    16615 : 082C;
    16616 : 0DFD;
    16617 : 0E81;
    16618 : 0BBD;
    16619 : 06F1;
    16620 : 0366;
    16621 : 02B5;
    16622 : 01FB;
    16623 : 01FE;
    16624 : 055C;
    16625 : 07ED;
    16626 : 06C7;
    16627 : 062C;
    16628 : 0730;
    16629 : 06A3;
    16630 : 0441;
    16631 : 006A;
    16632 : FCDC;
    16633 : FE9F;
    16634 : 047A;
    16635 : 0856;
    16636 : 0B3C;
    16637 : 0D5B;
    16638 : 07DF;
    16639 : FE55;
    16640 : FD23;
    16641 : 028E;
    16642 : 0568;
    16643 : 07AD;
    16644 : 0AFF;
    16645 : 0859;
    16646 : 00EF;
    16647 : FEF0;
    16648 : 02EC;
    16649 : 05A6;
    16650 : 0689;
    16651 : 0847;
    16652 : 086F;
    16653 : 056C;
    16654 : 0329;
    16655 : 035E;
    16656 : 032B;
    16657 : 0232;
    16658 : 0207;
    16659 : 017A;
    16660 : 00C2;
    16661 : 0293;
    16662 : 050A;
    16663 : 044D;
    16664 : 0215;
    16665 : 0133;
    16666 : 0122;
    16667 : 0208;
    16668 : 03AB;
    16669 : 037A;
    16670 : 01AD;
    16671 : 007E;
    16672 : FF3B;
    16673 : FDF7;
    16674 : FE52;
    16675 : FE11;
    16676 : FBA0;
    16677 : FAC2;
    16678 : FC3F;
    16679 : FC48;
    16680 : FB78;
    16681 : FC79;
    16682 : FD0B;
    16683 : FB62;
    16684 : FA04;
    16685 : FA15;
    16686 : FA6C;
    16687 : FB63;
    16688 : FD70;
    16689 : FEF9;
    16690 : FDF1;
    16691 : F9D7;
    16692 : F4BF;
    16693 : F1E2;
    16694 : F1B8;
    16695 : F252;
    16696 : F34C;
    16697 : F477;
    16698 : F38E;
    16699 : F138;
    16700 : F220;
    16701 : F5CA;
    16702 : F5D9;
    16703 : F1DE;
    16704 : EF46;
    16705 : EDE3;
    16706 : EAE2;
    16707 : EA19;
    16708 : EEB3;
    16709 : F3A9;
    16710 : F501;
    16711 : F4D9;
    16712 : F444;
    16713 : F2AB;
    16714 : F131;
    16715 : EF76;
    16716 : EC4B;
    16717 : EA40;
    16718 : EB22;
    16719 : EC3C;
    16720 : EC67;
    16721 : ECEF;
    16722 : EC89;
    16723 : EAAF;
    16724 : EACB;
    16725 : EDC3;
    16726 : F08F;
    16727 : F257;
    16728 : F3F0;
    16729 : F45F;
    16730 : F34D;
    16731 : F1A7;
    16732 : EF3E;
    16733 : ED09;
    16734 : ED9D;
    16735 : F02C;
    16736 : F177;
    16737 : F17F;
    16738 : F1D4;
    16739 : F1BB;
    16740 : F0B8;
    16741 : F023;
    16742 : F062;
    16743 : F096;
    16744 : F09C;
    16745 : F137;
    16746 : F301;
    16747 : F552;
    16748 : F6C4;
    16749 : F76B;
    16750 : F86E;
    16751 : F9AD;
    16752 : FA70;
    16753 : FA77;
    16754 : F951;
    16755 : F761;
    16756 : F61C;
    16757 : F62E;
    16758 : F807;
    16759 : FB1D;
    16760 : FBFA;
    16761 : FA10;
    16762 : FAA9;
    16763 : FE44;
    16764 : FF01;
    16765 : FD3C;
    16766 : FD37;
    16767 : FD4B;
    16768 : FD02;
    16769 : FF7E;
    16770 : 00E9;
    16771 : FD5A;
    16772 : FB29;
    16773 : FD31;
    16774 : FDBA;
    16775 : FE18;
    16776 : 0290;
    16777 : 0585;
    16778 : 041B;
    16779 : 0513;
    16780 : 0855;
    16781 : 0789;
    16782 : 049C;
    16783 : 031D;
    16784 : 0098;
    16785 : FEE1;
    16786 : 0325;
    16787 : 0964;
    16788 : 0A63;
    16789 : 07CE;
    16790 : 065B;
    16791 : 05BE;
    16792 : 053D;
    16793 : 06EE;
    16794 : 0A9F;
    16795 : 0C53;
    16796 : 0AC9;
    16797 : 09E3;
    16798 : 0B54;
    16799 : 0B6F;
    16800 : 08CC;
    16801 : 06A7;
    16802 : 0630;
    16803 : 068B;
    16804 : 08AA;
    16805 : 0BE6;
    16806 : 0DF8;
    16807 : 0F76;
    16808 : 0FB4;
    16809 : 0C18;
    16810 : 0933;
    16811 : 0C7C;
    16812 : 1064;
    16813 : 10BA;
    16814 : 1267;
    16815 : 12EA;
    16816 : 0C6B;
    16817 : 086A;
    16818 : 0EA9;
    16819 : 146E;
    16820 : 13F1;
    16821 : 139A;
    16822 : 114F;
    16823 : 0A78;
    16824 : 08DA;
    16825 : 0E7A;
    16826 : 123A;
    16827 : 140F;
    16828 : 165B;
    16829 : 1492;
    16830 : 1186;
    16831 : 132B;
    16832 : 147A;
    16833 : 1328;
    16834 : 14CC;
    16835 : 16AB;
    16836 : 1417;
    16837 : 1200;
    16838 : 11DE;
    16839 : 0FC8;
    16840 : 0EE8;
    16841 : 121F;
    16842 : 14FB;
    16843 : 15CD;
    16844 : 1697;
    16845 : 1738;
    16846 : 178C;
    16847 : 164E;
    16848 : 117F;
    16849 : 0CA5;
    16850 : 0B6E;
    16851 : 0C1A;
    16852 : 0EFB;
    16853 : 142D;
    16854 : 1579;
    16855 : 1243;
    16856 : 11A4;
    16857 : 1305;
    16858 : 121E;
    16859 : 1232;
    16860 : 142A;
    16861 : 12F1;
    16862 : 0F17;
    16863 : 0CCE;
    16864 : 0C2C;
    16865 : 0CDA;
    16866 : 0EFE;
    16867 : 105E;
    16868 : 0FB9;
    16869 : 0D91;
    16870 : 0A14;
    16871 : 074F;
    16872 : 07FF;
    16873 : 0AFD;
    16874 : 0CD9;
    16875 : 0C63;
    16876 : 0B28;
    16877 : 0A33;
    16878 : 07EC;
    16879 : 0469;
    16880 : 035F;
    16881 : 04DC;
    16882 : 0565;
    16883 : 0548;
    16884 : 046B;
    16885 : 009A;
    16886 : FEA8;
    16887 : 02E5;
    16888 : 05D2;
    16889 : 0374;
    16890 : 0267;
    16891 : 01EA;
    16892 : FC98;
    16893 : F827;
    16894 : F9D9;
    16895 : FC4D;
    16896 : FCB9;
    16897 : FD8A;
    16898 : FE5F;
    16899 : FF41;
    16900 : 00E6;
    16901 : 0043;
    16902 : FC03;
    16903 : F6F5;
    16904 : F32B;
    16905 : F283;
    16906 : F5A2;
    16907 : F8E7;
    16908 : FA50;
    16909 : FB05;
    16910 : F8F7;
    16911 : F357;
    16912 : EF50;
    16913 : EF0C;
    16914 : EFA8;
    16915 : F0DC;
    16916 : F2BD;
    16917 : F20C;
    16918 : EE4A;
    16919 : EB81;
    16920 : EBEB;
    16921 : EDA1;
    16922 : EEB1;
    16923 : F043;
    16924 : F347;
    16925 : F51F;
    16926 : F418;
    16927 : F204;
    16928 : EFAB;
    16929 : ED29;
    16930 : EBAC;
    16931 : E9A0;
    16932 : E6A8;
    16933 : E812;
    16934 : ED9F;
    16935 : EF9E;
    16936 : EDEC;
    16937 : ED18;
    16938 : EAE5;
    16939 : E788;
    16940 : E923;
    16941 : EE16;
    16942 : F054;
    16943 : F0AF;
    16944 : F06A;
    16945 : EE81;
    16946 : EDBA;
    16947 : EEB2;
    16948 : ED95;
    16949 : EBEE;
    16950 : ED00;
    16951 : ED57;
    16952 : EBBA;
    16953 : ECC2;
    16954 : EF89;
    16955 : EF78;
    16956 : EEE5;
    16957 : F145;
    16958 : F347;
    16959 : F28B;
    16960 : F1E7;
    16961 : F155;
    16962 : EE6B;
    16963 : EC57;
    16964 : EE8F;
    16965 : F16B;
    16966 : F2F5;
    16967 : F69D;
    16968 : FA6E;
    16969 : F9F3;
    16970 : F912;
    16971 : FAC6;
    16972 : F9B7;
    16973 : F598;
    16974 : F4A1;
    16975 : F604;
    16976 : F60C;
    16977 : F784;
    16978 : FBB2;
    16979 : FDA8;
    16980 : FB25;
    16981 : F795;
    16982 : F670;
    16983 : F7D9;
    16984 : FA2F;
    16985 : FD7B;
    16986 : 01A8;
    16987 : 037C;
    16988 : 0258;
    16989 : 0239;
    16990 : 02BE;
    16991 : 0083;
    16992 : FE62;
    16993 : FFB5;
    16994 : 017B;
    16995 : 0216;
    16996 : 036C;
    16997 : 0456;
    16998 : 037A;
    16999 : 0361;
    17000 : 0566;
    17001 : 07B5;
    17002 : 091B;
    17003 : 0968;
    17004 : 07E4;
    17005 : 04A0;
    17006 : 01E9;
    17007 : 01C2;
    17008 : 030B;
    17009 : 048A;
    17010 : 06BE;
    17011 : 075E;
    17012 : 0419;
    17013 : 0162;
    17014 : 02EC;
    17015 : 05CA;
    17016 : 0935;
    17017 : 0D6A;
    17018 : 0D38;
    17019 : 0893;
    17020 : 0695;
    17021 : 070F;
    17022 : 06BA;
    17023 : 07E1;
    17024 : 07CB;
    17025 : 0239;
    17026 : FECA;
    17027 : 027E;
    17028 : 058C;
    17029 : 0560;
    17030 : 0677;
    17031 : 0729;
    17032 : 05BC;
    17033 : 0523;
    17034 : 0562;
    17035 : 05DD;
    17036 : 0790;
    17037 : 08AF;
    17038 : 0880;
    17039 : 07B3;
    17040 : 0435;
    17041 : 0070;
    17042 : 0174;
    17043 : 033E;
    17044 : 0270;
    17045 : 02E0;
    17046 : 017D;
    17047 : FBEA;
    17048 : FCC7;
    17049 : 052B;
    17050 : 07F0;
    17051 : 0555;
    17052 : 04B8;
    17053 : 0182;
    17054 : FB9F;
    17055 : FB5A;
    17056 : FE3F;
    17057 : FF95;
    17058 : 02F5;
    17059 : 062C;
    17060 : 03EB;
    17061 : 0039;
    17062 : FE5D;
    17063 : FCF8;
    17064 : FED8;
    17065 : 03FC;
    17066 : 05F6;
    17067 : 03C4;
    17068 : 011C;
    17069 : FEAE;
    17070 : FD45;
    17071 : FE18;
    17072 : FFDE;
    17073 : 014E;
    17074 : 0187;
    17075 : 00ED;
    17076 : 0291;
    17077 : 0534;
    17078 : 0413;
    17079 : 0205;
    17080 : 0352;
    17081 : 041E;
    17082 : 0335;
    17083 : 049B;
    17084 : 067B;
    17085 : 06E3;
    17086 : 0918;
    17087 : 0AA1;
    17088 : 076E;
    17089 : 04F5;
    17090 : 06AE;
    17091 : 078D;
    17092 : 06AD;
    17093 : 065A;
    17094 : 0426;
    17095 : 0135;
    17096 : 0395;
    17097 : 097B;
    17098 : 0BF6;
    17099 : 0B2C;
    17100 : 0A42;
    17101 : 07CD;
    17102 : 03DF;
    17103 : 0346;
    17104 : 06AE;
    17105 : 0921;
    17106 : 0990;
    17107 : 0A4F;
    17108 : 09A9;
    17109 : 0734;
    17110 : 0805;
    17111 : 0C07;
    17112 : 0CE1;
    17113 : 0A94;
    17114 : 095C;
    17115 : 0812;
    17116 : 056E;
    17117 : 048A;
    17118 : 0612;
    17119 : 0700;
    17120 : 05CA;
    17121 : 03F1;
    17122 : 046C;
    17123 : 0764;
    17124 : 097F;
    17125 : 0AF1;
    17126 : 0E44;
    17127 : 0FD1;
    17128 : 0BE0;
    17129 : 0700;
    17130 : 04BF;
    17131 : 02EC;
    17132 : 029A;
    17133 : 060D;
    17134 : 08C3;
    17135 : 0687;
    17136 : 02D9;
    17137 : 01FA;
    17138 : 030F;
    17139 : 043D;
    17140 : 05E9;
    17141 : 07E9;
    17142 : 0858;
    17143 : 0746;
    17144 : 067D;
    17145 : 0543;
    17146 : 0355;
    17147 : 03D5;
    17148 : 0638;
    17149 : 05D9;
    17150 : 03D9;
    17151 : 0436;
    17152 : 04B5;
    17153 : 02BC;
    17154 : 0112;
    17155 : 0124;
    17156 : 00E1;
    17157 : FFC3;
    17158 : FF40;
    17159 : 0045;
    17160 : 018B;
    17161 : 00B3;
    17162 : FEB5;
    17163 : FE59;
    17164 : FEB5;
    17165 : FE8F;
    17166 : FF63;
    17167 : 0049;
    17168 : FF58;
    17169 : FE17;
    17170 : FCF0;
    17171 : FB07;
    17172 : FA89;
    17173 : FB6E;
    17174 : FA9D;
    17175 : F96D;
    17176 : F9C4;
    17177 : F9E5;
    17178 : FB97;
    17179 : 001B;
    17180 : 0090;
    17181 : FA74;
    17182 : F597;
    17183 : F528;
    17184 : F5AF;
    17185 : F76F;
    17186 : FB37;
    17187 : FDC1;
    17188 : FD3D;
    17189 : FB3A;
    17190 : F9A8;
    17191 : F8CB;
    17192 : F6E1;
    17193 : F468;
    17194 : F4A0;
    17195 : F67A;
    17196 : F71F;
    17197 : F88E;
    17198 : FAB0;
    17199 : F9D9;
    17200 : F878;
    17201 : F96C;
    17202 : F883;
    17203 : F656;
    17204 : F8C2;
    17205 : FC40;
    17206 : FAFD;
    17207 : F8C9;
    17208 : F7B3;
    17209 : F40B;
    17210 : F041;
    17211 : F096;
    17212 : F25C;
    17213 : F423;
    17214 : F7E1;
    17215 : FB50;
    17216 : FCCE;
    17217 : FEC1;
    17218 : FE75;
    17219 : F875;
    17220 : F44B;
    17221 : F88E;
    17222 : FE33;
    17223 : FF9A;
    17224 : 00CA;
    17225 : 0072;
    17226 : F9B4;
    17227 : F3B4;
    17228 : F6C7;
    17229 : FD87;
    17230 : 01A7;
    17231 : 03F9;
    17232 : 02CF;
    17233 : FE16;
    17234 : FD03;
    17235 : 00FB;
    17236 : 03CF;
    17237 : 050A;
    17238 : 067C;
    17239 : 05A2;
    17240 : 038C;
    17241 : 03E6;
    17242 : 04EF;
    17243 : 04CF;
    17244 : 04D6;
    17245 : 044F;
    17246 : 034A;
    17247 : 0442;
    17248 : 0675;
    17249 : 0803;
    17250 : 08F2;
    17251 : 07B4;
    17252 : 049B;
    17253 : 03DE;
    17254 : 0593;
    17255 : 0716;
    17256 : 09B1;
    17257 : 0C97;
    17258 : 0C26;
    17259 : 0A30;
    17260 : 095F;
    17261 : 07D9;
    17262 : 05FB;
    17263 : 0569;
    17264 : 0468;
    17265 : 0408;
    17266 : 0754;
    17267 : 0BBC;
    17268 : 0E77;
    17269 : 10B7;
    17270 : 112B;
    17271 : 0DE2;
    17272 : 09E5;
    17273 : 0872;
    17274 : 0983;
    17275 : 0B85;
    17276 : 0BDB;
    17277 : 0A09;
    17278 : 080C;
    17279 : 05F6;
    17280 : 04F1;
    17281 : 0834;
    17282 : 0C69;
    17283 : 0BE1;
    17284 : 0943;
    17285 : 079E;
    17286 : 04D5;
    17287 : 0367;
    17288 : 06B7;
    17289 : 09D3;
    17290 : 096C;
    17291 : 08CF;
    17292 : 0844;
    17293 : 0730;
    17294 : 089D;
    17295 : 0B43;
    17296 : 0A72;
    17297 : 0716;
    17298 : 044B;
    17299 : 0294;
    17300 : 025F;
    17301 : 03A0;
    17302 : 0630;
    17303 : 0AE8;
    17304 : 0E13;
    17305 : 09BF;
    17306 : 0136;
    17307 : FC49;
    17308 : FB33;
    17309 : FC37;
    17310 : 0182;
    17311 : 08C9;
    17312 : 0B17;
    17313 : 0775;
    17314 : 02CC;
    17315 : FFF2;
    17316 : FED5;
    17317 : FF40;
    17318 : 00FF;
    17319 : 0329;
    17320 : 03FC;
    17321 : 0253;
    17322 : 0017;
    17323 : 001B;
    17324 : 0106;
    17325 : FFE3;
    17326 : FEE8;
    17327 : 0126;
    17328 : 02AA;
    17329 : FFFE;
    17330 : FDE3;
    17331 : FE95;
    17332 : FCFF;
    17333 : FA1B;
    17334 : FC4F;
    17335 : 00AB;
    17336 : 00A8;
    17337 : FF1C;
    17338 : FF70;
    17339 : FE5B;
    17340 : FBEB;
    17341 : FC43;
    17342 : FDED;
    17343 : FCF7;
    17344 : FA9D;
    17345 : F9C7;
    17346 : FA25;
    17347 : F9FB;
    17348 : F923;
    17349 : F94B;
    17350 : FA71;
    17351 : F939;
    17352 : F4BB;
    17353 : F15F;
    17354 : F1C0;
    17355 : F42E;
    17356 : F88A;
    17357 : FE74;
    17358 : 0041;
    17359 : FB27;
    17360 : F5CE;
    17361 : F504;
    17362 : F52C;
    17363 : F4F4;
    17364 : F732;
    17365 : F8E8;
    17366 : F5E8;
    17367 : F21F;
    17368 : F102;
    17369 : EFFA;
    17370 : EFA4;
    17371 : F28B;
    17372 : F4BE;
    17373 : F319;
    17374 : F173;
    17375 : F20F;
    17376 : F327;
    17377 : F42E;
    17378 : F469;
    17379 : F309;
    17380 : F1FC;
    17381 : F1FE;
    17382 : F239;
    17383 : F465;
    17384 : F7D0;
    17385 : F79C;
    17386 : F3FD;
    17387 : F121;
    17388 : EF21;
    17389 : EE33;
    17390 : F0C6;
    17391 : F4AB;
    17392 : F649;
    17393 : F635;
    17394 : F4AE;
    17395 : F22C;
    17396 : F282;
    17397 : F53F;
    17398 : F571;
    17399 : F3FF;
    17400 : F400;
    17401 : F331;
    17402 : F155;
    17403 : F1AE;
    17404 : F29B;
    17405 : F23E;
    17406 : F3D1;
    17407 : F6B7;
    17408 : F6CC;
    17409 : F67D;
    17410 : F8B7;
    17411 : F963;
    17412 : F74C;
    17413 : F6C3;
    17414 : F722;
    17415 : F572;
    17416 : F479;
    17417 : F648;
    17418 : F81E;
    17419 : F8DB;
    17420 : F8C0;
    17421 : F700;
    17422 : F5C2;
    17423 : F7B0;
    17424 : FA9E;
    17425 : FC7C;
    17426 : FD29;
    17427 : FAAB;
    17428 : F6CB;
    17429 : F82E;
    17430 : FE09;
    17431 : 01C5;
    17432 : 0308;
    17433 : 0302;
    17434 : FFDB;
    17435 : FD3C;
    17436 : 0011;
    17437 : 04A4;
    17438 : 068F;
    17439 : 062C;
    17440 : 02D9;
    17441 : FE69;
    17442 : FE31;
    17443 : 00EB;
    17444 : 0222;
    17445 : 0399;
    17446 : 0622;
    17447 : 062F;
    17448 : 044B;
    17449 : 03A2;
    17450 : 04B8;
    17451 : 075A;
    17452 : 0989;
    17453 : 0887;
    17454 : 0602;
    17455 : 0366;
    17456 : FFE4;
    17457 : FFFB;
    17458 : 0640;
    17459 : 0AB8;
    17460 : 09A1;
    17461 : 0937;
    17462 : 0AAD;
    17463 : 0BAD;
    17464 : 0F12;
    17465 : 137E;
    17466 : 1221;
    17467 : 0B62;
    17468 : 050E;
    17469 : 01FB;
    17470 : 0233;
    17471 : 0417;
    17472 : 084E;
    17473 : 1152;
    17474 : 1893;
    17475 : 15AE;
    17476 : 0FF9;
    17477 : 1065;
    17478 : 11D8;
    17479 : 1232;
    17480 : 1486;
    17481 : 115F;
    17482 : 06D4;
    17483 : 03D3;
    17484 : 0BE5;
    17485 : 1266;
    17486 : 1558;
    17487 : 18C1;
    17488 : 16FF;
    17489 : 0F5E;
    17490 : 0BAF;
    17491 : 0E36;
    17492 : 0FFE;
    17493 : 0DDC;
    17494 : 0A6A;
    17495 : 088E;
    17496 : 0802;
    17497 : 07F6;
    17498 : 0B78;
    17499 : 12B8;
    17500 : 1655;
    17501 : 13F9;
    17502 : 1208;
    17503 : 11D6;
    17504 : 104C;
    17505 : 0F9A;
    17506 : 10B2;
    17507 : 0F43;
    17508 : 0B3C;
    17509 : 089C;
    17510 : 0791;
    17511 : 060A;
    17512 : 040C;
    17513 : 0456;
    17514 : 09A0;
    17515 : 1093;
    17516 : 135E;
    17517 : 1424;
    17518 : 15EF;
    17519 : 126A;
    17520 : 07F9;
    17521 : 01E7;
    17522 : 0481;
    17523 : 071E;
    17524 : 0752;
    17525 : 0A32;
    17526 : 0D76;
    17527 : 0C03;
    17528 : 08F4;
    17529 : 0872;
    17530 : 086C;
    17531 : 0759;
    17532 : 0727;
    17533 : 06C6;
    17534 : 0292;
    17535 : FBA0;
    17536 : F795;
    17537 : F9BE;
    17538 : 007D;
    17539 : 0811;
    17540 : 0D55;
    17541 : 0E65;
    17542 : 0A83;
    17543 : 0381;
    17544 : FE85;
    17545 : FEFF;
    17546 : 01C1;
    17547 : 0208;
    17548 : FFD2;
    17549 : FD17;
    17550 : FAFB;
    17551 : FBC2;
    17552 : FFFE;
    17553 : 038A;
    17554 : 037D;
    17555 : 0196;
    17556 : FF18;
    17557 : FC2C;
    17558 : FACC;
    17559 : FB24;
    17560 : FA7B;
    17561 : F8FE;
    17562 : F8F3;
    17563 : F9CD;
    17564 : FB13;
    17565 : FDCC;
    17566 : FF82;
    17567 : FCF2;
    17568 : F8B1;
    17569 : F6BA;
    17570 : F6A1;
    17571 : F739;
    17572 : F8BF;
    17573 : FAA0;
    17574 : FBFD;
    17575 : FBBB;
    17576 : F8D3;
    17577 : F60E;
    17578 : F6E9;
    17579 : F91F;
    17580 : FA50;
    17581 : FC94;
    17582 : FE35;
    17583 : FB2B;
    17584 : F759;
    17585 : F76B;
    17586 : F859;
    17587 : F8B7;
    17588 : FA26;
    17589 : F909;
    17590 : F45A;
    17591 : F306;
    17592 : F65B;
    17593 : F911;
    17594 : FB86;
    17595 : FE88;
    17596 : FD03;
    17597 : F71E;
    17598 : F3CF;
    17599 : F4BD;
    17600 : F648;
    17601 : F680;
    17602 : F518;
    17603 : F394;
    17604 : F4AD;
    17605 : F7D1;
    17606 : FA9F;
    17607 : FD1D;
    17608 : FEFC;
    17609 : FE3A;
    17610 : FB2B;
    17611 : F889;
    17612 : F7A1;
    17613 : F792;
    17614 : F793;
    17615 : F82A;
    17616 : F908;
    17617 : F849;
    17618 : F6A8;
    17619 : F770;
    17620 : FAF2;
    17621 : FF63;
    17622 : 0349;
    17623 : 02F7;
    17624 : FD35;
    17625 : F810;
    17626 : F639;
    17627 : F445;
    17628 : F593;
    17629 : FE08;
    17630 : 043D;
    17631 : 0166;
    17632 : FDBA;
    17633 : FD67;
    17634 : FB85;
    17635 : FA0D;
    17636 : FBC9;
    17637 : FA74;
    17638 : F544;
    17639 : F3F5;
    17640 : F6FF;
    17641 : FA6D;
    17642 : FEB1;
    17643 : 0120;
    17644 : FDF9;
    17645 : FAD5;
    17646 : FC3E;
    17647 : FCBA;
    17648 : FA86;
    17649 : FA55;
    17650 : FA08;
    17651 : F5BB;
    17652 : F2F6;
    17653 : F609;
    17654 : F97E;
    17655 : F9AB;
    17656 : F9E3;
    17657 : FB03;
    17658 : FA27;
    17659 : F843;
    17660 : F954;
    17661 : FCF6;
    17662 : FE90;
    17663 : FCC2;
    17664 : FAA7;
    17665 : F9B7;
    17666 : F969;
    17667 : FB21;
    17668 : FE41;
    17669 : FDA1;
    17670 : F841;
    17671 : F364;
    17672 : F185;
    17673 : F25A;
    17674 : F767;
    17675 : FE3D;
    17676 : 001C;
    17677 : FC0C;
    17678 : F653;
    17679 : F173;
    17680 : F028;
    17681 : F416;
    17682 : F8CF;
    17683 : FAB4;
    17684 : FB66;
    17685 : F9BE;
    17686 : F438;
    17687 : F13F;
    17688 : F508;
    17689 : F8E6;
    17690 : F7F2;
    17691 : F577;
    17692 : F39D;
    17693 : F29C;
    17694 : F4A2;
    17695 : F8AF;
    17696 : FAEE;
    17697 : FBD3;
    17698 : FC4F;
    17699 : F9C6;
    17700 : F625;
    17701 : F782;
    17702 : FC60;
    17703 : FEA9;
    17704 : FE4D;
    17705 : FC85;
    17706 : F7FC;
    17707 : F522;
    17708 : F9C7;
    17709 : 0124;
    17710 : 0455;
    17711 : 0456;
    17712 : 0153;
    17713 : FAD2;
    17714 : F882;
    17715 : FDF3;
    17716 : 01AB;
    17717 : FFB2;
    17718 : FE48;
    17719 : FCC6;
    17720 : F8A3;
    17721 : F948;
    17722 : 0069;
    17723 : 038E;
    17724 : 00C0;
    17725 : FFE2;
    17726 : 00B9;
    17727 : FFFF;
    17728 : 02E0;
    17729 : 0A43;
    17730 : 0C21;
    17731 : 05EE;
    17732 : 01AF;
    17733 : 0280;
    17734 : 01DF;
    17735 : 0160;
    17736 : 072D;
    17737 : 0D51;
    17738 : 0BFA;
    17739 : 08AF;
    17740 : 08D0;
    17741 : 0861;
    17742 : 077D;
    17743 : 09F9;
    17744 : 0C16;
    17745 : 0A70;
    17746 : 08AB;
    17747 : 0824;
    17748 : 07AE;
    17749 : 08A4;
    17750 : 09F3;
    17751 : 09E9;
    17752 : 0BD2;
    17753 : 0FD2;
    17754 : 1041;
    17755 : 0C9A;
    17756 : 09A3;
    17757 : 0945;
    17758 : 0A6F;
    17759 : 0B7B;
    17760 : 0C62;
    17761 : 0F05;
    17762 : 112E;
    17763 : 0EE4;
    17764 : 0B88;
    17765 : 0A8A;
    17766 : 0893;
    17767 : 069B;
    17768 : 089C;
    17769 : 0A7C;
    17770 : 09C8;
    17771 : 0AAD;
    17772 : 0B53;
    17773 : 0981;
    17774 : 0AEB;
    17775 : 0DED;
    17776 : 0B22;
    17777 : 075A;
    17778 : 0828;
    17779 : 07DF;
    17780 : 05CD;
    17781 : 06DF;
    17782 : 082C;
    17783 : 0819;
    17784 : 0A43;
    17785 : 0AA1;
    17786 : 049C;
    17787 : FE40;
    17788 : FC3B;
    17789 : FCA2;
    17790 : FF6D;
    17791 : 03EC;
    17792 : 05FE;
    17793 : 0482;
    17794 : 0196;
    17795 : FF9A;
    17796 : 0063;
    17797 : 0243;
    17798 : 02AA;
    17799 : 0248;
    17800 : 0046;
    17801 : FBBA;
    17802 : F994;
    17803 : FB71;
    17804 : FBC6;
    17805 : FABB;
    17806 : FBC4;
    17807 : FB22;
    17808 : F74B;
    17809 : F56D;
    17810 : F5E1;
    17811 : F5FF;
    17812 : F655;
    17813 : F4BF;
    17814 : EFC7;
    17815 : ED67;
    17816 : F08A;
    17817 : F45C;
    17818 : F676;
    17819 : F710;
    17820 : F535;
    17821 : F300;
    17822 : F354;
    17823 : F51C;
    17824 : F725;
    17825 : F8E4;
    17826 : F8A4;
    17827 : F6CD;
    17828 : F3FC;
    17829 : EEBD;
    17830 : E99A;
    17831 : E8E6;
    17832 : EB4C;
    17833 : EECB;
    17834 : F2EF;
    17835 : F3FA;
    17836 : F1B8;
    17837 : F108;
    17838 : EFBC;
    17839 : EB04;
    17840 : EA65;
    17841 : EFB2;
    17842 : F204;
    17843 : F219;
    17844 : F58A;
    17845 : F5BC;
    17846 : EF95;
    17847 : EDB3;
    17848 : F301;
    17849 : F720;
    17850 : F81A;
    17851 : F7F5;
    17852 : F48F;
    17853 : EED8;
    17854 : EB7E;
    17855 : EB81;
    17856 : EDB9;
    17857 : F177;
    17858 : F52C;
    17859 : F7D5;
    17860 : F88F;
    17861 : F633;
    17862 : F404;
    17863 : F66A;
    17864 : FAA6;
    17865 : FC49;
    17866 : FBFD;
    17867 : FA06;
    17868 : F6A6;
    17869 : F6BF;
    17870 : FB84;
    17871 : FF0E;
    17872 : FF01;
    17873 : FD23;
    17874 : F9E6;
    17875 : F89C;
    17876 : FC15;
    17877 : FEF7;
    17878 : FE25;
    17879 : FE6C;
    17880 : FFAC;
    17881 : FE8D;
    17882 : FEAA;
    17883 : 00BF;
    17884 : FF75;
    17885 : FD70;
    17886 : FFC6;
    17887 : 01D8;
    17888 : 00F1;
    17889 : 017D;
    17890 : 032C;
    17891 : 0416;
    17892 : 06F8;
    17893 : 09CD;
    17894 : 07B1;
    17895 : 03D9;
    17896 : 01F1;
    17897 : FF59;
    17898 : FD57;
    17899 : 00E7;
    17900 : 079B;
    17901 : 0B35;
    17902 : 0B5F;
    17903 : 0AE8;
    17904 : 09A3;
    17905 : 0631;
    17906 : 0237;
    17907 : 011B;
    17908 : 0381;
    17909 : 06F7;
    17910 : 08E6;
    17911 : 083A;
    17912 : 066F;
    17913 : 05E5;
    17914 : 0645;
    17915 : 0712;
    17916 : 0A34;
    17917 : 0DD8;
    17918 : 0CD3;
    17919 : 0840;
    17920 : 04F6;
    17921 : 02D4;
    17922 : 0115;
    17923 : 0208;
    17924 : 04EE;
    17925 : 065A;
    17926 : 0626;
    17927 : 0630;
    17928 : 06BA;
    17929 : 0634;
    17930 : 0358;
    17931 : 002E;
    17932 : FFF3;
    17933 : 0218;
    17934 : 0482;
    17935 : 067B;
    17936 : 069E;
    17937 : 0498;
    17938 : 02D8;
    17939 : 01FD;
    17940 : 012F;
    17941 : 0162;
    17942 : 020C;
    17943 : 01AA;
    17944 : 0149;
    17945 : 0013;
    17946 : FBFB;
    17947 : F8C2;
    17948 : F962;
    17949 : F9B6;
    17950 : F8A9;
    17951 : FA24;
    17952 : FD38;
    17953 : FF4D;
    17954 : 01FE;
    17955 : 0481;
    17956 : 02D3;
    17957 : FD8E;
    17958 : F97C;
    17959 : F95C;
    17960 : FB88;
    17961 : FC9F;
    17962 : FC45;
    17963 : FC12;
    17964 : FBBD;
    17965 : FBB2;
    17966 : FD1D;
    17967 : FDC7;
    17968 : FD36;
    17969 : FE4E;
    17970 : FDF0;
    17971 : F811;
    17972 : F2FA;
    17973 : F39F;
    17974 : F509;
    17975 : F64E;
    17976 : FB94;
    17977 : 01C3;
    17978 : 0456;
    17979 : 04A9;
    17980 : 032C;
    17981 : FF78;
    17982 : FBDE;
    17983 : F8BD;
    17984 : F735;
    17985 : FBE2;
    17986 : 036E;
    17987 : 03FE;
    17988 : FEBC;
    17989 : FB67;
    17990 : F91C;
    17991 : F668;
    17992 : F890;
    17993 : FF08;
    17994 : 031E;
    17995 : 0556;
    17996 : 094D;
    17997 : 0C88;
    17998 : 0D9D;
    17999 : 0E16;
    18000 : 0988;
    18001 : FCDA;
    18002 : F210;
    18003 : F2D6;
    18004 : F9B2;
    18005 : FF4E;
    18006 : 0627;
    18007 : 0DB7;
    18008 : 0D8C;
    18009 : 05B0;
    18010 : 00E9;
    18011 : 030F;
    18012 : 066F;
    18013 : 0873;
    18014 : 08FD;
    18015 : 04ED;
    18016 : FE33;
    18017 : FD65;
    18018 : 0382;
    18019 : 08CF;
    18020 : 0B21;
    18021 : 0DAB;
    18022 : 0EC9;
    18023 : 0BA6;
    18024 : 0758;
    18025 : 05B5;
    18026 : 060D;
    18027 : 068F;
    18028 : 070A;
    18029 : 07DC;
    18030 : 097F;
    18031 : 0C48;
    18032 : 0F0D;
    18033 : 0F84;
    18034 : 0D1F;
    18035 : 0A45;
    18036 : 0988;
    18037 : 0A4D;
    18038 : 0929;
    18039 : 04F4;
    18040 : 02C9;
    18041 : 07D7;
    18042 : 10A9;
    18043 : 1714;
    18044 : 1B36;
    18045 : 1BD7;
    18046 : 12DC;
    18047 : 03A2;
    18048 : FB34;
    18049 : FD09;
    18050 : 020C;
    18051 : 06B4;
    18052 : 0A46;
    18053 : 0A11;
    18054 : 0762;
    18055 : 0816;
    18056 : 0E07;
    18057 : 14D8;
    18058 : 181C;
    18059 : 16DA;
    18060 : 0FEB;
    18061 : 02F0;
    18062 : F90F;
    18063 : FD89;
    18064 : 0A05;
    18065 : 1014;
    18066 : 1078;
    18067 : 108F;
    18068 : 0C26;
    18069 : 05A3;
    18070 : 0799;
    18071 : 0EF5;
    18072 : 108A;
    18073 : 0CC5;
    18074 : 08EB;
    18075 : 04E3;
    18076 : 022D;
    18077 : 063D;
    18078 : 116A;
    18079 : 1A2F;
    18080 : 16E9;
    18081 : 0B37;
    18082 : 010F;
    18083 : F99B;
    18084 : F528;
    18085 : FA80;
    18086 : 0706;
    18087 : 0E88;
    18088 : 0EA9;
    18089 : 0C10;
    18090 : 07DA;
    18091 : 0564;
    18092 : 07A0;
    18093 : 09A9;
    18094 : 0855;
    18095 : 0603;
    18096 : 0291;
    18097 : FE8A;
    18098 : FD3F;
    18099 : FDFB;
    18100 : FFD3;
    18101 : 0508;
    18102 : 0A7E;
    18103 : 0ABE;
    18104 : 0860;
    18105 : 07F3;
    18106 : 07CA;
    18107 : 051D;
    18108 : 00A4;
    18109 : FC59;
    18110 : F94C;
    18111 : F833;
    18112 : FA3D;
    18113 : FE1E;
    18114 : 000D;
    18115 : 00D0;
    18116 : 0379;
    18117 : 0468;
    18118 : 004C;
    18119 : FC4C;
    18120 : FBC7;
    18121 : FC44;
    18122 : FDC1;
    18123 : 0034;
    18124 : 002A;
    18125 : FDD8;
    18126 : FC18;
    18127 : FA72;
    18128 : F8DA;
    18129 : F945;
    18130 : FC31;
    18131 : 0167;
    18132 : 069A;
    18133 : 0674;
    18134 : 0068;
    18135 : F9FB;
    18136 : F593;
    18137 : F2B6;
    18138 : F47B;
    18139 : FCAA;
    18140 : 04AA;
    18141 : 04A5;
    18142 : FEC8;
    18143 : FAA6;
    18144 : F915;
    18145 : F7A0;
    18146 : F894;
    18147 : FBC6;
    18148 : FBE5;
    18149 : F94E;
    18150 : F804;
    18151 : F725;
    18152 : F6ED;
    18153 : F978;
    18154 : FAE6;
    18155 : F882;
    18156 : F6CF;
    18157 : F799;
    18158 : F8CF;
    18159 : FAD0;
    18160 : FC5F;
    18161 : FA84;
    18162 : F6CD;
    18163 : F497;
    18164 : F55F;
    18165 : F8F9;
    18166 : FC73;
    18167 : FDFA;
    18168 : FEDF;
    18169 : FDED;
    18170 : FAED;
    18171 : FA8A;
    18172 : FBD2;
    18173 : F9EA;
    18174 : F7B7;
    18175 : F724;
    18176 : F4E3;
    18177 : F53B;
    18178 : FBD6;
    18179 : FFD1;
    18180 : FCC3;
    18181 : F8F0;
    18182 : F5FC;
    18183 : F3CC;
    18184 : F666;
    18185 : FBF9;
    18186 : FF1D;
    18187 : FF66;
    18188 : FC94;
    18189 : F6C7;
    18190 : F285;
    18191 : F2BB;
    18192 : F73F;
    18193 : FE5F;
    18194 : 01F0;
    18195 : FECC;
    18196 : FA39;
    18197 : F717;
    18198 : F5B8;
    18199 : F9F8;
    18200 : 00B7;
    18201 : 0112;
    18202 : FCD8;
    18203 : FA21;
    18204 : F7FB;
    18205 : F6EA;
    18206 : F8DC;
    18207 : FA6D;
    18208 : FAA8;
    18209 : FBDA;
    18210 : FC05;
    18211 : FAFB;
    18212 : FCC8;
    18213 : 00D3;
    18214 : 036D;
    18215 : 02E1;
    18216 : FE96;
    18217 : F9D4;
    18218 : F956;
    18219 : FC11;
    18220 : FFB7;
    18221 : 0388;
    18222 : 03CA;
    18223 : 0029;
    18224 : FDEA;
    18225 : FC5F;
    18226 : F8B0;
    18227 : F78B;
    18228 : FAAF;
    18229 : FD33;
    18230 : FF1F;
    18231 : 0218;
    18232 : 0307;
    18233 : 0241;
    18234 : 0299;
    18235 : 0196;
    18236 : FE20;
    18237 : FC46;
    18238 : FD08;
    18239 : FE9A;
    18240 : 0127;
    18241 : 02C2;
    18242 : FF98;
    18243 : F99F;
    18244 : F69A;
    18245 : F773;
    18246 : FA10;
    18247 : FF51;
    18248 : 0644;
    18249 : 084B;
    18250 : 02F5;
    18251 : FC51;
    18252 : F86A;
    18253 : F689;
    18254 : F7AC;
    18255 : FC2D;
    18256 : 0129;
    18257 : 0542;
    18258 : 07E2;
    18259 : 075B;
    18260 : 04F5;
    18261 : 033D;
    18262 : 021F;
    18263 : 01A0;
    18264 : 01A2;
    18265 : 008D;
    18266 : FF4A;
    18267 : FF43;
    18268 : FECF;
    18269 : FE25;
    18270 : FE7A;
    18271 : FE2D;
    18272 : FEFB;
    18273 : 03A7;
    18274 : 0707;
    18275 : 05B9;
    18276 : 0467;
    18277 : 02E0;
    18278 : FE84;
    18279 : FCF3;
    18280 : 004F;
    18281 : 0216;
    18282 : 01B3;
    18283 : 026C;
    18284 : 01DF;
    18285 : 0005;
    18286 : 00CD;
    18287 : 02A4;
    18288 : 0288;
    18289 : 020E;
    18290 : 01E7;
    18291 : 0128;
    18292 : 019D;
    18293 : 04D6;
    18294 : 081A;
    18295 : 0729;
    18296 : 01F2;
    18297 : FCCC;
    18298 : FA60;
    18299 : FB41;
    18300 : 01CA;
    18301 : 0BF4;
    18302 : 1075;
    18303 : 0B99;
    18304 : 0348;
    18305 : FCC5;
    18306 : FACA;
    18307 : FE3F;
    18308 : 0215;
    18309 : 020C;
    18310 : 0183;
    18311 : 02E4;
    18312 : 04C4;
    18313 : 0812;
    18314 : 0C3C;
    18315 : 0CAF;
    18316 : 086B;
    18317 : 019C;
    18318 : FA1D;
    18319 : F723;
    18320 : FC1E;
    18321 : 02CB;
    18322 : 04F3;
    18323 : 0412;
    18324 : 0084;
    18325 : FA0B;
    18326 : F859;
    18327 : 009C;
    18328 : 0A4B;
    18329 : 0C5D;
    18330 : 0804;
    18331 : 0036;
    18332 : F801;
    18333 : F6B5;
    18334 : FD70;
    18335 : 038E;
    18336 : 05EC;
    18337 : 076F;
    18338 : 04B3;
    18339 : FC56;
    18340 : F81F;
    18341 : FD96;
    18342 : 05C8;
    18343 : 0A02;
    18344 : 0923;
    18345 : 0439;
    18346 : FF7D;
    18347 : FF41;
    18348 : 02B1;
    18349 : 0645;
    18350 : 06C1;
    18351 : 0267;
    18352 : FBD4;
    18353 : F81E;
    18354 : F988;
    18355 : FF47;
    18356 : 06FB;
    18357 : 0D27;
    18358 : 0EA0;
    18359 : 0A49;
    18360 : 03BB;
    18361 : 0114;
    18362 : 019C;
    18363 : FF7F;
    18364 : FBE7;
    18365 : FB37;
    18366 : FB95;
    18367 : FBB7;
    18368 : FE0C;
    18369 : 01E9;
    18370 : 06C0;
    18371 : 0D31;
    18372 : 0F57;
    18373 : 0914;
    18374 : 020B;
    18375 : 0039;
    18376 : FFBA;
    18377 : FDF9;
    18378 : FC73;
    18379 : FB9B;
    18380 : FC92;
    18381 : 0071;
    18382 : 0550;
    18383 : 0955;
    18384 : 0BEF;
    18385 : 0B94;
    18386 : 06B9;
    18387 : FF28;
    18388 : FB2E;
    18389 : FE84;
    18390 : 033D;
    18391 : 03BD;
    18392 : 02FA;
    18393 : 0109;
    18394 : FB88;
    18395 : FA20;
    18396 : 00A5;
    18397 : 03E2;
    18398 : 001E;
    18399 : FDBC;
    18400 : FC88;
    18401 : FAC0;
    18402 : FF52;
    18403 : 06E2;
    18404 : 0598;
    18405 : FF23;
    18406 : FD16;
    18407 : FCAB;
    18408 : FBFD;
    18409 : FFC9;
    18410 : 047C;
    18411 : 027F;
    18412 : FC9C;
    18413 : F8D0;
    18414 : F708;
    18415 : F793;
    18416 : FC25;
    18417 : 0113;
    18418 : 0235;
    18419 : 013B;
    18420 : FECD;
    18421 : FA1D;
    18422 : F885;
    18423 : FC46;
    18424 : FD17;
    18425 : F98F;
    18426 : FA02;
    18427 : FB9E;
    18428 : F6E1;
    18429 : F300;
    18430 : F681;
    18431 : FA1E;
    18432 : FAB3;
    18433 : FBFF;
    18434 : FB7D;
    18435 : F87E;
    18436 : F967;
    18437 : FD94;
    18438 : FEE8;
    18439 : FE46;
    18440 : FD4D;
    18441 : F892;
    18442 : F246;
    18443 : F297;
    18444 : F8A5;
    18445 : FAE9;
    18446 : F7D8;
    18447 : F54F;
    18448 : F30B;
    18449 : F0BF;
    18450 : F587;
    18451 : FFE7;
    18452 : 0454;
    18453 : 0258;
    18454 : FF55;
    18455 : F88C;
    18456 : F213;
    18457 : F671;
    18458 : FEDC;
    18459 : FE75;
    18460 : F906;
    18461 : F4F6;
    18462 : F0E2;
    18463 : EF57;
    18464 : F3ED;
    18465 : FB56;
    18466 : 009F;
    18467 : FFC3;
    18468 : F8FB;
    18469 : F3F2;
    18470 : F444;
    18471 : F6C6;
    18472 : FC9E;
    18473 : 0455;
    18474 : 04A1;
    18475 : FDBA;
    18476 : F8E9;
    18477 : F81B;
    18478 : FB3A;
    18479 : 035B;
    18480 : 0844;
    18481 : 0280;
    18482 : F863;
    18483 : F242;
    18484 : F1A6;
    18485 : F565;
    18486 : FB1E;
    18487 : 0121;
    18488 : 0484;
    18489 : FF8A;
    18490 : F64D;
    18491 : F559;
    18492 : FBC6;
    18493 : 0000;
    18494 : 0238;
    18495 : 033B;
    18496 : FFB9;
    18497 : FBCC;
    18498 : FBE6;
    18499 : FDDF;
    18500 : 0150;
    18501 : 0349;
    18502 : FECC;
    18503 : FB35;
    18504 : FFB2;
    18505 : 03EA;
    18506 : 03F1;
    18507 : 05A7;
    18508 : 063A;
    18509 : 0327;
    18510 : 037E;
    18511 : 05C9;
    18512 : 033B;
    18513 : 0126;
    18514 : 03D4;
    18515 : 04EC;
    18516 : 0376;
    18517 : 04B7;
    18518 : 080E;
    18519 : 0A25;
    18520 : 09EE;
    18521 : 070B;
    18522 : 035D;
    18523 : 0200;
    18524 : 0395;
    18525 : 0785;
    18526 : 0C8A;
    18527 : 0F86;
    18528 : 0E33;
    18529 : 09D0;
    18530 : 0669;
    18531 : 06E6;
    18532 : 09BF;
    18533 : 0CC3;
    18534 : 0F70;
    18535 : 0E35;
    18536 : 0734;
    18537 : 0212;
    18538 : 0457;
    18539 : 0901;
    18540 : 0DCE;
    18541 : 142D;
    18542 : 155D;
    18543 : 0E23;
    18544 : 0952;
    18545 : 0BDB;
    18546 : 0E32;
    18547 : 0F52;
    18548 : 1176;
    18549 : 0E0E;
    18550 : 05CA;
    18551 : 0505;
    18552 : 0BE1;
    18553 : 0FF9;
    18554 : 1159;
    18555 : 12A3;
    18556 : 0F0D;
    18557 : 0863;
    18558 : 06C0;
    18559 : 0949;
    18560 : 0BBC;
    18561 : 0ED9;
    18562 : 10B1;
    18563 : 0EFC;
    18564 : 0EAC;
    18565 : 115E;
    18566 : 10D0;
    18567 : 0CDB;
    18568 : 0AD9;
    18569 : 0973;
    18570 : 067F;
    18571 : 0618;
    18572 : 0900;
    18573 : 0A71;
    18574 : 0A3D;
    18575 : 0BDB;
    18576 : 0E6A;
    18577 : 0F27;
    18578 : 0F18;
    18579 : 0FA9;
    18580 : 0E5D;
    18581 : 0A81;
    18582 : 0891;
    18583 : 092E;
    18584 : 0832;
    18585 : 07A4;
    18586 : 0AC6;
    18587 : 0C7B;
    18588 : 0AB1;
    18589 : 0A85;
    18590 : 0A44;
    18591 : 0615;
    18592 : 0348;
    18593 : 0474;
    18594 : 04D2;
    18595 : 054D;
    18596 : 08F1;
    18597 : 0BBB;
    18598 : 0AE8;
    18599 : 08E5;
    18600 : 0727;
    18601 : 065B;
    18602 : 0649;
    18603 : 051E;
    18604 : 045B;
    18605 : 05A1;
    18606 : 05A8;
    18607 : 0446;
    18608 : 045B;
    18609 : 036C;
    18610 : 0202;
    18611 : 05CB;
    18612 : 0A1C;
    18613 : 0702;
    18614 : 01BB;
    18615 : 004A;
    18616 : 0013;
    18617 : 0076;
    18618 : 0214;
    18619 : 0358;
    18620 : 0583;
    18621 : 0722;
    18622 : 03F9;
    18623 : 00C8;
    18624 : 02AA;
    18625 : 03D2;
    18626 : 00DD;
    18627 : FD03;
    18628 : F82A;
    18629 : F46D;
    18630 : F791;
    18631 : FE54;
    18632 : 0240;
    18633 : 05A2;
    18634 : 0892;
    18635 : 0447;
    18636 : FBB8;
    18637 : F9FC;
    18638 : FE9E;
    18639 : 0176;
    18640 : 0264;
    18641 : 034B;
    18642 : 0099;
    18643 : FB58;
    18644 : FAC1;
    18645 : FFCE;
    18646 : 0437;
    18647 : 0472;
    18648 : 01DC;
    18649 : FDF0;
    18650 : FA82;
    18651 : FB39;
    18652 : FF55;
    18653 : 012A;
    18654 : 00DA;
    18655 : 0136;
    18656 : FDD7;
    18657 : F72D;
    18658 : F7C0;
    18659 : FF91;
    18660 : 03AC;
    18661 : 02BB;
    18662 : 010A;
    18663 : FD3D;
    18664 : F952;
    18665 : FB68;
    18666 : 006C;
    18667 : 0102;
    18668 : FF7A;
    18669 : 0017;
    18670 : FF17;
    18671 : FC97;
    18672 : FF7E;
    18673 : 0510;
    18674 : 05A5;
    18675 : 0447;
    18676 : 04B0;
    18677 : 0375;
    18678 : 0046;
    18679 : FD47;
    18680 : FBA3;
    18681 : FEB1;
    18682 : 04B5;
    18683 : 0697;
    18684 : 0462;
    18685 : 025D;
    18686 : 011B;
    18687 : FFF5;
    18688 : FE49;
    18689 : FE5D;
    18690 : 0335;
    18691 : 065F;
    18692 : 0256;
    18693 : FEDF;
    18694 : FF73;
    18695 : FDEF;
    18696 : FC34;
    18697 : FE54;
    18698 : FFB6;
    18699 : FECE;
    18700 : FF33;
    18701 : 0030;
    18702 : 008E;
    18703 : 01F4;
    18704 : 0354;
    18705 : 01D1;
    18706 : FE4B;
    18707 : FBDB;
    18708 : FB0B;
    18709 : FABF;
    18710 : FB05;
    18711 : FBBC;
    18712 : FCA2;
    18713 : FE17;
    18714 : FEA0;
    18715 : FD27;
    18716 : FC0A;
    18717 : FC57;
    18718 : FD51;
    18719 : 0029;
    18720 : 03DB;
    18721 : 041F;
    18722 : 0007;
    18723 : FAFE;
    18724 : F868;
    18725 : F867;
    18726 : F995;
    18727 : FCFD;
    18728 : 00F4;
    18729 : FF08;
    18730 : F8E9;
    18731 : F6BE;
    18732 : F7B2;
    18733 : F8D9;
    18734 : FE1A;
    18735 : 04F7;
    18736 : 0422;
    18737 : FC27;
    18738 : F576;
    18739 : F318;
    18740 : F36B;
    18741 : F62A;
    18742 : FA73;
    18743 : FD2A;
    18744 : FCD1;
    18745 : FA86;
    18746 : F8A9;
    18747 : FA6F;
    18748 : FE81;
    18749 : FF94;
    18750 : FEF7;
    18751 : FFAC;
    18752 : FD46;
    18753 : F863;
    18754 : F869;
    18755 : FB57;
    18756 : FBCA;
    18757 : FBDD;
    18758 : FD0A;
    18759 : FF33;
    18760 : 02FE;
    18761 : 04B3;
    18762 : 0291;
    18763 : FFCC;
    18764 : FB5F;
    18765 : F520;
    18766 : F2A9;
    18767 : F492;
    18768 : F786;
    18769 : FB4F;
    18770 : FE00;
    18771 : FE22;
    18772 : FF6D;
    18773 : 01ED;
    18774 : 00E2;
    18775 : FD96;
    18776 : FCFD;
    18777 : FE2F;
    18778 : FE6E;
    18779 : FF3F;
    18780 : 00E7;
    18781 : 008C;
    18782 : FECA;
    18783 : FE51;
    18784 : FF59;
    18785 : 01A2;
    18786 : 03EB;
    18787 : 0463;
    18788 : 0450;
    18789 : 033E;
    18790 : FEED;
    18791 : FB4C;
    18792 : FB6E;
    18793 : FC06;
    18794 : FD4C;
    18795 : 0060;
    18796 : 01EC;
    18797 : 02A8;
    18798 : 0455;
    18799 : 0489;
    18800 : 050F;
    18801 : 0751;
    18802 : 068A;
    18803 : 0402;
    18804 : 0424;
    18805 : 0339;
    18806 : 000B;
    18807 : FFA2;
    18808 : 00C5;
    18809 : FF61;
    18810 : FD9A;
    18811 : FE3D;
    18812 : 0090;
    18813 : 0403;
    18814 : 07DB;
    18815 : 0940;
    18816 : 070B;
    18817 : 0391;
    18818 : 00B8;
    18819 : 0047;
    18820 : 03D0;
    18821 : 07A6;
    18822 : 0835;
    18823 : 07B0;
    18824 : 05FB;
    18825 : 02AC;
    18826 : 02CE;
    18827 : 0568;
    18828 : 0558;
    18829 : 04EF;
    18830 : 0435;
    18831 : 0116;
    18832 : 0198;
    18833 : 05C6;
    18834 : 070B;
    18835 : 07FC;
    18836 : 0828;
    18837 : 02E8;
    18838 : 00AE;
    18839 : 05B4;
    18840 : 08FA;
    18841 : 0B6F;
    18842 : 0F51;
    18843 : 0B83;
    18844 : 0259;
    18845 : FF19;
    18846 : 0095;
    18847 : 0384;
    18848 : 0884;
    18849 : 0AE6;
    18850 : 08A3;
    18851 : 0525;
    18852 : FFF9;
    18853 : FA7B;
    18854 : FA3E;
    18855 : FDC8;
    18856 : FFAC;
    18857 : 0044;
    18858 : 0050;
    18859 : FDF8;
    18860 : FC83;
    18861 : 0130;
    18862 : 089F;
    18863 : 0BAC;
    18864 : 09BA;
    18865 : 0505;
    18866 : FDF6;
    18867 : F7B3;
    18868 : F80D;
    18869 : FF19;
    18870 : 0571;
    18871 : 0641;
    18872 : 0417;
    18873 : 007A;
    18874 : FBD5;
    18875 : FC3E;
    18876 : 0286;
    18877 : 0540;
    18878 : 0259;
    18879 : FE65;
    18880 : F7D4;
    18881 : F17B;
    18882 : F312;
    18883 : F8B5;
    18884 : FC11;
    18885 : FECD;
    18886 : FF31;
    18887 : FBD8;
    18888 : FB33;
    18889 : FE60;
    18890 : 001E;
    18891 : FF6F;
    18892 : FC21;
    18893 : F664;
    18894 : F298;
    18895 : F22C;
    18896 : F39A;
    18897 : F7E9;
    18898 : FC70;
    18899 : FBE1;
    18900 : F886;
    18901 : F6DC;
    18902 : F630;
    18903 : F675;
    18904 : F808;
    18905 : F7BB;
    18906 : F554;
    18907 : F439;
    18908 : F402;
    18909 : F36E;
    18910 : F421;
    18911 : F622;
    18912 : F838;
    18913 : F98D;
    18914 : F83F;
    18915 : F645;
    18916 : F7F4;
    18917 : FA53;
    18918 : F938;
    18919 : F73C;
    18920 : F524;
    18921 : F1FE;
    18922 : F154;
    18923 : F350;
    18924 : F481;
    18925 : F598;
    18926 : F5C5;
    18927 : F44E;
    18928 : F792;
    18929 : FEBE;
    18930 : FF5C;
    18931 : FABA;
    18932 : F871;
    18933 : F516;
    18934 : F02D;
    18935 : F187;
    18936 : F656;
    18937 : F707;
    18938 : F6D8;
    18939 : F7D9;
    18940 : F62A;
    18941 : F4D9;
    18942 : F7D5;
    18943 : FBC5;
    18944 : FF82;
    18945 : 01B3;
    18946 : FC37;
    18947 : F2C9;
    18948 : F003;
    18949 : F27C;
    18950 : F5E3;
    18951 : FD42;
    18952 : 03E1;
    18953 : 004E;
    18954 : F7B2;
    18955 : F4C4;
    18956 : F730;
    18957 : FB72;
    18958 : 01F7;
    18959 : 06B2;
    18960 : 0268;
    18961 : F8B2;
    18962 : F4C2;
    18963 : F7A7;
    18964 : FBB6;
    18965 : 00DF;
    18966 : 03C1;
    18967 : FCEF;
    18968 : F357;
    18969 : F3A1;
    18970 : FA5A;
    18971 : FF69;
    18972 : 03A8;
    18973 : 0582;
    18974 : 0024;
    18975 : F784;
    18976 : F425;
    18977 : F848;
    18978 : FFBC;
    18979 : 04AC;
    18980 : 049A;
    18981 : 015C;
    18982 : FCC5;
    18983 : F82B;
    18984 : F7AA;
    18985 : FDC3;
    18986 : 0538;
    18987 : 076D;
    18988 : 052B;
    18989 : 022E;
    18990 : FF21;
    18991 : FD52;
    18992 : FEF6;
    18993 : 01B9;
    18994 : 01B7;
    18995 : FFB2;
    18996 : FE09;
    18997 : FD19;
    18998 : FE0E;
    18999 : 02AE;
    19000 : 07E8;
    19001 : 0769;
    19002 : 011C;
    19003 : FB7B;
    19004 : F934;
    19005 : F8C9;
    19006 : FC26;
    19007 : 0336;
    19008 : 0653;
    19009 : 0258;
    19010 : FDDD;
    19011 : FC99;
    19012 : FD22;
    19013 : FFF2;
    19014 : 02D4;
    19015 : 007E;
    19016 : FADB;
    19017 : F7F4;
    19018 : F854;
    19019 : FA6C;
    19020 : FD7F;
    19021 : FF17;
    19022 : FE58;
    19023 : FD47;
    19024 : FCA4;
    19025 : FC93;
    19026 : FD92;
    19027 : FE21;
    19028 : FC97;
    19029 : FA04;
    19030 : F89C;
    19031 : F946;
    19032 : FB9F;
    19033 : FF1C;
    19034 : 020E;
    19035 : 0216;
    19036 : 00D2;
    19037 : 0177;
    19038 : 01FE;
    19039 : 0016;
    19040 : FDD9;
    19041 : FB97;
    19042 : F86C;
    19043 : F6A2;
    19044 : F72A;
    19045 : F93D;
    19046 : FCF3;
    19047 : FF57;
    19048 : FD7D;
    19049 : FAA8;
    19050 : FA46;
    19051 : FB7F;
    19052 : FD23;
    19053 : FE56;
    19054 : FDFD;
    19055 : FC1A;
    19056 : F9DB;
    19057 : F94A;
    19058 : FB95;
    19059 : FF68;
    19060 : 0214;
    19061 : 0102;
    19062 : FCF6;
    19063 : FA89;
    19064 : FB24;
    19065 : FCB5;
    19066 : FF44;
    19067 : 013F;
    19068 : FFA1;
    19069 : FD2F;
    19070 : FD61;
    19071 : FEF7;
    19072 : 0179;
    19073 : 0452;
    19074 : 0442;
    19075 : 00D0;
    19076 : FCF4;
    19077 : FC06;
    19078 : 0001;
    19079 : 058B;
    19080 : 07C2;
    19081 : 0716;
    19082 : 0402;
    19083 : FDDF;
    19084 : F98D;
    19085 : FB03;
    19086 : FEA1;
    19087 : 014E;
    19088 : 02DB;
    19089 : 0197;
    19090 : FF50;
    19091 : 0145;
    19092 : 057E;
    19093 : 060D;
    19094 : 0480;
    19095 : 03D0;
    19096 : 0156;
    19097 : FDFD;
    19098 : FEA1;
    19099 : 020E;
    19100 : 04F9;
    19101 : 06B1;
    19102 : 04D6;
    19103 : 0010;
    19104 : FD82;
    19105 : FD4F;
    19106 : FEB4;
    19107 : 046D;
    19108 : 09AB;
    19109 : 070F;
    19110 : 00C5;
    19111 : FD40;
    19112 : FCA0;
    19113 : FF67;
    19114 : 045F;
    19115 : 065A;
    19116 : 04CE;
    19117 : 032C;
    19118 : 01D9;
    19119 : 00B2;
    19120 : 017A;
    19121 : 037C;
    19122 : 0271;
    19123 : FD16;
    19124 : F8FC;
    19125 : FAA8;
    19126 : FF16;
    19127 : 0286;
    19128 : 050F;
    19129 : 0607;
    19130 : 0433;
    19131 : 009C;
    19132 : FD49;
    19133 : FC60;
    19134 : FDE8;
    19135 : FE63;
    19136 : FCCD;
    19137 : FBE4;
    19138 : FBD1;
    19139 : FBFA;
    19140 : FE6F;
    19141 : 0268;
    19142 : 0472;
    19143 : 0497;
    19144 : 03DF;
    19145 : 0146;
    19146 : FD19;
    19147 : F99E;
    19148 : F8B8;
    19149 : F9CE;
    19150 : F9F7;
    19151 : F9E8;
    19152 : FCFA;
    19153 : FFFE;
    19154 : FF16;
    19155 : FE7B;
    19156 : FFA9;
    19157 : FE88;
    19158 : FD32;
    19159 : FE7D;
    19160 : FE9E;
    19161 : FCA3;
    19162 : FAB6;
    19163 : F842;
    19164 : F6AF;
    19165 : F797;
    19166 : F92A;
    19167 : FC09;
    19168 : FFA7;
    19169 : FE75;
    19170 : F929;
    19171 : F64E;
    19172 : F6CA;
    19173 : F8D2;
    19174 : FBD0;
    19175 : FD95;
    19176 : FCDB;
    19177 : FA04;
    19178 : F626;
    19179 : F571;
    19180 : F95C;
    19181 : FCE2;
    19182 : FDBC;
    19183 : FCFA;
    19184 : F983;
    19185 : F5F8;
    19186 : F740;
    19187 : FAD0;
    19188 : FCE7;
    19189 : FEBE;
    19190 : FE3C;
    19191 : F89F;
    19192 : F3F0;
    19193 : F5C8;
    19194 : FA7E;
    19195 : FDDA;
    19196 : FEF6;
    19197 : FCA7;
    19198 : F907;
    19199 : F79E;
    19200 : F6A8;
    19201 : F63D;
    19202 : FAE4;
    19203 : 0118;
    19204 : 01CB;
    19205 : 000B;
    19206 : FFA2;
    19207 : FE4A;
    19208 : FE23;
    19209 : 017C;
    19210 : 0308;
    19211 : 0133;
    19212 : 0016;
    19213 : FF75;
    19214 : FF40;
    19215 : 01D4;
    19216 : 040E;
    19217 : 02A2;
    19218 : 009F;
    19219 : 0056;
    19220 : 012E;
    19221 : 0228;
    19222 : 0160;
    19223 : 007D;
    19224 : 02E5;
    19225 : 0579;
    19226 : 05CB;
    19227 : 07AB;
    19228 : 09DE;
    19229 : 088C;
    19230 : 070C;
    19231 : 0629;
    19232 : 029E;
    19233 : 010B;
    19234 : 04B5;
    19235 : 06CF;
    19236 : 05BC;
    19237 : 0684;
    19238 : 0778;
    19239 : 06AA;
    19240 : 086C;
    19241 : 0BFF;
    19242 : 0BD6;
    19243 : 08CC;
    19244 : 0679;
    19245 : 053F;
    19246 : 06A4;
    19247 : 0B1A;
    19248 : 0DBA;
    19249 : 0C92;
    19250 : 0B8D;
    19251 : 0B4B;
    19252 : 0AA6;
    19253 : 0C0F;
    19254 : 0EC1;
    19255 : 0EB0;
    19256 : 0CBA;
    19257 : 0AB2;
    19258 : 07F0;
    19259 : 073C;
    19260 : 0AF5;
    19261 : 0E7D;
    19262 : 0D66;
    19263 : 09C9;
    19264 : 07CF;
    19265 : 0855;
    19266 : 0996;
    19267 : 0B97;
    19268 : 0F15;
    19269 : 1092;
    19270 : 0CB0;
    19271 : 06D5;
    19272 : 0462;
    19273 : 05C2;
    19274 : 0829;
    19275 : 0AFF;
    19276 : 0EB7;
    19277 : 0F9F;
    19278 : 0BB3;
    19279 : 08F0;
    19280 : 0A16;
    19281 : 0ABD;
    19282 : 0AD2;
    19283 : 0AB7;
    19284 : 0671;
    19285 : 01A1;
    19286 : 02D5;
    19287 : 067A;
    19288 : 08FE;
    19289 : 0C00;
    19290 : 0CE2;
    19291 : 09C1;
    19292 : 0708;
    19293 : 06DF;
    19294 : 073B;
    19295 : 0771;
    19296 : 0810;
    19297 : 07B1;
    19298 : 0494;
    19299 : 01F7;
    19300 : 038A;
    19301 : 05BB;
    19302 : 0698;
    19303 : 0972;
    19304 : 0AE2;
    19305 : 0706;
    19306 : 033B;
    19307 : 00B2;
    19308 : FCE3;
    19309 : FD77;
    19310 : 02B1;
    19311 : 035F;
    19312 : 00BC;
    19313 : 0165;
    19314 : 01DC;
    19315 : 0021;
    19316 : 0166;
    19317 : 043E;
    19318 : 02EA;
    19319 : FF5C;
    19320 : FD7F;
    19321 : FC7F;
    19322 : FCE8;
    19323 : FF74;
    19324 : FFC3;
    19325 : FD1F;
    19326 : FCD6;
    19327 : FE13;
    19328 : FD5F;
    19329 : FE00;
    19330 : 0084;
    19331 : 0009;
    19332 : FD0F;
    19333 : FA8F;
    19334 : F874;
    19335 : F7C5;
    19336 : F8E0;
    19337 : F9DC;
    19338 : FA9F;
    19339 : FA63;
    19340 : F7E6;
    19341 : F6E7;
    19342 : F9B1;
    19343 : FBCE;
    19344 : FB94;
    19345 : FC0B;
    19346 : FC4D;
    19347 : FA92;
    19348 : F9CA;
    19349 : FA68;
    19350 : F8A5;
    19351 : F545;
    19352 : F3C0;
    19353 : F3F2;
    19354 : F5E2;
    19355 : F988;
    19356 : FB6C;
    19357 : FAF1;
    19358 : FABC;
    19359 : FA35;
    19360 : F96A;
    19361 : FA33;
    19362 : FAA1;
    19363 : F915;
    19364 : F70B;
    19365 : F56F;
    19366 : F5C7;
    19367 : F811;
    19368 : F9C9;
    19369 : FC88;
    19370 : 00A4;
    19371 : 002A;
    19372 : FB91;
    19373 : F8E5;
    19374 : F7C0;
    19375 : F763;
    19376 : F9BF;
    19377 : FBD9;
    19378 : FB64;
    19379 : FB07;
    19380 : FB38;
    19381 : FB0B;
    19382 : FC03;
    19383 : FE08;
    19384 : FE12;
    19385 : FB65;
    19386 : F9FF;
    19387 : FBEA;
    19388 : FDC1;
    19389 : FED7;
    19390 : 0114;
    19391 : 0184;
    19392 : FEE4;
    19393 : FCAA;
    19394 : FA9E;
    19395 : F8A9;
    19396 : F9BE;
    19397 : FBED;
    19398 : FCE6;
    19399 : FEBC;
    19400 : 003E;
    19401 : FF9F;
    19402 : FFDB;
    19403 : 0198;
    19404 : 01D6;
    19405 : 0020;
    19406 : FE4B;
    19407 : FCE8;
    19408 : FBA0;
    19409 : FC30;
    19410 : FF23;
    19411 : 0099;
    19412 : 00E9;
    19413 : 0311;
    19414 : 025E;
    19415 : FF4C;
    19416 : 02BC;
    19417 : 0786;
    19418 : 049C;
    19419 : 009A;
    19420 : FE67;
    19421 : F9C5;
    19422 : F7DD;
    19423 : FA70;
    19424 : FCD0;
    19425 : 0208;
    19426 : 0868;
    19427 : 07E3;
    19428 : 041A;
    19429 : 01E7;
    19430 : FF4B;
    19431 : FFBD;
    19432 : 03AA;
    19433 : 030D;
    19434 : FE8B;
    19435 : FC49;
    19436 : FB74;
    19437 : FBEA;
    19438 : FFF5;
    19439 : 04AD;
    19440 : 06D0;
    19441 : 0713;
    19442 : 0535;
    19443 : 0157;
    19444 : FF2C;
    19445 : FF82;
    19446 : FEC1;
    19447 : FDAB;
    19448 : FEC9;
    19449 : FEEC;
    19450 : FD50;
    19451 : FE0B;
    19452 : 007E;
    19453 : 02F1;
    19454 : 0554;
    19455 : 0344;
    19456 : FD2C;
    19457 : FB03;
    19458 : FCF4;
    19459 : FF00;
    19460 : 0261;
    19461 : 052F;
    19462 : 04B2;
    19463 : 03A9;
    19464 : 0220;
    19465 : FF4F;
    19466 : FE9B;
    19467 : FFAD;
    19468 : FF66;
    19469 : FD8D;
    19470 : FB66;
    19471 : FD30;
    19472 : 03D6;
    19473 : 075C;
    19474 : 05B0;
    19475 : 0477;
    19476 : 0200;
    19477 : FD5B;
    19478 : FD98;
    19479 : 0273;
    19480 : 04F8;
    19481 : 041E;
    19482 : 010E;
    19483 : FC68;
    19484 : F9CB;
    19485 : FBBF;
    19486 : 0116;
    19487 : 06CB;
    19488 : 08C3;
    19489 : 05C1;
    19490 : 0103;
    19491 : FD25;
    19492 : FBA1;
    19493 : FF25;
    19494 : 05F1;
    19495 : 0818;
    19496 : 03AB;
    19497 : 006B;
    19498 : 0197;
    19499 : 0353;
    19500 : 0683;
    19501 : 0C76;
    19502 : 0DD2;
    19503 : 06B8;
    19504 : FED8;
    19505 : FC70;
    19506 : FDB4;
    19507 : 0008;
    19508 : 028B;
    19509 : 03D0;
    19510 : 0317;
    19511 : 022A;
    19512 : 0342;
    19513 : 0644;
    19514 : 0977;
    19515 : 0A74;
    19516 : 06EF;
    19517 : 003E;
    19518 : FB79;
    19519 : FBA2;
    19520 : FF4B;
    19521 : 0354;
    19522 : 0591;
    19523 : 05E3;
    19524 : 0552;
    19525 : 04F0;
    19526 : 058E;
    19527 : 070D;
    19528 : 08AF;
    19529 : 08C4;
    19530 : 0528;
    19531 : FFFC;
    19532 : FE02;
    19533 : FEF5;
    19534 : 00D1;
    19535 : 036F;
    19536 : 03E8;
    19537 : 015F;
    19538 : 00A2;
    19539 : 02B9;
    19540 : 052C;
    19541 : 0768;
    19542 : 07A5;
    19543 : 05E8;
    19544 : 0422;
    19545 : 0063;
    19546 : FDA3;
    19547 : 023C;
    19548 : 078F;
    19549 : 0682;
    19550 : 0446;
    19551 : 013B;
    19552 : FAE2;
    19553 : F816;
    19554 : FAF8;
    19555 : FF45;
    19556 : 04D8;
    19557 : 0719;
    19558 : 01F5;
    19559 : FD9B;
    19560 : FE0A;
    19561 : FEFA;
    19562 : 0245;
    19563 : 06E4;
    19564 : 0547;
    19565 : FFFB;
    19566 : FE0E;
    19567 : FE49;
    19568 : FFB3;
    19569 : 03AF;
    19570 : 0646;
    19571 : 0339;
    19572 : FCD8;
    19573 : F84F;
    19574 : F876;
    19575 : FC2A;
    19576 : FFF1;
    19577 : 01AB;
    19578 : 011A;
    19579 : FDB7;
    19580 : F8C4;
    19581 : F72F;
    19582 : FAB5;
    19583 : FEEB;
    19584 : 0196;
    19585 : 02E6;
    19586 : 0027;
    19587 : FA88;
    19588 : F815;
    19589 : F962;
    19590 : FB57;
    19591 : FCC6;
    19592 : FC51;
    19593 : FA95;
    19594 : F94A;
    19595 : F73F;
    19596 : F624;
    19597 : F8BD;
    19598 : FAEE;
    19599 : FA7F;
    19600 : FB11;
    19601 : FC8F;
    19602 : FDA5;
    19603 : FEAD;
    19604 : FDD6;
    19605 : FC36;
    19606 : FBD7;
    19607 : F99A;
    19608 : F743;
    19609 : FA27;
    19610 : FD96;
    19611 : FCEF;
    19612 : FCB8;
    19613 : FE16;
    19614 : FDD5;
    19615 : FCDF;
    19616 : FCD3;
    19617 : FCFB;
    19618 : FC25;
    19619 : FA02;
    19620 : F8D4;
    19621 : F9D5;
    19622 : FA86;
    19623 : F9B5;
    19624 : F90D;
    19625 : F9EC;
    19626 : FBD3;
    19627 : FCD2;
    19628 : FD6B;
    19629 : FEC7;
    19630 : FD96;
    19631 : FA0A;
    19632 : FA06;
    19633 : FC6A;
    19634 : FD20;
    19635 : FE46;
    19636 : FF4C;
    19637 : FDEB;
    19638 : FDA3;
    19639 : FE55;
    19640 : FC08;
    19641 : F959;
    19642 : F98C;
    19643 : FB10;
    19644 : FC57;
    19645 : FC90;
    19646 : FC87;
    19647 : FD47;
    19648 : FCBD;
    19649 : FBF5;
    19650 : FE08;
    19651 : FF60;
    19652 : FE06;
    19653 : FDB3;
    19654 : FD7E;
    19655 : FC9C;
    19656 : FE91;
    19657 : 010E;
    19658 : 010F;
    19659 : 0140;
    19660 : 009E;
    19661 : FE19;
    19662 : FE00;
    19663 : FF21;
    19664 : FE7D;
    19665 : 0002;
    19666 : 0293;
    19667 : 00E2;
    19668 : FF3D;
    19669 : 012D;
    19670 : 0106;
    19671 : FE35;
    19672 : FD8E;
    19673 : FE2B;
    19674 : FEDC;
    19675 : 01AF;
    19676 : 04FE;
    19677 : 0605;
    19678 : 050F;
    19679 : 0295;
    19680 : 00C7;
    19681 : 024E;
    19682 : 0496;
    19683 : 054D;
    19684 : 05C5;
    19685 : 0404;
    19686 : FF95;
    19687 : FEDB;
    19688 : 02D8;
    19689 : 05B2;
    19690 : 06AA;
    19691 : 06E8;
    19692 : 04A2;
    19693 : 0195;
    19694 : 0158;
    19695 : 03D9;
    19696 : 0793;
    19697 : 0A69;
    19698 : 0ABD;
    19699 : 09B4;
    19700 : 07D7;
    19701 : 0503;
    19702 : 038D;
    19703 : 03FA;
    19704 : 040D;
    19705 : 0454;
    19706 : 05BD;
    19707 : 0630;
    19708 : 05D8;
    19709 : 07CB;
    19710 : 0B32;
    19711 : 0BAA;
    19712 : 090C;
    19713 : 077D;
    19714 : 07BD;
    19715 : 078B;
    19716 : 07A6;
    19717 : 08F7;
    19718 : 08B7;
    19719 : 057D;
    19720 : 0267;
    19721 : 02BC;
    19722 : 05A2;
    19723 : 0820;
    19724 : 0A90;
    19725 : 0D9F;
    19726 : 0C9D;
    19727 : 069B;
    19728 : 039A;
    19729 : 05C7;
    19730 : 0693;
    19731 : 0555;
    19732 : 056E;
    19733 : 04D9;
    19734 : 025C;
    19735 : 010B;
    19736 : 01A0;
    19737 : 02CC;
    19738 : 0459;
    19739 : 053F;
    19740 : 04F8;
    19741 : 0552;
    19742 : 0606;
    19743 : 04FF;
    19744 : 03F7;
    19745 : 04B0;
    19746 : 0445;
    19747 : 025E;
    19748 : 028A;
    19749 : 0363;
    19750 : 01A2;
    19751 : FF81;
    19752 : FF57;
    19753 : FF95;
    19754 : FEC5;
    19755 : FDBD;
    19756 : FF6B;
    19757 : 04C1;
    19758 : 09A2;
    19759 : 0ABD;
    19760 : 0838;
    19761 : 0331;
    19762 : FE9A;
    19763 : FB6F;
    19764 : F875;
    19765 : F9DD;
    19766 : FFF2;
    19767 : 00EE;
    19768 : FCD9;
    19769 : FBEC;
    19770 : FB27;
    19771 : F911;
    19772 : FBFD;
    19773 : FEE3;
    19774 : FBA0;
    19775 : FA35;
    19776 : FD8C;
    19777 : FF45;
    19778 : 00DF;
    19779 : 051F;
    19780 : 055A;
    19781 : FDB0;
    19782 : F622;
    19783 : F687;
    19784 : FA99;
    19785 : FC80;
    19786 : FFA4;
    19787 : 03EC;
    19788 : 0181;
    19789 : F950;
    19790 : F453;
    19791 : F57F;
    19792 : F8F5;
    19793 : FAB2;
    19794 : FCFD;
    19795 : 0394;
    19796 : 07AA;
    19797 : 0459;
    19798 : 028C;
    19799 : 0433;
    19800 : 0178;
    19801 : FD9C;
    19802 : FD41;
    19803 : FB1F;
    19804 : F797;
    19805 : F7AA;
    19806 : F96C;
    19807 : FA8E;
    19808 : FB8D;
    19809 : FD4D;
    19810 : 01CC;
    19811 : 062D;
    19812 : 0555;
    19813 : 022F;
    19814 : 0032;
    19815 : FD7F;
    19816 : FB4E;
    19817 : FAE9;
    19818 : F8CF;
    19819 : F5BF;
    19820 : F7BD;
    19821 : 001D;
    19822 : 0874;
    19823 : 0A8C;
    19824 : 0A5F;
    19825 : 0CCE;
    19826 : 0829;
    19827 : F7AD;
    19828 : ECEB;
    19829 : F0D2;
    19830 : F659;
    19831 : F9D2;
    19832 : 007C;
    19833 : 038A;
    19834 : 0144;
    19835 : 03CF;
    19836 : 08D8;
    19837 : 0791;
    19838 : 03B3;
    19839 : 015B;
    19840 : FCFA;
    19841 : F4CD;
    19842 : EC81;
    19843 : EE0D;
    19844 : FD4B;
    19845 : 0A4B;
    19846 : 0B26;
    19847 : 0BFE;
    19848 : 0DBD;
    19849 : 0619;
    19850 : FF20;
    19851 : 0112;
    19852 : FFB0;
    19853 : FA14;
    19854 : F870;
    19855 : F5FC;
    19856 : F400;
    19857 : F973;
    19858 : FEE5;
    19859 : 013F;
    19860 : 065C;
    19861 : 087F;
    19862 : 04F5;
    19863 : 02BC;
    19864 : FF3E;
    19865 : FAC9;
    19866 : FDA5;
    19867 : 0143;
    19868 : FDAE;
    19869 : F9A9;
    19870 : F707;
    19871 : F453;
    19872 : F718;
    19873 : FE2D;
    19874 : 0458;
    19875 : 07A6;
    19876 : 03B0;
    19877 : FCC7;
    19878 : FBA1;
    19879 : F9AF;
    19880 : F748;
    19881 : 008E;
    19882 : 093F;
    19883 : 02E6;
    19884 : FDF6;
    19885 : 016F;
    19886 : 014F;
    19887 : 043D;
    19888 : 0E28;
    19889 : 0DB7;
    19890 : 0320;
    19891 : FD83;
    19892 : FB7E;
    19893 : FA46;
    19894 : FD74;
    19895 : 0097;
    19896 : 01EF;
    19897 : 04A4;
    19898 : 04E2;
    19899 : 038A;
    19900 : 060C;
    19901 : 084C;
    19902 : 08FE;
    19903 : 0A50;
    19904 : 049E;
    19905 : F969;
    19906 : F632;
    19907 : F99D;
    19908 : FD63;
    19909 : 0402;
    19910 : 08D8;
    19911 : 08A9;
    19912 : 09D5;
    19913 : 091C;
    19914 : 03F1;
    19915 : 03A9;
    19916 : 058C;
    19917 : 0318;
    19918 : 03FC;
    19919 : 04E8;
    19920 : FCAC;
    19921 : F942;
    19922 : 0333;
    19923 : 0ACF;
    19924 : 0BC1;
    19925 : 0DAE;
    19926 : 0B99;
    19927 : 0482;
    19928 : 0349;
    19929 : 0745;
    19930 : 081F;
    19931 : 070A;
    19932 : 0639;
    19933 : 045D;
    19934 : 0466;
    19935 : 0777;
    19936 : 095C;
    19937 : 0994;
    19938 : 0957;
    19939 : 06C8;
    19940 : 030C;
    19941 : 0180;
    19942 : 0262;
    19943 : 0505;
    19944 : 080C;
    19945 : 0923;
    19946 : 0833;
    19947 : 068D;
    19948 : 0600;
    19949 : 06AC;
    19950 : 04B6;
    19951 : 01A0;
    19952 : 045C;
    19953 : 09F2;
    19954 : 0BF6;
    19955 : 0CC5;
    19956 : 0D24;
    19957 : 0BD6;
    19958 : 0B45;
    19959 : 08E1;
    19960 : 03EF;
    19961 : 031B;
    19962 : 03FB;
    19963 : 027B;
    19964 : 04D3;
    19965 : 0899;
    19966 : 0726;
    19967 : 06C7;
    19968 : 083A;
    19969 : 05B1;
    19970 : 055C;
    19971 : 08D8;
    19972 : 08C0;
    19973 : 08F2;
    19974 : 0B4A;
    19975 : 07F4;
    19976 : 0360;
    19977 : 0438;
    19978 : 0402;
    19979 : 0393;
    19980 : 08D8;
    19981 : 0B3F;
    19982 : 067C;
    19983 : 0514;
    19984 : 077F;
    19985 : 0633;
    19986 : 0544;
    19987 : 06FF;
    19988 : 04A9;
    19989 : 01FD;
    19990 : 0640;
    19991 : 0A42;
    19992 : 0942;
    19993 : 0947;
    19994 : 0938;
    19995 : 064B;
    19996 : 0603;
    19997 : 07F7;
    19998 : 07E6;
    19999 : 0891;
    20000 : 091F;
    20001 : 0707;
    20002 : 066C;
    20003 : 04C8;
    20004 : FE85;
    20005 : FD2A;
    20006 : 0291;
    20007 : 04B9;
    20008 : 0513;
    20009 : 06D5;
    20010 : 0499;
    20011 : 00BE;
    20012 : FF6B;
    20013 : FE3F;
    20014 : 00B6;
    20015 : 0718;
    20016 : 090B;
    20017 : 08B0;
    20018 : 09B0;
    20019 : 05A7;
    20020 : 0087;
    20021 : 02AF;
    20022 : 04C8;
    20023 : 0257;
    20024 : 01CF;
    20025 : 0207;
    20026 : 0001;
    20027 : 0002;
    20028 : 0209;
    20029 : 0292;
    20030 : 02A5;
    20031 : 02F9;
    20032 : 029A;
    20033 : 026F;
    20034 : 02A1;
    20035 : 020B;
    20036 : 0086;
    20037 : FE20;
    20038 : FB70;
    20039 : FA50;
    20040 : FB20;
    20041 : FCC9;
    20042 : FF80;
    20043 : 0331;
    20044 : 0685;
    20045 : 0854;
    20046 : 0631;
    20047 : 0080;
    20048 : FD13;
    20049 : FAFE;
    20050 : F5EF;
    20051 : F66E;
    20052 : FF4A;
    20053 : 015B;
    20054 : FB81;
    20055 : FA6F;
    20056 : FA96;
    20057 : F757;
    20058 : F7F2;
    20059 : FB74;
    20060 : FE05;
    20061 : 009B;
    20062 : FEC8;
    20063 : FAD0;
    20064 : FC49;
    20065 : FBF3;
    20066 : F804;
    20067 : FC34;
    20068 : 01FB;
    20069 : FDA7;
    20070 : F88E;
    20071 : F7AA;
    20072 : F4BB;
    20073 : F3D4;
    20074 : F6BA;
    20075 : F54A;
    20076 : F21B;
    20077 : F4A0;
    20078 : F8E4;
    20079 : FBA9;
    20080 : FF0D;
    20081 : FEBC;
    20082 : F7F1;
    20083 : F27F;
    20084 : F196;
    20085 : F06C;
    20086 : F080;
    20087 : F3AA;
    20088 : F561;
    20089 : F76D;
    20090 : FC59;
    20091 : FC2F;
    20092 : F605;
    20093 : F364;
    20094 : F3B9;
    20095 : F223;
    20096 : F160;
    20097 : F0CB;
    20098 : ED96;
    20099 : EC57;
    20100 : EFAC;
    20101 : F3A1;
    20102 : F5FA;
    20103 : F7D6;
    20104 : FAFF;
    20105 : FD54;
    20106 : F899;
    20107 : EFF2;
    20108 : EE57;
    20109 : F18B;
    20110 : F0FD;
    20111 : F157;
    20112 : F5B5;
    20113 : F56C;
    20114 : F05C;
    20115 : EECF;
    20116 : F069;
    20117 : F26A;
    20118 : F495;
    20119 : F425;
    20120 : F38D;
    20121 : F64B;
    20122 : F55A;
    20123 : F065;
    20124 : F1D3;
    20125 : F5CD;
    20126 : F423;
    20127 : F478;
    20128 : F8AA;
    20129 : F7B0;
    20130 : F505;
    20131 : F670;
    20132 : F64E;
    20133 : F432;
    20134 : F439;
    20135 : F45B;
    20136 : F649;
    20137 : FC13;
    20138 : FE3C;
    20139 : FAE9;
    20140 : F8BD;
    20141 : F747;
    20142 : F596;
    20143 : F7F9;
    20144 : FB12;
    20145 : F938;
    20146 : F655;
    20147 : F588;
    20148 : F518;
    20149 : F752;
    20150 : FD4B;
    20151 : 0106;
    20152 : FF8A;
    20153 : FCED;
    20154 : FB9F;
    20155 : FAEC;
    20156 : FC3C;
    20157 : FF60;
    20158 : FFDE;
    20159 : FDA3;
    20160 : FCA6;
    20161 : FC07;
    20162 : FB67;
    20163 : FDD8;
    20164 : 00BE;
    20165 : 00B5;
    20166 : 005B;
    20167 : 006D;
    20168 : 012D;
    20169 : 04CF;
    20170 : 0776;
    20171 : 0666;
    20172 : 0585;
    20173 : 02A7;
    20174 : FC20;
    20175 : FC04;
    20176 : 04F4;
    20177 : 0AF5;
    20178 : 090B;
    20179 : 0508;
    20180 : 00FC;
    20181 : FBB6;
    20182 : FA3D;
    20183 : 017C;
    20184 : 0A6A;
    20185 : 0CE4;
    20186 : 0C75;
    20187 : 0BFD;
    20188 : 0932;
    20189 : 0757;
    20190 : 0834;
    20191 : 0745;
    20192 : 04D2;
    20193 : 0374;
    20194 : 02A3;
    20195 : 0341;
    20196 : 0532;
    20197 : 075F;
    20198 : 0A8B;
    20199 : 0BD9;
    20200 : 09C9;
    20201 : 0990;
    20202 : 0B5F;
    20203 : 0B90;
    20204 : 0C98;
    20205 : 0EAD;
    20206 : 0D0A;
    20207 : 080D;
    20208 : 049A;
    20209 : 059C;
    20210 : 0918;
    20211 : 0B86;
    20212 : 0E46;
    20213 : 1189;
    20214 : 1052;
    20215 : 0C29;
    20216 : 0ACD;
    20217 : 0AAB;
    20218 : 0A03;
    20219 : 0AFE;
    20220 : 0BBA;
    20221 : 0A14;
    20222 : 0903;
    20223 : 09E5;
    20224 : 0A0B;
    20225 : 08DA;
    20226 : 0862;
    20227 : 07B2;
    20228 : 05AC;
    20229 : 0621;
    20230 : 090D;
    20231 : 0952;
    20232 : 08D3;
    20233 : 09B1;
    20234 : 0802;
    20235 : 0728;
    20236 : 0A34;
    20237 : 097F;
    20238 : 0705;
    20239 : 0AE0;
    20240 : 0D5B;
    20241 : 09CC;
    20242 : 08F0;
    20243 : 0938;
    20244 : 05A4;
    20245 : 053E;
    20246 : 08DD;
    20247 : 08CA;
    20248 : 0687;
    20249 : 0633;
    20250 : 051F;
    20251 : 02F8;
    20252 : 039E;
    20253 : 0699;
    20254 : 0727;
    20255 : 0451;
    20256 : 0233;
    20257 : 029B;
    20258 : 0396;
    20259 : 0383;
    20260 : 01A7;
    20261 : 0026;
    20262 : 0203;
    20263 : 03B2;
    20264 : 022B;
    20265 : 0243;
    20266 : 0490;
    20267 : 0487;
    20268 : 038C;
    20269 : 027C;
    20270 : FF6E;
    20271 : FDB0;
    20272 : FDEE;
    20273 : FCCC;
    20274 : FCEA;
    20275 : FF03;
    20276 : FFBE;
    20277 : 0150;
    20278 : 0307;
    20279 : 0159;
    20280 : 0100;
    20281 : 01E1;
    20282 : FEE7;
    20283 : FF8F;
    20284 : 0671;
    20285 : 07DF;
    20286 : 03E3;
    20287 : 0134;
    20288 : FCE2;
    20289 : F905;
    20290 : FA17;
    20291 : FB09;
    20292 : FB68;
    20293 : FDA8;
    20294 : FCC9;
    20295 : FAB4;
    20296 : FD04;
    20297 : FDE6;
    20298 : FBE8;
    20299 : FE3B;
    20300 : 0128;
    20301 : FEB6;
    20302 : FC67;
    20303 : FCC7;
    20304 : FC7B;
    20305 : FC65;
    20306 : FB3A;
    20307 : F6D6;
    20308 : F5F4;
    20309 : FA93;
    20310 : FCF1;
    20311 : FE12;
    20312 : 00E3;
    20313 : FE8D;
    20314 : F9A9;
    20315 : FA97;
    20316 : FA9B;
    20317 : F6C3;
    20318 : F86D;
    20319 : FC1A;
    20320 : F9AA;
    20321 : F745;
    20322 : F982;
    20323 : FC2B;
    20324 : FC4A;
    20325 : FA9A;
    20326 : FB68;
    20327 : FE46;
    20328 : FD77;
    20329 : FD73;
    20330 : 010E;
    20331 : FDFD;
    20332 : F715;
    20333 : F799;
    20334 : F8CA;
    20335 : F723;
    20336 : FACA;
    20337 : FE7C;
    20338 : FC5F;
    20339 : FA9B;
    20340 : F8A1;
    20341 : F618;
    20342 : F83E;
    20343 : F8FE;
    20344 : F6D5;
    20345 : FD0D;
    20346 : 04C9;
    20347 : 0045;
    20348 : F9ED;
    20349 : FA64;
    20350 : F8AB;
    20351 : F619;
    20352 : F8F7;
    20353 : F9E4;
    20354 : F791;
    20355 : F9C7;
    20356 : FCBC;
    20357 : FC23;
    20358 : FD37;
    20359 : FE23;
    20360 : FB04;
    20361 : F9F9;
    20362 : FC3F;
    20363 : FC7E;
    20364 : FC5F;
    20365 : FCF0;
    20366 : FACA;
    20367 : F878;
    20368 : F957;
    20369 : FAE2;
    20370 : FB01;
    20371 : F9E6;
    20372 : F947;
    20373 : FAA1;
    20374 : FB62;
    20375 : FC03;
    20376 : 0165;
    20377 : 0744;
    20378 : 0682;
    20379 : 0333;
    20380 : 00C7;
    20381 : FCE8;
    20382 : FADF;
    20383 : FC6A;
    20384 : FCA6;
    20385 : FC5E;
    20386 : FD5D;
    20387 : FB86;
    20388 : F913;
    20389 : FB17;
    20390 : FDAF;
    20391 : FF04;
    20392 : 0204;
    20393 : 0301;
    20394 : FFB9;
    20395 : FD47;
    20396 : FCB5;
    20397 : FC25;
    20398 : FCA2;
    20399 : FCF4;
    20400 : FBB3;
    20401 : FACE;
    20402 : FADE;
    20403 : FC17;
    20404 : FEE5;
    20405 : 0113;
    20406 : 0274;
    20407 : 0405;
    20408 : 0268;
    20409 : FDDD;
    20410 : FC5D;
    20411 : FDAE;
    20412 : FDA6;
    20413 : FCF6;
    20414 : FBC8;
    20415 : F845;
    20416 : F5F5;
    20417 : F8FE;
    20418 : FDDC;
    20419 : 003A;
    20420 : 0139;
    20421 : 002E;
    20422 : FB07;
    20423 : F76C;
    20424 : FABA;
    20425 : FF25;
    20426 : FF8D;
    20427 : FF3F;
    20428 : FEC2;
    20429 : FBAC;
    20430 : F8E4;
    20431 : F82E;
    20432 : F6C4;
    20433 : F643;
    20434 : F8C1;
    20435 : F91C;
    20436 : F6EB;
    20437 : F95E;
    20438 : FDB3;
    20439 : FC38;
    20440 : F995;
    20441 : FA7E;
    20442 : FAC2;
    20443 : FAE2;
    20444 : FC7E;
    20445 : FB7F;
    20446 : F996;
    20447 : FA64;
    20448 : FAA0;
    20449 : FA45;
    20450 : FC05;
    20451 : FDCB;
    20452 : FF0F;
    20453 : FFCF;
    20454 : FE00;
    20455 : FBFF;
    20456 : FB68;
    20457 : FA3E;
    20458 : FA73;
    20459 : FC6A;
    20460 : FCEE;
    20461 : FC8E;
    20462 : F9E5;
    20463 : F3CF;
    20464 : F1C2;
    20465 : F554;
    20466 : F796;
    20467 : FA6C;
    20468 : 0010;
    20469 : 0197;
    20470 : FF6C;
    20471 : FFC9;
    20472 : FFF2;
    20473 : FD7D;
    20474 : FC04;
    20475 : F973;
    20476 : F3D8;
    20477 : F3D4;
    20478 : FBFE;
    20479 : 00D6;
    20480 : FF1B;
    20481 : FEA2;
    20482 : FE11;
    20483 : F9D6;
    20484 : F896;
    20485 : FC0A;
    20486 : FE00;
    20487 : FEAB;
    20488 : FFFA;
    20489 : FF58;
    20490 : FD68;
    20491 : FD83;
    20492 : FF58;
    20493 : FFDC;
    20494 : FE15;
    20495 : FCF7;
    20496 : FD4B;
    20497 : FC80;
    20498 : FC8E;
    20499 : FF09;
    20500 : FFDE;
    20501 : FF9C;
    20502 : 003C;
    20503 : FDDA;
    20504 : FABD;
    20505 : FB74;
    20506 : FAC2;
    20507 : F944;
    20508 : FE22;
    20509 : 0286;
    20510 : FF48;
    20511 : FC7E;
    20512 : FDC0;
    20513 : FE69;
    20514 : 0084;
    20515 : 051B;
    20516 : 0589;
    20517 : 0086;
    20518 : FD34;
    20519 : FF0D;
    20520 : 0140;
    20521 : 010F;
    20522 : 036B;
    20523 : 07DE;
    20524 : 064C;
    20525 : 005B;
    20526 : FDCB;
    20527 : FD5C;
    20528 : FCFF;
    20529 : FE27;
    20530 : FE14;
    20531 : FD27;
    20532 : FF40;
    20533 : 00F1;
    20534 : 00CC;
    20535 : 0308;
    20536 : 03C9;
    20537 : 0023;
    20538 : 000A;
    20539 : 0449;
    20540 : 0490;
    20541 : 01C0;
    20542 : 015D;
    20543 : 017D;
    20544 : FFF6;
    20545 : FEF0;
    20546 : FDCA;
    20547 : FB58;
    20548 : FC95;
    20549 : 032D;
    20550 : 075E;
    20551 : 06ED;
    20552 : 073F;
    20553 : 0685;
    20554 : 0182;
    20555 : FC78;
    20556 : F9BA;
    20557 : F964;
    20558 : FC78;
    20559 : FF20;
    20560 : 0012;
    20561 : 03D7;
    20562 : 0829;
    20563 : 0884;
    20564 : 070D;
    20565 : 0511;
    20566 : 02B5;
    20567 : 00DD;
    20568 : FE1C;
    20569 : FC79;
    20570 : FE59;
    20571 : FF7F;
    20572 : FFA5;
    20573 : 0142;
    20574 : 006A;
    20575 : FEAD;
    20576 : 01D0;
    20577 : 04C4;
    20578 : 02BC;
    20579 : FFCD;
    20580 : FDDF;
    20581 : FC9E;
    20582 : FC7F;
    20583 : FCBC;
    20584 : FEB0;
    20585 : 028A;
    20586 : 04C1;
    20587 : 056F;
    20588 : 0582;
    20589 : 0360;
    20590 : 0125;
    20591 : FFEC;
    20592 : FD0E;
    20593 : FB9E;
    20594 : FEC8;
    20595 : 017E;
    20596 : 013E;
    20597 : 013E;
    20598 : 013E;
    20599 : 000D;
    20600 : FFB7;
    20601 : FF96;
    20602 : FD03;
    20603 : FA4A;
    20604 : FA89;
    20605 : FBC0;
    20606 : FCFF;
    20607 : FFDC;
    20608 : 0149;
    20609 : FEEB;
    20610 : FD10;
    20611 : FD39;
    20612 : FD34;
    20613 : FE62;
    20614 : 0010;
    20615 : FF4E;
    20616 : FF2D;
    20617 : 0168;
    20618 : 0183;
    20619 : FF46;
    20620 : FDF8;
    20621 : FD2B;
    20622 : FC7C;
    20623 : FC38;
    20624 : FB4E;
    20625 : FB6F;
    20626 : FE48;
    20627 : 00D0;
    20628 : 012E;
    20629 : 009F;
    20630 : FF56;
    20631 : FE77;
    20632 : FF63;
    20633 : FFE7;
    20634 : FEBF;
    20635 : FD38;
    20636 : FAD7;
    20637 : F8C3;
    20638 : FA0E;
    20639 : FC12;
    20640 : FB76;
    20641 : FBE7;
    20642 : FEFA;
    20643 : 004A;
    20644 : FFC0;
    20645 : 00C0;
    20646 : 0189;
    20647 : FF36;
    20648 : FC09;
    20649 : FB29;
    20650 : FC2D;
    20651 : FD94;
    20652 : FF06;
    20653 : 003C;
    20654 : 0073;
    20655 : FF4F;
    20656 : FE2C;
    20657 : FFA0;
    20658 : 033E;
    20659 : 055D;
    20660 : 0586;
    20661 : 05A1;
    20662 : 0457;
    20663 : 0133;
    20664 : FF0E;
    20665 : FE24;
    20666 : FD78;
    20667 : FDCB;
    20668 : FDB4;
    20669 : FD03;
    20670 : FFD8;
    20671 : 054E;
    20672 : 07A5;
    20673 : 0743;
    20674 : 0748;
    20675 : 0604;
    20676 : 0270;
    20677 : FE8F;
    20678 : FB6F;
    20679 : FB33;
    20680 : FF8C;
    20681 : 03FB;
    20682 : 04E5;
    20683 : 05C2;
    20684 : 07AF;
    20685 : 0801;
    20686 : 082F;
    20687 : 08A0;
    20688 : 05FB;
    20689 : 01FB;
    20690 : FFF0;
    20691 : FE54;
    20692 : FD5C;
    20693 : FE97;
    20694 : 003A;
    20695 : 0212;
    20696 : 04A7;
    20697 : 05AC;
    20698 : 0561;
    20699 : 0568;
    20700 : 0463;
    20701 : 02CC;
    20702 : 024A;
    20703 : 01F2;
    20704 : 0256;
    20705 : 03CC;
    20706 : 03A4;
    20707 : 0296;
    20708 : 02E3;
    20709 : 0308;
    20710 : 0403;
    20711 : 0700;
    20712 : 0643;
    20713 : 00C2;
    20714 : FD14;
    20715 : FA43;
    20716 : F6AD;
    20717 : FA3A;
    20718 : 0310;
    20719 : 04EF;
    20720 : 0204;
    20721 : 01A9;
    20722 : 0029;
    20723 : FEEF;
    20724 : 0348;
    20725 : 0628;
    20726 : 0315;
    20727 : FFEC;
    20728 : FD87;
    20729 : FB6E;
    20730 : FC5D;
    20731 : FD21;
    20732 : FBE7;
    20733 : FCFD;
    20734 : FFF6;
    20735 : 0212;
    20736 : 0363;
    20737 : 0380;
    20738 : 0357;
    20739 : 018F;
    20740 : FA11;
    20741 : F268;
    20742 : F237;
    20743 : F54C;
    20744 : F7F6;
    20745 : FBD8;
    20746 : FE6C;
    20747 : FE1E;
    20748 : FCCC;
    20749 : FAF3;
    20750 : FA7B;
    20751 : FB8A;
    20752 : FAD2;
    20753 : F912;
    20754 : F6BD;
    20755 : F2CF;
    20756 : F2DB;
    20757 : F831;
    20758 : FAEC;
    20759 : FAB8;
    20760 : FBCB;
    20761 : FB75;
    20762 : F92B;
    20763 : F873;
    20764 : F98F;
    20765 : FB7A;
    20766 : FC31;
    20767 : FA57;
    20768 : F8E9;
    20769 : F87D;
    20770 : F744;
    20771 : F7B8;
    20772 : F9DC;
    20773 : FA35;
    20774 : F983;
    20775 : F7F8;
    20776 : F45B;
    20777 : F1E2;
    20778 : F26E;
    20779 : F540;
    20780 : FA47;
    20781 : FCC0;
    20782 : F9A1;
    20783 : F735;
    20784 : F74C;
    20785 : F4E3;
    20786 : F236;
    20787 : F394;
    20788 : F624;
    20789 : F6AF;
    20790 : F5D7;
    20791 : F57E;
    20792 : F6B9;
    20793 : F87F;
    20794 : F912;
    20795 : F73E;
    20796 : F403;
    20797 : F36F;
    20798 : F5A1;
    20799 : F6AA;
    20800 : F769;
    20801 : F943;
    20802 : FA31;
    20803 : FB75;
    20804 : FC76;
    20805 : F98B;
    20806 : F6B8;
    20807 : F6ED;
    20808 : F53F;
    20809 : F338;
    20810 : F562;
    20811 : F898;
    20812 : FB00;
    20813 : FCFD;
    20814 : FD5F;
    20815 : FE4D;
    20816 : FF10;
    20817 : FC10;
    20818 : FA6E;
    20819 : FD46;
    20820 : FE20;
    20821 : FC6B;
    20822 : FB52;
    20823 : F879;
    20824 : F554;
    20825 : F63F;
    20826 : F992;
    20827 : FC94;
    20828 : FE4C;
    20829 : FE21;
    20830 : FE02;
    20831 : FF04;
    20832 : FF58;
    20833 : FEE6;
    20834 : FF29;
    20835 : FF7E;
    20836 : FD9D;
    20837 : FAB1;
    20838 : FB07;
    20839 : FC9D;
    20840 : FB61;
    20841 : FC4E;
    20842 : 007B;
    20843 : FFBD;
    20844 : FC50;
    20845 : FDB1;
    20846 : 0080;
    20847 : 0286;
    20848 : 04DC;
    20849 : 0281;
    20850 : FCAC;
    20851 : FB64;
    20852 : FD8B;
    20853 : FF72;
    20854 : 0275;
    20855 : 052B;
    20856 : 048B;
    20857 : 007E;
    20858 : FBED;
    20859 : FBA3;
    20860 : FE56;
    20861 : FE99;
    20862 : FDB5;
    20863 : FD82;
    20864 : FD45;
    20865 : 004F;
    20866 : 04AE;
    20867 : 041C;
    20868 : 02AB;
    20869 : 024E;
    20870 : FCE7;
    20871 : F85B;
    20872 : FCDD;
    20873 : 031D;
    20874 : 0593;
    20875 : 068C;
    20876 : 04F2;
    20877 : 0251;
    20878 : 01AD;
    20879 : 0051;
    20880 : FF8B;
    20881 : 021F;
    20882 : 030B;
    20883 : 0116;
    20884 : FFC5;
    20885 : FD4F;
    20886 : FB25;
    20887 : FD80;
    20888 : FF5A;
    20889 : FD1C;
    20890 : FC82;
    20891 : FF2C;
    20892 : 01D3;
    20893 : 04B7;
    20894 : 0784;
    20895 : 075F;
    20896 : 0446;
    20897 : 00F5;
    20898 : FF69;
    20899 : FF96;
    20900 : 00BD;
    20901 : 034F;
    20902 : 06FE;
    20903 : 0915;
    20904 : 077F;
    20905 : 0372;
    20906 : 0050;
    20907 : FFE6;
    20908 : 0078;
    20909 : 0097;
    20910 : 016F;
    20911 : 0313;
    20912 : 0424;
    20913 : 04F2;
    20914 : 0603;
    20915 : 062A;
    20916 : 04CC;
    20917 : 03C8;
    20918 : 0518;
    20919 : 06A7;
    20920 : 04F5;
    20921 : 023F;
    20922 : 0279;
    20923 : 0374;
    20924 : 0400;
    20925 : 084C;
    20926 : 0D73;
    20927 : 0AB3;
    20928 : 0316;
    20929 : FFC1;
    20930 : FED1;
    20931 : FD22;
    20932 : FFBE;
    20933 : 0551;
    20934 : 0632;
    20935 : 0456;
    20936 : 0526;
    20937 : 0720;
    20938 : 09CB;
    20939 : 0D80;
    20940 : 0D1F;
    20941 : 07B1;
    20942 : 0368;
    20943 : 0184;
    20944 : 0040;
    20945 : 01F0;
    20946 : 0590;
    20947 : 06EE;
    20948 : 07F5;
    20949 : 0A3B;
    20950 : 0959;
    20951 : 05DD;
    20952 : 0572;
    20953 : 0781;
    20954 : 085A;
    20955 : 07AE;
    20956 : 0595;
    20957 : 03FA;
    20958 : 067B;
    20959 : 0A91;
    20960 : 0BB9;
    20961 : 0BC6;
    20962 : 0C23;
    20963 : 0AB3;
    20964 : 0821;
    20965 : 0633;
    20966 : 0582;
    20967 : 06E8;
    20968 : 08E4;
    20969 : 09F1;
    20970 : 0BB9;
    20971 : 0D42;
    20972 : 0BAF;
    20973 : 084F;
    20974 : 05A0;
    20975 : 04F0;
    20976 : 0698;
    20977 : 080E;
    20978 : 08B4;
    20979 : 0AB4;
    20980 : 0AC1;
    20981 : 0604;
    20982 : 0299;
    20983 : 03F2;
    20984 : 0597;
    20985 : 065F;
    20986 : 088A;
    20987 : 0AB7;
    20988 : 0A6C;
    20989 : 07EF;
    20990 : 0594;
    20991 : 0487;
    20992 : 03AB;
    20993 : 02F8;
    20994 : 0204;
    20995 : FEF9;
    20996 : FD5E;
    20997 : 00A0;
    20998 : 0331;
    20999 : 02FE;
    21000 : 0438;
    21001 : 0344;
    21002 : FD9D;
    21003 : FA7F;
    21004 : FAF1;
    21005 : FAF3;
    21006 : FD47;
    21007 : 0166;
    21008 : 025D;
    21009 : 022D;
    21010 : 02A3;
    21011 : 00D9;
    21012 : FE73;
    21013 : FE25;
    21014 : FDEC;
    21015 : FC85;
    21016 : FA7B;
    21017 : F8A4;
    21018 : F8CF;
    21019 : FA3B;
    21020 : FADF;
    21021 : FB4A;
    21022 : FB28;
    21023 : F990;
    21024 : F794;
    21025 : F56F;
    21026 : F505;
    21027 : F928;
    21028 : FD15;
    21029 : FB2A;
    21030 : F6D7;
    21031 : F3F6;
    21032 : F27F;
    21033 : F456;
    21034 : F94D;
    21035 : FC3E;
    21036 : FB3E;
    21037 : F939;
    21038 : F77E;
    21039 : F5E1;
    21040 : F5A4;
    21041 : F66B;
    21042 : F59A;
    21043 : F340;
    21044 : F1FA;
    21045 : F272;
    21046 : F37C;
    21047 : F50C;
    21048 : F7D9;
    21049 : FA9E;
    21050 : FA77;
    21051 : F718;
    21052 : F3F4;
    21053 : F3CC;
    21054 : F53A;
    21055 : F5CA;
    21056 : F62B;
    21057 : F715;
    21058 : F668;
    21059 : F474;
    21060 : F4EA;
    21061 : F736;
    21062 : F7E4;
    21063 : F7EA;
    21064 : F775;
    21065 : F32C;
    21066 : EED0;
    21067 : F0EF;
    21068 : F61A;
    21069 : F978;
    21070 : FB22;
    21071 : F9C9;
    21072 : F6F2;
    21073 : F601;
    21074 : F501;
    21075 : F518;
    21076 : F8F7;
    21077 : FB09;
    21078 : F9D9;
    21079 : FA81;
    21080 : F9FE;
    21081 : F6A9;
    21082 : F797;
    21083 : FB72;
    21084 : FB72;
    21085 : FA97;
    21086 : FB6B;
    21087 : FA99;
    21088 : FA8E;
    21089 : FE16;
    21090 : 00A0;
    21091 : 0062;
    21092 : FFE3;
    21093 : FEFF;
    21094 : FDFD;
    21095 : FEB0;
    21096 : 0049;
    21097 : 00E2;
    21098 : 0066;
    21099 : FFA4;
    21100 : FED7;
    21101 : FE21;
    21102 : FE6E;
    21103 : 0051;
    21104 : 030F;
    21105 : 0538;
    21106 : 061D;
    21107 : 0610;
    21108 : 0479;
    21109 : 025A;
    21110 : 0330;
    21111 : 0594;
    21112 : 05E3;
    21113 : 05F9;
    21114 : 065E;
    21115 : 04F7;
    21116 : 0446;
    21117 : 0541;
    21118 : 04E9;
    21119 : 0486;
    21120 : 05FE;
    21121 : 073B;
    21122 : 0836;
    21123 : 0A06;
    21124 : 0B23;
    21125 : 0C0E;
    21126 : 0E09;
    21127 : 0DC0;
    21128 : 09AB;
    21129 : 0623;
    21130 : 05D9;
    21131 : 0782;
    21132 : 090D;
    21133 : 096B;
    21134 : 0A45;
    21135 : 0C7E;
    21136 : 0DB8;
    21137 : 0D3F;
    21138 : 0BFA;
    21139 : 0A5D;
    21140 : 09B8;
    21141 : 0919;
    21142 : 06CA;
    21143 : 0555;
    21144 : 0612;
    21145 : 0748;
    21146 : 095E;
    21147 : 0BAE;
    21148 : 0C60;
    21149 : 0D8D;
    21150 : 0FAA;
    21151 : 0E6C;
    21152 : 09D5;
    21153 : 06C0;
    21154 : 065D;
    21155 : 0653;
    21156 : 060A;
    21157 : 07DB;
    21158 : 0CF4;
    21159 : 1078;
    21160 : 0D88;
    21161 : 0830;
    21162 : 05C1;
    21163 : 049C;
    21164 : 033D;
    21165 : 0316;
    21166 : 0407;
    21167 : 058B;
    21168 : 0793;
    21169 : 0900;
    21170 : 091B;
    21171 : 08A8;
    21172 : 0791;
    21173 : 0381;
    21174 : FDCF;
    21175 : FD6C;
    21176 : 0297;
    21177 : 0678;
    21178 : 08C1;
    21179 : 0A20;
    21180 : 0642;
    21181 : FFFE;
    21182 : FD85;
    21183 : FDEC;
    21184 : 00B0;
    21185 : 052E;
    21186 : 067B;
    21187 : 04DC;
    21188 : 02E6;
    21189 : FEE7;
    21190 : FC02;
    21191 : FEBC;
    21192 : 02C4;
    21193 : 03D4;
    21194 : 0306;
    21195 : 0136;
    21196 : 0016;
    21197 : 01BF;
    21198 : 0510;
    21199 : 0735;
    21200 : 0530;
    21201 : FF8D;
    21202 : FB4B;
    21203 : F94B;
    21204 : F87D;
    21205 : FC87;
    21206 : 02DE;
    21207 : 037C;
    21208 : 00A3;
    21209 : FECF;
    21210 : FBEF;
    21211 : FB13;
    21212 : FFD9;
    21213 : 0473;
    21214 : 0448;
    21215 : 0043;
    21216 : FA74;
    21217 : F6D9;
    21218 : F65E;
    21219 : F74A;
    21220 : FBD3;
    21221 : 023C;
    21222 : 038E;
    21223 : 0120;
    21224 : 0076;
    21225 : 00C3;
    21226 : 01B9;
    21227 : 0439;
    21228 : 0310;
    21229 : FC31;
    21230 : F6C4;
    21231 : F65F;
    21232 : F80D;
    21233 : FA74;
    21234 : FD1C;
    21235 : 0004;
    21236 : 0365;
    21237 : 03A2;
    21238 : FFBA;
    21239 : FCF6;
    21240 : FC99;
    21241 : FB96;
    21242 : F9AF;
    21243 : F801;
    21244 : F883;
    21245 : FC94;
    21246 : 00DC;
    21247 : 0293;
    21248 : 03B0;
    21249 : 043C;
    21250 : 01FF;
    21251 : FF65;
    21252 : FF4D;
    21253 : FED3;
    21254 : FCA7;
    21255 : FBA2;
    21256 : FB68;
    21257 : FB6B;
    21258 : FE32;
    21259 : 0248;
    21260 : 03EC;
    21261 : 03CD;
    21262 : 040A;
    21263 : 0404;
    21264 : 0277;
    21265 : 015B;
    21266 : 02AC;
    21267 : 02D8;
    21268 : FF95;
    21269 : FCF7;
    21270 : FC6C;
    21271 : FBEE;
    21272 : FCC2;
    21273 : FFA9;
    21274 : 024A;
    21275 : 036B;
    21276 : 02B8;
    21277 : 00D5;
    21278 : 00C2;
    21279 : 02B8;
    21280 : 0346;
    21281 : 0280;
    21282 : 01E2;
    21283 : FFC2;
    21284 : FD8D;
    21285 : FE72;
    21286 : 003A;
    21287 : 0100;
    21288 : 01D2;
    21289 : 01DA;
    21290 : 0103;
    21291 : 011A;
    21292 : 02FF;
    21293 : 0619;
    21294 : 0720;
    21295 : 041D;
    21296 : FF74;
    21297 : FB68;
    21298 : FAC4;
    21299 : FEBC;
    21300 : 01B9;
    21301 : 0117;
    21302 : 0078;
    21303 : FFA3;
    21304 : FF14;
    21305 : 0266;
    21306 : 0542;
    21307 : 0199;
    21308 : FB25;
    21309 : F6E4;
    21310 : F4C8;
    21311 : F4FE;
    21312 : F845;
    21313 : FD87;
    21314 : 01E5;
    21315 : 022A;
    21316 : FF19;
    21317 : FC5C;
    21318 : FB45;
    21319 : FD31;
    21320 : 01A9;
    21321 : 019E;
    21322 : FBD6;
    21323 : F88F;
    21324 : F85F;
    21325 : F7BC;
    21326 : FA17;
    21327 : FDCF;
    21328 : FD41;
    21329 : FC03;
    21330 : FC43;
    21331 : FA71;
    21332 : F95F;
    21333 : FB2B;
    21334 : FB63;
    21335 : FAED;
    21336 : FBE4;
    21337 : F9B5;
    21338 : F5B2;
    21339 : F6BA;
    21340 : FAA8;
    21341 : FD26;
    21342 : 0040;
    21343 : 02A2;
    21344 : FFFF;
    21345 : FA53;
    21346 : F644;
    21347 : F5E3;
    21348 : F7F8;
    21349 : F8B6;
    21350 : F7B2;
    21351 : F754;
    21352 : F711;
    21353 : F73F;
    21354 : F9A4;
    21355 : FC3C;
    21356 : FD3B;
    21357 : FD68;
    21358 : FC48;
    21359 : FA06;
    21360 : F8D2;
    21361 : F9C4;
    21362 : FBBA;
    21363 : FC9F;
    21364 : FC21;
    21365 : FBCB;
    21366 : FC50;
    21367 : FD3A;
    21368 : FD7D;
    21369 : FD16;
    21370 : FD8A;
    21371 : FE0F;
    21372 : FC9E;
    21373 : FAD3;
    21374 : FB5A;
    21375 : FDAE;
    21376 : FF2A;
    21377 : FECD;
    21378 : FE9D;
    21379 : FF86;
    21380 : FFE2;
    21381 : FF35;
    21382 : FEA7;
    21383 : FF33;
    21384 : 0082;
    21385 : 011A;
    21386 : 0122;
    21387 : 01AF;
    21388 : 01D3;
    21389 : 0115;
    21390 : 0162;
    21391 : 038F;
    21392 : 0572;
    21393 : 0597;
    21394 : 04C9;
    21395 : 0310;
    21396 : 015E;
    21397 : 01B6;
    21398 : 0258;
    21399 : 02C0;
    21400 : 0593;
    21401 : 07C7;
    21402 : 0689;
    21403 : 05C7;
    21404 : 05B2;
    21405 : 0460;
    21406 : 059D;
    21407 : 092A;
    21408 : 092C;
    21409 : 0692;
    21410 : 0594;
    21411 : 04E2;
    21412 : 04A1;
    21413 : 0774;
    21414 : 0A2A;
    21415 : 0A6C;
    21416 : 0B01;
    21417 : 0B38;
    21418 : 0AC0;
    21419 : 0C34;
    21420 : 0DD2;
    21421 : 0DF0;
    21422 : 0C4E;
    21423 : 07C2;
    21424 : 04D8;
    21425 : 0601;
    21426 : 0706;
    21427 : 09D3;
    21428 : 0EA9;
    21429 : 0EAA;
    21430 : 0CC1;
    21431 : 0E3F;
    21432 : 0E5F;
    21433 : 0CEE;
    21434 : 0E11;
    21435 : 0D70;
    21436 : 0899;
    21437 : 05CF;
    21438 : 073A;
    21439 : 094C;
    21440 : 0B4F;
    21441 : 0D89;
    21442 : 0EBE;
    21443 : 0EE2;
    21444 : 0E54;
    21445 : 0CD5;
    21446 : 0A7E;
    21447 : 08D2;
    21448 : 09A0;
    21449 : 0AC3;
    21450 : 0A1A;
    21451 : 0ABF;
    21452 : 0CE8;
    21453 : 0D02;
    21454 : 0BDC;
    21455 : 0B1B;
    21456 : 0A29;
    21457 : 0909;
    21458 : 07DB;
    21459 : 06E2;
    21460 : 05E1;
    21461 : 053F;
    21462 : 0624;
    21463 : 0592;
    21464 : 025A;
    21465 : 0075;
    21466 : FE2A;
    21467 : F9C3;
    21468 : F955;
    21469 : FDBE;
    21470 : 017E;
    21471 : 031C;
    21472 : 0345;
    21473 : 0258;
    21474 : 00ED;
    21475 : FF07;
    21476 : FDCD;
    21477 : FEBF;
    21478 : 00E0;
    21479 : 022C;
    21480 : 01EA;
    21481 : 00AD;
    21482 : FFD6;
    21483 : 0023;
    21484 : 0006;
    21485 : FEA6;
    21486 : FDAC;
    21487 : FD57;
    21488 : FD08;
    21489 : FD7A;
    21490 : FEBC;
    21491 : 00D9;
    21492 : 02B1;
    21493 : 0166;
    21494 : FDE7;
    21495 : FB75;
    21496 : FAF7;
    21497 : FBA6;
    21498 : FB6B;
    21499 : FA50;
    21500 : FA9A;
    21501 : FB37;
    21502 : FB24;
    21503 : FC1A;
    21504 : FE63;
    21505 : FFD7;
    21506 : FD3A;
    21507 : F789;
    21508 : F3ED;
    21509 : F381;
    21510 : F571;
    21511 : F92E;
    21512 : FC0F;
    21513 : FE77;
    21514 : 0031;
    21515 : FDFF;
    21516 : FBC2;
    21517 : FD9A;
    21518 : FF65;
    21519 : FF67;
    21520 : FEBD;
    21521 : FC3B;
    21522 : F98A;
    21523 : F963;
    21524 : FAC5;
    21525 : FC46;
    21526 : FCF5;
    21527 : FBBB;
    21528 : FA63;
    21529 : FB13;
    21530 : FC5F;
    21531 : FDDD;
    21532 : FFA6;
    21533 : FF08;
    21534 : FCCA;
    21535 : FADE;
    21536 : F7D7;
    21537 : F6CA;
    21538 : FA1C;
    21539 : FCE3;
    21540 : FD11;
    21541 : FBC5;
    21542 : F978;
    21543 : F76F;
    21544 : F558;
    21545 : F5A8;
    21546 : F9C8;
    21547 : FA8D;
    21548 : F772;
    21549 : F6C1;
    21550 : F5BE;
    21551 : F2A0;
    21552 : F30C;
    21553 : F8D1;
    21554 : FFBF;
    21555 : 0238;
    21556 : FFD0;
    21557 : FCF2;
    21558 : FAD1;
    21559 : F995;
    21560 : F9CC;
    21561 : F975;
    21562 : F854;
    21563 : F74F;
    21564 : F622;
    21565 : F659;
    21566 : F8E1;
    21567 : FBE8;
    21568 : FD70;
    21569 : FCD2;
    21570 : FB4E;
    21571 : F9F4;
    21572 : F8E7;
    21573 : F96C;
    21574 : FB82;
    21575 : FB8A;
    21576 : F7D2;
    21577 : F527;
    21578 : F618;
    21579 : F714;
    21580 : F8F3;
    21581 : FC57;
    21582 : FC9E;
    21583 : FC07;
    21584 : FBC5;
    21585 : F766;
    21586 : F529;
    21587 : F888;
    21588 : F9F5;
    21589 : FAF1;
    21590 : FCCC;
    21591 : FA5E;
    21592 : F81F;
    21593 : F927;
    21594 : F939;
    21595 : F955;
    21596 : F96C;
    21597 : F794;
    21598 : F7A7;
    21599 : FB69;
    21600 : FF5A;
    21601 : 004A;
    21602 : FD25;
    21603 : F857;
    21604 : F540;
    21605 : F30E;
    21606 : F091;
    21607 : F1C9;
    21608 : F75B;
    21609 : FA66;
    21610 : FA17;
    21611 : FA5F;
    21612 : F956;
    21613 : F70B;
    21614 : F5BA;
    21615 : F3E7;
    21616 : F38F;
    21617 : F673;
    21618 : F8CF;
    21619 : F983;
    21620 : FA27;
    21621 : FAEE;
    21622 : FA4A;
    21623 : F6A5;
    21624 : F35A;
    21625 : F39F;
    21626 : F582;
    21627 : F7B5;
    21628 : F951;
    21629 : F950;
    21630 : F830;
    21631 : F5B8;
    21632 : F431;
    21633 : F61B;
    21634 : F87F;
    21635 : FA1B;
    21636 : FC05;
    21637 : FC47;
    21638 : FAF6;
    21639 : FB5D;
    21640 : FE2D;
    21641 : 00D3;
    21642 : 01B9;
    21643 : 020E;
    21644 : 021D;
    21645 : 01CD;
    21646 : 0219;
    21647 : 0170;
    21648 : FF26;
    21649 : FDC3;
    21650 : FCDD;
    21651 : FAD1;
    21652 : F9D7;
    21653 : FCA3;
    21654 : 0118;
    21655 : 02B6;
    21656 : 0237;
    21657 : 01C8;
    21658 : FFF3;
    21659 : FF22;
    21660 : 0183;
    21661 : 01E8;
    21662 : FFF3;
    21663 : 0051;
    21664 : 011D;
    21665 : 00C3;
    21666 : 027B;
    21667 : 0554;
    21668 : 0692;
    21669 : 07CA;
    21670 : 08CE;
    21671 : 071A;
    21672 : 0598;
    21673 : 0746;
    21674 : 08AD;
    21675 : 0923;
    21676 : 0C9A;
    21677 : 110E;
    21678 : 1104;
    21679 : 0E07;
    21680 : 0D32;
    21681 : 0DFB;
    21682 : 0D7B;
    21683 : 0C53;
    21684 : 0AC3;
    21685 : 08AB;
    21686 : 0952;
    21687 : 0D33;
    21688 : 0FCC;
    21689 : 104C;
    21690 : 119F;
    21691 : 11E6;
    21692 : 0DB3;
    21693 : 08DE;
    21694 : 07F8;
    21695 : 08B1;
    21696 : 08F9;
    21697 : 0922;
    21698 : 0856;
    21699 : 0745;
    21700 : 0752;
    21701 : 0910;
    21702 : 0C5A;
    21703 : 0E6D;
    21704 : 0E7F;
    21705 : 0E0E;
    21706 : 0C61;
    21707 : 0BAF;
    21708 : 0DA0;
    21709 : 0D1D;
    21710 : 0A62;
    21711 : 0B2E;
    21712 : 0D28;
    21713 : 0D09;
    21714 : 0F7E;
    21715 : 14E6;
    21716 : 168A;
    21717 : 14C6;
    21718 : 134C;
    21719 : 0FA7;
    21720 : 0BF7;
    21721 : 0D91;
    21722 : 1021;
    21723 : 0EE5;
    21724 : 0BFD;
    21725 : 0993;
    21726 : 083A;
    21727 : 07BF;
    21728 : 099C;
    21729 : 0E3A;
    21730 : 1200;
    21731 : 1604;
    21732 : 190C;
    21733 : 1383;
    21734 : 0BED;
    21735 : 0ABD;
    21736 : 0794;
    21737 : 01AC;
    21738 : 014E;
    21739 : 02BD;
    21740 : 021E;
    21741 : 037A;
    21742 : 0712;
    21743 : 0A07;
    21744 : 0B4C;
    21745 : 096D;
    21746 : 04CD;
    21747 : 03BE;
    21748 : 0879;
    21749 : 0BB4;
    21750 : 0B22;
    21751 : 09CF;
    21752 : 0683;
    21753 : 00F4;
    21754 : FB0A;
    21755 : F9DD;
    21756 : 01E6;
    21757 : 0922;
    21758 : 07EF;
    21759 : 06D4;
    21760 : 071F;
    21761 : 03F0;
    21762 : FF8B;
    21763 : F9CF;
    21764 : F336;
    21765 : F046;
    21766 : F101;
    21767 : F38C;
    21768 : F803;
    21769 : FF9B;
    21770 : 06C1;
    21771 : 0426;
    21772 : F9DA;
    21773 : F37C;
    21774 : F1FA;
    21775 : F122;
    21776 : F2E6;
    21777 : F712;
    21778 : F6E9;
    21779 : F23F;
    21780 : F189;
    21781 : F33A;
    21782 : F2EC;
    21783 : F61F;
    21784 : F873;
    21785 : F480;
    21786 : F506;
    21787 : F9FC;
    21788 : F975;
    21789 : F5F0;
    21790 : F20B;
    21791 : EA59;
    21792 : DE7E;
    21793 : D84D;
    21794 : E35B;
    21795 : F4D5;
    21796 : FDBF;
    21797 : 0255;
    21798 : 019D;
    21799 : F8F3;
    21800 : F1F4;
    21801 : ED0A;
    21802 : E7EB;
    21803 : E8A9;
    21804 : EC7F;
    21805 : EC8E;
    21806 : EA0E;
    21807 : E89E;
    21808 : EA6F;
    21809 : F04F;
    21810 : F7C8;
    21811 : FB22;
    21812 : F9E6;
    21813 : F850;
    21814 : F4B2;
    21815 : EFF6;
    21816 : EEE7;
    21817 : EEF4;
    21818 : EE20;
    21819 : EB20;
    21820 : E51E;
    21821 : E448;
    21822 : EA78;
    21823 : F2C6;
    21824 : FD1E;
    21825 : 0197;
    21826 : FA7F;
    21827 : F06A;
    21828 : E8ED;
    21829 : E4C9;
    21830 : E48F;
    21831 : EB30;
    21832 : F9EF;
    21833 : 0028;
    21834 : F567;
    21835 : EC6B;
    21836 : EAE3;
    21837 : E861;
    21838 : E9DF;
    21839 : F18F;
    21840 : F705;
    21841 : F6CF;
    21842 : F530;
    21843 : F550;
    21844 : F543;
    21845 : F57A;
    21846 : F553;
    21847 : F15F;
    21848 : EF96;
    21849 : F2F4;
    21850 : F457;
    21851 : F4BB;
    21852 : F760;
    21853 : F8DD;
    21854 : F752;
    21855 : F3AD;
    21856 : F230;
    21857 : F52C;
    21858 : F98F;
    21859 : FE39;
    21860 : 00E8;
    21861 : FF85;
    21862 : FD70;
    21863 : FC0F;
    21864 : FB33;
    21865 : FAD1;
    21866 : F9CC;
    21867 : F9BC;
    21868 : F9E9;
    21869 : F8E6;
    21870 : F901;
    21871 : FA5A;
    21872 : FEB2;
    21873 : 0520;
    21874 : 0702;
    21875 : 07C2;
    21876 : 0961;
    21877 : 0524;
    21878 : 00A1;
    21879 : 0135;
    21880 : 0117;
    21881 : 015B;
    21882 : 02F5;
    21883 : 02B7;
    21884 : 04F1;
    21885 : 0997;
    21886 : 0914;
    21887 : 061A;
    21888 : 07C4;
    21889 : 0986;
    21890 : 07E5;
    21891 : 098E;
    21892 : 0C06;
    21893 : 0894;
    21894 : 06A0;
    21895 : 08AE;
    21896 : 07D9;
    21897 : 079E;
    21898 : 0A26;
    21899 : 0A83;
    21900 : 0C59;
    21901 : 12D0;
    21902 : 1601;
    21903 : 1190;
    21904 : 0CD2;
    21905 : 0C77;
    21906 : 0B8A;
    21907 : 0994;
    21908 : 0A2C;
    21909 : 0A4B;
    21910 : 0A18;
    21911 : 0D3F;
    21912 : 1069;
    21913 : 1193;
    21914 : 132A;
    21915 : 146B;
    21916 : 1343;
    21917 : 0F72;
    21918 : 0BB4;
    21919 : 0B90;
    21920 : 0D51;
    21921 : 0D67;
    21922 : 0CCF;
    21923 : 0D7F;
    21924 : 0DD1;
    21925 : 0D3F;
    21926 : 0E88;
    21927 : 10A6;
    21928 : 117B;
    21929 : 130A;
    21930 : 13C3;
    21931 : 107F;
    21932 : 0BAB;
    21933 : 080E;
    21934 : 06FF;
    21935 : 0812;
    21936 : 08B5;
    21937 : 0997;
    21938 : 0B63;
    21939 : 0D2D;
    21940 : 0FE9;
    21941 : 1099;
    21942 : 0D05;
    21943 : 0AB3;
    21944 : 0B2D;
    21945 : 0A30;
    21946 : 0732;
    21947 : 03F9;
    21948 : 02AB;
    21949 : 0560;
    21950 : 09BD;
    21951 : 0B71;
    21952 : 0BDF;
    21953 : 0E00;
    21954 : 0E3A;
    21955 : 09D9;
    21956 : 04EA;
    21957 : 02FB;
    21958 : 0494;
    21959 : 0708;
    21960 : 0754;
    21961 : 0794;
    21962 : 080A;
    21963 : 06CC;
    21964 : 06BF;
    21965 : 0908;
    21966 : 0C67;
    21967 : 0F30;
    21968 : 0D3C;
    21969 : 07FA;
    21970 : 029C;
    21971 : FDD9;
    21972 : 002E;
    21973 : 0845;
    21974 : 0AD8;
    21975 : 091A;
    21976 : 083A;
    21977 : 0544;
    21978 : 00F8;
    21979 : FF35;
    21980 : FFAF;
    21981 : 0029;
    21982 : FFE6;
    21983 : FF87;
    21984 : FF28;
    21985 : 0012;
    21986 : 017F;
    21987 : 0008;
    21988 : FE72;
    21989 : FF37;
    21990 : FEB7;
    21991 : FD7B;
    21992 : FED2;
    21993 : 02AC;
    21994 : 0532;
    21995 : 01BD;
    21996 : FBA8;
    21997 : F862;
    21998 : F771;
    21999 : F8B9;
    22000 : FB1A;
    22001 : FD82;
    22002 : 0088;
    22003 : 00B5;
    22004 : FE83;
    22005 : FD6A;
    22006 : FC0F;
    22007 : FC49;
    22008 : FE09;
    22009 : FCD5;
    22010 : F9DB;
    22011 : F622;
    22012 : F3BC;
    22013 : F571;
    22014 : F69F;
    22015 : F856;
    22016 : FCC5;
    22017 : FC40;
    22018 : F946;
    22019 : FA95;
    22020 : FA86;
    22021 : F7BD;
    22022 : F668;
    22023 : F397;
    22024 : EDBB;
    22025 : EBA3;
    22026 : F0B7;
    22027 : F67C;
    22028 : F9C8;
    22029 : FBDC;
    22030 : FA11;
    22031 : F640;
    22032 : F282;
    22033 : EDD0;
    22034 : EF0B;
    22035 : F53D;
    22036 : F713;
    22037 : F85F;
    22038 : FA73;
    22039 : F868;
    22040 : F80A;
    22041 : FBE7;
    22042 : FD8B;
    22043 : FA6B;
    22044 : F5A9;
    22045 : F32D;
    22046 : F1C8;
    22047 : F14E;
    22048 : F49C;
    22049 : F83A;
    22050 : F9D6;
    22051 : F9FD;
    22052 : F7AE;
    22053 : F758;
    22054 : F881;
    22055 : F55C;
    22056 : F308;
    22057 : F4A5;
    22058 : F511;
    22059 : F4CD;
    22060 : F6AA;
    22061 : F9EC;
    22062 : FC0B;
    22063 : FCCF;
    22064 : FDE2;
    22065 : FCB0;
    22066 : FA12;
    22067 : F9F6;
    22068 : F969;
    22069 : F8B2;
    22070 : F96C;
    22071 : F700;
    22072 : F463;
    22073 : F7A7;
    22074 : FDD8;
    22075 : 01CF;
    22076 : 0195;
    22077 : FF87;
    22078 : FC9B;
    22079 : F794;
    22080 : F58D;
    22081 : F835;
    22082 : FAEA;
    22083 : FD97;
    22084 : FF18;
    22085 : FE2F;
    22086 : FE52;
    22087 : 0123;
    22088 : 0660;
    22089 : 08BE;
    22090 : 03B4;
    22091 : FE6B;
    22092 : FAC8;
    22093 : F4C8;
    22094 : F49F;
    22095 : FD37;
    22096 : 022F;
    22097 : FFD8;
    22098 : FE81;
    22099 : FF0A;
    22100 : FE20;
    22101 : 0332;
    22102 : 0F0E;
    22103 : 1203;
    22104 : 0A13;
    22105 : 0234;
    22106 : FB45;
    22107 : F7A0;
    22108 : FBF8;
    22109 : 0241;
    22110 : 03FB;
    22111 : 020C;
    22112 : 0063;
    22113 : 0042;
    22114 : 011B;
    22115 : 0645;
    22116 : 0D80;
    22117 : 0E35;
    22118 : 083D;
    22119 : FFCC;
    22120 : F9DE;
    22121 : FBB6;
    22122 : 00F1;
    22123 : 0521;
    22124 : 0A3F;
    22125 : 0AB2;
    22126 : 0107;
    22127 : F7AB;
    22128 : FB1C;
    22129 : 054A;
    22130 : 09DE;
    22131 : 0B16;
    22132 : 0A3C;
    22133 : 0153;
    22134 : F8E1;
    22135 : FAEC;
    22136 : 0154;
    22137 : 067E;
    22138 : 0826;
    22139 : 03F3;
    22140 : 0076;
    22141 : 0460;
    22142 : 09EA;
    22143 : 09CD;
    22144 : 0799;
    22145 : 060E;
    22146 : 0000;
    22147 : F932;
    22148 : FAD5;
    22149 : 027C;
    22150 : 09D9;
    22151 : 0C08;
    22152 : 0766;
    22153 : 0215;
    22154 : FEC7;
    22155 : FED3;
    22156 : 0611;
    22157 : 0C0E;
    22158 : 08B5;
    22159 : 0286;
    22160 : FDEA;
    22161 : FB62;
    22162 : FD2A;
    22163 : 01F5;
    22164 : 06C5;
    22165 : 0769;
    22166 : 019B;
    22167 : FB9E;
    22168 : FA6E;
    22169 : FAE6;
    22170 : FDA0;
    22171 : 056B;
    22172 : 0817;
    22173 : FF06;
    22174 : F960;
    22175 : FD11;
    22176 : FEE3;
    22177 : 016C;
    22178 : 0750;
    22179 : 07AC;
    22180 : 043D;
    22181 : FF8C;
    22182 : F864;
    22183 : F6C6;
    22184 : FA54;
    22185 : FB2F;
    22186 : FD57;
    22187 : 037A;
    22188 : 0759;
    22189 : 067C;
    22190 : 0392;
    22191 : 0146;
    22192 : 0080;
    22193 : 003B;
    22194 : FEB1;
    22195 : FD30;
    22196 : FDC4;
    22197 : FD9C;
    22198 : FD55;
    22199 : 0008;
    22200 : 0143;
    22201 : 0156;
    22202 : 0445;
    22203 : 0341;
    22204 : FD42;
    22205 : FBD7;
    22206 : FE59;
    22207 : FDD8;
    22208 : FBDD;
    22209 : FD6C;
    22210 : FEBD;
    22211 : FA1A;
    22212 : F661;
    22213 : F8CD;
    22214 : FB08;
    22215 : FCBE;
    22216 : 0125;
    22217 : 0311;
    22218 : FFB5;
    22219 : FD34;
    22220 : FF26;
    22221 : FFC4;
    22222 : FDEB;
    22223 : FFD9;
    22224 : 0085;
    22225 : FC82;
    22226 : FDF3;
    22227 : 00F4;
    22228 : FB97;
    22229 : F738;
    22230 : F913;
    22231 : F9CD;
    22232 : FA71;
    22233 : FD18;
    22234 : FC3C;
    22235 : F988;
    22236 : FBD9;
    22237 : FF59;
    22238 : FEF5;
    22239 : FE51;
    22240 : FC99;
    22241 : F813;
    22242 : F61A;
    22243 : F611;
    22244 : F613;
    22245 : F86F;
    22246 : F8AF;
    22247 : F727;
    22248 : FB08;
    22249 : FF57;
    22250 : FE2B;
    22251 : FCF9;
    22252 : FDCA;
    22253 : FC80;
    22254 : F9C8;
    22255 : F904;
    22256 : F953;
    22257 : FB6F;
    22258 : 0154;
    22259 : 0395;
    22260 : FE9F;
    22261 : FAFC;
    22262 : F984;
    22263 : F84D;
    22264 : FC96;
    22265 : 016A;
    22266 : FE79;
    22267 : F9A9;
    22268 : F8B7;
    22269 : F87C;
    22270 : F90B;
    22271 : FCDE;
    22272 : FEA5;
    22273 : FAB7;
    22274 : F8A7;
    22275 : FABF;
    22276 : FB59;
    22277 : FC7E;
    22278 : FF68;
    22279 : FF07;
    22280 : FC10;
    22281 : F97E;
    22282 : F71E;
    22283 : F5F2;
    22284 : F795;
    22285 : FB46;
    22286 : FE0C;
    22287 : FEF9;
    22288 : FEFB;
    22289 : FD9F;
    22290 : FD40;
    22291 : FF57;
    22292 : 007A;
    22293 : 0041;
    22294 : FE46;
    22295 : FAC1;
    22296 : FC34;
    22297 : 00C2;
    22298 : 0108;
    22299 : 012D;
    22300 : 021A;
    22301 : FE02;
    22302 : FB91;
    22303 : 0072;
    22304 : 02F6;
    22305 : 0096;
    22306 : 01B7;
    22307 : 030F;
    22308 : FEFA;
    22309 : FCC5;
    22310 : FE7E;
    22311 : FFC1;
    22312 : 0344;
    22313 : 06E0;
    22314 : 04D1;
    22315 : 0101;
    22316 : FF10;
    22317 : FE9F;
    22318 : FFE7;
    22319 : 00B7;
    22320 : 0051;
    22321 : 001D;
    22322 : 0106;
    22323 : 03E0;
    22324 : 0567;
    22325 : 04A2;
    22326 : 05CE;
    22327 : 05C9;
    22328 : 01B3;
    22329 : 009E;
    22330 : 03F0;
    22331 : 05A5;
    22332 : 063A;
    22333 : 07BE;
    22334 : 0579;
    22335 : FEC8;
    22336 : FCAA;
    22337 : 01B6;
    22338 : 06A2;
    22339 : 0985;
    22340 : 0B4D;
    22341 : 0774;
    22342 : FE6B;
    22343 : F969;
    22344 : FC98;
    22345 : 02AC;
    22346 : 075E;
    22347 : 098F;
    22348 : 0900;
    22349 : 09B7;
    22350 : 0A4B;
    22351 : 0364;
    22352 : FCDF;
    22353 : FFB8;
    22354 : 01D2;
    22355 : 00CE;
    22356 : 0592;
    22357 : 0ADD;
    22358 : 0AF7;
    22359 : 0B6F;
    22360 : 0C83;
    22361 : 0B79;
    22362 : 0A55;
    22363 : 076B;
    22364 : 01CD;
    22365 : 011F;
    22366 : 05D1;
    22367 : 0628;
    22368 : 037D;
    22369 : 03A8;
    22370 : 0304;
    22371 : 0395;
    22372 : 07A6;
    22373 : 05BE;
    22374 : 004D;
    22375 : 02BA;
    22376 : 0713;
    22377 : 0728;
    22378 : 0894;
    22379 : 08E1;
    22380 : 0559;
    22381 : 0658;
    22382 : 09D4;
    22383 : 06C8;
    22384 : 0484;
    22385 : 0811;
    22386 : 07EF;
    22387 : 05C7;
    22388 : 0816;
    22389 : 0824;
    22390 : 0573;
    22391 : 06B7;
    22392 : 0906;
    22393 : 0A17;
    22394 : 0AA9;
    22395 : 073F;
    22396 : 02AC;
    22397 : 03CB;
    22398 : 078D;
    22399 : 0868;
    22400 : 07DA;
    22401 : 076C;
    22402 : 0550;
    22403 : 01FB;
    22404 : 0046;
    22405 : 0270;
    22406 : 07F5;
    22407 : 0B93;
    22408 : 0A5B;
    22409 : 0778;
    22410 : 0398;
    22411 : FF86;
    22412 : FFCD;
    22413 : 02AB;
    22414 : 039B;
    22415 : 0350;
    22416 : 020C;
    22417 : 015F;
    22418 : 04AE;
    22419 : 0870;
    22420 : 07C6;
    22421 : 0401;
    22422 : FF7A;
    22423 : FCD5;
    22424 : FDB9;
    22425 : FE9A;
    22426 : 00C0;
    22427 : 09C0;
    22428 : 0EFE;
    22429 : 04F4;
    22430 : FAED;
    22431 : FC2B;
    22432 : FC46;
    22433 : FC00;
    22434 : 0396;
    22435 : 061E;
    22436 : FF4E;
    22437 : FCAD;
    22438 : FCAA;
    22439 : FA1F;
    22440 : FB5C;
    22441 : FC85;
    22442 : F7E3;
    22443 : F692;
    22444 : FAA5;
    22445 : FCC6;
    22446 : FF5A;
    22447 : 0375;
    22448 : 03DA;
    22449 : 02D2;
    22450 : 0125;
    22451 : FB38;
    22452 : F6D6;
    22453 : F849;
    22454 : FA62;
    22455 : FBBD;
    22456 : FC6D;
    22457 : FABA;
    22458 : F9DB;
    22459 : FAE3;
    22460 : FADF;
    22461 : FBA2;
    22462 : FDF6;
    22463 : FE1F;
    22464 : FCF0;
    22465 : FDDA;
    22466 : FEDF;
    22467 : FBFF;
    22468 : F66E;
    22469 : F2EC;
    22470 : F24C;
    22471 : F260;
    22472 : F520;
    22473 : FB74;
    22474 : FF61;
    22475 : FF0D;
    22476 : FE41;
    22477 : FB32;
    22478 : F611;
    22479 : F568;
    22480 : F69E;
    22481 : F3B6;
    22482 : F1E7;
    22483 : F4E6;
    22484 : F82A;
    22485 : F9E7;
    22486 : FAF5;
    22487 : FB91;
    22488 : FC24;
    22489 : FA92;
    22490 : F640;
    22491 : F413;
    22492 : F6BC;
    22493 : FB30;
    22494 : FE53;
    22495 : 0023;
    22496 : 0147;
    22497 : FF6E;
    22498 : F9C2;
    22499 : F656;
    22500 : F829;
    22501 : FA79;
    22502 : FC6B;
    22503 : FE28;
    22504 : FA6D;
    22505 : F458;
    22506 : F4C3;
    22507 : F7BA;
    22508 : F7A0;
    22509 : F973;
    22510 : FC9E;
    22511 : FA91;
    22512 : F729;
    22513 : F7F1;
    22514 : F856;
    22515 : F631;
    22516 : F682;
    22517 : F8F5;
    22518 : F98F;
    22519 : FA55;
    22520 : FD4B;
    22521 : FF63;
    22522 : FFBE;
    22523 : 003A;
    22524 : FFBF;
    22525 : FCD9;
    22526 : FA40;
    22527 : FB5B;
    22528 : FE28;
    22529 : FE94;
    22530 : FE2B;
    22531 : FEE3;
    22532 : FDD9;
    22533 : FCE0;
    22534 : 0048;
    22535 : 030E;
    22536 : 01E7;
    22537 : 0208;
    22538 : 0248;
    22539 : FF97;
    22540 : FF0D;
    22541 : 00CC;
    22542 : 00AE;
    22543 : 01D3;
    22544 : 04E0;
    22545 : 0522;
    22546 : 03C4;
    22547 : 0446;
    22548 : 05EA;
    22549 : 06A2;
    22550 : 055A;
    22551 : 0349;
    22552 : 02A2;
    22553 : 0353;
    22554 : 0402;
    22555 : 03A9;
    22556 : 0285;
    22557 : 0206;
    22558 : 01DE;
    22559 : 01D9;
    22560 : 040E;
    22561 : 0736;
    22562 : 0818;
    22563 : 0866;
    22564 : 0952;
    22565 : 08C8;
    22566 : 0826;
    22567 : 08B6;
    22568 : 08B8;
    22569 : 09D2;
    22570 : 0CA8;
    22571 : 0D16;
    22572 : 0B7D;
    22573 : 0AF9;
    22574 : 0997;
    22575 : 0628;
    22576 : 03DB;
    22577 : 0466;
    22578 : 05EF;
    22579 : 06F8;
    22580 : 0885;
    22581 : 0ADD;
    22582 : 0CE0;
    22583 : 0E88;
    22584 : 0ED8;
    22585 : 0D4B;
    22586 : 0CA4;
    22587 : 0D5D;
    22588 : 0E3B;
    22589 : 1020;
    22590 : 0FE6;
    22591 : 0A6F;
    22592 : 0615;
    22593 : 0715;
    22594 : 086A;
    22595 : 0976;
    22596 : 0CCD;
    22597 : 0D09;
    22598 : 07A0;
    22599 : 0425;
    22600 : 05A3;
    22601 : 0815;
    22602 : 0A6A;
    22603 : 0C58;
    22604 : 0C24;
    22605 : 0B37;
    22606 : 0B35;
    22607 : 0A86;
    22608 : 091F;
    22609 : 0913;
    22610 : 08B8;
    22611 : 0641;
    22612 : 04D2;
    22613 : 0455;
    22614 : 0347;
    22615 : 0738;
    22616 : 0EA7;
    22617 : 0FAD;
    22618 : 0CD0;
    22619 : 0AA2;
    22620 : 042D;
    22621 : FE24;
    22622 : 002C;
    22623 : 0385;
    22624 : 03E0;
    22625 : 03AE;
    22626 : 010B;
    22627 : FF14;
    22628 : 0250;
    22629 : 04B9;
    22630 : 049D;
    22631 : 06BC;
    22632 : 075F;
    22633 : 04CE;
    22634 : 0444;
    22635 : 049C;
    22636 : 048C;
    22637 : 05B8;
    22638 : 03DD;
    22639 : FF9A;
    22640 : FEE0;
    22641 : FE8D;
    22642 : FE2E;
    22643 : 03A3;
    22644 : 07F2;
    22645 : 0274;
    22646 : FBB3;
    22647 : FB4B;
    22648 : FBD9;
    22649 : FC25;
    22650 : 00F1;
    22651 : 054F;
    22652 : 0201;
    22653 : FBE8;
    22654 : F932;
    22655 : F873;
    22656 : F924;
    22657 : FC45;
    22658 : 0020;
    22659 : 028E;
    22660 : 0230;
    22661 : FF80;
    22662 : FCF1;
    22663 : FBAE;
    22664 : FB03;
    22665 : F9C1;
    22666 : F877;
    22667 : F915;
    22668 : F9A9;
    22669 : F7EF;
    22670 : F74D;
    22671 : F89F;
    22672 : F891;
    22673 : F948;
    22674 : FCD3;
    22675 : FE11;
    22676 : FAC1;
    22677 : F6CB;
    22678 : F4C4;
    22679 : F559;
    22680 : F787;
    22681 : F8FB;
    22682 : FA76;
    22683 : FCB1;
    22684 : FD18;
    22685 : FB51;
    22686 : F90D;
    22687 : F68C;
    22688 : F41E;
    22689 : F23E;
    22690 : F223;
    22691 : F3E2;
    22692 : F4A1;
    22693 : F53E;
    22694 : F806;
    22695 : F9D4;
    22696 : FA22;
    22697 : FA75;
    22698 : F787;
    22699 : F2E8;
    22700 : F1ED;
    22701 : F31C;
    22702 : F503;
    22703 : F83F;
    22704 : FA0A;
    22705 : FA7A;
    22706 : FB70;
    22707 : FA09;
    22708 : F65D;
    22709 : F55B;
    22710 : F675;
    22711 : F680;
    22712 : F641;
    22713 : F3FC;
    22714 : EECC;
    22715 : EF30;
    22716 : F795;
    22717 : FD65;
    22718 : FE27;
    22719 : FE7B;
    22720 : FB0C;
    22721 : F5BA;
    22722 : F79B;
    22723 : FC64;
    22724 : FBBD;
    22725 : F9CE;
    22726 : F8B5;
    22727 : F4F8;
    22728 : F30F;
    22729 : F797;
    22730 : FF15;
    22731 : 0555;
    22732 : 06AC;
    22733 : 02CE;
    22734 : FED3;
    22735 : FA9E;
    22736 : F4A9;
    22737 : F3B5;
    22738 : F9CE;
    22739 : FF5E;
    22740 : 00C0;
    22741 : FFAC;
    22742 : FE50;
    22743 : FFC8;
    22744 : 0394;
    22745 : 0392;
    22746 : FF15;
    22747 : FD9F;
    22748 : FFAF;
    22749 : FFA2;
    22750 : 0012;
    22751 : 0344;
    22752 : 0516;
    22753 : 0653;
    22754 : 070F;
    22755 : 03EC;
    22756 : 0155;
    22757 : 0241;
    22758 : 032A;
    22759 : 04E6;
    22760 : 056D;
    22761 : 0064;
    22762 : FC75;
    22763 : FE26;
    22764 : 0038;
    22765 : 0237;
    22766 : 045B;
    22767 : 03CD;
    22768 : 04E6;
    22769 : 08E6;
    22770 : 08F9;
    22771 : 068E;
    22772 : 05B8;
    22773 : 0396;
    22774 : 0153;
    22775 : 011B;
    22776 : 004B;
    22777 : 00EE;
    22778 : 04BB;
    22779 : 071C;
    22780 : 06F4;
    22781 : 058A;
    22782 : 02AD;
    22783 : 01F3;
    22784 : 04EE;
    22785 : 060E;
    22786 : 039B;
    22787 : 0201;
    22788 : 00FE;
    22789 : FF66;
    22790 : 0258;
    22791 : 08CB;
    22792 : 0A8E;
    22793 : 0920;
    22794 : 0907;
    22795 : 0772;
    22796 : 04EB;
    22797 : 02F0;
    22798 : FF3A;
    22799 : FE0D;
    22800 : 0291;
    22801 : 0604;
    22802 : 05E0;
    22803 : 05C3;
    22804 : 05EA;
    22805 : 0567;
    22806 : 03EA;
    22807 : 0257;
    22808 : 0282;
    22809 : 0228;
    22810 : 00B7;
    22811 : 01F3;
    22812 : 030A;
    22813 : 0166;
    22814 : 0151;
    22815 : FFE1;
    22816 : FAB4;
    22817 : FA84;
    22818 : FE9C;
    22819 : FF67;
    22820 : 00C2;
    22821 : 0268;
    22822 : FE5E;
    22823 : FB4A;
    22824 : FDEC;
    22825 : FFC5;
    22826 : 0080;
    22827 : 02D6;
    22828 : 0351;
    22829 : 00AF;
    22830 : FCD6;
    22831 : F9F1;
    22832 : FB45;
    22833 : FE14;
    22834 : FD31;
    22835 : FCEE;
    22836 : FFA6;
    22837 : FE6F;
    22838 : FBA6;
    22839 : FF35;
    22840 : 0340;
    22841 : 020C;
    22842 : 0107;
    22843 : 00A2;
    22844 : FEB2;
    22845 : FF1B;
    22846 : FFFF;
    22847 : FD66;
    22848 : FC3D;
    22849 : FD20;
    22850 : FB71;
    22851 : FB8A;
    22852 : FF1D;
    22853 : FE12;
    22854 : F9BA;
    22855 : F9AD;
    22856 : FAC5;
    22857 : FA76;
    22858 : FD03;
    22859 : FF87;
    22860 : FF0D;
    22861 : 00DF;
    22862 : 02C9;
    22863 : FF9D;
    22864 : FDFD;
    22865 : FFDD;
    22866 : FF75;
    22867 : 004E;
    22868 : 017E;
    22869 : FB1A;
    22870 : F640;
    22871 : FB67;
    22872 : 0026;
    22873 : 02C3;
    22874 : 08A5;
    22875 : 09F4;
    22876 : 0451;
    22877 : FF4C;
    22878 : FBA1;
    22879 : FA4D;
    22880 : FCB1;
    22881 : FDAD;
    22882 : FD3E;
    22883 : FE6F;
    22884 : FF33;
    22885 : 0025;
    22886 : 0157;
    22887 : FFD0;
    22888 : FEA4;
    22889 : FFA4;
    22890 : FF56;
    22891 : 003C;
    22892 : 0520;
    22893 : 0865;
    22894 : 0611;
    22895 : 0186;
    22896 : FE2F;
    22897 : FB03;
    22898 : F8A0;
    22899 : FB7B;
    22900 : 00ED;
    22901 : 02AB;
    22902 : 0390;
    22903 : 0485;
    22904 : 0171;
    22905 : FF78;
    22906 : 012A;
    22907 : 0084;
    22908 : 008A;
    22909 : 039A;
    22910 : 02F5;
    22911 : 0119;
    22912 : 024B;
    22913 : 0181;
    22914 : 003A;
    22915 : 01CB;
    22916 : 01AE;
    22917 : 00FC;
    22918 : 024C;
    22919 : 019E;
    22920 : 00BE;
    22921 : 01F9;
    22922 : FF79;
    22923 : FA30;
    22924 : F934;
    22925 : FBE4;
    22926 : FF76;
    22927 : 0321;
    22928 : 04A1;
    22929 : 04AC;
    22930 : 051E;
    22931 : 03B9;
    22932 : 00BE;
    22933 : FF70;
    22934 : FF08;
    22935 : FEA5;
    22936 : FFA9;
    22937 : 0018;
    22938 : FEB8;
    22939 : FF28;
    22940 : 01E1;
    22941 : 036E;
    22942 : 03DF;
    22943 : 041C;
    22944 : 0254;
    22945 : FF37;
    22946 : FE92;
    22947 : 00DE;
    22948 : 0298;
    22949 : 0215;
    22950 : 0102;
    22951 : FFDB;
    22952 : FDCB;
    22953 : FC1B;
    22954 : FC86;
    22955 : FF30;
    22956 : 02BF;
    22957 : 03B5;
    22958 : 0137;
    22959 : FF73;
    22960 : FF5B;
    22961 : FEE5;
    22962 : FFE6;
    22963 : 026F;
    22964 : 02CA;
    22965 : 0121;
    22966 : FF42;
    22967 : FDC9;
    22968 : FE9B;
    22969 : 00A3;
    22970 : 00EF;
    22971 : 0124;
    22972 : 018D;
    22973 : FFAE;
    22974 : FE62;
    22975 : FFEA;
    22976 : 00EE;
    22977 : 01B3;
    22978 : 0387;
    22979 : 02C8;
    22980 : 00BB;
    22981 : 01D7;
    22982 : 02BC;
    22983 : 01F8;
    22984 : 03D1;
    22985 : 04DF;
    22986 : 0219;
    22987 : 01D4;
    22988 : 037F;
    22989 : 01C3;
    22990 : 009D;
    22991 : 0094;
    22992 : FC66;
    22993 : F871;
    22994 : F97C;
    22995 : FC8B;
    22996 : 00B7;
    22997 : 0461;
    22998 : 0529;
    22999 : 0715;
    23000 : 09D0;
    23001 : 06C0;
    23002 : FFC6;
    23003 : FB86;
    23004 : FAFB;
    23005 : FB88;
    23006 : FC55;
    23007 : 0029;
    23008 : 04E3;
    23009 : 03A0;
    23010 : 0132;
    23011 : 03EE;
    23012 : 042F;
    23013 : 01CB;
    23014 : 04E2;
    23015 : 06BF;
    23016 : 02CF;
    23017 : 01A2;
    23018 : 021A;
    23019 : FFAA;
    23020 : FF2F;
    23021 : FFB7;
    23022 : FE47;
    23023 : 0113;
    23024 : 0843;
    23025 : 0B0B;
    23026 : 0867;
    23027 : 0637;
    23028 : 052E;
    23029 : 0246;
    23030 : FF7E;
    23031 : 0032;
    23032 : 01D0;
    23033 : 02E8;
    23034 : 05CB;
    23035 : 087D;
    23036 : 08F9;
    23037 : 07AD;
    23038 : 0187;
    23039 : F94D;
    23040 : F895;
    23041 : FDD9;
    23042 : 0159;
    23043 : 039E;
    23044 : 062E;
    23045 : 072F;
    23046 : 061D;
    23047 : 038A;
    23048 : 0212;
    23049 : 035E;
    23050 : 0474;
    23051 : 04A5;
    23052 : 0513;
    23053 : 0338;
    23054 : 00BE;
    23055 : 02FC;
    23056 : 0765;
    23057 : 0882;
    23058 : 06ED;
    23059 : 04A0;
    23060 : 0192;
    23061 : FDF8;
    23062 : FB8F;
    23063 : FCF0;
    23064 : 0169;
    23065 : 0475;
    23066 : 047F;
    23067 : 0448;
    23068 : 04C5;
    23069 : 040A;
    23070 : 0275;
    23071 : 02CE;
    23072 : 0447;
    23073 : 03AC;
    23074 : 0251;
    23075 : 0237;
    23076 : 0147;
    23077 : 004E;
    23078 : 01ED;
    23079 : 029F;
    23080 : 00A7;
    23081 : 0075;
    23082 : 0100;
    23083 : FF40;
    23084 : FFCD;
    23085 : 0384;
    23086 : 0466;
    23087 : 033B;
    23088 : 034B;
    23089 : 024A;
    23090 : 00B7;
    23091 : 0056;
    23092 : FE31;
    23093 : FC13;
    23094 : FEF9;
    23095 : 034B;
    23096 : 04DD;
    23097 : 0634;
    23098 : 0774;
    23099 : 06B8;
    23100 : 0527;
    23101 : 028F;
    23102 : FED7;
    23103 : FD24;
    23104 : FD61;
    23105 : FD25;
    23106 : FDE1;
    23107 : 0050;
    23108 : 0241;
    23109 : 0358;
    23110 : 02A3;
    23111 : FEDA;
    23112 : FC1A;
    23113 : FCD9;
    23114 : FD49;
    23115 : FE76;
    23116 : 0364;
    23117 : 064F;
    23118 : 0443;
    23119 : 029F;
    23120 : 01CE;
    23121 : 00CF;
    23122 : 0224;
    23123 : 01EC;
    23124 : FE6E;
    23125 : FF6C;
    23126 : 0389;
    23127 : 02E9;
    23128 : 010F;
    23129 : 01C7;
    23130 : 0212;
    23131 : 0213;
    23132 : 016B;
    23133 : 0003;
    23134 : 0264;
    23135 : 0584;
    23136 : 0380;
    23137 : 0110;
    23138 : FFB1;
    23139 : FB9F;
    23140 : FAB4;
    23141 : 0095;
    23142 : 0663;
    23143 : 0912;
    23144 : 090A;
    23145 : 0542;
    23146 : FFE2;
    23147 : FB25;
    23148 : F8A4;
    23149 : FAD9;
    23150 : FF17;
    23151 : 01D0;
    23152 : 0399;
    23153 : 0356;
    23154 : 0291;
    23155 : 0582;
    23156 : 0835;
    23157 : 06E1;
    23158 : 0451;
    23159 : FFE1;
    23160 : FA4D;
    23161 : F7EE;
    23162 : F761;
    23163 : F9E3;
    23164 : 0221;
    23165 : 06DD;
    23166 : 0458;
    23167 : 0360;
    23168 : 02CA;
    23169 : FF7B;
    23170 : 0024;
    23171 : 0190;
    23172 : FCC9;
    23173 : F8FB;
    23174 : F93C;
    23175 : F81B;
    23176 : F964;
    23177 : FF74;
    23178 : 02CF;
    23179 : 0323;
    23180 : 049D;
    23181 : 037F;
    23182 : FF36;
    23183 : FD95;
    23184 : FDEC;
    23185 : FD75;
    23186 : FE75;
    23187 : FFAE;
    23188 : FE42;
    23189 : FD48;
    23190 : FE11;
    23191 : FE94;
    23192 : FFD1;
    23193 : 010E;
    23194 : 0062;
    23195 : FFAE;
    23196 : FE45;
    23197 : FB4D;
    23198 : FA57;
    23199 : F97C;
    23200 : F619;
    23201 : F632;
    23202 : FA97;
    23203 : FD66;
    23204 : FE8F;
    23205 : FDF3;
    23206 : FAD7;
    23207 : F949;
    23208 : F841;
    23209 : F5A2;
    23210 : F760;
    23211 : FD12;
    23212 : FF30;
    23213 : FE87;
    23214 : FE33;
    23215 : FCAF;
    23216 : FAF3;
    23217 : FB94;
    23218 : FDA2;
    23219 : FDC3;
    23220 : FB6D;
    23221 : FA60;
    23222 : FAEF;
    23223 : FB9F;
    23224 : FF26;
    23225 : 018A;
    23226 : FC3F;
    23227 : F738;
    23228 : F856;
    23229 : F917;
    23230 : FB58;
    23231 : 01A5;
    23232 : 02B3;
    23233 : FEC6;
    23234 : FD95;
    23235 : FC18;
    23236 : FA3E;
    23237 : FD1B;
    23238 : 001F;
    23239 : 003C;
    23240 : 004E;
    23241 : FCEA;
    23242 : F6F8;
    23243 : F7BD;
    23244 : FD33;
    23245 : FF6E;
    23246 : 00A6;
    23247 : 00B3;
    23248 : FA77;
    23249 : F4E0;
    23250 : F7EB;
    23251 : FD38;
    23252 : 005F;
    23253 : 036A;
    23254 : 02B0;
    23255 : FEE6;
    23256 : FEE7;
    23257 : 0009;
    23258 : 000A;
    23259 : 0342;
    23260 : 0489;
    23261 : 0005;
    23262 : FE5C;
    23263 : FFC0;
    23264 : FED5;
    23265 : 0149;
    23266 : 06CF;
    23267 : 062A;
    23268 : 018C;
    23269 : FE5D;
    23270 : FAAD;
    23271 : F9A1;
    23272 : FFA0;
    23273 : 0599;
    23274 : 0475;
    23275 : 0086;
    23276 : FE5F;
    23277 : FBFD;
    23278 : FB5F;
    23279 : 005B;
    23280 : 0404;
    23281 : 00BE;
    23282 : FDA3;
    23283 : FD1E;
    23284 : FBA2;
    23285 : FDF0;
    23286 : 03C4;
    23287 : 034E;
    23288 : FE00;
    23289 : FB8E;
    23290 : FAE3;
    23291 : FB5A;
    23292 : FFB4;
    23293 : 05F1;
    23294 : 0901;
    23295 : 057B;
    23296 : FE57;
    23297 : FAB7;
    23298 : FAE8;
    23299 : FBDC;
    23300 : FEC5;
    23301 : 01A5;
    23302 : 008E;
    23303 : FCE7;
    23304 : F8D6;
    23305 : F721;
    23306 : FA98;
    23307 : FF41;
    23308 : 025D;
    23309 : 05AB;
    23310 : 0496;
    23311 : FDA4;
    23312 : F9F9;
    23313 : FB6F;
    23314 : FC44;
    23315 : FC9A;
    23316 : FC91;
    23317 : FAF4;
    23318 : FB70;
    23319 : FE77;
    23320 : FFE6;
    23321 : 0010;
    23322 : 0002;
    23323 : FDD5;
    23324 : FAB4;
    23325 : FA2E;
    23326 : FC5A;
    23327 : FE76;
    23328 : FF55;
    23329 : FFAB;
    23330 : FE9E;
    23331 : FB5A;
    23332 : F8AF;
    23333 : F980;
    23334 : FD25;
    23335 : 0122;
    23336 : 0285;
    23337 : 00B1;
    23338 : FE84;
    23339 : FD09;
    23340 : FB06;
    23341 : FA1A;
    23342 : FB93;
    23343 : FC46;
    23344 : FAB2;
    23345 : FA04;
    23346 : FAC9;
    23347 : FA34;
    23348 : FA46;
    23349 : FEAD;
    23350 : 037D;
    23351 : 0361;
    23352 : 0064;
    23353 : FE71;
    23354 : FDB9;
    23355 : FBD9;
    23356 : F795;
    23357 : F5CA;
    23358 : FAD5;
    23359 : 00A5;
    23360 : 0183;
    23361 : 01B7;
    23362 : 03BA;
    23363 : 03C4;
    23364 : 00C9;
    23365 : FD54;
    23366 : FBA3;
    23367 : FB6B;
    23368 : FA72;
    23369 : FA39;
    23370 : FD16;
    23371 : FF4A;
    23372 : FF2F;
    23373 : 00F2;
    23374 : 039C;
    23375 : 03A4;
    23376 : 033D;
    23377 : 0333;
    23378 : 017F;
    23379 : 0052;
    23380 : 007B;
    23381 : FF07;
    23382 : FD83;
    23383 : FE0C;
    23384 : FE11;
    23385 : FECE;
    23386 : 031A;
    23387 : 0668;
    23388 : 0659;
    23389 : 0768;
    23390 : 08B7;
    23391 : 06FF;
    23392 : 0547;
    23393 : 03BF;
    23394 : FEE1;
    23395 : FA48;
    23396 : FA6E;
    23397 : FCE6;
    23398 : 0024;
    23399 : 0436;
    23400 : 0668;
    23401 : 0743;
    23402 : 09E0;
    23403 : 0AE1;
    23404 : 068E;
    23405 : 0212;
    23406 : 01BE;
    23407 : 01DE;
    23408 : 00CD;
    23409 : 018F;
    23410 : 040E;
    23411 : 0652;
    23412 : 0711;
    23413 : 04AE;
    23414 : 0196;
    23415 : 01E9;
    23416 : 03B3;
    23417 : 0503;
    23418 : 07E3;
    23419 : 09DA;
    23420 : 071F;
    23421 : 036F;
    23422 : 02FD;
    23423 : 03CD;
    23424 : 04BC;
    23425 : 08EB;
    23426 : 0EC3;
    23427 : 0E3C;
    23428 : 076A;
    23429 : 035E;
    23430 : 026D;
    23431 : FFC8;
    23432 : FF65;
    23433 : 0370;
    23434 : 06A0;
    23435 : 07B1;
    23436 : 07C8;
    23437 : 06F5;
    23438 : 0734;
    23439 : 0668;
    23440 : 01B7;
    23441 : FEDD;
    23442 : 00D9;
    23443 : 0291;
    23444 : 02C5;
    23445 : 0313;
    23446 : 033F;
    23447 : 03E3;
    23448 : 033C;
    23449 : 0009;
    23450 : FF5D;
    23451 : 02A1;
    23452 : 04C7;
    23453 : 0510;
    23454 : 0458;
    23455 : 015C;
    23456 : 0003;
    23457 : 0360;
    23458 : 0558;
    23459 : 0335;
    23460 : 0238;
    23461 : 019F;
    23462 : FD9A;
    23463 : FAC4;
    23464 : FCED;
    23465 : 00DC;
    23466 : 0420;
    23467 : 044D;
    23468 : 00A3;
    23469 : FEA2;
    23470 : FE71;
    23471 : FC80;
    23472 : FF40;
    23473 : 06B4;
    23474 : 06CA;
    23475 : 0178;
    23476 : FEFE;
    23477 : FB20;
    23478 : F75D;
    23479 : FA35;
    23480 : FDE8;
    23481 : FECA;
    23482 : FEF6;
    23483 : FB7F;
    23484 : F7C3;
    23485 : F902;
    23486 : F9F7;
    23487 : FBEF;
    23488 : 0319;
    23489 : 045E;
    23490 : FC1A;
    23491 : F6EB;
    23492 : F6B6;
    23493 : F70F;
    23494 : FBC8;
    23495 : 02E2;
    23496 : 0498;
    23497 : 016A;
    23498 : FD40;
    23499 : FA5D;
    23500 : FAC1;
    23501 : FBC2;
    23502 : FA42;
    23503 : F9E9;
    23504 : FC73;
    23505 : FDA0;
    23506 : FD58;
    23507 : FE0C;
    23508 : FD73;
    23509 : FB84;
    23510 : FAD1;
    23511 : F8C4;
    23512 : F5D1;
    23513 : F777;
    23514 : FB32;
    23515 : FCE9;
    23516 : FEC1;
    23517 : FEB2;
    23518 : FC1D;
    23519 : FCF4;
    23520 : FE2B;
    23521 : FBB5;
    23522 : FC6E;
    23523 : FEB5;
    23524 : FBFE;
    23525 : FB11;
    23526 : FD27;
    23527 : FA92;
    23528 : F8B6;
    23529 : FC06;
    23530 : FCC4;
    23531 : FC2A;
    23532 : FF49;
    23533 : FF73;
    23534 : FA0A;
    23535 : F6B5;
    23536 : F854;
    23537 : FBA5;
    23538 : FDF9;
    23539 : FEBE;
    23540 : FF86;
    23541 : 0011;
    23542 : FDA2;
    23543 : FA30;
    23544 : FAE3;
    23545 : FE4E;
    23546 : FF6A;
    23547 : FF1B;
    23548 : 0018;
    23549 : 005B;
    23550 : FE3B;
    23551 : FB06;
    23552 : F866;
    23553 : F88D;
    23554 : FA57;
    23555 : F9D1;
    23556 : F991;
    23557 : FD34;
    23558 : 010B;
    23559 : 03EE;
    23560 : 0718;
    23561 : 0693;
    23562 : 0299;
    23563 : FF0D;
    23564 : FA9C;
    23565 : F835;
    23566 : FC69;
    23567 : 00DE;
    23568 : 0170;
    23569 : 0179;
    23570 : FF62;
    23571 : FC8B;
    23572 : FF09;
    23573 : 024E;
    23574 : 00CC;
    23575 : FEEB;
    23576 : FE13;
    23577 : FC89;
    23578 : FC55;
    23579 : FD31;
    23580 : FF5B;
    23581 : 04C7;
    23582 : 07B9;
    23583 : 03F2;
    23584 : FFAE;
    23585 : FDA8;
    23586 : FBF0;
    23587 : FD72;
    23588 : 0165;
    23589 : 01EE;
    23590 : FF94;
    23591 : FCF9;
    23592 : FA66;
    23593 : FB01;
    23594 : FFA2;
    23595 : 0498;
    23596 : 0836;
    23597 : 0748;
    23598 : 0005;
    23599 : FACF;
    23600 : FC37;
    23601 : FE21;
    23602 : 00B2;
    23603 : 05A1;
    23604 : 051E;
    23605 : FF07;
    23606 : FC74;
    23607 : FD12;
    23608 : FDD1;
    23609 : 00A0;
    23610 : 0299;
    23611 : 00D3;
    23612 : FE8E;
    23613 : FCE2;
    23614 : FC90;
    23615 : FF97;
    23616 : 0206;
    23617 : 017D;
    23618 : 0153;
    23619 : FF5C;
    23620 : FA3D;
    23621 : F9CF;
    23622 : FF91;
    23623 : 03F1;
    23624 : 054C;
    23625 : 04DE;
    23626 : 0137;
    23627 : FD89;
    23628 : FDF2;
    23629 : 0037;
    23630 : 01CE;
    23631 : 021D;
    23632 : FF9A;
    23633 : FBCE;
    23634 : FAAA;
    23635 : FC31;
    23636 : FE4A;
    23637 : 004E;
    23638 : 018B;
    23639 : 0142;
    23640 : FFC9;
    23641 : FE7E;
    23642 : FEC2;
    23643 : FF81;
    23644 : FF50;
    23645 : FFF2;
    23646 : 0127;
    23647 : FFBA;
    23648 : FE41;
    23649 : 009D;
    23650 : 0266;
    23651 : 00B8;
    23652 : 0057;
    23653 : 01E2;
    23654 : 01A9;
    23655 : 014F;
    23656 : 02CA;
    23657 : 0340;
    23658 : 019E;
    23659 : 004E;
    23660 : 0079;
    23661 : 00FD;
    23662 : 0108;
    23663 : 01FD;
    23664 : 03CA;
    23665 : 0393;
    23666 : 02BB;
    23667 : 0493;
    23668 : 0584;
    23669 : 02E6;
    23670 : 013F;
    23671 : 018E;
    23672 : 00CE;
    23673 : FFA0;
    23674 : FEC2;
    23675 : FE66;
    23676 : 000B;
    23677 : 01B4;
    23678 : 017C;
    23679 : 01D1;
    23680 : 02D0;
    23681 : 02FA;
    23682 : 0287;
    23683 : 0016;
    23684 : FD25;
    23685 : FD8C;
    23686 : FE10;
    23687 : FD3E;
    23688 : 010E;
    23689 : 06E5;
    23690 : 06F0;
    23691 : 044D;
    23692 : 0380;
    23693 : 0233;
    23694 : 00BA;
    23695 : 00AA;
    23696 : 00B8;
    23697 : 025C;
    23698 : 05D9;
    23699 : 05F0;
    23700 : 0299;
    23701 : 01A8;
    23702 : 028D;
    23703 : 025C;
    23704 : 03D9;
    23705 : 0600;
    23706 : 0342;
    23707 : FE84;
    23708 : FD90;
    23709 : FE3D;
    23710 : FE42;
    23711 : FF3E;
    23712 : 016B;
    23713 : 0426;
    23714 : 0513;
    23715 : 0267;
    23716 : 0097;
    23717 : 013B;
    23718 : 0041;
    23719 : 0035;
    23720 : 0280;
    23721 : 0019;
    23722 : FB23;
    23723 : FBF7;
    23724 : FF6E;
    23725 : 0185;
    23726 : 0446;
    23727 : 04F8;
    23728 : 01C9;
    23729 : FF4F;
    23730 : FF06;
    23731 : FFE6;
    23732 : 01FB;
    23733 : 0307;
    23734 : 0202;
    23735 : 00D3;
    23736 : FFC2;
    23737 : FF8C;
    23738 : 01A2;
    23739 : 03BF;
    23740 : 03C6;
    23741 : 025C;
    23742 : FE5E;
    23743 : F896;
    23744 : F799;
    23745 : FCF5;
    23746 : 0141;
    23747 : 0176;
    23748 : 00FE;
    23749 : FFDF;
    23750 : FE9F;
    23751 : 00DB;
    23752 : 031A;
    23753 : 0098;
    23754 : FE4F;
    23755 : FEF3;
    23756 : FE07;
    23757 : FC7D;
    23758 : FD4A;
    23759 : FE90;
    23760 : 0015;
    23761 : 018B;
    23762 : 009F;
    23763 : FF2A;
    23764 : FDF2;
    23765 : FB34;
    23766 : FAE9;
    23767 : FE64;
    23768 : 000C;
    23769 : FFDA;
    23770 : FF3B;
    23771 : FC12;
    23772 : FA34;
    23773 : FB8B;
    23774 : FB52;
    23775 : FC76;
    23776 : 0139;
    23777 : 0219;
    23778 : FFBD;
    23779 : FFB4;
    23780 : FF1F;
    23781 : FECC;
    23782 : 00DE;
    23783 : FFCA;
    23784 : FD2E;
    23785 : FD61;
    23786 : FABB;
    23787 : F6B0;
    23788 : F920;
    23789 : FDF0;
    23790 : 002E;
    23791 : 0139;
    23792 : FF85;
    23793 : FCBB;
    23794 : FCD4;
    23795 : FD93;
    23796 : FF85;
    23797 : 0466;
    23798 : 058A;
    23799 : 0102;
    23800 : FDFF;
    23801 : FD5C;
    23802 : FC6E;
    23803 : FE3E;
    23804 : 0260;
    23805 : 020B;
    23806 : FD15;
    23807 : FA51;
    23808 : FADF;
    23809 : FBDF;
    23810 : FE17;
    23811 : 010D;
    23812 : 032A;
    23813 : 05C9;
    23814 : 062C;
    23815 : 0198;
    23816 : FE2B;
    23817 : FE1C;
    23818 : FD36;
    23819 : FD6C;
    23820 : FF51;
    23821 : FEE2;
    23822 : FE35;
    23823 : FECE;
    23824 : FE5A;
    23825 : FEC6;
    23826 : FFB6;
    23827 : FDE4;
    23828 : FBFA;
    23829 : FC64;
    23830 : FE12;
    23831 : 00D4;
    23832 : 0331;
    23833 : 048C;
    23834 : 056F;
    23835 : 0373;
    23836 : FEFA;
    23837 : FB5C;
    23838 : F9D2;
    23839 : FC06;
    23840 : FFB7;
    23841 : 0061;
    23842 : 0095;
    23843 : FF6A;
    23844 : F997;
    23845 : F862;
    23846 : FE95;
    23847 : 01A6;
    23848 : 02B2;
    23849 : 04A5;
    23850 : 00A8;
    23851 : FABE;
    23852 : F9A5;
    23853 : F92F;
    23854 : FA68;
    23855 : FEDF;
    23856 : 002C;
    23857 : FF58;
    23858 : 0015;
    23859 : FF69;
    23860 : FE8C;
    23861 : FFBF;
    23862 : 0073;
    23863 : 005C;
    23864 : FF32;
    23865 : FCC6;
    23866 : FD00;
    23867 : FFB3;
    23868 : 0189;
    23869 : 02F9;
    23870 : 02A3;
    23871 : FF59;
    23872 : FD08;
    23873 : FC74;
    23874 : FBED;
    23875 : FD4F;
    23876 : FF5B;
    23877 : FE55;
    23878 : FC5B;
    23879 : FBFE;
    23880 : FB81;
    23881 : FBF0;
    23882 : FF91;
    23883 : 026C;
    23884 : 01E3;
    23885 : 021B;
    23886 : 02E7;
    23887 : 00DC;
    23888 : FF1C;
    23889 : FE3A;
    23890 : FA8E;
    23891 : F8B5;
    23892 : FBF4;
    23893 : FE60;
    23894 : FF29;
    23895 : 00E8;
    23896 : 01E5;
    23897 : 0308;
    23898 : 0422;
    23899 : 029F;
    23900 : 0269;
    23901 : 03D4;
    23902 : 020B;
    23903 : 014C;
    23904 : 0222;
    23905 : FD0A;
    23906 : F915;
    23907 : FECE;
    23908 : 040F;
    23909 : 036E;
    23910 : 0338;
    23911 : 01F2;
    23912 : FDF8;
    23913 : FCF4;
    23914 : FE27;
    23915 : FD1C;
    23916 : FBF3;
    23917 : FD58;
    23918 : 0022;
    23919 : 02A4;
    23920 : 0397;
    23921 : 026E;
    23922 : FFDA;
    23923 : FDDF;
    23924 : FE82;
    23925 : 0097;
    23926 : 019D;
    23927 : 01AB;
    23928 : 00F3;
    23929 : FFB6;
    23930 : 00A8;
    23931 : 0366;
    23932 : 03F9;
    23933 : 0315;
    23934 : 02CE;
    23935 : 011F;
    23936 : FF3C;
    23937 : 0088;
    23938 : 01BD;
    23939 : 0028;
    23940 : FF95;
    23941 : 00BA;
    23942 : 00EF;
    23943 : 01AB;
    23944 : 036C;
    23945 : 0303;
    23946 : 015C;
    23947 : 01DA;
    23948 : 0304;
    23949 : 028B;
    23950 : 0215;
    23951 : 0196;
    23952 : FE03;
    23953 : F97E;
    23954 : F99A;
    23955 : FD06;
    23956 : FF66;
    23957 : 01B6;
    23958 : 043A;
    23959 : 03F9;
    23960 : 026E;
    23961 : 025A;
    23962 : 0219;
    23963 : 0114;
    23964 : 0044;
    23965 : FE5D;
    23966 : FBC0;
    23967 : FAD5;
    23968 : FC76;
    23969 : 0086;
    23970 : 0410;
    23971 : 0375;
    23972 : 0185;
    23973 : 0087;
    23974 : FD40;
    23975 : FA92;
    23976 : FDAB;
    23977 : 0179;
    23978 : 0145;
    23979 : FFD5;
    23980 : FE20;
    23981 : FD16;
    23982 : FEED;
    23983 : 013B;
    23984 : 02B6;
    23985 : 03EC;
    23986 : 01BD;
    23987 : FDCD;
    23988 : FD12;
    23989 : FD43;
    23990 : FDBB;
    23991 : 00F8;
    23992 : 02A6;
    23993 : 0195;
    23994 : 01B4;
    23995 : 0000;
    23996 : FCF0;
    23997 : FEF0;
    23998 : 009C;
    23999 : FB21;
    24000 : F5C3;
    24001 : F60B;
    24002 : F8F6;
    24003 : FD96;
    24004 : 0389;
    24005 : 08DE;
    24006 : 0DBE;
    24007 : 0FE5;
    24008 : 0A18;
    24009 : FF3B;
    24010 : F8D6;
    24011 : F6B9;
    24012 : F303;
    24013 : F3B5;
    24014 : FCE7;
    24015 : 0221;
    24016 : FED1;
    24017 : FC66;
    24018 : FB16;
    24019 : F8F4;
    24020 : F9BF;
    24021 : F948;
    24022 : F7F0;
    24023 : FE0E;
    24024 : 03CB;
    24025 : 01C7;
    24026 : 02AB;
    24027 : 0636;
    24028 : 038E;
    24029 : FF22;
    24030 : F9CD;
    24031 : F28B;
    24032 : F3A8;
    24033 : FA6D;
    24034 : FBD2;
    24035 : FF48;
    24036 : 062F;
    24037 : 0208;
    24038 : F6F5;
    24039 : F4B1;
    24040 : FA15;
    24041 : FFA6;
    24042 : 0409;
    24043 : 0629;
    24044 : 043F;
    24045 : FFE4;
    24046 : FE04;
    24047 : FEDE;
    24048 : FD98;
    24049 : FC46;
    24050 : FD37;
    24051 : FA94;
    24052 : F79E;
    24053 : FB67;
    24054 : FDD2;
    24055 : FBF0;
    24056 : FE7E;
    24057 : 0152;
    24058 : FF37;
    24059 : 0009;
    24060 : 038B;
    24061 : 034B;
    24062 : 0186;
    24063 : FF7C;
    24064 : FC90;
    24065 : FB47;
    24066 : FA04;
    24067 : F792;
    24068 : F90F;
    24069 : 01C6;
    24070 : 0E06;
    24071 : 1436;
    24072 : 1010;
    24073 : 0A03;
    24074 : 04EA;
    24075 : FB02;
    24076 : F27B;
    24077 : F3BA;
    24078 : F9C0;
    24079 : FEF0;
    24080 : 01C1;
    24081 : 027D;
    24082 : 050C;
    24083 : 07B3;
    24084 : 06DC;
    24085 : 069D;
    24086 : 0662;
    24087 : 0336;
    24088 : 0170;
    24089 : FF77;
    24090 : FC59;
    24091 : 018A;
    24092 : 0A58;
    24093 : 09B3;
    24094 : 05BD;
    24095 : 0497;
    24096 : 0065;
    24097 : FCB3;
    24098 : FF82;
    24099 : 033C;
    24100 : 03A1;
    24101 : 0278;
    24102 : 0146;
    24103 : 0152;
    24104 : 0316;
    24105 : 06D9;
    24106 : 0BCE;
    24107 : 0D41;
    24108 : 08E8;
    24109 : 02B6;
    24110 : FE12;
    24111 : FBAE;
    24112 : FC4D;
    24113 : 0070;
    24114 : 0663;
    24115 : 09E9;
    24116 : 08C0;
    24117 : 0564;
    24118 : 02CB;
    24119 : 0212;
    24120 : 0368;
    24121 : 063A;
    24122 : 0966;
    24123 : 0963;
    24124 : 03DD;
    24125 : FE6D;
    24126 : FDFE;
    24127 : FEE2;
    24128 : FE94;
    24129 : FEA2;
    24130 : FEEF;
    24131 : 0025;
    24132 : 031D;
    24133 : 0641;
    24134 : 08BE;
    24135 : 0989;
    24136 : 0866;
    24137 : 087D;
    24138 : 087A;
    24139 : 0411;
    24140 : FF51;
    24141 : FECF;
    24142 : FEE0;
    24143 : FD5B;
    24144 : FC53;
    24145 : FBCD;
    24146 : FBF3;
    24147 : FE0F;
    24148 : 014B;
    24149 : 044A;
    24150 : 063F;
    24151 : 051C;
    24152 : 0057;
    24153 : FBAF;
    24154 : FA36;
    24155 : FA9B;
    24156 : FBB4;
    24157 : FDDC;
    24158 : FFA0;
    24159 : 0090;
    24160 : 0240;
    24161 : 038F;
    24162 : 0341;
    24163 : 02B1;
    24164 : 0104;
    24165 : FD8C;
    24166 : FC08;
    24167 : FDAD;
    24168 : FED0;
    24169 : FE50;
    24170 : FE37;
    24171 : FEE3;
    24172 : FE9E;
    24173 : FCD7;
    24174 : FC17;
    24175 : FE36;
    24176 : 00D3;
    24177 : 01E4;
    24178 : 01BF;
    24179 : FF44;
    24180 : FB37;
    24181 : F9D1;
    24182 : FA28;
    24183 : F8AB;
    24184 : F8A5;
    24185 : FC92;
    24186 : 0025;
    24187 : 0183;
    24188 : 0187;
    24189 : 0014;
    24190 : FF1B;
    24191 : FD46;
    24192 : F78E;
    24193 : F571;
    24194 : FC40;
    24195 : 022C;
    24196 : 022E;
    24197 : 0196;
    24198 : FFB7;
    24199 : FBA4;
    24200 : FACC;
    24201 : FD94;
    24202 : 0059;
    24203 : 02D8;
    24204 : 03FF;
    24205 : 01D3;
    24206 : FE22;
    24207 : FBEB;
    24208 : FAFF;
    24209 : FA0F;
    24210 : FA23;
    24211 : FB7D;
    24212 : FCCA;
    24213 : FFC8;
    24214 : 0494;
    24215 : 06A8;
    24216 : 0561;
    24217 : 0226;
    24218 : FD23;
    24219 : FB3C;
    24220 : FDA9;
    24221 : FF7F;
    24222 : 02D3;
    24223 : 05EC;
    24224 : FF7B;
    24225 : F73E;
    24226 : F965;
    24227 : FDFB;
    24228 : 008B;
    24229 : 0847;
    24230 : 0F60;
    24231 : 0C69;
    24232 : 04D9;
    24233 : FFB4;
    24234 : FC71;
    24235 : FAAE;
    24236 : FB06;
    24237 : FBDD;
    24238 : FE01;
    24239 : 047A;
    24240 : 09AA;
    24241 : 0718;
    24242 : 0486;
    24243 : 059B;
    24244 : 01E4;
    24245 : FD9A;
    24246 : 00D1;
    24247 : 0538;
    24248 : 08A3;
    24249 : 0BEF;
    24250 : 09A0;
    24251 : 05D4;
    24252 : 0255;
    24253 : F82D;
    24254 : F393;
    24255 : FDD7;
    24256 : 0535;
    24257 : 05C3;
    24258 : 099B;
    24259 : 096D;
    24260 : 045D;
    24261 : 0318;
    24262 : FFAB;
    24263 : FB33;
    24264 : FFA7;
    24265 : 0524;
    24266 : 056F;
    24267 : 0786;
    24268 : 0850;
    24269 : 0274;
    24270 : FD3E;
    24271 : FEAF;
    24272 : 0406;
    24273 : 0838;
    24274 : 0A00;
    24275 : 0C2F;
    24276 : 0D6D;
    24277 : 091E;
    24278 : 0082;
    24279 : F912;
    24280 : F7B0;
    24281 : FC12;
    24282 : FFDF;
    24283 : 02A8;
    24284 : 08F7;
    24285 : 0E45;
    24286 : 0D1B;
    24287 : 0879;
    24288 : 02D6;
    24289 : FE03;
    24290 : FCA7;
    24291 : FCC9;
    24292 : FE52;
    24293 : 041E;
    24294 : 0A35;
    24295 : 0BF7;
    24296 : 0ACD;
    24297 : 07F4;
    24298 : 0462;
    24299 : 01CD;
    24300 : 008C;
    24301 : 021F;
    24302 : 0557;
    24303 : 0479;
    24304 : FFD4;
    24305 : FC46;
    24306 : FA0B;
    24307 : FAC9;
    24308 : 020B;
    24309 : 0AF6;
    24310 : 0DEF;
    24311 : 0B99;
    24312 : 0791;
    24313 : 027E;
    24314 : FEDB;
    24315 : FFF2;
    24316 : 0135;
    24317 : FCFB;
    24318 : F8D1;
    24319 : FA01;
    24320 : FBDE;
    24321 : FE4A;
    24322 : 04A2;
    24323 : 07B6;
    24324 : 0286;
    24325 : FC37;
    24326 : F9BB;
    24327 : FB00;
    24328 : 002D;
    24329 : 066D;
    24330 : 0A69;
    24331 : 0A17;
    24332 : 0390;
    24333 : FB46;
    24334 : F81D;
    24335 : FA12;
    24336 : FF3E;
    24337 : 057C;
    24338 : 08F4;
    24339 : 0991;
    24340 : 069F;
    24341 : FEFA;
    24342 : FA90;
    24343 : FD7C;
    24344 : 0022;
    24345 : 0092;
    24346 : 0076;
    24347 : FDF0;
    24348 : FF67;
    24349 : 0831;
    24350 : 0CA8;
    24351 : 09E6;
    24352 : 0785;
    24353 : 0250;
    24354 : F891;
    24355 : F587;
    24356 : FD3C;
    24357 : 05D9;
    24358 : 078C;
    24359 : 0437;
    24360 : 0108;
    24361 : FF29;
    24362 : FE7B;
    24363 : 00BE;
    24364 : 0430;
    24365 : 0530;
    24366 : 03F4;
    24367 : 0059;
    24368 : FB3A;
    24369 : FB8E;
    24370 : 039D;
    24371 : 0B18;
    24372 : 0CF9;
    24373 : 0BF4;
    24374 : 0969;
    24375 : 0618;
    24376 : 03FE;
    24377 : 00F7;
    24378 : FBA7;
    24379 : F944;
    24380 : FBC1;
    24381 : FF8F;
    24382 : 046E;
    24383 : 09A2;
    24384 : 0B20;
    24385 : 07E9;
    24386 : 0110;
    24387 : FB64;
    24388 : FD88;
    24389 : 023C;
    24390 : 03A3;
    24391 : 0793;
    24392 : 07DC;
    24393 : FB9E;
    24394 : F556;
    24395 : FED3;
    24396 : 058F;
    24397 : 0792;
    24398 : 0C84;
    24399 : 0991;
    24400 : 0105;
    24401 : 0083;
    24402 : FFB6;
    24403 : FA19;
    24404 : FB12;
    24405 : FE89;
    24406 : FCB9;
    24407 : FCEC;
    24408 : 0113;
    24409 : 0464;
    24410 : 0742;
    24411 : 07E9;
    24412 : 043E;
    24413 : FF32;
    24414 : F9B7;
    24415 : F569;
    24416 : F870;
    24417 : 024A;
    24418 : 08DF;
    24419 : 06EF;
    24420 : 01B9;
    24421 : FCEE;
    24422 : F805;
    24423 : F852;
    24424 : 001F;
    24425 : 04FD;
    24426 : 02DC;
    24427 : 005E;
    24428 : FD02;
    24429 : F916;
    24430 : FAC1;
    24431 : FD1F;
    24432 : FB09;
    24433 : FBA2;
    24434 : FE59;
    24435 : FD2B;
    24436 : FDC0;
    24437 : 0258;
    24438 : 0435;
    24439 : 0351;
    24440 : 00E7;
    24441 : FAB4;
    24442 : F56B;
    24443 : F65D;
    24444 : FAFE;
    24445 : 009B;
    24446 : 04F8;
    24447 : 02E3;
    24448 : FA09;
    24449 : F265;
    24450 : F2F2;
    24451 : FA3B;
    24452 : 01BB;
    24453 : 0537;
    24454 : 040B;
    24455 : FE92;
    24456 : F6E3;
    24457 : F2FD;
    24458 : F7AD;
    24459 : FFA7;
    24460 : 029C;
    24461 : 0309;
    24462 : 0429;
    24463 : 0112;
    24464 : FCED;
    24465 : FF29;
    24466 : 014F;
    24467 : FE53;
    24468 : FB97;
    24469 : F84D;
    24470 : F541;
    24471 : FAA5;
    24472 : 0393;
    24473 : 05C8;
    24474 : 036B;
    24475 : FE2B;
    24476 : F685;
    24477 : F4A3;
    24478 : F9B8;
    24479 : FEED;
    24480 : 0357;
    24481 : 0590;
    24482 : 01B5;
    24483 : FBD6;
    24484 : FA01;
    24485 : FC3C;
    24486 : 00B3;
    24487 : 04A6;
    24488 : 048A;
    24489 : 00B4;
    24490 : FC9B;
    24491 : FA35;
    24492 : FA49;
    24493 : FD5B;
    24494 : 0046;
    24495 : FF89;
    24496 : FEC2;
    24497 : 00C8;
    24498 : 0182;
    24499 : 01BA;
    24500 : 03F5;
    24501 : 01C9;
    24502 : FB31;
    24503 : F932;
    24504 : FA43;
    24505 : FB1C;
    24506 : 006C;
    24507 : 0597;
    24508 : 0416;
    24509 : 03B7;
    24510 : 066C;
    24511 : 02AA;
    24512 : FB8A;
    24513 : FA9F;
    24514 : FC1B;
    24515 : FB27;
    24516 : FC04;
    24517 : FDA8;
    24518 : FAC4;
    24519 : F8E4;
    24520 : FD85;
    24521 : 0129;
    24522 : 0146;
    24523 : 04C0;
    24524 : 06F4;
    24525 : 00B5;
    24526 : FB55;
    24527 : FD27;
    24528 : FE19;
    24529 : FCCB;
    24530 : FF04;
    24531 : 01A5;
    24532 : 0074;
    24533 : FF3E;
    24534 : FFD7;
    24535 : FEEB;
    24536 : FCAC;
    24537 : FBD9;
    24538 : FB8D;
    24539 : FAF2;
    24540 : FC29;
    24541 : FF12;
    24542 : 0140;
    24543 : 01D6;
    24544 : 0136;
    24545 : 00C1;
    24546 : FFF0;
    24547 : FB84;
    24548 : F68C;
    24549 : F7A9;
    24550 : FC68;
    24551 : 00EB;
    24552 : 06BD;
    24553 : 0A86;
    24554 : 0840;
    24555 : 028B;
    24556 : FA52;
    24557 : F2E9;
    24558 : F431;
    24559 : FA78;
    24560 : FDA0;
    24561 : 007D;
    24562 : 02CF;
    24563 : FF5D;
    24564 : FB4C;
    24565 : FC55;
    24566 : FF66;
    24567 : 022B;
    24568 : 035C;
    24569 : 01C1;
    24570 : FFA3;
    24571 : FCE1;
    24572 : F8FC;
    24573 : F8CF;
    24574 : FC3A;
    24575 : FDF0;
    24576 : FF32;
    24577 : 015F;
    24578 : 00C8;
    24579 : FEC4;
    24580 : FF6C;
    24581 : 00E2;
    24582 : 006A;
    24583 : FEA7;
    24584 : FC6E;
    24585 : FB62;
    24586 : FE0C;
    24587 : 02A3;
    24588 : 041D;
    24589 : 0293;
    24590 : 0136;
    24591 : FEDF;
    24592 : FC94;
    24593 : FFB4;
    24594 : 04F6;
    24595 : 04AE;
    24596 : 0128;
    24597 : FE4D;
    24598 : FAA9;
    24599 : F7E8;
    24600 : F85A;
    24601 : FAC4;
    24602 : FEDD;
    24603 : 026D;
    24604 : 0219;
    24605 : 0079;
    24606 : 00AA;
    24607 : 0231;
    24608 : 0491;
    24609 : 046F;
    24610 : FF34;
    24611 : FA3C;
    24612 : F98E;
    24613 : FAA0;
    24614 : FC79;
    24615 : FEA4;
    24616 : FE2A;
    24617 : FBDA;
    24618 : FBF3;
    24619 : FF0C;
    24620 : 01FD;
    24621 : 02DF;
    24622 : 0258;
    24623 : 00D3;
    24624 : FE93;
    24625 : FCBF;
    24626 : FB75;
    24627 : FB74;
    24628 : FE8C;
    24629 : 020D;
    24630 : 02CB;
    24631 : 0357;
    24632 : 0496;
    24633 : 03CD;
    24634 : 01BA;
    24635 : 0082;
    24636 : 0063;
    24637 : 00CE;
    24638 : 00D4;
    24639 : 021C;
    24640 : 055F;
    24641 : 064C;
    24642 : 04E8;
    24643 : 0471;
    24644 : 01EC;
    24645 : FE54;
    24646 : FE98;
    24647 : FE75;
    24648 : FDDC;
    24649 : 03C4;
    24650 : 086C;
    24651 : 03E9;
    24652 : 00AF;
    24653 : 021D;
    24654 : 0073;
    24655 : FFFA;
    24656 : 0470;
    24657 : 04FD;
    24658 : 0150;
    24659 : 01D7;
    24660 : 048E;
    24661 : 03D2;
    24662 : 021D;
    24663 : 0176;
    24664 : FFCD;
    24665 : FF35;
    24666 : 02F1;
    24667 : 0714;
    24668 : 06F2;
    24669 : 0474;
    24670 : 0221;
    24671 : 006A;
    24672 : 0150;
    24673 : 04E8;
    24674 : 0749;
    24675 : 06CE;
    24676 : 0546;
    24677 : 02EF;
    24678 : FF7C;
    24679 : FE88;
    24680 : 0253;
    24681 : 051A;
    24682 : 0331;
    24683 : 0202;
    24684 : 022D;
    24685 : FF78;
    24686 : FEC7;
    24687 : 0245;
    24688 : 01B2;
    24689 : FEA2;
    24690 : FFFE;
    24691 : 0035;
    24692 : FDCA;
    24693 : 0023;
    24694 : 0359;
    24695 : 027E;
    24696 : 0361;
    24697 : 0498;
    24698 : 0129;
    24699 : FEF2;
    24700 : FFAA;
    24701 : FE47;
    24702 : FE65;
    24703 : 0232;
    24704 : 034E;
    24705 : 01EC;
    24706 : 01FD;
    24707 : 0199;
    24708 : 01A9;
    24709 : 03A9;
    24710 : 0239;
    24711 : FE04;
    24712 : FE64;
    24713 : 010B;
    24714 : 015D;
    24715 : 02ED;
    24716 : 0535;
    24717 : 0442;
    24718 : 035F;
    24719 : 02ED;
    24720 : FEDA;
    24721 : FBCB;
    24722 : FD2E;
    24723 : FC6D;
    24724 : F8BC;
    24725 : F736;
    24726 : F733;
    24727 : F928;
    24728 : FEE4;
    24729 : 02CB;
    24730 : 0183;
    24731 : FF72;
    24732 : FE3C;
    24733 : FDAA;
    24734 : FF7C;
    24735 : 0119;
    24736 : FEA2;
    24737 : FAD5;
    24738 : F973;
    24739 : F942;
    24740 : F9E2;
    24741 : FE9B;
    24742 : 055E;
    24743 : 05EC;
    24744 : 0071;
    24745 : FD39;
    24746 : FCFD;
    24747 : FCA9;
    24748 : FEFC;
    24749 : 0395;
    24750 : 04F0;
    24751 : 01D5;
    24752 : FCBE;
    24753 : F985;
    24754 : FAC0;
    24755 : FCBE;
    24756 : FDBD;
    24757 : 009F;
    24758 : 0113;
    24759 : FC51;
    24760 : FAD2;
    24761 : FDD7;
    24762 : FF2E;
    24763 : 01C0;
    24764 : 055F;
    24765 : 02AC;
    24766 : FD72;
    24767 : FBA8;
    24768 : FA21;
    24769 : FA6F;
    24770 : FDFB;
    24771 : FDA7;
    24772 : FB69;
    24773 : FE2D;
    24774 : 004F;
    24775 : FF7F;
    24776 : 0246;
    24777 : 050C;
    24778 : 0332;
    24779 : 020D;
    24780 : 00E8;
    24781 : FCEF;
    24782 : FCD4;
    24783 : 00C7;
    24784 : 01B5;
    24785 : 017E;
    24786 : 0157;
    24787 : FDA8;
    24788 : FBDC;
    24789 : FFB8;
    24790 : 01E4;
    24791 : 012A;
    24792 : 01C4;
    24793 : 017F;
    24794 : 00E4;
    24795 : 02B8;
    24796 : 02B5;
    24797 : 009D;
    24798 : 0196;
    24799 : 02C7;
    24800 : 011A;
    24801 : 00A2;
    24802 : 0110;
    24803 : FF06;
    24804 : FD02;
    24805 : FD8D;
    24806 : FF5C;
    24807 : 0160;
    24808 : 02F3;
    24809 : 035D;
    24810 : 02FA;
    24811 : 02EF;
    24812 : 03D2;
    24813 : 0452;
    24814 : 037D;
    24815 : 022D;
    24816 : FFD0;
    24817 : FCBE;
    24818 : FCDC;
    24819 : 0058;
    24820 : 02F4;
    24821 : 037C;
    24822 : 029C;
    24823 : 00C4;
    24824 : FF0D;
    24825 : FCAC;
    24826 : FB08;
    24827 : FF3E;
    24828 : 0615;
    24829 : 0737;
    24830 : 049C;
    24831 : 027A;
    24832 : FE6A;
    24833 : FB4F;
    24834 : FDFB;
    24835 : FFC3;
    24836 : FBB2;
    24837 : F8F2;
    24838 : FA2F;
    24839 : FA8E;
    24840 : FC38;
    24841 : 0313;
    24842 : 0972;
    24843 : 08BF;
    24844 : 0287;
    24845 : FC54;
    24846 : F947;
    24847 : F8B6;
    24848 : FAF2;
    24849 : 011F;
    24850 : 054D;
    24851 : 013E;
    24852 : FA9C;
    24853 : F852;
    24854 : F8E7;
    24855 : FBD8;
    24856 : 01EF;
    24857 : 06B8;
    24858 : 066B;
    24859 : 023E;
    24860 : FD61;
    24861 : FB13;
    24862 : FCAF;
    24863 : 0182;
    24864 : 0673;
    24865 : 0609;
    24866 : 00B0;
    24867 : FD1D;
    24868 : FC63;
    24869 : FCC9;
    24870 : 003A;
    24871 : 038B;
    24872 : 01D2;
    24873 : FF71;
    24874 : 0033;
    24875 : 00FA;
    24876 : 01AD;
    24877 : 0368;
    24878 : 0352;
    24879 : 01BB;
    24880 : 015E;
    24881 : 0038;
    24882 : FCEE;
    24883 : FB5E;
    24884 : FD3E;
    24885 : FFEE;
    24886 : 023C;
    24887 : 047B;
    24888 : 059E;
    24889 : 04C6;
    24890 : 0306;
    24891 : 025E;
    24892 : 0304;
    24893 : 02CF;
    24894 : 019B;
    24895 : 0197;
    24896 : 01BA;
    24897 : 00A7;
    24898 : 0127;
    24899 : 0366;
    24900 : 0375;
    24901 : 011E;
    24902 : FEDF;
    24903 : FD1E;
    24904 : FC30;
    24905 : FD41;
    24906 : 0027;
    24907 : 030B;
    24908 : 0449;
    24909 : 0466;
    24910 : 044A;
    24911 : 034E;
    24912 : 0161;
    24913 : FF5D;
    24914 : FE3B;
    24915 : FF4B;
    24916 : 0144;
    24917 : 017F;
    24918 : 00A9;
    24919 : FFD8;
    24920 : FF5A;
    24921 : 00A5;
    24922 : 018A;
    24923 : FF81;
    24924 : FE3D;
    24925 : FD7B;
    24926 : F959;
    24927 : F878;
    24928 : FEFB;
    24929 : 0224;
    24930 : FEA4;
    24931 : FD78;
    24932 : FDCD;
    24933 : FB17;
    24934 : FBF3;
    24935 : 0309;
    24936 : 07E9;
    24937 : 07A8;
    24938 : 05DF;
    24939 : 0263;
    24940 : FDF1;
    24941 : FC45;
    24942 : FC2D;
    24943 : FB56;
    24944 : FC18;
    24945 : FDB9;
    24946 : FCB4;
    24947 : FBE0;
    24948 : FE05;
    24949 : FF67;
    24950 : FF6F;
    24951 : 0076;
    24952 : FFB5;
    24953 : FD15;
    24954 : FD82;
    24955 : FFA4;
    24956 : 0097;
    24957 : 0241;
    24958 : 01BA;
    24959 : FC19;
    24960 : F884;
    24961 : FA3F;
    24962 : FC73;
    24963 : FFBA;
    24964 : 046D;
    24965 : 04BA;
    24966 : 0090;
    24967 : FC0C;
    24968 : F85E;
    24969 : F874;
    24970 : FC8A;
    24971 : FF47;
    24972 : 0094;
    24973 : 0202;
    24974 : FF88;
    24975 : FA75;
    24976 : F968;
    24977 : FBC2;
    24978 : FD8E;
    24979 : FE0F;
    24980 : FD2A;
    24981 : FD20;
    24982 : 0061;
    24983 : 0365;
    24984 : 03B2;
    24985 : 03DC;
    24986 : 02CE;
    24987 : FEC1;
    24988 : FB99;
    24989 : FA4B;
    24990 : F95C;
    24991 : FBEE;
    24992 : FFBE;
    24993 : FE8D;
    24994 : FC7B;
    24995 : FBE7;
    24996 : F810;
    24997 : F84B;
    24998 : 0231;
    24999 : 07CB;
    25000 : 0410;
    25001 : 00A4;
    25002 : FBEA;
    25003 : F504;
    25004 : F52F;
    25005 : F94F;
    25006 : FA2C;
    25007 : FC7A;
    25008 : FF97;
    25009 : FE5C;
    25010 : FE4A;
    25011 : 0215;
    25012 : 0319;
    25013 : 003E;
    25014 : FD67;
    25015 : FB94;
    25016 : FAAD;
    25017 : FA7B;
    25018 : FB5E;
    25019 : FE04;
    25020 : FFA4;
    25021 : FDD1;
    25022 : FB65;
    25023 : FA8E;
    25024 : FA4D;
    25025 : FB0C;
    25026 : FC96;
    25027 : FCE3;
    25028 : FD8D;
    25029 : 005B;
    25030 : 0134;
    25031 : FE70;
    25032 : FD11;
    25033 : FE23;
    25034 : FE52;
    25035 : FE37;
    25036 : FE16;
    25037 : FB43;
    25038 : F794;
    25039 : F6A4;
    25040 : F79F;
    25041 : F9FC;
    25042 : FDEF;
    25043 : 00EE;
    25044 : 02A5;
    25045 : 047A;
    25046 : 03ED;
    25047 : 00CE;
    25048 : FFAC;
    25049 : 004B;
    25050 : FFF2;
    25051 : 0076;
    25052 : 01B2;
    25053 : 0078;
    25054 : FE3F;
    25055 : FD5D;
    25056 : FCF6;
    25057 : FDFF;
    25058 : 00CC;
    25059 : 01E3;
    25060 : 0101;
    25061 : 00D5;
    25062 : 0029;
    25063 : FECA;
    25064 : 00C7;
    25065 : 04C9;
    25066 : 0499;
    25067 : 0133;
    25068 : FF1A;
    25069 : FD65;
    25070 : FCD1;
    25071 : 003B;
    25072 : 030C;
    25073 : 0211;
    25074 : 0199;
    25075 : FFCD;
    25076 : F9FB;
    25077 : F8CC;
    25078 : FE9E;
    25079 : 0291;
    25080 : 0494;
    25081 : 0683;
    25082 : 0180;
    25083 : F941;
    25084 : F9E9;
    25085 : 002F;
    25086 : 038A;
    25087 : 05FB;
    25088 : 0692;
    25089 : 00F5;
    25090 : FB19;
    25091 : FA9B;
    25092 : FC35;
    25093 : FF4F;
    25094 : 0366;
    25095 : 03DF;
    25096 : 035A;
    25097 : 0423;
    25098 : 0066;
    25099 : FD09;
    25100 : 027F;
    25101 : 06D4;
    25102 : 03CD;
    25103 : 0246;
    25104 : 00F5;
    25105 : FCF2;
    25106 : 0007;
    25107 : 0829;
    25108 : 08FC;
    25109 : 04C1;
    25110 : 0157;
    25111 : FDED;
    25112 : FDE8;
    25113 : 0202;
    25114 : 02EA;
    25115 : FFC0;
    25116 : FDF2;
    25117 : FDF2;
    25118 : FEA3;
    25119 : 023D;
    25120 : 090C;
    25121 : 0E1A;
    25122 : 0C4F;
    25123 : 05B3;
    25124 : 015C;
    25125 : 00DA;
    25126 : 0078;
    25127 : 0142;
    25128 : 047A;
    25129 : 0401;
    25130 : FF00;
    25131 : FDB8;
    25132 : 00CC;
    25133 : 0374;
    25134 : 072A;
    25135 : 0A81;
    25136 : 07AE;
    25137 : 0068;
    25138 : FA39;
    25139 : F861;
    25140 : FC07;
    25141 : 0116;
    25142 : 040D;
    25143 : 0593;
    25144 : 02B4;
    25145 : FCA8;
    25146 : FD36;
    25147 : 036E;
    25148 : 065C;
    25149 : 07A6;
    25150 : 0893;
    25151 : 0330;
    25152 : FBF1;
    25153 : FD4B;
    25154 : 043D;
    25155 : 0781;
    25156 : 0679;
    25157 : 03F5;
    25158 : FF9E;
    25159 : FBDB;
    25160 : FD72;
    25161 : 01F7;
    25162 : 033F;
    25163 : 01C6;
    25164 : FFE7;
    25165 : FC3F;
    25166 : F94B;
    25167 : FCB9;
    25168 : 03CF;
    25169 : 0687;
    25170 : 0411;
    25171 : 008D;
    25172 : FCD0;
    25173 : F911;
    25174 : F7F4;
    25175 : FA7E;
    25176 : FE2C;
    25177 : FF86;
    25178 : FDEA;
    25179 : FC19;
    25180 : FBA5;
    25181 : FBEA;
    25182 : FC4E;
    25183 : FB9F;
    25184 : FB01;
    25185 : FD87;
    25186 : 004F;
    25187 : 0037;
    25188 : 00D7;
    25189 : 00D7;
    25190 : FB58;
    25191 : F5CA;
    25192 : F6A7;
    25193 : FAF2;
    25194 : FEBE;
    25195 : 0197;
    25196 : 03A2;
    25197 : 02B5;
    25198 : FC4C;
    25199 : F5F5;
    25200 : F64A;
    25201 : F948;
    25202 : FBF8;
    25203 : 0014;
    25204 : 0199;
    25205 : FF37;
    25206 : FD1D;
    25207 : FAB9;
    25208 : F969;
    25209 : FC35;
    25210 : FE2F;
    25211 : FCCA;
    25212 : FB3A;
    25213 : F9DA;
    25214 : FB0E;
    25215 : FFE5;
    25216 : 026E;
    25217 : 01E0;
    25218 : 00B9;
    25219 : FCFB;
    25220 : FABA;
    25221 : FEDD;
    25222 : 028B;
    25223 : 00B9;
    25224 : FCC0;
    25225 : F7E9;
    25226 : F3AA;
    25227 : F3A2;
    25228 : F71C;
    25229 : FC04;
    25230 : 0204;
    25231 : 05E3;
    25232 : 044C;
    25233 : 002A;
    25234 : FDCD;
    25235 : FD32;
    25236 : FE2D;
    25237 : 00C6;
    25238 : 011C;
    25239 : FDB8;
    25240 : FB3D;
    25241 : FB84;
    25242 : FD01;
    25243 : 0012;
    25244 : 03A6;
    25245 : 049E;
    25246 : 01E3;
    25247 : FDBE;
    25248 : FC77;
    25249 : FD8D;
    25250 : FCB3;
    25251 : FBDF;
    25252 : FCFF;
    25253 : FC94;
    25254 : FD16;
    25255 : 010B;
    25256 : 030D;
    25257 : 038B;
    25258 : 0403;
    25259 : FE97;
    25260 : F879;
    25261 : FB0F;
    25262 : FF84;
    25263 : 0125;
    25264 : 0448;
    25265 : 05A9;
    25266 : 0438;
    25267 : 0434;
    25268 : 01DB;
    25269 : FDFA;
    25270 : FFA0;
    25271 : 0207;
    25272 : 00A8;
    25273 : FFF1;
    25274 : FEAB;
    25275 : FD84;
    25276 : 02A6;
    25277 : 07D3;
    25278 : 0590;
    25279 : 027F;
    25280 : 015D;
    25281 : FF31;
    25282 : 015C;
    25283 : 07BF;
    25284 : 0759;
    25285 : 00D1;
    25286 : FE0C;
    25287 : FDEC;
    25288 : FD00;
    25289 : FF42;
    25290 : 02B7;
    25291 : 02C7;
    25292 : 0420;
    25293 : 066A;
    25294 : 0311;
    25295 : FF9A;
    25296 : 0053;
    25297 : FDE3;
    25298 : FB0E;
    25299 : FE67;
    25300 : 010E;
    25301 : 0151;
    25302 : 047A;
    25303 : 0683;
    25304 : 0611;
    25305 : 05C6;
    25306 : 0158;
    25307 : FC98;
    25308 : 0085;
    25309 : 0648;
    25310 : 066B;
    25311 : 05C3;
    25312 : 03F7;
    25313 : FC3C;
    25314 : F4DF;
    25315 : F789;
    25316 : 0084;
    25317 : 04EA;
    25318 : 04E7;
    25319 : 04E2;
    25320 : 00D1;
    25321 : FACA;
    25322 : FA7B;
    25323 : FB4F;
    25324 : FB0E;
    25325 : FF32;
    25326 : 0158;
    25327 : FEEF;
    25328 : 01DF;
    25329 : 047C;
    25330 : FE46;
    25331 : FB7B;
    25332 : 00D7;
    25333 : 02BA;
    25334 : 00FF;
    25335 : 0314;
    25336 : 05FC;
    25337 : 03F3;
    25338 : FF77;
    25339 : FE21;
    25340 : FF0D;
    25341 : FEBD;
    25342 : FF19;
    25343 : 01A7;
    25344 : 0444;
    25345 : 058E;
    25346 : 035F;
    25347 : FDA5;
    25348 : F92D;
    25349 : F82C;
    25350 : FA36;
    25351 : FE98;
    25352 : 0205;
    25353 : 0482;
    25354 : 06E4;
    25355 : 0460;
    25356 : FFC7;
    25357 : 00BF;
    25358 : 020A;
    25359 : FFF6;
    25360 : 0068;
    25361 : 000C;
    25362 : FB90;
    25363 : FBCE;
    25364 : 010B;
    25365 : 0324;
    25366 : 0406;
    25367 : 056B;
    25368 : 025D;
    25369 : FDCE;
    25370 : FE31;
    25371 : 00B9;
    25372 : 016F;
    25373 : 0164;
    25374 : FFE9;
    25375 : FCC8;
    25376 : FC52;
    25377 : FEBF;
    25378 : FF7F;
    25379 : FF02;
    25380 : FF27;
    25381 : FE17;
    25382 : FCBD;
    25383 : FC90;
    25384 : FB07;
    25385 : F9D3;
    25386 : FCAF;
    25387 : FFD7;
    25388 : 007A;
    25389 : 01AB;
    25390 : 0338;
    25391 : 0359;
    25392 : 0293;
    25393 : FF47;
    25394 : FA43;
    25395 : F853;
    25396 : F8C9;
    25397 : F99B;
    25398 : FCDC;
    25399 : 0003;
    25400 : FF6F;
    25401 : FE04;
    25402 : FCE6;
    25403 : FBBE;
    25404 : FD4C;
    25405 : FFE0;
    25406 : 0175;
    25407 : 042F;
    25408 : 0416;
    25409 : FF25;
    25410 : FD28;
    25411 : FE03;
    25412 : FCFE;
    25413 : FE1F;
    25414 : FEEC;
    25415 : F93D;
    25416 : F5D4;
    25417 : FA89;
    25418 : FECB;
    25419 : FF3B;
    25420 : FE70;
    25421 : FBE3;
    25422 : FA2A;
    25423 : FCD5;
    25424 : 0130;
    25425 : 032C;
    25426 : 0260;
    25427 : FFDC;
    25428 : FBC8;
    25429 : F84F;
    25430 : F9E3;
    25431 : FE6A;
    25432 : FF8F;
    25433 : FEB4;
    25434 : FED3;
    25435 : FD6C;
    25436 : FB5F;
    25437 : FBE8;
    25438 : FDF9;
    25439 : 0056;
    25440 : 01F5;
    25441 : 0111;
    25442 : FF34;
    25443 : FE28;
    25444 : FE20;
    25445 : 00EC;
    25446 : 04A6;
    25447 : 02CC;
    25448 : FB98;
    25449 : F672;
    25450 : F6AD;
    25451 : FA64;
    25452 : 004A;
    25453 : 05C2;
    25454 : 05F0;
    25455 : 01CA;
    25456 : FF5A;
    25457 : FF9F;
    25458 : 00E0;
    25459 : 045B;
    25460 : 087D;
    25461 : 07E7;
    25462 : 00CF;
    25463 : F809;
    25464 : F522;
    25465 : F919;
    25466 : FE92;
    25467 : 049F;
    25468 : 0A4C;
    25469 : 0905;
    25470 : 0267;
    25471 : FF54;
    25472 : 0069;
    25473 : 0342;
    25474 : 07CA;
    25475 : 0981;
    25476 : 05F9;
    25477 : 0158;
    25478 : FDA6;
    25479 : FBE7;
    25480 : FE70;
    25481 : 027A;
    25482 : 03DC;
    25483 : 039E;
    25484 : 02D7;
    25485 : 00FF;
    25486 : 003F;
    25487 : 0235;
    25488 : 0407;
    25489 : 032F;
    25490 : 00DD;
    25491 : FE6D;
    25492 : FCC3;
    25493 : FDEC;
    25494 : 014B;
    25495 : 0356;
    25496 : 03D4;
    25497 : 0426;
    25498 : 02D3;
    25499 : 00F0;
    25500 : 0298;
    25501 : 058B;
    25502 : 0426;
    25503 : 0030;
    25504 : FDEE;
    25505 : FC80;
    25506 : FC60;
    25507 : FFB8;
    25508 : 02C1;
    25509 : 02AC;
    25510 : 02F9;
    25511 : 038F;
    25512 : 02DA;
    25513 : 04E0;
    25514 : 0845;
    25515 : 0621;
    25516 : 0099;
    25517 : FCED;
    25518 : FA7D;
    25519 : FA3E;
    25520 : FCC8;
    25521 : FE4E;
    25522 : FF08;
    25523 : 0051;
    25524 : FEFB;
    25525 : FCAD;
    25526 : FDC6;
    25527 : FFB6;
    25528 : 00E0;
    25529 : 0280;
    25530 : 00CC;
    25531 : FC96;
    25532 : FE41;
    25533 : 0422;
    25534 : 05D0;
    25535 : 04C3;
    25536 : 0396;
    25537 : FEAD;
    25538 : F902;
    25539 : F9A5;
    25540 : FE4D;
    25541 : 01C4;
    25542 : 03A8;
    25543 : 039C;
    25544 : 01DE;
    25545 : 0099;
    25546 : FF7A;
    25547 : FED1;
    25548 : 012F;
    25549 : 040F;
    25550 : 0315;
    25551 : 0019;
    25552 : FE26;
    25553 : FDD2;
    25554 : 0009;
    25555 : 030F;
    25556 : 0313;
    25557 : 00B6;
    25558 : FEFC;
    25559 : FEAC;
    25560 : FFF4;
    25561 : 02D1;
    25562 : 0566;
    25563 : 0501;
    25564 : 01D6;
    25565 : FFF9;
    25566 : 0119;
    25567 : 02AB;
    25568 : 0453;
    25569 : 0630;
    25570 : 0537;
    25571 : 01B7;
    25572 : FF0C;
    25573 : FD96;
    25574 : FDBC;
    25575 : FFCE;
    25576 : 0104;
    25577 : 0101;
    25578 : 0255;
    25579 : 04AF;
    25580 : 05E6;
    25581 : 058E;
    25582 : 0574;
    25583 : 059A;
    25584 : 029D;
    25585 : FEBD;
    25586 : 0008;
    25587 : 031F;
    25588 : 0384;
    25589 : 047C;
    25590 : 048E;
    25591 : 0041;
    25592 : FCF1;
    25593 : FE6E;
    25594 : 0287;
    25595 : 0792;
    25596 : 0AFA;
    25597 : 0B32;
    25598 : 093B;
    25599 : 0507;
    25600 : 0141;
    25601 : 0114;
    25602 : 0272;
    25603 : 04C2;
    25604 : 076A;
    25605 : 05CE;
    25606 : 01F2;
    25607 : 011B;
    25608 : 0171;
    25609 : 027B;
    25610 : 059C;
    25611 : 071E;
    25612 : 05FF;
    25613 : 04C3;
    25614 : 0363;
    25615 : 02B0;
    25616 : 030F;
    25617 : 030A;
    25618 : 0384;
    25619 : 0377;
    25620 : 00DF;
    25621 : FFDB;
    25622 : 0231;
    25623 : 03B4;
    25624 : 04C5;
    25625 : 0618;
    25626 : 0342;
    25627 : FE79;
    25628 : FE86;
    25629 : 00C8;
    25630 : 018D;
    25631 : 04B5;
    25632 : 0801;
    25633 : 0488;
    25634 : FF4E;
    25635 : FED2;
    25636 : FF41;
    25637 : 000A;
    25638 : 02E9;
    25639 : 0269;
    25640 : FEB6;
    25641 : FE46;
    25642 : FFE1;
    25643 : 0143;
    25644 : 03B7;
    25645 : 0559;
    25646 : 05D6;
    25647 : 05BC;
    25648 : 01ED;
    25649 : FCD2;
    25650 : FBA6;
    25651 : FC3C;
    25652 : FD27;
    25653 : 0057;
    25654 : 0347;
    25655 : 0391;
    25656 : 0250;
    25657 : 0000;
    25658 : FE0C;
    25659 : FD99;
    25660 : FC68;
    25661 : FAD6;
    25662 : FD1A;
    25663 : 01C4;
    25664 : 0244;
    25665 : FECA;
    25666 : FD01;
    25667 : FD2A;
    25668 : FD53;
    25669 : FE33;
    25670 : FE1B;
    25671 : FCF0;
    25672 : FE75;
    25673 : 0022;
    25674 : FEB7;
    25675 : FEA1;
    25676 : FFC7;
    25677 : FE25;
    25678 : FD00;
    25679 : FDF9;
    25680 : FE0B;
    25681 : FE79;
    25682 : FF6C;
    25683 : FEDE;
    25684 : FF74;
    25685 : 00B0;
    25686 : FE94;
    25687 : FD04;
    25688 : FF7E;
    25689 : 00DE;
    25690 : 0022;
    25691 : 00E6;
    25692 : 0051;
    25693 : FD90;
    25694 : FE61;
    25695 : 006F;
    25696 : FE26;
    25697 : FC9F;
    25698 : FEB1;
    25699 : FF81;
    25700 : 0051;
    25701 : 01BB;
    25702 : FF47;
    25703 : FDA1;
    25704 : 00DB;
    25705 : 024D;
    25706 : 027A;
    25707 : 05DD;
    25708 : 06A2;
    25709 : 02B4;
    25710 : FF01;
    25711 : FC18;
    25712 : FBEB;
    25713 : FFAB;
    25714 : 0216;
    25715 : 03F9;
    25716 : 0771;
    25717 : 04F4;
    25718 : FD7C;
    25719 : FBF6;
    25720 : FEE7;
    25721 : 001D;
    25722 : 019B;
    25723 : 0281;
    25724 : 00E3;
    25725 : 00BB;
    25726 : 0138;
    25727 : FFCA;
    25728 : 00CD;
    25729 : 03DD;
    25730 : 0461;
    25731 : 0443;
    25732 : 0289;
    25733 : FD57;
    25734 : FD1D;
    25735 : 02E2;
    25736 : 0459;
    25737 : 02EA;
    25738 : 02DE;
    25739 : FEC4;
    25740 : FA1C;
    25741 : FCF6;
    25742 : 01C0;
    25743 : 0355;
    25744 : 0457;
    25745 : 035D;
    25746 : FF58;
    25747 : FBF4;
    25748 : FA8C;
    25749 : FB46;
    25750 : FEE9;
    25751 : 0399;
    25752 : 061C;
    25753 : 0510;
    25754 : 0287;
    25755 : 0148;
    25756 : 00DD;
    25757 : 009F;
    25758 : 00BE;
    25759 : FFB0;
    25760 : FE10;
    25761 : FDC6;
    25762 : FD4B;
    25763 : FD46;
    25764 : 00C4;
    25765 : 047D;
    25766 : 03E7;
    25767 : 0158;
    25768 : FF38;
    25769 : FC8E;
    25770 : FB79;
    25771 : FE63;
    25772 : 009E;
    25773 : FE47;
    25774 : FBA6;
    25775 : FAD0;
    25776 : F970;
    25777 : FA9F;
    25778 : FFED;
    25779 : 031C;
    25780 : 01CE;
    25781 : FEE1;
    25782 : FC0A;
    25783 : FB69;
    25784 : FCCF;
    25785 : FE96;
    25786 : 024E;
    25787 : 04D2;
    25788 : 018E;
    25789 : FE70;
    25790 : FF5D;
    25791 : FFAE;
    25792 : FFE1;
    25793 : 0142;
    25794 : FFEF;
    25795 : FD68;
    25796 : FD4B;
    25797 : FE7C;
    25798 : 008A;
    25799 : 01DE;
    25800 : FFB0;
    25801 : FCC3;
    25802 : FC1F;
    25803 : FCF4;
    25804 : FEE7;
    25805 : 000E;
    25806 : FEBF;
    25807 : FD72;
    25808 : FB60;
    25809 : F66C;
    25810 : F529;
    25811 : FC14;
    25812 : 0318;
    25813 : 044B;
    25814 : 038B;
    25815 : 0236;
    25816 : FE2D;
    25817 : FA24;
    25818 : F95C;
    25819 : FB49;
    25820 : FEDE;
    25821 : 013F;
    25822 : FFB4;
    25823 : FDE4;
    25824 : FF63;
    25825 : 01AD;
    25826 : 0298;
    25827 : 0151;
    25828 : FD6C;
    25829 : FA63;
    25830 : F968;
    25831 : F7B3;
    25832 : F8C5;
    25833 : FFD8;
    25834 : 058F;
    25835 : 0481;
    25836 : 0097;
    25837 : FDC0;
    25838 : FD53;
    25839 : FEE1;
    25840 : FFCA;
    25841 : FF27;
    25842 : FDA4;
    25843 : FBAA;
    25844 : FAD3;
    25845 : FB47;
    25846 : FC52;
    25847 : FF68;
    25848 : 0261;
    25849 : 010C;
    25850 : FDAE;
    25851 : FB23;
    25852 : F952;
    25853 : FA25;
    25854 : FC76;
    25855 : FD4F;
    25856 : FFC2;
    25857 : 0345;
    25858 : 0227;
    25859 : FF78;
    25860 : 001A;
    25861 : 009F;
    25862 : FF31;
    25863 : FDB8;
    25864 : FC4E;
    25865 : FB7E;
    25866 : FBE7;
    25867 : FD65;
    25868 : FFBB;
    25869 : 0072;
    25870 : FEDF;
    25871 : FD20;
    25872 : FAFB;
    25873 : FB14;
    25874 : 009D;
    25875 : 04D5;
    25876 : 03D1;
    25877 : 039D;
    25878 : 02B2;
    25879 : FC9B;
    25880 : F873;
    25881 : FAF1;
    25882 : FEEC;
    25883 : 0185;
    25884 : 02C0;
    25885 : 01FF;
    25886 : 0176;
    25887 : 0314;
    25888 : 037F;
    25889 : FFC8;
    25890 : FC15;
    25891 : FC78;
    25892 : FD80;
    25893 : FD43;
    25894 : FF29;
    25895 : 0228;
    25896 : 02FD;
    25897 : 01F2;
    25898 : FF04;
    25899 : FC91;
    25900 : FDFD;
    25901 : FFD6;
    25902 : FFCB;
    25903 : 0041;
    25904 : FF70;
    25905 : FD08;
    25906 : FCA8;
    25907 : FD46;
    25908 : FEFE;
    25909 : 0383;
    25910 : 057E;
    25911 : 02E2;
    25912 : 00CF;
    25913 : FFB2;
    25914 : FEEB;
    25915 : FFE0;
    25916 : FFB2;
    25917 : FDF2;
    25918 : FE5E;
    25919 : FFAD;
    25920 : FFF8;
    25921 : 014E;
    25922 : 0366;
    25923 : 03FE;
    25924 : 027E;
    25925 : FFA6;
    25926 : FDA6;
    25927 : FE6A;
    25928 : 016C;
    25929 : 0411;
    25930 : 03D4;
    25931 : 019A;
    25932 : FF9C;
    25933 : FDEF;
    25934 : FDFB;
    25935 : 00A7;
    25936 : 024C;
    25937 : 01EF;
    25938 : 01EF;
    25939 : 00B9;
    25940 : FE61;
    25941 : FF3C;
    25942 : 022D;
    25943 : 02F3;
    25944 : 0219;
    25945 : 0145;
    25946 : 0060;
    25947 : FFDA;
    25948 : 0013;
    25949 : 0040;
    25950 : FF77;
    25951 : FE2C;
    25952 : FD5A;
    25953 : FCE9;
    25954 : FDD9;
    25955 : 00D2;
    25956 : 01F1;
    25957 : FF93;
    25958 : FE72;
    25959 : FF7E;
    25960 : FF4E;
    25961 : FEE7;
    25962 : 0023;
    25963 : 01D5;
    25964 : 0304;
    25965 : 01EA;
    25966 : FE22;
    25967 : FBA1;
    25968 : FB95;
    25969 : FBD7;
    25970 : FD9F;
    25971 : 00E0;
    25972 : 021D;
    25973 : 01B8;
    25974 : 0195;
    25975 : 0089;
    25976 : FF35;
    25977 : FF5D;
    25978 : FF26;
    25979 : FD50;
    25980 : FC7B;
    25981 : FDFF;
    25982 : FFF8;
    25983 : 014F;
    25984 : 020B;
    25985 : 012D;
    25986 : FF6F;
    25987 : FF3A;
    25988 : FF87;
    25989 : FEDF;
    25990 : FFA1;
    25991 : 0158;
    25992 : 0082;
    25993 : FEA3;
    25994 : FE31;
    25995 : FDD8;
    25996 : FE0A;
    25997 : FF35;
    25998 : FEBC;
    25999 : FCFC;
    26000 : FBF6;
    26001 : FB6E;
    26002 : FCE6;
    26003 : 00AB;
    26004 : 0252;
    26005 : 00A3;
    26006 : FF1D;
    26007 : FF30;
    26008 : 0000;
    26009 : 0083;
    26010 : 00B2;
    26011 : 01C6;
    26012 : 024E;
    26013 : FF82;
    26014 : FBE4;
    26015 : FBBC;
    26016 : FE76;
    26017 : 01B0;
    26018 : 035C;
    26019 : 010B;
    26020 : FCC9;
    26021 : FBC2;
    26022 : FD54;
    26023 : FED2;
    26024 : 027D;
    26025 : 075E;
    26026 : 0693;
    26027 : FF59;
    26028 : F967;
    26029 : FA3F;
    26030 : FEFE;
    26031 : 021C;
    26032 : 046C;
    26033 : 0739;
    26034 : 04B4;
    26035 : FE47;
    26036 : FE55;
    26037 : 020F;
    26038 : 0187;
    26039 : 0164;
    26040 : 0077;
    26041 : F9A8;
    26042 : F98C;
    26043 : 03FF;
    26044 : 07BE;
    26045 : 0476;
    26046 : 049D;
    26047 : 01BA;
    26048 : FC03;
    26049 : FECE;
    26050 : 0451;
    26051 : 040C;
    26052 : 03E8;
    26053 : 04A6;
    26054 : 0193;
    26055 : FE87;
    26056 : FE9D;
    26057 : FF9A;
    26058 : 01E2;
    26059 : 049C;
    26060 : 03D8;
    26061 : 00C5;
    26062 : FEAE;
    26063 : FC86;
    26064 : FB32;
    26065 : FE16;
    26066 : 02B1;
    26067 : 0477;
    26068 : 03C4;
    26069 : 028D;
    26070 : 024E;
    26071 : 02FD;
    26072 : 01FA;
    26073 : 0017;
    26074 : 0023;
    26075 : FFBB;
    26076 : FEA6;
    26077 : 00ED;
    26078 : 0464;
    26079 : 0606;
    26080 : 071F;
    26081 : 0534;
    26082 : 00DE;
    26083 : 00C6;
    26084 : 02DD;
    26085 : 0338;
    26086 : 0504;
    26087 : 048F;
    26088 : FE48;
    26089 : FB61;
    26090 : FF28;
    26091 : 02D7;
    26092 : 0546;
    26093 : 066A;
    26094 : 0466;
    26095 : 0185;
    26096 : FEB9;
    26097 : FC58;
    26098 : FDCF;
    26099 : 0124;
    26100 : 01D4;
    26101 : 019F;
    26102 : 01C8;
    26103 : 01EC;
    26104 : 04FE;
    26105 : 0885;
    26106 : 05BB;
    26107 : 0061;
    26108 : FE9F;
    26109 : FC38;
    26110 : F91C;
    26111 : FCCD;
    26112 : 0374;
    26113 : 04B5;
    26114 : 043E;
    26115 : 04D3;
    26116 : 026E;
    26117 : 001A;
    26118 : 00BD;
    26119 : FF43;
    26120 : FD9A;
    26121 : 008E;
    26122 : 01FB;
    26123 : FF7D;
    26124 : FEFF;
    26125 : FF48;
    26126 : FF2D;
    26127 : 02EE;
    26128 : 06C8;
    26129 : 0587;
    26130 : 02DD;
    26131 : 01A0;
    26132 : 018F;
    26133 : 029A;
    26134 : 01DC;
    26135 : FE24;
    26136 : FAF5;
    26137 : FB2B;
    26138 : FE8E;
    26139 : 0231;
    26140 : 0428;
    26141 : 051B;
    26142 : 02C8;
    26143 : FCED;
    26144 : FA77;
    26145 : FCD2;
    26146 : FE9A;
    26147 : FFEF;
    26148 : 0150;
    26149 : FF81;
    26150 : FC94;
    26151 : FC13;
    26152 : FCE4;
    26153 : FE98;
    26154 : 0048;
    26155 : FFA9;
    26156 : FE13;
    26157 : FD09;
    26158 : FCCE;
    26159 : FF07;
    26160 : 01BD;
    26161 : 01AC;
    26162 : 0063;
    26163 : FF2F;
    26164 : FE3A;
    26165 : FE11;
    26166 : FD3B;
    26167 : FD2E;
    26168 : FFA9;
    26169 : FF63;
    26170 : FBD7;
    26171 : FC0E;
    26172 : FEB1;
    26173 : FE51;
    26174 : FDD0;
    26175 : FFF6;
    26176 : 011D;
    26177 : FFBD;
    26178 : FEBC;
    26179 : FE9A;
    26180 : FE36;
    26181 : FF24;
    26182 : 005E;
    26183 : FDEE;
    26184 : FA9C;
    26185 : FB53;
    26186 : FD34;
    26187 : FD86;
    26188 : FEFD;
    26189 : 0114;
    26190 : FFD6;
    26191 : FC07;
    26192 : FA4B;
    26193 : FBF6;
    26194 : FE08;
    26195 : FF0D;
    26196 : FF44;
    26197 : FCA2;
    26198 : F8D1;
    26199 : F9F9;
    26200 : FE30;
    26201 : FFF4;
    26202 : 01D5;
    26203 : 0338;
    26204 : FE9C;
    26205 : F8F0;
    26206 : F961;
    26207 : FC96;
    26208 : FE3C;
    26209 : FE55;
    26210 : FD94;
    26211 : FCF4;
    26212 : FCDF;
    26213 : FD96;
    26214 : FEB3;
    26215 : FF0B;
    26216 : FFF5;
    26217 : 00EC;
    26218 : FE8D;
    26219 : FB5E;
    26220 : FB85;
    26221 : FDF8;
    26222 : 013C;
    26223 : 0310;
    26224 : 0232;
    26225 : 022F;
    26226 : 021B;
    26227 : FD99;
    26228 : F8A6;
    26229 : F84D;
    26230 : FA71;
    26231 : FC61;
    26232 : FD2B;
    26233 : FD84;
    26234 : FFF7;
    26235 : 02A7;
    26236 : 01A1;
    26237 : FF59;
    26238 : FF39;
    26239 : FFA5;
    26240 : FF5C;
    26241 : FEF4;
    26242 : FF15;
    26243 : 00D5;
    26244 : 0242;
    26245 : 0014;
    26246 : FD07;
    26247 : FD67;
    26248 : FF7F;
    26249 : 00E4;
    26250 : 0267;
    26251 : 02DA;
    26252 : 0087;
    26253 : FE91;
    26254 : FE89;
    26255 : FE27;
    26256 : FF30;
    26257 : 01C4;
    26258 : 00EF;
    26259 : FF02;
    26260 : FF77;
    26261 : FEB0;
    26262 : FE5E;
    26263 : 001A;
    26264 : FE74;
    26265 : FD00;
    26266 : FFC7;
    26267 : FE98;
    26268 : FA07;
    26269 : FA30;
    26270 : FB5B;
    26271 : FAB5;
    26272 : FC0E;
    26273 : FD2B;
    26274 : FD94;
    26275 : 0181;
    26276 : 04AC;
    26277 : 0262;
    26278 : FF97;
    26279 : FE1D;
    26280 : FB21;
    26281 : F9B6;
    26282 : FBDF;
    26283 : FDAA;
    26284 : FE6D;
    26285 : FF85;
    26286 : FF77;
    26287 : FECF;
    26288 : FF14;
    26289 : FF26;
    26290 : FFA9;
    26291 : 01A2;
    26292 : 01D5;
    26293 : FF54;
    26294 : FDE1;
    26295 : FD65;
    26296 : FBD1;
    26297 : FB5E;
    26298 : FC73;
    26299 : FCBD;
    26300 : FD42;
    26301 : FE8D;
    26302 : FF95;
    26303 : 0159;
    26304 : 028A;
    26305 : 008A;
    26306 : FD11;
    26307 : FAE8;
    26308 : FAF0;
    26309 : FC60;
    26310 : FD69;
    26311 : FE63;
    26312 : FFDA;
    26313 : 0064;
    26314 : FFF9;
    26315 : FEC0;
    26316 : FCB2;
    26317 : FC31;
    26318 : FCD0;
    26319 : FACE;
    26320 : F7D0;
    26321 : F916;
    26322 : FE15;
    26323 : 01AF;
    26324 : 01E3;
    26325 : 00B3;
    26326 : FFFE;
    26327 : FF98;
    26328 : FE63;
    26329 : FD09;
    26330 : FD6D;
    26331 : FE93;
    26332 : FE99;
    26333 : FE26;
    26334 : FE17;
    26335 : FF7A;
    26336 : 0278;
    26337 : 03AB;
    26338 : 01CE;
    26339 : FF74;
    26340 : FCEC;
    26341 : FA87;
    26342 : FA44;
    26343 : FB0F;
    26344 : FC13;
    26345 : FF5F;
    26346 : 034E;
    26347 : 03D8;
    26348 : 0244;
    26349 : 01BE;
    26350 : 018C;
    26351 : 005D;
    26352 : FF0B;
    26353 : FEFB;
    26354 : FFE2;
    26355 : FF50;
    26356 : FDD9;
    26357 : FEA0;
    26358 : FF30;
    26359 : FD48;
    26360 : FD75;
    26361 : FFC3;
    26362 : FFC6;
    26363 : FFB9;
    26364 : 019D;
    26365 : 01D1;
    26366 : 0045;
    26367 : FFE0;
    26368 : FF84;
    26369 : FE69;
    26370 : FF03;
    26371 : 00B3;
    26372 : 016E;
    26373 : 02BE;
    26374 : 0369;
    26375 : 0094;
    26376 : FE01;
    26377 : FE27;
    26378 : FE55;
    26379 : FF1A;
    26380 : 008B;
    26381 : 00A2;
    26382 : 019D;
    26383 : 0420;
    26384 : 0521;
    26385 : 04C3;
    26386 : 03DB;
    26387 : 025E;
    26388 : 01A5;
    26389 : 0180;
    26390 : 00F9;
    26391 : 00AD;
    26392 : 00C0;
    26393 : 0134;
    26394 : 01F2;
    26395 : 01F0;
    26396 : 01A3;
    26397 : 01E4;
    26398 : 01C9;
    26399 : 0179;
    26400 : 0130;
    26401 : FFE8;
    26402 : FF3B;
    26403 : FFAD;
    26404 : FE8E;
    26405 : FE40;
    26406 : 00CD;
    26407 : 0109;
    26408 : FF70;
    26409 : 00C5;
    26410 : 01B4;
    26411 : 017C;
    26412 : 047F;
    26413 : 068B;
    26414 : 02CA;
    26415 : FE70;
    26416 : FDD6;
    26417 : FE84;
    26418 : FEDE;
    26419 : FFCA;
    26420 : FF93;
    26421 : FD9F;
    26422 : FE95;
    26423 : 02B2;
    26424 : 049C;
    26425 : 046B;
    26426 : 0468;
    26427 : 03A5;
    26428 : 0152;
    26429 : FC53;
    26430 : F790;
    26431 : F99A;
    26432 : FF79;
    26433 : 0245;
    26434 : 03AF;
    26435 : 0493;
    26436 : 019F;
    26437 : FC86;
    26438 : F907;
    26439 : F86E;
    26440 : FAC8;
    26441 : FDB0;
    26442 : FF59;
    26443 : 0066;
    26444 : FF68;
    26445 : FC9F;
    26446 : FC76;
    26447 : FE4C;
    26448 : FE46;
    26449 : FD9F;
    26450 : FD89;
    26451 : FD55;
    26452 : FE3C;
    26453 : FFC4;
    26454 : 0073;
    26455 : 0045;
    26456 : FE9C;
    26457 : FCB1;
    26458 : FBB8;
    26459 : FA38;
    26460 : FA4C;
    26461 : FD9D;
    26462 : FFCC;
    26463 : FFAC;
    26464 : FF71;
    26465 : FE94;
    26466 : FE26;
    26467 : FFC7;
    26468 : 014A;
    26469 : 0101;
    26470 : FFBF;
    26471 : FEBF;
    26472 : FED8;
    26473 : FF2C;
    26474 : FEBE;
    26475 : FF43;
    26476 : 0174;
    26477 : 0270;
    26478 : 01B0;
    26479 : 018D;
    26480 : 0155;
    26481 : 00C0;
    26482 : 0124;
    26483 : FFF4;
    26484 : FD31;
    26485 : FD5A;
    26486 : FF03;
    26487 : FF95;
    26488 : 0116;
    26489 : 0247;
    26490 : 021A;
    26491 : 03E5;
    26492 : 0657;
    26493 : 05CF;
    26494 : 0437;
    26495 : 031E;
    26496 : 0121;
    26497 : FEBA;
    26498 : FCA5;
    26499 : FBD3;
    26500 : FED9;
    26501 : 0362;
    26502 : 04D9;
    26503 : 05E3;
    26504 : 0755;
    26505 : 04A8;
    26506 : 01AC;
    26507 : 0338;
    26508 : 03EF;
    26509 : 0211;
    26510 : 0153;
    26511 : FFEF;
    26512 : FD6B;
    26513 : FDD4;
    26514 : 01B1;
    26515 : 06A5;
    26516 : 0928;
    26517 : 067C;
    26518 : 02CB;
    26519 : 01DB;
    26520 : 0022;
    26521 : FF93;
    26522 : 0591;
    26523 : 09FF;
    26524 : 05B8;
    26525 : 012E;
    26526 : FFFA;
    26527 : FDD1;
    26528 : FD94;
    26529 : 0043;
    26530 : 0228;
    26531 : 0410;
    26532 : 049B;
    26533 : 0223;
    26534 : 015F;
    26535 : 024D;
    26536 : 0114;
    26537 : 0069;
    26538 : 0260;
    26539 : 03AE;
    26540 : 02CB;
    26541 : 019C;
    26542 : 01DD;
    26543 : 0348;
    26544 : 0468;
    26545 : 0395;
    26546 : FFF2;
    26547 : FC35;
    26548 : FC09;
    26549 : FE64;
    26550 : 00CD;
    26551 : 03CA;
    26552 : 0728;
    26553 : 0818;
    26554 : 0542;
    26555 : 0107;
    26556 : FF52;
    26557 : 0115;
    26558 : 0327;
    26559 : 03E5;
    26560 : 0461;
    26561 : 0361;
    26562 : 00CF;
    26563 : FFE0;
    26564 : 0026;
    26565 : 0038;
    26566 : 0153;
    26567 : 0229;
    26568 : 02A3;
    26569 : 0470;
    26570 : 0407;
    26571 : 00BF;
    26572 : FF7F;
    26573 : FF48;
    26574 : FDCB;
    26575 : FE28;
    26576 : 00AD;
    26577 : 01D0;
    26578 : 0125;
    26579 : 00BD;
    26580 : 0089;
    26581 : FFCC;
    26582 : 00C4;
    26583 : 03AC;
    26584 : 04F0;
    26585 : 04AC;
    26586 : 0462;
    26587 : 02B4;
    26588 : 00E6;
    26589 : 0040;
    26590 : FDC2;
    26591 : FAA9;
    26592 : FC8C;
    26593 : 0187;
    26594 : 033C;
    26595 : 028F;
    26596 : 02D5;
    26597 : 02AF;
    26598 : 01C2;
    26599 : 00B6;
    26600 : FE84;
    26601 : FD8C;
    26602 : FF9F;
    26603 : 0175;
    26604 : 0244;
    26605 : 036C;
    26606 : 040B;
    26607 : 046E;
    26608 : 0456;
    26609 : 01CE;
    26610 : FF13;
    26611 : FF2F;
    26612 : FF7D;
    26613 : FDD1;
    26614 : FCD6;
    26615 : FD98;
    26616 : FF5D;
    26617 : 02DB;
    26618 : 056B;
    26619 : 04B1;
    26620 : 03EB;
    26621 : 0238;
    26622 : FD55;
    26623 : FC3A;
    26624 : 0149;
    26625 : 03C5;
    26626 : 019B;
    26627 : 0024;
    26628 : FE77;
    26629 : FA66;
    26630 : F966;
    26631 : FE6B;
    26632 : 02C5;
    26633 : 02F3;
    26634 : 027E;
    26635 : 0182;
    26636 : FFF9;
    26637 : 0198;
    26638 : 03A6;
    26639 : 008D;
    26640 : FC62;
    26641 : FBDF;
    26642 : FB56;
    26643 : FACA;
    26644 : FE7E;
    26645 : 02BF;
    26646 : 03DB;
    26647 : 0416;
    26648 : 021A;
    26649 : FEA7;
    26650 : FEBA;
    26651 : FF55;
    26652 : FEA7;
    26653 : 01BC;
    26654 : 042B;
    26655 : FFC7;
    26656 : FB51;
    26657 : FAF2;
    26658 : FAE0;
    26659 : FCB2;
    26660 : 00D3;
    26661 : 0146;
    26662 : FF4C;
    26663 : FFBE;
    26664 : FFC0;
    26665 : FE80;
    26666 : FF71;
    26667 : 0072;
    26668 : FECA;
    26669 : FC2A;
    26670 : FA8B;
    26671 : FB4F;
    26672 : FE36;
    26673 : 017F;
    26674 : 0497;
    26675 : 06BE;
    26676 : 0538;
    26677 : FF21;
    26678 : FAE0;
    26679 : FDA6;
    26680 : 00BC;
    26681 : 0030;
    26682 : 0110;
    26683 : 011C;
    26684 : FDD7;
    26685 : FCE9;
    26686 : FE29;
    26687 : FFB5;
    26688 : 02E5;
    26689 : 0388;
    26690 : 01F9;
    26691 : 038F;
    26692 : 031A;
    26693 : FDBD;
    26694 : FBCE;
    26695 : FE04;
    26696 : FE63;
    26697 : FE18;
    26698 : FEBB;
    26699 : FEF6;
    26700 : 00EE;
    26701 : 041E;
    26702 : 03D1;
    26703 : 015F;
    26704 : 0002;
    26705 : FDFA;
    26706 : FC9D;
    26707 : FFC3;
    26708 : 03C4;
    26709 : 0308;
    26710 : 0028;
    26711 : FF33;
    26712 : FE2D;
    26713 : FD13;
    26714 : FFF9;
    26715 : 04ED;
    26716 : 0632;
    26717 : 02FF;
    26718 : FE38;
    26719 : FB3D;
    26720 : FABA;
    26721 : FACF;
    26722 : FC6F;
    26723 : 0039;
    26724 : 02E3;
    26725 : 02E4;
    26726 : 018D;
    26727 : 0073;
    26728 : 00D1;
    26729 : 01F5;
    26730 : 02A2;
    26731 : 01E8;
    26732 : FEF6;
    26733 : FC83;
    26734 : FD74;
    26735 : FEDC;
    26736 : FE2F;
    26737 : FD99;
    26738 : FD64;
    26739 : FC28;
    26740 : FC29;
    26741 : FEA0;
    26742 : 00B1;
    26743 : 018D;
    26744 : 01CC;
    26745 : FF5C;
    26746 : FA12;
    26747 : F74D;
    26748 : FC06;
    26749 : 03BA;
    26750 : 0640;
    26751 : 05B8;
    26752 : 0488;
    26753 : FD20;
    26754 : F433;
    26755 : F3D9;
    26756 : F8CC;
    26757 : FE1A;
    26758 : 02EE;
    26759 : 049C;
    26760 : 04D3;
    26761 : 03A3;
    26762 : FEAB;
    26763 : FCA5;
    26764 : FEDD;
    26765 : FDC4;
    26766 : FC7E;
    26767 : FD3A;
    26768 : FAF7;
    26769 : FBA6;
    26770 : 0163;
    26771 : 00F1;
    26772 : FBC7;
    26773 : FA61;
    26774 : F98A;
    26775 : F9DF;
    26776 : 0021;
    26777 : 05EB;
    26778 : 068C;
    26779 : 05F7;
    26780 : 03FB;
    26781 : FFAD;
    26782 : FD36;
    26783 : FC3B;
    26784 : F8C9;
    26785 : F6C5;
    26786 : FAE2;
    26787 : FE94;
    26788 : FD41;
    26789 : FD15;
    26790 : FEDD;
    26791 : FEBD;
    26792 : FF51;
    26793 : 0097;
    26794 : 00CE;
    26795 : 02C7;
    26796 : 0470;
    26797 : 0370;
    26798 : 0292;
    26799 : FF5E;
    26800 : F978;
    26801 : F809;
    26802 : FB39;
    26803 : FE0B;
    26804 : FFCC;
    26805 : 00E4;
    26806 : 0189;
    26807 : 01C0;
    26808 : 0118;
    26809 : 0080;
    26810 : FFE4;
    26811 : FE4F;
    26812 : FD21;
    26813 : FCCD;
    26814 : FB42;
    26815 : FAB3;
    26816 : 0009;
    26817 : 0635;
    26818 : 04E5;
    26819 : 00E8;
    26820 : FFA5;
    26821 : FD51;
    26822 : FB4C;
    26823 : FBD6;
    26824 : FB62;
    26825 : FD01;
    26826 : 02C5;
    26827 : 0580;
    26828 : 04DF;
    26829 : 0577;
    26830 : 04F4;
    26831 : 02D0;
    26832 : 017E;
    26833 : FEAE;
    26834 : FA30;
    26835 : F858;
    26836 : F8CC;
    26837 : F9F3;
    26838 : FF48;
    26839 : 0713;
    26840 : 08B1;
    26841 : 03FC;
    26842 : FFDD;
    26843 : FDE6;
    26844 : FCBC;
    26845 : FBFF;
    26846 : FC3E;
    26847 : FF80;
    26848 : 038E;
    26849 : 0468;
    26850 : 04B0;
    26851 : 058F;
    26852 : 0430;
    26853 : 03A2;
    26854 : 0504;
    26855 : 02B8;
    26856 : FE5A;
    26857 : FDBC;
    26858 : FF07;
    26859 : FF9D;
    26860 : 00E1;
    26861 : 02E1;
    26862 : 0402;
    26863 : 02B7;
    26864 : FF69;
    26865 : FDA5;
    26866 : FEA6;
    26867 : FFD0;
    26868 : 00A2;
    26869 : 0195;
    26870 : 0153;
    26871 : 00E9;
    26872 : 020C;
    26873 : 02AC;
    26874 : 01FD;
    26875 : 0181;
    26876 : FFBC;
    26877 : FC3F;
    26878 : FBA3;
    26879 : FFAB;
    26880 : 033D;
    26881 : 035C;
    26882 : 035F;
    26883 : 03C5;
    26884 : 016F;
    26885 : FEFD;
    26886 : FF74;
    26887 : FFA5;
    26888 : FEC4;
    26889 : FF1D;
    26890 : 0006;
    26891 : 0130;
    26892 : 0317;
    26893 : 03D1;
    26894 : 020F;
    26895 : FFF9;
    26896 : 0013;
    26897 : 011C;
    26898 : 0193;
    26899 : 02EB;
    26900 : 0392;
    26901 : 0164;
    26902 : 0076;
    26903 : 0248;
    26904 : 0263;
    26905 : 00D9;
    26906 : 0148;
    26907 : 02C1;
    26908 : 0228;
    26909 : 0035;
    26910 : FF7A;
    26911 : 0000;
    26912 : 0140;
    26913 : 02D5;
    26914 : 02A6;
    26915 : 0150;
    26916 : 01E7;
    26917 : 0313;
    26918 : 01F5;
    26919 : 001B;
    26920 : 001B;
    26921 : 00F1;
    26922 : 0074;
    26923 : FF2D;
    26924 : FF10;
    26925 : 01A5;
    26926 : 0609;
    26927 : 07A9;
    26928 : 05E7;
    26929 : 04DD;
    26930 : 0316;
    26931 : FFA8;
    26932 : 0066;
    26933 : 0420;
    26934 : 042B;
    26935 : 0223;
    26936 : 014D;
    26937 : FFD4;
    26938 : FE13;
    26939 : FEAD;
    26940 : 011D;
    26941 : 03B8;
    26942 : 05BE;
    26943 : 05A1;
    26944 : 0385;
    26945 : 0224;
    26946 : 0119;
    26947 : FECD;
    26948 : FDAA;
    26949 : FF05;
    26950 : 00E4;
    26951 : 0259;
    26952 : 039A;
    26953 : 0503;
    26954 : 06B3;
    26955 : 0791;
    26956 : 0665;
    26957 : 03BD;
    26958 : 0269;
    26959 : 0357;
    26960 : 044D;
    26961 : 0568;
    26962 : 0652;
    26963 : 0464;
    26964 : 0198;
    26965 : FF81;
    26966 : FD0B;
    26967 : FD63;
    26968 : FFE1;
    26969 : 00AD;
    26970 : 0308;
    26971 : 0636;
    26972 : 052B;
    26973 : 037C;
    26974 : 0360;
    26975 : 0195;
    26976 : FF77;
    26977 : FE3D;
    26978 : FCCD;
    26979 : FD95;
    26980 : 0107;
    26981 : 027B;
    26982 : 00F5;
    26983 : 001E;
    26984 : 0067;
    26985 : 00E5;
    26986 : 020C;
    26987 : 0259;
    26988 : 02E3;
    26989 : 04CF;
    26990 : 0303;
    26991 : FEE3;
    26992 : FE41;
    26993 : FD74;
    26994 : FBD7;
    26995 : FE74;
    26996 : 0282;
    26997 : 03C8;
    26998 : 032A;
    26999 : 0308;
    27000 : 0355;
    27001 : 017F;
    27002 : FF22;
    27003 : FD13;
    27004 : FA67;
    27005 : FC1F;
    27006 : FF6A;
    27007 : FF19;
    27008 : 0230;
    27009 : 044C;
    27010 : FDF4;
    27011 : FB2B;
    27012 : FEFE;
    27013 : 01CA;
    27014 : 05C7;
    27015 : 0A5C;
    27016 : 0B0E;
    27017 : 046B;
    27018 : F81E;
    27019 : F4DC;
    27020 : FBFF;
    27021 : FED5;
    27022 : 009A;
    27023 : 05F9;
    27024 : 04B2;
    27025 : FC84;
    27026 : F5C2;
    27027 : F423;
    27028 : F868;
    27029 : FE5D;
    27030 : 0249;
    27031 : 0629;
    27032 : 0A9A;
    27033 : 0CFA;
    27034 : 0BAD;
    27035 : 0777;
    27036 : 0294;
    27037 : FE4B;
    27038 : F9E8;
    27039 : F696;
    27040 : F79B;
    27041 : FB9D;
    27042 : FF20;
    27043 : 019E;
    27044 : 018C;
    27045 : FF7A;
    27046 : FE23;
    27047 : FCF1;
    27048 : FEA4;
    27049 : 0467;
    27050 : 07AE;
    27051 : 07BA;
    27052 : 0666;
    27053 : 0259;
    27054 : 001F;
    27055 : 01E8;
    27056 : 02DE;
    27057 : 00F5;
    27058 : FD54;
    27059 : FB3F;
    27060 : FBEA;
    27061 : FCBC;
    27062 : FDD7;
    27063 : 00E9;
    27064 : 0766;
    27065 : 0DC0;
    27066 : 0BEF;
    27067 : 063E;
    27068 : 0391;
    27069 : 0007;
    27070 : FCA6;
    27071 : F9C6;
    27072 : F34C;
    27073 : EFC0;
    27074 : F334;
    27075 : F98A;
    27076 : 01D6;
    27077 : 0A88;
    27078 : 130A;
    27079 : 17CB;
    27080 : 104E;
    27081 : 0168;
    27082 : F704;
    27083 : F357;
    27084 : F2C5;
    27085 : F297;
    27086 : F807;
    27087 : 0363;
    27088 : 05F3;
    27089 : FF1A;
    27090 : FC65;
    27091 : FD13;
    27092 : FD5E;
    27093 : FF54;
    27094 : FEB1;
    27095 : FAF1;
    27096 : FCB5;
    27097 : 029A;
    27098 : 0375;
    27099 : 02C0;
    27100 : 04A3;
    27101 : 01C2;
    27102 : FCD3;
    27103 : FE04;
    27104 : FF1D;
    27105 : FC7C;
    27106 : FB91;
    27107 : FBC5;
    27108 : F925;
    27109 : F56F;
    27110 : F703;
    27111 : FCFA;
    27112 : 012A;
    27113 : 057B;
    27114 : 07B9;
    27115 : 03B1;
    27116 : 00B3;
    27117 : FB8E;
    27118 : EF17;
    27119 : EB70;
    27120 : F4FF;
    27121 : FD59;
    27122 : 01DA;
    27123 : 04E0;
    27124 : 036F;
    27125 : FF37;
    27126 : FE8B;
    27127 : 00C4;
    27128 : FF5D;
    27129 : FCD6;
    27130 : FCA8;
    27131 : FA14;
    27132 : F78B;
    27133 : F924;
    27134 : FBC1;
    27135 : FDD5;
    27136 : FCAB;
    27137 : FA1E;
    27138 : FADB;
    27139 : F9E5;
    27140 : FB42;
    27141 : 0578;
    27142 : 0A74;
    27143 : 03F2;
    27144 : FCE7;
    27145 : F901;
    27146 : F6DD;
    27147 : F6E7;
    27148 : FACA;
    27149 : 00D6;
    27150 : 0255;
    27151 : 0069;
    27152 : FDEB;
    27153 : F940;
    27154 : F804;
    27155 : FA9C;
    27156 : FB21;
    27157 : FDC8;
    27158 : 0269;
    27159 : 0293;
    27160 : FFF8;
    27161 : FD05;
    27162 : FAD5;
    27163 : FA5B;
    27164 : FA41;
    27165 : FC5C;
    27166 : FFE9;
    27167 : 00B8;
    27168 : 00F3;
    27169 : 01BE;
    27170 : FFD4;
    27171 : FCF1;
    27172 : FCAB;
    27173 : FD24;
    27174 : FBCB;
    27175 : FB8B;
    27176 : FD98;
    27177 : FDF9;
    27178 : FE60;
    27179 : 01D3;
    27180 : 0379;
    27181 : 0165;
    27182 : FF44;
    27183 : FE36;
    27184 : FE87;
    27185 : FFE3;
    27186 : FF5F;
    27187 : FC96;
    27188 : FBCD;
    27189 : FE5E;
    27190 : 001F;
    27191 : 012C;
    27192 : 046A;
    27193 : 06E9;
    27194 : 07DA;
    27195 : 088D;
    27196 : 0443;
    27197 : FC48;
    27198 : F945;
    27199 : FABC;
    27200 : FC0C;
    27201 : FEA1;
    27202 : 034F;
    27203 : 06CB;
    27204 : 064E;
    27205 : 030B;
    27206 : 007A;
    27207 : FF31;
    27208 : FEB5;
    27209 : 000E;
    27210 : 005B;
    27211 : FD41;
    27212 : FD1E;
    27213 : 021B;
    27214 : 0422;
    27215 : 0220;
    27216 : 0162;
    27217 : 0039;
    27218 : FDC2;
    27219 : FE71;
    27220 : 01BD;
    27221 : 0416;
    27222 : 057A;
    27223 : 04DF;
    27224 : 012E;
    27225 : FF41;
    27226 : 0093;
    27227 : FEC7;
    27228 : FC0C;
    27229 : FF93;
    27230 : 0393;
    27231 : 0272;
    27232 : 01F2;
    27233 : 03D8;
    27234 : 03B2;
    27235 : 00D1;
    27236 : FF10;
    27237 : 0033;
    27238 : 0044;
    27239 : FFED;
    27240 : 0316;
    27241 : 030F;
    27242 : FDFE;
    27243 : FD8A;
    27244 : FF55;
    27245 : FDC1;
    27246 : FF21;
    27247 : 0250;
    27248 : 0142;
    27249 : 0102;
    27250 : 01F7;
    27251 : FD7C;
    27252 : F881;
    27253 : F966;
    27254 : FB38;
    27255 : FD2F;
    27256 : 02EA;
    27257 : 05AF;
    27258 : 016E;
    27259 : FE8A;
    27260 : FEF6;
    27261 : FD88;
    27262 : FD3B;
    27263 : 0087;
    27264 : 0203;
    27265 : FFF4;
    27266 : FD2C;
    27267 : FA97;
    27268 : F8CA;
    27269 : F7FC;
    27270 : F869;
    27271 : FA6F;
    27272 : FBA6;
    27273 : FDAF;
    27274 : 043C;
    27275 : 0716;
    27276 : 0154;
    27277 : FD00;
    27278 : F9D4;
    27279 : F1C2;
    27280 : F00C;
    27281 : FA86;
    27282 : 0502;
    27283 : 09A4;
    27284 : 09EC;
    27285 : 0557;
    27286 : FE4A;
    27287 : F6E4;
    27288 : F19A;
    27289 : F4DB;
    27290 : FDF0;
    27291 : 02A5;
    27292 : 02C4;
    27293 : 0101;
    27294 : FC89;
    27295 : FA47;
    27296 : FB56;
    27297 : FA71;
    27298 : FBCD;
    27299 : 0164;
    27300 : 0390;
    27301 : 0565;
    27302 : 0A83;
    27303 : 080A;
    27304 : FD25;
    27305 : F742;
    27306 : F860;
    27307 : F9F3;
    27308 : FC7C;
    27309 : 00C6;
    27310 : 02C6;
    27311 : 0224;
    27312 : FFD5;
    27313 : F974;
    27314 : F40D;
    27315 : F78D;
    27316 : FE79;
    27317 : 0318;
    27318 : 094A;
    27319 : 0D21;
    27320 : 082F;
    27321 : 01CC;
    27322 : FF3C;
    27323 : FB6E;
    27324 : F745;
    27325 : F6EF;
    27326 : F857;
    27327 : FBD6;
    27328 : 036C;
    27329 : 09CD;
    27330 : 09B0;
    27331 : 053C;
    27332 : 00DB;
    27333 : FC93;
    27334 : F828;
    27335 : FB72;
    27336 : 0783;
    27337 : 0CFA;
    27338 : 0846;
    27339 : 0372;
    27340 : FBCD;
    27341 : F2D1;
    27342 : F653;
    27343 : 0108;
    27344 : 04CF;
    27345 : 05C6;
    27346 : 07F6;
    27347 : 05E1;
    27348 : 01DC;
    27349 : 012A;
    27350 : 00D1;
    27351 : FF8A;
    27352 : 00B8;
    27353 : 02A1;
    27354 : 01B1;
    27355 : 000E;
    27356 : 0037;
    27357 : 0015;
    27358 : FD95;
    27359 : FA92;
    27360 : FA19;
    27361 : FD6A;
    27362 : 030B;
    27363 : 0739;
    27364 : 09B8;
    27365 : 0B76;
    27366 : 06F1;
    27367 : FDE9;
    27368 : FB84;
    27369 : FDAA;
    27370 : FE7A;
    27371 : 026D;
    27372 : 0616;
    27373 : 02AB;
    27374 : FD1E;
    27375 : FA4B;
    27376 : FB2E;
    27377 : FFAA;
    27378 : 0543;
    27379 : 0BAD;
    27380 : 105A;
    27381 : 0E49;
    27382 : 06D7;
    27383 : FDF5;
    27384 : F89A;
    27385 : F979;
    27386 : FABA;
    27387 : FCD6;
    27388 : 04E9;
    27389 : 098B;
    27390 : 059D;
    27391 : 035E;
    27392 : 026C;
    27393 : FCC0;
    27394 : F94A;
    27395 : FB42;
    27396 : FE74;
    27397 : 0681;
    27398 : 11E0;
    27399 : 140A;
    27400 : 0BD2;
    27401 : 022D;
    27402 : F9BD;
    27403 : F2FE;
    27404 : F1D3;
    27405 : F8EB;
    27406 : 0304;
    27407 : 063B;
    27408 : 043A;
    27409 : 04A2;
    27410 : 03C9;
    27411 : FFA8;
    27412 : FF40;
    27413 : 01C4;
    27414 : 01A1;
    27415 : 0163;
    27416 : 0491;
    27417 : 0774;
    27418 : 06CB;
    27419 : 05B2;
    27420 : 0399;
    27421 : FCBE;
    27422 : F819;
    27423 : FB8E;
    27424 : FFF0;
    27425 : 03B1;
    27426 : 096C;
    27427 : 07F0;
    27428 : FF00;
    27429 : FE68;
    27430 : 044E;
    27431 : 02DD;
    27432 : 00EF;
    27433 : 0493;
    27434 : 00B8;
    27435 : F82C;
    27436 : FB23;
    27437 : 01F0;
    27438 : 002D;
    27439 : FE56;
    27440 : 00E9;
    27441 : 00DA;
    27442 : 0148;
    27443 : 0893;
    27444 : 0FD1;
    27445 : 1048;
    27446 : 0DE2;
    27447 : 09A7;
    27448 : 015E;
    27449 : FB47;
    27450 : FC68;
    27451 : FEF8;
    27452 : FEF4;
    27453 : FF12;
    27454 : FE82;
    27455 : FB61;
    27456 : FADF;
    27457 : FF2E;
    27458 : 0213;
    27459 : 0307;
    27460 : 056F;
    27461 : 05C4;
    27462 : 035A;
    27463 : 0218;
    27464 : 00CE;
    27465 : FF54;
    27466 : FF14;
    27467 : FD2A;
    27468 : FB2D;
    27469 : FD6E;
    27470 : 0054;
    27471 : 01FF;
    27472 : 05E0;
    27473 : 06FB;
    27474 : 009B;
    27475 : FC81;
    27476 : FFA3;
    27477 : 01D6;
    27478 : 0353;
    27479 : 0784;
    27480 : 06EC;
    27481 : 00A1;
    27482 : FC08;
    27483 : F87A;
    27484 : F637;
    27485 : F98B;
    27486 : FE9E;
    27487 : 0232;
    27488 : 06E5;
    27489 : 08E6;
    27490 : 0540;
    27491 : 031F;
    27492 : 03A4;
    27493 : 0106;
    27494 : FE69;
    27495 : FDF8;
    27496 : FADE;
    27497 : F88E;
    27498 : FBE7;
    27499 : 0065;
    27500 : 02B4;
    27501 : 0239;
    27502 : FF46;
    27503 : FD26;
    27504 : FB62;
    27505 : FA7B;
    27506 : FF7E;
    27507 : 0599;
    27508 : 041B;
    27509 : FEC7;
    27510 : FB0D;
    27511 : F6FA;
    27512 : F4E2;
    27513 : FB2B;
    27514 : 03C3;
    27515 : 0363;
    27516 : FEC6;
    27517 : FD35;
    27518 : FAC6;
    27519 : F9A2;
    27520 : FE6A;
    27521 : 02CD;
    27522 : 02AD;
    27523 : FF8C;
    27524 : FB29;
    27525 : F955;
    27526 : F9B7;
    27527 : FAF3;
    27528 : FFB1;
    27529 : 0414;
    27530 : 0295;
    27531 : FE37;
    27532 : FB87;
    27533 : FC36;
    27534 : FDAD;
    27535 : FC88;
    27536 : FBD8;
    27537 : FD45;
    27538 : FDE8;
    27539 : FE2B;
    27540 : FEE1;
    27541 : FFB8;
    27542 : FFF4;
    27543 : FD0C;
    27544 : FA33;
    27545 : FC98;
    27546 : 002E;
    27547 : 0101;
    27548 : 01B3;
    27549 : 01C3;
    27550 : FDC3;
    27551 : F92B;
    27552 : FB4F;
    27553 : 013E;
    27554 : 0252;
    27555 : 0096;
    27556 : FFD1;
    27557 : FC96;
    27558 : F9D7;
    27559 : FD57;
    27560 : 029E;
    27561 : 0498;
    27562 : 040B;
    27563 : 00D6;
    27564 : FBFA;
    27565 : FA39;
    27566 : FCDC;
    27567 : 00F9;
    27568 : 0553;
    27569 : 06C5;
    27570 : 01A8;
    27571 : FB82;
    27572 : F946;
    27573 : F78A;
    27574 : F91B;
    27575 : 0180;
    27576 : 06EB;
    27577 : 0458;
    27578 : 023A;
    27579 : 02D4;
    27580 : 0145;
    27581 : FEF2;
    27582 : FE40;
    27583 : FD1A;
    27584 : FCC1;
    27585 : FEB7;
    27586 : FF6A;
    27587 : 0068;
    27588 : 0441;
    27589 : 03E8;
    27590 : FDF7;
    27591 : FA1A;
    27592 : F92F;
    27593 : FA09;
    27594 : FD81;
    27595 : 0086;
    27596 : 0223;
    27597 : 02DB;
    27598 : 015F;
    27599 : 004D;
    27600 : 0051;
    27601 : FF15;
    27602 : FF36;
    27603 : FFBF;
    27604 : FD38;
    27605 : FD6A;
    27606 : 01B5;
    27607 : 0178;
    27608 : FD4B;
    27609 : FB38;
    27610 : F98C;
    27611 : F8A2;
    27612 : FC6A;
    27613 : 01DB;
    27614 : 043F;
    27615 : 03F6;
    27616 : 021A;
    27617 : FF2D;
    27618 : FCD9;
    27619 : FCD6;
    27620 : FECC;
    27621 : 00F0;
    27622 : 01DB;
    27623 : FFE3;
    27624 : FBD9;
    27625 : FA2B;
    27626 : FB3C;
    27627 : FCB7;
    27628 : FF4F;
    27629 : 01AB;
    27630 : 01DB;
    27631 : 0179;
    27632 : 00FC;
    27633 : 011A;
    27634 : 0202;
    27635 : 00B7;
    27636 : FEA6;
    27637 : FDF7;
    27638 : FC51;
    27639 : FBBE;
    27640 : FCFD;
    27641 : FC80;
    27642 : FE99;
    27643 : 0226;
    27644 : FC6C;
    27645 : F633;
    27646 : FD68;
    27647 : 04AE;
    27648 : 026B;
    27649 : 02F5;
    27650 : 03DF;
    27651 : FB86;
    27652 : F72A;
    27653 : FD49;
    27654 : FF79;
    27655 : FD12;
    27656 : FE50;
    27657 : FE42;
    27658 : FCB4;
    27659 : FFC8;
    27660 : 0124;
    27661 : FDA9;
    27662 : FE3B;
    27663 : 0160;
    27664 : 009B;
    27665 : FFB3;
    27666 : FE6E;
    27667 : FB3A;
    27668 : FE56;
    27669 : 0529;
    27670 : 0466;
    27671 : 003C;
    27672 : FDE9;
    27673 : FA3C;
    27674 : F988;
    27675 : FDF4;
    27676 : 0048;
    27677 : 0018;
    27678 : FFE5;
    27679 : FDA2;
    27680 : FC93;
    27681 : FF73;
    27682 : FF9A;
    27683 : FC91;
    27684 : FE1E;
    27685 : 0085;
    27686 : FD23;
    27687 : FBBE;
    27688 : FF68;
    27689 : FF94;
    27690 : FEB4;
    27691 : 0233;
    27692 : 024F;
    27693 : FD2B;
    27694 : FBFD;
    27695 : FEF8;
    27696 : FFED;
    27697 : FFD2;
    27698 : 00E2;
    27699 : FF7E;
    27700 : FAA3;
    27701 : F8AD;
    27702 : FB80;
    27703 : FCB0;
    27704 : FC2F;
    27705 : FF53;
    27706 : 0170;
    27707 : FEA5;
    27708 : FF97;
    27709 : 04B0;
    27710 : 0469;
    27711 : 026A;
    27712 : 0286;
    27713 : FCB6;
    27714 : F7AD;
    27715 : FFD0;
    27716 : 0768;
    27717 : 02B1;
    27718 : FF07;
    27719 : FF3D;
    27720 : F90A;
    27721 : F53F;
    27722 : FC3D;
    27723 : 0076;
    27724 : FDBA;
    27725 : FEF5;
    27726 : 0198;
    27727 : 0048;
    27728 : 0261;
    27729 : 06EA;
    27730 : 0493;
    27731 : FF3D;
    27732 : FD79;
    27733 : FB3B;
    27734 : F8D4;
    27735 : FCC5;
    27736 : 0332;
    27737 : 0394;
    27738 : 0026;
    27739 : FE08;
    27740 : FBD5;
    27741 : F9CE;
    27742 : FB90;
    27743 : FFB9;
    27744 : 0312;
    27745 : 0697;
    27746 : 0965;
    27747 : 06B2;
    27748 : 005A;
    27749 : FDF3;
    27750 : FE0A;
    27751 : FA6E;
    27752 : F7C2;
    27753 : FAE0;
    27754 : FD0D;
    27755 : FCCB;
    27756 : 00A9;
    27757 : 04B1;
    27758 : 0334;
    27759 : 021D;
    27760 : 0257;
    27761 : FEA6;
    27762 : FC83;
    27763 : 0026;
    27764 : 01B5;
    27765 : FEE0;
    27766 : FCCE;
    27767 : FB2E;
    27768 : FA15;
    27769 : FD12;
    27770 : 0174;
    27771 : 02BC;
    27772 : 0266;
    27773 : 014F;
    27774 : FEDC;
    27775 : FEDD;
    27776 : 0364;
    27777 : 07BE;
    27778 : 078A;
    27779 : 0304;
    27780 : FD8D;
    27781 : FAC7;
    27782 : FB41;
    27783 : FEAD;
    27784 : 03EF;
    27785 : 0584;
    27786 : 01C8;
    27787 : FED9;
    27788 : FE29;
    27789 : FDC2;
    27790 : 00A1;
    27791 : 0546;
    27792 : 056C;
    27793 : 0280;
    27794 : 006B;
    27795 : FE97;
    27796 : FD91;
    27797 : FE6B;
    27798 : FF76;
    27799 : FF0A;
    27800 : FD5D;
    27801 : FC5D;
    27802 : FCED;
    27803 : FE29;
    27804 : 0116;
    27805 : 0471;
    27806 : 0333;
    27807 : FF48;
    27808 : FED6;
    27809 : 00CD;
    27810 : 0203;
    27811 : 02A1;
    27812 : 01F4;
    27813 : FEE7;
    27814 : FB09;
    27815 : FA44;
    27816 : FE5B;
    27817 : 033A;
    27818 : 058A;
    27819 : 05E5;
    27820 : 0378;
    27821 : FFDD;
    27822 : FF9D;
    27823 : 00DD;
    27824 : 00C5;
    27825 : 01D3;
    27826 : 02BC;
    27827 : 0090;
    27828 : FE9F;
    27829 : FF25;
    27830 : 0055;
    27831 : 01B4;
    27832 : 02A3;
    27833 : 0240;
    27834 : 0199;
    27835 : 015C;
    27836 : 0150;
    27837 : 0161;
    27838 : 019D;
    27839 : 024A;
    27840 : 0256;
    27841 : 011D;
    27842 : 00B6;
    27843 : 0104;
    27844 : FF80;
    27845 : FD66;
    27846 : FE00;
    27847 : 0190;
    27848 : 0479;
    27849 : 03E2;
    27850 : 0376;
    27851 : 051F;
    27852 : 0292;
    27853 : FCDB;
    27854 : FD2A;
    27855 : 0105;
    27856 : 012A;
    27857 : 0097;
    27858 : 0190;
    27859 : 00DC;
    27860 : FF2C;
    27861 : FF8A;
    27862 : 02E3;
    27863 : 06EC;
    27864 : 06F4;
    27865 : 03EE;
    27866 : 0265;
    27867 : 0000;
    27868 : FBA7;
    27869 : FC4E;
    27870 : 029D;
    27871 : 0638;
    27872 : 04A2;
    27873 : 025A;
    27874 : 00B8;
    27875 : FE9F;
    27876 : FE7D;
    27877 : 01D1;
    27878 : 0456;
    27879 : 03B1;
    27880 : 0293;
    27881 : 01AD;
    27882 : 011E;
    27883 : 0266;
    27884 : 0335;
    27885 : 0210;
    27886 : 0211;
    27887 : 02D0;
    27888 : 0218;
    27889 : 01AA;
    27890 : 01EC;
    27891 : 01EF;
    27892 : 02C1;
    27893 : 0304;
    27894 : 0124;
    27895 : FF9B;
    27896 : FF6E;
    27897 : FF99;
    27898 : 0119;
    27899 : 03AB;
    27900 : 0529;
    27901 : 058B;
    27902 : 059B;
    27903 : 0529;
    27904 : 0485;
    27905 : 03FB;
    27906 : 033F;
    27907 : 033B;
    27908 : 042E;
    27909 : 0335;
    27910 : 0008;
    27911 : FEFB;
    27912 : 0012;
    27913 : 000D;
    27914 : 00AD;
    27915 : 02E0;
    27916 : 0345;
    27917 : 01E1;
    27918 : 00A2;
    27919 : FFA6;
    27920 : FF23;
    27921 : FDA7;
    27922 : FC71;
    27923 : 00DB;
    27924 : 077F;
    27925 : 08CC;
    27926 : 0728;
    27927 : 0567;
    27928 : 0247;
    27929 : 00C5;
    27930 : 01A0;
    27931 : 021B;
    27932 : 035C;
    27933 : 040F;
    27934 : 0222;
    27935 : 01A8;
    27936 : 02AE;
    27937 : 01D7;
    27938 : 0218;
    27939 : 03FE;
    27940 : 038A;
    27941 : 01DE;
    27942 : 0113;
    27943 : 00A8;
    27944 : 00CE;
    27945 : FFBE;
    27946 : FD4E;
    27947 : FEA0;
    27948 : 033F;
    27949 : 042E;
    27950 : 01CC;
    27951 : 010F;
    27952 : FFB2;
    27953 : FB17;
    27954 : F862;
    27955 : FA69;
    27956 : FD4B;
    27957 : FF71;
    27958 : 0190;
    27959 : 033C;
    27960 : 04A8;
    27961 : 038A;
    27962 : FF49;
    27963 : FF32;
    27964 : 0402;
    27965 : 052E;
    27966 : 0387;
    27967 : 0305;
    27968 : FFDD;
    27969 : FC17;
    27970 : FC7D;
    27971 : FD2D;
    27972 : FDA9;
    27973 : 00BF;
    27974 : 025A;
    27975 : 0276;
    27976 : 04E1;
    27977 : 04B1;
    27978 : FF75;
    27979 : FC27;
    27980 : FCA0;
    27981 : FCC2;
    27982 : FC25;
    27983 : FC95;
    27984 : FF03;
    27985 : 027F;
    27986 : 03A2;
    27987 : 014C;
    27988 : FE33;
    27989 : FC11;
    27990 : FB36;
    27991 : FB8D;
    27992 : FBA6;
    27993 : FBD6;
    27994 : FE1A;
    27995 : 009A;
    27996 : 00F0;
    27997 : 0132;
    27998 : 0271;
    27999 : 02FA;
    28000 : 023F;
    28001 : FF15;
    28002 : FA3A;
    28003 : F938;
    28004 : FC43;
    28005 : FDA9;
    28006 : FEE7;
    28007 : 02E9;
    28008 : 035C;
    28009 : FD9A;
    28010 : F9F7;
    28011 : FC33;
    28012 : FF21;
    28013 : 00B6;
    28014 : 0181;
    28015 : FEB8;
    28016 : FA25;
    28017 : FAD5;
    28018 : FF76;
    28019 : 01B3;
    28020 : 02C5;
    28021 : 03DB;
    28022 : 0114;
    28023 : FC42;
    28024 : FAE3;
    28025 : FC86;
    28026 : FE1D;
    28027 : FE99;
    28028 : FE93;
    28029 : FEFD;
    28030 : FEAA;
    28031 : FE0E;
    28032 : 00B2;
    28033 : 042B;
    28034 : 0341;
    28035 : 00FF;
    28036 : 0096;
    28037 : FEEC;
    28038 : FC8C;
    28039 : FC05;
    28040 : FB60;
    28041 : FB24;
    28042 : FCDE;
    28043 : FCDC;
    28044 : FBFC;
    28045 : FEF9;
    28046 : 0137;
    28047 : FF4C;
    28048 : FFF5;
    28049 : 02E3;
    28050 : 01B8;
    28051 : FFCD;
    28052 : 0030;
    28053 : FF37;
    28054 : FE47;
    28055 : FF46;
    28056 : FF1E;
    28057 : FE9C;
    28058 : FF31;
    28059 : FE9D;
    28060 : FDF4;
    28061 : FDE9;
    28062 : FBC9;
    28063 : FA0F;
    28064 : FC2D;
    28065 : FEE2;
    28066 : 002E;
    28067 : 0174;
    28068 : 0006;
    28069 : FA71;
    28070 : F794;
    28071 : FB75;
    28072 : FF80;
    28073 : FFF4;
    28074 : 00A4;
    28075 : 00F0;
    28076 : FE5A;
    28077 : FC30;
    28078 : FC2C;
    28079 : FDB3;
    28080 : 014F;
    28081 : 033E;
    28082 : 00D9;
    28083 : FDC1;
    28084 : FA39;
    28085 : F715;
    28086 : FAB7;
    28087 : 022D;
    28088 : 0411;
    28089 : 01FC;
    28090 : 00AA;
    28091 : FDE2;
    28092 : FA55;
    28093 : FC27;
    28094 : 038A;
    28095 : 081C;
    28096 : 055D;
    28097 : 010E;
    28098 : FF27;
    28099 : FCFA;
    28100 : FBDF;
    28101 : FF2D;
    28102 : 027E;
    28103 : 00F1;
    28104 : FDA5;
    28105 : FC6D;
    28106 : FC8C;
    28107 : FE4B;
    28108 : 01D0;
    28109 : 01EB;
    28110 : FD90;
    28111 : FBFD;
    28112 : FDD1;
    28113 : FEC4;
    28114 : 019F;
    28115 : 0596;
    28116 : 047F;
    28117 : 00D0;
    28118 : FE60;
    28119 : FC64;
    28120 : FD8E;
    28121 : 0148;
    28122 : 0276;
    28123 : 0279;
    28124 : 01FD;
    28125 : FE56;
    28126 : FC47;
    28127 : FF79;
    28128 : 0300;
    28129 : 04AF;
    28130 : 0586;
    28131 : 02BB;
    28132 : FC1F;
    28133 : F91A;
    28134 : FDC9;
    28135 : 02A9;
    28136 : 0269;
    28137 : 0204;
    28138 : 00BE;
    28139 : FAF2;
    28140 : F9AB;
    28141 : 002E;
    28142 : 02F3;
    28143 : 00DD;
    28144 : FFE2;
    28145 : FC78;
    28146 : F89E;
    28147 : FC65;
    28148 : 02D5;
    28149 : 03DD;
    28150 : 0209;
    28151 : FFE5;
    28152 : FC7D;
    28153 : FA44;
    28154 : FB5A;
    28155 : FE36;
    28156 : 025B;
    28157 : 0670;
    28158 : 05C5;
    28159 : 014F;
    28160 : FEDF;
    28161 : FD33;
    28162 : FAD7;
    28163 : FCDD;
    28164 : 0079;
    28165 : FE76;
    28166 : FB7C;
    28167 : FC37;
    28168 : FCC3;
    28169 : FDE7;
    28170 : 01B1;
    28171 : 02FF;
    28172 : FFB3;
    28173 : FBB5;
    28174 : F9AB;
    28175 : FA44;
    28176 : FC3E;
    28177 : FD3D;
    28178 : FC87;
    28179 : FACB;
    28180 : FB05;
    28181 : FEBF;
    28182 : 0154;
    28183 : 017C;
    28184 : 02BC;
    28185 : 00E7;
    28186 : F9F7;
    28187 : F7B5;
    28188 : FB1A;
    28189 : FBAD;
    28190 : FBAB;
    28191 : FD53;
    28192 : FBA0;
    28193 : FAFB;
    28194 : FF98;
    28195 : 014F;
    28196 : FEB2;
    28197 : FD92;
    28198 : FC01;
    28199 : F92C;
    28200 : F8CA;
    28201 : FADE;
    28202 : FEFA;
    28203 : 0256;
    28204 : 001A;
    28205 : FC4F;
    28206 : FB61;
    28207 : F9B4;
    28208 : F8A0;
    28209 : FC23;
    28210 : 00ED;
    28211 : 03E6;
    28212 : 03E8;
    28213 : 0092;
    28214 : FEDA;
    28215 : FFCE;
    28216 : FDC8;
    28217 : FA84;
    28218 : FB35;
    28219 : FD39;
    28220 : FD59;
    28221 : FCFB;
    28222 : FD69;
    28223 : FED7;
    28224 : 00EA;
    28225 : 01E2;
    28226 : 0028;
    28227 : FDB2;
    28228 : FDFE;
    28229 : 0003;
    28230 : 0144;
    28231 : 0223;
    28232 : 0121;
    28233 : FDC6;
    28234 : FC9D;
    28235 : FE2D;
    28236 : FF91;
    28237 : 0152;
    28238 : 01AC;
    28239 : FEFC;
    28240 : FD9E;
    28241 : FEAB;
    28242 : FFA8;
    28243 : 01A6;
    28244 : 03D0;
    28245 : 03C2;
    28246 : 02F8;
    28247 : 026B;
    28248 : 0193;
    28249 : 00CA;
    28250 : 0065;
    28251 : 019B;
    28252 : 0341;
    28253 : 0254;
    28254 : 01EE;
    28255 : 048E;
    28256 : 0576;
    28257 : 041B;
    28258 : 03F5;
    28259 : 035E;
    28260 : 01B5;
    28261 : 0164;
    28262 : 0208;
    28263 : 036D;
    28264 : 05EF;
    28265 : 071B;
    28266 : 05D5;
    28267 : 03E6;
    28268 : 02B9;
    28269 : 033E;
    28270 : 05BB;
    28271 : 0865;
    28272 : 0865;
    28273 : 0516;
    28274 : 01B1;
    28275 : 00F4;
    28276 : 016B;
    28277 : 017E;
    28278 : 028D;
    28279 : 0564;
    28280 : 0786;
    28281 : 06DD;
    28282 : 05C9;
    28283 : 0665;
    28284 : 06A6;
    28285 : 0632;
    28286 : 05C6;
    28287 : 033A;
    28288 : 0103;
    28289 : 038C;
    28290 : 062A;
    28291 : 060B;
    28292 : 07C3;
    28293 : 082E;
    28294 : 03A5;
    28295 : 020C;
    28296 : 0516;
    28297 : 05AE;
    28298 : 0597;
    28299 : 070E;
    28300 : 05B7;
    28301 : 0454;
    28302 : 0690;
    28303 : 0701;
    28304 : 04EB;
    28305 : 04FA;
    28306 : 056C;
    28307 : 0494;
    28308 : 04E1;
    28309 : 0635;
    28310 : 07FF;
    28311 : 091D;
    28312 : 0659;
    28313 : 023D;
    28314 : 0173;
    28315 : 013E;
    28316 : 001C;
    28317 : 01EF;
    28318 : 058E;
    28319 : 0684;
    28320 : 0535;
    28321 : 03F6;
    28322 : 03AB;
    28323 : 042D;
    28324 : 03E3;
    28325 : 0206;
    28326 : 00CC;
    28327 : 01A1;
    28328 : 0269;
    28329 : 01EB;
    28330 : 01C6;
    28331 : 0198;
    28332 : 0033;
    28333 : 0000;
    28334 : 018F;
    28335 : 01AF;
    28336 : 00C3;
    28337 : 0142;
    28338 : 022D;
    28339 : 01BD;
    28340 : 0017;
    28341 : FF52;
    28342 : 00FE;
    28343 : 0294;
    28344 : 026D;
    28345 : 02A8;
    28346 : 0272;
    28347 : 0031;
    28348 : FE53;
    28349 : FDBF;
    28350 : FE42;
    28351 : 015E;
    28352 : 04E6;
    28353 : 059E;
    28354 : 04D6;
    28355 : 030F;
    28356 : FF31;
    28357 : FC60;
    28358 : FE1A;
    28359 : 0135;
    28360 : 00FE;
    28361 : FF5F;
    28362 : FF11;
    28363 : FDA2;
    28364 : FBFD;
    28365 : FE0A;
    28366 : 00E7;
    28367 : 01D1;
    28368 : 02C1;
    28369 : 028C;
    28370 : 0098;
    28371 : FF10;
    28372 : FD60;
    28373 : FD29;
    28374 : FFF6;
    28375 : 0142;
    28376 : 010C;
    28377 : 026B;
    28378 : 02AC;
    28379 : 0281;
    28380 : 0354;
    28381 : 00BC;
    28382 : FDD8;
    28383 : FFC4;
    28384 : 012C;
    28385 : 01B5;
    28386 : 05F8;
    28387 : 0852;
    28388 : 0472;
    28389 : FFA2;
    28390 : FD84;
    28391 : FD9B;
    28392 : FE5A;
    28393 : FED6;
    28394 : FFED;
    28395 : 0126;
    28396 : 0236;
    28397 : 03A4;
    28398 : 033D;
    28399 : 01D4;
    28400 : 01BF;
    28401 : FF70;
    28402 : FCB4;
    28403 : 0052;
    28404 : 0524;
    28405 : 04B5;
    28406 : 032E;
    28407 : 01CB;
    28408 : FE6A;
    28409 : FC01;
    28410 : FCE1;
    28411 : 005D;
    28412 : 044F;
    28413 : 05A4;
    28414 : 051B;
    28415 : 0454;
    28416 : 0272;
    28417 : 009B;
    28418 : FED7;
    28419 : FC39;
    28420 : FCBB;
    28421 : 0029;
    28422 : 00DE;
    28423 : 00B7;
    28424 : 02D1;
    28425 : 045E;
    28426 : 0542;
    28427 : 0544;
    28428 : 0262;
    28429 : 00B3;
    28430 : 01EF;
    28431 : 01C1;
    28432 : 0234;
    28433 : 053A;
    28434 : 053B;
    28435 : 022A;
    28436 : 0023;
    28437 : FE37;
    28438 : FDAA;
    28439 : 0043;
    28440 : 0197;
    28441 : 00C1;
    28442 : 0108;
    28443 : 0142;
    28444 : 0146;
    28445 : 02B3;
    28446 : 036F;
    28447 : 03ED;
    28448 : 0589;
    28449 : 037F;
    28450 : FDF2;
    28451 : FC48;
    28452 : FE18;
    28453 : FEC5;
    28454 : FFE6;
    28455 : 017D;
    28456 : 0039;
    28457 : FE45;
    28458 : FF23;
    28459 : 0115;
    28460 : 01FA;
    28461 : 01F2;
    28462 : 00D7;
    28463 : FEF9;
    28464 : FD1C;
    28465 : FBA8;
    28466 : FC90;
    28467 : FFE2;
    28468 : 00DD;
    28469 : FECF;
    28470 : FDD8;
    28471 : FCBB;
    28472 : FAED;
    28473 : FDC3;
    28474 : 02B0;
    28475 : 02C9;
    28476 : 012C;
    28477 : 0092;
    28478 : FE30;
    28479 : FD6A;
    28480 : 0049;
    28481 : 0030;
    28482 : FC85;
    28483 : FB5D;
    28484 : FBFD;
    28485 : FBAE;
    28486 : FDE5;
    28487 : 0210;
    28488 : 000B;
    28489 : F966;
    28490 : F905;
    28491 : FD0B;
    28492 : FE4F;
    28493 : 01B3;
    28494 : 063C;
    28495 : 02C2;
    28496 : FCFF;
    28497 : FBE7;
    28498 : F9EF;
    28499 : F8C6;
    28500 : FBD9;
    28501 : FC1E;
    28502 : FADB;
    28503 : FE97;
    28504 : 01DD;
    28505 : 00DD;
    28506 : 001B;
    28507 : 00A3;
    28508 : 0161;
    28509 : 019B;
    28510 : FF97;
    28511 : FCB9;
    28512 : FB81;
    28513 : FBF4;
    28514 : FD36;
    28515 : FDB8;
    28516 : FD4A;
    28517 : FDCF;
    28518 : FF80;
    28519 : 01A1;
    28520 : 02FC;
    28521 : 01B7;
    28522 : FF48;
    28523 : FD89;
    28524 : FB20;
    28525 : F91B;
    28526 : FA76;
    28527 : FE87;
    28528 : 0205;
    28529 : 0266;
    28530 : 0107;
    28531 : 0027;
    28532 : FE42;
    28533 : FD45;
    28534 : 00F1;
    28535 : 0343;
    28536 : FFA8;
    28537 : FC64;
    28538 : FBC3;
    28539 : FB6B;
    28540 : FCB7;
    28541 : FDEE;
    28542 : FCEC;
    28543 : FD26;
    28544 : FEC8;
    28545 : FF40;
    28546 : FFDB;
    28547 : 00DF;
    28548 : 0128;
    28549 : 0088;
    28550 : FD80;
    28551 : F9CA;
    28552 : F9BE;
    28553 : FB96;
    28554 : FCF9;
    28555 : 0052;
    28556 : 02B0;
    28557 : FED6;
    28558 : FA5E;
    28559 : FBB2;
    28560 : FDEF;
    28561 : FD89;
    28562 : FE1A;
    28563 : FE9D;
    28564 : FC7B;
    28565 : FBB2;
    28566 : FDA4;
    28567 : FECD;
    28568 : FF96;
    28569 : 00C6;
    28570 : 0047;
    28571 : FF1B;
    28572 : FECA;
    28573 : FDBC;
    28574 : FCCB;
    28575 : FE5F;
    28576 : 0071;
    28577 : FFD6;
    28578 : FD9F;
    28579 : FC52;
    28580 : FC48;
    28581 : FD9C;
    28582 : 0047;
    28583 : 01F0;
    28584 : 0134;
    28585 : FFC7;
    28586 : FE65;
    28587 : FCF4;
    28588 : FCAA;
    28589 : FDA2;
    28590 : FED0;
    28591 : FFA7;
    28592 : FFD4;
    28593 : FFB0;
    28594 : FFF9;
    28595 : 01B0;
    28596 : 03F9;
    28597 : 01C5;
    28598 : FB62;
    28599 : F93E;
    28600 : FB72;
    28601 : FC96;
    28602 : FFD5;
    28603 : 04A2;
    28604 : 042C;
    28605 : 0110;
    28606 : FEF9;
    28607 : FCB5;
    28608 : FD79;
    28609 : FFE8;
    28610 : FF02;
    28611 : FFC8;
    28612 : 02D7;
    28613 : 00A9;
    28614 : FD4E;
    28615 : FE6E;
    28616 : FF49;
    28617 : FF94;
    28618 : 01C5;
    28619 : 0204;
    28620 : FFC0;
    28621 : FE7B;
    28622 : FE8A;
    28623 : FF5C;
    28624 : 0048;
    28625 : 0007;
    28626 : FEDC;
    28627 : FE07;
    28628 : FF1A;
    28629 : 0190;
    28630 : 01BB;
    28631 : FF3B;
    28632 : FD87;
    28633 : FCA7;
    28634 : FB01;
    28635 : FAA5;
    28636 : FD62;
    28637 : 0007;
    28638 : FF63;
    28639 : FDB4;
    28640 : FCCA;
    28641 : FB3E;
    28642 : FB17;
    28643 : FDC7;
    28644 : FFA5;
    28645 : 0091;
    28646 : 0195;
    28647 : 0028;
    28648 : FF2D;
    28649 : 0076;
    28650 : FDCE;
    28651 : F93D;
    28652 : F9AC;
    28653 : FB55;
    28654 : FC0E;
    28655 : FEE8;
    28656 : 010F;
    28657 : 019E;
    28658 : 022A;
    28659 : FFC0;
    28660 : FCFF;
    28661 : FE38;
    28662 : FF15;
    28663 : FF38;
    28664 : 0149;
    28665 : FFC4;
    28666 : FA14;
    28667 : F756;
    28668 : F852;
    28669 : FB1A;
    28670 : FE9E;
    28671 : 000D;
    28672 : 0124;
    28673 : 0404;
    28674 : 047C;
    28675 : 020A;
    28676 : 0014;
    28677 : FDCF;
    28678 : FBB8;
    28679 : FB7C;
    28680 : FAD5;
    28681 : FADD;
    28682 : FEEF;
    28683 : 02DE;
    28684 : 0298;
    28685 : 0199;
    28686 : 00C8;
    28687 : FD89;
    28688 : FBF0;
    28689 : FFA0;
    28690 : 0250;
    28691 : 00A6;
    28692 : FFB9;
    28693 : FF3C;
    28694 : FCD2;
    28695 : FD43;
    28696 : 0024;
    28697 : 0026;
    28698 : 011D;
    28699 : 04BC;
    28700 : 044C;
    28701 : 01B1;
    28702 : 020C;
    28703 : 0114;
    28704 : FE9B;
    28705 : 0013;
    28706 : 0276;
    28707 : 0193;
    28708 : 00A1;
    28709 : 017F;
    28710 : 025F;
    28711 : 0291;
    28712 : 0263;
    28713 : 023B;
    28714 : 0208;
    28715 : 01C1;
    28716 : 02A2;
    28717 : 047E;
    28718 : 053E;
    28719 : 0453;
    28720 : 0227;
    28721 : FF6A;
    28722 : FE6A;
    28723 : FFEF;
    28724 : 0189;
    28725 : 023B;
    28726 : 02FB;
    28727 : 02A6;
    28728 : 0097;
    28729 : 0049;
    28730 : 032E;
    28731 : 05BB;
    28732 : 06CB;
    28733 : 074D;
    28734 : 0572;
    28735 : 02A6;
    28736 : 02EF;
    28737 : 03A7;
    28738 : 01BC;
    28739 : 001D;
    28740 : FF1A;
    28741 : FD0F;
    28742 : FD3E;
    28743 : 014C;
    28744 : 0541;
    28745 : 05B8;
    28746 : 037C;
    28747 : 0199;
    28748 : 0085;
    28749 : FF98;
    28750 : 01D0;
    28751 : 0616;
    28752 : 0580;
    28753 : 0116;
    28754 : FE70;
    28755 : FCAD;
    28756 : FC07;
    28757 : FEF8;
    28758 : 02F9;
    28759 : 0562;
    28760 : 04E6;
    28761 : 00E7;
    28762 : FE2C;
    28763 : FEF1;
    28764 : FF4D;
    28765 : FF8D;
    28766 : FFEA;
    28767 : FE0E;
    28768 : FE76;
    28769 : 0252;
    28770 : 0328;
    28771 : 02F8;
    28772 : 045C;
    28773 : 00A9;
    28774 : F9BF;
    28775 : F8A6;
    28776 : FC89;
    28777 : 00F9;
    28778 : 0476;
    28779 : 0591;
    28780 : 04F1;
    28781 : 0285;
    28782 : FD4B;
    28783 : F9AD;
    28784 : FB39;
    28785 : FEC3;
    28786 : 0143;
    28787 : 0202;
    28788 : 0124;
    28789 : 005B;
    28790 : 0094;
    28791 : 017F;
    28792 : 0279;
    28793 : 0256;
    28794 : 0151;
    28795 : 0039;
    28796 : FF7B;
    28797 : 001E;
    28798 : 002F;
    28799 : FDBC;
    28800 : FC5E;
    28801 : FCA9;
    28802 : FBEB;
    28803 : FD54;
    28804 : 019E;
    28805 : 0478;
    28806 : 0608;
    28807 : 04F1;
    28808 : FF59;
    28809 : FBBC;
    28810 : FB9C;
    28811 : FA7A;
    28812 : FCC3;
    28813 : 036D;
    28814 : 0584;
    28815 : 02F9;
    28816 : 0185;
    28817 : 0092;
    28818 : FF89;
    28819 : FF2D;
    28820 : FF26;
    28821 : FFF7;
    28822 : 000C;
    28823 : FE57;
    28824 : FDF1;
    28825 : FF1D;
    28826 : FFEE;
    28827 : 018D;
    28828 : 0368;
    28829 : 02AE;
    28830 : 0019;
    28831 : FF19;
    28832 : 00B4;
    28833 : 01FE;
    28834 : 01A7;
    28835 : 0174;
    28836 : FFFD;
    28837 : FD8A;
    28838 : FF78;
    28839 : 03A2;
    28840 : 045C;
    28841 : 049F;
    28842 : 0503;
    28843 : 0216;
    28844 : FFA4;
    28845 : FF01;
    28846 : FCEF;
    28847 : FD16;
    28848 : FFC9;
    28849 : FF86;
    28850 : 0017;
    28851 : 0448;
    28852 : 04ED;
    28853 : 0245;
    28854 : 01FF;
    28855 : 0148;
    28856 : FED7;
    28857 : FE80;
    28858 : FE71;
    28859 : FD6E;
    28860 : FF08;
    28861 : 00D3;
    28862 : FF6A;
    28863 : FEED;
    28864 : 003C;
    28865 : 009D;
    28866 : 0236;
    28867 : 02C1;
    28868 : FD9C;
    28869 : FA1D;
    28870 : FD06;
    28871 : FEF9;
    28872 : 005D;
    28873 : 05A9;
    28874 : 088B;
    28875 : 0644;
    28876 : 032A;
    28877 : FF31;
    28878 : FCA0;
    28879 : FE07;
    28880 : FE20;
    28881 : FCD2;
    28882 : FEBE;
    28883 : 0050;
    28884 : FF8D;
    28885 : FFF1;
    28886 : 008B;
    28887 : 0096;
    28888 : 00A3;
    28889 : FE91;
    28890 : FCE7;
    28891 : FEBB;
    28892 : 000F;
    28893 : 0038;
    28894 : 0176;
    28895 : 0103;
    28896 : FF7D;
    28897 : FFDE;
    28898 : FF21;
    28899 : FD79;
    28900 : FF17;
    28901 : 0179;
    28902 : 01DD;
    28903 : 01E5;
    28904 : 00AA;
    28905 : FEB8;
    28906 : FFE1;
    28907 : 0233;
    28908 : 017A;
    28909 : FF4D;
    28910 : FDF5;
    28911 : FD1C;
    28912 : FD25;
    28913 : FE0A;
    28914 : FE88;
    28915 : FEAE;
    28916 : FF1C;
    28917 : FF66;
    28918 : FF76;
    28919 : FFD9;
    28920 : 0060;
    28921 : 007B;
    28922 : 0010;
    28923 : FF3A;
    28924 : FE58;
    28925 : FE00;
    28926 : FDFE;
    28927 : FDF0;
    28928 : FECF;
    28929 : 00EA;
    28930 : 018F;
    28931 : FF5E;
    28932 : FDE3;
    28933 : FEEF;
    28934 : FF61;
    28935 : FFB6;
    28936 : 02A3;
    28937 : 0328;
    28938 : FDFC;
    28939 : FAA8;
    28940 : FBFF;
    28941 : FC8C;
    28942 : FD2F;
    28943 : FF74;
    28944 : FEFF;
    28945 : FD81;
    28946 : FF06;
    28947 : 00A6;
    28948 : 019E;
    28949 : 02D2;
    28950 : 013A;
    28951 : FE9D;
    28952 : FDFF;
    28953 : FC6C;
    28954 : FB53;
    28955 : FD75;
    28956 : FE3B;
    28957 : FD2F;
    28958 : FD90;
    28959 : FCFC;
    28960 : FC88;
    28961 : FF57;
    28962 : 0136;
    28963 : 00C1;
    28964 : 0083;
    28965 : FE8C;
    28966 : FC2A;
    28967 : FCA7;
    28968 : FCED;
    28969 : FCB0;
    28970 : FE84;
    28971 : FF62;
    28972 : FEC7;
    28973 : FF94;
    28974 : 004B;
    28975 : 00AA;
    28976 : 013B;
    28977 : FF1F;
    28978 : FC67;
    28979 : FC69;
    28980 : FBC4;
    28981 : FB42;
    28982 : FE85;
    28983 : FFE6;
    28984 : FC6F;
    28985 : FB03;
    28986 : FD22;
    28987 : FEDA;
    28988 : 003F;
    28989 : 00FA;
    28990 : 005C;
    28991 : 0099;
    28992 : 0038;
    28993 : FD0A;
    28994 : FB31;
    28995 : FC0E;
    28996 : FC63;
    28997 : FDAF;
    28998 : 005A;
    28999 : 002B;
    29000 : FEEA;
    29001 : FFA8;
    29002 : FF15;
    29003 : FDE7;
    29004 : FF30;
    29005 : FE61;
    29006 : FA38;
    29007 : F936;
    29008 : FC25;
    29009 : FEE4;
    29010 : FFDD;
    29011 : FEC0;
    29012 : FE1C;
    29013 : FF92;
    29014 : FE1A;
    29015 : F937;
    29016 : F833;
    29017 : FB11;
    29018 : FCA9;
    29019 : FDD9;
    29020 : FF7E;
    29021 : FFD3;
    29022 : 0073;
    29023 : 01B9;
    29024 : 0108;
    29025 : FF98;
    29026 : FED6;
    29027 : FCD7;
    29028 : FB31;
    29029 : FC50;
    29030 : FD5A;
    29031 : FD8C;
    29032 : FF57;
    29033 : 00B7;
    29034 : 008F;
    29035 : 0160;
    29036 : 012F;
    29037 : FF18;
    29038 : FFD6;
    29039 : 01AF;
    29040 : 0009;
    29041 : FEB4;
    29042 : FF37;
    29043 : FD95;
    29044 : FBE9;
    29045 : FCB1;
    29046 : FD65;
    29047 : FE8F;
    29048 : 0055;
    29049 : FFDB;
    29050 : FF4F;
    29051 : 0030;
    29052 : FE8E;
    29053 : FBF0;
    29054 : FCB8;
    29055 : FE2A;
    29056 : FDF2;
    29057 : FE95;
    29058 : 001F;
    29059 : 0078;
    29060 : FF3F;
    29061 : FD4D;
    29062 : FCEC;
    29063 : FF0A;
    29064 : 00AB;
    29065 : 0087;
    29066 : 005C;
    29067 : FED5;
    29068 : FB42;
    29069 : FAA0;
    29070 : FDFC;
    29071 : FFF6;
    29072 : 0058;
    29073 : 018C;
    29074 : 00C6;
    29075 : FEF2;
    29076 : 00FE;
    29077 : 03B2;
    29078 : 02D1;
    29079 : 01EE;
    29080 : 01C0;
    29081 : FF83;
    29082 : FE0E;
    29083 : FED3;
    29084 : FE8E;
    29085 : FE81;
    29086 : 00DC;
    29087 : 0251;
    29088 : 01F8;
    29089 : 022C;
    29090 : 0164;
    29091 : FF3C;
    29092 : FF2C;
    29093 : 001C;
    29094 : FF75;
    29095 : FFB6;
    29096 : 00AF;
    29097 : FFAA;
    29098 : 000D;
    29099 : 0343;
    29100 : 0401;
    29101 : 0247;
    29102 : 01FD;
    29103 : 01FB;
    29104 : 013A;
    29105 : 00E2;
    29106 : 0094;
    29107 : 00B9;
    29108 : 011D;
    29109 : 0014;
    29110 : FF65;
    29111 : 0002;
    29112 : FF12;
    29113 : FE25;
    29114 : 010C;
    29115 : 04F2;
    29116 : 0552;
    29117 : 02D5;
    29118 : 0059;
    29119 : FF03;
    29120 : FEB2;
    29121 : FF92;
    29122 : 0125;
    29123 : 01F6;
    29124 : 0234;
    29125 : 02D6;
    29126 : 0343;
    29127 : 030A;
    29128 : 0291;
    29129 : 025C;
    29130 : 02B8;
    29131 : 0241;
    29132 : 00B1;
    29133 : 006F;
    29134 : 012C;
    29135 : 013C;
    29136 : 01C2;
    29137 : 027D;
    29138 : 028D;
    29139 : 0335;
    29140 : 0381;
    29141 : 02B9;
    29142 : 02F7;
    29143 : 0348;
    29144 : 0247;
    29145 : 010D;
    29146 : FEF4;
    29147 : FDDA;
    29148 : 008E;
    29149 : 021A;
    29150 : 0081;
    29151 : 0158;
    29152 : 028F;
    29153 : 0026;
    29154 : FF63;
    29155 : 010C;
    29156 : FFDC;
    29157 : FDEE;
    29158 : FDB6;
    29159 : FCA6;
    29160 : FD12;
    29161 : 014F;
    29162 : 03DA;
    29163 : 026D;
    29164 : 0155;
    29165 : 00F6;
    29166 : 001C;
    29167 : 00BE;
    29168 : 01A0;
    29169 : 0058;
    29170 : FF3C;
    29171 : FF74;
    29172 : FFCB;
    29173 : 00D5;
    29174 : 0197;
    29175 : 01A9;
    29176 : 031D;
    29177 : 0302;
    29178 : FFCF;
    29179 : FF61;
    29180 : 00E7;
    29181 : FFCF;
    29182 : 0007;
    29183 : 016A;
    29184 : FF9D;
    29185 : FFE0;
    29186 : 0327;
    29187 : 01D3;
    29188 : FEE6;
    29189 : FF31;
    29190 : FD95;
    29191 : FBA4;
    29192 : FFB2;
    29193 : 04AA;
    29194 : 047D;
    29195 : 0237;
    29196 : 0073;
    29197 : FEC5;
    29198 : FE73;
    29199 : FFED;
    29200 : 00BA;
    29201 : FFFD;
    29202 : FFB6;
    29203 : FFF0;
    29204 : FF2B;
    29205 : FEF1;
    29206 : 0057;
    29207 : 0107;
    29208 : 005B;
    29209 : FF4B;
    29210 : FD7F;
    29211 : FC2A;
    29212 : FC8D;
    29213 : FD13;
    29214 : FE1A;
    29215 : 0116;
    29216 : 0309;
    29217 : 01F3;
    29218 : 00F5;
    29219 : 0141;
    29220 : 00EA;
    29221 : 0009;
    29222 : FF6D;
    29223 : FEFF;
    29224 : FECB;
    29225 : FE1F;
    29226 : FDCF;
    29227 : FFE8;
    29228 : 01A0;
    29229 : 006B;
    29230 : 0045;
    29231 : 018B;
    29232 : 005D;
    29233 : FF5F;
    29234 : 004D;
    29235 : FF77;
    29236 : FE55;
    29237 : FE86;
    29238 : FD48;
    29239 : FDBC;
    29240 : 01C0;
    29241 : 02F9;
    29242 : 01A6;
    29243 : 023E;
    29244 : 01B5;
    29245 : FFE5;
    29246 : 00D3;
    29247 : 01AE;
    29248 : 0064;
    29249 : 0042;
    29250 : 00D7;
    29251 : 0040;
    29252 : 0075;
    29253 : 0265;
    29254 : 0403;
    29255 : 03B6;
    29256 : 025F;
    29257 : 01C6;
    29258 : 0161;
    29259 : 00AC;
    29260 : 01DA;
    29261 : 046E;
    29262 : 0416;
    29263 : 00A2;
    29264 : FEDA;
    29265 : 002E;
    29266 : 01B6;
    29267 : 039A;
    29268 : 070B;
    29269 : 0743;
    29270 : 01A5;
    29271 : FCF7;
    29272 : FD6F;
    29273 : FF7C;
    29274 : 0162;
    29275 : 037B;
    29276 : 0464;
    29277 : 042A;
    29278 : 038B;
    29279 : 024A;
    29280 : 01B0;
    29281 : 02A8;
    29282 : 0395;
    29283 : 0348;
    29284 : 01F6;
    29285 : 006E;
    29286 : 0053;
    29287 : 021F;
    29288 : 039D;
    29289 : 0311;
    29290 : 01DE;
    29291 : 00B8;
    29292 : FE61;
    29293 : FD0D;
    29294 : FF82;
    29295 : 0246;
    29296 : 0275;
    29297 : 01FF;
    29298 : 00AA;
    29299 : FE2F;
    29300 : FDA4;
    29301 : FF37;
    29302 : 012A;
    29303 : 0304;
    29304 : 02EC;
    29305 : 0104;
    29306 : FF74;
    29307 : FE04;
    29308 : FECE;
    29309 : 02F1;
    29310 : 0403;
    29311 : 00E6;
    29312 : FFC0;
    29313 : FF37;
    29314 : FD4B;
    29315 : FECC;
    29316 : 02A7;
    29317 : 0452;
    29318 : 0536;
    29319 : 04F0;
    29320 : 0218;
    29321 : 007A;
    29322 : 0019;
    29323 : FD8D;
    29324 : FC18;
    29325 : FDF0;
    29326 : FECE;
    29327 : FED1;
    29328 : 00D3;
    29329 : 024A;
    29330 : 02B3;
    29331 : 03DB;
    29332 : 01CA;
    29333 : FCF3;
    29334 : FD1C;
    29335 : 0034;
    29336 : 0077;
    29337 : 01FB;
    29338 : 0402;
    29339 : 00DE;
    29340 : FE2B;
    29341 : FFB6;
    29342 : 0048;
    29343 : 014F;
    29344 : 03C0;
    29345 : 0291;
    29346 : 00B2;
    29347 : 0071;
    29348 : FDAC;
    29349 : FCB5;
    29350 : 0004;
    29351 : 00C0;
    29352 : 00E8;
    29353 : 0280;
    29354 : FF06;
    29355 : FC69;
    29356 : 0184;
    29357 : 03B9;
    29358 : 008F;
    29359 : 0036;
    29360 : FEFA;
    29361 : FB93;
    29362 : FD5A;
    29363 : 00DE;
    29364 : 017A;
    29365 : 02F5;
    29366 : 036D;
    29367 : 00F8;
    29368 : 0033;
    29369 : FF3E;
    29370 : FC59;
    29371 : FE63;
    29372 : 03C5;
    29373 : 03BD;
    29374 : 00B9;
    29375 : FF95;
    29376 : FD4F;
    29377 : FB1B;
    29378 : FD98;
    29379 : 00BF;
    29380 : 0037;
    29381 : 0012;
    29382 : 01DC;
    29383 : 0258;
    29384 : 0331;
    29385 : 0538;
    29386 : 0343;
    29387 : FEDB;
    29388 : FEAD;
    29389 : 0024;
    29390 : FF5E;
    29391 : FFF9;
    29392 : 0173;
    29393 : FFF2;
    29394 : FE70;
    29395 : FE7E;
    29396 : FD09;
    29397 : FC28;
    29398 : FDEC;
    29399 : FEB6;
    29400 : FF06;
    29401 : 01F1;
    29402 : 03FD;
    29403 : 0288;
    29404 : 00CD;
    29405 : FF70;
    29406 : FCE7;
    29407 : FB1E;
    29408 : FAB9;
    29409 : F9EE;
    29410 : FAC1;
    29411 : FEC1;
    29412 : 01BA;
    29413 : 0210;
    29414 : 02F8;
    29415 : 039D;
    29416 : 0204;
    29417 : 00DE;
    29418 : 008C;
    29419 : FEAB;
    29420 : FCC6;
    29421 : FC0D;
    29422 : FB86;
    29423 : FD26;
    29424 : 00C9;
    29425 : 0258;
    29426 : 021F;
    29427 : 0223;
    29428 : 0150;
    29429 : 00E2;
    29430 : 01FC;
    29431 : 016F;
    29432 : FF8B;
    29433 : FF83;
    29434 : FEFC;
    29435 : FC1E;
    29436 : FA97;
    29437 : FAD5;
    29438 : FA47;
    29439 : FB9E;
    29440 : 00FD;
    29441 : 04E6;
    29442 : 039C;
    29443 : 0144;
    29444 : 00B7;
    29445 : FFDC;
    29446 : FE59;
    29447 : FD96;
    29448 : FD11;
    29449 : FCE0;
    29450 : FE13;
    29451 : FFE0;
    29452 : 016B;
    29453 : 031A;
    29454 : 03C3;
    29455 : 0222;
    29456 : 005B;
    29457 : 002B;
    29458 : FF94;
    29459 : FE4D;
    29460 : FE40;
    29461 : FDFC;
    29462 : FDB5;
    29463 : 0119;
    29464 : 0435;
    29465 : 016D;
    29466 : FEDC;
    29467 : 004D;
    29468 : FFE0;
    29469 : FECD;
    29470 : 00F9;
    29471 : 01C6;
    29472 : 00FF;
    29473 : 0223;
    29474 : 0164;
    29475 : FEED;
    29476 : FF26;
    29477 : FEA0;
    29478 : FD0A;
    29479 : FFD8;
    29480 : 0334;
    29481 : 0236;
    29482 : 00B2;
    29483 : FFEE;
    29484 : FF14;
    29485 : 0036;
    29486 : 00D7;
    29487 : FECF;
    29488 : FF18;
    29489 : 027E;
    29490 : 045F;
    29491 : 051D;
    29492 : 0634;
    29493 : 05D7;
    29494 : 0421;
    29495 : 019D;
    29496 : FE3A;
    29497 : FD2D;
    29498 : FF2B;
    29499 : FFAA;
    29500 : FEE9;
    29501 : 0058;
    29502 : 020E;
    29503 : 02F1;
    29504 : 0480;
    29505 : 0416;
    29506 : 0188;
    29507 : 0070;
    29508 : FD6F;
    29509 : F6FB;
    29510 : F600;
    29511 : FC02;
    29512 : FFF0;
    29513 : 00CF;
    29514 : 02D6;
    29515 : 03BC;
    29516 : 0239;
    29517 : 016E;
    29518 : 00AE;
    29519 : FE48;
    29520 : FDA3;
    29521 : FF92;
    29522 : FF56;
    29523 : FE23;
    29524 : 00FB;
    29525 : 035B;
    29526 : 00AD;
    29527 : FF18;
    29528 : 006A;
    29529 : FF4E;
    29530 : FE35;
    29531 : 003B;
    29532 : 0032;
    29533 : FCE6;
    29534 : FA85;
    29535 : F983;
    29536 : F9C0;
    29537 : FC48;
    29538 : FF6B;
    29539 : 019D;
    29540 : 03BE;
    29541 : 0571;
    29542 : 040C;
    29543 : FFB7;
    29544 : FD1E;
    29545 : FD31;
    29546 : FC5C;
    29547 : FC45;
    29548 : FEAA;
    29549 : FEB0;
    29550 : FCEF;
    29551 : FE77;
    29552 : 000D;
    29553 : FFC5;
    29554 : 01B8;
    29555 : 0231;
    29556 : FD33;
    29557 : FA5D;
    29558 : FD17;
    29559 : FF28;
    29560 : FFC6;
    29561 : 00D0;
    29562 : FF5F;
    29563 : FD6F;
    29564 : 0000;
    29565 : 02D6;
    29566 : 017B;
    29567 : 0083;
    29568 : 0107;
    29569 : FECD;
    29570 : FBE1;
    29571 : FB4D;
    29572 : FB39;
    29573 : FC71;
    29574 : FFC6;
    29575 : 01A8;
    29576 : 0194;
    29577 : 00E2;
    29578 : FE19;
    29579 : FB54;
    29580 : FC81;
    29581 : FF6E;
    29582 : 00A2;
    29583 : 0083;
    29584 : 005F;
    29585 : 00C8;
    29586 : 011B;
    29587 : 007E;
    29588 : 0012;
    29589 : 0080;
    29590 : 0096;
    29591 : 002C;
    29592 : FF97;
    29593 : FE7F;
    29594 : FDED;
    29595 : FF08;
    29596 : 0055;
    29597 : 0031;
    29598 : FF7D;
    29599 : FF36;
    29600 : FEDE;
    29601 : FECA;
    29602 : FFA8;
    29603 : 0061;
    29604 : 002C;
    29605 : FFF1;
    29606 : 0082;
    29607 : 01FE;
    29608 : 037D;
    29609 : 0422;
    29610 : 04A1;
    29611 : 0496;
    29612 : 02F2;
    29613 : 01AF;
    29614 : 01DD;
    29615 : 019F;
    29616 : 0101;
    29617 : 0005;
    29618 : FD87;
    29619 : FC1E;
    29620 : FDFB;
    29621 : 0064;
    29622 : 01A2;
    29623 : 030F;
    29624 : 050E;
    29625 : 059E;
    29626 : 031D;
    29627 : 00CC;
    29628 : 01F7;
    29629 : 02B6;
    29630 : 007F;
    29631 : FF69;
    29632 : 00A8;
    29633 : 01E5;
    29634 : 0205;
    29635 : 0031;
    29636 : FE6E;
    29637 : FF1A;
    29638 : FF7D;
    29639 : FF20;
    29640 : 0107;
    29641 : 031A;
    29642 : 02F2;
    29643 : 0254;
    29644 : 01BD;
    29645 : 0196;
    29646 : 02BE;
    29647 : 0334;
    29648 : 023B;
    29649 : 017B;
    29650 : 0179;
    29651 : 026C;
    29652 : 0339;
    29653 : 028E;
    29654 : 0289;
    29655 : 0315;
    29656 : 0136;
    29657 : FFDE;
    29658 : 0285;
    29659 : 04DD;
    29660 : 03F8;
    29661 : 02A9;
    29662 : 00FC;
    29663 : FD4F;
    29664 : FB44;
    29665 : FE29;
    29666 : 0203;
    29667 : 029C;
    29668 : 01DA;
    29669 : 01C3;
    29670 : 01AF;
    29671 : 01BA;
    29672 : 013E;
    29673 : FFDA;
    29674 : 007A;
    29675 : 0304;
    29676 : 0349;
    29677 : 020D;
    29678 : 02B3;
    29679 : 038D;
    29680 : 0246;
    29681 : 0061;
    29682 : FFD2;
    29683 : 0096;
    29684 : 0118;
    29685 : 00B3;
    29686 : 015D;
    29687 : 0368;
    29688 : 0393;
    29689 : 00FE;
    29690 : FEA0;
    29691 : FDE7;
    29692 : FE0A;
    29693 : FE22;
    29694 : FD7D;
    29695 : FE02;
    29696 : 01D1;
    29697 : 04FA;
    29698 : 03DD;
    29699 : 0241;
    29700 : 025A;
    29701 : 0193;
    29702 : FFE3;
    29703 : FDA6;
    29704 : FB70;
    29705 : FD2A;
    29706 : 00FD;
    29707 : 00FD;
    29708 : 006F;
    29709 : 0289;
    29710 : 01D9;
    29711 : FE4E;
    29712 : FD00;
    29713 : FCEB;
    29714 : FD26;
    29715 : FF35;
    29716 : 0058;
    29717 : FF6F;
    29718 : 0036;
    29719 : 0278;
    29720 : 027B;
    29721 : 00DE;
    29722 : 00A7;
    29723 : 00EF;
    29724 : FF00;
    29725 : FC4F;
    29726 : FC5E;
    29727 : FF17;
    29728 : 01CA;
    29729 : 0287;
    29730 : 0141;
    29731 : FF96;
    29732 : FE0A;
    29733 : FBE5;
    29734 : FB0C;
    29735 : FDBA;
    29736 : 0150;
    29737 : 01DB;
    29738 : FFE6;
    29739 : FE3E;
    29740 : FDA8;
    29741 : FE9B;
    29742 : 01B3;
    29743 : 03A6;
    29744 : 0171;
    29745 : FE87;
    29746 : FD7F;
    29747 : FC5C;
    29748 : FC6C;
    29749 : FF70;
    29750 : 021A;
    29751 : 029F;
    29752 : 01FE;
    29753 : 0081;
    29754 : FFD7;
    29755 : 0060;
    29756 : FFDD;
    29757 : FF4B;
    29758 : FFC4;
    29759 : FEE4;
    29760 : FD0B;
    29761 : FC67;
    29762 : FC7B;
    29763 : FD8C;
    29764 : 000B;
    29765 : 0219;
    29766 : 0344;
    29767 : 040A;
    29768 : 0357;
    29769 : 01E9;
    29770 : 019C;
    29771 : 009A;
    29772 : FD0C;
    29773 : FA76;
    29774 : FBFD;
    29775 : FE7C;
    29776 : FEF7;
    29777 : FF1F;
    29778 : FFB6;
    29779 : FFFF;
    29780 : 00A8;
    29781 : 00C3;
    29782 : FF43;
    29783 : FE8A;
    29784 : FF62;
    29785 : FFB1;
    29786 : FF6C;
    29787 : FF73;
    29788 : FF86;
    29789 : FFAE;
    29790 : FFFD;
    29791 : 005D;
    29792 : 00DD;
    29793 : 017E;
    29794 : 01C3;
    29795 : 001F;
    29796 : FD4C;
    29797 : FD07;
    29798 : FE84;
    29799 : FE96;
    29800 : FF51;
    29801 : 00F4;
    29802 : 0055;
    29803 : 000A;
    29804 : 01BB;
    29805 : 00FD;
    29806 : FE91;
    29807 : FE3B;
    29808 : FE0F;
    29809 : FD71;
    29810 : FEAA;
    29811 : FFE2;
    29812 : FF0B;
    29813 : FE0D;
    29814 : FDE9;
    29815 : FD7A;
    29816 : FD19;
    29817 : FE02;
    29818 : FF36;
    29819 : FF4F;
    29820 : FED6;
    29821 : FDBB;
    29822 : FC2D;
    29823 : FC23;
    29824 : FCF2;
    29825 : FD60;
    29826 : FF78;
    29827 : 019A;
    29828 : 0035;
    29829 : FE6B;
    29830 : FE7E;
    29831 : FDAE;
    29832 : FCE1;
    29833 : FDA6;
    29834 : FDEC;
    29835 : FDFC;
    29836 : FE71;
    29837 : FD68;
    29838 : FC16;
    29839 : FC83;
    29840 : FC7C;
    29841 : FAD2;
    29842 : FB04;
    29843 : FEF3;
    29844 : 0248;
    29845 : 0194;
    29846 : 0028;
    29847 : FFBF;
    29848 : FD9F;
    29849 : FB01;
    29850 : F9FB;
    29851 : F90B;
    29852 : F963;
    29853 : FBEA;
    29854 : FD68;
    29855 : FE65;
    29856 : 0082;
    29857 : 00D8;
    29858 : FF38;
    29859 : FDA9;
    29860 : FBC1;
    29861 : FB6A;
    29862 : FD47;
    29863 : FD87;
    29864 : FDFA;
    29865 : 022A;
    29866 : 045F;
    29867 : 00DA;
    29868 : FD68;
    29869 : FCEB;
    29870 : FCFA;
    29871 : FD64;
    29872 : FDD6;
    29873 : FCCE;
    29874 : FC35;
    29875 : FE07;
    29876 : 000B;
    29877 : 00B5;
    29878 : 0193;
    29879 : 02A5;
    29880 : 0213;
    29881 : FFF0;
    29882 : FDB7;
    29883 : FC44;
    29884 : FC37;
    29885 : FD7C;
    29886 : FE66;
    29887 : FE45;
    29888 : FEF1;
    29889 : 00EA;
    29890 : 01FC;
    29891 : 01C7;
    29892 : 019A;
    29893 : 00A6;
    29894 : FEAE;
    29895 : FDBD;
    29896 : FD6B;
    29897 : FC6A;
    29898 : FCE6;
    29899 : FF1D;
    29900 : FF9D;
    29901 : FF3C;
    29902 : 00A6;
    29903 : 00A5;
    29904 : FDB2;
    29905 : FCFB;
    29906 : FF4B;
    29907 : 001A;
    29908 : FFCE;
    29909 : 001B;
    29910 : FF77;
    29911 : FF94;
    29912 : 01E3;
    29913 : 020E;
    29914 : FFAC;
    29915 : FF37;
    29916 : FF9D;
    29917 : FE71;
    29918 : FDD7;
    29919 : FDD7;
    29920 : FCEC;
    29921 : FD15;
    29922 : FE9E;
    29923 : FF02;
    29924 : FF05;
    29925 : FFAC;
    29926 : FEF4;
    29927 : FDE3;
    29928 : FEEB;
    29929 : FF23;
    29930 : FD25;
    29931 : FCEA;
    29932 : FE0B;
    29933 : FE16;
    29934 : FF8F;
    29935 : 00F3;
    29936 : FE14;
    29937 : FBC0;
    29938 : FD88;
    29939 : FEAC;
    29940 : FF1C;
    29941 : 00E4;
    29942 : FFF8;
    29943 : FC77;
    29944 : FB43;
    29945 : FBF9;
    29946 : FCCE;
    29947 : FDCB;
    29948 : FD78;
    29949 : FC6D;
    29950 : FD7F;
    29951 : FFC0;
    29952 : 005D;
    29953 : FF82;
    29954 : FE80;
    29955 : FD3C;
    29956 : FBE7;
    29957 : FB77;
    29958 : FBC0;
    29959 : FD26;
    29960 : 0076;
    29961 : 0283;
    29962 : 0104;
    29963 : FF3A;
    29964 : FE1F;
    29965 : FCB8;
    29966 : FD84;
    29967 : FF55;
    29968 : FE99;
    29969 : FDF2;
    29970 : FE97;
    29971 : FE03;
    29972 : FDB7;
    29973 : FDA7;
    29974 : FBEA;
    29975 : FC6E;
    29976 : FFCA;
    29977 : 00BF;
    29978 : 0091;
    29979 : 012A;
    29980 : FE82;
    29981 : FABD;
    29982 : FBE2;
    29983 : FF2C;
    29984 : 0050;
    29985 : 0100;
    29986 : 01E6;
    29987 : 01F5;
    29988 : 01CB;
    29989 : 00FD;
    29990 : FFF3;
    29991 : 0124;
    29992 : 0294;
    29993 : 00DF;
    29994 : FE3C;
    29995 : FBF7;
    29996 : F958;
    29997 : FA56;
    29998 : FFA8;
    29999 : 0307;
    30000 : 0345;
    30001 : 037D;
    30002 : 031A;
    30003 : 01A4;
    30004 : FFE5;
    30005 : FE35;
    30006 : FE99;
    30007 : 00BA;
    30008 : 011F;
    30009 : 003D;
    30010 : 0039;
    30011 : 002D;
    30012 : 0046;
    30013 : 027F;
    30014 : 05B2;
    30015 : 061D;
    30016 : 036D;
    30017 : 011C;
    30018 : 0012;
    30019 : 0010;
    30020 : 0266;
    30021 : 035F;
    30022 : FFE4;
    30023 : FEA4;
    30024 : 0146;
    30025 : 0147;
    30026 : 01F4;
    30027 : 06FD;
    30028 : 07C6;
    30029 : 020E;
    30030 : FD7A;
    30031 : FB8C;
    30032 : FB2C;
    30033 : FD63;
    30034 : 004C;
    30035 : 038A;
    30036 : 0881;
    30037 : 0ABD;
    30038 : 06B0;
    30039 : 01A5;
    30040 : FFD8;
    30041 : FF23;
    30042 : 0004;
    30043 : 0384;
    30044 : 0367;
    30045 : FE66;
    30046 : FD23;
    30047 : FFB6;
    30048 : 0034;
    30049 : 0200;
    30050 : 060A;
    30051 : 06CB;
    30052 : 063D;
    30053 : 05EA;
    30054 : 0253;
    30055 : FF3B;
    30056 : FEA2;
    30057 : FB8E;
    30058 : F9A2;
    30059 : FCF6;
    30060 : FF2C;
    30061 : FF8F;
    30062 : 0242;
    30063 : 03CD;
    30064 : 0389;
    30065 : 04AC;
    30066 : 0311;
    30067 : FDFB;
    30068 : FD09;
    30069 : FFD5;
    30070 : 005F;
    30071 : 0040;
    30072 : 0109;
    30073 : FFE0;
    30074 : FF4D;
    30075 : 026B;
    30076 : 0461;
    30077 : 031F;
    30078 : 02E8;
    30079 : 02D2;
    30080 : 003F;
    30081 : FED4;
    30082 : 0012;
    30083 : 00D2;
    30084 : 0147;
    30085 : 0266;
    30086 : 0260;
    30087 : 0151;
    30088 : 0057;
    30089 : FF4D;
    30090 : FFB3;
    30091 : 023B;
    30092 : 03D8;
    30093 : 030D;
    30094 : 01F5;
    30095 : 018D;
    30096 : 0134;
    30097 : 0167;
    30098 : 029F;
    30099 : 0365;
    30100 : 026B;
    30101 : 011F;
    30102 : 0134;
    30103 : 01DD;
    30104 : 02BA;
    30105 : 050C;
    30106 : 0709;
    30107 : 04F3;
    30108 : 00A5;
    30109 : FF4E;
    30110 : 002C;
    30111 : FFA3;
    30112 : FF9A;
    30113 : 01E8;
    30114 : 02E4;
    30115 : 01B8;
    30116 : 0171;
    30117 : 013B;
    30118 : 007F;
    30119 : 0122;
    30120 : 00F0;
    30121 : FF6F;
    30122 : 0112;
    30123 : 0399;
    30124 : 0295;
    30125 : 01A6;
    30126 : 01B2;
    30127 : FF3F;
    30128 : FDC1;
    30129 : 00A1;
    30130 : 041F;
    30131 : 0522;
    30132 : 03FF;
    30133 : 02A5;
    30134 : 0229;
    30135 : 002D;
    30136 : FD89;
    30137 : FE5D;
    30138 : 008D;
    30139 : 0131;
    30140 : 020F;
    30141 : 02B4;
    30142 : 02C7;
    30143 : 0333;
    30144 : 0139;
    30145 : FE48;
    30146 : FF6C;
    30147 : 01AD;
    30148 : 01FE;
    30149 : 0336;
    30150 : 0428;
    30151 : 0280;
    30152 : FFF6;
    30153 : FD20;
    30154 : FB55;
    30155 : FC8B;
    30156 : FE10;
    30157 : FE6A;
    30158 : 002F;
    30159 : 028A;
    30160 : 020F;
    30161 : FF49;
    30162 : FDBA;
    30163 : FE3E;
    30164 : FEB8;
    30165 : FF4F;
    30166 : 00C3;
    30167 : 0136;
    30168 : 0137;
    30169 : 0169;
    30170 : FEF5;
    30171 : FC4F;
    30172 : FD24;
    30173 : FD62;
    30174 : FD88;
    30175 : 01D8;
    30176 : 0439;
    30177 : 0168;
    30178 : 0049;
    30179 : 00B9;
    30180 : FF4C;
    30181 : FEFA;
    30182 : FE40;
    30183 : FA28;
    30184 : F872;
    30185 : FBFB;
    30186 : FF78;
    30187 : 0118;
    30188 : 034B;
    30189 : 052B;
    30190 : 037F;
    30191 : FF68;
    30192 : FE38;
    30193 : 007B;
    30194 : 0186;
    30195 : 015F;
    30196 : 0272;
    30197 : 01C6;
    30198 : FDBD;
    30199 : FAD2;
    30200 : FB91;
    30201 : FE29;
    30202 : 00D7;
    30203 : 02AE;
    30204 : 03AA;
    30205 : 0414;
    30206 : 026A;
    30207 : FE6E;
    30208 : FC02;
    30209 : FD81;
    30210 : 000E;
    30211 : 0117;
    30212 : 018C;
    30213 : 01D7;
    30214 : 012C;
    30215 : 00FA;
    30216 : 023C;
    30217 : 029C;
    30218 : 01B8;
    30219 : 0153;
    30220 : FFB1;
    30221 : FCD3;
    30222 : FD76;
    30223 : 00FF;
    30224 : 02AC;
    30225 : 0325;
    30226 : 03A4;
    30227 : 02DC;
    30228 : 02E2;
    30229 : 04AB;
    30230 : 048D;
    30231 : 0215;
    30232 : FFFE;
    30233 : FEA5;
    30234 : FDBB;
    30235 : FD5B;
    30236 : FDC0;
    30237 : 003E;
    30238 : 042A;
    30239 : 0606;
    30240 : 052E;
    30241 : 040D;
    30242 : 0328;
    30243 : 01F3;
    30244 : 0148;
    30245 : 0087;
    30246 : FE54;
    30247 : FD56;
    30248 : FF8C;
    30249 : 0178;
    30250 : 01FF;
    30251 : 03A1;
    30252 : 046B;
    30253 : 02AB;
    30254 : 01C8;
    30255 : 0277;
    30256 : 0263;
    30257 : 01AD;
    30258 : 00EB;
    30259 : 0029;
    30260 : FF95;
    30261 : FF27;
    30262 : FFF5;
    30263 : 0160;
    30264 : 014B;
    30265 : 01CE;
    30266 : 0395;
    30267 : 0292;
    30268 : 0051;
    30269 : 00B3;
    30270 : 0124;
    30271 : 00A3;
    30272 : 013B;
    30273 : 018D;
    30274 : 01D0;
    30275 : 039B;
    30276 : 03CB;
    30277 : 00E7;
    30278 : FECC;
    30279 : FF3F;
    30280 : 000B;
    30281 : 0002;
    30282 : 00CC;
    30283 : 02B1;
    30284 : 0328;
    30285 : 02CD;
    30286 : 038D;
    30287 : 0325;
    30288 : 01A5;
    30289 : 012B;
    30290 : FEAE;
    30291 : FBA3;
    30292 : FF07;
    30293 : 049F;
    30294 : 0465;
    30295 : 0230;
    30296 : 01AD;
    30297 : FF6B;
    30298 : FC9E;
    30299 : FD90;
    30300 : 00C9;
    30301 : 02AC;
    30302 : 02B7;
    30303 : 0208;
    30304 : 00E8;
    30305 : FF62;
    30306 : FE33;
    30307 : FD35;
    30308 : FC87;
    30309 : FDA6;
    30310 : FF2F;
    30311 : FED6;
    30312 : FE68;
    30313 : FE7E;
    30314 : FDAF;
    30315 : FDFC;
    30316 : FF17;
    30317 : FDA3;
    30318 : FBE2;
    30319 : FC2A;
    30320 : FC26;
    30321 : FC7F;
    30322 : FDBD;
    30323 : FD7B;
    30324 : FDF9;
    30325 : 0081;
    30326 : 0132;
    30327 : 0145;
    30328 : 02D5;
    30329 : 01ED;
    30330 : FF4C;
    30331 : FEDE;
    30332 : FE3E;
    30333 : FCAD;
    30334 : FCB5;
    30335 : FCB0;
    30336 : FC76;
    30337 : FE61;
    30338 : FFB7;
    30339 : FE55;
    30340 : FD51;
    30341 : FDF3;
    30342 : FF0F;
    30343 : 0054;
    30344 : 00BA;
    30345 : FF98;
    30346 : FE58;
    30347 : FDCE;
    30348 : FD7F;
    30349 : FD30;
    30350 : FCBB;
    30351 : FBF5;
    30352 : FB78;
    30353 : FC37;
    30354 : FE6F;
    30355 : 00FE;
    30356 : 0198;
    30357 : 0005;
    30358 : FF26;
    30359 : FEC0;
    30360 : FBF8;
    30361 : FA4E;
    30362 : FD87;
    30363 : 0046;
    30364 : FF91;
    30365 : FF5C;
    30366 : FF9E;
    30367 : 0038;
    30368 : 034E;
    30369 : 03A0;
    30370 : FEA0;
    30371 : FBCD;
    30372 : FBF2;
    30373 : FB6C;
    30374 : FDFB;
    30375 : 0205;
    30376 : 00F4;
    30377 : FE8F;
    30378 : FEF2;
    30379 : FEFD;
    30380 : FF41;
    30381 : 00EF;
    30382 : 01C0;
    30383 : 028C;
    30384 : 0242;
    30385 : FD4C;
    30386 : F893;
    30387 : F999;
    30388 : FC29;
    30389 : FDD1;
    30390 : 0130;
    30391 : 039A;
    30392 : 01C7;
    30393 : FFC3;
    30394 : 00D9;
    30395 : 024F;
    30396 : 025F;
    30397 : 0202;
    30398 : 0050;
    30399 : FD3A;
    30400 : FC71;
    30401 : FEC4;
    30402 : 002C;
    30403 : FF70;
    30404 : FEB0;
    30405 : FDB7;
    30406 : FBDE;
    30407 : FBDA;
    30408 : FF83;
    30409 : 031A;
    30410 : 029C;
    30411 : 0008;
    30412 : FDEF;
    30413 : FBA2;
    30414 : FB7A;
    30415 : FE9A;
    30416 : FEAE;
    30417 : FB58;
    30418 : FBD8;
    30419 : FDA4;
    30420 : FC93;
    30421 : FF20;
    30422 : 0411;
    30423 : 01BC;
    30424 : FC14;
    30425 : FB0A;
    30426 : FB4C;
    30427 : FB64;
    30428 : FDF1;
    30429 : FFC8;
    30430 : FF32;
    30431 : FEC7;
    30432 : FD69;
    30433 : FB09;
    30434 : FBC7;
    30435 : FED2;
    30436 : 008E;
    30437 : 0238;
    30438 : 0322;
    30439 : FF00;
    30440 : F9A0;
    30441 : FA5F;
    30442 : FE04;
    30443 : FF1D;
    30444 : 000D;
    30445 : 0103;
    30446 : FF17;
    30447 : FD5D;
    30448 : FE5F;
    30449 : FF79;
    30450 : FFE4;
    30451 : FFD6;
    30452 : FEA5;
    30453 : FE02;
    30454 : FEA5;
    30455 : FEC8;
    30456 : FE17;
    30457 : FCC8;
    30458 : FB1C;
    30459 : FA24;
    30460 : FA15;
    30461 : FBC2;
    30462 : FF12;
    30463 : 0048;
    30464 : FEE3;
    30465 : FE3F;
    30466 : FDBE;
    30467 : FD25;
    30468 : FF91;
    30469 : 02B6;
    30470 : 018E;
    30471 : FDF6;
    30472 : FC67;
    30473 : FCA5;
    30474 : FC4D;
    30475 : FB94;
    30476 : FC0E;
    30477 : FD7E;
    30478 : FF3A;
    30479 : 00F6;
    30480 : 0186;
    30481 : 01A2;
    30482 : 02B5;
    30483 : 0252;
    30484 : FF6D;
    30485 : FD96;
    30486 : FE6C;
    30487 : 003D;
    30488 : 0147;
    30489 : 012E;
    30490 : 011F;
    30491 : FFE1;
    30492 : FC1B;
    30493 : FACB;
    30494 : FE39;
    30495 : 0098;
    30496 : 008C;
    30497 : 011D;
    30498 : 00C4;
    30499 : FE90;
    30500 : FCAF;
    30501 : FC25;
    30502 : FD75;
    30503 : FFA1;
    30504 : 00E7;
    30505 : 024E;
    30506 : 0393;
    30507 : 02DD;
    30508 : 0126;
    30509 : FF35;
    30510 : FE03;
    30511 : FFE5;
    30512 : 0206;
    30513 : 0158;
    30514 : 01F2;
    30515 : 042D;
    30516 : 0285;
    30517 : FEA7;
    30518 : FDE2;
    30519 : FEA1;
    30520 : FDE4;
    30521 : FD20;
    30522 : FDE7;
    30523 : FF6F;
    30524 : 0101;
    30525 : 0207;
    30526 : 012B;
    30527 : FF58;
    30528 : FEF4;
    30529 : FE92;
    30530 : FD2D;
    30531 : FEEB;
    30532 : 0376;
    30533 : 0423;
    30534 : 0145;
    30535 : 0048;
    30536 : 0038;
    30537 : FFA3;
    30538 : 0163;
    30539 : 0328;
    30540 : 008E;
    30541 : FDE0;
    30542 : FF08;
    30543 : FFC7;
    30544 : FFA2;
    30545 : 0266;
    30546 : 0449;
    30547 : 017B;
    30548 : FF5E;
    30549 : 0084;
    30550 : 009E;
    30551 : FFAB;
    30552 : FFFD;
    30553 : FFE9;
    30554 : FFF7;
    30555 : 024F;
    30556 : 03CA;
    30557 : 02B6;
    30558 : 02E1;
    30559 : 03BE;
    30560 : 028A;
    30561 : 02AB;
    30562 : 04BE;
    30563 : 0348;
    30564 : FF73;
    30565 : FE78;
    30566 : FEA6;
    30567 : FDE2;
    30568 : FF57;
    30569 : 03B8;
    30570 : 06FA;
    30571 : 06CD;
    30572 : 052A;
    30573 : 043C;
    30574 : 0387;
    30575 : 02E6;
    30576 : 0305;
    30577 : 02E5;
    30578 : 027F;
    30579 : 02DD;
    30580 : 029A;
    30581 : 0123;
    30582 : 0039;
    30583 : 006C;
    30584 : 01EE;
    30585 : 0415;
    30586 : 047D;
    30587 : 03B3;
    30588 : 0375;
    30589 : 02D9;
    30590 : 020A;
    30591 : 0199;
    30592 : 00F8;
    30593 : 01BC;
    30594 : 03A4;
    30595 : 0383;
    30596 : 028E;
    30597 : 02F7;
    30598 : 02EC;
    30599 : 0220;
    30600 : 01E8;
    30601 : 01BF;
    30602 : 01A1;
    30603 : 0221;
    30604 : 0334;
    30605 : 04C6;
    30606 : 05C4;
    30607 : 04EC;
    30608 : 024C;
    30609 : FF4B;
    30610 : FE98;
    30611 : 007D;
    30612 : 01DC;
    30613 : 020A;
    30614 : 0246;
    30615 : 0170;
    30616 : FF75;
    30617 : FF51;
    30618 : 0292;
    30619 : 068D;
    30620 : 07D1;
    30621 : 074A;
    30622 : 06B4;
    30623 : 046A;
    30624 : 0188;
    30625 : 00E3;
    30626 : 003B;
    30627 : FEB4;
    30628 : FE8B;
    30629 : FE40;
    30630 : FE01;
    30631 : 0076;
    30632 : 02EC;
    30633 : 038F;
    30634 : 044C;
    30635 : 03B8;
    30636 : 0198;
    30637 : 005F;
    30638 : FF0C;
    30639 : FDE6;
    30640 : FEE0;
    30641 : FF91;
    30642 : FEBB;
    30643 : FE28;
    30644 : FD71;
    30645 : FDBF;
    30646 : 0162;
    30647 : 0576;
    30648 : 05FF;
    30649 : 034A;
    30650 : FFFF;
    30651 : FE1B;
    30652 : FD05;
    30653 : FC6D;
    30654 : FE69;
    30655 : 0180;
    30656 : 0118;
    30657 : FDC8;
    30658 : FB75;
    30659 : FB0D;
    30660 : FC26;
    30661 : FE4E;
    30662 : FF7C;
    30663 : FE4C;
    30664 : FCCE;
    30665 : FD97;
    30666 : FFC8;
    30667 : 016E;
    30668 : 0257;
    30669 : 0195;
    30670 : FE69;
    30671 : FBB1;
    30672 : FC01;
    30673 : FE34;
    30674 : 006B;
    30675 : 0161;
    30676 : 0092;
    30677 : FED3;
    30678 : FCD1;
    30679 : FBE4;
    30680 : FE23;
    30681 : 018A;
    30682 : 0217;
    30683 : 007A;
    30684 : FEF7;
    30685 : FD72;
    30686 : FC5C;
    30687 : FC96;
    30688 : FD7E;
    30689 : FE3E;
    30690 : FE53;
    30691 : FDF1;
    30692 : FE56;
    30693 : 0011;
    30694 : 026D;
    30695 : 0356;
    30696 : 00EA;
    30697 : FD9A;
    30698 : FC5F;
    30699 : FB27;
    30700 : FA46;
    30701 : FD99;
    30702 : 018E;
    30703 : 00B5;
    30704 : FE84;
    30705 : FE11;
    30706 : FDAD;
    30707 : FE82;
    30708 : 005A;
    30709 : FF6B;
    30710 : FDCA;
    30711 : FF29;
    30712 : 0049;
    30713 : FF3B;
    30714 : FF05;
    30715 : FF77;
    30716 : FED0;
    30717 : FE89;
    30718 : FE91;
    30719 : FD08;
    30720 : FB98;
    30721 : FC32;
    30722 : FCFE;
    30723 : FD05;
    30724 : FDC4;
    30725 : FEAB;
    30726 : FE62;
    30727 : FE84;
    30728 : 0003;
    30729 : 00D0;
    30730 : 0071;
    30731 : 0045;
    30732 : FF9F;
    30733 : FE01;
    30734 : FCDF;
    30735 : FC5E;
    30736 : FC3C;
    30737 : FD50;
    30738 : FECD;
    30739 : FFC6;
    30740 : 00D7;
    30741 : 00E9;
    30742 : FF58;
    30743 : FE2F;
    30744 : FD80;
    30745 : FC59;
    30746 : FC01;
    30747 : FC75;
    30748 : FCFF;
    30749 : FE0F;
    30750 : FE6F;
    30751 : FE11;
    30752 : FED7;
    30753 : FF35;
    30754 : FE2B;
    30755 : FE2B;
    30756 : FEA8;
    30757 : FEC0;
    30758 : 0016;
    30759 : 009E;
    30760 : FEF5;
    30761 : FEC3;
    30762 : FF45;
    30763 : FD17;
    30764 : FBC2;
    30765 : FE00;
    30766 : FF82;
    30767 : FE84;
    30768 : FE17;
    30769 : FE7D;
    30770 : FDFE;
    30771 : FD98;
    30772 : FE3B;
    30773 : FE99;
    30774 : FE91;
    30775 : FF18;
    30776 : FF91;
    30777 : FF1B;
    30778 : FDE2;
    30779 : FC95;
    30780 : FC18;
    30781 : FC9A;
    30782 : FDC9;
    30783 : FF13;
    30784 : FF4F;
    30785 : FF0A;
    30786 : FEF0;
    30787 : FCE0;
    30788 : FA9F;
    30789 : FCF2;
    30790 : 0098;
    30791 : 0130;
    30792 : 01D3;
    30793 : 023A;
    30794 : FF12;
    30795 : FC72;
    30796 : FDC9;
    30797 : FF65;
    30798 : FF34;
    30799 : FE9D;
    30800 : FDE3;
    30801 : FCBA;
    30802 : FC63;
    30803 : FE5B;
    30804 : 008F;
    30805 : 0017;
    30806 : FF2E;
    30807 : FFC9;
    30808 : FF61;
    30809 : FE05;
    30810 : FDD1;
    30811 : FDEB;
    30812 : FE0F;
    30813 : FEA2;
    30814 : FE68;
    30815 : FE52;
    30816 : FFD5;
    30817 : 00A1;
    30818 : FF82;
    30819 : FEB3;
    30820 : FE91;
    30821 : FDA1;
    30822 : FCD3;
    30823 : FD5B;
    30824 : FDB3;
    30825 : FD73;
    30826 : FE31;
    30827 : FEE8;
    30828 : FE34;
    30829 : FDBB;
    30830 : FE09;
    30831 : FE59;
    30832 : FF49;
    30833 : FFBE;
    30834 : FE02;
    30835 : FC43;
    30836 : FCDE;
    30837 : FE9E;
    30838 : FF82;
    30839 : FF0F;
    30840 : FE39;
    30841 : FE33;
    30842 : FEF5;
    30843 : FF39;
    30844 : FE69;
    30845 : FE1E;
    30846 : FEE4;
    30847 : FE37;
    30848 : FCA2;
    30849 : FDA4;
    30850 : FF9B;
    30851 : FF9B;
    30852 : FF6F;
    30853 : FF51;
    30854 : FD7C;
    30855 : FBD4;
    30856 : FC2B;
    30857 : FD1B;
    30858 : FD75;
    30859 : FD33;
    30860 : FCCC;
    30861 : FC8F;
    30862 : FC44;
    30863 : FCBA;
    30864 : FE80;
    30865 : FFAD;
    30866 : FF16;
    30867 : FE0B;
    30868 : FD12;
    30869 : FBC8;
    30870 : FB85;
    30871 : FD10;
    30872 : FE4C;
    30873 : FEB6;
    30874 : FFF2;
    30875 : 007C;
    30876 : FF82;
    30877 : FFDC;
    30878 : FFBE;
    30879 : FCB2;
    30880 : FC3B;
    30881 : FF92;
    30882 : 000C;
    30883 : FE72;
    30884 : FF12;
    30885 : FEFE;
    30886 : FDAF;
    30887 : FF02;
    30888 : 0056;
    30889 : FDCE;
    30890 : FB2E;
    30891 : FB57;
    30892 : FB0C;
    30893 : FA60;
    30894 : FC87;
    30895 : FEE2;
    30896 : FF52;
    30897 : 00EF;
    30898 : 01E1;
    30899 : FF91;
    30900 : FEAA;
    30901 : FE4D;
    30902 : F96A;
    30903 : F606;
    30904 : F9BF;
    30905 : FED0;
    30906 : 015E;
    30907 : 02EB;
    30908 : 0389;
    30909 : 030A;
    30910 : 01B3;
    30911 : 0037;
    30912 : FF2D;
    30913 : FD2D;
    30914 : FB3C;
    30915 : FBCD;
    30916 : FC45;
    30917 : FC0E;
    30918 : FEFC;
    30919 : 0263;
    30920 : 01CD;
    30921 : 0087;
    30922 : 00E9;
    30923 : 0075;
    30924 : 0041;
    30925 : 0247;
    30926 : 027D;
    30927 : FEB8;
    30928 : FC94;
    30929 : FE2E;
    30930 : FEE1;
    30931 : FF61;
    30932 : 0264;
    30933 : 036F;
    30934 : 0171;
    30935 : 0165;
    30936 : 0239;
    30937 : 017B;
    30938 : 0190;
    30939 : 01AC;
    30940 : 0014;
    30941 : FF7B;
    30942 : FFB7;
    30943 : FE1A;
    30944 : FCC1;
    30945 : FE2B;
    30946 : 0031;
    30947 : 012D;
    30948 : 028D;
    30949 : 03E8;
    30950 : 030E;
    30951 : 01C4;
    30952 : 02C1;
    30953 : 03FD;
    30954 : 03C3;
    30955 : 0356;
    30956 : 0237;
    30957 : 00B8;
    30958 : 01B6;
    30959 : 03F9;
    30960 : 03CE;
    30961 : 0237;
    30962 : 0174;
    30963 : 0036;
    30964 : FE44;
    30965 : FE85;
    30966 : 00F6;
    30967 : 0253;
    30968 : 024E;
    30969 : 025B;
    30970 : 0215;
    30971 : 0253;
    30972 : 043B;
    30973 : 059B;
    30974 : 04E0;
    30975 : 0317;
    30976 : 0125;
    30977 : FFF1;
    30978 : FFB4;
    30979 : 0027;
    30980 : 0255;
    30981 : 04ED;
    30982 : 0489;
    30983 : 0252;
    30984 : 0137;
    30985 : 011C;
    30986 : 01B9;
    30987 : 0247;
    30988 : 0158;
    30989 : 00AA;
    30990 : 01AF;
    30991 : 0296;
    30992 : 0311;
    30993 : 03F9;
    30994 : 0412;
    30995 : 0310;
    30996 : 028E;
    30997 : 02E8;
    30998 : 036F;
    30999 : 03C4;
    31000 : 0392;
    31001 : 030A;
    31002 : 02D9;
    31003 : 02BB;
    31004 : 0247;
    31005 : 023E;
    31006 : 028D;
    31007 : 021C;
    31008 : 0197;
    31009 : 018D;
    31010 : 00DC;
    31011 : 007D;
    31012 : 0229;
    31013 : 0457;
    31014 : 0546;
    31015 : 0533;
    31016 : 04C4;
    31017 : 04B8;
    31018 : 044D;
    31019 : 026E;
    31020 : 015D;
    31021 : 0242;
    31022 : 02C9;
    31023 : 02DC;
    31024 : 0321;
    31025 : 029D;
    31026 : 034B;
    31027 : 05B0;
    31028 : 0541;
    31029 : 026A;
    31030 : 01B5;
    31031 : 01A3;
    31032 : 00BA;
    31033 : 0209;
    31034 : 03FA;
    31035 : 0305;
    31036 : 0216;
    31037 : 032A;
    31038 : 0389;
    31039 : 03CC;
    31040 : 0573;
    31041 : 0515;
    31042 : 023B;
    31043 : 01D6;
    31044 : 03EA;
    31045 : 0424;
    31046 : 030D;
    31047 : 0312;
    31048 : 02F4;
    31049 : 0217;
    31050 : 0227;
    31051 : 02B8;
    31052 : 0269;
    31053 : 01DE;
    31054 : 0197;
    31055 : 0111;
    31056 : 0105;
    31057 : 029D;
    31058 : 04E1;
    31059 : 057D;
    31060 : 0456;
    31061 : 0388;
    31062 : 02F3;
    31063 : 0143;
    31064 : 00D2;
    31065 : 02E0;
    31066 : 03A5;
    31067 : 02B6;
    31068 : 034A;
    31069 : 038F;
    31070 : 0216;
    31071 : 0293;
    31072 : 041C;
    31073 : 029E;
    31074 : 00B5;
    31075 : 011B;
    31076 : 014C;
    31077 : 0120;
    31078 : 01CA;
    31079 : 016D;
    31080 : 00EA;
    31081 : 02C5;
    31082 : 03E0;
    31083 : 01FA;
    31084 : 00D6;
    31085 : 0134;
    31086 : 0086;
    31087 : 009C;
    31088 : 025F;
    31089 : 02C2;
    31090 : 026F;
    31091 : 0342;
    31092 : 0353;
    31093 : 02D1;
    31094 : 0324;
    31095 : 02ED;
    31096 : 02D8;
    31097 : 03B5;
    31098 : 02C4;
    31099 : 0091;
    31100 : 0018;
    31101 : 0078;
    31102 : 00D7;
    31103 : 018A;
    31104 : 01E4;
    31105 : 02C5;
    31106 : 0403;
    31107 : 039C;
    31108 : 0317;
    31109 : 0301;
    31110 : 00A1;
    31111 : FE0B;
    31112 : FE97;
    31113 : 0049;
    31114 : 018D;
    31115 : 0296;
    31116 : 0333;
    31117 : 047C;
    31118 : 0529;
    31119 : 02D8;
    31120 : 015A;
    31121 : 0357;
    31122 : 0464;
    31123 : 03B6;
    31124 : 0426;
    31125 : 02C8;
    31126 : FDD2;
    31127 : FB33;
    31128 : FE22;
    31129 : 020E;
    31130 : 036A;
    31131 : 036D;
    31132 : 0326;
    31133 : 01A7;
    31134 : FEE5;
    31135 : FD55;
    31136 : FECD;
    31137 : 00EC;
    31138 : 010C;
    31139 : 00D4;
    31140 : 00E0;
    31141 : FF6A;
    31142 : FFA6;
    31143 : 0415;
    31144 : 0615;
    31145 : 023D;
    31146 : FEF2;
    31147 : FDFA;
    31148 : FB68;
    31149 : F9FF;
    31150 : FD90;
    31151 : 0192;
    31152 : 01EB;
    31153 : 0139;
    31154 : 010D;
    31155 : 003F;
    31156 : 0044;
    31157 : 00FC;
    31158 : FE6E;
    31159 : FA71;
    31160 : FAFF;
    31161 : FE0C;
    31162 : FF35;
    31163 : 00F4;
    31164 : 0426;
    31165 : 0567;
    31166 : 04A6;
    31167 : 02CE;
    31168 : FFE8;
    31169 : FE8B;
    31170 : FF3B;
    31171 : FF20;
    31172 : FEF0;
    31173 : 0004;
    31174 : FFCA;
    31175 : FDF5;
    31176 : FD95;
    31177 : FEB7;
    31178 : FF78;
    31179 : FFDD;
    31180 : FFA3;
    31181 : FE04;
    31182 : FD11;
    31183 : FEC9;
    31184 : 007A;
    31185 : FFE3;
    31186 : FF27;
    31187 : FEE4;
    31188 : FDBC;
    31189 : FD73;
    31190 : FF0D;
    31191 : 0020;
    31192 : 002C;
    31193 : 000E;
    31194 : FF4A;
    31195 : FE8B;
    31196 : FE40;
    31197 : FDC2;
    31198 : FE9D;
    31199 : 011B;
    31200 : 0224;
    31201 : 01A2;
    31202 : 0183;
    31203 : 014B;
    31204 : 0173;
    31205 : 0250;
    31206 : 0138;
    31207 : FEDD;
    31208 : FE9C;
    31209 : FF02;
    31210 : FED1;
    31211 : 00D1;
    31212 : 0391;
    31213 : 02EB;
    31214 : 00BE;
    31215 : FFED;
    31216 : FEF4;
    31217 : FDEE;
    31218 : FEAD;
    31219 : FF0E;
    31220 : FD7E;
    31221 : FD03;
    31222 : FED2;
    31223 : 00C3;
    31224 : 0248;
    31225 : 036D;
    31226 : 035D;
    31227 : 02B0;
    31228 : 0198;
    31229 : FF88;
    31230 : FEBE;
    31231 : 0082;
    31232 : 01D9;
    31233 : 022F;
    31234 : 0413;
    31235 : 05FB;
    31236 : 04A4;
    31237 : 01A5;
    31238 : 0099;
    31239 : 018F;
    31240 : 01B4;
    31241 : 0008;
    31242 : FEBB;
    31243 : FEFC;
    31244 : FFAD;
    31245 : 00D4;
    31246 : 0295;
    31247 : 0362;
    31248 : 0399;
    31249 : 04C6;
    31250 : 048A;
    31251 : 00B7;
    31252 : FD53;
    31253 : FDDA;
    31254 : FF2D;
    31255 : FEDB;
    31256 : FF5A;
    31257 : 015C;
    31258 : 029E;
    31259 : 02FE;
    31260 : 035B;
    31261 : 02FC;
    31262 : 01C4;
    31263 : 0122;
    31264 : 01C9;
    31265 : 01D5;
    31266 : FF4D;
    31267 : FCB7;
    31268 : FD7D;
    31269 : FFC1;
    31270 : 011F;
    31271 : 02DC;
    31272 : 04F0;
    31273 : 054F;
    31274 : 032B;
    31275 : FFA0;
    31276 : FDE3;
    31277 : FEE7;
    31278 : FF7B;
    31279 : FFA6;
    31280 : 00A6;
    31281 : FE8C;
    31282 : FA3B;
    31283 : FB33;
    31284 : 0011;
    31285 : 0213;
    31286 : 02A4;
    31287 : 039C;
    31288 : 0148;
    31289 : FD18;
    31290 : FCBD;
    31291 : FEFC;
    31292 : FFB5;
    31293 : 0001;
    31294 : 009A;
    31295 : FF2D;
    31296 : FD7F;
    31297 : FF0A;
    31298 : 0203;
    31299 : 0355;
    31300 : 026A;
    31301 : FFF4;
    31302 : FDFA;
    31303 : FC88;
    31304 : FAC4;
    31305 : FC5D;
    31306 : 0126;
    31307 : 01E2;
    31308 : FF56;
    31309 : FF73;
    31310 : FF92;
    31311 : FE09;
    31312 : FF5E;
    31313 : 020F;
    31314 : 019C;
    31315 : FF42;
    31316 : FCF0;
    31317 : FB46;
    31318 : FB2A;
    31319 : FBBD;
    31320 : FCAD;
    31321 : FF2B;
    31322 : 01A1;
    31323 : 01AC;
    31324 : 0073;
    31325 : FFEF;
    31326 : FFAE;
    31327 : FEAA;
    31328 : FD05;
    31329 : FB23;
    31330 : FA0C;
    31331 : FB66;
    31332 : FE0D;
    31333 : FF54;
    31334 : FFDF;
    31335 : 003E;
    31336 : FE8E;
    31337 : FC9A;
    31338 : FDB5;
    31339 : FF81;
    31340 : FF81;
    31341 : FFA5;
    31342 : FF7C;
    31343 : FD21;
    31344 : FC5E;
    31345 : 0032;
    31346 : 037B;
    31347 : 02C0;
    31348 : 0197;
    31349 : 0082;
    31350 : FD66;
    31351 : FC37;
    31352 : FF50;
    31353 : 01DB;
    31354 : 023B;
    31355 : 0232;
    31356 : 003E;
    31357 : FD80;
    31358 : FD9B;
    31359 : FEBD;
    31360 : FEB9;
    31361 : FF37;
    31362 : FF2D;
    31363 : FD3D;
    31364 : FC36;
    31365 : FC86;
    31366 : FC6D;
    31367 : FE24;
    31368 : 0207;
    31369 : 0395;
    31370 : 025F;
    31371 : 0180;
    31372 : 00BD;
    31373 : 0008;
    31374 : 00D5;
    31375 : 014B;
    31376 : FF78;
    31377 : FD36;
    31378 : FC66;
    31379 : FCCF;
    31380 : FDC5;
    31381 : FFAE;
    31382 : 02A7;
    31383 : 03B6;
    31384 : 0160;
    31385 : FF5E;
    31386 : FF14;
    31387 : FEA3;
    31388 : FF01;
    31389 : FFA8;
    31390 : FE7B;
    31391 : FE87;
    31392 : 0174;
    31393 : 0369;
    31394 : 0386;
    31395 : 03B4;
    31396 : 039E;
    31397 : 021E;
    31398 : FE96;
    31399 : FB44;
    31400 : FBFE;
    31401 : FF2F;
    31402 : 0143;
    31403 : 034C;
    31404 : 0612;
    31405 : 076A;
    31406 : 0623;
    31407 : 0337;
    31408 : 011D;
    31409 : 007F;
    31410 : FF12;
    31411 : FCBC;
    31412 : FBE9;
    31413 : FDD2;
    31414 : 01C1;
    31415 : 042E;
    31416 : 02FC;
    31417 : 0194;
    31418 : 014C;
    31419 : 000B;
    31420 : FFA9;
    31421 : 0117;
    31422 : 0137;
    31423 : 0091;
    31424 : 0094;
    31425 : FF62;
    31426 : FE54;
    31427 : FFAE;
    31428 : 0054;
    31429 : FEF7;
    31430 : FF1F;
    31431 : 00B6;
    31432 : 00BC;
    31433 : 006C;
    31434 : 019A;
    31435 : 0242;
    31436 : 01C2;
    31437 : 01C1;
    31438 : 0163;
    31439 : 0005;
    31440 : FFC9;
    31441 : 013C;
    31442 : 02D5;
    31443 : 0386;
    31444 : 02A1;
    31445 : 007A;
    31446 : FEB8;
    31447 : FEDB;
    31448 : 00F9;
    31449 : 02E8;
    31450 : 02E7;
    31451 : 01FE;
    31452 : 0126;
    31453 : 0144;
    31454 : 0353;
    31455 : 04B0;
    31456 : 0398;
    31457 : 02A4;
    31458 : 00EB;
    31459 : FCEC;
    31460 : FC39;
    31461 : 00DB;
    31462 : 0434;
    31463 : 036F;
    31464 : 01A1;
    31465 : FFF9;
    31466 : FE46;
    31467 : FE0F;
    31468 : 0033;
    31469 : 0238;
    31470 : 01C8;
    31471 : 007B;
    31472 : FFC4;
    31473 : FF19;
    31474 : FFCC;
    31475 : 01E4;
    31476 : 023E;
    31477 : 0138;
    31478 : 015C;
    31479 : 01C1;
    31480 : 01A7;
    31481 : 022C;
    31482 : 02E7;
    31483 : 02E4;
    31484 : 022D;
    31485 : 0104;
    31486 : FFED;
    31487 : FF69;
    31488 : FFB2;
    31489 : 0066;
    31490 : 007D;
    31491 : FFEC;
    31492 : FF45;
    31493 : FE76;
    31494 : FE6E;
    31495 : FFD6;
    31496 : 00CE;
    31497 : 0098;
    31498 : 00A0;
    31499 : 00CA;
    31500 : 00A4;
    31501 : 00BC;
    31502 : 00C7;
    31503 : 0081;
    31504 : FF7D;
    31505 : FCEC;
    31506 : FBBC;
    31507 : FED5;
    31508 : 01CE;
    31509 : 0119;
    31510 : 0073;
    31511 : 00BF;
    31512 : FEF3;
    31513 : FD1B;
    31514 : FDF3;
    31515 : FF64;
    31516 : FFAA;
    31517 : FEB3;
    31518 : FCE6;
    31519 : FBAD;
    31520 : FB27;
    31521 : FB67;
    31522 : FE05;
    31523 : 00FB;
    31524 : 00C3;
    31525 : FEDC;
    31526 : FDAA;
    31527 : FD47;
    31528 : FE67;
    31529 : 0140;
    31530 : 03EE;
    31531 : 0383;
    31532 : FF4A;
    31533 : FBA6;
    31534 : FB43;
    31535 : FB61;
    31536 : FCE2;
    31537 : 0120;
    31538 : 01E4;
    31539 : FD92;
    31540 : FAF9;
    31541 : FB63;
    31542 : FC29;
    31543 : FE0D;
    31544 : 0095;
    31545 : 01D8;
    31546 : 0172;
    31547 : FF65;
    31548 : FD92;
    31549 : FDCE;
    31550 : FEAC;
    31551 : FF19;
    31552 : FEBA;
    31553 : FCF4;
    31554 : FC51;
    31555 : FE13;
    31556 : FEC5;
    31557 : FE5E;
    31558 : FF1C;
    31559 : FE0B;
    31560 : FAF5;
    31561 : FBFC;
    31562 : 00A4;
    31563 : 023C;
    31564 : 0118;
    31565 : 00AA;
    31566 : FF1E;
    31567 : FCDD;
    31568 : FE6D;
    31569 : 021E;
    31570 : 0293;
    31571 : 00AF;
    31572 : FF92;
    31573 : FE79;
    31574 : FD3D;
    31575 : FE39;
    31576 : 00C1;
    31577 : 0131;
    31578 : FFA1;
    31579 : FEDF;
    31580 : FE45;
    31581 : FCDD;
    31582 : FD60;
    31583 : 004B;
    31584 : 01E6;
    31585 : 00B9;
    31586 : FED1;
    31587 : FDF4;
    31588 : FE0B;
    31589 : FE8D;
    31590 : FFE1;
    31591 : 0157;
    31592 : 0172;
    31593 : 0111;
    31594 : 009A;
    31595 : FF05;
    31596 : FE40;
    31597 : FF44;
    31598 : FF62;
    31599 : FF15;
    31600 : 0000;
    31601 : 0053;
    31602 : 0032;
    31603 : 00EE;
    31604 : 0123;
    31605 : 00FB;
    31606 : 00D7;
    31607 : FEC9;
    31608 : FC5C;
    31609 : FCB8;
    31610 : FE7F;
    31611 : FFB9;
    31612 : 00EA;
    31613 : 0277;
    31614 : 0334;
    31615 : 00C3;
    31616 : FC23;
    31617 : FA91;
    31618 : FC76;
    31619 : FD5B;
    31620 : FDA7;
    31621 : FF77;
    31622 : 007C;
    31623 : 0009;
    31624 : 0044;
    31625 : 0081;
    31626 : 000F;
    31627 : 007E;
    31628 : 011F;
    31629 : 0053;
    31630 : FF68;
    31631 : FFAC;
    31632 : 0069;
    31633 : 009B;
    31634 : FFEF;
    31635 : FF59;
    31636 : FF73;
    31637 : FED6;
    31638 : FD8B;
    31639 : FDA6;
    31640 : FEC5;
    31641 : FF14;
    31642 : FF09;
    31643 : FFC0;
    31644 : 005C;
    31645 : FEDD;
    31646 : FBC9;
    31647 : FAB6;
    31648 : FC85;
    31649 : FE6F;
    31650 : FF85;
    31651 : 0086;
    31652 : 015E;
    31653 : 015D;
    31654 : FF1D;
    31655 : FBB6;
    31656 : FAE8;
    31657 : FC4B;
    31658 : FD26;
    31659 : FE2D;
    31660 : FF7A;
    31661 : 0000;
    31662 : 00AA;
    31663 : 00A3;
    31664 : FF15;
    31665 : FE83;
    31666 : FE9F;
    31667 : FD75;
    31668 : FD4F;
    31669 : FED4;
    31670 : FF35;
    31671 : FF14;
    31672 : 000C;
    31673 : 009A;
    31674 : 006B;
    31675 : 00E5;
    31676 : 0112;
    31677 : FF4C;
    31678 : FCEF;
    31679 : FC62;
    31680 : FD26;
    31681 : FD53;
    31682 : FD1B;
    31683 : FD3E;
    31684 : FCE2;
    31685 : FC05;
    31686 : FC37;
    31687 : FD6B;
    31688 : FE40;
    31689 : FEB4;
    31690 : FF28;
    31691 : FF68;
    31692 : FFC7;
    31693 : FFF2;
    31694 : FEF9;
    31695 : FDC1;
    31696 : FD24;
    31697 : FC9E;
    31698 : FD00;
    31699 : FE38;
    31700 : FE2B;
    31701 : FDAF;
    31702 : FE25;
    31703 : FD7E;
    31704 : FC5C;
    31705 : FDBB;
    31706 : FF66;
    31707 : FE74;
    31708 : FD5C;
    31709 : FDDB;
    31710 : FDDA;
    31711 : FD1A;
    31712 : FD4D;
    31713 : FD5F;
    31714 : FC79;
    31715 : FD33;
    31716 : FF13;
    31717 : FE56;
    31718 : FCA5;
    31719 : FD35;
    31720 : FDC6;
    31721 : FD5C;
    31722 : FDAA;
    31723 : FD2A;
    31724 : FBB1;
    31725 : FC27;
    31726 : FDB9;
    31727 : FE29;
    31728 : FE40;
    31729 : FE51;
    31730 : FDB1;
    31731 : FCE4;
    31732 : FCB1;
    31733 : FD60;
    31734 : FE60;
    31735 : FEE8;
    31736 : FF44;
    31737 : FF16;
    31738 : FD96;
    31739 : FD00;
    31740 : FF0F;
    31741 : 009C;
    31742 : FFC5;
    31743 : FF1C;
    31744 : FEB4;
    31745 : FCB0;
    31746 : FB83;
    31747 : FCD5;
    31748 : FD5E;
    31749 : FC4D;
    31750 : FC0B;
    31751 : FC1E;
    31752 : FBE6;
    31753 : FD3B;
    31754 : FFE1;
    31755 : 013D;
    31756 : 005F;
    31757 : FED8;
    31758 : FE2C;
    31759 : FE09;
    31760 : FE2B;
    31761 : FEA4;
    31762 : FE3E;
    31763 : FD6B;
    31764 : FDF6;
    31765 : FE7E;
    31766 : FE43;
    31767 : FF22;
    31768 : 0001;
    31769 : FF0D;
    31770 : FD39;
    31771 : FB92;
    31772 : FBE9;
    31773 : FE6D;
    31774 : FFCB;
    31775 : 00B1;
    31776 : 0281;
    31777 : 005B;
    31778 : FABD;
    31779 : F8F8;
    31780 : FAB0;
    31781 : FBE5;
    31782 : FD8F;
    31783 : 0012;
    31784 : 01E3;
    31785 : 01E9;
    31786 : FFA3;
    31787 : FDC5;
    31788 : FE56;
    31789 : FEC4;
    31790 : FE44;
    31791 : FE89;
    31792 : FF54;
    31793 : 001D;
    31794 : 0039;
    31795 : FF61;
    31796 : FF68;
    31797 : FFC9;
    31798 : FF3F;
    31799 : 0076;
    31800 : 02AC;
    31801 : 0187;
    31802 : FF12;
    31803 : FEF6;
    31804 : FFE4;
    31805 : 00EC;
    31806 : 01B4;
    31807 : 0126;
    31808 : 00D5;
    31809 : 01B1;
    31810 : 0219;
    31811 : 01EF;
    31812 : 0177;
    31813 : 0059;
    31814 : FF24;
    31815 : FD5B;
    31816 : FB78;
    31817 : FC72;
    31818 : FFC3;
    31819 : 0249;
    31820 : 03A1;
    31821 : 046C;
    31822 : 050D;
    31823 : 0484;
    31824 : 00A4;
    31825 : FD38;
    31826 : FF0B;
    31827 : 013D;
    31828 : 00AE;
    31829 : 01B8;
    31830 : 024E;
    31831 : FF8C;
    31832 : FF59;
    31833 : 0242;
    31834 : 02AA;
    31835 : 01F2;
    31836 : 01A0;
    31837 : FF9B;
    31838 : FF42;
    31839 : 02A6;
    31840 : 0402;
    31841 : 01B6;
    31842 : 0080;
    31843 : 0091;
    31844 : FFA9;
    31845 : FF7F;
    31846 : 0058;
    31847 : 003D;
    31848 : 00DE;
    31849 : 0266;
    31850 : 012D;
    31851 : FEDE;
    31852 : FE69;
    31853 : FD61;
    31854 : FCC4;
    31855 : FE63;
    31856 : FD7A;
    31857 : FAA9;
    31858 : FB5A;
    31859 : FCBD;
    31860 : FD20;
    31861 : FFF2;
    31862 : 021A;
    31863 : 0128;
    31864 : 014B;
    31865 : 021F;
    31866 : 017F;
    31867 : 018C;
    31868 : 0160;
    31869 : FF59;
    31870 : FEAC;
    31871 : 0060;
    31872 : 016B;
    31873 : 00E4;
    31874 : FFFB;
    31875 : FEEA;
    31876 : FD8A;
    31877 : FC9A;
    31878 : FCD7;
    31879 : FE5C;
    31880 : 009D;
    31881 : 01CB;
    31882 : 011B;
    31883 : 002E;
    31884 : FEE4;
    31885 : FCC3;
    31886 : FCC2;
    31887 : FF57;
    31888 : 015C;
    31889 : 0225;
    31890 : 01B5;
    31891 : 0040;
    31892 : FFCE;
    31893 : FF4E;
    31894 : FD78;
    31895 : FD4E;
    31896 : FEA9;
    31897 : FEAB;
    31898 : FE2B;
    31899 : FE07;
    31900 : FE60;
    31901 : FFB7;
    31902 : FFE5;
    31903 : FE8B;
    31904 : FE17;
    31905 : FDBE;
    31906 : FD66;
    31907 : FEC2;
    31908 : FFB4;
    31909 : FEED;
    31910 : FE50;
    31911 : FE3C;
    31912 : FF14;
    31913 : 0092;
    31914 : 014A;
    31915 : 02E9;
    31916 : 0483;
    31917 : 0182;
    31918 : FCE1;
    31919 : FBB7;
    31920 : FBB3;
    31921 : FBE2;
    31922 : FDB6;
    31923 : FF0F;
    31924 : 006A;
    31925 : 034F;
    31926 : 03C8;
    31927 : 0150;
    31928 : 00A0;
    31929 : 00DD;
    31930 : FF8A;
    31931 : FF06;
    31932 : FF95;
    31933 : FF83;
    31934 : 0034;
    31935 : 015A;
    31936 : 0180;
    31937 : 020A;
    31938 : 0147;
    31939 : FD30;
    31940 : FAFF;
    31941 : FCBF;
    31942 : FD9A;
    31943 : FE13;
    31944 : FFEA;
    31945 : FFD5;
    31946 : FF17;
    31947 : 009F;
    31948 : 012E;
    31949 : FFE3;
    31950 : FF8C;
    31951 : FF9D;
    31952 : FFB1;
    31953 : FFDD;
    31954 : FE75;
    31955 : FDE6;
    31956 : 0146;
    31957 : 0420;
    31958 : 0293;
    31959 : FFF5;
    31960 : FE70;
    31961 : FD00;
    31962 : FDB7;
    31963 : 00F8;
    31964 : 013C;
    31965 : FE0B;
    31966 : FD2E;
    31967 : FDC8;
    31968 : FCEA;
    31969 : FE2A;
    31970 : 0189;
    31971 : 02D3;
    31972 : 02BA;
    31973 : 019C;
    31974 : FF1D;
    31975 : FE85;
    31976 : FEE7;
    31977 : FE1F;
    31978 : FFDD;
    31979 : 02C0;
    31980 : 0217;
    31981 : 013F;
    31982 : 01FE;
    31983 : 0102;
    31984 : FFBE;
    31985 : FFA7;
    31986 : FEFF;
    31987 : FEF2;
    31988 : 005A;
    31989 : 01B9;
    31990 : 02F0;
    31991 : 03D1;
    31992 : 03D6;
    31993 : 0265;
    31994 : FEBA;
    31995 : FBF0;
    31996 : FD37;
    31997 : FFC8;
    31998 : 0153;
    31999 : 028D;
    32000 : 030A;
    32001 : 034B;
    32002 : 0361;
    32003 : 016F;
    32004 : FF51;
    32005 : FF3C;
    32006 : FEFB;
    32007 : FE6A;
    32008 : FF25;
    32009 : FFFC;
    32010 : 014C;
    32011 : 03A8;
    32012 : 03E3;
    32013 : 0192;
    32014 : FFF6;
    32015 : FF02;
    32016 : FDC0;
    32017 : FE32;
    32018 : 00EF;
    32019 : 0376;
    32020 : 03CB;
    32021 : 023D;
    32022 : 00DC;
    32023 : 00D7;
    32024 : 0116;
    32025 : 018C;
    32026 : 02CB;
    32027 : 0249;
    32028 : FFAA;
    32029 : FF2D;
    32030 : 0098;
    32031 : 0178;
    32032 : 0450;
    32033 : 06FF;
    32034 : 0357;
    32035 : FDD9;
    32036 : FD17;
    32037 : FDC7;
    32038 : FE81;
    32039 : 01F3;
    32040 : 058C;
    32041 : 068E;
    32042 : 0586;
    32043 : 02BA;
    32044 : 0029;
    32045 : FF61;
    32046 : FEFA;
    32047 : FF74;
    32048 : 017C;
    32049 : 028F;
    32050 : 01AE;
    32051 : 0047;
    32052 : FF78;
    32053 : FF9A;
    32054 : FFB3;
    32055 : FFFD;
    32056 : 016D;
    32057 : 013C;
    32058 : FE71;
    32059 : FD5A;
    32060 : FDE4;
    32061 : FC5A;
    32062 : FB4F;
    32063 : FE24;
    32064 : 00E9;
    32065 : FFD0;
    32066 : FE12;
    32067 : FECE;
    32068 : FF85;
    32069 : FEED;
    32070 : FF57;
    32071 : FFD8;
    32072 : FEE1;
    32073 : FECD;
    32074 : FF78;
    32075 : FEAB;
    32076 : FDE3;
    32077 : FDD2;
    32078 : FD9A;
    32079 : FE6A;
    32080 : FF33;
    32081 : FE11;
    32082 : FCFB;
    32083 : FC64;
    32084 : FB6F;
    32085 : FC1D;
    32086 : FD8A;
    32087 : FCBD;
    32088 : FB66;
    32089 : FB32;
    32090 : FB0B;
    32091 : FB5D;
    32092 : FC94;
    32093 : FE65;
    32094 : 009E;
    32095 : 0072;
    32096 : FD28;
    32097 : FB71;
    32098 : FC42;
    32099 : FC65;
    32100 : FCBF;
    32101 : FDF7;
    32102 : FD4F;
    32103 : FBC5;
    32104 : FC31;
    32105 : FD69;
    32106 : FE62;
    32107 : FFA9;
    32108 : FFFA;
    32109 : FEA6;
    32110 : FD10;
    32111 : FBBA;
    32112 : FAB5;
    32113 : FAD9;
    32114 : FBF2;
    32115 : FCA3;
    32116 : FC5D;
    32117 : FC41;
    32118 : FDA5;
    32119 : FFB5;
    32120 : 0099;
    32121 : 0089;
    32122 : 0084;
    32123 : FF90;
    32124 : FCBF;
    32125 : FA3C;
    32126 : FAEE;
    32127 : FDDA;
    32128 : FFD7;
    32129 : 003A;
    32130 : FFAC;
    32131 : FE67;
    32132 : FDD1;
    32133 : FE13;
    32134 : FD41;
    32135 : FC1D;
    32136 : FC63;
    32137 : FCD1;
    32138 : FD21;
    32139 : FE44;
    32140 : FF05;
    32141 : FF7F;
    32142 : 00A9;
    32143 : 002B;
    32144 : FD84;
    32145 : FBED;
    32146 : FB7D;
    32147 : FB2E;
    32148 : FD83;
    32149 : 0230;
    32150 : 0407;
    32151 : 019E;
    32152 : FF01;
    32153 : FE69;
    32154 : FE71;
    32155 : FE68;
    32156 : FED2;
    32157 : FEF3;
    32158 : FE55;
    32159 : FE67;
    32160 : FF93;
    32161 : 0081;
    32162 : 00E8;
    32163 : 0123;
    32164 : 0068;
    32165 : FEA0;
    32166 : FD94;
    32167 : FE65;
    32168 : 0005;
    32169 : 011A;
    32170 : 0170;
    32171 : 00DB;
    32172 : FF79;
    32173 : FF02;
    32174 : 000C;
    32175 : 0091;
    32176 : 0019;
    32177 : FF78;
    32178 : FDB9;
    32179 : FC89;
    32180 : FF6C;
    32181 : 030E;
    32182 : 02B1;
    32183 : 014C;
    32184 : 0131;
    32185 : FFB0;
    32186 : FE47;
    32187 : 0053;
    32188 : 02A1;
    32189 : 0142;
    32190 : FE8F;
    32191 : FE0E;
    32192 : FEF5;
    32193 : FFB6;
    32194 : 01DC;
    32195 : 0551;
    32196 : 05CA;
    32197 : 029A;
    32198 : FFF1;
    32199 : FEA2;
    32200 : FD60;
    32201 : FD94;
    32202 : FEFE;
    32203 : FEC0;
    32204 : FD37;
    32205 : FD18;
    32206 : FE69;
    32207 : FFBE;
    32208 : 019B;
    32209 : 0415;
    32210 : 0423;
    32211 : 00DB;
    32212 : FE76;
    32213 : FF2C;
    32214 : 007F;
    32215 : 0125;
    32216 : 01AE;
    32217 : 01A2;
    32218 : 0085;
    32219 : FEA6;
    32220 : FD26;
    32221 : FDC3;
    32222 : 0015;
    32223 : 022A;
    32224 : 0421;
    32225 : 05B6;
    32226 : 0482;
    32227 : 01E0;
    32228 : 01CF;
    32229 : 02C5;
    32230 : 018E;
    32231 : FFF7;
    32232 : FEA7;
    32233 : FC18;
    32234 : FB42;
    32235 : FDE7;
    32236 : 0028;
    32237 : 0114;
    32238 : 027D;
    32239 : 037B;
    32240 : 03B0;
    32241 : 02AA;
    32242 : FF89;
    32243 : FE46;
    32244 : 00E8;
    32245 : 026E;
    32246 : 0210;
    32247 : 02ED;
    32248 : 02D5;
    32249 : 008B;
    32250 : FF26;
    32251 : FEBF;
    32252 : FE11;
    32253 : FE13;
    32254 : FF4B;
    32255 : 015F;
    32256 : 0318;
    32257 : 02FF;
    32258 : 0218;
    32259 : 01D0;
    32260 : 01BB;
    32261 : 01EE;
    32262 : 0268;
    32263 : 01D4;
    32264 : FFE7;
    32265 : FDDD;
    32266 : FD38;
    32267 : FE86;
    32268 : 0069;
    32269 : 01AD;
    32270 : 02B5;
    32271 : 0370;
    32272 : 0337;
    32273 : 01FC;
    32274 : 0096;
    32275 : 0086;
    32276 : 016F;
    32277 : 0129;
    32278 : 001B;
    32279 : FFD5;
    32280 : FFFA;
    32281 : 00E5;
    32282 : 0286;
    32283 : 026B;
    32284 : 0107;
    32285 : 00B5;
    32286 : FFFC;
    32287 : FECF;
    32288 : 0067;
    32289 : 02E0;
    32290 : 0295;
    32291 : 01AE;
    32292 : 018D;
    32293 : 005E;
    32294 : FFCD;
    32295 : 0163;
    32296 : 01AC;
    32297 : FF2C;
    32298 : FD5C;
    32299 : FE0F;
    32300 : FF46;
    32301 : FFEB;
    32302 : 0186;
    32303 : 0374;
    32304 : 028F;
    32305 : 0045;
    32306 : 0078;
    32307 : 0191;
    32308 : 01AB;
    32309 : 0306;
    32310 : 0443;
    32311 : 0204;
    32312 : FEFA;
    32313 : FE46;
    32314 : FE65;
    32315 : FEF5;
    32316 : 00FA;
    32317 : 02A5;
    32318 : 027B;
    32319 : 0222;
    32320 : 0256;
    32321 : 0165;
    32322 : FFB2;
    32323 : FF84;
    32324 : FFCF;
    32325 : FE7B;
    32326 : FD28;
    32327 : FD78;
    32328 : FE62;
    32329 : FFB9;
    32330 : 01C0;
    32331 : 02FB;
    32332 : 024C;
    32333 : 00E3;
    32334 : 00DE;
    32335 : 01DE;
    32336 : 0152;
    32337 : FFCC;
    32338 : FFCA;
    32339 : 0023;
    32340 : FFC3;
    32341 : 0046;
    32342 : 00B4;
    32343 : FFDA;
    32344 : 002F;
    32345 : 019C;
    32346 : 017F;
    32347 : 0127;
    32348 : 01F6;
    32349 : 023E;
    32350 : 029A;
    32351 : 0424;
    32352 : 0454;
    32353 : 026A;
    32354 : 010E;
    32355 : 00A2;
    32356 : 0000;
    32357 : FF96;
    32358 : FFB5;
    32359 : 0053;
    32360 : 0153;
    32361 : 01D8;
    32362 : 0210;
    32363 : 0275;
    32364 : 01D7;
    32365 : 010E;
    32366 : 0222;
    32367 : 031E;
    32368 : 02CC;
    32369 : 0394;
    32370 : 04BF;
    32371 : 042D;
    32372 : 031F;
    32373 : 0186;
    32374 : FF00;
    32375 : FF07;
    32376 : 01FC;
    32377 : 0375;
    32378 : 0316;
    32379 : 039A;
    32380 : 0440;
    32381 : 03D5;
    32382 : 041C;
    32383 : 053D;
    32384 : 0473;
    32385 : 01FE;
    32386 : 0066;
    32387 : FE82;
    32388 : FCC1;
    32389 : 005E;
    32390 : 0694;
    32391 : 0676;
    32392 : 023F;
    32393 : 001C;
    32394 : FDDF;
    32395 : FCC4;
    32396 : 013F;
    32397 : 0579;
    32398 : 0411;
    32399 : 01BF;
    32400 : 009F;
    32401 : FEED;
    32402 : FE7F;
    32403 : 0002;
    32404 : 01CE;
    32405 : 0355;
    32406 : 031A;
    32407 : 0127;
    32408 : 0043;
    32409 : 0092;
    32410 : 0152;
    32411 : 02B7;
    32412 : 0260;
    32413 : FFCC;
    32414 : FEC9;
    32415 : 0021;
    32416 : 0219;
    32417 : 0498;
    32418 : 060A;
    32419 : 041C;
    32420 : FFD0;
    32421 : FC08;
    32422 : FAE3;
    32423 : FC66;
    32424 : FEE1;
    32425 : 0113;
    32426 : 01FC;
    32427 : 0118;
    32428 : FFE7;
    32429 : FF96;
    32430 : FFEC;
    32431 : 00F7;
    32432 : 01BF;
    32433 : 0084;
    32434 : FDD0;
    32435 : FC57;
    32436 : FE32;
    32437 : 01A9;
    32438 : 02DE;
    32439 : 01E0;
    32440 : 005D;
    32441 : FDAD;
    32442 : FC0B;
    32443 : FEBA;
    32444 : 0275;
    32445 : 0323;
    32446 : 01B6;
    32447 : FFA8;
    32448 : FD70;
    32449 : FC06;
    32450 : FCD6;
    32451 : 005F;
    32452 : 0339;
    32453 : 0230;
    32454 : FFD4;
    32455 : FE58;
    32456 : FD24;
    32457 : FE59;
    32458 : 0255;
    32459 : 0472;
    32460 : 02AF;
    32461 : FF47;
    32462 : FCD3;
    32463 : FCBD;
    32464 : FDA0;
    32465 : FE1F;
    32466 : FF5A;
    32467 : 007E;
    32468 : FFE2;
    32469 : FF63;
    32470 : 0077;
    32471 : 01DE;
    32472 : 025A;
    32473 : 0116;
    32474 : FE5B;
    32475 : FBD9;
    32476 : FB28;
    32477 : FD65;
    32478 : 0126;
    32479 : 0341;
    32480 : 040C;
    32481 : 0421;
    32482 : 0090;
    32483 : FB30;
    32484 : FA19;
    32485 : FC33;
    32486 : FD4D;
    32487 : FE4C;
    32488 : FF0E;
    32489 : FE32;
    32490 : FF10;
    32491 : 0284;
    32492 : 03BE;
    32493 : 024D;
    32494 : 0119;
    32495 : FEE4;
    32496 : FB7B;
    32497 : FAF6;
    32498 : FE92;
    32499 : 02C8;
    32500 : 0482;
    32501 : 03F3;
    32502 : 027B;
    32503 : 0016;
    32504 : FD8C;
    32505 : FD2E;
    32506 : FEF2;
    32507 : 0115;
    32508 : 0227;
    32509 : 00E7;
    32510 : FF41;
    32511 : FF61;
    32512 : FE22;
    32513 : FB2C;
    32514 : FB88;
    32515 : FE34;
    32516 : FEEE;
    32517 : FF65;
    32518 : 015E;
    32519 : 02BF;
    32520 : 0236;
    32521 : 00FB;
    32522 : 00C9;
    32523 : 0075;
    32524 : FEE5;
    32525 : FF43;
    32526 : 00DB;
    32527 : FF73;
    32528 : FE60;
    32529 : FFD2;
    32530 : FEAD;
    32531 : FCAF;
    32532 : FE4F;
    32533 : FFAC;
    32534 : FFAC;
    32535 : 00BB;
    32536 : FFF8;
    32537 : FE46;
    32538 : 003D;
    32539 : 02CA;
    32540 : 02DE;
    32541 : 0328;
    32542 : 0255;
    32543 : FE5F;
    32544 : FC8A;
    32545 : FFB2;
    32546 : 02BB;
    32547 : 033F;
    32548 : 03AD;
    32549 : 0356;
    32550 : 00D7;
    32551 : FEB8;
    32552 : FEBB;
    32553 : FFDF;
    32554 : 0093;
    32555 : FFD9;
    32556 : FF05;
    32557 : FEAC;
    32558 : FDB5;
    32559 : FF85;
    32560 : 056C;
    32561 : 0809;
    32562 : 0592;
    32563 : 0350;
    32564 : 0075;
    32565 : FCB0;
    32566 : FBF0;
    32567 : FD8C;
    32568 : 0085;
    32569 : 03BA;
    32570 : 024E;
    32571 : FEF1;
    32572 : FEB0;
    32573 : FD3B;
    32574 : FC30;
    32575 : 01F3;
    32576 : 06FB;
    32577 : 04DE;
    32578 : 023C;
    32579 : 00F4;
    32580 : FE8C;
    32581 : FE07;
    32582 : FF42;
    32583 : FEBE;
    32584 : FDC2;
    32585 : FE57;
    32586 : 0012;
    32587 : 023C;
    32588 : 0393;
    32589 : 0394;
    32590 : 0324;
    32591 : 022E;
    32592 : 007C;
    32593 : FF58;
    32594 : FF17;
    32595 : FE5C;
    32596 : FDD5;
    32597 : FF06;
    32598 : FF48;
    32599 : FCBD;
    32600 : FBA6;
    32601 : FDB2;
    32602 : FF2E;
    32603 : 0046;
    32604 : 0289;
    32605 : 0331;
    32606 : 020F;
    32607 : 01F6;
    32608 : 0203;
    32609 : 00DE;
    32610 : FF17;
    32611 : FC90;
    32612 : FB53;
    32613 : FD79;
    32614 : FFC2;
    32615 : 0065;
    32616 : 01FA;
    32617 : 0315;
    32618 : 019B;
    32619 : 0071;
    32620 : FF12;
    32621 : FB3B;
    32622 : F9AF;
    32623 : FC9E;
    32624 : FEF5;
    32625 : FFE2;
    32626 : 0163;
    32627 : 02A3;
    32628 : 0411;
    32629 : 0414;
    32630 : FFBC;
    32631 : FBCF;
    32632 : FBF7;
    32633 : FBCE;
    32634 : FBFB;
    32635 : FFDE;
    32636 : 01F5;
    32637 : FF38;
    32638 : FDFF;
    32639 : 003E;
    32640 : 0169;
    32641 : 0157;
    32642 : 02AE;
    32643 : 0306;
    32644 : FF58;
    32645 : FAFC;
    32646 : FA26;
    32647 : FC17;
    32648 : FE75;
    32649 : FFBD;
    32650 : 007B;
    32651 : 024B;
    32652 : 0270;
    32653 : FF25;
    32654 : FDB1;
    32655 : FF14;
    32656 : FF08;
    32657 : FF33;
    32658 : 0021;
    32659 : FDFA;
    32660 : FBBE;
    32661 : FD10;
    32662 : FEB6;
    32663 : FF90;
    32664 : 0054;
    32665 : FFB2;
    32666 : FF16;
    32667 : 003A;
    32668 : 01F6;
    32669 : 033B;
    32670 : 02AC;
    32671 : 00A5;
    32672 : FF81;
    32673 : FDAF;
    32674 : FA8B;
    32675 : FB58;
    32676 : 00CE;
    32677 : 04B6;
    32678 : 046B;
    32679 : 027B;
    32680 : 00AE;
    32681 : FEC0;
    32682 : FD9C;
    32683 : FEDC;
    32684 : 006A;
    32685 : FFE5;
    32686 : FF3B;
    32687 : FF67;
    32688 : FFB5;
    32689 : 012D;
    32690 : 0279;
    32691 : 01B7;
    32692 : 0137;
    32693 : 0171;
    32694 : 008A;
    32695 : FFE1;
    32696 : 0074;
    32697 : 0180;
    32698 : 02F2;
    32699 : 033E;
    32700 : 01A8;
    32701 : 0061;
    32702 : FFFB;
    32703 : 002B;
    32704 : 01CE;
    32705 : 03DA;
    32706 : 047C;
    32707 : 0344;
    32708 : 00B8;
    32709 : FF49;
    32710 : 005E;
    32711 : 01DF;
    32712 : 02AD;
    32713 : 0378;
    32714 : 03C0;
    32715 : 02D5;
    32716 : 0121;
    32717 : 005C;
    32718 : 0195;
    32719 : 027E;
    32720 : 01DE;
    32721 : 01F9;
    32722 : 027A;
    32723 : 01DB;
    32724 : 01CF;
    32725 : 0268;
    32726 : 01E7;
    32727 : 0184;
    32728 : 0212;
    32729 : 0218;
    32730 : 01BC;
    32731 : 01F8;
    32732 : 0256;
    32733 : 0252;
    32734 : 0243;
    32735 : 0245;
    32736 : 0184;
    32737 : 0036;
    32738 : 0021;
    32739 : 0109;
    32740 : 015E;
    32741 : 01B7;
    32742 : 023F;
    32743 : 01E9;
    32744 : 01A4;
    32745 : 0258;
    32746 : 033E;
    32747 : 03E1;
    32748 : 0394;
    32749 : 0249;
    32750 : 0177;
    32751 : 00CD;
    32752 : FFAF;
    32753 : FFD7;
    32754 : 0108;
    32755 : 0179;
    32756 : 01D1;
    32757 : 021F;
    32758 : 0184;
    32759 : 010B;
    32760 : 00E4;
    32761 : 00C4;
    32762 : 0206;
    32763 : 0322;
    32764 : 01AA;
    32765 : 004A;
    32766 : 008C;
    32767 : FF97;
    32768 : FDF8;
    32769 : FE50;
    32770 : FF48;
    32771 : FF95;
    32772 : 0031;
    32773 : 00C1;
    32774 : 00F1;
    32775 : 01D7;
    32776 : 02C2;
    32777 : 021A;
    32778 : 00D2;
    32779 : 007B;
    32780 : 0036;
    32781 : FF41;
    32782 : FF0B;
    32783 : FFB2;
    32784 : FF9B;
    32785 : FF7F;
    32786 : 006B;
    32787 : 00C9;
    32788 : 006B;
    32789 : 00D0;
    32790 : 011C;
    32791 : 0084;
    32792 : 0037;
    32793 : 0071;
    32794 : 00B4;
    32795 : 00BF;
    32796 : 005F;
    32797 : 0025;
    32798 : FF81;
    32799 : FDF0;
    32800 : FE6C;
    32801 : 015A;
    32802 : 0283;
    32803 : 0212;
    32804 : 0283;
    32805 : 029F;
    32806 : 02BF;
    32807 : 02FC;
    32808 : 0015;
    32809 : FC95;
    32810 : FD8B;
    32811 : 0003;
    32812 : 0162;
    32813 : 03F8;
    32814 : 0657;
    32815 : 05D6;
    32816 : 03BD;
    32817 : 0192;
    32818 : 0049;
    32819 : 002F;
    32820 : 005E;
    32821 : 0142;
    32822 : 021C;
    32823 : 005F;
    32824 : FDEB;
    32825 : FE05;
    32826 : FF4A;
    32827 : 004F;
    32828 : 01F0;
    32829 : 03D7;
    32830 : 049F;
    32831 : 038B;
    32832 : 01BA;
    32833 : 00E2;
    32834 : 0056;
    32835 : FFB2;
    32836 : FF86;
    32837 : FDED;
    32838 : FB9A;
    32839 : FCD2;
    32840 : FFF7;
    32841 : 014E;
    32842 : 02AF;
    32843 : 03FA;
    32844 : 025F;
    32845 : 005C;
    32846 : 006C;
    32847 : 005A;
    32848 : FFD2;
    32849 : 005B;
    32850 : 00D2;
    32851 : 0051;
    32852 : 0019;
    32853 : FFD3;
    32854 : FE5F;
    32855 : FE64;
    32856 : 01A7;
    32857 : 03B9;
    32858 : 0322;
    32859 : 0408;
    32860 : 03FD;
    32861 : FF14;
    32862 : FB87;
    32863 : FD0A;
    32864 : FEBC;
    32865 : 0014;
    32866 : 026F;
    32867 : 0386;
    32868 : 0433;
    32869 : 048E;
    32870 : 01C8;
    32871 : FF7E;
    32872 : 00B4;
    32873 : 00D5;
    32874 : FFE5;
    32875 : 0114;
    32876 : 00CA;
    32877 : FE1D;
    32878 : FE22;
    32879 : 0049;
    32880 : 00F6;
    32881 : 015E;
    32882 : 01E8;
    32883 : 0026;
    32884 : FDBE;
    32885 : FE41;
    32886 : FFDC;
    32887 : FFE7;
    32888 : 004D;
    32889 : 0124;
    32890 : 0052;
    32891 : 0038;
    32892 : 0216;
    32893 : 02D3;
    32894 : 02E6;
    32895 : 0388;
    32896 : 02E0;
    32897 : 020A;
    32898 : 0141;
    32899 : FE77;
    32900 : FE3F;
    32901 : 0330;
    32902 : 0635;
    32903 : 0554;
    32904 : 0490;
    32905 : 029C;
    32906 : FEAD;
    32907 : FB8E;
    32908 : FAA8;
    32909 : FDAF;
    32910 : 02D8;
    32911 : 045F;
    32912 : 03B9;
    32913 : 0506;
    32914 : 0481;
    32915 : 0037;
    32916 : FDB1;
    32917 : FF7F;
    32918 : 0209;
    32919 : 0298;
    32920 : 0294;
    32921 : 02D8;
    32922 : 014A;
    32923 : FEDA;
    32924 : FEB2;
    32925 : FFC4;
    32926 : 00B7;
    32927 : 01E8;
    32928 : 0200;
    32929 : 01B8;
    32930 : 01CF;
    32931 : FF34;
    32932 : FBB5;
    32933 : FBE8;
    32934 : FD79;
    32935 : FEBE;
    32936 : 012C;
    32937 : 028B;
    32938 : 028C;
    32939 : 028F;
    32940 : 007F;
    32941 : FE59;
    32942 : FF07;
    32943 : FEE8;
    32944 : FE54;
    32945 : FFF4;
    32946 : FF24;
    32947 : FC1D;
    32948 : FD46;
    32949 : 0011;
    32950 : 0050;
    32951 : 00C3;
    32952 : 00F4;
    32953 : FEC7;
    32954 : FD83;
    32955 : FE84;
    32956 : FF63;
    32957 : FFD5;
    32958 : FFD7;
    32959 : FF18;
    32960 : FF8E;
    32961 : 00CC;
    32962 : FF66;
    32963 : FCFB;
    32964 : FD9F;
    32965 : FF21;
    32966 : FEAE;
    32967 : FEB1;
    32968 : FF54;
    32969 : FE36;
    32970 : FD43;
    32971 : FDFE;
    32972 : FDF1;
    32973 : FCE7;
    32974 : FC92;
    32975 : FCB1;
    32976 : FD05;
    32977 : FD77;
    32978 : FD48;
    32979 : FCEB;
    32980 : FCF1;
    32981 : FD07;
    32982 : FDA1;
    32983 : FEE1;
    32984 : FF6A;
    32985 : FEC3;
    32986 : FDF7;
    32987 : FD97;
    32988 : FD3B;
    32989 : FCA6;
    32990 : FC2E;
    32991 : FBCC;
    32992 : FB34;
    32993 : FB20;
    32994 : FC7D;
    32995 : FE3F;
    32996 : FE91;
    32997 : FDE6;
    32998 : FDC8;
    32999 : FDC4;
    33000 : FCF4;
    33001 : FC50;
    33002 : FCC6;
    33003 : FDDB;
    33004 : FEA0;
    33005 : FE9E;
    33006 : FED2;
    33007 : FF58;
    33008 : FDC7;
    33009 : FADD;
    33010 : FAE4;
    33011 : FD33;
    33012 : FE13;
    33013 : FE1F;
    33014 : FE89;
    33015 : FE23;
    33016 : FD8B;
    33017 : FE00;
    33018 : FE67;
    33019 : FDD7;
    33020 : FD13;
    33021 : FC9C;
    33022 : FC32;
    33023 : FC0A;
    33024 : FCC8;
    33025 : FE0F;
    33026 : FEDC;
    33027 : FF00;
    33028 : FED4;
    33029 : FE89;
    33030 : FDE9;
    33031 : FCAB;
    33032 : FC23;
    33033 : FD7A;
    33034 : FEC3;
    33035 : FEE9;
    33036 : FF6E;
    33037 : FFC7;
    33038 : FF1D;
    33039 : FF57;
    33040 : 0024;
    33041 : FF5D;
    33042 : FE68;
    33043 : FEA1;
    33044 : FE6B;
    33045 : FDFC;
    33046 : FE7A;
    33047 : FE8C;
    33048 : FE34;
    33049 : FF25;
    33050 : 0000;
    33051 : FF90;
    33052 : FFD5;
    33053 : 0067;
    33054 : FF10;
    33055 : FD6F;
    33056 : FD7D;
    33057 : FE52;
    33058 : FF8E;
    33059 : 00E7;
    33060 : 0104;
    33061 : 0008;
    33062 : FEE1;
    33063 : FE24;
    33064 : FE7C;
    33065 : FF44;
    33066 : FF87;
    33067 : FF89;
    33068 : FF01;
    33069 : FE30;
    33070 : FE65;
    33071 : FF0E;
    33072 : FF82;
    33073 : 0074;
    33074 : 00CB;
    33075 : FFA9;
    33076 : FE7C;
    33077 : FD8E;
    33078 : FD62;
    33079 : FF9F;
    33080 : 023C;
    33081 : 0200;
    33082 : 0023;
    33083 : FE58;
    33084 : FBFC;
    33085 : FA8B;
    33086 : FC74;
    33087 : FF97;
    33088 : 0062;
    33089 : FFC8;
    33090 : FFC0;
    33091 : FF59;
    33092 : FF40;
    33093 : 01BA;
    33094 : 0456;
    33095 : 0370;
    33096 : 00E9;
    33097 : FF38;
    33098 : FD39;
    33099 : FC2E;
    33100 : FEED;
    33101 : 01C5;
    33102 : 0036;
    33103 : FE29;
    33104 : FEE7;
    33105 : FEF9;
    33106 : FE80;
    33107 : 0072;
    33108 : 01C4;
    33109 : FFDF;
    33110 : FD5A;
    33111 : FBE4;
    33112 : FBC3;
    33113 : FC84;
    33114 : FD1B;
    33115 : FF16;
    33116 : 019A;
    33117 : 0010;
    33118 : FCF8;
    33119 : FDC9;
    33120 : 003A;
    33121 : 01F8;
    33122 : 044A;
    33123 : 0531;
    33124 : 02F1;
    33125 : FF68;
    33126 : FC96;
    33127 : FC08;
    33128 : FD2C;
    33129 : FE06;
    33130 : FF24;
    33131 : 0073;
    33132 : 0040;
    33133 : FF90;
    33134 : FFC5;
    33135 : 00BC;
    33136 : 026E;
    33137 : 03C3;
    33138 : 0456;
    33139 : 0401;
    33140 : 0071;
    33141 : FC39;
    33142 : FCF3;
    33143 : FF40;
    33144 : FED3;
    33145 : FF93;
    33146 : 01ED;
    33147 : 0134;
    33148 : FE35;
    33149 : FC9D;
    33150 : FD1A;
    33151 : FE88;
    33152 : FFE1;
    33153 : 0106;
    33154 : 01E4;
    33155 : 030A;
    33156 : 0538;
    33157 : 0556;
    33158 : 01D2;
    33159 : FF54;
    33160 : FE4F;
    33161 : FBC9;
    33162 : FB08;
    33163 : FCF9;
    33164 : FDB0;
    33165 : FE5D;
    33166 : FFC7;
    33167 : FFB5;
    33168 : FFFE;
    33169 : 0076;
    33170 : FEBE;
    33171 : FDAB;
    33172 : FE21;
    33173 : FE4B;
    33174 : FF79;
    33175 : 0064;
    33176 : 006B;
    33177 : 028F;
    33178 : 0248;
    33179 : FCAE;
    33180 : FADA;
    33181 : FE7D;
    33182 : 006A;
    33183 : 024B;
    33184 : 0581;
    33185 : 041F;
    33186 : FF2B;
    33187 : FD10;
    33188 : FDDB;
    33189 : FE54;
    33190 : FE3A;
    33191 : FEAB;
    33192 : FEDB;
    33193 : FE3A;
    33194 : FE62;
    33195 : FEAE;
    33196 : FDB8;
    33197 : FDA7;
    33198 : FE94;
    33199 : FE72;
    33200 : FE72;
    33201 : FE4C;
    33202 : FD18;
    33203 : FDBC;
    33204 : FF5B;
    33205 : FEE2;
    33206 : FE84;
    33207 : FE90;
    33208 : FD4F;
    33209 : FD90;
    33210 : FF4A;
    33211 : FF3D;
    33212 : FE98;
    33213 : FDF4;
    33214 : FC50;
    33215 : FBD5;
    33216 : FC8B;
    33217 : FC6B;
    33218 : FD0C;
    33219 : FEDA;
    33220 : FF5C;
    33221 : FF0A;
    33222 : FF59;
    33223 : FF27;
    33224 : FE2A;
    33225 : FDCF;
    33226 : FD88;
    33227 : FC0F;
    33228 : FB10;
    33229 : FBBC;
    33230 : FC25;
    33231 : FC59;
    33232 : FE0A;
    33233 : FF58;
    33234 : FE42;
    33235 : FCC1;
    33236 : FCD7;
    33237 : FD93;
    33238 : FD8F;
    33239 : FDDF;
    33240 : FF4B;
    33241 : FF88;
    33242 : FEBF;
    33243 : FF9D;
    33244 : 0078;
    33245 : FFFC;
    33246 : 000C;
    33247 : FEB3;
    33248 : FB84;
    33249 : FB33;
    33250 : FCEC;
    33251 : FD4E;
    33252 : FE21;
    33253 : FF0E;
    33254 : FE4B;
    33255 : FE65;
    33256 : FFDF;
    33257 : 005D;
    33258 : 0001;
    33259 : FF75;
    33260 : FE93;
    33261 : FD7C;
    33262 : FC78;
    33263 : FC7E;
    33264 : FD54;
    33265 : FE2C;
    33266 : FFFA;
    33267 : 0197;
    33268 : 0139;
    33269 : 0139;
    33270 : 01BD;
    33271 : FFFD;
    33272 : FDCB;
    33273 : FD5D;
    33274 : FD7D;
    33275 : FE52;
    33276 : FFB2;
    33277 : 0068;
    33278 : 01D1;
    33279 : 03B7;
    33280 : 0346;
    33281 : 0147;
    33282 : FFCC;
    33283 : FDD8;
    33284 : FBC4;
    33285 : FC15;
    33286 : FDF2;
    33287 : FE5F;
    33288 : FDA0;
    33289 : FD6D;
    33290 : FDB3;
    33291 : FEA9;
    33292 : 0092;
    33293 : 01F9;
    33294 : 0274;
    33295 : 0303;
    33296 : 0329;
    33297 : 026B;
    33298 : 01CD;
    33299 : 01BB;
    33300 : 0161;
    33301 : 004B;
    33302 : FF88;
    33303 : FF98;
    33304 : FF1F;
    33305 : FE85;
    33306 : FF59;
    33307 : 0054;
    33308 : 0093;
    33309 : 00CC;
    33310 : 001E;
    33311 : FF42;
    33312 : 0013;
    33313 : 00D2;
    33314 : 0067;
    33315 : FFF2;
    33316 : FEC4;
    33317 : FDA8;
    33318 : FEB0;
    33319 : 0070;
    33320 : 017C;
    33321 : 01F9;
    33322 : 0167;
    33323 : 0119;
    33324 : 0215;
    33325 : 027A;
    33326 : 022A;
    33327 : 01DF;
    33328 : 0081;
    33329 : FF35;
    33330 : FFB0;
    33331 : 0095;
    33332 : 0222;
    33333 : 0633;
    33334 : 0A0B;
    33335 : 093B;
    33336 : 04FE;
    33337 : 01A3;
    33338 : FFF1;
    33339 : FEDD;
    33340 : FF71;
    33341 : 01EC;
    33342 : 03F3;
    33343 : 0414;
    33344 : 0337;
    33345 : 02A2;
    33346 : 023C;
    33347 : 01B3;
    33348 : 01EC;
    33349 : 020A;
    33350 : 0038;
    33351 : FEBB;
    33352 : FF8A;
    33353 : 00E0;
    33354 : 0336;
    33355 : 0662;
    33356 : 0644;
    33357 : 039F;
    33358 : 0237;
    33359 : 0124;
    33360 : 007C;
    33361 : 0188;
    33362 : 01AF;
    33363 : 00C5;
    33364 : 0152;
    33365 : 01EC;
    33366 : 016C;
    33367 : 017D;
    33368 : 0208;
    33369 : 023B;
    33370 : 0225;
    33371 : 015C;
    33372 : 000C;
    33373 : FF59;
    33374 : FFDB;
    33375 : 0107;
    33376 : 0205;
    33377 : 02CD;
    33378 : 027C;
    33379 : FFD8;
    33380 : FD8C;
    33381 : FE86;
    33382 : 0089;
    33383 : 016A;
    33384 : 0228;
    33385 : 02F9;
    33386 : 033C;
    33387 : 023D;
    33388 : FF4F;
    33389 : FC5F;
    33390 : FBBC;
    33391 : FC49;
    33392 : FCFF;
    33393 : FEA6;
    33394 : 0031;
    33395 : FFF7;
    33396 : FF57;
    33397 : 0008;
    33398 : 00AD;
    33399 : FFE8;
    33400 : FED8;
    33401 : FE14;
    33402 : FD3E;
    33403 : FD68;
    33404 : FE88;
    33405 : FEA0;
    33406 : FDEC;
    33407 : FDBF;
    33408 : FDA0;
    33409 : FDF6;
    33410 : FF6C;
    33411 : FFFC;
    33412 : FECF;
    33413 : FE38;
    33414 : FEBA;
    33415 : FE8D;
    33416 : FDD5;
    33417 : FD6D;
    33418 : FC6C;
    33419 : FAAA;
    33420 : F9B0;
    33421 : F9D3;
    33422 : FA75;
    33423 : FBA9;
    33424 : FD4C;
    33425 : FF27;
    33426 : 009A;
    33427 : FF48;
    33428 : FB4D;
    33429 : F926;
    33430 : F9D0;
    33431 : FA1A;
    33432 : FAF3;
    33433 : FD93;
    33434 : FDD9;
    33435 : FB7C;
    33436 : FBA1;
    33437 : FDC5;
    33438 : FE90;
    33439 : FFB6;
    33440 : 00FE;
    33441 : FE6F;
    33442 : FA0F;
    33443 : F949;
    33444 : FB6D;
    33445 : FD1D;
    33446 : FE68;
    33447 : FFDB;
    33448 : 0030;
    33449 : FF4C;
    33450 : FEBE;
    33451 : FE9C;
    33452 : FDF8;
    33453 : FD71;
    33454 : FD92;
    33455 : FDBE;
    33456 : FE3F;
    33457 : FF49;
    33458 : FF99;
    33459 : FF27;
    33460 : FF33;
    33461 : FF4D;
    33462 : FEBF;
    33463 : FF2E;
    33464 : 0136;
    33465 : 013E;
    33466 : FD94;
    33467 : FACC;
    33468 : FB76;
    33469 : FC58;
    33470 : FCCB;
    33471 : FEE5;
    33472 : 0116;
    33473 : 0134;
    33474 : FFC2;
    33475 : FE00;
    33476 : FD49;
    33477 : FD81;
    33478 : FDB5;
    33479 : FEE9;
    33480 : 0014;
    33481 : FE2B;
    33482 : FB82;
    33483 : FBFB;
    33484 : FE2F;
    33485 : 002E;
    33486 : 01CA;
    33487 : 01E0;
    33488 : 0066;
    33489 : FEB6;
    33490 : FD54;
    33491 : FCE4;
    33492 : FD81;
    33493 : FDDF;
    33494 : FE89;
    33495 : 00EE;
    33496 : 02A0;
    33497 : 0159;
    33498 : 0039;
    33499 : 0108;
    33500 : 010E;
    33501 : 006E;
    33502 : 0018;
    33503 : FE15;
    33504 : FCB9;
    33505 : FEA7;
    33506 : FF7B;
    33507 : FE67;
    33508 : FEA8;
    33509 : FDB2;
    33510 : FBD6;
    33511 : FD98;
    33512 : 0002;
    33513 : 0040;
    33514 : 00EB;
    33515 : 0106;
    33516 : FFF7;
    33517 : FFB3;
    33518 : FE5A;
    33519 : FC8D;
    33520 : FDBE;
    33521 : FF67;
    33522 : FF56;
    33523 : FF73;
    33524 : FFC2;
    33525 : 000E;
    33526 : FF9F;
    33527 : FC8E;
    33528 : F9C2;
    33529 : FA48;
    33530 : FBA6;
    33531 : FCE9;
    33532 : FF24;
    33533 : 0100;
    33534 : 0191;
    33535 : 00A3;
    33536 : FE57;
    33537 : FC76;
    33538 : FB7C;
    33539 : FB2B;
    33540 : FC8E;
    33541 : FE3B;
    33542 : FE35;
    33543 : FDAC;
    33544 : FD39;
    33545 : FCCA;
    33546 : FDAC;
    33547 : FED6;
    33548 : FE44;
    33549 : FD1E;
    33550 : FC34;
    33551 : FABD;
    33552 : FA67;
    33553 : FC81;
    33554 : FE64;
    33555 : FEB0;
    33556 : FEDA;
    33557 : FDBF;
    33558 : FA9F;
    33559 : F999;
    33560 : FC3C;
    33561 : FEAE;
    33562 : FF86;
    33563 : FFA5;
    33564 : FE06;
    33565 : FB8C;
    33566 : FBC1;
    33567 : FEDF;
    33568 : 0124;
    33569 : 00C3;
    33570 : FF7B;
    33571 : FDAF;
    33572 : FB43;
    33573 : FB85;
    33574 : FEA5;
    33575 : FF6C;
    33576 : FD88;
    33577 : FC25;
    33578 : FA33;
    33579 : F866;
    33580 : FAF0;
    33581 : 00A7;
    33582 : 03FB;
    33583 : 02A0;
    33584 : FEED;
    33585 : FC02;
    33586 : FA7C;
    33587 : FAC2;
    33588 : FE01;
    33589 : 01FA;
    33590 : 02F3;
    33591 : 00F5;
    33592 : FE49;
    33593 : FCA8;
    33594 : FC73;
    33595 : FE15;
    33596 : 021D;
    33597 : 045C;
    33598 : 00B6;
    33599 : FC5E;
    33600 : FB85;
    33601 : FAE3;
    33602 : FBBF;
    33603 : 0056;
    33604 : 0329;
    33605 : 021C;
    33606 : 00D9;
    33607 : FFDA;
    33608 : FF0E;
    33609 : FF26;
    33610 : FF0E;
    33611 : FF2C;
    33612 : FFD2;
    33613 : FFD1;
    33614 : 004F;
    33615 : 0207;
    33616 : 036C;
    33617 : 0437;
    33618 : 03EF;
    33619 : 01C6;
    33620 : FF71;
    33621 : FE88;
    33622 : FF07;
    33623 : 006D;
    33624 : 00F8;
    33625 : FFDB;
    33626 : FEFB;
    33627 : FF67;
    33628 : FFFB;
    33629 : FFAB;
    33630 : FF20;
    33631 : FF9D;
    33632 : 0064;
    33633 : 0027;
    33634 : FFCA;
    33635 : 0019;
    33636 : 00AE;
    33637 : 0150;
    33638 : 0133;
    33639 : FFF9;
    33640 : FEC0;
    33641 : FE14;
    33642 : FEEB;
    33643 : 025B;
    33644 : 04F4;
    33645 : 02B3;
    33646 : FE94;
    33647 : FCDC;
    33648 : FC70;
    33649 : FC85;
    33650 : FE64;
    33651 : 000F;
    33652 : FFDD;
    33653 : 0079;
    33654 : 023D;
    33655 : 0301;
    33656 : 0414;
    33657 : 054E;
    33658 : 02BB;
    33659 : FD95;
    33660 : FB35;
    33661 : FC01;
    33662 : FD29;
    33663 : FE7C;
    33664 : 00F6;
    33665 : 02D1;
    33666 : 019E;
    33667 : FF54;
    33668 : FEB6;
    33669 : FE32;
    33670 : FD73;
    33671 : FE5A;
    33672 : FEE2;
    33673 : FE3B;
    33674 : FFB0;
    33675 : 01FD;
    33676 : 021A;
    33677 : 0239;
    33678 : 02FA;
    33679 : 01F1;
    33680 : 0027;
    33681 : FE83;
    33682 : FC04;
    33683 : FB39;
    33684 : FE1D;
    33685 : 0144;
    33686 : 02BE;
    33687 : 03E2;
    33688 : 03F2;
    33689 : 0267;
    33690 : 00F3;
    33691 : FFE5;
    33692 : FF7B;
    33693 : 001D;
    33694 : FF83;
    33695 : FE1E;
    33696 : FF9F;
    33697 : 01CE;
    33698 : 012E;
    33699 : 00F1;
    33700 : 0269;
    33701 : 028F;
    33702 : 020E;
    33703 : 0298;
    33704 : 0312;
    33705 : 0360;
    33706 : 03B1;
    33707 : 0304;
    33708 : 0197;
    33709 : 004B;
    33710 : FF64;
    33711 : FFF6;
    33712 : 0291;
    33713 : 042F;
    33714 : 0204;
    33715 : FF7D;
    33716 : 001E;
    33717 : 0103;
    33718 : 0143;
    33719 : 0321;
    33720 : 03A8;
    33721 : 0199;
    33722 : 0127;
    33723 : 0199;
    33724 : 011F;
    33725 : 0201;
    33726 : 0270;
    33727 : 0105;
    33728 : 016C;
    33729 : 0208;
    33730 : 0003;
    33731 : FF53;
    33732 : 00C8;
    33733 : 0156;
    33734 : 023D;
    33735 : 03CE;
    33736 : 0394;
    33737 : 02BA;
    33738 : 0331;
    33739 : 0393;
    33740 : 02E5;
    33741 : 0209;
    33742 : 00F1;
    33743 : FF9E;
    33744 : 002F;
    33745 : 0306;
    33746 : 0570;
    33747 : 0685;
    33748 : 0694;
    33749 : 0548;
    33750 : 03FA;
    33751 : 0282;
    33752 : FF94;
    33753 : FE67;
    33754 : FFCF;
    33755 : FF6F;
    33756 : FDF0;
    33757 : FDCA;
    33758 : FDB7;
    33759 : FEE9;
    33760 : 01CB;
    33761 : 0317;
    33762 : 0326;
    33763 : 02BD;
    33764 : 0139;
    33765 : 01EA;
    33766 : 0420;
    33767 : 0235;
    33768 : FE78;
    33769 : FDBB;
    33770 : FDCD;
    33771 : FDE0;
    33772 : 003A;
    33773 : 02D3;
    33774 : 029C;
    33775 : 0101;
    33776 : 0067;
    33777 : 0068;
    33778 : 0058;
    33779 : 0124;
    33780 : 029A;
    33781 : 0379;
    33782 : 02CC;
    33783 : FF02;
    33784 : F9F8;
    33785 : F8D6;
    33786 : FB49;
    33787 : FDC9;
    33788 : 008C;
    33789 : 02D0;
    33790 : 022E;
    33791 : FFD2;
    33792 : FE04;
    33793 : FDA6;
    33794 : FE45;
    33795 : FE5A;
    33796 : FE74;
    33797 : FF1E;
    33798 : FE3A;
    33799 : FCC8;
    33800 : FD9C;
    33801 : FF36;
    33802 : 0049;
    33803 : 01E6;
    33804 : 0315;
    33805 : 0297;
    33806 : 0123;
    33807 : 001B;
    33808 : 006A;
    33809 : 0130;
    33810 : 0131;
    33811 : 009D;
    33812 : 004E;
    33813 : 0224;
    33814 : 0598;
    33815 : 05F0;
    33816 : 02F7;
    33817 : 00CE;
    33818 : FE9C;
    33819 : FBBC;
    33820 : FC2E;
    33821 : FFB3;
    33822 : 024C;
    33823 : 0341;
    33824 : 033C;
    33825 : 0278;
    33826 : 016F;
    33827 : 0041;
    33828 : FFEC;
    33829 : 0138;
    33830 : 028A;
    33831 : 0286;
    33832 : 01C0;
    33833 : 0120;
    33834 : 0113;
    33835 : 0141;
    33836 : 0100;
    33837 : FFF0;
    33838 : FE2B;
    33839 : FD2C;
    33840 : FDFB;
    33841 : FF4E;
    33842 : 0150;
    33843 : 056A;
    33844 : 084D;
    33845 : 069C;
    33846 : 0432;
    33847 : 0458;
    33848 : 0431;
    33849 : 0343;
    33850 : 036B;
    33851 : 020B;
    33852 : FF1F;
    33853 : FFAD;
    33854 : 0258;
    33855 : 02B8;
    33856 : 0304;
    33857 : 044F;
    33858 : 03BD;
    33859 : 0279;
    33860 : 0243;
    33861 : 01EA;
    33862 : 017C;
    33863 : 010C;
    33864 : FFFB;
    33865 : FE8C;
    33866 : FC62;
    33867 : FB1E;
    33868 : FD88;
    33869 : 013B;
    33870 : 033F;
    33871 : 047B;
    33872 : 04A7;
    33873 : 03A9;
    33874 : 02BA;
    33875 : 008A;
    33876 : FDD7;
    33877 : FE39;
    33878 : 0075;
    33879 : 0176;
    33880 : 01EE;
    33881 : 02AD;
    33882 : 029B;
    33883 : 0118;
    33884 : FFA0;
    33885 : FFAC;
    33886 : FF9F;
    33887 : FE6D;
    33888 : FDE8;
    33889 : FE22;
    33890 : FE15;
    33891 : FDDE;
    33892 : FD23;
    33893 : FD0E;
    33894 : FE93;
    33895 : FFE3;
    33896 : 0178;
    33897 : 0355;
    33898 : 0201;
    33899 : FED0;
    33900 : FC99;
    33901 : FA2C;
    33902 : F9B6;
    33903 : FC14;
    33904 : FD99;
    33905 : 00EB;
    33906 : 063D;
    33907 : 051F;
    33908 : FF6B;
    33909 : FD20;
    33910 : FC56;
    33911 : FC13;
    33912 : FEB7;
    33913 : 004F;
    33914 : FEDF;
    33915 : FD82;
    33916 : FCBD;
    33917 : FC69;
    33918 : FCD0;
    33919 : FD35;
    33920 : FDDA;
    33921 : FEF8;
    33922 : 00B0;
    33923 : 02A4;
    33924 : 024F;
    33925 : 0043;
    33926 : FF0E;
    33927 : FCD3;
    33928 : F95F;
    33929 : F818;
    33930 : F9BF;
    33931 : FE48;
    33932 : 030D;
    33933 : 0369;
    33934 : 0234;
    33935 : 0182;
    33936 : FC82;
    33937 : F6DF;
    33938 : F7E2;
    33939 : FBEE;
    33940 : FF33;
    33941 : 0247;
    33942 : 03EF;
    33943 : 04B0;
    33944 : 0432;
    33945 : 00EA;
    33946 : FEF6;
    33947 : FF5B;
    33948 : FDCF;
    33949 : FC3B;
    33950 : FC8D;
    33951 : FCA6;
    33952 : FE33;
    33953 : 0070;
    33954 : FFEB;
    33955 : FFB2;
    33956 : 0103;
    33957 : 0107;
    33958 : 01D8;
    33959 : 03BB;
    33960 : 02D0;
    33961 : 0013;
    33962 : FE2E;
    33963 : FDBD;
    33964 : FEF2;
    33965 : 0024;
    33966 : 0118;
    33967 : 02BD;
    33968 : 02A1;
    33969 : 00E8;
    33970 : 0097;
    33971 : 0045;
    33972 : FF37;
    33973 : FEE1;
    33974 : FD60;
    33975 : FBB3;
    33976 : FE0B;
    33977 : 0266;
    33978 : 0493;
    33979 : 046C;
    33980 : 02B7;
    33981 : FFCB;
    33982 : FC55;
    33983 : FABE;
    33984 : FDC5;
    33985 : 0226;
    33986 : 0305;
    33987 : 0284;
    33988 : 0278;
    33989 : 007D;
    33990 : FE7B;
    33991 : 002B;
    33992 : 0353;
    33993 : 03F9;
    33994 : 0239;
    33995 : 004D;
    33996 : FE69;
    33997 : FC35;
    33998 : FC59;
    33999 : FFA1;
    34000 : 01D2;
    34001 : 018D;
    34002 : 0165;
    34003 : 0178;
    34004 : 0159;
    34005 : 0191;
    34006 : 0105;
    34007 : FFBD;
    34008 : FF72;
    34009 : FFC3;
    34010 : FFAB;
    34011 : FFA4;
    34012 : 003E;
    34013 : 012F;
    34014 : 0177;
    34015 : 0112;
    34016 : 0100;
    34017 : 009B;
    34018 : FF69;
    34019 : FECD;
    34020 : FEE0;
    34021 : FF31;
    34022 : 0004;
    34023 : FFFD;
    34024 : FEC2;
    34025 : FE4F;
    34026 : FE60;
    34027 : FE66;
    34028 : FFA8;
    34029 : 009E;
    34030 : FF9D;
    34031 : FEF2;
    34032 : FF56;
    34033 : FF0C;
    34034 : FE8D;
    34035 : FE80;
    34036 : FE24;
    34037 : FDB8;
    34038 : FDA6;
    34039 : FDC2;
    34040 : FE31;
    34041 : FEC6;
    34042 : FF0D;
    34043 : FEF4;
    34044 : FEA1;
    34045 : FE3F;
    34046 : FD9E;
    34047 : FCE8;
    34048 : FD0A;
    34049 : FDC0;
    34050 : FDE9;
    34051 : FD90;
    34052 : FD68;
    34053 : FE3A;
    34054 : FF60;
    34055 : FE76;
    34056 : FC7F;
    34057 : FC54;
    34058 : FC1C;
    34059 : FAED;
    34060 : FBAA;
    34061 : FCD4;
    34062 : FC50;
    34063 : FCFF;
    34064 : FE88;
    34065 : FE74;
    34066 : FEE3;
    34067 : 0008;
    34068 : FF50;
    34069 : FDF5;
    34070 : FD4F;
    34071 : FC86;
    34072 : FC0B;
    34073 : FC2B;
    34074 : FC91;
    34075 : FD0C;
    34076 : FC9A;
    34077 : FBBA;
    34078 : FB7C;
    34079 : FACA;
    34080 : FA3F;
    34081 : FB80;
    34082 : FD50;
    34083 : FF59;
    34084 : 0185;
    34085 : 00BF;
    34086 : FD2A;
    34087 : FAC6;
    34088 : FA3A;
    34089 : FA2C;
    34090 : FAE9;
    34091 : FD11;
    34092 : FFDE;
    34093 : 00B1;
    34094 : FF10;
    34095 : FE48;
    34096 : FEB5;
    34097 : FE39;
    34098 : FDCB;
    34099 : FDB3;
    34100 : FD3F;
    34101 : FED6;
    34102 : 0249;
    34103 : 03E9;
    34104 : 0406;
    34105 : 03F6;
    34106 : 020D;
    34107 : FF08;
    34108 : FDAC;
    34109 : FDF6;
    34110 : FED9;
    34111 : 0039;
    34112 : 018F;
    34113 : 0253;
    34114 : 030A;
    34115 : 042B;
    34116 : 04E0;
    34117 : 046B;
    34118 : 03C7;
    34119 : 03B2;
    34120 : 0336;
    34121 : 01F2;
    34122 : 00F0;
    34123 : 00E9;
    34124 : 01A2;
    34125 : 0247;
    34126 : 0268;
    34127 : 0275;
    34128 : 0272;
    34129 : 0208;
    34130 : 021A;
    34131 : 0373;
    34132 : 04E1;
    34133 : 051F;
    34134 : 04BB;
    34135 : 0465;
    34136 : 0379;
    34137 : 0218;
    34138 : 0252;
    34139 : 042D;
    34140 : 0460;
    34141 : 0273;
    34142 : 014B;
    34143 : 00B9;
    34144 : FFFA;
    34145 : 01D3;
    34146 : 05C6;
    34147 : 075B;
    34148 : 0607;
    34149 : 03DB;
    34150 : 01E2;
    34151 : 0136;
    34152 : 00A0;
    34153 : FEF2;
    34154 : FF95;
    34155 : 02E2;
    34156 : 0447;
    34157 : 0403;
    34158 : 045E;
    34159 : 040C;
    34160 : 03F5;
    34161 : 059F;
    34162 : 062D;
    34163 : 0443;
    34164 : 0208;
    34165 : 008B;
    34166 : FFFD;
    34167 : FFBF;
    34168 : FE76;
    34169 : FD77;
    34170 : FEE6;
    34171 : 0167;
    34172 : 02F6;
    34173 : 0404;
    34174 : 0504;
    34175 : 052B;
    34176 : 0443;
    34177 : 02D2;
    34178 : 019B;
    34179 : 01DC;
    34180 : 030F;
    34181 : 031A;
    34182 : 0280;
    34183 : 0215;
    34184 : 003A;
    34185 : FE75;
    34186 : FF83;
    34187 : 009D;
    34188 : FFC8;
    34189 : FF17;
    34190 : FE2B;
    34191 : FD16;
    34192 : FEAB;
    34193 : 017E;
    34194 : 0254;
    34195 : 0210;
    34196 : 01AF;
    34197 : 00BA;
    34198 : 000A;
    34199 : FFCF;
    34200 : FE9E;
    34201 : FC81;
    34202 : FB9C;
    34203 : FCD7;
    34204 : FE73;
    34205 : FF4B;
    34206 : 002E;
    34207 : 018A;
    34208 : 0296;
    34209 : 01C2;
    34210 : FEFC;
    34211 : FD16;
    34212 : FCD4;
    34213 : FC8B;
    34214 : FDAB;
    34215 : 0045;
    34216 : FFD6;
    34217 : FC6F;
    34218 : FAE2;
    34219 : FBE5;
    34220 : FD77;
    34221 : FFA5;
    34222 : 02B3;
    34223 : 0438;
    34224 : 01A4;
    34225 : FD5E;
    34226 : FB8F;
    34227 : FBC4;
    34228 : FC47;
    34229 : FCCA;
    34230 : FD13;
    34231 : FEC6;
    34232 : 0178;
    34233 : 012A;
    34234 : FF6D;
    34235 : FFBA;
    34236 : FF54;
    34237 : FDE4;
    34238 : FE56;
    34239 : FEDF;
    34240 : FE83;
    34241 : FECD;
    34242 : FE8C;
    34243 : FDD7;
    34244 : FDE5;
    34245 : FD8D;
    34246 : FD9F;
    34247 : FEF5;
    34248 : FF1D;
    34249 : FE54;
    34250 : FE5C;
    34251 : FE0B;
    34252 : FD58;
    34253 : FD45;
    34254 : FCF3;
    34255 : FCA8;
    34256 : FD5D;
    34257 : FE2F;
    34258 : FEA7;
    34259 : FF4C;
    34260 : FFAE;
    34261 : FF38;
    34262 : FEC6;
    34263 : FF33;
    34264 : FF57;
    34265 : FE49;
    34266 : FD8E;
    34267 : FDA5;
    34268 : FD61;
    34269 : FDCD;
    34270 : FFD8;
    34271 : 00E9;
    34272 : FFA6;
    34273 : FE5B;
    34274 : FE00;
    34275 : FD9D;
    34276 : FDBA;
    34277 : FE7E;
    34278 : FE6F;
    34279 : FDE7;
    34280 : FDE6;
    34281 : FDD9;
    34282 : FE72;
    34283 : FFE1;
    34284 : FFC4;
    34285 : FEEB;
    34286 : FF8F;
    34287 : FF87;
    34288 : FE5D;
    34289 : FE77;
    34290 : FE91;
    34291 : FDFB;
    34292 : FEA1;
    34293 : FF0B;
    34294 : FE18;
    34295 : FDFB;
    34296 : FECE;
    34297 : FF9A;
    34298 : 0066;
    34299 : 0007;
    34300 : FE4E;
    34301 : FCD5;
    34302 : FC75;
    34303 : FD91;
    34304 : FF5B;
    34305 : 0013;
    34306 : 000F;
    34307 : 0020;
    34308 : FFEE;
    34309 : FFCA;
    34310 : FFAE;
    34311 : FF27;
    34312 : FF00;
    34313 : FF51;
    34314 : FF1C;
    34315 : FE98;
    34316 : FEA6;
    34317 : FF7F;
    34318 : 003C;
    34319 : FFC5;
    34320 : FEFD;
    34321 : FF12;
    34322 : FF41;
    34323 : FF41;
    34324 : FF9D;
    34325 : FF98;
    34326 : FEB8;
    34327 : FDED;
    34328 : FDBD;
    34329 : FDD7;
    34330 : FE3F;
    34331 : FF6C;
    34332 : 0121;
    34333 : 0224;
    34334 : 01DE;
    34335 : 00E7;
    34336 : 0002;
    34337 : FF57;
    34338 : FE6C;
    34339 : FD6D;
    34340 : FD4C;
    34341 : FDD3;
    34342 : FE5E;
    34343 : FF23;
    34344 : FFD3;
    34345 : 0017;
    34346 : 007C;
    34347 : 00B2;
    34348 : 0034;
    34349 : FFCF;
    34350 : FFFD;
    34351 : 0055;
    34352 : 0063;
    34353 : 0023;
    34354 : 0078;
    34355 : 0161;
    34356 : 0151;
    34357 : 0084;
    34358 : 0074;
    34359 : 0088;
    34360 : FFF8;
    34361 : 0010;
    34362 : 015A;
    34363 : 01DA;
    34364 : 0074;
    34365 : FF10;
    34366 : FEFA;
    34367 : FEEF;
    34368 : FE79;
    34369 : FE93;
    34370 : FF79;
    34371 : 00A0;
    34372 : 010B;
    34373 : 00A1;
    34374 : 009B;
    34375 : 0080;
    34376 : FFA3;
    34377 : FFA0;
    34378 : FFE5;
    34379 : FEAD;
    34380 : FDFA;
    34381 : FEB6;
    34382 : FEF7;
    34383 : FF6B;
    34384 : 009F;
    34385 : 00BD;
    34386 : 0004;
    34387 : FFAA;
    34388 : FF81;
    34389 : FFC0;
    34390 : 0046;
    34391 : 009F;
    34392 : 00FC;
    34393 : 00E2;
    34394 : 002D;
    34395 : FF80;
    34396 : FEB5;
    34397 : FE66;
    34398 : FF08;
    34399 : FF58;
    34400 : FFCC;
    34401 : 00B4;
    34402 : FF5D;
    34403 : FCA8;
    34404 : FC58;
    34405 : FD2D;
    34406 : FD48;
    34407 : FE70;
    34408 : FFF4;
    34409 : FF77;
    34410 : FE1A;
    34411 : FDB0;
    34412 : FE0A;
    34413 : FE9C;
    34414 : FEFD;
    34415 : FF47;
    34416 : 0006;
    34417 : 0090;
    34418 : FFE4;
    34419 : FED7;
    34420 : FE85;
    34421 : FE5C;
    34422 : FDFA;
    34423 : FE0C;
    34424 : FE38;
    34425 : FDD1;
    34426 : FD83;
    34427 : FD9F;
    34428 : FDA1;
    34429 : FD75;
    34430 : FD08;
    34431 : FCC7;
    34432 : FD62;
    34433 : FD9D;
    34434 : FCE1;
    34435 : FCF3;
    34436 : FD99;
    34437 : FD80;
    34438 : FDCC;
    34439 : FE74;
    34440 : FE16;
    34441 : FDCB;
    34442 : FE0E;
    34443 : FD9C;
    34444 : FD38;
    34445 : FD7C;
    34446 : FD3C;
    34447 : FCD9;
    34448 : FD2E;
    34449 : FDA2;
    34450 : FDEC;
    34451 : FE1B;
    34452 : FE3D;
    34453 : FE78;
    34454 : FDDC;
    34455 : FC38;
    34456 : FB83;
    34457 : FC59;
    34458 : FD60;
    34459 : FDF9;
    34460 : FE29;
    34461 : FE49;
    34462 : FEA9;
    34463 : FE62;
    34464 : FD48;
    34465 : FCE0;
    34466 : FD6B;
    34467 : FDE1;
    34468 : FE2E;
    34469 : FEAE;
    34470 : FF2D;
    34471 : FF0C;
    34472 : FE33;
    34473 : FDC9;
    34474 : FE5E;
    34475 : FF06;
    34476 : FF88;
    34477 : 0018;
    34478 : FFC3;
    34479 : FEA1;
    34480 : FE84;
    34481 : FF8A;
    34482 : FFF3;
    34483 : FF77;
    34484 : FF0A;
    34485 : FE74;
    34486 : FDA8;
    34487 : FE02;
    34488 : FF68;
    34489 : 0015;
    34490 : 001F;
    34491 : 007D;
    34492 : 00A4;
    34493 : 007B;
    34494 : 00B0;
    34495 : 00D4;
    34496 : 0082;
    34497 : 006D;
    34498 : 00C4;
    34499 : 00E4;
    34500 : 00D4;
    34501 : 0149;
    34502 : 01EE;
    34503 : 01BC;
    34504 : 0122;
    34505 : 00EC;
    34506 : 00A2;
    34507 : 0059;
    34508 : 0077;
    34509 : 003A;
    34510 : FFE4;
    34511 : 0063;
    34512 : 00D7;
    34513 : 00C1;
    34514 : 00D1;
    34515 : 00B3;
    34516 : 003F;
    34517 : FFFE;
    34518 : FFAF;
    34519 : FFA0;
    34520 : 0066;
    34521 : 010B;
    34522 : 0124;
    34523 : 016F;
    34524 : 0195;
    34525 : 0126;
    34526 : 00F3;
    34527 : 0164;
    34528 : 01D8;
    34529 : 01C0;
    34530 : 017A;
    34531 : 0177;
    34532 : 00D4;
    34533 : FF56;
    34534 : FEEB;
    34535 : 000D;
    34536 : 00B1;
    34537 : 0063;
    34538 : 0039;
    34539 : FFF3;
    34540 : FF53;
    34541 : FF42;
    34542 : FFC8;
    34543 : 0012;
    34544 : 0002;
    34545 : FFAD;
    34546 : FF55;
    34547 : FFD8;
    34548 : 009B;
    34549 : FFE7;
    34550 : FED0;
    34551 : FF57;
    34552 : 002F;
    34553 : 001F;
    34554 : 0085;
    34555 : 013A;
    34556 : 00BD;
    34557 : FF91;
    34558 : FEC0;
    34559 : FE71;
    34560 : FEA6;
    34561 : FEEF;
    34562 : FF12;
    34563 : FF86;
    34564 : FFF4;
    34565 : FFD2;
    34566 : FF6F;
    34567 : FF1A;
    34568 : FF16;
    34569 : FF5C;
    34570 : FF47;
    34571 : FF2A;
    34572 : FF8F;
    34573 : FF96;
    34574 : FEFF;
    34575 : FE96;
    34576 : FE59;
    34577 : FE5E;
    34578 : FEEB;
    34579 : FF0B;
    34580 : FE55;
    34581 : FDEF;
    34582 : FE57;
    34583 : FF12;
    34584 : FFDA;
    34585 : 0087;
    34586 : 00C0;
    34587 : 007B;
    34588 : 0073;
    34589 : 00F5;
    34590 : 00F9;
    34591 : 0046;
    34592 : FFC6;
    34593 : FF43;
    34594 : FE6E;
    34595 : FE3C;
    34596 : FED6;
    34597 : FF4A;
    34598 : FF37;
    34599 : FEFB;
    34600 : FEF4;
    34601 : FE93;
    34602 : FD80;
    34603 : FD3F;
    34604 : FE4A;
    34605 : FEDC;
    34606 : FEAC;
    34607 : FEA2;
    34608 : FE81;
    34609 : FE89;
    34610 : FF42;
    34611 : FFE0;
    34612 : 0001;
    34613 : FFF4;
    34614 : FFA0;
    34615 : FF6A;
    34616 : FFA7;
    34617 : FFA2;
    34618 : FF38;
    34619 : FF61;
    34620 : 003D;
    34621 : 0099;
    34622 : 0027;
    34623 : 0008;
    34624 : 0022;
    34625 : FF43;
    34626 : FE2F;
    34627 : FE4C;
    34628 : FEF9;
    34629 : FF4B;
    34630 : FF6C;
    34631 : FF98;
    34632 : FF9B;
    34633 : FF2B;
    34634 : FEAE;
    34635 : FE9E;
    34636 : FEB3;
    34637 : FF21;
    34638 : FFFD;
    34639 : 0048;
    34640 : 007A;
    34641 : 0151;
    34642 : 0142;
    34643 : 0060;
    34644 : 0086;
    34645 : 010F;
    34646 : 010F;
    34647 : 00E9;
    34648 : 003B;
    34649 : FFD7;
    34650 : 00C9;
    34651 : 0148;
    34652 : 00C2;
    34653 : 00AA;
    34654 : 002E;
    34655 : FEEE;
    34656 : FF36;
    34657 : 011A;
    34658 : 020B;
    34659 : 015B;
    34660 : 004C;
    34661 : FF6E;
    34662 : FEAA;
    34663 : FE72;
    34664 : FED3;
    34665 : FF14;
    34666 : FF6D;
    34667 : 0027;
    34668 : 007D;
    34669 : 00BD;
    34670 : 0151;
    34671 : 00F6;
    34672 : 000E;
    34673 : 007D;
    34674 : 0198;
    34675 : 01EC;
    34676 : 01E4;
    34677 : 01BA;
    34678 : 0113;
    34679 : 00B1;
    34680 : 016B;
    34681 : 026A;
    34682 : 025D;
    34683 : 0172;
    34684 : 0070;
    34685 : FF88;
    34686 : FEFF;
    34687 : FEDB;
    34688 : FEDE;
    34689 : FF76;
    34690 : 0040;
    34691 : 002E;
    34692 : FFF9;
    34693 : 0029;
    34694 : 0002;
    34695 : 0000;
    34696 : 004B;
    34697 : 0028;
    34698 : 0086;
    34699 : 017B;
    34700 : 01CF;
    34701 : 0272;
    34702 : 0346;
    34703 : 021F;
    34704 : 007D;
    34705 : 00DD;
    34706 : 019C;
    34707 : 0177;
    34708 : 0180;
    34709 : 0165;
    34710 : 0093;
    34711 : 000B;
    34712 : 002C;
    34713 : 0040;
    34714 : 0025;
    34715 : 0028;
    34716 : 0043;
    34717 : 007E;
    34718 : 00D9;
    34719 : 00A5;
    34720 : FFBD;
    34721 : FF68;
    34722 : 0011;
    34723 : 0088;
    34724 : 0098;
    34725 : 0127;
    34726 : 0219;
    34727 : 0260;
    34728 : 01A2;
    34729 : 00BB;
    34730 : 0076;
    34731 : 0075;
    34732 : 0058;
    34733 : 0069;
    34734 : 008C;
    34735 : 0089;
    34736 : 007F;
    34737 : 0033;
    34738 : FFB3;
    34739 : FF9C;
    34740 : FFD8;
    34741 : 0032;
    34742 : 00ED;
    34743 : 016B;
    34744 : 0103;
    34745 : 0070;
    34746 : 0020;
    34747 : FFBB;
    34748 : FF80;
    34749 : FF5A;
    34750 : FECE;
    34751 : FE8E;
    34752 : FF27;
    34753 : FFCB;
    34754 : 002E;
    34755 : 008D;
    34756 : 008E;
    34757 : 0040;
    34758 : 0020;
    34759 : 001C;
    34760 : 002B;
    34761 : 0059;
    34762 : 0058;
    34763 : 0029;
    34764 : FFFF;
    34765 : FFF5;
    34766 : 0010;
    34767 : FFF3;
    34768 : FFA6;
    34769 : FFB3;
    34770 : FFAC;
    34771 : FF33;
    34772 : FF2C;
    34773 : FF90;
    34774 : FF83;
    34775 : FF58;
    34776 : FF62;
    34777 : FF70;
    34778 : FFC3;
    34779 : 0010;
    34780 : FFC9;
    34781 : FFC2;
    34782 : 0090;
    34783 : 011C;
    34784 : 00C7;
    34785 : 004C;
    34786 : FFE8;
    34787 : FF5B;
    34788 : FF66;
    34789 : 0074;
    34790 : 0118;
    34791 : 00A2;
    34792 : 0020;
    34793 : FFBC;
    34794 : FF13;
    34795 : FECB;
    34796 : FF01;
    34797 : FF10;
    34798 : FF08;
    34799 : FF13;
    34800 : FF0A;
    34801 : FED6;
    34802 : FE90;
    34803 : FEB7;
    34804 : FF63;
    34805 : 0021;
    34806 : 00E0;
    34807 : 014B;
    34808 : 0101;
    34809 : 0099;
    34810 : 0013;
    34811 : FF61;
    34812 : FFD0;
    34813 : 00E5;
    34814 : 00DF;
    34815 : 00C7;
    34816 : 015D;
    34817 : 013F;
    34818 : 00EC;
    34819 : 0131;
    34820 : 00BD;
    34821 : FFC1;
    34822 : FF9D;
    34823 : FFC4;
    34824 : FF9E;
    34825 : FFAE;
    34826 : FFE3;
    34827 : FFC6;
    34828 : FF77;
    34829 : FF7E;
    34830 : FFE5;
    34831 : 000F;
    34832 : 0014;
    34833 : 0071;
    34834 : 0092;
    34835 : FFF7;
    34836 : FF48;
    34837 : FF2E;
    34838 : FF92;
    34839 : FFFD;
    34840 : 0054;
    34841 : 00C1;
    34842 : 00C8;
    34843 : 0050;
    34844 : 0038;
    34845 : 003C;
    34846 : FFC5;
    34847 : FF98;
    34848 : FFB4;
    34849 : FF85;
    34850 : FFF5;
    34851 : 0107;
    34852 : 013F;
    34853 : 00B4;
    34854 : 0045;
    34855 : FFD0;
    34856 : FF3F;
    34857 : FED6;
    34858 : FEEC;
    34859 : FF93;
    34860 : FFF7;
    34861 : FF9B;
    34862 : FF05;
    34863 : FE93;
    34864 : FEA4;
    34865 : FF26;
    34866 : FF01;
    34867 : FE8D;
    34868 : FF1A;
    34869 : FFC7;
    34870 : FFAB;
    34871 : FFCC;
    34872 : FFE2;
    34873 : FED8;
    34874 : FDCB;
    34875 : FDFE;
    34876 : FEBE;
    34877 : FF2C;
    34878 : FF4F;
    34879 : FF5D;
    34880 : FF6F;
    34881 : FF86;
    34882 : FF82;
    34883 : FF32;
    34884 : FEE4;
    34885 : FF25;
    34886 : FF9B;
    34887 : FFC3;
    34888 : FFFA;
    34889 : 0036;
    34890 : FFF9;
    34891 : FFA2;
    34892 : FF89;
    34893 : FF75;
    34894 : FF46;
    34895 : FEAD;
    34896 : FDC2;
    34897 : FD9B;
    34898 : FE64;
    34899 : FF12;
    34900 : FF48;
    34901 : FF32;
    34902 : FEF0;
    34903 : FEC3;
    34904 : FE97;
    34905 : FE7E;
    34906 : FEE3;
    34907 : FF67;
    34908 : FF81;
    34909 : FF72;
    34910 : FF20;
    34911 : FE5E;
    34912 : FE03;
    34913 : FE82;
    34914 : FF13;
    34915 : FF4B;
    34916 : FF81;
    34917 : FFAC;
    34918 : FF9D;
    34919 : FFB4;
    34920 : FFFF;
    34921 : FFF5;
    34922 : FF87;
    34923 : FF11;
    34924 : FECF;
    34925 : FEBC;
    34926 : FE43;
    34927 : FDB1;
    34928 : FE91;
    34929 : 001F;
    34930 : 0036;
    34931 : FFCA;
    34932 : FFEC;
    34933 : FF5E;
    34934 : FEBA;
    34935 : FF14;
    34936 : FF35;
    34937 : FF1F;
    34938 : FF78;
    34939 : FF5B;
    34940 : FF49;
    34941 : FF92;
    34942 : FEA4;
    34943 : FDB5;
    34944 : FEE5;
    34945 : 0068;
    34946 : 00B7;
    34947 : 00BC;
    34948 : 008E;
    34949 : 000F;
    34950 : FFCE;
    34951 : FFA4;
    34952 : FF65;
    34953 : FF33;
    34954 : FF1D;
    34955 : FF49;
    34956 : FF7E;
    34957 : FF9A;
    34958 : FFB2;
    34959 : FF46;
    34960 : FEB7;
    34961 : FF00;
    34962 : FF73;
    34963 : FFB1;
    34964 : 0058;
    34965 : 0083;
    34966 : FFED;
    34967 : FFFA;
    34968 : 0039;
    34969 : FFDE;
    34970 : FFD8;
    34971 : 0003;
    34972 : FFD5;
    34973 : 0023;
    34974 : 006A;
    34975 : FF79;
    34976 : FE7C;
    34977 : FE82;
    34978 : FEA6;
    34979 : FEBE;
    34980 : FF65;
    34981 : FFED;
    34982 : FFB5;
    34983 : FF78;
    34984 : FF92;
    34985 : FF99;
    34986 : FF9E;
    34987 : FF89;
    34988 : FF29;
    34989 : FF3E;
    34990 : FFFA;
    34991 : 005B;
    34992 : 0049;
    34993 : 0039;
    34994 : FFF6;
    34995 : FFBB;
    34996 : FFDF;
    34997 : FFEF;
    34998 : FFC2;
    34999 : FF7E;
    35000 : FF4A;
    35001 : FF73;
    35002 : FF82;
    35003 : FF2B;
    35004 : FF68;
    35005 : FFD6;
    35006 : FF1E;
    35007 : FE5D;
    35008 : FEBA;
    35009 : FEFE;
    35010 : FEF7;
    35011 : FF80;
    35012 : FFBC;
    35013 : FF27;
    35014 : FED6;
    35015 : FF0E;
    35016 : FF48;
    35017 : FF59;
    35018 : FF2B;
    35019 : FF28;
    35020 : FFB1;
    35021 : FFDF;
    35022 : FF4A;
    35023 : FF0F;
    35024 : FF74;
    35025 : FFB3;
    35026 : 0007;
    35027 : 00E2;
    35028 : 0160;
    35029 : 00C1;
    35030 : FFE1;
    35031 : FFC2;
    35032 : FFD7;
    35033 : FF85;
    35034 : FF95;
    35035 : 003B;
    35036 : 0033;
    35037 : FF52;
    35038 : FEDB;
    35039 : FEDC;
    35040 : FE98;
    35041 : FE89;
    35042 : FF19;
    35043 : FF62;
    35044 : FF42;
    35045 : FFB1;
    35046 : 003C;
    35047 : FFF1;
    35048 : FFBC;
    35049 : 0023;
    35050 : 001D;
    35051 : FFD4;
    35052 : 001C;
    35053 : 006E;
    35054 : 0081;
    35055 : 00A4;
    35056 : 009A;
    35057 : 007E;
    35058 : 0074;
    35059 : 000A;
    35060 : FF9E;
    35061 : FFAF;
    35062 : FFAE;
    35063 : FF88;
    35064 : FF83;
    35065 : FF29;
    35066 : FE9D;
    35067 : FEA6;
    35068 : FF37;
    35069 : FFC8;
    35070 : 002E;
    35071 : 0094;
    35072 : 00F9;
    35073 : 00E4;
    35074 : 0049;
    35075 : FFEA;
    35076 : 0018;
    35077 : 005E;
    35078 : 005D;
    35079 : 0062;
    35080 : 00C1;
    35081 : 00D6;
    35082 : 0080;
    35083 : 00A0;
    35084 : 00A9;
    35085 : FFE5;
    35086 : FFB0;
    35087 : 005B;
    35088 : 00BC;
    35089 : 00F7;
    35090 : 00E9;
    35091 : 000B;
    35092 : FF4F;
    35093 : FEF1;
    35094 : FE8C;
    35095 : FEBA;
    35096 : FF02;
    35097 : FF30;
    35098 : 0077;
    35099 : 0162;
    35100 : 0045;
    35101 : FF5B;
    35102 : FF76;
    35103 : FF1A;
    35104 : FF1B;
    35105 : FFF0;
    35106 : 003C;
    35107 : 004C;
    35108 : 009D;
    35109 : 0079;
    35110 : 0030;
    35111 : 001B;
    35112 : FFA6;
    35113 : FF20;
    35114 : FF53;
    35115 : 0014;
    35116 : 008C;
    35117 : 0052;
    35118 : FFFC;
    35119 : FFDA;
    35120 : FF62;
    35121 : FECD;
    35122 : FEDD;
    35123 : FF68;
    35124 : FFDC;
    35125 : FFF5;
    35126 : FFAF;
    35127 : FF25;
    35128 : FE9A;
    35129 : FEDE;
    35130 : 000E;
    35131 : 00BE;
    35132 : 00A5;
    35133 : 00D0;
    35134 : 00E3;
    35135 : 0083;
    35136 : 0082;
    35137 : 0068;
    35138 : FFA8;
    35139 : FF62;
    35140 : FFC3;
    35141 : FFE9;
    35142 : 0012;
    35143 : 00A0;
    35144 : 011B;
    35145 : 00F5;
    35146 : 0031;
    35147 : FF99;
    35148 : FF89;
    35149 : FF64;
    35150 : FF46;
    35151 : FFA2;
    35152 : 0002;
    35153 : 003C;
    35154 : 006B;
    35155 : 0042;
    35156 : 0020;
    35157 : 0047;
    35158 : 003F;
    35159 : 0079;
    35160 : 0152;
    35161 : 01C1;
    35162 : 016F;
    35163 : 00F9;
    35164 : 0063;
    35165 : FFD0;
    35166 : FFA0;
    35167 : FFDC;
    35168 : 0080;
    35169 : 00F3;
    35170 : 008C;
    35171 : 000D;
    35172 : FFF0;
    35173 : FFB1;
    35174 : FFA6;
    35175 : 001B;
    35176 : 0060;
    35177 : 007E;
    35178 : 00B0;
    35179 : 0095;
    35180 : 0089;
    35181 : 00A7;
    35182 : 0030;
    35183 : FFAD;
    35184 : 000D;
    35185 : 0097;
    35186 : 00B9;
    35187 : 00ED;
    35188 : 0134;
    35189 : 013C;
    35190 : 0109;
    35191 : 00B3;
    35192 : 0083;
    35193 : 00BC;
    35194 : 0113;
    35195 : 0155;
    35196 : 01B1;
    35197 : 01A9;
    35198 : 0070;
    35199 : FEF7;
    35200 : FEED;
    35201 : FFD6;
    35202 : 0052;
    35203 : 0078;
    35204 : 007D;
    35205 : 003E;
    35206 : 004B;
    35207 : 0093;
    35208 : 0070;
    35209 : 0040;
    35210 : 003E;
    35211 : 0004;
    35212 : FFFB;
    35213 : 0054;
    35214 : 00A1;
    35215 : 010B;
    35216 : 0171;
    35217 : 012B;
    35218 : 0087;
    35219 : 0019;
    35220 : 000C;
    35221 : 007B;
    35222 : 00D1;
    35223 : 007F;
    35224 : 0010;
    35225 : FFC9;
    35226 : FF8B;
    35227 : FFBD;
    35228 : 004C;
    35229 : 00AC;
    35230 : 00C8;
    35231 : 00AE;
    35232 : 008C;
    35233 : 00A6;
    35234 : 0099;
    35235 : 0038;
    35236 : FFF8;
    35237 : FFC3;
    35238 : FF6A;
    35239 : FF4D;
    35240 : FF78;
    35241 : FFC2;
    35242 : 0029;
    35243 : 0050;
    35244 : FFF2;
    35245 : FF6C;
    35246 : FF3A;
    35247 : FF86;
    35248 : 000B;
    35249 : 005C;
    35250 : 0079;
    35251 : 0066;
    35252 : FFEF;
    35253 : FF6E;
    35254 : FF5D;
    35255 : FF90;
    35256 : FFD2;
    35257 : 000D;
    35258 : 0003;
    35259 : FFD6;
    35260 : FFD9;
    35261 : FFF9;
    35262 : 0011;
    35263 : 0006;
    35264 : FFB5;
    35265 : FF46;
    35266 : FEEF;
    35267 : FEAA;
    35268 : FEBA;
    35269 : FF43;
    35270 : FFB0;
    35271 : FFB7;
    35272 : FFB0;
    35273 : FFA4;
    35274 : FF84;
    35275 : FF99;
    35276 : FFDB;
    35277 : 0002;
    35278 : 0007;
    35279 : FFD4;
    35280 : FF58;
    35281 : FEF9;
    35282 : FEE7;
    35283 : FEE2;
    35284 : FED3;
    35285 : FED6;
    35286 : FEFA;
    35287 : FF3D;
    35288 : FF6A;
    35289 : FF65;
    35290 : FF6E;
    35291 : FF84;
    35292 : FF5D;
    35293 : FEFC;
    35294 : FEA4;
    35295 : FE92;
    35296 : FED8;
    35297 : FF26;
    35298 : FF3F;
    35299 : FF3D;
    35300 : FF11;
    35301 : FEC0;
    35302 : FECB;
    35303 : FF52;
    35304 : FFCC;
    35305 : FFD9;
    35306 : FF72;
    35307 : FEE5;
    35308 : FEB5;
    35309 : FEFF;
    35310 : FF82;
    35311 : 001A;
    35312 : 0087;
    35313 : 005F;
    35314 : FF8D;
    35315 : FEA8;
    35316 : FE9B;
    35317 : FF88;
    35318 : 007A;
    35319 : 00CE;
    35320 : 009A;
    35321 : FFDC;
    35322 : FF0E;
    35323 : FF12;
    35324 : FFB0;
    35325 : FFF0;
    35326 : FF97;
    35327 : FF06;
    35328 : FE9E;
    35329 : FEA7;
    35330 : FEF6;
    35331 : FF32;
    35332 : FF55;
    35333 : FF6F;
    35334 : FF6A;
    35335 : FF59;
    35336 : FF92;
    35337 : 002E;
    35338 : 00D7;
    35339 : 0135;
    35340 : 0136;
    35341 : 00E0;
    35342 : 0050;
    35343 : FFC9;
    35344 : FFA4;
    35345 : 0014;
    35346 : 00B3;
    35347 : 00CB;
    35348 : 0061;
    35349 : FFF7;
    35350 : FFB4;
    35351 : FFA4;
    35352 : FFD8;
    35353 : 0030;
    35354 : 0083;
    35355 : 009E;
    35356 : 0055;
    35357 : 0009;
    35358 : 0001;
    35359 : FFF7;
    35360 : FFEB;
    35361 : 0009;
    35362 : 0019;
    35363 : 0007;
    35364 : FFF4;
    35365 : FFE1;
    35366 : FFFA;
    35367 : 0044;
    35368 : 0032;
    35369 : FFA4;
    35370 : FF4C;
    35371 : FF99;
    35372 : 003A;
    35373 : 00AB;
    35374 : 00B6;
    35375 : 007E;
    35376 : 0026;
    35377 : FFEC;
    35378 : 0013;
    35379 : 006E;
    35380 : 0098;
    35381 : 007F;
    35382 : 0030;
    35383 : FFBF;
    35384 : FF80;
    35385 : FFBE;
    35386 : 005E;
    35387 : 00E5;
    35388 : 00E2;
    35389 : 0080;
    35390 : 0022;
    35391 : FFC4;
    35392 : FF66;
    35393 : FF4B;
    35394 : FF5B;
    35395 : FF50;
    35396 : FF39;
    35397 : FF45;
    35398 : FF9B;
    35399 : 0041;
    35400 : 00CA;
    35401 : 00C7;
    35402 : 006E;
    35403 : 002F;
    35404 : 0025;
    35405 : 002A;
    35406 : FFFF;
    35407 : FF9E;
    35408 : FF64;
    35409 : FF90;
    35410 : FFD9;
    35411 : FFF4;
    35412 : FFED;
    35413 : FFE5;
    35414 : FFD8;
    35415 : FFCC;
    35416 : FFDD;
    35417 : 0003;
    35418 : 001D;
    35419 : 001E;
    35420 : 0019;
    35421 : 0017;
    35422 : FFF4;
    35423 : FF9A;
    35424 : FF51;
    35425 : FF6F;
    35426 : FFCB;
    35427 : FFF4;
    35428 : FFC5;
    35429 : FF78;
    35430 : FF38;
    35431 : FF15;
    35432 : FF21;
    35433 : FF5A;
    35434 : FF8A;
    35435 : FF92;
    35436 : FF8B;
    35437 : FF78;
    35438 : FF4E;
    35439 : FF3A;
    35440 : FF6F;
    35441 : FFD8;
    35442 : 0039;
    35443 : 006C;
    35444 : 0066;
    35445 : 0033;
    35446 : 0018;
    35447 : 0052;
    35448 : 00A3;
    35449 : 0095;
    35450 : 0036;
    35451 : FFD9;
    35452 : FF92;
    35453 : FF83;
    35454 : FFCC;
    35455 : 0002;
    35456 : FFC4;
    35457 : FF62;
    35458 : FF36;
    35459 : FF2E;
    35460 : FF3A;
    35461 : FF76;
    35462 : FFE9;
    35463 : 004F;
    35464 : 0043;
    35465 : FFE3;
    35466 : FFC0;
    35467 : 0004;
    35468 : 0062;
    35469 : 0094;
    35470 : 005E;
    35471 : FFD9;
    35472 : FF99;
    35473 : FFD1;
    35474 : 001F;
    35475 : 0047;
    35476 : 0039;
    35477 : FFE1;
    35478 : FF84;
    35479 : FF74;
    35480 : FFA4;
    35481 : FFFA;
    35482 : 004F;
    35483 : 0067;
    35484 : 0050;
    35485 : 0026;
    35486 : FFDB;
    35487 : FFCA;
    35488 : 0055;
    35489 : 0112;
    35490 : 0177;
    35491 : 0152;
    35492 : 0078;
    35493 : FF55;
    35494 : FEE8;
    35495 : FF5E;
    35496 : 0007;
    35497 : 0082;
    35498 : 00D0;
    35499 : 00E8;
    35500 : 00C8;
    35501 : 0064;
    35502 : FFE1;
    35503 : FFBA;
    35504 : 000A;
    35505 : 0063;
    35506 : 0097;
    35507 : 00B8;
    35508 : 00AD;
    35509 : 007E;
    35510 : 006B;
    35511 : 007A;
    35512 : 007A;
    35513 : 0055;
    35514 : 0049;
    35515 : 00B5;
    35516 : 0169;
    35517 : 01A2;
    35518 : 0135;
    35519 : 00BE;
    35520 : 0091;
    35521 : 0084;
    35522 : 0064;
    35523 : 0035;
    35524 : 005E;
    35525 : 00F6;
    35526 : 013D;
    35527 : 00DB;
    35528 : 007C;
    35529 : 0067;
    35530 : 0052;
    35531 : 0051;
    35532 : 006F;
    35533 : 006E;
    35534 : 005E;
    35535 : 006E;
    35536 : 0090;
    35537 : 00CB;
    35538 : 0109;
    35539 : 00F5;
    35540 : 0099;
    35541 : 0065;
    35542 : 0091;
    35543 : 00E4;
    35544 : 0122;
    35545 : 0165;
    35546 : 01AE;
    35547 : 018E;
    35548 : 00EC;
    35549 : 0060;
    35550 : 0041;
    35551 : 006E;
    35552 : 00C7;
    35553 : 0114;
    35554 : 010A;
    35555 : 00BB;
    35556 : 0075;
    35557 : 006D;
    35558 : 0083;
    35559 : 0078;
    35560 : 0066;
    35561 : 0097;
    35562 : 00F0;
    35563 : 011A;
    35564 : 00F7;
    35565 : 00A9;
    35566 : 0065;
    35567 : 004A;
    35568 : 0059;
    35569 : 0097;
    35570 : 00DD;
    35571 : 00DE;
    35572 : 00A5;
    35573 : 007B;
    35574 : 0076;
    35575 : 008F;
    35576 : 00BA;
    35577 : 00E7;
    35578 : 0127;
    35579 : 017B;
    35580 : 01A4;
    35581 : 0184;
    35582 : 0148;
    35583 : 0108;
    35584 : 00A6;
    35585 : 004E;
    35586 : 0076;
    35587 : 010C;
    35588 : 0168;
    35589 : 0160;
    35590 : 0159;
    35591 : 016D;
    35592 : 0160;
    35593 : 0108;
    35594 : 008A;
    35595 : 005B;
    35596 : 00B3;
    35597 : 013D;
    35598 : 01B0;
    35599 : 01DE;
    35600 : 0198;
    35601 : 0137;
    35602 : 013F;
    35603 : 018A;
    35604 : 01C5;
    35605 : 01F1;
    35606 : 01EA;
    35607 : 01A0;
    35608 : 015E;
    35609 : 013E;
    35610 : 00FC;
    35611 : 0081;
    35612 : 0017;
    35613 : FFFE;
    35614 : 0024;
    35615 : 0070;
    35616 : 00E2;
    35617 : 0128;
    35618 : 0100;
    35619 : 00C7;
    35620 : 00D6;
    35621 : 0113;
    35622 : 014C;
    35623 : 0151;
    35624 : 0119;
    35625 : 00FD;
    35626 : 0126;
    35627 : 0154;
    35628 : 015E;
    35629 : 013A;
    35630 : 00E5;
    35631 : 008A;
    35632 : 003E;
    35633 : 0000;
    35634 : FFF2;
    35635 : FFFF;
    35636 : FFE6;
    35637 : FFC4;
    35638 : FFDD;
    35639 : 003C;
    35640 : 00CE;
    35641 : 0155;
    35642 : 017C;
    35643 : 0146;
    35644 : 00FF;
    35645 : 00CE;
    35646 : 00AA;
    35647 : 008A;
    35648 : 0080;
    35649 : 0097;
    35650 : 00BB;
    35651 : 00C7;
    35652 : 00A7;
    35653 : 0073;
    35654 : 006E;
    35655 : 00A1;
    35656 : 00BF;
    35657 : 00A4;
    35658 : 007A;
    35659 : 0059;
    35660 : 0038;
    35661 : 001C;
    35662 : 0020;
    35663 : 004D;
    35664 : 0082;
    35665 : 0085;
    35666 : 005D;
    35667 : 004D;
    35668 : 006A;
    35669 : 0072;
    35670 : 002A;
    35671 : FFB1;
    35672 : FF59;
    35673 : FF5F;
    35674 : FFB0;
    35675 : FFFA;
    35676 : 001D;
    35677 : 004A;
    35678 : 008A;
    35679 : 00AB;
    35680 : 00AF;
    35681 : 00AF;
    35682 : 00A8;
    35683 : 009A;
    35684 : 008E;
    35685 : 0083;
    35686 : 007B;
    35687 : 0087;
    35688 : 00C6;
    35689 : 0124;
    35690 : 014D;
    35691 : 0120;
    35692 : 00BC;
    35693 : 0030;
    35694 : FFB6;
    35695 : FFAF;
    35696 : 0000;
    35697 : 0049;
    35698 : 0078;
    35699 : 0086;
    35700 : 0056;
    35701 : 000B;
    35702 : FFEF;
    35703 : 0025;
    35704 : 009C;
    35705 : 0113;
    35706 : 014E;
    35707 : 0138;
    35708 : 00D2;
    35709 : 0053;
    35710 : 0001;
    35711 : FFF0;
    35712 : 0015;
    35713 : 005C;
    35714 : 00A3;
    35715 : 00DF;
    35716 : 0104;
    35717 : 00ED;
    35718 : 00B7;
    35719 : 00AB;
    35720 : 00CD;
    35721 : 0102;
    35722 : 0129;
    35723 : 010C;
    35724 : 00B2;
    35725 : 0061;
    35726 : 002B;
    35727 : FFFD;
    35728 : FFE5;
    35729 : FFEC;
    35730 : 0013;
    35731 : 005D;
    35732 : 009D;
    35733 : 0094;
    35734 : 0054;
    35735 : 0038;
    35736 : 0062;
    35737 : 0091;
    35738 : 0081;
    35739 : 0042;
    35740 : 0028;
    35741 : 0062;
    35742 : 00B2;
    35743 : 00B8;
    35744 : 007D;
    35745 : 0052;
    35746 : 0044;
    35747 : 0033;
    35748 : 002E;
    35749 : 0058;
    35750 : 00A2;
    35751 : 00E4;
    35752 : 0105;
    35753 : 0102;
    35754 : 00C9;
    35755 : 004A;
    35756 : FFBE;
    35757 : FF7F;
    35758 : FFA2;
    35759 : FFEB;
    35760 : 0009;
    35761 : FFE0;
    35762 : FF9A;
    35763 : FF6E;
    35764 : FF7E;
    35765 : FFD4;
    35766 : 0041;
    35767 : 0075;
    35768 : 005F;
    35769 : 0027;
    35770 : FFD7;
    35771 : FF65;
    35772 : FEF7;
    35773 : FED3;
    35774 : FEFC;
    35775 : FF20;
    35776 : FF18;
    35777 : FF19;
    35778 : FF5F;
    35779 : FFDC;
    35780 : 003C;
    35781 : 002D;
    35782 : FFD0;
    35783 : FF76;
    35784 : FF31;
    35785 : FF10;
    35786 : FF2D;
    35787 : FF66;
    35788 : FF8B;
    35789 : FF92;
    35790 : FF81;
    35791 : FF7C;
    35792 : FF89;
    35793 : FF70;
    35794 : FF4C;
    35795 : FF67;
    35796 : FFA1;
    35797 : FFCC;
    35798 : FFF7;
    35799 : 000F;
    35800 : FFFF;
    35801 : FFE4;
    35802 : FFB1;
    35803 : FF55;
    35804 : FF11;
    35805 : FF1F;
    35806 : FF5C;
    35807 : FF75;
    35808 : FF38;
    35809 : FECF;
    35810 : FE9F;
    35811 : FEDE;
    35812 : FF67;
    35813 : FFF4;
    35814 : 005D;
    35815 : 0094;
    35816 : 008A;
    35817 : 004D;
    35818 : 0017;
    35819 : 000D;
    35820 : 0021;
    35821 : 003B;
    35822 : 003F;
    35823 : 002F;
    35824 : 002D;
    35825 : 003E;
    35826 : 003E;
    35827 : 0011;
    35828 : FFD2;
    35829 : FFC1;
    35830 : FFF6;
    35831 : 003D;
    35832 : 005A;
    35833 : 0034;
    35834 : FFD0;
    35835 : FF6F;
    35836 : FF55;
    35837 : FF7A;
    35838 : FFD4;
    35839 : 006A;
    35840 : 00EB;
    35841 : 00F1;
    35842 : 0091;
    35843 : 002A;
    35844 : FFE0;
    35845 : FFAF;
    35846 : FFA5;
    35847 : FFEF;
    35848 : 008B;
    35849 : 0117;
    35850 : 0128;
    35851 : 00BA;
    35852 : 0022;
    35853 : FFC0;
    35854 : FFCE;
    35855 : 0041;
    35856 : 00CA;
    35857 : 010F;
    35858 : 00EB;
    35859 : 0089;
    35860 : 0038;
    35861 : 001C;
    35862 : 001C;
    35863 : 0022;
    35864 : 003D;
    35865 : 006D;
    35866 : 0078;
    35867 : 0045;
    35868 : 000B;
    35869 : FFE4;
    35870 : FFBB;
    35871 : FFAC;
    35872 : FFE6;
    35873 : 0040;
    35874 : 0072;
    35875 : 0081;
    35876 : 008F;
    35877 : 009C;
    35878 : 00AF;
    35879 : 00D3;
    35880 : 00D0;
    35881 : 006D;
    35882 : FFDF;
    35883 : FF7E;
    35884 : FF65;
    35885 : FFA1;
    35886 : 0028;
    35887 : 009C;
    35888 : 00A1;
    35889 : 0053;
    35890 : 000F;
    35891 : 0008;
    35892 : 0035;
    35893 : 0065;
    35894 : 0079;
    35895 : 0078;
    35896 : 005F;
    35897 : 0015;
    35898 : FFB3;
    35899 : FF7D;
    35900 : FF9B;
    35901 : FFEC;
    35902 : 0022;
    35903 : 002A;
    35904 : 0036;
    35905 : 0050;
    35906 : 0061;
    35907 : 0073;
    35908 : 008A;
    35909 : 0080;
    35910 : 0050;
    35911 : 0017;
    35912 : FFF6;
    35913 : FFFC;
    35914 : 0002;
    35915 : FFDB;
    35916 : FFBB;
    35917 : FFE0;
    35918 : 0023;
    35919 : 0051;
    35920 : 005A;
    35921 : 0040;
    35922 : 0029;
    35923 : 002B;
    35924 : 0011;
    35925 : FFC3;
    35926 : FF7D;
    35927 : FF78;
    35928 : FFC7;
    35929 : 0050;
    35930 : 00C8;
    35931 : 00F8;
    35932 : 00DF;
    35933 : 00AA;
    35934 : 00A0;
    35935 : 00CA;
    35936 : 00D3;
    35937 : 00A1;
    35938 : 0064;
    35939 : 0022;
    35940 : FFE3;
    35941 : FFBF;
    35942 : FF98;
    35943 : FF4F;
    35944 : FF0E;
    35945 : FF03;
    35946 : FF36;
    35947 : FF97;
    35948 : FFF0;
    35949 : 0004;
    35950 : FFCA;
    35951 : FF7C;
    35952 : FF7B;
    35953 : FFE7;
    35954 : 0075;
    35955 : 00E9;
    35956 : 011B;
    35957 : 00DA;
    35958 : 0065;
    35959 : 003A;
    35960 : 0047;
    35961 : 0040;
    35962 : 0020;
    35963 : FFC8;
    35964 : FF44;
    35965 : FF11;
    35966 : FF4F;
    35967 : FFA3;
    35968 : FFEA;
    35969 : 0017;
    35970 : 000B;
    35971 : FFF2;
    35972 : FFDB;
    35973 : FF95;
    35974 : FF51;
    35975 : FF5F;
    35976 : FFA4;
    35977 : FFDB;
    35978 : FFD7;
    35979 : FF8F;
    35980 : FF58;
    35981 : FF86;
    35982 : FFEF;
    35983 : 0036;
    35984 : 003D;
    35985 : 0027;
    35986 : 001D;
    35987 : 0008;
    35988 : FFB3;
    35989 : FF49;
    35990 : FF1B;
    35991 : FF25;
    35992 : FF3B;
    35993 : FF4B;
    35994 : FF5E;
    35995 : FF9E;
    35996 : FFFD;
    35997 : 0024;
    35998 : 0000;
    35999 : FFE5;
    36000 : 0011;
    36001 : 0073;
    36002 : 00A9;
    36003 : 0048;
    36004 : FF96;
    36005 : FF52;
    36006 : FF9A;
    36007 : FFF9;
    36008 : 0039;
    36009 : 006D;
    36010 : 0082;
    36011 : 0056;
    36012 : FFF1;
    36013 : FF89;
    36014 : FF58;
    36015 : FF6D;
    36016 : FFB8;
    36017 : 0026;
    36018 : 007D;
    36019 : 006A;
    36020 : FFF3;
    36021 : FF8E;
    36022 : FF8C;
    36023 : FFC1;
    36024 : FFE8;
    36025 : FFFA;
    36026 : FFF5;
    36027 : FFBD;
    36028 : FF72;
    36029 : FF66;
    36030 : FFA1;
    36031 : FFDE;
    36032 : FFF6;
    36033 : FFF9;
    36034 : FFFB;
    36035 : 0014;
    36036 : 004E;
    36037 : 0080;
    36038 : 006C;
    36039 : 0014;
    36040 : FFB6;
    36041 : FF91;
    36042 : FFBA;
    36043 : 0002;
    36044 : 002E;
    36045 : 0035;
    36046 : 0037;
    36047 : 0048;
    36048 : 004E;
    36049 : 0024;
    36050 : FFDC;
    36051 : FFBC;
    36052 : FFD0;
    36053 : FFE2;
    36054 : FFE5;
    36055 : FFED;
    36056 : FFF1;
    36057 : FFD9;
    36058 : FF9B;
    36059 : FF52;
    36060 : FF41;
    36061 : FF7D;
    36062 : FFDB;
    36063 : 003A;
    36064 : 0078;
    36065 : 005C;
    36066 : 0011;
    36067 : FFFF;
    36068 : 0020;
    36069 : 004F;
    36070 : 0093;
    36071 : 00BC;
    36072 : 0075;
    36073 : FFDA;
    36074 : FF53;
    36075 : FF38;
    36076 : FF99;
    36077 : 0024;
    36078 : 0078;
    36079 : 007C;
    36080 : 002A;
    36081 : FFAA;
    36082 : FF6E;
    36083 : FF8C;
    36084 : FFBC;
    36085 : FFF3;
    36086 : 0017;
    36087 : FFCD;
    36088 : FF4C;
    36089 : FF30;
    36090 : FF85;
    36091 : FFFB;
    36092 : 0064;
    36093 : 00A6;
    36094 : 00CE;
    36095 : 00EE;
    36096 : 00BF;
    36097 : 0037;
    36098 : FFC7;
    36099 : FFA1;
    36100 : FFA0;
    36101 : FFB5;
    36102 : FFCD;
    36103 : FFBF;
    36104 : FFA4;
    36105 : FFA3;
    36106 : FFAB;
    36107 : FFAD;
    36108 : FFC1;
    36109 : 0004;
    36110 : 0072;
    36111 : 00D3;
    36112 : 00CA;
    36113 : 0054;
    36114 : FFE2;
    36115 : FFCE;
    36116 : 0004;
    36117 : 006A;
    36118 : 00E1;
    36119 : 0104;
    36120 : 009B;
    36121 : 0005;
    36122 : FFA7;
    36123 : FF82;
    36124 : FF78;
    36125 : FF78;
    36126 : FF77;
    36127 : FF8D;
    36128 : FFBF;
    36129 : FFD7;
    36130 : FFC5;
    36131 : FFC8;
    36132 : FFF4;
    36133 : 0017;
    36134 : 0023;
    36135 : 0026;
    36136 : 0015;
    36137 : 0000;
    36138 : 0005;
    36139 : 0010;
    36140 : 000E;
    36141 : 0003;
    36142 : FFE3;
    36143 : FFA7;
    36144 : FF79;
    36145 : FF7A;
    36146 : FFA0;
    36147 : FFC8;
    36148 : FFC2;
    36149 : FF7A;
    36150 : FF24;
    36151 : FF15;
    36152 : FF79;
    36153 : 0013;
    36154 : 0074;
    36155 : 0074;
    36156 : 0036;
    36157 : FFD9;
    36158 : FF9C;
    36159 : FFC9;
    36160 : 0039;
    36161 : 007C;
    36162 : 0065;
    36163 : 000D;
    36164 : FFA6;
    36165 : FF6F;
    36166 : FF7D;
    36167 : FF9D;
    36168 : FFAC;
    36169 : FFB8;
    36170 : FFCD;
    36171 : FFE2;
    36172 : FFE3;
    36173 : FFBB;
    36174 : FF8C;
    36175 : FF87;
    36176 : FFA4;
    36177 : FFCA;
    36178 : FFF3;
    36179 : 0014;
    36180 : 003A;
    36181 : 0066;
    36182 : 0043;
    36183 : FFAD;
    36184 : FF25;
    36185 : FF13;
    36186 : FF5B;
    36187 : FFBB;
    36188 : FFED;
    36189 : FFC7;
    36190 : FF8E;
    36191 : FF96;
    36192 : FFC3;
    36193 : FFD5;
    36194 : FFC8;
    36195 : FFBA;
    36196 : FFC7;
    36197 : FFF0;
    36198 : 001A;
    36199 : 0024;
    36200 : 0000;
    36201 : FFBB;
    36202 : FF6B;
    36203 : FF1A;
    36204 : FEF7;
    36205 : FF31;
    36206 : FF9F;
    36207 : FFDC;
    36208 : FFB8;
    36209 : FF50;
    36210 : FEE4;
    36211 : FEA9;
    36212 : FEB9;
    36213 : FF07;
    36214 : FF53;
    36215 : FF66;
    36216 : FF58;
    36217 : FF5F;
    36218 : FF65;
    36219 : FF3F;
    36220 : FF0D;
    36221 : FF13;
    36222 : FF5E;
    36223 : FFBE;
    36224 : FFF8;
    36225 : 000C;
    36226 : 0020;
    36227 : 0025;
    36228 : FFF4;
    36229 : FFA4;
    36230 : FF6D;
    36231 : FF6E;
    36232 : FFA2;
    36233 : FFD4;
    36234 : FFD3;
    36235 : FFB6;
    36236 : FFA9;
    36237 : FF9A;
    36238 : FF86;
    36239 : FF83;
    36240 : FF8E;
    36241 : FFA5;
    36242 : FFB5;
    36243 : FF82;
    36244 : FF13;
    36245 : FEC8;
    36246 : FED8;
    36247 : FF26;
    36248 : FF7B;
    36249 : FFB5;
    36250 : FFDF;
    36251 : 0004;
    36252 : 0001;
    36253 : FFD5;
    36254 : FFA5;
    36255 : FF7E;
    36256 : FF5C;
    36257 : FF4B;
    36258 : FF49;
    36259 : FF4E;
    36260 : FF5D;
    36261 : FF74;
    36262 : FF92;
    36263 : FFB1;
    36264 : FFD3;
    36265 : 0009;
    36266 : 003A;
    36267 : 0036;
    36268 : 0019;
    36269 : 0017;
    36270 : 0026;
    36271 : 0030;
    36272 : 0037;
    36273 : 0044;
    36274 : 0053;
    36275 : 0044;
    36276 : 0001;
    36277 : FFAF;
    36278 : FF8D;
    36279 : FF9E;
    36280 : FFC8;
    36281 : FFFD;
    36282 : 001A;
    36283 : FFFE;
    36284 : FFD3;
    36285 : FFCF;
    36286 : FFF1;
    36287 : 0025;
    36288 : 0044;
    36289 : 001D;
    36290 : FFCB;
    36291 : FFA6;
    36292 : FFB8;
    36293 : FFD0;
    36294 : FFE6;
    36295 : FFFF;
    36296 : 001C;
    36297 : 0043;
    36298 : 005F;
    36299 : 0053;
    36300 : 002F;
    36301 : 0017;
    36302 : 0016;
    36303 : 0021;
    36304 : 0025;
    36305 : 0013;
    36306 : FFF5;
    36307 : FFED;
    36308 : 0006;
    36309 : 0023;
    36310 : 0035;
    36311 : 0037;
    36312 : 000A;
    36313 : FFB0;
    36314 : FF72;
    36315 : FF83;
    36316 : FFC2;
    36317 : FFF6;
    36318 : FFF1;
    36319 : FFB8;
    36320 : FF84;
    36321 : FF88;
    36322 : FFB2;
    36323 : FFD2;
    36324 : FFD6;
    36325 : FFD8;
    36326 : FFF7;
    36327 : 0024;
    36328 : 0029;
    36329 : FFEA;
    36330 : FF9D;
    36331 : FF8F;
    36332 : FFC1;
    36333 : 0003;
    36334 : 0035;
    36335 : 0036;
    36336 : FFFF;
    36337 : FFAE;
    36338 : FF5B;
    36339 : FF22;
    36340 : FF2C;
    36341 : FF6B;
    36342 : FFB2;
    36343 : FFE7;
    36344 : FFED;
    36345 : FFB9;
    36346 : FF88;
    36347 : FF86;
    36348 : FFA0;
    36349 : FFBB;
    36350 : FFD2;
    36351 : FFFB;
    36352 : 0043;
    36353 : 0076;
    36354 : 0062;
    36355 : 0026;
    36356 : FFFB;
    36357 : FFEE;
    36358 : FFE6;
    36359 : FFD1;
    36360 : FFB4;
    36361 : FFA5;
    36362 : FFA9;
    36363 : FFB4;
    36364 : FFAE;
    36365 : FF8E;
    36366 : FF7C;
    36367 : FFAF;
    36368 : 0015;
    36369 : 005D;
    36370 : 0057;
    36371 : 0015;
    36372 : FFB7;
    36373 : FF66;
    36374 : FF53;
    36375 : FF8A;
    36376 : FFD8;
    36377 : 0008;
    36378 : 0010;
    36379 : 0001;
    36380 : FFE8;
    36381 : FFCF;
    36382 : FFD7;
    36383 : 000A;
    36384 : 003A;
    36385 : 0045;
    36386 : 0040;
    36387 : 0020;
    36388 : FFCB;
    36389 : FF5D;
    36390 : FF23;
    36391 : FF5F;
    36392 : FFF2;
    36393 : 0051;
    36394 : 0032;
    36395 : FFE3;
    36396 : FFBD;
    36397 : FFCD;
    36398 : FFF1;
    36399 : FFF2;
    36400 : FFBF;
    36401 : FF92;
    36402 : FF95;
    36403 : FFBC;
    36404 : FFEF;
    36405 : 0022;
    36406 : 0054;
    36407 : 0071;
    36408 : 0053;
    36409 : FFFC;
    36410 : FF8E;
    36411 : FF2A;
    36412 : FF01;
    36413 : FF3E;
    36414 : FFBE;
    36415 : 002F;
    36416 : 0053;
    36417 : 0025;
    36418 : FFCF;
    36419 : FF87;
    36420 : FF84;
    36421 : FFEA;
    36422 : 007E;
    36423 : 00BB;
    36424 : 006C;
    36425 : FFDD;
    36426 : FF78;
    36427 : FF64;
    36428 : FF85;
    36429 : FFB8;
    36430 : FFE5;
    36431 : 0002;
    36432 : 000D;
    36433 : 0017;
    36434 : 002E;
    36435 : 0041;
    36436 : 0029;
    36437 : FFD6;
    36438 : FF74;
    36439 : FF38;
    36440 : FF3C;
    36441 : FF77;
    36442 : FFC9;
    36443 : 0017;
    36444 : 0046;
    36445 : 0044;
    36446 : 002A;
    36447 : 0027;
    36448 : 003E;
    36449 : 005A;
    36450 : 0068;
    36451 : 0057;
    36452 : 003C;
    36453 : 002F;
    36454 : 0017;
    36455 : FFE2;
    36456 : FFA2;
    36457 : FF7D;
    36458 : FF93;
    36459 : FFDF;
    36460 : 0028;
    36461 : 0042;
    36462 : 0033;
    36463 : 0012;
    36464 : FFF5;
    36465 : FFEC;
    36466 : FFF6;
    36467 : 000E;
    36468 : 0034;
    36469 : 0069;
    36470 : 008E;
    36471 : 0083;
    36472 : 0061;
    36473 : 0055;
    36474 : 005A;
    36475 : 004B;
    36476 : 001D;
    36477 : FFE5;
    36478 : FFC3;
    36479 : FFC3;
    36480 : FFCC;
    36481 : FFD5;
    36482 : FFF8;
    36483 : 003F;
    36484 : 008F;
    36485 : 00B9;
    36486 : 00B3;
    36487 : 00A5;
    36488 : 00AD;
    36489 : 00BD;
    36490 : 00AC;
    36491 : 005D;
    36492 : FFF6;
    36493 : FFCA;
    36494 : FFE8;
    36495 : 0031;
    36496 : 0099;
    36497 : 00EC;
    36498 : 00DD;
    36499 : 006C;
    36500 : FFDE;
    36501 : FF81;
    36502 : FF82;
    36503 : FFD2;
    36504 : 003F;
    36505 : 00AA;
    36506 : 00DC;
    36507 : 0096;
    36508 : FFFC;
    36509 : FF96;
    36510 : FFB4;
    36511 : 001E;
    36512 : 0080;
    36513 : 00B7;
    36514 : 00BD;
    36515 : 009A;
    36516 : 0069;
    36517 : 0046;
    36518 : 0045;
    36519 : 0061;
    36520 : 0070;
    36521 : 004F;
    36522 : 0005;
    36523 : FFC8;
    36524 : FFE1;
    36525 : 0055;
    36526 : 00D1;
    36527 : 0110;
    36528 : 0100;
    36529 : 00B6;
    36530 : 0075;
    36531 : 007F;
    36532 : 00B6;
    36533 : 00C8;
    36534 : 0099;
    36535 : 0053;
    36536 : 003E;
    36537 : 0068;
    36538 : 009C;
    36539 : 00A7;
    36540 : 0080;
    36541 : 0042;
    36542 : 0013;
    36543 : FFFF;
    36544 : 000E;
    36545 : 004C;
    36546 : 0096;
    36547 : 00A6;
    36548 : 006F;
    36549 : 0027;
    36550 : FFFD;
    36551 : FFEF;
    36552 : FFEF;
    36553 : 0002;
    36554 : 0020;
    36555 : 002E;
    36556 : 002C;
    36557 : 0034;
    36558 : 0044;
    36559 : 0046;
    36560 : 002A;
    36561 : 0003;
    36562 : 0003;
    36563 : 0035;
    36564 : 0074;
    36565 : 00B4;
    36566 : 0102;
    36567 : 0136;
    36568 : 0102;
    36569 : 005C;
    36570 : FFBB;
    36571 : FF91;
    36572 : FFC4;
    36573 : FFFD;
    36574 : 0018;
    36575 : 0018;
    36576 : 001C;
    36577 : 0036;
    36578 : 0048;
    36579 : 003C;
    36580 : 0022;
    36581 : 000B;
    36582 : 000E;
    36583 : 002C;
    36584 : 003E;
    36585 : 003A;
    36586 : 0041;
    36587 : 0051;
    36588 : 004E;
    36589 : 003F;
    36590 : 0045;
    36591 : 0067;
    36592 : 0088;
    36593 : 008C;
    36594 : 0071;
    36595 : 0040;
    36596 : 000E;
    36597 : FFFD;
    36598 : 001B;
    36599 : 004D;
    36600 : 006A;
    36601 : 0065;
    36602 : 0052;
    36603 : 0047;
    36604 : 0043;
    36605 : 0051;
    36606 : 007C;
    36607 : 00A8;
    36608 : 00AB;
    36609 : 0074;
    36610 : 0013;
    36611 : FFBA;
    36612 : FF9E;
    36613 : FFD2;
    36614 : 0027;
    36615 : 0047;
    36616 : 0021;
    36617 : FFF3;
    36618 : FFD7;
    36619 : FFC2;
    36620 : FFBC;
    36621 : FFC3;
    36622 : FFD7;
    36623 : 0004;
    36624 : 0030;
    36625 : 003A;
    36626 : 003B;
    36627 : 0051;
    36628 : 0077;
    36629 : 009F;
    36630 : 00B0;
    36631 : 009F;
    36632 : 0082;
    36633 : 0072;
    36634 : 0067;
    36635 : 0056;
    36636 : 003D;
    36637 : 0026;
    36638 : 001A;
    36639 : 0014;
    36640 : 000A;
    36641 : FFF8;
    36642 : FFE1;
    36643 : FFD1;
    36644 : FFCF;
    36645 : FFE1;
    36646 : FFFA;
    36647 : FFFF;
    36648 : FFFB;
    36649 : 0008;
    36650 : 000D;
    36651 : FFF2;
    36652 : FFD0;
    36653 : FFDB;
    36654 : 0025;
    36655 : 0083;
    36656 : 00A8;
    36657 : 0091;
    36658 : 0072;
    36659 : 006B;
    36660 : 007B;
    36661 : 008B;
    36662 : 007C;
    36663 : 0058;
    36664 : 0040;
    36665 : 0043;
    36666 : 0060;
    36667 : 0083;
    36668 : 0090;
    36669 : 0082;
    36670 : 0057;
    36671 : 0010;
    36672 : FFCD;
    36673 : FFAA;
    36674 : FFA5;
    36675 : FFA9;
    36676 : FFAD;
    36677 : FFAA;
    36678 : FF94;
    36679 : FF6E;
    36680 : FF5D;
    36681 : FF86;
    36682 : FFEA;
    36683 : 0071;
    36684 : 00D8;
    36685 : 00CC;
    36686 : 0061;
    36687 : FFFF;
    36688 : FFDF;
    36689 : FFE9;
    36690 : FFF0;
    36691 : FFFE;
    36692 : 0043;
    36693 : 00AD;
    36694 : 00F0;
    36695 : 00EB;
    36696 : 00BB;
    36697 : 0080;
    36698 : 0045;
    36699 : 0013;
    36700 : 0001;
    36701 : 0009;
    36702 : 0004;
    36703 : FFED;
    36704 : FFDF;
    36705 : FFD1;
    36706 : FFBB;
    36707 : FFB3;
    36708 : FFC8;
    36709 : FFF5;
    36710 : 001D;
    36711 : 0019;
    36712 : FFE4;
    36713 : FFA7;
    36714 : FF99;
    36715 : FFD0;
    36716 : 001B;
    36717 : 0039;
    36718 : 0026;
    36719 : 0003;
    36720 : FFD2;
    36721 : FF91;
    36722 : FF64;
    36723 : FF82;
    36724 : FFE5;
    36725 : 0031;
    36726 : 002E;
    36727 : FFF4;
    36728 : FFAB;
    36729 : FF72;
    36730 : FF65;
    36731 : FF7C;
    36732 : FF95;
    36733 : FF98;
    36734 : FF92;
    36735 : FF98;
    36736 : FF9D;
    36737 : FF87;
    36738 : FF68;
    36739 : FF5B;
    36740 : FF5F;
    36741 : FF74;
    36742 : FF92;
    36743 : FFA9;
    36744 : FFB5;
    36745 : FFA9;
    36746 : FF7A;
    36747 : FF58;
    36748 : FF6E;
    36749 : FFAB;
    36750 : FFDB;
    36751 : FFEC;
    36752 : FFF0;
    36753 : FFF7;
    36754 : FFE6;
    36755 : FFA8;
    36756 : FF5B;
    36757 : FF2B;
    36758 : FF28;
    36759 : FF4D;
    36760 : FF8F;
    36761 : FFD8;
    36762 : FFF8;
    36763 : FFD9;
    36764 : FF9E;
    36765 : FF76;
    36766 : FF7A;
    36767 : FFA1;
    36768 : FFC0;
    36769 : FFBB;
    36770 : FFA8;
    36771 : FFA0;
    36772 : FFA7;
    36773 : FFB9;
    36774 : FFD1;
    36775 : FFEF;
    36776 : 0012;
    36777 : 0025;
    36778 : 0026;
    36779 : 002C;
    36780 : 002F;
    36781 : 0022;
    36782 : 0011;
    36783 : 000B;
    36784 : 000F;
    36785 : 0000;
    36786 : FFC9;
    36787 : FF8F;
    36788 : FF76;
    36789 : FF79;
    36790 : FF91;
    36791 : FFBA;
    36792 : FFEF;
    36793 : 0039;
    36794 : 008B;
    36795 : 00B6;
    36796 : 00AD;
    36797 : 0085;
    36798 : 0053;
    36799 : 0044;
    36800 : 0078;
    36801 : 00B9;
    36802 : 00B9;
    36803 : 0080;
    36804 : 0051;
    36805 : 0052;
    36806 : 0066;
    36807 : 005A;
    36808 : 001A;
    36809 : FFD7;
    36810 : FFD3;
    36811 : 0007;
    36812 : 003E;
    36813 : 005D;
    36814 : 0064;
    36815 : 006D;
    36816 : 0092;
    36817 : 00B8;
    36818 : 00B7;
    36819 : 009D;
    36820 : 0076;
    36821 : 003F;
    36822 : 0014;
    36823 : 0011;
    36824 : 002C;
    36825 : 0047;
    36826 : 0045;
    36827 : 002B;
    36828 : 0024;
    36829 : 003A;
    36830 : 0056;
    36831 : 006C;
    36832 : 007C;
    36833 : 0081;
    36834 : 0086;
    36835 : 0098;
    36836 : 00BA;
    36837 : 00DA;
    36838 : 00E3;
    36839 : 00E0;
    36840 : 00D7;
    36841 : 00BB;
    36842 : 0088;
    36843 : 0052;
    36844 : 002A;
    36845 : 0012;
    36846 : 0004;
    36847 : FFF9;
    36848 : FFEF;
    36849 : FFDF;
    36850 : FFD3;
    36851 : FFE0;
    36852 : 0004;
    36853 : 0021;
    36854 : 0026;
    36855 : 0020;
    36856 : 0024;
    36857 : 003D;
    36858 : 0060;
    36859 : 0081;
    36860 : 0087;
    36861 : 006E;
    36862 : 0054;
    36863 : 0047;
    36864 : 0031;
    36865 : 0014;
    36866 : FFFB;
    36867 : FFD4;
    36868 : FF97;
    36869 : FF68;
    36870 : FF85;
    36871 : FFEA;
    36872 : 003C;
    36873 : 0031;
    36874 : FFF0;
    36875 : FFB9;
    36876 : FF9B;
    36877 : FF9C;
    36878 : FFC2;
    36879 : FFF7;
    36880 : 0017;
    36881 : 0016;
    36882 : 0005;
    36883 : 0003;
    36884 : 001F;
    36885 : 0050;
    36886 : 0073;
    36887 : 0061;
    36888 : 0023;
    36889 : FFE0;
    36890 : FFB4;
    36891 : FFA4;
    36892 : FFAA;
    36893 : FFBA;
    36894 : FFBC;
    36895 : FFA6;
    36896 : FF92;
    36897 : FF95;
    36898 : FFA6;
    36899 : FFB0;
    36900 : FF9C;
    36901 : FF54;
    36902 : FEFD;
    36903 : FEE7;
    36904 : FF21;
    36905 : FF7C;
    36906 : FFCA;
    36907 : FFF2;
    36908 : FFF4;
    36909 : FFE1;
    36910 : FFC6;
    36911 : FFB2;
    36912 : FFB3;
    36913 : FFC3;
    36914 : FFE4;
    36915 : 0024;
    36916 : 006A;
    36917 : 0082;
    36918 : 004E;
    36919 : FFF2;
    36920 : FFB1;
    36921 : FFA1;
    36922 : FFAB;
    36923 : FFBD;
    36924 : FFC5;
    36925 : FFB0;
    36926 : FF81;
    36927 : FF49;
    36928 : FF14;
    36929 : FEF7;
    36930 : FF0E;
    36931 : FF63;
    36932 : FFC6;
    36933 : FFE8;
    36934 : FFBB;
    36935 : FF76;
    36936 : FF4C;
    36937 : FF51;
    36938 : FF7C;
    36939 : FFA7;
    36940 : FFB9;
    36941 : FFB5;
    36942 : FFAB;
    36943 : FFA5;
    36944 : FFA1;
    36945 : FFA1;
    36946 : FFB1;
    36947 : FFD5;
    36948 : FFFC;
    36949 : 0016;
    36950 : 0024;
    36951 : 002F;
    36952 : 0039;
    36953 : 0035;
    36954 : 0018;
    36955 : FFE6;
    36956 : FFBC;
    36957 : FFBF;
    36958 : FFEE;
    36959 : 0021;
    36960 : 003D;
    36961 : 003B;
    36962 : 001F;
    36963 : 0000;
    36964 : FFE2;
    36965 : FFC7;
    36966 : FFC5;
    36967 : FFE0;
    36968 : FFF2;
    36969 : FFF5;
    36970 : FFFE;
    36971 : 000C;
    36972 : 001D;
    36973 : 0035;
    36974 : 0051;
    36975 : 0070;
    36976 : 0096;
    36977 : 00B2;
    36978 : 00AE;
    36979 : 0084;
    36980 : 0045;
    36981 : 000F;
    36982 : FFF0;
    36983 : FFE0;
    36984 : FFE7;
    36985 : 0014;
    36986 : 004C;
    36987 : 0052;
    36988 : 0017;
    36989 : FFCF;
    36990 : FFAB;
    36991 : FFB2;
    36992 : FFDD;
    36993 : 0029;
    36994 : 0099;
    36995 : 011B;
    36996 : 016E;
    36997 : 016A;
    36998 : 012F;
    36999 : 00F0;
    37000 : 00C7;
    37001 : 00B4;
    37002 : 00A3;
    37003 : 0087;
    37004 : 0066;
    37005 : 0049;
    37006 : 003D;
    37007 : 0046;
    37008 : 0051;
    37009 : 0051;
    37010 : 0054;
    37011 : 0068;
    37012 : 008E;
    37013 : 00B2;
    37014 : 00AF;
    37015 : 007F;
    37016 : 004F;
    37017 : 0044;
    37018 : 005C;
    37019 : 0079;
    37020 : 0082;
    37021 : 007F;
    37022 : 0086;
    37023 : 00A8;
    37024 : 00D4;
    37025 : 00E0;
    37026 : 00C6;
    37027 : 00AE;
    37028 : 00A8;
    37029 : 00A0;
    37030 : 0082;
    37031 : 0054;
    37032 : 0040;
    37033 : 0074;
    37034 : 00CB;
    37035 : 00F5;
    37036 : 00D8;
    37037 : 0096;
    37038 : 0061;
    37039 : 0065;
    37040 : 009D;
    37041 : 00D3;
    37042 : 00D8;
    37043 : 00A6;
    37044 : 0052;
    37045 : FFF6;
    37046 : FFB6;
    37047 : FFB2;
    37048 : FFE4;
    37049 : 0025;
    37050 : 0045;
    37051 : 0033;
    37052 : 0011;
    37053 : 0007;
    37054 : 002C;
    37055 : 007A;
    37056 : 00BF;
    37057 : 00CC;
    37058 : 00BD;
    37059 : 00C0;
    37060 : 00CB;
    37061 : 00C2;
    37062 : 009A;
    37063 : 005B;
    37064 : 0023;
    37065 : 0006;
    37066 : FFEE;
    37067 : FFD0;
    37068 : FFBC;
    37069 : FFC9;
    37070 : FFFC;
    37071 : 0027;
    37072 : 0019;
    37073 : FFE6;
    37074 : FFD4;
    37075 : FFFB;
    37076 : 003A;
    37077 : 005E;
    37078 : 004B;
    37079 : 001E;
    37080 : 0004;
    37081 : 0001;
    37082 : FFFA;
    37083 : FFE2;
    37084 : FFCE;
    37085 : FFE4;
    37086 : 0020;
    37087 : 003A;
    37088 : 0000;
    37089 : FF9F;
    37090 : FF62;
    37091 : FF67;
    37092 : FF98;
    37093 : FFC7;
    37094 : FFDE;
    37095 : FFF4;
    37096 : 001D;
    37097 : 003A;
    37098 : 002D;
    37099 : FFFE;
    37100 : FFBD;
    37101 : FF82;
    37102 : FF6D;
    37103 : FF8C;
    37104 : FFC8;
    37105 : FFF0;
    37106 : FFE5;
    37107 : FFBF;
    37108 : FF99;
    37109 : FF76;
    37110 : FF78;
    37111 : FFB9;
    37112 : 0005;
    37113 : 0015;
    37114 : FFE2;
    37115 : FFA0;
    37116 : FF8D;
    37117 : FFBF;
    37118 : 0005;
    37119 : 0019;
    37120 : FFEF;
    37121 : FFBA;
    37122 : FF9E;
    37123 : FF98;
    37124 : FF98;
    37125 : FFA1;
    37126 : FFA6;
    37127 : FF89;
    37128 : FF55;
    37129 : FF38;
    37130 : FF46;
    37131 : FF6B;
    37132 : FF89;
    37133 : FF8A;
    37134 : FF72;
    37135 : FF68;
    37136 : FF83;
    37137 : FFB3;
    37138 : FFE6;
    37139 : 0009;
    37140 : FFFD;
    37141 : FFC3;
    37142 : FF85;
    37143 : FF68;
    37144 : FF73;
    37145 : FF99;
    37146 : FFBD;
    37147 : FFD0;
    37148 : FFDD;
    37149 : FFEF;
    37150 : 0003;
    37151 : 001C;
    37152 : 0036;
    37153 : 0047;
    37154 : 0044;
    37155 : 0024;
    37156 : FFE6;
    37157 : FFB0;
    37158 : FFB3;
    37159 : FFE7;
    37160 : 001E;
    37161 : 0037;
    37162 : 0024;
    37163 : FFEA;
    37164 : FFB2;
    37165 : FFB2;
    37166 : FFE9;
    37167 : 0021;
    37168 : 0030;
    37169 : 000E;
    37170 : FFDC;
    37171 : FFD1;
    37172 : 0006;
    37173 : 005E;
    37174 : 00A0;
    37175 : 00A9;
    37176 : 0083;
    37177 : 004D;
    37178 : 0020;
    37179 : 000C;
    37180 : 0019;
    37181 : 0036;
    37182 : 0043;
    37183 : 0039;
    37184 : 0022;
    37185 : 000F;
    37186 : 000D;
    37187 : 0026;
    37188 : 004F;
    37189 : 0072;
    37190 : 007B;
    37191 : 0071;
    37192 : 0066;
    37193 : 0057;
    37194 : 003F;
    37195 : 0035;
    37196 : 004C;
    37197 : 0068;
    37198 : 006A;
    37199 : 005D;
    37200 : 0053;
    37201 : 0049;
    37202 : 0036;
    37203 : 0015;
    37204 : FFE9;
    37205 : FFC9;
    37206 : FFCF;
    37207 : FFF8;
    37208 : 002A;
    37209 : 0048;
    37210 : 0042;
    37211 : 002E;
    37212 : 002A;
    37213 : 0032;
    37214 : 0030;
    37215 : 001A;
    37216 : FFFB;
    37217 : FFEF;
    37218 : 000D;
    37219 : 0045;
    37220 : 006B;
    37221 : 006C;
    37222 : 0056;
    37223 : 003C;
    37224 : 0023;
    37225 : 0013;
    37226 : 001C;
    37227 : 0045;
    37228 : 007C;
    37229 : 009C;
    37230 : 0087;
    37231 : 0046;
    37232 : 0005;
    37233 : FFF0;
    37234 : 0010;
    37235 : 0041;
    37236 : 004F;
    37237 : 002E;
    37238 : FFF7;
    37239 : FFD1;
    37240 : FFDB;
    37241 : 0013;
    37242 : 0048;
    37243 : 004E;
    37244 : 0031;
    37245 : 001F;
    37246 : 0025;
    37247 : 0032;
    37248 : 0039;
    37249 : 0036;
    37250 : 0032;
    37251 : 0037;
    37252 : 0046;
    37253 : 0057;
    37254 : 0065;
    37255 : 0067;
    37256 : 0055;
    37257 : 0034;
    37258 : 000F;
    37259 : FFF5;
    37260 : FFFB;
    37261 : 0025;
    37262 : 0058;
    37263 : 0071;
    37264 : 004D;
    37265 : FFF0;
    37266 : FFA3;
    37267 : FFB1;
    37268 : 0006;
    37269 : 0059;
    37270 : 007E;
    37271 : 007C;
    37272 : 006C;
    37273 : 0060;
    37274 : 0052;
    37275 : 0045;
    37276 : 003F;
    37277 : 002F;
    37278 : 000C;
    37279 : FFEC;
    37280 : FFED;
    37281 : 000E;
    37282 : 0037;
    37283 : 0049;
    37284 : 0034;
    37285 : 0005;
    37286 : FFDA;
    37287 : FFE5;
    37288 : 0043;
    37289 : 00B7;
    37290 : 00D5;
    37291 : 0088;
    37292 : 001E;
    37293 : FFDF;
    37294 : FFE3;
    37295 : 0018;
    37296 : 003B;
    37297 : 0023;
    37298 : FFED;
    37299 : FFC6;
    37300 : FFB8;
    37301 : FFBC;
    37302 : FFC3;
    37303 : FFBE;
    37304 : FFBB;
    37305 : FFCB;
    37306 : FFE0;
    37307 : FFEF;
    37308 : FFFB;
    37309 : 0005;
    37310 : FFFE;
    37311 : FFDB;
    37312 : FFA9;
    37313 : FF8C;
    37314 : FF9A;
    37315 : FFCA;
    37316 : 0002;
    37317 : 001F;
    37318 : 0015;
    37319 : FFFC;
    37320 : FFF0;
    37321 : FFEC;
    37322 : FFE3;
    37323 : FFDA;
    37324 : FFD9;
    37325 : FFDC;
    37326 : FFD5;
    37327 : FFBF;
    37328 : FFA5;
    37329 : FFA2;
    37330 : FFC2;
    37331 : FFED;
    37332 : 000A;
    37333 : 000A;
    37334 : FFF0;
    37335 : FFCF;
    37336 : FFC0;
    37337 : FFC3;
    37338 : FFC3;
    37339 : FFBA;
    37340 : FFBA;
    37341 : FFD1;
    37342 : FFF5;
    37343 : 0017;
    37344 : 0028;
    37345 : 001F;
    37346 : 0008;
    37347 : FFFC;
    37348 : 0005;
    37349 : 0021;
    37350 : 003B;
    37351 : 0040;
    37352 : 0036;
    37353 : 002A;
    37354 : 001A;
    37355 : FFFD;
    37356 : FFD8;
    37357 : FFC2;
    37358 : FFCE;
    37359 : FFF9;
    37360 : 001F;
    37361 : 0025;
    37362 : 0016;
    37363 : 0009;
    37364 : 0003;
    37365 : FFF7;
    37366 : FFD6;
    37367 : FFAC;
    37368 : FF9B;
    37369 : FFB4;
    37370 : FFE3;
    37371 : 000E;
    37372 : 001E;
    37373 : 0003;
    37374 : FFC2;
    37375 : FF82;
    37376 : FF70;
    37377 : FF95;
    37378 : FFD3;
    37379 : FFFF;
    37380 : 0005;
    37381 : FFEA;
    37382 : FFC7;
    37383 : FFB5;
    37384 : FFB8;
    37385 : FFCA;
    37386 : FFE9;
    37387 : 000E;
    37388 : 0028;
    37389 : 002C;
    37390 : 001F;
    37391 : 0003;
    37392 : FFDD;
    37393 : FFBC;
    37394 : FFAB;
    37395 : FFAA;
    37396 : FFB1;
    37397 : FFB9;
    37398 : FFBD;
    37399 : FFB6;
    37400 : FFA3;
    37401 : FF93;
    37402 : FF93;
    37403 : FF9C;
    37404 : FFA4;
    37405 : FFB3;
    37406 : FFCF;
    37407 : FFE9;
    37408 : FFED;
    37409 : FFDA;
    37410 : FFBC;
    37411 : FFA6;
    37412 : FF97;
    37413 : FF8E;
    37414 : FF8A;
    37415 : FF8B;
    37416 : FF94;
    37417 : FFA3;
    37418 : FF9D;
    37419 : FF72;
    37420 : FF45;
    37421 : FF51;
    37422 : FF99;
    37423 : FFEB;
    37424 : 001A;
    37425 : 001B;
    37426 : FFF5;
    37427 : FFBF;
    37428 : FF9B;
    37429 : FF90;
    37430 : FF8E;
    37431 : FF8B;
    37432 : FF8C;
    37433 : FF97;
    37434 : FFAD;
    37435 : FFBD;
    37436 : FFB8;
    37437 : FFA2;
    37438 : FF93;
    37439 : FF95;
    37440 : FFA2;
    37441 : FFA9;
    37442 : FFA3;
    37443 : FFA1;
    37444 : FFAF;
    37445 : FFB9;
    37446 : FFA2;
    37447 : FF71;
    37448 : FF44;
    37449 : FF39;
    37450 : FF6A;
    37451 : FFC2;
    37452 : 0007;
    37453 : 0015;
    37454 : FFF7;
    37455 : FFCA;
    37456 : FFA4;
    37457 : FF8F;
    37458 : FF93;
    37459 : FFBE;
    37460 : 0009;
    37461 : 003E;
    37462 : 003C;
    37463 : 0013;
    37464 : FFEB;
    37465 : FFDB;
    37466 : FFE4;
    37467 : FFF6;
    37468 : 0000;
    37469 : 0002;
    37470 : 0006;
    37471 : 0012;
    37472 : 0019;
    37473 : FFFE;
    37474 : FFBD;
    37475 : FF84;
    37476 : FF88;
    37477 : FFBE;
    37478 : FFF0;
    37479 : FFFD;
    37480 : FFF2;
    37481 : FFE7;
    37482 : FFE2;
    37483 : FFE2;
    37484 : FFEC;
    37485 : 0005;
    37486 : 002D;
    37487 : 006A;
    37488 : 00AE;
    37489 : 00D8;
    37490 : 00D0;
    37491 : 00A2;
    37492 : 006A;
    37493 : 003E;
    37494 : 0025;
    37495 : 001F;
    37496 : 002D;
    37497 : 004C;
    37498 : 006B;
    37499 : 006B;
    37500 : 0041;
    37501 : 0017;
    37502 : 0020;
    37503 : 006A;
    37504 : 00CA;
    37505 : 00FA;
    37506 : 00D8;
    37507 : 0086;
    37508 : 003C;
    37509 : 0017;
    37510 : 0010;
    37511 : 001C;
    37512 : 0032;
    37513 : 0049;
    37514 : 005C;
    37515 : 0063;
    37516 : 0064;
    37517 : 006E;
    37518 : 0086;
    37519 : 00A4;
    37520 : 00B4;
    37521 : 00AC;
    37522 : 0097;
    37523 : 0092;
    37524 : 00A8;
    37525 : 00C6;
    37526 : 00CD;
    37527 : 00A8;
    37528 : 006B;
    37529 : 0049;
    37530 : 0060;
    37531 : 009D;
    37532 : 00D3;
    37533 : 00E7;
    37534 : 00D7;
    37535 : 00B5;
    37536 : 0090;
    37537 : 0069;
    37538 : 004A;
    37539 : 003E;
    37540 : 0043;
    37541 : 004C;
    37542 : 004C;
    37543 : 003E;
    37544 : 002C;
    37545 : 0028;
    37546 : 0039;
    37547 : 004E;
    37548 : 0050;
    37549 : 0039;
    37550 : 0023;
    37551 : 0031;
    37552 : 0062;
    37553 : 0087;
    37554 : 0075;
    37555 : 0033;
    37556 : FFF1;
    37557 : FFD6;
    37558 : FFE9;
    37559 : 0012;
    37560 : 002B;
    37561 : 002C;
    37562 : 002B;
    37563 : 0038;
    37564 : 0046;
    37565 : 003F;
    37566 : 001F;
    37567 : 0002;
    37568 : 000C;
    37569 : 003D;
    37570 : 0060;
    37571 : 004F;
    37572 : 001B;
    37573 : FFE3;
    37574 : FFB3;
    37575 : FF8D;
    37576 : FF79;
    37577 : FF87;
    37578 : FFB7;
    37579 : FFF0;
    37580 : 0017;
    37581 : 0018;
    37582 : FFEB;
    37583 : FFAB;
    37584 : FF8B;
    37585 : FFA0;
    37586 : FFD5;
    37587 : 0003;
    37588 : 0012;
    37589 : 0007;
    37590 : FFF6;
    37591 : FFE6;
    37592 : FFDA;
    37593 : FFDE;
    37594 : FFF6;
    37595 : 0017;
    37596 : 002A;
    37597 : 001D;
    37598 : FFF4;
    37599 : FFC9;
    37600 : FFAC;
    37601 : FF96;
    37602 : FF85;
    37603 : FF8A;
    37604 : FFB9;
    37605 : 0005;
    37606 : 0038;
    37607 : 0029;
    37608 : FFE8;
    37609 : FFA7;
    37610 : FF89;
    37611 : FF9F;
    37612 : FFDB;
    37613 : 0010;
    37614 : 0019;
    37615 : FFFA;
    37616 : FFC7;
    37617 : FF8D;
    37618 : FF5C;
    37619 : FF53;
    37620 : FF89;
    37621 : FFE5;
    37622 : 0019;
    37623 : FFFD;
    37624 : FFB7;
    37625 : FF85;
    37626 : FF7B;
    37627 : FF8C;
    37628 : FFA7;
    37629 : FFC4;
    37630 : FFDF;
    37631 : FFF1;
    37632 : FFFA;
    37633 : FFFF;
    37634 : 0000;
    37635 : FFF3;
    37636 : FFDA;
    37637 : FFC7;
    37638 : FFC2;
    37639 : FFCB;
    37640 : FFD7;
    37641 : FFDA;
    37642 : FFC7;
    37643 : FF9D;
    37644 : FF80;
    37645 : FF97;
    37646 : FFD6;
    37647 : 0009;
    37648 : 0011;
    37649 : FFF7;
    37650 : FFDD;
    37651 : FFE3;
    37652 : 0004;
    37653 : 0017;
    37654 : FFFE;
    37655 : FFC7;
    37656 : FF8D;
    37657 : FF72;
    37658 : FF8E;
    37659 : FFD1;
    37660 : 0004;
    37661 : 0001;
    37662 : FFDA;
    37663 : FFB6;
    37664 : FFA7;
    37665 : FFA2;
    37666 : FFA9;
    37667 : FFD2;
    37668 : 001F;
    37669 : 0065;
    37670 : 0074;
    37671 : 004E;
    37672 : 0021;
    37673 : 000E;
    37674 : 0009;
    37675 : FFF8;
    37676 : FFD7;
    37677 : FFB4;
    37678 : FFA3;
    37679 : FFAB;
    37680 : FFC2;
    37681 : FFD6;
    37682 : FFD6;
    37683 : FFBE;
    37684 : FF9E;
    37685 : FF95;
    37686 : FFAF;
    37687 : FFD8;
    37688 : FFF1;
    37689 : FFE4;
    37690 : FFBC;
    37691 : FF97;
    37692 : FF8A;
    37693 : FF96;
    37694 : FFBD;
    37695 : FFF7;
    37696 : 0026;
    37697 : 0027;
    37698 : FFF7;
    37699 : FFBF;
    37700 : FFAD;
    37701 : FFC7;
    37702 : FFEC;
    37703 : 0000;
    37704 : 0003;
    37705 : FFFE;
    37706 : FFF4;
    37707 : FFE6;
    37708 : FFD2;
    37709 : FFBF;
    37710 : FFB6;
    37711 : FFB5;
    37712 : FFAD;
    37713 : FF9B;
    37714 : FF8D;
    37715 : FF91;
    37716 : FFA9;
    37717 : FFC4;
    37718 : FFCB;
    37719 : FFB0;
    37720 : FF86;
    37721 : FF7C;
    37722 : FFB0;
    37723 : 0003;
    37724 : 0036;
    37725 : 0023;
    37726 : FFE4;
    37727 : FFA8;
    37728 : FF89;
    37729 : FF88;
    37730 : FF9F;
    37731 : FFBE;
    37732 : FFCA;
    37733 : FFBD;
    37734 : FFA9;
    37735 : FF9D;
    37736 : FF95;
    37737 : FF8F;
    37738 : FF8C;
    37739 : FF93;
    37740 : FF9D;
    37741 : FF9F;
    37742 : FF9A;
    37743 : FF9D;
    37744 : FFAA;
    37745 : FFB4;
    37746 : FFB1;
    37747 : FFB5;
    37748 : FFD0;
    37749 : FFFC;
    37750 : 001E;
    37751 : 0021;
    37752 : 000A;
    37753 : FFF2;
    37754 : FFE9;
    37755 : FFEB;
    37756 : FFEF;
    37757 : FFF3;
    37758 : FFEF;
    37759 : FFD7;
    37760 : FFA9;
    37761 : FF7A;
    37762 : FF65;
    37763 : FF79;
    37764 : FFAA;
    37765 : FFDF;
    37766 : FFFD;
    37767 : FFF5;
    37768 : FFD3;
    37769 : FFBD;
    37770 : FFC6;
    37771 : FFE3;
    37772 : FFF5;
    37773 : FFE6;
    37774 : FFB8;
    37775 : FF91;
    37776 : FF98;
    37777 : FFC8;
    37778 : FFFA;
    37779 : 000D;
    37780 : FFFD;
    37781 : FFE1;
    37782 : FFCF;
    37783 : FFC8;
    37784 : FFCC;
    37785 : FFE3;
    37786 : 0001;
    37787 : 0008;
    37788 : FFED;
    37789 : FFC2;
    37790 : FFAA;
    37791 : FFBB;
    37792 : FFE7;
    37793 : 0003;
    37794 : FFF6;
    37795 : FFC7;
    37796 : FF8E;
    37797 : FF64;
    37798 : FF63;
    37799 : FF92;
    37800 : FFCF;
    37801 : FFEB;
    37802 : FFD9;
    37803 : FFBC;
    37804 : FFB5;
    37805 : FFC2;
    37806 : FFCD;
    37807 : FFC5;
    37808 : FFAF;
    37809 : FF9C;
    37810 : FF9D;
    37811 : FFB8;
    37812 : FFE4;
    37813 : 0008;
    37814 : 000C;
    37815 : FFF0;
    37816 : FFCE;
    37817 : FFC1;
    37818 : FFC8;
    37819 : FFD5;
    37820 : FFD9;
    37821 : FFCD;
    37822 : FFB4;
    37823 : FF98;
    37824 : FF8D;
    37825 : FF9B;
    37826 : FFBB;
    37827 : FFDD;
    37828 : FFF3;
    37829 : FFF1;
    37830 : FFD9;
    37831 : FFBF;
    37832 : FFBD;
    37833 : FFD3;
    37834 : FFE9;
    37835 : FFEA;
    37836 : FFDA;
    37837 : FFCE;
    37838 : FFD8;
    37839 : FFF1;
    37840 : FFFC;
    37841 : FFE6;
    37842 : FFBE;
    37843 : FFA5;
    37844 : FFB1;
    37845 : FFD5;
    37846 : FFE9;
    37847 : FFD9;
    37848 : FFC2;
    37849 : FFC7;
    37850 : FFEA;
    37851 : 0013;
    37852 : 002E;
    37853 : 0034;
    37854 : 002D;
    37855 : 001E;
    37856 : 000C;
    37857 : 0002;
    37858 : 0006;
    37859 : 0018;
    37860 : 002A;
    37861 : 002D;
    37862 : 0014;
    37863 : FFEC;
    37864 : FFD6;
    37865 : FFE0;
    37866 : FFF8;
    37867 : FFFD;
    37868 : FFE3;
    37869 : FFC1;
    37870 : FFB4;
    37871 : FFBB;
    37872 : FFC5;
    37873 : FFC8;
    37874 : FFC5;
    37875 : FFB9;
    37876 : FFAB;
    37877 : FFA7;
    37878 : FFB1;
    37879 : FFC6;
    37880 : FFE6;
    37881 : 0014;
    37882 : 0045;
    37883 : 0058;
    37884 : 002C;
    37885 : FFD8;
    37886 : FF9F;
    37887 : FF9E;
    37888 : FFB3;
    37889 : FFBA;
    37890 : FFB7;
    37891 : FFBD;
    37892 : FFC8;
    37893 : FFCB;
    37894 : FFC7;
    37895 : FFC8;
    37896 : FFD1;
    37897 : FFDB;
    37898 : FFE6;
    37899 : FFF9;
    37900 : 000F;
    37901 : 0016;
    37902 : 0008;
    37903 : FFE8;
    37904 : FFC4;
    37905 : FFA9;
    37906 : FF9B;
    37907 : FF9D;
    37908 : FFA9;
    37909 : FFAE;
    37910 : FF9D;
    37911 : FF84;
    37912 : FF7D;
    37913 : FF95;
    37914 : FFBD;
    37915 : FFD2;
    37916 : FFC6;
    37917 : FFAA;
    37918 : FF9F;
    37919 : FFB3;
    37920 : FFE0;
    37921 : 0017;
    37922 : 0045;
    37923 : 0058;
    37924 : 004F;
    37925 : 0039;
    37926 : 0022;
    37927 : 0012;
    37928 : 0009;
    37929 : 0004;
    37930 : FFFF;
    37931 : FFF8;
    37932 : FFE2;
    37933 : FFC0;
    37934 : FFA7;
    37935 : FFB0;
    37936 : FFD3;
    37937 : FFF4;
    37938 : FFF5;
    37939 : FFD9;
    37940 : FFC1;
    37941 : FFCA;
    37942 : FFF1;
    37943 : 001A;
    37944 : 0026;
    37945 : 0011;
    37946 : FFF3;
    37947 : FFE8;
    37948 : FFF2;
    37949 : 0006;
    37950 : 001A;
    37951 : 0026;
    37952 : 0025;
    37953 : 001C;
    37954 : 001E;
    37955 : 0031;
    37956 : 004F;
    37957 : 006C;
    37958 : 007E;
    37959 : 0079;
    37960 : 005A;
    37961 : 0030;
    37962 : 0016;
    37963 : 001D;
    37964 : 0037;
    37965 : 003B;
    37966 : 0017;
    37967 : FFDF;
    37968 : FFC4;
    37969 : FFE4;
    37970 : 002E;
    37971 : 006E;
    37972 : 0078;
    37973 : 0050;
    37974 : 0016;
    37975 : FFED;
    37976 : FFE7;
    37977 : FFFB;
    37978 : 000C;
    37979 : 000C;
    37980 : 0006;
    37981 : 0009;
    37982 : 0017;
    37983 : 002B;
    37984 : 0043;
    37985 : 0059;
    37986 : 0066;
    37987 : 0062;
    37988 : 0053;
    37989 : 004D;
    37990 : 0056;
    37991 : 005A;
    37992 : 003E;
    37993 : 0006;
    37994 : FFD8;
    37995 : FFD1;
    37996 : FFF2;
    37997 : 0027;
    37998 : 005A;
    37999 : 0073;
    38000 : 005C;
    38001 : 001A;
    38002 : FFDB;
    38003 : FFC8;
    38004 : FFDF;
    38005 : 0002;
    38006 : 0019;
    38007 : 0025;
    38008 : 0035;
    38009 : 004F;
    38010 : 006E;
    38011 : 008B;
    38012 : 00A4;
    38013 : 00B4;
    38014 : 00AF;
    38015 : 0096;
    38016 : 0079;
    38017 : 006D;
    38018 : 0071;
    38019 : 0074;
    38020 : 006B;
    38021 : 005A;
    38022 : 004A;
    38023 : 003D;
    38024 : 0038;
    38025 : 0042;
    38026 : 004E;
    38027 : 004F;
    38028 : 0045;
    38029 : 003F;
    38030 : 004B;
    38031 : 006B;
    38032 : 0090;
    38033 : 009F;
    38034 : 0091;
    38035 : 0075;
    38036 : 0065;
    38037 : 0062;
    38038 : 005E;
    38039 : 004E;
    38040 : 0039;
    38041 : 002A;
    38042 : 0020;
    38043 : 0016;
    38044 : 000E;
    38045 : 000B;
    38046 : 0008;
    38047 : FFFC;
    38048 : FFEA;
    38049 : FFE5;
    38050 : FFFF;
    38051 : 002E;
    38052 : 0058;
    38053 : 0062;
    38054 : 0044;
    38055 : 0014;
    38056 : FFFB;
    38057 : 0007;
    38058 : 0025;
    38059 : 003C;
    38060 : 003E;
    38061 : 0026;
    38062 : FFFD;
    38063 : FFDA;
    38064 : FFCD;
    38065 : FFD6;
    38066 : FFEF;
    38067 : 000C;
    38068 : 0027;
    38069 : 0034;
    38070 : 0029;
    38071 : 000F;
    38072 : FFFE;
    38073 : FFFF;
    38074 : 0001;
    38075 : FFFA;
    38076 : FFF5;
    38077 : 0004;
    38078 : 0020;
    38079 : 002E;
    38080 : 0021;
    38081 : 0008;
    38082 : FFF4;
    38083 : FFE5;
    38084 : FFD5;
    38085 : FFC3;
    38086 : FFB7;
    38087 : FFBA;
    38088 : FFCA;
    38089 : FFD9;
    38090 : FFDB;
    38091 : FFCA;
    38092 : FFA5;
    38093 : FF8B;
    38094 : FF9A;
    38095 : FFCA;
    38096 : FFF5;
    38097 : 0005;
    38098 : 0001;
    38099 : FFFF;
    38100 : 0007;
    38101 : 000F;
    38102 : 000E;
    38103 : 0007;
    38104 : FFFE;
    38105 : FFF6;
    38106 : FFEB;
    38107 : FFDC;
    38108 : FFCA;
    38109 : FFBD;
    38110 : FFBD;
    38111 : FFC7;
    38112 : FFCC;
    38113 : FFC7;
    38114 : FFC1;
    38115 : FFD1;
    38116 : FFF7;
    38117 : 0011;
    38118 : FFFF;
    38119 : FFC7;
    38120 : FF8E;
    38121 : FF70;
    38122 : FF79;
    38123 : FFA9;
    38124 : FFF1;
    38125 : 0028;
    38126 : 002E;
    38127 : 0011;
    38128 : FFF9;
    38129 : FFFE;
    38130 : 0019;
    38131 : 002A;
    38132 : 001A;
    38133 : FFF4;
    38134 : FFD0;
    38135 : FFB7;
    38136 : FFA2;
    38137 : FF98;
    38138 : FFA4;
    38139 : FFC0;
    38140 : FFD9;
    38141 : FFE0;
    38142 : FFDA;
    38143 : FFD3;
    38144 : FFD3;
    38145 : FFDB;
    38146 : FFE5;
    38147 : FFEA;
    38148 : FFEB;
    38149 : FFF2;
    38150 : 0000;
    38151 : 000E;
    38152 : 0012;
    38153 : 000A;
    38154 : FFFD;
    38155 : FFFA;
    38156 : FFFD;
    38157 : FFF4;
    38158 : FFDB;
    38159 : FFC7;
    38160 : FFCA;
    38161 : FFE0;
    38162 : FFF0;
    38163 : FFE7;
    38164 : FFCE;
    38165 : FFC2;
    38166 : FFCD;
    38167 : FFE9;
    38168 : 000F;
    38169 : 0033;
    38170 : 0045;
    38171 : 003C;
    38172 : 001B;
    38173 : FFF2;
    38174 : FFD0;
    38175 : FFC4;
    38176 : FFD1;
    38177 : FFEA;
    38178 : FFF9;
    38179 : FFF1;
    38180 : FFD9;
    38181 : FFC5;
    38182 : FFC5;
    38183 : FFDD;
    38184 : 0005;
    38185 : 002C;
    38186 : 0044;
    38187 : 0045;
    38188 : 0036;
    38189 : 002A;
    38190 : 0028;
    38191 : 002D;
    38192 : 0035;
    38193 : 002E;
    38194 : 000C;
    38195 : FFDF;
    38196 : FFC5;
    38197 : FFCC;
    38198 : FFE1;
    38199 : FFE7;
    38200 : FFDC;
    38201 : FFD7;
    38202 : FFF3;
    38203 : 002B;
    38204 : 0062;
    38205 : 0083;
    38206 : 0082;
    38207 : 0067;
    38208 : 003F;
    38209 : 0022;
    38210 : 0023;
    38211 : 003E;
    38212 : 0056;
    38213 : 0051;
    38214 : 002D;
    38215 : FFFD;
    38216 : FFE1;
    38217 : FFED;
    38218 : 000D;
    38219 : 001E;
    38220 : 0010;
    38221 : FFF0;
    38222 : FFD7;
    38223 : FFD2;
    38224 : FFDD;
    38225 : FFEF;
    38226 : 0001;
    38227 : 0009;
    38228 : 0003;
    38229 : FFFB;
    38230 : FFFC;
    38231 : 000A;
    38232 : 0028;
    38233 : 0049;
    38234 : 0051;
    38235 : 0034;
    38236 : 0009;
    38237 : FFF3;
    38238 : 0003;
    38239 : 0025;
    38240 : 002F;
    38241 : 0010;
    38242 : FFE3;
    38243 : FFCD;
    38244 : FFDC;
    38245 : FFFF;
    38246 : 0022;
    38247 : 0031;
    38248 : 0027;
    38249 : 0012;
    38250 : 0008;
    38251 : 000E;
    38252 : 0012;
    38253 : 0005;
    38254 : FFEC;
    38255 : FFD5;
    38256 : FFCA;
    38257 : FFCC;
    38258 : FFD9;
    38259 : FFEA;
    38260 : FFF9;
    38261 : 0000;
    38262 : 0002;
    38263 : 000E;
    38264 : 0028;
    38265 : 0049;
    38266 : 006C;
    38267 : 008B;
    38268 : 009B;
    38269 : 0099;
    38270 : 0087;
    38271 : 006A;
    38272 : 004E;
    38273 : 003D;
    38274 : 002A;
    38275 : 0006;
    38276 : FFD7;
    38277 : FFB4;
    38278 : FFB1;
    38279 : FFCA;
    38280 : FFE2;
    38281 : FFE8;
    38282 : FFE5;
    38283 : FFE4;
    38284 : FFE8;
    38285 : FFF4;
    38286 : 0015;
    38287 : 004E;
    38288 : 0081;
    38289 : 008E;
    38290 : 0072;
    38291 : 0052;
    38292 : 0047;
    38293 : 0048;
    38294 : 0041;
    38295 : 002D;
    38296 : 0019;
    38297 : 000F;
    38298 : 0012;
    38299 : 0021;
    38300 : 0034;
    38301 : 003A;
    38302 : 0026;
    38303 : 000A;
    38304 : 0002;
    38305 : 0011;
    38306 : 0024;
    38307 : 002D;
    38308 : 0032;
    38309 : 0040;
    38310 : 004C;
    38311 : 0043;
    38312 : 0027;
    38313 : 000D;
    38314 : 000D;
    38315 : 0027;
    38316 : 0044;
    38317 : 0045;
    38318 : 0020;
    38319 : FFF4;
    38320 : FFEB;
    38321 : 000A;
    38322 : 0031;
    38323 : 0046;
    38324 : 004B;
    38325 : 004D;
    38326 : 0055;
    38327 : 0060;
    38328 : 0066;
    38329 : 0063;
    38330 : 0056;
    38331 : 003E;
    38332 : 0021;
    38333 : 0011;
    38334 : 0014;
    38335 : 001E;
    38336 : 0021;
    38337 : 001F;
    38338 : 001B;
    38339 : 0017;
    38340 : 0012;
    38341 : 000C;
    38342 : 0005;
    38343 : 0000;
    38344 : FFFF;
    38345 : 0001;
    38346 : 0004;
    38347 : 0009;
    38348 : 0008;
    38349 : FFFC;
    38350 : FFF2;
    38351 : FFF4;
    38352 : 0000;
    38353 : 000B;
    38354 : 000E;
    38355 : 000B;
    38356 : 0000;
    38357 : FFED;
    38358 : FFD6;
    38359 : FFC7;
    38360 : FFC7;
    38361 : FFCE;
    38362 : FFD0;
    38363 : FFCA;
    38364 : FFC2;
    38365 : FFBF;
    38366 : FFC7;
    38367 : FFDC;
    38368 : FFF6;
    38369 : 000C;
    38370 : 000F;
    38371 : FFF3;
    38372 : FFC3;
    38373 : FFA3;
    38374 : FFA5;
    38375 : FFB8;
    38376 : FFBF;
    38377 : FFAD;
    38378 : FF92;
    38379 : FF92;
    38380 : FFB9;
    38381 : FFEB;
    38382 : 000D;
    38383 : 0017;
    38384 : 000E;
    38385 : 0004;
    38386 : 0006;
    38387 : 0013;
    38388 : 001D;
    38389 : 001B;
    38390 : 0010;
    38391 : FFFA;
    38392 : FFD8;
    38393 : FFB0;
    38394 : FF94;
    38395 : FF92;
    38396 : FF9E;
    38397 : FFA7;
    38398 : FFAA;
    38399 : FFAE;
    38400 : FFB7;
    38401 : FFC1;
    38402 : FFC2;
    38403 : FFBD;
    38404 : FFC1;
    38405 : FFCF;
    38406 : FFD8;
    38407 : FFD5;
    38408 : FFCF;
    38409 : FFD1;
    38410 : FFD7;
    38411 : FFD5;
    38412 : FFC4;
    38413 : FFA9;
    38414 : FF92;
    38415 : FF8E;
    38416 : FFA9;
    38417 : FFDD;
    38418 : 000A;
    38419 : 0012;
    38420 : FFF7;
    38421 : FFD9;
    38422 : FFCD;
    38423 : FFD0;
    38424 : FFDD;
    38425 : FFF9;
    38426 : 0022;
    38427 : 0042;
    38428 : 003E;
    38429 : 0014;
    38430 : FFDC;
    38431 : FFBA;
    38432 : FFC2;
    38433 : FFE9;
    38434 : 0010;
    38435 : 001C;
    38436 : 0010;
    38437 : FFFD;
    38438 : FFF2;
    38439 : FFF3;
    38440 : 0008;
    38441 : 002B;
    38442 : 004C;
    38443 : 0059;
    38444 : 0055;
    38445 : 0049;
    38446 : 0039;
    38447 : 0028;
    38448 : 001C;
    38449 : 0015;
    38450 : 000D;
    38451 : FFFE;
    38452 : FFE9;
    38453 : FFD7;
    38454 : FFC9;
    38455 : FFC1;
    38456 : FFC6;
    38457 : FFDC;
    38458 : FFF3;
    38459 : FFFF;
    38460 : 0001;
    38461 : 0008;
    38462 : 001A;
    38463 : 002F;
    38464 : 0036;
    38465 : 0028;
    38466 : 0015;
    38467 : 000E;
    38468 : 000D;
    38469 : 0005;
    38470 : FFF9;
    38471 : FFFC;
    38472 : 0012;
    38473 : 002A;
    38474 : 002F;
    38475 : 0020;
    38476 : 000D;
    38477 : FFFD;
    38478 : FFF4;
    38479 : FFF8;
    38480 : 000E;
    38481 : 0028;
    38482 : 0032;
    38483 : 0029;
    38484 : 001A;
    38485 : 0010;
    38486 : 0010;
    38487 : 001D;
    38488 : 0032;
    38489 : 003D;
    38490 : 0036;
    38491 : 0022;
    38492 : 0011;
    38493 : 0006;
    38494 : FFFF;
    38495 : FFFB;
    38496 : FFFD;
    38497 : FFFF;
    38498 : 0004;
    38499 : 000A;
    38500 : 000B;
    38501 : 0005;
    38502 : FFFB;
    38503 : FFF8;
    38504 : FFFC;
    38505 : 0007;
    38506 : 0017;
    38507 : 0022;
    38508 : 001E;
    38509 : 0009;
    38510 : FFEB;
    38511 : FFD6;
    38512 : FFD5;
    38513 : FFE4;
    38514 : FFF3;
    38515 : FFFD;
    38516 : 0003;
    38517 : 0006;
    38518 : 0006;
    38519 : 0004;
    38520 : 0001;
    38521 : 0000;
    38522 : 0002;
    38523 : 0004;
    38524 : 0001;
    38525 : FFFD;
    38526 : FFF7;
    38527 : FFF1;
    38528 : FFE8;
    38529 : FFDC;
    38530 : FFD1;
    38531 : FFC6;
    38532 : FFBA;
    38533 : FFB9;
    38534 : FFC9;
    38535 : FFDF;
    38536 : FFEA;
    38537 : FFE8;
    38538 : FFDF;
    38539 : FFD3;
    38540 : FFC8;
    38541 : FFC0;
    38542 : FFC0;
    38543 : FFC9;
    38544 : FFD4;
    38545 : FFDA;
    38546 : FFD5;
    38547 : FFC9;
    38548 : FFC2;
    38549 : FFCD;
    38550 : FFE7;
    38551 : 0000;
    38552 : 000D;
    38553 : 000F;
    38554 : 0009;
    38555 : FFFB;
    38556 : FFE8;
    38557 : FFD8;
    38558 : FFD3;
    38559 : FFDB;
    38560 : FFE6;
    38561 : FFE7;
    38562 : FFD9;
    38563 : FFC7;
    38564 : FFC6;
    38565 : FFE2;
    38566 : 0006;
    38567 : 0011;
    38568 : FFFE;
    38569 : FFE6;
    38570 : FFDA;
    38571 : FFD7;
    38572 : FFDA;
    38573 : FFE2;
    38574 : FFF0;
    38575 : FFFF;
    38576 : 0004;
    38577 : FFFD;
    38578 : FFF8;
    38579 : 0004;
    38580 : 0026;
    38581 : 0048;
    38582 : 0052;
    38583 : 003C;
    38584 : 001B;
    38585 : 0005;
    38586 : 0000;
    38587 : 0000;
    38588 : 0004;
    38589 : 000C;
    38590 : 0019;
    38591 : 0024;
    38592 : 0024;
    38593 : 0018;
    38594 : 0008;
    38595 : FFFA;
    38596 : FFF6;
    38597 : FFF9;
    38598 : FFF9;
    38599 : FFF5;
    38600 : FFF2;
    38601 : FFF9;
    38602 : 000C;
    38603 : 0028;
    38604 : 0038;
    38605 : 002F;
    38606 : 001D;
    38607 : 0020;
    38608 : 003A;
    38609 : 0048;
    38610 : 002B;
    38611 : FFEF;
    38612 : FFC8;
    38613 : FFDB;
    38614 : 0017;
    38615 : 004C;
    38616 : 005B;
    38617 : 0041;
    38618 : 0016;
    38619 : FFF9;
    38620 : FFF8;
    38621 : 0006;
    38622 : 0011;
    38623 : 000E;
    38624 : FFFE;
    38625 : FFE3;
    38626 : FFBE;
    38627 : FFA1;
    38628 : FFA0;
    38629 : FFB9;
    38630 : FFD0;
    38631 : FFD2;
    38632 : FFCE;
    38633 : FFDA;
    38634 : FFFB;
    38635 : 0012;
    38636 : 0001;
    38637 : FFD5;
    38638 : FFB3;
    38639 : FFB4;
    38640 : FFD7;
    38641 : 0009;
    38642 : 0028;
    38643 : 0020;
    38644 : FFFC;
    38645 : FFDA;
    38646 : FFCD;
    38647 : FFCD;
    38648 : FFCA;
    38649 : FFC4;
    38650 : FFC4;
    38651 : FFC7;
    38652 : FFC2;
    38653 : FFB8;
    38654 : FFB6;
    38655 : FFC0;
    38656 : FFCE;
    38657 : FFD7;
    38658 : FFDC;
    38659 : FFDE;
    38660 : FFDE;
    38661 : FFDE;
    38662 : FFDF;
    38663 : FFD7;
    38664 : FFC8;
    38665 : FFC0;
    38666 : FFCA;
    38667 : FFDE;
    38668 : FFEC;
    38669 : FFED;
    38670 : FFE2;
    38671 : FFCB;
    38672 : FFB2;
    38673 : FFA9;
    38674 : FFC1;
    38675 : FFEF;
    38676 : 0017;
    38677 : 0027;
    38678 : 0021;
    38679 : 000C;
    38680 : FFF3;
    38681 : FFE0;
    38682 : FFDC;
    38683 : FFE5;
    38684 : FFF3;
    38685 : FFF7;
    38686 : FFE9;
    38687 : FFCD;
    38688 : FFB4;
    38689 : FFAC;
    38690 : FFB7;
    38691 : FFCA;
    38692 : FFDC;
    38693 : FFE6;
    38694 : FFE3;
    38695 : FFD5;
    38696 : FFC7;
    38697 : FFC2;
    38698 : FFC9;
    38699 : FFD6;
    38700 : FFE1;
    38701 : FFE1;
    38702 : FFD2;
    38703 : FFB8;
    38704 : FFA9;
    38705 : FFB7;
    38706 : FFDB;
    38707 : FFF8;
    38708 : FFFF;
    38709 : FFF3;
    38710 : FFE2;
    38711 : FFD4;
    38712 : FFCB;
    38713 : FFC3;
    38714 : FFB7;
    38715 : FFA8;
    38716 : FF9B;
    38717 : FF90;
    38718 : FF89;
    38719 : FF83;
    38720 : FF85;
    38721 : FF93;
    38722 : FFAD;
    38723 : FFC5;
    38724 : FFD3;
    38725 : FFD9;
    38726 : FFE1;
    38727 : FFED;
    38728 : FFEE;
    38729 : FFDD;
    38730 : FFC2;
    38731 : FFAB;
    38732 : FFA1;
    38733 : FFA1;
    38734 : FFAC;
    38735 : FFBF;
    38736 : FFCA;
    38737 : FFC4;
    38738 : FFB1;
    38739 : FFA5;
    38740 : FFAA;
    38741 : FFBE;
    38742 : FFD7;
    38743 : FFDF;
    38744 : FFCC;
    38745 : FFAC;
    38746 : FF9A;
    38747 : FF9F;
    38748 : FFAA;
    38749 : FFAD;
    38750 : FFB2;
    38751 : FFC9;
    38752 : FFEC;
    38753 : 0000;
    38754 : FFFB;
    38755 : FFE8;
    38756 : FFD6;
    38757 : FFCE;
    38758 : FFD2;
    38759 : FFDA;
    38760 : FFDF;
    38761 : FFE5;
    38762 : FFEC;
    38763 : FFEF;
    38764 : FFE6;
    38765 : FFDD;
    38766 : FFEA;
    38767 : 000E;
    38768 : 002A;
    38769 : 0028;
    38770 : 000D;
    38771 : FFEE;
    38772 : FFD6;
    38773 : FFD3;
    38774 : FFE8;
    38775 : 0004;
    38776 : 000F;
    38777 : 000A;
    38778 : FFFE;
    38779 : FFED;
    38780 : FFCE;
    38781 : FFAA;
    38782 : FF9F;
    38783 : FFBE;
    38784 : FFEE;
    38785 : 0012;
    38786 : 0026;
    38787 : 0032;
    38788 : 0037;
    38789 : 002C;
    38790 : 0016;
    38791 : 0009;
    38792 : 0011;
    38793 : 0028;
    38794 : 0040;
    38795 : 004E;
    38796 : 004D;
    38797 : 003A;
    38798 : 001A;
    38799 : 0002;
    38800 : 0005;
    38801 : 0019;
    38802 : 0020;
    38803 : 000F;
    38804 : FFFE;
    38805 : 0001;
    38806 : 0013;
    38807 : 001D;
    38808 : 001A;
    38809 : 0013;
    38810 : 0010;
    38811 : 0016;
    38812 : 002B;
    38813 : 0045;
    38814 : 004D;
    38815 : 0036;
    38816 : 0019;
    38817 : 000E;
    38818 : 0014;
    38819 : 001B;
    38820 : 0023;
    38821 : 0035;
    38822 : 004B;
    38823 : 0051;
    38824 : 0043;
    38825 : 0026;
    38826 : 0001;
    38827 : FFDF;
    38828 : FFD9;
    38829 : FFF9;
    38830 : 0024;
    38831 : 003E;
    38832 : 0045;
    38833 : 004B;
    38834 : 004F;
    38835 : 0049;
    38836 : 0040;
    38837 : 0046;
    38838 : 0061;
    38839 : 007A;
    38840 : 007B;
    38841 : 0060;
    38842 : 0036;
    38843 : 000D;
    38844 : FFF7;
    38845 : FFF9;
    38846 : 0008;
    38847 : 0017;
    38848 : 001C;
    38849 : 0019;
    38850 : 000C;
    38851 : FFFA;
    38852 : FFEE;
    38853 : FFF3;
    38854 : 0007;
    38855 : 001A;
    38856 : 001F;
    38857 : 001D;
    38858 : 0023;
    38859 : 0038;
    38860 : 004A;
    38861 : 0049;
    38862 : 0035;
    38863 : 001C;
    38864 : 000B;
    38865 : 0003;
    38866 : 0000;
    38867 : 0001;
    38868 : 0002;
    38869 : FFFE;
    38870 : FFF4;
    38871 : FFEA;
    38872 : FFDF;
    38873 : FFD5;
    38874 : FFD0;
    38875 : FFD4;
    38876 : FFDB;
    38877 : FFDD;
    38878 : FFD4;
    38879 : FFC0;
    38880 : FFA2;
    38881 : FF85;
    38882 : FF7E;
    38883 : FF97;
    38884 : FFC0;
    38885 : FFDA;
    38886 : FFD4;
    38887 : FFB8;
    38888 : FF98;
    38889 : FF85;
    38890 : FF89;
    38891 : FF9F;
    38892 : FFB5;
    38893 : FFBD;
    38894 : FFBA;
    38895 : FFBA;
    38896 : FFC2;
    38897 : FFD2;
    38898 : FFE5;
    38899 : FFF4;
    38900 : FFF4;
    38901 : FFE3;
    38902 : FFD0;
    38903 : FFC8;
    38904 : FFCE;
    38905 : FFDA;
    38906 : FFE2;
    38907 : FFE3;
    38908 : FFDC;
    38909 : FFD1;
    38910 : FFCC;
    38911 : FFD0;
    38912 : FFD1;
    38913 : FFC4;
    38914 : FFAE;
    38915 : FF9A;
    38916 : FF8C;
    38917 : FF88;
    38918 : FF93;
    38919 : FFB1;
    38920 : FFDD;
    38921 : 0008;
    38922 : 0020;
    38923 : 0023;
    38924 : 001C;
    38925 : 0017;
    38926 : 0016;
    38927 : 0013;
    38928 : 000A;
    38929 : 0003;
    38930 : 0009;
    38931 : 0018;
    38932 : 0025;
    38933 : 0028;
    38934 : 001F;
    38935 : 000F;
    38936 : 0004;
    38937 : 000D;
    38938 : 0029;
    38939 : 0044;
    38940 : 004E;
    38941 : 0045;
    38942 : 0032;
    38943 : 001C;
    38944 : 0005;
    38945 : FFF4;
    38946 : FFED;
    38947 : FFF4;
    38948 : 0005;
    38949 : 001A;
    38950 : 002F;
    38951 : 003D;
    38952 : 003D;
    38953 : 0035;
    38954 : 0030;
    38955 : 0036;
    38956 : 0043;
    38957 : 0051;
    38958 : 005F;
    38959 : 006A;
    38960 : 0067;
    38961 : 004F;
    38962 : 002C;
    38963 : 001E;
    38964 : 0033;
    38965 : 005C;
    38966 : 0076;
    38967 : 006E;
    38968 : 004D;
    38969 : 0031;
    38970 : 0033;
    38971 : 0053;
    38972 : 0077;
    38973 : 0080;
    38974 : 006C;
    38975 : 005B;
    38976 : 0060;
    38977 : 006A;
    38978 : 005D;
    38979 : 0041;
    38980 : 002A;
    38981 : 0017;
    38982 : FFFC;
    38983 : FFE0;
    38984 : FFE2;
    38985 : 000B;
    38986 : 003D;
    38987 : 005A;
    38988 : 005A;
    38989 : 0048;
    38990 : 0032;
    38991 : 002C;
    38992 : 0041;
    38993 : 0067;
    38994 : 0081;
    38995 : 0080;
    38996 : 006E;
    38997 : 005E;
    38998 : 0052;
    38999 : 0043;
    39000 : 0036;
    39001 : 0035;
    39002 : 003C;
    39003 : 003D;
    39004 : 002C;
    39005 : 0015;
    39006 : 0008;
    39007 : 000E;
    39008 : 001D;
    39009 : 002D;
    39010 : 003C;
    39011 : 004A;
    39012 : 0050;
    39013 : 0042;
    39014 : 0024;
    39015 : 0008;
    39016 : FFFE;
    39017 : 0006;
    39018 : 0016;
    39019 : 0025;
    39020 : 0027;
    39021 : 0016;
    39022 : FFFB;
    39023 : FFED;
    39024 : FFFB;
    39025 : 001A;
    39026 : 0035;
    39027 : 0041;
    39028 : 003A;
    39029 : 001F;
    39030 : FFFA;
    39031 : FFE1;
    39032 : FFDE;
    39033 : FFE4;
    39034 : FFE6;
    39035 : FFE5;
    39036 : FFEC;
    39037 : FFF9;
    39038 : 0001;
    39039 : FFFD;
    39040 : FFF8;
    39041 : FFF2;
    39042 : FFE6;
    39043 : FFD9;
    39044 : FFDB;
    39045 : FFF1;
    39046 : 0007;
    39047 : 0007;
    39048 : FFF0;
    39049 : FFD3;
    39050 : FFC0;
    39051 : FFBF;
    39052 : FFD0;
    39053 : FFF0;
    39054 : 000F;
    39055 : 0017;
    39056 : 0006;
    39057 : FFF0;
    39058 : FFE2;
    39059 : FFDD;
    39060 : FFD2;
    39061 : FFBD;
    39062 : FFA8;
    39063 : FFA1;
    39064 : FFA7;
    39065 : FFB3;
    39066 : FFBE;
    39067 : FFC5;
    39068 : FFC8;
    39069 : FFC7;
    39070 : FFCC;
    39071 : FFDC;
    39072 : FFF2;
    39073 : 0004;
    39074 : 000E;
    39075 : 000D;
    39076 : 0003;
    39077 : FFF4;
    39078 : FFE5;
    39079 : FFE1;
    39080 : FFEA;
    39081 : FFF5;
    39082 : FFFA;
    39083 : FFF6;
    39084 : FFF1;
    39085 : FFF3;
    39086 : 0001;
    39087 : 0013;
    39088 : 0018;
    39089 : 000A;
    39090 : FFEC;
    39091 : FFCD;
    39092 : FFBD;
    39093 : FFBF;
    39094 : FFC9;
    39095 : FFCF;
    39096 : FFCE;
    39097 : FFCE;
    39098 : FFDB;
    39099 : FFF0;
    39100 : FFFF;
    39101 : 0002;
    39102 : 0001;
    39103 : FFF9;
    39104 : FFE5;
    39105 : FFCA;
    39106 : FFC0;
    39107 : FFDD;
    39108 : 0016;
    39109 : 0049;
    39110 : 0055;
    39111 : 003B;
    39112 : 0010;
    39113 : FFE9;
    39114 : FFD4;
    39115 : FFCC;
    39116 : FFCA;
    39117 : FFC8;
    39118 : FFC7;
    39119 : FFCA;
    39120 : FFCD;
    39121 : FFD3;
    39122 : FFE3;
    39123 : FFFD;
    39124 : 000D;
    39125 : 0006;
    39126 : FFEF;
    39127 : FFDD;
    39128 : FFE0;
    39129 : FFF3;
    39130 : 0002;
    39131 : 0001;
    39132 : FFEF;
    39133 : FFDC;
    39134 : FFDC;
    39135 : FFF6;
    39136 : 0017;
    39137 : 0023;
    39138 : 0010;
    39139 : FFEF;
    39140 : FFDF;
    39141 : FFE7;
    39142 : FFF7;
    39143 : 0002;
    39144 : 0006;
    39145 : 0004;
    39146 : 0000;
    39147 : FFFD;
    39148 : FFFB;
    39149 : FFF4;
    39150 : FFEC;
    39151 : FFEB;
    39152 : FFFC;
    39153 : 001D;
    39154 : 0035;
    39155 : 0030;
    39156 : 000E;
    39157 : FFE2;
    39158 : FFBC;
    39159 : FFA5;
    39160 : FFA4;
    39161 : FFBA;
    39162 : FFD8;
    39163 : FFED;
    39164 : FFF2;
    39165 : FFF1;
    39166 : FFF5;
    39167 : 0004;
    39168 : 001E;
    39169 : 003A;
    39170 : 004E;
    39171 : 0054;
    39172 : 004F;
    39173 : 0041;
    39174 : 0028;
    39175 : 0007;
    39176 : FFEF;
    39177 : FFEF;
    39178 : 0005;
    39179 : 001B;
    39180 : 001E;
    39181 : 000E;
    39182 : FFFD;
    39183 : FFF8;
    39184 : FFFC;
    39185 : FFFC;
    39186 : FFF3;
    39187 : FFE9;
    39188 : FFED;
    39189 : FFFC;
    39190 : 000D;
    39191 : 001C;
    39192 : 0026;
    39193 : 0025;
    39194 : 0013;
    39195 : FFFA;
    39196 : FFE8;
    39197 : FFE1;
    39198 : FFD6;
    39199 : FFC6;
    39200 : FFBC;
    39201 : FFC3;
    39202 : FFD1;
    39203 : FFDB;
    39204 : FFE6;
    39205 : FFF0;
    39206 : FFED;
    39207 : FFD4;
    39208 : FFB0;
    39209 : FF9F;
    39210 : FFAD;
    39211 : FFCB;
    39212 : FFE1;
    39213 : FFF0;
    39214 : 0003;
    39215 : 001D;
    39216 : 002E;
    39217 : 0029;
    39218 : 0010;
    39219 : FFF0;
    39220 : FFCC;
    39221 : FFAA;
    39222 : FF9A;
    39223 : FFAE;
    39224 : FFDA;
    39225 : FFFB;
    39226 : FFF9;
    39227 : FFDA;
    39228 : FFB6;
    39229 : FF9D;
    39230 : FF98;
    39231 : FFAA;
    39232 : FFC8;
    39233 : FFDF;
    39234 : FFE1;
    39235 : FFD8;
    39236 : FFD3;
    39237 : FFD3;
    39238 : FFD0;
    39239 : FFC8;
    39240 : FFC3;
    39241 : FFC5;
    39242 : FFD1;
    39243 : FFE8;
    39244 : 0001;
    39245 : 000B;
    39246 : FFFA;
    39247 : FFD7;
    39248 : FFB8;
    39249 : FFAD;
    39250 : FFB5;
    39251 : FFC8;
    39252 : FFDC;
    39253 : FFE5;
    39254 : FFDE;
    39255 : FFCB;
    39256 : FFBF;
    39257 : FFC1;
    39258 : FFCC;
    39259 : FFD4;
    39260 : FFD5;
    39261 : FFD2;
    39262 : FFCB;
    39263 : FFC2;
    39264 : FFBC;
    39265 : FFC3;
    39266 : FFD4;
    39267 : FFE3;
    39268 : FFED;
    39269 : FFF8;
    39270 : 0004;
    39271 : 0007;
    39272 : 0003;
    39273 : 0001;
    39274 : 0009;
    39275 : 0016;
    39276 : 0019;
    39277 : 000A;
    39278 : FFF2;
    39279 : FFE8;
    39280 : FFF4;
    39281 : 0007;
    39282 : 000E;
    39283 : 0000;
    39284 : FFED;
    39285 : FFEC;
    39286 : 0002;
    39287 : 001C;
    39288 : 0026;
    39289 : 0020;
    39290 : 0016;
    39291 : 000F;
    39292 : 000B;
    39293 : 0004;
    39294 : FFFD;
    39295 : FFFC;
    39296 : 0002;
    39297 : 0006;
    39298 : FFFF;
    39299 : FFF1;
    39300 : FFE5;
    39301 : FFE4;
    39302 : FFEE;
    39303 : FFFF;
    39304 : 000B;
    39305 : 000F;
    39306 : 0012;
    39307 : 001C;
    39308 : 002F;
    39309 : 003C;
    39310 : 0039;
    39311 : 002C;
    39312 : 0022;
    39313 : 001E;
    39314 : 001B;
    39315 : 001E;
    39316 : 0028;
    39317 : 0030;
    39318 : 0027;
    39319 : 0010;
    39320 : FFFF;
    39321 : 0002;
    39322 : 0012;
    39323 : 0024;
    39324 : 0030;
    39325 : 0032;
    39326 : 002A;
    39327 : 0020;
    39328 : 001E;
    39329 : 0024;
    39330 : 002A;
    39331 : 002E;
    39332 : 0032;
    39333 : 0039;
    39334 : 003B;
    39335 : 0033;
    39336 : 0024;
    39337 : 0014;
    39338 : 0007;
    39339 : 0000;
    39340 : 0003;
    39341 : 000D;
    39342 : 0014;
    39343 : 0013;
    39344 : 000D;
    39345 : 000B;
    39346 : 000F;
    39347 : 0016;
    39348 : 0020;
    39349 : 002D;
    39350 : 003A;
    39351 : 003F;
    39352 : 0036;
    39353 : 002C;
    39354 : 002F;
    39355 : 003F;
    39356 : 0048;
    39357 : 003A;
    39358 : 001C;
    39359 : 0003;
    39360 : FFFB;
    39361 : 0000;
    39362 : 0006;
    39363 : 0003;
    39364 : FFFD;
    39365 : FFFE;
    39366 : 000F;
    39367 : 002B;
    39368 : 0043;
    39369 : 0045;
    39370 : 0032;
    39371 : 001C;
    39372 : 0018;
    39373 : 0026;
    39374 : 0035;
    39375 : 0037;
    39376 : 002E;
    39377 : 0022;
    39378 : 0017;
    39379 : 000E;
    39380 : 000E;
    39381 : 001D;
    39382 : 0035;
    39383 : 0043;
    39384 : 003E;
    39385 : 002F;
    39386 : 0025;
    39387 : 0026;
    39388 : 0028;
    39389 : 0020;
    39390 : 000C;
    39391 : FFF6;
    39392 : FFF2;
    39393 : 0008;
    39394 : 0028;
    39395 : 0034;
    39396 : 0026;
    39397 : 0015;
    39398 : 0013;
    39399 : 001E;
    39400 : 001F;
    39401 : 000D;
    39402 : FFF9;
    39403 : FFF9;
    39404 : 0011;
    39405 : 0030;
    39406 : 0041;
    39407 : 0042;
    39408 : 0039;
    39409 : 002F;
    39410 : 002D;
    39411 : 0032;
    39412 : 003B;
    39413 : 0046;
    39414 : 004C;
    39415 : 0049;
    39416 : 0040;
    39417 : 0036;
    39418 : 0032;
    39419 : 0039;
    39420 : 0045;
    39421 : 004B;
    39422 : 004B;
    39423 : 0047;
    39424 : 003F;
    39425 : 0034;
    39426 : 002B;
    39427 : 0029;
    39428 : 002C;
    39429 : 002A;
    39430 : 0023;
    39431 : 0026;
    39432 : 0039;
    39433 : 0053;
    39434 : 005E;
    39435 : 0055;
    39436 : 003B;
    39437 : 0018;
    39438 : FFF4;
    39439 : FFE2;
    39440 : FFF2;
    39441 : 0016;
    39442 : 002E;
    39443 : 002B;
    39444 : 001C;
    39445 : 0014;
    39446 : 0015;
    39447 : 0013;
    39448 : 0009;
    39449 : 0001;
    39450 : 0006;
    39451 : 0012;
    39452 : 001C;
    39453 : 0026;
    39454 : 0035;
    39455 : 0041;
    39456 : 003E;
    39457 : 002B;
    39458 : 0017;
    39459 : 000C;
    39460 : 0005;
    39461 : 0001;
    39462 : 0003;
    39463 : 000C;
    39464 : 0013;
    39465 : 0014;
    39466 : 0014;
    39467 : 0016;
    39468 : 0013;
    39469 : 000A;
    39470 : 0006;
    39471 : 000D;
    39472 : 0016;
    39473 : 0017;
    39474 : 000F;
    39475 : 0000;
    39476 : FFE7;
    39477 : FFC9;
    39478 : FFB9;
    39479 : FFC6;
    39480 : FFE9;
    39481 : 0005;
    39482 : 000B;
    39483 : 0004;
    39484 : FFFA;
    39485 : FFF1;
    39486 : FFEB;
    39487 : FFEA;
    39488 : FFED;
    39489 : FFEF;
    39490 : FFE9;
    39491 : FFDB;
    39492 : FFCD;
    39493 : FFC7;
    39494 : FFCD;
    39495 : FFD9;
    39496 : FFDB;
    39497 : FFCA;
    39498 : FFAD;
    39499 : FF91;
    39500 : FF89;
    39501 : FF9F;
    39502 : FFCC;
    39503 : FFF1;
    39504 : FFF8;
    39505 : FFE7;
    39506 : FFD2;
    39507 : FFC5;
    39508 : FFBB;
    39509 : FFB1;
    39510 : FFAD;
    39511 : FFB8;
    39512 : FFC9;
    39513 : FFD2;
    39514 : FFCF;
    39515 : FFC2;
    39516 : FFB3;
    39517 : FFA8;
    39518 : FFA8;
    39519 : FFB2;
    39520 : FFBE;
    39521 : FFC5;
    39522 : FFC7;
    39523 : FFCC;
    39524 : FFD8;
    39525 : FFE1;
    39526 : FFDD;
    39527 : FFCD;
    39528 : FFBD;
    39529 : FFB5;
    39530 : FFB3;
    39531 : FFB3;
    39532 : FFB4;
    39533 : FFB9;
    39534 : FFC0;
    39535 : FFC5;
    39536 : FFC9;
    39537 : FFCB;
    39538 : FFCA;
    39539 : FFBE;
    39540 : FFAF;
    39541 : FFAD;
    39542 : FFC4;
    39543 : FFE6;
    39544 : FFFB;
    39545 : FFF9;
    39546 : FFEB;
    39547 : FFDE;
    39548 : FFDB;
    39549 : FFD9;
    39550 : FFCF;
    39551 : FFC0;
    39552 : FFB1;
    39553 : FFA5;
    39554 : FFA1;
    39555 : FFA7;
    39556 : FFB7;
    39557 : FFC5;
    39558 : FFC5;
    39559 : FFBE;
    39560 : FFBF;
    39561 : FFCE;
    39562 : FFE0;
    39563 : FFE9;
    39564 : FFE7;
    39565 : FFDE;
    39566 : FFD2;
    39567 : FFCE;
    39568 : FFD8;
    39569 : FFEC;
    39570 : FFF5;
    39571 : FFE0;
    39572 : FFB8;
    39573 : FF9B;
    39574 : FF9C;
    39575 : FFB3;
    39576 : FFD9;
    39577 : 0005;
    39578 : 0029;
    39579 : 002C;
    39580 : 0003;
    39581 : FFCB;
    39582 : FFB1;
    39583 : FFBF;
    39584 : FFD8;
    39585 : FFE3;
    39586 : FFE1;
    39587 : FFE4;
    39588 : FFF4;
    39589 : 0007;
    39590 : 000B;
    39591 : FFFE;
    39592 : FFED;
    39593 : FFE5;
    39594 : FFED;
    39595 : FFFB;
    39596 : FFFC;
    39597 : FFF1;
    39598 : FFEC;
    39599 : FFF7;
    39600 : 0005;
    39601 : 0007;
    39602 : 0000;
    39603 : FFFF;
    39604 : 0009;
    39605 : 000D;
    39606 : FFFD;
    39607 : FFDE;
    39608 : FFC3;
    39609 : FFBC;
    39610 : FFC6;
    39611 : FFCE;
    39612 : FFCB;
    39613 : FFC8;
    39614 : FFD4;
    39615 : FFED;
    39616 : 0002;
    39617 : 0002;
    39618 : FFF2;
    39619 : FFE9;
    39620 : FFF3;
    39621 : 0003;
    39622 : 0004;
    39623 : FFF1;
    39624 : FFDB;
    39625 : FFCF;
    39626 : FFC9;
    39627 : FFBC;
    39628 : FFA9;
    39629 : FFA1;
    39630 : FFAF;
    39631 : FFCF;
    39632 : FFED;
    39633 : FFFB;
    39634 : FFF5;
    39635 : FFE8;
    39636 : FFE6;
    39637 : FFF0;
    39638 : FFF9;
    39639 : FFFA;
    39640 : FFFB;
    39641 : 0008;
    39642 : 001A;
    39643 : 001B;
    39644 : 0007;
    39645 : FFF1;
    39646 : FFE3;
    39647 : FFD6;
    39648 : FFC8;
    39649 : FFC0;
    39650 : FFC5;
    39651 : FFD3;
    39652 : FFDF;
    39653 : FFE2;
    39654 : FFDF;
    39655 : FFDB;
    39656 : FFDD;
    39657 : FFEC;
    39658 : 0001;
    39659 : 0013;
    39660 : 001F;
    39661 : 0029;
    39662 : 0031;
    39663 : 002F;
    39664 : 001D;
    39665 : 0004;
    39666 : FFF1;
    39667 : FFEC;
    39668 : FFED;
    39669 : FFEA;
    39670 : FFE4;
    39671 : FFE3;
    39672 : FFEB;
    39673 : FFF3;
    39674 : FFF1;
    39675 : FFE5;
    39676 : FFDB;
    39677 : FFDC;
    39678 : FFDF;
    39679 : FFDA;
    39680 : FFD1;
    39681 : FFD3;
    39682 : FFE2;
    39683 : FFF4;
    39684 : FFFF;
    39685 : 0001;
    39686 : FFF9;
    39687 : FFEA;
    39688 : FFDB;
    39689 : FFD8;
    39690 : FFE1;
    39691 : FFEF;
    39692 : FFFB;
    39693 : FFFF;
    39694 : FFFC;
    39695 : FFF7;
    39696 : FFF3;
    39697 : FFF2;
    39698 : FFF6;
    39699 : 0001;
    39700 : 0013;
    39701 : 0024;
    39702 : 002D;
    39703 : 0025;
    39704 : 000E;
    39705 : FFFD;
    39706 : FFFC;
    39707 : 0000;
    39708 : FFFB;
    39709 : FFEB;
    39710 : FFDA;
    39711 : FFD1;
    39712 : FFD5;
    39713 : FFDB;
    39714 : FFDA;
    39715 : FFD3;
    39716 : FFCD;
    39717 : FFD1;
    39718 : FFDE;
    39719 : FFED;
    39720 : FFF7;
    39721 : FFFE;
    39722 : 0005;
    39723 : 000C;
    39724 : 000F;
    39725 : 000E;
    39726 : 000B;
    39727 : 0006;
    39728 : 0000;
    39729 : FFF8;
    39730 : FFEC;
    39731 : FFDF;
    39732 : FFDA;
    39733 : FFE8;
    39734 : 0005;
    39735 : 001B;
    39736 : 001D;
    39737 : 0012;
    39738 : 0007;
    39739 : FFFE;
    39740 : FFF4;
    39741 : FFEC;
    39742 : FFEA;
    39743 : FFEC;
    39744 : FFEB;
    39745 : FFE8;
    39746 : FFE5;
    39747 : FFE3;
    39748 : FFE0;
    39749 : FFE2;
    39750 : FFF0;
    39751 : 0006;
    39752 : 001C;
    39753 : 0029;
    39754 : 002A;
    39755 : 0021;
    39756 : 000F;
    39757 : FFFC;
    39758 : FFF1;
    39759 : FFF2;
    39760 : FFFC;
    39761 : 0008;
    39762 : 000E;
    39763 : 0012;
    39764 : 0013;
    39765 : 0010;
    39766 : 0007;
    39767 : FFFA;
    39768 : FFEF;
    39769 : FFE8;
    39770 : FFE6;
    39771 : FFEB;
    39772 : FFFB;
    39773 : 0017;
    39774 : 0031;
    39775 : 003C;
    39776 : 0036;
    39777 : 0026;
    39778 : 0013;
    39779 : FFFD;
    39780 : FFEB;
    39781 : FFE8;
    39782 : FFF3;
    39783 : FFFF;
    39784 : 0001;
    39785 : FFFA;
    39786 : FFF7;
    39787 : 0003;
    39788 : 001A;
    39789 : 002A;
    39790 : 0028;
    39791 : 001F;
    39792 : 001E;
    39793 : 0029;
    39794 : 0035;
    39795 : 003B;
    39796 : 0037;
    39797 : 0032;
    39798 : 0031;
    39799 : 0035;
    39800 : 0039;
    39801 : 0038;
    39802 : 002F;
    39803 : 0024;
    39804 : 0024;
    39805 : 002B;
    39806 : 002D;
    39807 : 0028;
    39808 : 0024;
    39809 : 0026;
    39810 : 0029;
    39811 : 0020;
    39812 : 0010;
    39813 : 0008;
    39814 : 0015;
    39815 : 002D;
    39816 : 003B;
    39817 : 0035;
    39818 : 0022;
    39819 : 001A;
    39820 : 0027;
    39821 : 0041;
    39822 : 0050;
    39823 : 004A;
    39824 : 0035;
    39825 : 0022;
    39826 : 001E;
    39827 : 0026;
    39828 : 0030;
    39829 : 0033;
    39830 : 0030;
    39831 : 0029;
    39832 : 0024;
    39833 : 0023;
    39834 : 0026;
    39835 : 0031;
    39836 : 003D;
    39837 : 003F;
    39838 : 0035;
    39839 : 0026;
    39840 : 001D;
    39841 : 0023;
    39842 : 0030;
    39843 : 003A;
    39844 : 0039;
    39845 : 0034;
    39846 : 0033;
    39847 : 0035;
    39848 : 002E;
    39849 : 001A;
    39850 : 0000;
    39851 : FFEE;
    39852 : FFEE;
    39853 : FFF9;
    39854 : 0001;
    39855 : FFFD;
    39856 : FFED;
    39857 : FFDD;
    39858 : FFDA;
    39859 : FFE8;
    39860 : FFFD;
    39861 : 0010;
    39862 : 001E;
    39863 : 0027;
    39864 : 0023;
    39865 : 000F;
    39866 : FFF2;
    39867 : FFDE;
    39868 : FFDE;
    39869 : FFED;
    39870 : FFFC;
    39871 : FFFD;
    39872 : FFF0;
    39873 : FFDD;
    39874 : FFD4;
    39875 : FFDB;
    39876 : FFED;
    39877 : FFFD;
    39878 : 0002;
    39879 : FFFE;
    39880 : FFF5;
    39881 : FFE6;
    39882 : FFD5;
    39883 : FFCA;
    39884 : FFCB;
    39885 : FFD6;
    39886 : FFE0;
    39887 : FFE6;
    39888 : FFEB;
    39889 : FFF6;
    39890 : FFFE;
    39891 : FFFC;
    39892 : FFEF;
    39893 : FFE0;
    39894 : FFDC;
    39895 : FFE8;
    39896 : FFF9;
    39897 : 0002;
    39898 : FFFE;
    39899 : FFF6;
    39900 : FFF4;
    39901 : FFF8;
    39902 : 0001;
    39903 : 000A;
    39904 : 0015;
    39905 : 0022;
    39906 : 0029;
    39907 : 0020;
    39908 : 000C;
    39909 : FFF5;
    39910 : FFE8;
    39911 : FFEA;
    39912 : FFF2;
    39913 : FFF0;
    39914 : FFE1;
    39915 : FFD1;
    39916 : FFCB;
    39917 : FFCE;
    39918 : FFD6;
    39919 : FFE0;
    39920 : FFF3;
    39921 : 000D;
    39922 : 0021;
    39923 : 0027;
    39924 : 001F;
    39925 : 000F;
    39926 : FFFE;
    39927 : FFF3;
    39928 : FFEE;
    39929 : FFEB;
    39930 : FFEA;
    39931 : FFE8;
    39932 : FFE6;
    39933 : FFE7;
    39934 : FFEA;
    39935 : FFF0;
    39936 : FFF5;
    39937 : FFF5;
    39938 : FFF2;
    39939 : FFF1;
    39940 : FFF8;
    39941 : 0004;
    39942 : 000F;
    39943 : 0015;
    39944 : 0015;
    39945 : 0012;
    39946 : 000E;
    39947 : 000A;
    39948 : 0003;
    39949 : FFFA;
    39950 : FFF4;
    39951 : FFF8;
    39952 : 0005;
    39953 : 000D;
    39954 : 0008;
    39955 : FFFA;
    39956 : FFEE;
    39957 : FFEA;
    39958 : FFEA;
    39959 : FFE9;
    39960 : FFE4;
    39961 : FFE2;
    39962 : FFE3;
    39963 : FFE3;
    39964 : FFDF;
    39965 : FFD7;
    39966 : FFD3;
    39967 : FFD6;
    39968 : FFDD;
    39969 : FFDE;
    39970 : FFD5;
    39971 : FFC7;
    39972 : FFBC;
    39973 : FFBE;
    39974 : FFCE;
    39975 : FFDF;
    39976 : FFE4;
    39977 : FFDE;
    39978 : FFD4;
    39979 : FFCD;
    39980 : FFCA;
    39981 : FFC6;
    39982 : FFC5;
    39983 : FFCC;
    39984 : FFD6;
    39985 : FFDD;
    39986 : FFE0;
    39987 : FFE1;
    39988 : FFDE;
    39989 : FFD6;
    39990 : FFC7;
    39991 : FFBA;
    39992 : FFB6;
    39993 : FFBC;
    39994 : FFC5;
    39995 : FFCB;
    39996 : FFC9;
    39997 : FFBC;
    39998 : FFAC;
    39999 : FFA4;
    40000 : FFA7;
    40001 : FFB0;
    40002 : FFBD;
    40003 : FFD0;
    40004 : FFE8;
    40005 : FFF9;
    40006 : FFF5;
    40007 : FFDE;
    40008 : FFC6;
    40009 : FFBB;
    40010 : FFBF;
    40011 : FFC9;
    40012 : FFD3;
    40013 : FFDA;
    40014 : FFDE;
    40015 : FFDF;
    40016 : FFE1;
    40017 : FFE5;
    40018 : FFE7;
    40019 : FFE5;
    40020 : FFE0;
    40021 : FFDB;
    40022 : FFDA;
    40023 : FFDE;
    40024 : FFE3;
    40025 : FFE7;
    40026 : FFE9;
    40027 : FFE5;
    40028 : FFD9;
    40029 : FFC8;
    40030 : FFBD;
    40031 : FFBD;
    40032 : FFC5;
    40033 : FFCA;
    40034 : FFC8;
    40035 : FFCA;
    40036 : FFDB;
    40037 : FFF7;
    40038 : 000F;
    40039 : 001A;
    40040 : 001C;
    40041 : 001B;
    40042 : 0019;
    40043 : 000F;
    40044 : FFF9;
    40045 : FFDD;
    40046 : FFCA;
    40047 : FFC7;
    40048 : FFD2;
    40049 : FFE4;
    40050 : FFF4;
    40051 : FFFE;
    40052 : 0000;
    40053 : FFFF;
    40054 : FFFD;
    40055 : FFFB;
    40056 : FFF9;
    40057 : FFFE;
    40058 : 0009;
    40059 : 0015;
    40060 : 001A;
    40061 : 0014;
    40062 : 000A;
    40063 : 0008;
    40064 : 000E;
    40065 : 0014;
    40066 : 000F;
    40067 : FFFD;
    40068 : FFE6;
    40069 : FFD4;
    40070 : FFCD;
    40071 : FFD1;
    40072 : FFDE;
    40073 : FFF5;
    40074 : 000E;
    40075 : 001D;
    40076 : 001F;
    40077 : 0018;
    40078 : 0013;
    40079 : 0017;
    40080 : 001A;
    40081 : 0015;
    40082 : 000C;
    40083 : 0009;
    40084 : 0011;
    40085 : 001E;
    40086 : 0024;
    40087 : 001C;
    40088 : 0006;
    40089 : FFED;
    40090 : FFD9;
    40091 : FFD3;
    40092 : FFD6;
    40093 : FFDE;
    40094 : FFED;
    40095 : 0002;
    40096 : 0018;
    40097 : 0023;
    40098 : 001E;
    40099 : 000F;
    40100 : 0005;
    40101 : 0003;
    40102 : 0004;
    40103 : 0003;
    40104 : 0003;
    40105 : 0006;
    40106 : 0009;
    40107 : 0009;
    40108 : 0003;
    40109 : FFFC;
    40110 : FFF6;
    40111 : FFF7;
    40112 : FFFA;
    40113 : FFFB;
    40114 : FFF4;
    40115 : FFE9;
    40116 : FFE5;
    40117 : FFED;
    40118 : FFFB;
    40119 : 000A;
    40120 : 0016;
    40121 : 0021;
    40122 : 0024;
    40123 : 001E;
    40124 : 0011;
    40125 : 0006;
    40126 : 0000;
    40127 : 0001;
    40128 : 0008;
    40129 : 0011;
    40130 : 0015;
    40131 : 000D;
    40132 : 0001;
    40133 : FFF8;
    40134 : FFF4;
    40135 : FFEE;
    40136 : FFE7;
    40137 : FFE8;
    40138 : FFF5;
    40139 : 0008;
    40140 : 0018;
    40141 : 001E;
    40142 : 0017;
    40143 : 0004;
    40144 : FFEF;
    40145 : FFE6;
    40146 : FFEF;
    40147 : 0003;
    40148 : 0015;
    40149 : 001E;
    40150 : 0023;
    40151 : 0027;
    40152 : 0028;
    40153 : 0027;
    40154 : 0028;
    40155 : 002D;
    40156 : 0034;
    40157 : 0035;
    40158 : 0026;
    40159 : 000C;
    40160 : FFF6;
    40161 : FFF1;
    40162 : FFFB;
    40163 : 0007;
    40164 : 000C;
    40165 : 0008;
    40166 : 0002;
    40167 : FFFE;
    40168 : FFFE;
    40169 : 0002;
    40170 : 000B;
    40171 : 0019;
    40172 : 002B;
    40173 : 003C;
    40174 : 0042;
    40175 : 0038;
    40176 : 0024;
    40177 : 0017;
    40178 : 0015;
    40179 : 001A;
    40180 : 001B;
    40181 : 0019;
    40182 : 0015;
    40183 : 0010;
    40184 : 0009;
    40185 : FFFD;
    40186 : FFF2;
    40187 : FFF3;
    40188 : 0003;
    40189 : 001C;
    40190 : 002C;
    40191 : 0028;
    40192 : 0014;
    40193 : 0003;
    40194 : 0001;
    40195 : 000D;
    40196 : 001D;
    40197 : 0028;
    40198 : 0026;
    40199 : 0015;
    40200 : FFFF;
    40201 : FFEE;
    40202 : FFE5;
    40203 : FFE4;
    40204 : FFE7;
    40205 : FFEA;
    40206 : FFEB;
    40207 : FFEA;
    40208 : FFEE;
    40209 : FFFB;
    40210 : 000E;
    40211 : 001A;
    40212 : 001C;
    40213 : 0018;
    40214 : 0017;
    40215 : 001C;
    40216 : 0022;
    40217 : 0026;
    40218 : 0028;
    40219 : 0027;
    40220 : 0026;
    40221 : 0025;
    40222 : 0020;
    40223 : 0016;
    40224 : 0009;
    40225 : FFFF;
    40226 : FFFA;
    40227 : FFF8;
    40228 : FFFA;
    40229 : 0002;
    40230 : 0010;
    40231 : 001D;
    40232 : 0023;
    40233 : 0021;
    40234 : 0019;
    40235 : 0012;
    40236 : 000D;
    40237 : 000B;
    40238 : 0008;
    40239 : 0001;
    40240 : FFF7;
    40241 : FFF0;
    40242 : FFF6;
    40243 : 000B;
    40244 : 0024;
    40245 : 0033;
    40246 : 002E;
    40247 : 001D;
    40248 : 0010;
    40249 : 000F;
    40250 : 0016;
    40251 : 001D;
    40252 : 0024;
    40253 : 002E;
    40254 : 003A;
    40255 : 0045;
    40256 : 0049;
    40257 : 0045;
    40258 : 003A;
    40259 : 002B;
    40260 : 001C;
    40261 : 0010;
    40262 : 000C;
    40263 : 0010;
    40264 : 001A;
    40265 : 0024;
    40266 : 0027;
    40267 : 001D;
    40268 : 000F;
    40269 : 0006;
    40270 : 0009;
    40271 : 0015;
    40272 : 0020;
    40273 : 0026;
    40274 : 002B;
    40275 : 0030;
    40276 : 0032;
    40277 : 002F;
    40278 : 0028;
    40279 : 0020;
    40280 : 001C;
    40281 : 001B;
    40282 : 001A;
    40283 : 0017;
    40284 : 0014;
    40285 : 0010;
    40286 : 000E;
    40287 : 000E;
    40288 : 000E;
    40289 : 0010;
    40290 : 0017;
    40291 : 0022;
    40292 : 002C;
    40293 : 002C;
    40294 : 0022;
    40295 : 0015;
    40296 : 0010;
    40297 : 0010;
    40298 : 0011;
    40299 : 000D;
    40300 : 0004;
    40301 : FFFA;
    40302 : FFF4;
    40303 : FFF4;
    40304 : FFFA;
    40305 : 0001;
    40306 : 0008;
    40307 : 000D;
    40308 : 0011;
    40309 : 0013;
    40310 : 0013;
    40311 : 000F;
    40312 : 0005;
    40313 : FFF3;
    40314 : FFDF;
    40315 : FFD2;
    40316 : FFD6;
    40317 : FFE4;
    40318 : FFF0;
    40319 : FFF4;
    40320 : FFEF;
    40321 : FFE6;
    40322 : FFDD;
    40323 : FFDC;
    40324 : FFE6;
    40325 : FFF8;
    40326 : 0009;
    40327 : 0015;
    40328 : 001B;
    40329 : 0019;
    40330 : 0010;
    40331 : 0002;
    40332 : FFF3;
    40333 : FFE9;
    40334 : FFE1;
    40335 : FFD7;
    40336 : FFCF;
    40337 : FFCB;
    40338 : FFCD;
    40339 : FFD0;
    40340 : FFD3;
    40341 : FFD4;
    40342 : FFD7;
    40343 : FFDD;
    40344 : FFE0;
    40345 : FFD9;
    40346 : FFC8;
    40347 : FFB6;
    40348 : FFAD;
    40349 : FFB5;
    40350 : FFC9;
    40351 : FFE3;
    40352 : FFFA;
    40353 : 0009;
    40354 : 000D;
    40355 : 000A;
    40356 : 0004;
    40357 : 0000;
    40358 : FFFF;
    40359 : FFFE;
    40360 : FFF9;
    40361 : FFF0;
    40362 : FFE6;
    40363 : FFE0;
    40364 : FFE3;
    40365 : FFED;
    40366 : FFFA;
    40367 : 0005;
    40368 : 000A;
    40369 : 0005;
    40370 : FFFD;
    40371 : FFF8;
    40372 : FFFC;
    40373 : 0004;
    40374 : 0006;
    40375 : FFFC;
    40376 : FFE8;
    40377 : FFD7;
    40378 : FFD2;
    40379 : FFDD;
    40380 : FFEF;
    40381 : FFFC;
    40382 : 0001;
    40383 : 0005;
    40384 : 0009;
    40385 : 000B;
    40386 : 0009;
    40387 : 0008;
    40388 : 0009;
    40389 : 000C;
    40390 : 000F;
    40391 : 0012;
    40392 : 0016;
    40393 : 0018;
    40394 : 0015;
    40395 : 0013;
    40396 : 0015;
    40397 : 001A;
    40398 : 001E;
    40399 : 0023;
    40400 : 0029;
    40401 : 002D;
    40402 : 002C;
    40403 : 0026;
    40404 : 0023;
    40405 : 0025;
    40406 : 0028;
    40407 : 0029;
    40408 : 0026;
    40409 : 0022;
    40410 : 0021;
    40411 : 0023;
    40412 : 0026;
    40413 : 0028;
    40414 : 0026;
    40415 : 0022;
    40416 : 001F;
    40417 : 001A;
    40418 : 0013;
    40419 : 000C;
    40420 : 000A;
    40421 : 000E;
    40422 : 0015;
    40423 : 0018;
    40424 : 0015;
    40425 : 0010;
    40426 : 0010;
    40427 : 0019;
    40428 : 0025;
    40429 : 0030;
    40430 : 0038;
    40431 : 003D;
    40432 : 003C;
    40433 : 0033;
    40434 : 0025;
    40435 : 0018;
    40436 : 000F;
    40437 : 000B;
    40438 : 000B;
    40439 : 000E;
    40440 : 0011;
    40441 : 0013;
    40442 : 0015;
    40443 : 0010;
    40444 : 0002;
    40445 : FFEF;
    40446 : FFE6;
    40447 : FFED;
    40448 : FFFD;
    40449 : 0009;
    40450 : 0008;
    40451 : FFFD;
    40452 : FFF3;
    40453 : FFEF;
    40454 : FFF6;
    40455 : 0005;
    40456 : 0013;
    40457 : 001D;
    40458 : 0022;
    40459 : 0024;
    40460 : 0022;
    40461 : 001A;
    40462 : 0010;
    40463 : 000C;
    40464 : 000C;
    40465 : 0009;
    40466 : FFFE;
    40467 : FFF0;
    40468 : FFE5;
    40469 : FFE0;
    40470 : FFE2;
    40471 : FFE9;
    40472 : FFF2;
    40473 : FFFB;
    40474 : 0006;
    40475 : 0010;
    40476 : 0012;
    40477 : 0003;
    40478 : FFEB;
    40479 : FFD7;
    40480 : FFD2;
    40481 : FFDB;
    40482 : FFE7;
    40483 : FFEE;
    40484 : FFEF;
    40485 : FFE9;
    40486 : FFE5;
    40487 : FFE6;
    40488 : FFEC;
    40489 : FFF2;
    40490 : FFF4;
    40491 : FFF0;
    40492 : FFE9;
    40493 : FFE5;
    40494 : FFE7;
    40495 : FFEF;
    40496 : FFF7;
    40497 : FFFD;
    40498 : 0002;
    40499 : 000A;
    40500 : 0010;
    40501 : 0010;
    40502 : 000A;
    40503 : 0002;
    40504 : FFFC;
    40505 : FFF5;
    40506 : FFEF;
    40507 : FFEC;
    40508 : FFED;
    40509 : FFF0;
    40510 : FFF2;
    40511 : FFF3;
    40512 : FFF2;
    40513 : FFF4;
    40514 : FFF8;
    40515 : FFFC;
    40516 : FFFB;
    40517 : FFF5;
    40518 : FFF0;
    40519 : FFF1;
    40520 : FFF6;
    40521 : FFFA;
    40522 : FFFC;
    40523 : FFFE;
    40524 : 0000;
    40525 : 0000;
    40526 : FFFA;
    40527 : FFEE;
    40528 : FFE1;
    40529 : FFD9;
    40530 : FFDF;
    40531 : FFF1;
    40532 : 0003;
    40533 : 000D;
    40534 : 000D;
    40535 : 0008;
    40536 : 0005;
    40537 : 0004;
    40538 : 0004;
    40539 : 0006;
    40540 : 000A;
    40541 : 000C;
    40542 : 0006;
    40543 : FFF8;
    40544 : FFE7;
    40545 : FFDD;
    40546 : FFDF;
    40547 : FFEB;
    40548 : FFF6;
    40549 : FFF8;
    40550 : FFF3;
    40551 : FFED;
    40552 : FFE6;
    40553 : FFDD;
    40554 : FFD4;
    40555 : FFD1;
    40556 : FFD8;
    40557 : FFE7;
    40558 : FFF2;
    40559 : FFF4;
    40560 : FFF1;
    40561 : FFEF;
    40562 : FFF1;
    40563 : FFF9;
    40564 : 0003;
    40565 : 000B;
    40566 : 0012;
    40567 : 0015;
    40568 : 0014;
    40569 : 000D;
    40570 : 0002;
    40571 : FFF6;
    40572 : FFED;
    40573 : FFE8;
    40574 : FFE7;
    40575 : FFE8;
    40576 : FFEE;
    40577 : FFF8;
    40578 : 0001;
    40579 : 0001;
    40580 : FFF7;
    40581 : FFEC;
    40582 : FFE5;
    40583 : FFE1;
    40584 : FFE0;
    40585 : FFE2;
    40586 : FFEA;
    40587 : FFF5;
    40588 : FFFF;
    40589 : 0003;
    40590 : 0003;
    40591 : 0002;
    40592 : 0003;
    40593 : 0004;
    40594 : 0007;
    40595 : 0008;
    40596 : 0004;
    40597 : FFFE;
    40598 : FFFC;
    40599 : 0001;
    40600 : 000C;
    40601 : 0018;
    40602 : 001B;
    40603 : 000E;
    40604 : FFF9;
    40605 : FFE9;
    40606 : FFE6;
    40607 : FFF1;
    40608 : FFFF;
    40609 : 0006;
    40610 : 0005;
    40611 : 0002;
    40612 : 0002;
    40613 : 0004;
    40614 : 0007;
    40615 : 000E;
    40616 : 001C;
    40617 : 002C;
    40618 : 0033;
    40619 : 0029;
    40620 : 0015;
    40621 : FFFE;
    40622 : FFED;
    40623 : FFE6;
    40624 : FFEC;
    40625 : FFFD;
    40626 : 000F;
    40627 : 001E;
    40628 : 002A;
    40629 : 0033;
    40630 : 002F;
    40631 : 001A;
    40632 : FFFE;
    40633 : FFF0;
    40634 : FFF6;
    40635 : 0007;
    40636 : 0013;
    40637 : 0018;
    40638 : 0017;
    40639 : 0010;
    40640 : 0007;
    40641 : 0002;
    40642 : 0006;
    40643 : 0010;
    40644 : 0019;
    40645 : 001E;
    40646 : 0018;
    40647 : 0009;
    40648 : FFF9;
    40649 : FFF4;
    40650 : FFF9;
    40651 : FFFE;
    40652 : 0001;
    40653 : 0002;
    40654 : 0006;
    40655 : 000A;
    40656 : 000C;
    40657 : 000D;
    40658 : 0010;
    40659 : 0016;
    40660 : 001B;
    40661 : 001C;
    40662 : 0018;
    40663 : 0011;
    40664 : 0008;
    40665 : FFFD;
    40666 : FFF1;
    40667 : FFE7;
    40668 : FFE2;
    40669 : FFE4;
    40670 : FFED;
    40671 : FFF7;
    40672 : FFFC;
    40673 : FFFB;
    40674 : FFF6;
    40675 : FFF3;
    40676 : FFF5;
    40677 : FFFC;
    40678 : 0004;
    40679 : 000A;
    40680 : 000C;
    40681 : 0006;
    40682 : FFFD;
    40683 : FFF4;
    40684 : FFEE;
    40685 : FFEA;
    40686 : FFE7;
    40687 : FFE5;
    40688 : FFE4;
    40689 : FFE3;
    40690 : FFE4;
    40691 : FFEA;
    40692 : FFF1;
    40693 : FFF5;
    40694 : FFF0;
    40695 : FFE4;
    40696 : FFD9;
    40697 : FFD7;
    40698 : FFDD;
    40699 : FFE8;
    40700 : FFF3;
    40701 : FFFB;
    40702 : 0000;
    40703 : 0001;
    40704 : FFFF;
    40705 : FFFB;
    40706 : FFF6;
    40707 : FFF1;
    40708 : FFF2;
    40709 : FFFA;
    40710 : 0001;
    40711 : 0001;
    40712 : FFF8;
    40713 : FFEF;
    40714 : FFE8;
    40715 : FFE3;
    40716 : FFE5;
    40717 : FFEE;
    40718 : FFFA;
    40719 : FFFF;
    40720 : FFFC;
    40721 : FFF5;
    40722 : FFEC;
    40723 : FFE6;
    40724 : FFE9;
    40725 : FFF7;
    40726 : 000A;
    40727 : 0013;
    40728 : 0011;
    40729 : 000A;
    40730 : 0005;
    40731 : 0006;
    40732 : 000A;
    40733 : 0010;
    40734 : 0016;
    40735 : 001C;
    40736 : 001D;
    40737 : 001C;
    40738 : 001D;
    40739 : 0021;
    40740 : 0026;
    40741 : 0024;
    40742 : 001B;
    40743 : 000E;
    40744 : 0004;
    40745 : 0000;
    40746 : 0002;
    40747 : 0007;
    40748 : 0010;
    40749 : 0015;
    40750 : 0013;
    40751 : 000F;
    40752 : 000C;
    40753 : 000A;
    40754 : 0009;
    40755 : 0009;
    40756 : 000D;
    40757 : 0012;
    40758 : 0016;
    40759 : 0019;
    40760 : 001E;
    40761 : 0025;
    40762 : 002C;
    40763 : 0031;
    40764 : 0031;
    40765 : 002E;
    40766 : 002B;
    40767 : 0027;
    40768 : 0024;
    40769 : 0021;
    40770 : 001E;
    40771 : 001C;
    40772 : 001F;
    40773 : 0024;
    40774 : 0028;
    40775 : 002B;
    40776 : 002E;
    40777 : 0032;
    40778 : 0034;
    40779 : 0032;
    40780 : 002E;
    40781 : 0029;
    40782 : 0026;
    40783 : 0021;
    40784 : 0017;
    40785 : 000B;
    40786 : 0001;
    40787 : 0002;
    40788 : 000B;
    40789 : 0015;
    40790 : 0016;
    40791 : 0010;
    40792 : 0007;
    40793 : FFFD;
    40794 : FFF5;
    40795 : FFF7;
    40796 : 0005;
    40797 : 0017;
    40798 : 0024;
    40799 : 002A;
    40800 : 002C;
    40801 : 002D;
    40802 : 002B;
    40803 : 0024;
    40804 : 001D;
    40805 : 0018;
    40806 : 0017;
    40807 : 0017;
    40808 : 0018;
    40809 : 0019;
    40810 : 0014;
    40811 : 0009;
    40812 : FFFC;
    40813 : FFF7;
    40814 : FFF9;
    40815 : FFFF;
    40816 : 0004;
    40817 : 0003;
    40818 : FFFB;
    40819 : FFF1;
    40820 : FFEE;
    40821 : FFF1;
    40822 : FFF7;
    40823 : FFFB;
    40824 : FFFC;
    40825 : FFFE;
    40826 : 0002;
    40827 : 0007;
    40828 : 0009;
    40829 : 0007;
    40830 : 0004;
    40831 : FFFF;
    40832 : FFFA;
    40833 : FFF7;
    40834 : FFF8;
    40835 : FFF9;
    40836 : FFFA;
    40837 : FFF8;
    40838 : FFF5;
    40839 : FFF5;
    40840 : FFF8;
    40841 : FFFA;
    40842 : FFF7;
    40843 : FFF1;
    40844 : FFEC;
    40845 : FFEB;
    40846 : FFEB;
    40847 : FFED;
    40848 : FFF3;
    40849 : FFFC;
    40850 : 0003;
    40851 : 0004;
    40852 : FFFE;
    40853 : FFF6;
    40854 : FFF0;
    40855 : FFF2;
    40856 : FFFD;
    40857 : 0009;
    40858 : 000C;
    40859 : 0005;
    40860 : FFFA;
    40861 : FFF1;
    40862 : FFEF;
    40863 : FFF3;
    40864 : FFFB;
    40865 : 0000;
    40866 : FFFF;
    40867 : FFFC;
    40868 : FFFC;
    40869 : FFFE;
    40870 : FFFE;
    40871 : FFFA;
    40872 : FFF7;
    40873 : FFFA;
    40874 : 0003;
    40875 : 000A;
    40876 : 000C;
    40877 : 000C;
    40878 : 000F;
    40879 : 0011;
    40880 : 000F;
    40881 : 0007;
    40882 : FFFD;
    40883 : FFF6;
    40884 : FFF2;
    40885 : FFEF;
    40886 : FFF0;
    40887 : FFF6;
    40888 : FFFE;
    40889 : 0002;
    40890 : 0002;
    40891 : 0002;
    40892 : 0001;
    40893 : 0000;
    40894 : 0000;
    40895 : FFFE;
    40896 : FFFA;
    40897 : FFF8;
    40898 : FFF9;
    40899 : FFFF;
    40900 : 0005;
    40901 : 000D;
    40902 : 0013;
    40903 : 0015;
    40904 : 0012;
    40905 : 000C;
    40906 : 0007;
    40907 : 0002;
    40908 : FFFD;
    40909 : FFFD;
    40910 : 0001;
    40911 : 0005;
    40912 : 0007;
    40913 : 0005;
    40914 : 0003;
    40915 : 0000;
    40916 : FFFE;
    40917 : FFFE;
    40918 : 0000;
    40919 : 0004;
    40920 : 0008;
    40921 : 0006;
    40922 : FFFF;
    40923 : FFF4;
    40924 : FFE9;
    40925 : FFE2;
    40926 : FFE3;
    40927 : FFE7;
    40928 : FFE9;
    40929 : FFE7;
    40930 : FFE6;
    40931 : FFE7;
    40932 : FFEA;
    40933 : FFEE;
    40934 : FFF2;
    40935 : FFF6;
    40936 : FFF8;
    40937 : FFFB;
    40938 : FFFE;
    40939 : FFFE;
    40940 : FFF9;
    40941 : FFF2;
    40942 : FFF0;
    40943 : FFF3;
    40944 : FFFB;
    40945 : 0001;
    40946 : 0004;
    40947 : 0002;
    40948 : FFFB;
    40949 : FFF0;
    40950 : FFE2;
    40951 : FFD8;
    40952 : FFD5;
    40953 : FFD4;
    40954 : FFD3;
    40955 : FFD3;
    40956 : FFD3;
    40957 : FFD5;
    40958 : FFD8;
    40959 : FFDF;
    40960 : FFE5;
    40961 : FFE9;
    40962 : FFEC;
    40963 : FFEF;
    40964 : FFF2;
    40965 : FFF6;
    40966 : FFFD;
    40967 : 0004;
    40968 : 0008;
    40969 : 0008;
    40970 : 0006;
    40971 : 0003;
    40972 : FFFF;
    40973 : FFFB;
    40974 : FFF7;
    40975 : FFF4;
    40976 : FFF4;
    40977 : FFF6;
    40978 : FFFA;
    40979 : FFFC;
    40980 : FFFC;
    40981 : FFF8;
    40982 : FFF0;
    40983 : FFE8;
    40984 : FFE6;
    40985 : FFE9;
    40986 : FFEF;
    40987 : FFF4;
    40988 : FFF3;
    40989 : FFEF;
    40990 : FFED;
    40991 : FFF2;
    40992 : FFF9;
    40993 : FFFF;
    40994 : 0001;
    40995 : 0000;
    40996 : FFFB;
    40997 : FFF4;
    40998 : FFEE;
    40999 : FFE9;
    41000 : FFE6;
    41001 : FFE4;
    41002 : FFE5;
    41003 : FFE7;
    41004 : FFEB;
    41005 : FFF0;
    41006 : FFF2;
    41007 : FFF4;
    41008 : FFF7;
    41009 : FFFE;
    41010 : 0008;
    41011 : 0011;
    41012 : 0014;
    41013 : 0010;
    41014 : 0007;
    41015 : FFFF;
    41016 : FFF8;
    41017 : FFF6;
    41018 : FFFC;
    41019 : 0002;
    41020 : 0000;
    41021 : FFF6;
    41022 : FFEB;
    41023 : FFE3;
    41024 : FFE1;
    41025 : FFE6;
    41026 : FFF0;
    41027 : FFF9;
    41028 : FFFB;
    41029 : FFF7;
    41030 : FFF2;
    41031 : FFEF;
    41032 : FFF1;
    41033 : FFF7;
    41034 : 0002;
    41035 : 000A;
    41036 : 000A;
    41037 : 0004;
    41038 : FFFD;
    41039 : FFF7;
    41040 : FFF3;
    41041 : FFEF;
    41042 : FFEA;
    41043 : FFE5;
    41044 : FFE5;
    41045 : FFEB;
    41046 : FFF4;
    41047 : FFFB;
    41048 : FFFE;
    41049 : FFFC;
    41050 : FFF9;
    41051 : FFF8;
    41052 : FFFC;
    41053 : 0002;
    41054 : 0005;
    41055 : 0006;
    41056 : 0003;
    41057 : FFFE;
    41058 : FFFB;
    41059 : FFF9;
    41060 : FFF8;
    41061 : FFF8;
    41062 : FFF9;
    41063 : FFF7;
    41064 : FFF4;
    41065 : FFF1;
    41066 : FFF0;
    41067 : FFEE;
    41068 : FFEC;
    41069 : FFEA;
    41070 : FFE9;
    41071 : FFEB;
    41072 : FFF3;
    41073 : FFFC;
    41074 : FFFE;
    41075 : FFFA;
    41076 : FFF8;
    41077 : FFFA;
    41078 : 0000;
    41079 : 0007;
    41080 : 000C;
    41081 : 000D;
    41082 : 000D;
    41083 : 0010;
    41084 : 0012;
    41085 : 0012;
    41086 : 0010;
    41087 : 000F;
    41088 : 000F;
    41089 : 000F;
    41090 : 0010;
    41091 : 000F;
    41092 : 000A;
    41093 : 0004;
    41094 : FFFF;
    41095 : FFF9;
    41096 : FFF3;
    41097 : FFEF;
    41098 : FFF0;
    41099 : FFF6;
    41100 : FFFB;
    41101 : FFFE;
    41102 : FFFF;
    41103 : FFFD;
    41104 : FFFB;
    41105 : FFFD;
    41106 : 0004;
    41107 : 000E;
    41108 : 0016;
    41109 : 001A;
    41110 : 0019;
    41111 : 0012;
    41112 : 000B;
    41113 : 0007;
    41114 : 0008;
    41115 : 000C;
    41116 : 000D;
    41117 : 000B;
    41118 : 0007;
    41119 : 0003;
    41120 : 0001;
    41121 : 0002;
    41122 : 0006;
    41123 : 000B;
    41124 : 0010;
    41125 : 0015;
    41126 : 001A;
    41127 : 0019;
    41128 : 0013;
    41129 : 000E;
    41130 : 000C;
    41131 : 000C;
    41132 : 000B;
    41133 : 000B;
    41134 : 000B;
    41135 : 000B;
    41136 : 000B;
    41137 : 000A;
    41138 : 0006;
    41139 : 0003;
    41140 : 0002;
    41141 : 0002;
    41142 : 0003;
    41143 : 0005;
    41144 : 0007;
    41145 : 0008;
    41146 : 000A;
    41147 : 000D;
    41148 : 0010;
    41149 : 0013;
    41150 : 0015;
    41151 : 0014;
    41152 : 000D;
    41153 : 0007;
    41154 : 0005;
    41155 : 0009;
    41156 : 0010;
    41157 : 0014;
    41158 : 0012;
    41159 : 000B;
    41160 : 0002;
    41161 : FFFD;
    41162 : FFFE;
    41163 : 0003;
    41164 : 0008;
    41165 : 000D;
    41166 : 000F;
    41167 : 0010;
    41168 : 000F;
    41169 : 0010;
    41170 : 0011;
    41171 : 0012;
    41172 : 0010;
    41173 : 0009;
    41174 : FFFE;
    41175 : FFF6;
    41176 : FFF6;
    41177 : FFFA;
    41178 : FFFE;
    41179 : 0000;
    41180 : FFFF;
    41181 : FFFD;
    41182 : FFF9;
    41183 : FFF4;
    41184 : FFEE;
    41185 : FFE6;
    41186 : FFE2;
    41187 : FFE5;
    41188 : FFEE;
    41189 : FFFD;
    41190 : 0008;
    41191 : 000D;
    41192 : 000D;
    41193 : 0009;
    41194 : 0005;
    41195 : 0004;
    41196 : 0004;
    41197 : 0004;
    41198 : 0002;
    41199 : FFFD;
    41200 : FFF8;
    41201 : FFF3;
    41202 : FFEF;
    41203 : FFF1;
    41204 : FFF6;
    41205 : FFFB;
    41206 : FFFC;
    41207 : FFFB;
    41208 : FFFA;
    41209 : FFFA;
    41210 : FFFA;
    41211 : FFFC;
    41212 : FFFB;
    41213 : FFF8;
    41214 : FFF7;
    41215 : FFF9;
    41216 : FFFD;
    41217 : 0001;
    41218 : 0003;
    41219 : 0001;
    41220 : FFFA;
    41221 : FFF2;
    41222 : FFEE;
    41223 : FFF1;
    41224 : FFFA;
    41225 : 0003;
    41226 : 000A;
    41227 : 000C;
    41228 : 0009;
    41229 : 0007;
    41230 : 0009;
    41231 : 000F;
    41232 : 0016;
    41233 : 001B;
    41234 : 001A;
    41235 : 0015;
    41236 : 0010;
    41237 : 0011;
    41238 : 0013;
    41239 : 0012;
    41240 : 000C;
    41241 : 0004;
    41242 : FFFE;
    41243 : FFFC;
    41244 : FFFE;
    41245 : 0000;
    41246 : 0002;
    41247 : 0003;
    41248 : 0003;
    41249 : 0003;
    41250 : 0003;
    41251 : 0002;
    41252 : 0005;
    41253 : 000C;
    41254 : 0013;
    41255 : 0018;
    41256 : 001C;
    41257 : 001D;
    41258 : 001E;
    41259 : 001F;
    41260 : 0020;
    41261 : 001F;
    41262 : 001D;
    41263 : 001B;
    41264 : 001B;
    41265 : 001B;
    41266 : 001A;
    41267 : 0019;
    41268 : 001B;
    41269 : 0020;
    41270 : 0024;
    41271 : 0026;
    41272 : 0025;
    41273 : 0022;
    41274 : 001C;
    41275 : 0017;
    41276 : 0015;
    41277 : 0015;
    41278 : 0016;
    41279 : 0016;
    41280 : 0014;
    41281 : 000F;
    41282 : 0009;
    41283 : 0007;
    41284 : 000B;
    41285 : 0010;
    41286 : 0012;
    41287 : 0011;
    41288 : 000E;
    41289 : 0009;
    41290 : 0007;
    41291 : 0008;
    41292 : 000B;
    41293 : 000E;
    41294 : 0011;
    41295 : 0013;
    41296 : 0015;
    41297 : 0014;
    41298 : 000F;
    41299 : 0008;
    41300 : 0003;
    41301 : 0003;
    41302 : 0005;
    41303 : 0008;
    41304 : 000A;
    41305 : 0008;
    41306 : 0003;
    41307 : 0000;
    41308 : FFFF;
    41309 : FFFF;
    41310 : 0000;
    41311 : 0002;
    41312 : 0001;
    41313 : FFFD;
    41314 : FFFA;
    41315 : FFFA;
    41316 : FFFD;
    41317 : 0000;
    41318 : 0001;
    41319 : FFFF;
    41320 : FFFE;
    41321 : 0000;
    41322 : 0003;
    41323 : 0001;
    41324 : FFFC;
    41325 : FFF7;
    41326 : FFF4;
    41327 : FFF3;
    41328 : FFF8;
    41329 : 0000;
    41330 : 0005;
    41331 : 0005;
    41332 : 0004;
    41333 : 0002;
    41334 : 0000;
    41335 : FFFF;
    41336 : 0001;
    41337 : 0002;
    41338 : 0002;
    41339 : 0000;
    41340 : FFFE;
    41341 : FFFC;
    41342 : FFFB;
    41343 : FFF9;
    41344 : FFF9;
    41345 : FFF8;
    41346 : FFF8;
    41347 : FFF8;
    41348 : FFF9;
    41349 : FFFA;
    41350 : FFF9;
    41351 : FFF9;
    41352 : FFF9;
    41353 : FFF9;
    41354 : FFFA;
    41355 : FFFA;
    41356 : FFF8;
    41357 : FFF5;
    41358 : FFF3;
    41359 : FFF3;
    41360 : FFF5;
    41361 : FFF8;
    41362 : FFF9;
    41363 : FFF9;
    41364 : FFF9;
    41365 : FFFA;
    41366 : FFFC;
    41367 : FFFE;
    41368 : FFFF;
    41369 : 0000;
    41370 : FFFF;
    41371 : FFFF;
    41372 : 0000;
    41373 : 0002;
    41374 : 0002;
    41375 : 0002;
    41376 : 0004;
    41377 : 0005;
    41378 : 0005;
    41379 : 0002;
    41380 : FFFD;
    41381 : FFF8;
    41382 : FFF6;
    41383 : FFF8;
    41384 : FFFA;
    41385 : FFFD;
    41386 : 0000;
    41387 : 0002;
    41388 : 0002;
    41389 : 0000;
    41390 : FFFE;
    41391 : FFFF;
    41392 : 0004;
    41393 : 000A;
    41394 : 000A;
    41395 : 0006;
    41396 : 0001;
    41397 : FFFC;
    41398 : FFF7;
    41399 : FFF7;
    41400 : FFF5;
    41401 : FFF2;
    41402 : FFF2;
    41403 : FFF3;
    41404 : FFF8;
    41405 : 0001;
    41406 : 0008;
    41407 : 000A;
    41408 : 0009;
    41409 : 0007;
    41410 : 0006;
    41411 : 0005;
    41412 : 0004;
    41413 : 0002;
    41414 : FFFF;
    41415 : FFFD;
    41416 : FFF9;
    41417 : FFF7;
    41418 : FFF5;
    41419 : FFF5;
    41420 : FFF7;
    41421 : FFF9;
    41422 : FFF8;
    41423 : FFF7;
    41424 : FFF7;
    41425 : FFF9;
    41426 : FFFB;
    41427 : FFFC;
    41428 : FFFC;
    41429 : FFFA;
    41430 : FFFC;
    41431 : 0001;
    41432 : 0007;
    41433 : 0008;
    41434 : 0005;
    41435 : 0001;
    41436 : FFFE;
    41437 : FFFD;
    41438 : FFFE;
    41439 : FFFE;
    41440 : FFFD;
    41441 : FFFC;
    41442 : FFF9;
    41443 : FFF8;
    41444 : FFF8;
    41445 : FFF8;
    41446 : FFF8;
    41447 : FFF8;
    41448 : FFF8;
    41449 : FFF8;
    41450 : FFF9;
    41451 : FFFB;
    41452 : FFFF;
    41453 : 0003;
    41454 : 0005;
    41455 : 0003;
    41456 : 0000;
    41457 : FFFF;
    41458 : FFFF;
    41459 : 0000;
    41460 : FFFF;
    41461 : FFFA;
    41462 : FFF6;
    41463 : FFF5;
    41464 : FFF5;
    41465 : FFF7;
    41466 : FFFA;
    41467 : FFFC;
    41468 : FFFF;
    41469 : FFFF;
    41470 : FFFE;
    41471 : FFFB;
    41472 : FFF7;
    41473 : FFF8;
    41474 : FFFC;
    41475 : FFFF;
    41476 : 0002;
    41477 : 0002;
    41478 : 0002;
    41479 : 0004;
    41480 : 0007;
    41481 : 000B;
    41482 : 000F;
    41483 : 000E;
    41484 : 0008;
    41485 : 0001;
    41486 : FFFD;
    41487 : FFFD;
    41488 : FFFF;
    41489 : 0001;
    41490 : 0002;
    41491 : 0001;
    41492 : FFFF;
    41493 : 0000;
    41494 : 0002;
    41495 : 0005;
    41496 : 0008;
    41497 : 0009;
    41498 : 000C;
    41499 : 000F;
    41500 : 000D;
    41501 : 000A;
    41502 : 0006;
    41503 : 0002;
    41504 : 0000;
    41505 : 0001;
    41506 : 0005;
    41507 : 0009;
    41508 : 000D;
    41509 : 000D;
    41510 : 000C;
    41511 : 000B;
    41512 : 0008;
    41513 : 0006;
    41514 : 0007;
    41515 : 000C;
    41516 : 0011;
    41517 : 0012;
    41518 : 0011;
    41519 : 000F;
    41520 : 000C;
    41521 : 000A;
    41522 : 000B;
    41523 : 000D;
    41524 : 000F;
    41525 : 0010;
    41526 : 000F;
    41527 : 000C;
    41528 : 0008;
    41529 : 0005;
    41530 : 0005;
    41531 : 0008;
    41532 : 0009;
    41533 : 0009;
    41534 : 000A;
    41535 : 000A;
    41536 : 000D;
    41537 : 000F;
    41538 : 000F;
    41539 : 000D;
    41540 : 000E;
    41541 : 0012;
    41542 : 0014;
    41543 : 0014;
    41544 : 0014;
    41545 : 0012;
    41546 : 000E;
    41547 : 000C;
    41548 : 0008;
    41549 : 0006;
    41550 : 0004;
    41551 : 0003;
    41552 : 0004;
    41553 : 0007;
    41554 : 000A;
    41555 : 000C;
    41556 : 000D;
    41557 : 000D;
    41558 : 000E;
    41559 : 000E;
    41560 : 000B;
    41561 : 0009;
    41562 : 000A;
    41563 : 000D;
    41564 : 0011;
    41565 : 0010;
    41566 : 000F;
    41567 : 000E;
    41568 : 000B;
    41569 : 000B;
    41570 : 000C;
    41571 : 000C;
    41572 : 000C;
    41573 : 000C;
    41574 : 000A;
    41575 : 0007;
    41576 : 0006;
    41577 : 0006;
    41578 : 0006;
    41579 : 0006;
    41580 : 0007;
    41581 : 0007;
    41582 : 0008;
    41583 : 0009;
    41584 : 000B;
    41585 : 000D;
    41586 : 000E;
    41587 : 000E;
    41588 : 000F;
    41589 : 000F;
    41590 : 000E;
    41591 : 000D;
    41592 : 000C;
    41593 : 0009;
    41594 : 0007;
    41595 : 0008;
    41596 : 0009;
    41597 : 000A;
    41598 : 000A;
    41599 : 0008;
    41600 : 0007;
    41601 : 0006;
    41602 : 0008;
    41603 : 000A;
    41604 : 000A;
    41605 : 000C;
    41606 : 000E;
    41607 : 0010;
    41608 : 0012;
    41609 : 0011;
    41610 : 000F;
    41611 : 000E;
    41612 : 000D;
    41613 : 000A;
    41614 : 0008;
    41615 : 0009;
    41616 : 000B;
    41617 : 000B;
    41618 : 000B;
    41619 : 0009;
    41620 : 0008;
    41621 : 000A;
    41622 : 000B;
    41623 : 000B;
    41624 : 000A;
    41625 : 0009;
    41626 : 000A;
    41627 : 000C;
    41628 : 0010;
    41629 : 0013;
    41630 : 0015;
    41631 : 0013;
    41632 : 0010;
    41633 : 000D;
    41634 : 000A;
    41635 : 000B;
    41636 : 000C;
    41637 : 000A;
    41638 : 000A;
    41639 : 000A;
    41640 : 000C;
    41641 : 000D;
    41642 : 000C;
    41643 : 000D;
    41644 : 000E;
    41645 : 000D;
    41646 : 000D;
    41647 : 000E;
    41648 : 000E;
    41649 : 000C;
    41650 : 0009;
    41651 : 0008;
    41652 : 0005;
    41653 : 0004;
    41654 : 0005;
    41655 : 0005;
    41656 : 0005;
    41657 : 0005;
    41658 : 0005;
    41659 : 0006;
    41660 : 0006;
    41661 : 0005;
    41662 : 0006;
    41663 : 0008;
    41664 : 000A;
    41665 : 000C;
    41666 : 000C;
    41667 : 000D;
    41668 : 000D;
    41669 : 000C;
    41670 : 000B;
    41671 : 0009;
    41672 : 0007;
    41673 : 0007;
    41674 : 0008;
    41675 : 0007;
    41676 : 0008;
    41677 : 0007;
    41678 : 0005;
    41679 : 0003;
    41680 : 0001;
    41681 : 0000;
    41682 : 0001;
    41683 : 0001;
    41684 : 0002;
    41685 : 0003;
    41686 : 0006;
    41687 : 0008;
    41688 : 0007;
    41689 : 0006;
    41690 : 0004;
    41691 : 0001;
    41692 : 0000;
    41693 : 0002;
    41694 : 0003;
    41695 : 0004;
    41696 : 0003;
    41697 : 0001;
    41698 : 0000;
    41699 : FFFF;
    41700 : FFFD;
    41701 : FFFE;
    41702 : FFFE;
    41703 : FFFF;
    41704 : 0001;
    41705 : 0002;
    41706 : 0003;
    41707 : 0003;
    41708 : 0004;
    41709 : 0003;
    41710 : 0002;
    41711 : 0001;
    41712 : 0001;
    41713 : 0002;
    41714 : 0003;
    41715 : 0004;
    41716 : 0003;
    41717 : FFFF;
    41718 : FFFF;
    41719 : 0002;
    41720 : 0003;
    41721 : 0004;
    41722 : 0004;
    41723 : 0004;
    41724 : 0004;
    41725 : 0003;
    41726 : 0003;
    41727 : 0003;
    41728 : 0002;
    41729 : 0001;
    41730 : 0001;
    41731 : 0001;
    41732 : 0001;
    41733 : 0001;
    41734 : 0001;
    41735 : 0001;
    41736 : 0002;
    41737 : 0003;
    41738 : 0004;
    41739 : 0004;
    41740 : 0005;
    41741 : 0006;
    41742 : 0007;
    41743 : 0008;
    41744 : 0007;
    41745 : 0006;
    41746 : 0005;
    41747 : 0004;
    41748 : 0003;
    41749 : 0002;
    41750 : 0002;
    41751 : 0003;
    41752 : 0002;
    41753 : FFFF;
    41754 : FFFE;
    41755 : FFFE;
    41756 : 0000;
    41757 : 0004;
    41758 : 0006;
    41759 : 0007;
    41760 : 0008;
    41761 : 0008;
    41762 : 000A;
    41763 : 0009;
    41764 : 0007;
    41765 : 0005;
    41766 : 0003;
    41767 : 0003;
    41768 : 0003;
    41769 : 0002;
    41770 : 0001;
    41771 : FFFF;
    41772 : FFFE;
    41773 : FFFD;
    41774 : FFFE;
    41775 : FFFE;
    41776 : FFFF;
    41777 : FFFF;
    41778 : FFFF;
    41779 : 0001;
    41780 : 0004;
    41781 : 0005;
    41782 : 0006;
    41783 : 0006;
    41784 : 0006;
    41785 : 0004;
    41786 : 0002;
    41787 : 0002;
    41788 : 0002;
    41789 : 0002;
    41790 : 0002;
    41791 : 0000;
    41792 : FFFF;
    41793 : FFFF;
    41794 : FFFF;
    41795 : 0000;
    41796 : 0000;
    41797 : 0000;
    41798 : FFFF;
    41799 : FFFD;
    41800 : FFFC;
    41801 : FFFE;
    41802 : 0000;
    41803 : 0001;
    41804 : 0000;
    41805 : FFFF;
    41806 : FFFE;
    41807 : FFFE;
    41808 : FFFE;
    41809 : FFFE;
    41810 : FFFE;
    41811 : FFFD;
    41812 : FFFD;
    41813 : FFFD;
    41814 : FFFB;
    41815 : FFFB;
    41816 : FFFC;
    41817 : FFFD;
    41818 : FFFE;
    41819 : FFFD;
    41820 : FFFD;
    41821 : FFFD;
    41822 : FFFF;
    41823 : 0001;
    41824 : 0000;
    41825 : 0000;
    41826 : 0000;
    41827 : 0001;
    41828 : 0002;
    41829 : 0002;
    41830 : FFFF;
    41831 : FFFC;
    41832 : FFFC;
    41833 : FFFE;
    41834 : 0000;
    41835 : 0000;
    41836 : FFFE;
    41837 : FFFC;
    41838 : FFF9;
    41839 : FFF8;
    41840 : FFFA;
    41841 : FFFB;
    41842 : FFFC;
    41843 : FFFD;
    41844 : FFFC;
    41845 : FFFC;
    41846 : FFFB;
    41847 : FFFB;
    41848 : FFFE;
    41849 : 0000;
    41850 : 0000;
    41851 : 0000;
    41852 : FFFF;
    41853 : FFFD;
    41854 : FFFD;
    41855 : FFFD;
    41856 : FFFE;
    41857 : FFFE;
    41858 : FFFF;
    41859 : FFFF;
    41860 : FFFE;
    41861 : FFFE;
    41862 : FFFF;
    41863 : 0000;
    41864 : 0000;
    41865 : 0000;
    41866 : 0001;
    41867 : 0001;
    41868 : 0000;
    41869 : 0002;
    41870 : 0003;
    41871 : 0002;
    41872 : 0001;
    41873 : 0000;
    41874 : FFFF;
    41875 : FFFF;
    41876 : FFFF;
    41877 : FFFF;
    41878 : 0000;
    41879 : FFFF;
    41880 : FFFD;
    41881 : FFFC;
    41882 : FFFD;
    41883 : FFFF;
    41884 : FFFF;
    41885 : 0000;
    41886 : 0001;
    41887 : 0001;
    41888 : 0001;
    41889 : 0002;
    41890 : 0003;
    41891 : 0004;
    41892 : 0005;
    41893 : 0002;
    41894 : 0000;
    41895 : FFFE;
    41896 : FFFD;
    41897 : FFFF;
    41898 : FFFE;
    41899 : FFFD;
    41900 : 0000;
    41901 : 0002;
    41902 : 0001;
    41903 : 0001;
    41904 : FFFF;
    41905 : 0001;
    41906 : 0003;
    41907 : 0001;
    41908 : 0004;
    41909 : 0004;
    41910 : 0002;
    41911 : 0003;
    41912 : 0001;
    41913 : 0002;
    41914 : 0003;
    41915 : 0002;
    41916 : 0006;
    41917 : 0007;
    41918 : 0001;
    41919 : FFFF;
    41920 : 0001;
    41921 : 0002;
    41922 : 0003;
    41923 : 0004;
    41924 : 0003;
    41925 : 0002;
    41926 : 0002;
    41927 : 0001;
    41928 : 0000;
    41929 : 0000;
    41930 : FFFE;
    41931 : FFFB;
    41932 : FFFC;
    41933 : FFFD;
    41934 : FFFD;
    41935 : FFFA;
    41936 : FFFC;
    41937 : FFFF;
    41938 : FFFE;
    41939 : 0000;
    41940 : 0004;
    41941 : 0004;
    41942 : 0005;
    41943 : 0005;
    41944 : 0004;
    41945 : 0005;
    41946 : 0003;
    41947 : 0002;
    41948 : 0005;
    41949 : 0004;
    41950 : 0001;
    41951 : 0000;
    41952 : FFFF;
    41953 : FFFE;
    41954 : FFFD;
    41955 : FFFE;
    41956 : FFFE;
    41957 : FFFD;
    41958 : FFFD;
    41959 : FFFD;
    41960 : FFFF;
    41961 : 0001;
    41962 : 0000;
    41963 : 0000;
    41964 : 0002;
    41965 : 0003;
    41966 : 0003;
    41967 : 0002;
    41968 : 0002;
    41969 : 0002;
    41970 : 0000;
    41971 : FFFE;
    41972 : FFFD;
    41973 : FFFF;
    41974 : 0000;
    41975 : FFFE;
    41976 : FFFE;
    41977 : FFFE;
    41978 : FFFD;
    41979 : FFFD;
    41980 : FFFE;
    41981 : FFFF;
    41982 : 0001;
    41983 : 0001;
    41984 : 0001;
    41985 : 0001;
    41986 : 0004;
    41987 : 0008;
    41988 : 0005;
    41989 : 0002;
    41990 : 0002;
    41991 : 0001;
    41992 : 0000;
    41993 : FFFE;
    41994 : FFFD;
    41995 : FFFF;
    41996 : FFFF;
    41997 : FFFE;
    41998 : FFFE;
    41999 : FFFF;
    42000 : 0000;
    42001 : 0001;
    42002 : 0000;
    42003 : FFFF;
    42004 : 0000;
    42005 : 0003;
    42006 : 0002;
    42007 : 0002;
    42008 : 0004;
    42009 : 0003;
    42010 : 0003;
    42011 : 0003;
    42012 : 0003;
    42013 : 0003;
    42014 : 0001;
    42015 : 0001;
    42016 : 0000;
    42017 : FFFE;
    42018 : 0000;
    42019 : 0001;
    42020 : 0000;
    42021 : FFFF;
    42022 : FFFE;
    42023 : FFFE;
    42024 : FFFE;
    42025 : 0001;
    42026 : 0004;
    42027 : 0001;
    42028 : 0000;
    42029 : 0003;
    42030 : 0002;
    42031 : 0002;
    42032 : 0004;
    42033 : 0004;
    42034 : 0003;
    42035 : 0002;
    42036 : 0001;
    42037 : 0000;
    42038 : 0000;
    42039 : FFFF;
    42040 : FFFF;
    42041 : 0000;
    42042 : FFFF;
    42043 : FFFE;
    42044 : FFFE;
    42045 : FFFE;
    42046 : FFFF;
    42047 : 0000;
    42048 : FFFF;
    42049 : FFFF;
    42050 : 0000;
    42051 : 0001;
    42052 : 0002;
    42053 : 0001;
    42054 : 0001;
    42055 : 0002;
    42056 : 0000;
    42057 : FFFE;
    42058 : FFFF;
    42059 : 0001;
    42060 : 0001;
    42061 : 0000;
    42062 : 0000;
    42063 : 0002;
    42064 : 0003;
    42065 : FFFF;
    42066 : FFFE;
    42067 : FFFF;
    42068 : FFFD;
    42069 : FFFE;
    42070 : FFFE;
    42071 : FFFD;
    42072 : FFFD;
    42073 : FFFE;
    42074 : FFFF;
    42075 : FFFF;
    42076 : FFFF;
    42077 : FFFE;
    42078 : 0001;
    42079 : 0002;
    42080 : 0000;
    42081 : FFFD;
    42082 : FFFD;
    42083 : 0000;
    42084 : 0000;
    42085 : FFFF;
    42086 : 0002;
    42087 : 0001;
    42088 : FFFF;
    42089 : 0000;
    42090 : 0000;
    42091 : 0000;
    42092 : 0000;
    42093 : 0000;
    42094 : FFFF;
    42095 : FFFC;
    42096 : FFFE;
    42097 : 0002;
    42098 : 0001;
    42099 : 0001;
    42100 : 0003;
    42101 : 0003;
    42102 : 0003;
    42103 : 0001;
    42104 : 0000;
    42105 : 0001;
    42106 : 0001;
    42107 : 0000;
    42108 : FFFF;
    42109 : FFFF;
    42110 : FFFE;
    42111 : FFFE;
    42112 : FFFE;
    42113 : 0000;
    42114 : 0000;
    42115 : 0000;
    42116 : 0001;
    42117 : 0001;
    42118 : 0002;
    42119 : 0002;
    42120 : 0001;
    42121 : 0001;
    42122 : 0001;
    42123 : 0002;
    42124 : 0000;
    42125 : FFFF;
    42126 : 0004;
    42127 : 0005;
    42128 : 0001;
    42129 : 0000;
    42130 : 0000;
    42131 : 0000;
    42132 : FFFE;
    42133 : FFFC;
    42134 : FFFF;
    42135 : 0001;
    42136 : 0001;
    42137 : 0001;
    42138 : 0001;
    42139 : 0001;
    42140 : 0001;
    42141 : 0002;
    42142 : 0002;
    42143 : 0001;
    42144 : 0001;
    42145 : 0001;
    42146 : 0001;
    42147 : 0001;
    42148 : 0001;
    42149 : 0000;
    42150 : 0001;
    42151 : 0001;
    42152 : 0001;
    42153 : 0001;
    42154 : 0000;
    42155 : 0001;
    42156 : 0000;
    42157 : FFFD;
    42158 : FFFF;
    42159 : 0001;
    42160 : 0001;
    42161 : 0002;
    42162 : 0002;
    42163 : 0003;
    42164 : 0002;
    42165 : 0000;
    42166 : 0001;
    42167 : 0001;
    42168 : 0000;
    42169 : 0001;
    42170 : 0000;
    42171 : 0000;
    42172 : 0000;
    42173 : 0000;
    42174 : 0000;
    42175 : FFFF;
    42176 : 0000;
    42177 : FFFF;
    42178 : FFFF;
    42179 : FFFF;
    42180 : 0000;
    42181 : 0000;
    42182 : FFFF;
    42183 : FFFF;
    42184 : 0000;
    42185 : 0000;
    42186 : 0000;
    42187 : 0000;
    42188 : 0000;
    42189 : 0001;
    42190 : 0000;
    42191 : FFFF;
    42192 : 0000;
    42193 : 0000;
    42194 : FFFF;
    42195 : 0000;
    42196 : 0001;
    42197 : 0000;
    42198 : FFFF;
    42199 : FFFF;
    42200 : 0000;
    42201 : FFFF;
    42202 : 0000;
    42203 : 0001;
    42204 : 0000;
    42205 : 0000;
    42206 : 0001;
    42207 : 0000;
    42208 : 0000;
    42209 : 0000;
    42210 : 0000;
    42211 : 0000;
    42212 : 0000;
    42213 : FFFF;
    42214 : FFFF;
    42215 : 0000;
    42216 : FFFF;
    42217 : FFFE;
    42218 : 0000;
    42219 : 0001;
    42220 : 0000;
    42221 : 0000;
    42222 : 0000;
    42223 : 0000;
    42224 : 0001;
    42225 : 0001;
    42226 : 0000;
    42227 : 0000;
    42228 : 0001;
    42229 : 0001;
    42230 : 0001;
    42231 : 0001;
    42232 : 0001;
    42233 : 0002;
    42234 : 0001;
    42235 : 0000;
    42236 : 0000;
    42237 : 0001;
    42238 : 0001;
    42239 : 0001;
    42240 : 0001;
    42241 : 0002;
    42242 : 0002;
    42243 : 0002;
    42244 : 0002;
    42245 : 0001;
    42246 : 0002;
    42247 : 0002;
    42248 : 0000;
    42249 : 0000;
    42250 : 0001;
    42251 : 0001;
    42252 : 0001;
    42253 : 0000;
    42254 : 0000;
    42255 : 0001;
    42256 : FFFF;
    42257 : FFFF;
    42258 : 0000;
    42259 : 0001;
    42260 : 0001;
    42261 : 0001;
    42262 : 0001;
    42263 : 0001;
    42264 : 0001;
    42265 : FFFF;
    42266 : 0001;
    42267 : 0001;
    42268 : 0000;
    42269 : 0001;
    42270 : 0001;
    42271 : 0001;
    42272 : 0000;
    42273 : 0001;
    42274 : 0003;
    42275 : 0002;
    42276 : 0000;
    42277 : 0001;
    42278 : 0000;
    42279 : 0000;
    42280 : 0000;
    42281 : 0000;
    42282 : 0000;
    42283 : 0000;
    42284 : 0001;
    42285 : 0001;
    42286 : 0001;
    42287 : 0001;
    42288 : 0001;
    42289 : 0001;
    42290 : 0000;
    42291 : 0000;
    42292 : 0000;
    42293 : 0000;
    42294 : FFFF;
    42295 : FFFE;
    42296 : FFFF;
    42297 : 0001;
    42298 : 0001;
    42299 : 0001;
    42300 : 0000;
    42301 : 0000;
    42302 : 0000;
    42303 : FFFF;
    42304 : FFFE;
    42305 : FFFF;
    42306 : 0001;
    42307 : 0001;
    42308 : 0000;
    42309 : 0000;
    42310 : 0001;
    42311 : 0001;
    42312 : 0000;
    42313 : FFFF;
    42314 : FFFF;
    42315 : FFFF;
    42316 : 0000;
    42317 : FFFF;
    42318 : 0000;
    42319 : 0001;
    42320 : 0001;
    42321 : 0001;
    42322 : 0000;
    42323 : 0000;
    42324 : 0000;
    42325 : FFFF;
    42326 : FFFF;
    42327 : FFFF;
    42328 : FFFF;
    42329 : 0000;
    42330 : 0000;
    42331 : FFFF;
    42332 : 0000;
    42333 : 0000;
    42334 : 0000;
    42335 : 0000;
    42336 : 0000;
    42337 : 0000;
    42338 : 0000;
    42339 : 0000;
    42340 : 0000;
    42341 : 0000;
    42342 : 0000;
    42343 : 0000;
    42344 : FFFF;
    42345 : 0000;
    42346 : 0000;
    42347 : 0000;
    42348 : FFFF;
    42349 : FFFF;
    42350 : 0000;
    42351 : 0000;
    42352 : FFFF;
    42353 : 0000;
    42354 : 0000;
    42355 : 0000;
    42356 : 0000;
    42357 : 0001;
    42358 : 0000;
    42359 : FFFF;
    42360 : 0000;
    42361 : 0000;
    42362 : 0000;
    42363 : 0000;
    42364 : 0000;
    42365 : 0000;
    42366 : 0000;
    42367 : 0000;
    42368 : FFFF;
    42369 : FFFF;
    42370 : 0000;
    42371 : 0000;
    42372 : 0000;
    42373 : 0000;
    42374 : 0000;
    42375 : 0000;
    42376 : FFFF;
    42377 : FFFF;
    42378 : 0000;
    42379 : 0000;
    42380 : FFFF;
    42381 : 0000;
    42382 : 0001;
    42383 : 0001;
    42384 : 0000;
    42385 : 0000;
    42386 : 0001;
    42387 : 0000;
    42388 : 0000;
    42389 : FFFF;
    42390 : 0000;
    42391 : 0000;
    42392 : 0000;
    42393 : 0000;
    42394 : 0000;
    42395 : 0000;
    42396 : FFFF;
    42397 : FFFF;
    42398 : FFFF;
    42399 : 0000;
    42400 : 0000;
    42401 : FFFF;
    42402 : 0000;
    42403 : FFFF;
    42404 : 0000;
    42405 : 0000;
    42406 : 0000;
    42407 : 0000;
    42408 : 0000;
    42409 : 0000;
    42410 : 0001;
    42411 : 0000;
    42412 : 0000;
    42413 : 0000;
    42414 : FFFF;
    42415 : 0000;
    42416 : 0000;
    42417 : 0000;
    42418 : 0000;
    42419 : 0000;
    42420 : 0000;
    42421 : 0000;
    42422 : 0001;
    42423 : 0000;
    42424 : FFFF;
    42425 : 0000;
    42426 : 0000;
    42427 : FFFF;
    42428 : 0000;
    42429 : 0000;
    42430 : 0000;
    42431 : 0000;
    42432 : 0000;
    42433 : 0000;
    42434 : 0000;
    42435 : 0000;
    42436 : 0000;
    42437 : 0000;
    42438 : 0000;
    42439 : 0000;
    42440 : 0000;
    42441 : 0001;
    42442 : 0001;
    42443 : 0001;
    42444 : 0001;
    42445 : 0000;
    42446 : 0000;
    42447 : 0000;
    42448 : 0000;
    42449 : 0001;
    42450 : 0001;
    42451 : 0000;
    42452 : 0001;
    42453 : 0000;
    42454 : 0000;
    42455 : 0000;
    42456 : 0000;
    42457 : 0000;
    42458 : 0000;
    42459 : 0000;
    42460 : 0001;
    42461 : 0001;
    42462 : 0000;
    42463 : 0001;
    42464 : 0000;
    42465 : 0000;
    42466 : 0000;
    42467 : 0001;
    42468 : 0001;
    42469 : 0001;
    42470 : 0001;
    42471 : 0001;
    42472 : 0001;
    42473 : 0000;
    42474 : 0000;
    42475 : 0000;
    42476 : 0001;
    42477 : 0000;
    42478 : 0000;
    42479 : 0000;
    42480 : 0000;
    42481 : 0001;
    42482 : 0000;
    42483 : 0000;
    42484 : 0000;
    42485 : 0000;
    42486 : 0000;
    42487 : 0000;
    42488 : 0000;
    42489 : 0001;
    42490 : 0001;
    42491 : 0000;
    42492 : 0000;
    42493 : 0001;
    42494 : 0001;
    42495 : 0000;
    42496 : 0001;
    42497 : 0001;
    42498 : 0000;
    42499 : 0000;
    42500 : 0000;
    42501 : 0000;
    42502 : 0000;
    42503 : 0000;
    42504 : 0000;
    42505 : 0000;
    42506 : 0000;
    42507 : 0000;
    42508 : 0000;
    42509 : 0000;
    42510 : 0000;
    42511 : 0000;
    42512 : 0000;
    42513 : 0000;
    42514 : 0000;
    42515 : 0001;
    42516 : 0000;
    42517 : 0000;
    42518 : 0000;
    42519 : 0000;
    42520 : 0000;
    42521 : 0000;
    42522 : 0000;
    42523 : 0000;
    42524 : 0000;
    42525 : 0000;
    42526 : 0000;
    42527 : 0000;
    42528 : 0000;
    42529 : 0000;
    42530 : 0000;
    42531 : 0000;
    42532 : 0000;
    42533 : 0000;
    42534 : 0000;
    42535 : 0000;
    42536 : 0000;
    42537 : 0000;
    42538 : 0000;
    42539 : 0000;
    42540 : 0000;
    42541 : 0000;
    42542 : 0000;
    42543 : 0000;
    42544 : 0000;
    42545 : 0000;
    42546 : 0000;
    42547 : 0000;
    42548 : 0000;
    42549 : 0000;
    42550 : 0000;
    42551 : 0000;
    42552 : 0000;
    42553 : FFFF;
    42554 : 0000;
    42555 : 0000;
    42556 : 0000;
    42557 : 0000;
    42558 : 0000;
    42559 : 0000;
    42560 : 0000;
    42561 : FFFF;
    42562 : 0000;
    42563 : 0000;
    42564 : 0000;
    42565 : 0000;
    42566 : 0000;
    42567 : 0000;
    42568 : 0000;
    42569 : 0000;
    42570 : 0000;
    42571 : FFFF;
    42572 : 0000;
    42573 : 0000;
    42574 : 0000;
    42575 : 0000;
    42576 : FFFF;
    42577 : 0000;
    42578 : 0000;
    42579 : 0000;
    42580 : 0000;
    42581 : 0000;
    42582 : 0000;
    42583 : 0000;
    42584 : 0000;
    42585 : 0000;
    42586 : FFFF;
    42587 : 0000;
    42588 : 0000;
    42589 : 0000;
    42590 : 0000;
    42591 : 0000;
    42592 : 0000;
    42593 : 0000;
    42594 : 0000;
    42595 : 0000;
    42596 : 0000;
    42597 : FFFF;
    42598 : 0000;
    42599 : 0000;
    42600 : 0000;
    42601 : 0000;
    42602 : 0000;
    42603 : 0000;
    42604 : FFFF;
    42605 : FFFF;
    42606 : FFFF;
    42607 : 0000;
    42608 : 0000;
    42609 : FFFF;
    42610 : 0000;
    42611 : 0000;
    42612 : FFFF;
    42613 : 0000;
    42614 : 0000;
    42615 : 0000;
    42616 : 0000;
    42617 : 0000;
    42618 : 0000;
    42619 : 0000;
    42620 : 0000;
    42621 : 0000;
    42622 : 0000;
    42623 : FFFF;
    42624 : 0000;
    42625 : 0000;
    42626 : 0000;
    42627 : 0000;
    42628 : 0000;
    42629 : 0000;
    42630 : FFFF;
    42631 : FFFF;
    42632 : 0000;
    42633 : 0000;
    42634 : 0000;
    42635 : 0000;
    42636 : 0000;
    42637 : 0000;
    42638 : 0000;
    42639 : 0000;
    42640 : 0000;
    42641 : 0000;
    42642 : 0000;
    42643 : 0000;
    42644 : FFFF;
    42645 : FFFF;
    42646 : 0000;
    42647 : 0000;
    42648 : FFFF;
    42649 : FFFF;
    42650 : 0000;
    42651 : 0000;
    42652 : 0000;
    42653 : FFFF;
    42654 : 0000;
    42655 : 0000;
    42656 : 0000;
    42657 : 0000;
    42658 : 0000;
    42659 : 0000;
    42660 : 0000;
    42661 : 0000;
    42662 : 0000;
    42663 : 0000;
    42664 : 0000;
    42665 : 0000;
    42666 : 0000;
    42667 : 0000;
    42668 : 0000;
    42669 : 0000;
    42670 : 0000;
    42671 : 0000;
    42672 : 0000;
    42673 : FFFF;
    42674 : 0000;
    42675 : 0000;
    42676 : 0000;
    42677 : 0000;
    42678 : FFFF;
    42679 : 0000;
    42680 : 0000;
    42681 : 0000;
    42682 : 0000;
    42683 : 0000;
    42684 : 0000;
    42685 : 0000;
    42686 : 0000;
    42687 : 0000;
    42688 : 0000;
    42689 : 0000;
    42690 : 0000;
    42691 : 0000;
    42692 : 0000;
    42693 : 0000;
    42694 : 0000;
    42695 : 0000;
    42696 : 0000;
    42697 : 0000;
    42698 : 0000;
    42699 : 0000;
    42700 : 0000;
    42701 : 0000;
    42702 : 0000;
    42703 : 0000;
    42704 : 0000;
    42705 : 0000;
    42706 : 0000;
    42707 : 0000;
    42708 : 0000;
    42709 : 0000;
    42710 : 0000;
    42711 : 0000;
    42712 : 0000;
    42713 : 0000;
    42714 : 0000;
    42715 : 0000;
    42716 : 0000;
    42717 : 0000;
    42718 : 0000;
    42719 : 0000;
    42720 : 0000;
    42721 : 0000;
    42722 : 0000;
    42723 : 0000;
    42724 : 0000;
    42725 : 0000;
    42726 : 0000;
    42727 : 0000;
    42728 : 0000;
    42729 : 0000;
    42730 : 0000;
    42731 : 0000;
    42732 : 0000;
    42733 : 0000;
    42734 : 0000;
    42735 : 0000;
    42736 : 0000;
    42737 : 0000;
    42738 : 0000;
    42739 : 0000;
    42740 : 0000;
    42741 : 0000;
    42742 : 0000;
    42743 : 0000;
    42744 : 0000;
    42745 : 0000;
    42746 : 0000;
    42747 : 0000;
    42748 : 0000;
    42749 : 0000;
    42750 : 0000;
    42751 : 0000;
    42752 : 0000;
    42753 : 0000;
    42754 : 0000;
    42755 : 0000;
    42756 : 0000;
    42757 : 0000;
    42758 : 0000;
    42759 : 0000;
    42760 : 0000;
    42761 : 0000;
    42762 : 0000;
    42763 : 0000;
    42764 : 0000;
    42765 : 0000;
    42766 : 0000;
    42767 : 0000;
    42768 : 0000;
    42769 : 0000;
    42770 : 0000;
    42771 : 0000;
    42772 : 0000;
    42773 : 0000;
    42774 : 0000;
    42775 : 0000;
    42776 : 0000;
    42777 : 0000;
    42778 : 0000;
    42779 : 0000;
    42780 : 0000;
    42781 : 0000;
    42782 : 0000;
    42783 : 0000;
    42784 : 0000;
    42785 : 0000;
    42786 : 0000;
    42787 : 0000;
    42788 : 0000;
    42789 : 0000;
    42790 : 0000;
    42791 : 0001;
    42792 : 0000;
    42793 : 0000;
    42794 : 0000;
    42795 : 0000;
    42796 : 0000;
    42797 : 0000;
    42798 : 0000;
    42799 : 0000;
    42800 : 0000;
    42801 : 0000;
    42802 : 0000;
    42803 : 0000;
    42804 : 0000;
    42805 : 0000;
    42806 : 0000;
    42807 : 0000;
    42808 : 0000;
    42809 : 0000;
    42810 : 0000;
    42811 : 0000;
    42812 : 0000;
    42813 : 0000;
    42814 : 0000;
    42815 : 0000;
    42816 : 0000;
    42817 : 0000;
    42818 : 0000;
    42819 : 0000;
    42820 : 0000;
    42821 : 0000;
    42822 : 0000;
    42823 : 0000;
    42824 : 0000;
    42825 : 0000;
    42826 : 0000;
    42827 : 0000;
    42828 : 0000;
    42829 : 0000;
    42830 : 0000;
    42831 : 0000;
    42832 : 0000;
    42833 : 0000;
    42834 : 0000;
    42835 : 0000;
    42836 : 0000;
    42837 : 0000;
    42838 : 0000;
    42839 : 0000;
    42840 : 0000;
    42841 : 0000;
    42842 : 0000;
    42843 : 0000;
    42844 : 0000;
    42845 : 0000;
    42846 : 0000;
    42847 : 0000;
    42848 : 0000;
    42849 : 0000;
    42850 : 0000;
    42851 : 0000;
    42852 : 0000;
    42853 : 0000;
    42854 : 0000;
    42855 : 0000;
    42856 : 0000;
    42857 : 0000;
    42858 : 0000;
    42859 : 0000;
    42860 : 0000;
    42861 : 0000;
    42862 : 0000;
    42863 : 0000;
    42864 : 0000;
    42865 : 0000;
    42866 : 0000;
    42867 : 0000;
    42868 : 0000;
    42869 : 0000;
    42870 : 0000;
    42871 : 0000;
    42872 : 0000;
    42873 : 0000;
    42874 : 0000;
    42875 : 0000;
    42876 : 0000;
    42877 : 0000;
    42878 : 0000;
    42879 : 0000;
    42880 : 0000;
    42881 : 0000;
    42882 : 0000;
    42883 : 0000;
    42884 : 0000;
    42885 : 0000;
    42886 : 0000;
    42887 : 0000;
    42888 : 0000;
    42889 : 0000;
    42890 : 0000;
    42891 : 0000;
    42892 : 0000;
    42893 : 0000;
    42894 : 0000;
    42895 : 0000;
    42896 : 0000;
    42897 : FFFF;
    42898 : 0000;
    42899 : 0000;
    42900 : 0000;
    42901 : 0000;
    42902 : 0000;
    42903 : 0000;
    42904 : 0000;
    42905 : 0000;
    42906 : 0000;
    42907 : 0000;
    42908 : 0000;
    42909 : 0000;
    42910 : 0000;
    42911 : 0000;
    42912 : 0000;
    42913 : 0000;
    42914 : 0000;
    42915 : 0000;
    42916 : 0000;
    42917 : 0000;
    42918 : 0000;
    42919 : 0000;
    42920 : 0000;
    42921 : 0000;
    42922 : 0000;
    42923 : 0000;
    42924 : 0000;
    42925 : 0000;
    42926 : 0000;
    42927 : 0000;
    42928 : 0000;
    42929 : 0000;
    42930 : 0000;
    42931 : 0000;
    42932 : 0000;
    42933 : 0000;
    42934 : 0000;
    42935 : 0000;
    42936 : 0000;
    42937 : 0000;
    42938 : 0000;
    42939 : 0000;
    42940 : 0000;
    42941 : 0000;
    42942 : 0000;
    42943 : 0000;
    42944 : 0000;
    42945 : 0000;
    42946 : 0000;
    42947 : 0000;
    42948 : 0000;
    42949 : 0000;
    42950 : 0000;
    42951 : 0000;
    42952 : 0000;
    42953 : 0000;
    42954 : 0000;
    42955 : 0000;
    42956 : 0000;
    42957 : 0000;
    42958 : 0000;
    42959 : 0000;
    42960 : 0000;
    42961 : 0000;
    42962 : 0000;
    42963 : 0000;
    42964 : 0000;
    42965 : 0000;
    42966 : 0000;
    42967 : 0000;
    42968 : 0000;
    42969 : 0000;
    42970 : 0000;
    42971 : 0000;
    42972 : 0000;
    42973 : 0000;
    42974 : 0000;
    42975 : 0000;
    42976 : 0000;
    42977 : 0000;
    42978 : 0000;
    42979 : 0000;
    42980 : 0000;
    42981 : 0000;
    42982 : 0000;
    42983 : 0000;
    42984 : 0000;
    42985 : 0000;
    42986 : 0000;
    42987 : 0000;
    42988 : 0000;
    42989 : 0000;
    42990 : 0000;
    42991 : 0000;
    42992 : 0000;
    42993 : 0000;
    42994 : 0000;
    42995 : 0000;
    42996 : 0000;
    42997 : 0000;
    42998 : 0000;
    42999 : 0000;
    43000 : 0000;
    43001 : 0000;
    43002 : 0000;
    43003 : 0000;
    43004 : 0000;
    43005 : 0000;
    43006 : 0000;
    43007 : 0000;
    43008 : 0000;
    43009 : 0000;
    43010 : 0000;
    43011 : 0000;
    43012 : 0000;
    43013 : 0000;
    43014 : 0000;
    43015 : 0000;
    43016 : 0000;
    43017 : 0000;
    43018 : 0000;
    43019 : 0000;
    43020 : 0000;
    43021 : 0000;
    43022 : 0000;
    43023 : 0000;
    43024 : 0000;
    43025 : 0000;
    43026 : 0000;
    43027 : 0000;
    43028 : 0000;
    43029 : 0000;
    43030 : 0000;
    43031 : 0000;
    43032 : 0000;
    43033 : 0000;
    43034 : 0000;
    43035 : 0000;
    43036 : 0000;
    43037 : 0000;
    43038 : 0000;
    43039 : 0000;
    43040 : 0000;
    43041 : 0000;
    43042 : 0000;
    43043 : 0000;
    43044 : 0000;
    43045 : 0000;
    43046 : 0000;
    43047 : 0000;
    43048 : 0000;
    43049 : 0000;
    43050 : 0000;
    43051 : 0000;
    43052 : 0000;
    43053 : 0000;
    43054 : 0000;
    43055 : 0000;
    43056 : 0000;
    43057 : 0000;
    43058 : 0000;
    43059 : 0000;
    43060 : 0000;
    43061 : 0000;
    43062 : 0000;
    43063 : 0000;
    43064 : 0000;
    43065 : 0000;
    43066 : 0000;
    43067 : 0000;
    43068 : 0000;
    43069 : 0000;
    43070 : 0000;
    43071 : 0000;
    43072 : 0000;
    43073 : 0000;
    43074 : 0000;
    43075 : 0000;
    43076 : 0000;
    43077 : 0000;
    43078 : 0000;
    43079 : 0000;
    43080 : 0000;
    43081 : 0000;
    43082 : 0000;
    43083 : 0000;
    43084 : 0000;
    43085 : 0000;
    43086 : 0000;
    43087 : 0000;
    43088 : 0000;
    43089 : 0000;
    43090 : 0000;
    43091 : 0000;
    43092 : 0000;
    43093 : 0000;
    43094 : 0000;
    43095 : 0000;
    43096 : 0000;
    43097 : 0000;
    43098 : 0000;
    43099 : 0000;
    43100 : 0000;
    43101 : 0000;
    43102 : 0000;
    43103 : 0000;
    43104 : 0000;
    43105 : 0000;
    43106 : 0000;
    43107 : 0000;
    43108 : 0000;
    43109 : 0000;
    43110 : 0000;
    43111 : 0000;
    43112 : 0000;
    43113 : 0000;
    43114 : 0000;
    43115 : 0000;
    43116 : 0000;
    43117 : 0000;
    43118 : 0000;
    43119 : 0000;
    43120 : 0000;
    43121 : 0000;
    43122 : 0000;
    43123 : 0000;
    43124 : 0000;
    43125 : 0000;
    43126 : 0000;
    43127 : 0000;
    43128 : 0000;
    43129 : 0000;
    43130 : 0000;
    43131 : 0000;
    43132 : 0000;
    43133 : 0000;
    43134 : 0000;
    43135 : 0000;
    43136 : 0000;
    43137 : 0000;
    43138 : 0000;
    43139 : 0000;
    43140 : 0000;
    43141 : 0000;
    43142 : 0000;
    43143 : 0000;
    43144 : 0000;
    43145 : 0000;
    43146 : 0000;
    43147 : 0000;
    43148 : 0000;
    43149 : 0000;
    43150 : 0000;
    43151 : 0000;
    43152 : 0000;
    43153 : 0000;
    43154 : 0000;
    43155 : 0000;
    43156 : 0000;
    43157 : 0000;
    43158 : 0000;
    43159 : 0000;
    43160 : 0000;
    43161 : 0000;
    43162 : 0000;
    43163 : 0000;
    43164 : 0000;
    43165 : 0000;
    43166 : 0000;
    43167 : 0000;
    43168 : 0000;
    43169 : 0000;
    43170 : 0000;
    43171 : 0000;
    43172 : 0000;
    43173 : 0000;
    43174 : 0000;
    43175 : 0000;
    43176 : 0000;
    43177 : 0000;
    43178 : 0000;
    43179 : 0000;
    43180 : 0000;
    43181 : 0000;
    43182 : 0000;
    43183 : 0000;
    43184 : 0000;
    43185 : 0000;
    43186 : 0000;
    43187 : 0000;
    43188 : 0000;
    43189 : 0000;
    43190 : 0000;
    43191 : 0000;
    43192 : 0000;
    43193 : 0000;
    43194 : 0000;
    43195 : 0000;
    43196 : 0000;
    43197 : 0000;
    43198 : 0000;
    43199 : 0000;
    43200 : 0000;
    43201 : 0000;
    43202 : 0000;
    43203 : 0000;
    43204 : 0000;
    43205 : 0000;
    43206 : 0000;
    43207 : 0000;
    43208 : 0000;
    43209 : 0000;
    43210 : 0000;
    43211 : 0000;
    43212 : 0000;
    43213 : 0000;
    43214 : 0000;
    43215 : 0000;
    43216 : 0000;
    43217 : 0000;
    43218 : 0000;
    43219 : 0000;
    43220 : 0000;
    43221 : 0000;
    43222 : 0000;
    43223 : 0000;
    43224 : 0000;
    43225 : 0000;
    43226 : 0000;
    43227 : 0000;
    43228 : 0000;
    43229 : 0000;
    43230 : 0000;
    43231 : 0000;
    43232 : 0000;
    43233 : 0000;
    43234 : 0000;
    43235 : 0000;
    43236 : 0000;
    43237 : 0000;
    43238 : 0000;
    43239 : 0000;
    43240 : 0000;
    43241 : 0000;
    43242 : 0000;
    43243 : 0000;
    43244 : 0000;
    43245 : 0000;
    43246 : 0000;
    43247 : 0000;
    43248 : 0000;
    43249 : 0000;
    43250 : 0000;
    43251 : 0000;
    43252 : 0000;
    43253 : 0000;
    43254 : 0000;
    43255 : 0000;
    43256 : 0000;
    43257 : 0000;
    43258 : 0000;
    43259 : 0000;
    43260 : 0000;
    43261 : 0000;
    43262 : 0000;
    43263 : 0000;
    43264 : 0000;
    43265 : 0000;
    43266 : 0000;
    43267 : 0000;
    43268 : 0000;
    43269 : 0000;
    43270 : 0000;
    43271 : 0000;
    43272 : 0000;
    43273 : 0000;
    43274 : 0000;
    43275 : 0000;
    43276 : 0000;
    43277 : 0000;
    43278 : 0000;
    43279 : 0000;
    43280 : 0000;
    43281 : 0000;
    43282 : 0000;
    43283 : 0000;
    43284 : 0000;
    43285 : 0000;
    43286 : 0000;
    43287 : 0000;
    43288 : 0000;
    43289 : 0000;
    43290 : 0000;
    43291 : 0000;
    43292 : 0000;
    43293 : 0000;
    43294 : 0000;
    43295 : 0000;
    43296 : 0000;
    43297 : 0000;
    43298 : 0000;
    43299 : 0000;
    43300 : 0000;
    43301 : 0000;
    43302 : 0000;
    43303 : 0000;
    43304 : 0000;
    43305 : 0000;
    43306 : 0000;
    43307 : 0000;
    43308 : 0000;
    43309 : 0000;
    43310 : 0000;
    43311 : 0000;
    43312 : 0000;
    43313 : 0000;
    43314 : 0000;
    43315 : 0000;
    43316 : 0000;
    43317 : 0000;
    43318 : 0000;
    43319 : 0000;
    43320 : 0000;
    43321 : 0000;
    43322 : 0000;
    43323 : 0000;
    43324 : 0000;
    43325 : 0000;
    43326 : 0000;
    43327 : 0000;
    43328 : 0000;
    43329 : 0000;
    43330 : 0000;
    43331 : 0000;
    43332 : 0000;
    43333 : 0000;
    43334 : 0000;
    43335 : 0000;
    43336 : 0000;
    43337 : 0000;
    43338 : 0000;
    43339 : 0000;
    43340 : 0000;
    43341 : 0000;
    43342 : 0000;
    43343 : 0000;
    43344 : 0000;
    43345 : 0000;
    43346 : 0000;
    43347 : 0000;
    43348 : 0000;
    43349 : 0000;
    43350 : 0000;
    43351 : 0000;
    43352 : 0000;
    43353 : 0000;
    43354 : 0000;
    43355 : 0000;
    43356 : 0000;
    43357 : 0000;
    43358 : 0000;
    43359 : 0000;
    43360 : 0000;
    43361 : 0000;
    43362 : 0000;
    43363 : 0000;
    43364 : 0000;
    43365 : 0000;
    43366 : 0000;
    43367 : 0000;
    43368 : 0000;
    43369 : 0000;
    43370 : 0000;
    43371 : 0000;
    43372 : 0000;
    43373 : 0000;
    43374 : 0000;
    43375 : 0000;
    43376 : 0000;
    43377 : 0000;
    43378 : 0000;
    43379 : 0000;
    43380 : 0000;
    43381 : 0000;
    43382 : 0000;
    43383 : 0000;
    43384 : 0000;
    43385 : 0000;
    43386 : 0000;
    43387 : 0000;
    43388 : 0000;
    43389 : 0000;
    43390 : 0000;
    43391 : 0000;
    43392 : 0000;
    43393 : 0000;
    43394 : 0000;
    43395 : 0000;
    43396 : 0000;
    43397 : 0000;
    43398 : 0000;
    43399 : 0000;
    43400 : 0000;
    43401 : 0000;
    43402 : 0000;
    43403 : 0000;
    43404 : 0000;
    43405 : 0000;
    43406 : 0000;
    43407 : 0000;
    43408 : 0000;
    43409 : 0000;
    43410 : 0000;
    43411 : 0000;
    43412 : 0000;
    43413 : 0000;
    43414 : 0000;
    43415 : 0000;
    43416 : 0000;
    43417 : 0000;
    43418 : 0000;
    43419 : 0000;
    43420 : 0000;
    43421 : 0000;
    43422 : 0000;
    43423 : 0000;
    43424 : 0000;
    43425 : 0000;
    43426 : 0000;
    43427 : 0000;
    43428 : 0000;
    43429 : 0000;
    43430 : 0000;
    43431 : 0000;
    43432 : 0000;
    43433 : 0000;
    43434 : 0000;
    43435 : 0000;
    43436 : 0000;
    43437 : 0000;
    43438 : 0000;
    43439 : 0000;
    43440 : 0000;
    43441 : 0000;
    43442 : 0000;
    43443 : 0000;
    43444 : 0000;
    43445 : 0000;
    43446 : 0000;
    43447 : 0000;
    43448 : 0000;
    43449 : 0000;
    43450 : 0000;
    43451 : 0000;
    43452 : 0000;
    43453 : 0000;
    43454 : 0000;
    43455 : 0000;
    43456 : 0000;
    43457 : 0000;
    43458 : 0000;
    43459 : 0000;
    43460 : 0000;
    43461 : 0000;
    43462 : 0000;
    43463 : 0000;
    43464 : 0000;
    43465 : 0000;
    43466 : 0000;
    43467 : 0000;
    43468 : 0000;
    43469 : 0000;
    43470 : 0000;
    43471 : 0000;
    43472 : 0000;
    43473 : 0000;
    43474 : 0000;
    43475 : 0000;
    43476 : 0000;
    43477 : 0000;
    43478 : 0000;
    43479 : 0000;
    43480 : 0000;
    43481 : 0000;
    43482 : 0000;
    43483 : 0000;
    43484 : 0000;
    43485 : 0000;
    43486 : 0000;
    43487 : 0000;
    43488 : 0000;
    43489 : 0000;
    43490 : 0000;
    43491 : 0000;
    43492 : 0000;
    43493 : 0000;
    43494 : 0000;
    43495 : 0000;
    43496 : 0000;
    43497 : 0000;
    43498 : 0000;
    43499 : 0000;
    43500 : 0000;
    43501 : 0000;
    43502 : 0000;
    43503 : 0000;
    43504 : 0000;
    43505 : 0000;
    43506 : 0000;
    43507 : 0000;
    43508 : 0000;
    43509 : 0000;
    43510 : 0000;
    43511 : 0000;
    43512 : 0000;
    43513 : 0000;
    43514 : 0000;
    43515 : 0000;
    43516 : 0000;
    43517 : 0000;
    43518 : 0000;
    43519 : 0000;
    43520 : 0000;
    43521 : 0000;
    43522 : 0000;
    43523 : 0000;
    43524 : 0000;
    43525 : 0000;
    43526 : 0000;
    43527 : 0000;
    43528 : 0000;
    43529 : 0000;
    43530 : 0000;
    43531 : 0000;
    43532 : 0000;
    43533 : 0000;
    43534 : 0000;
    43535 : 0000;
    43536 : 0000;
    43537 : 0000;
    43538 : 0000;
    43539 : 0000;
    43540 : 0000;
    43541 : 0000;
    43542 : 0000;
    43543 : 0000;
    43544 : 0000;
    43545 : 0000;
    43546 : 0000;
    43547 : 0000;
    43548 : 0000;
    43549 : 0000;
    43550 : 0000;
    43551 : 0000;
    43552 : 0000;
    43553 : 0000;
    43554 : 0000;
    43555 : 0000;
    43556 : 0000;
    43557 : 0000;
    43558 : 0000;
    43559 : 0000;
    43560 : 0000;
    43561 : 0000;
    43562 : 0000;
    43563 : 0000;
    43564 : 0000;
    43565 : 0000;
    43566 : 0000;
    43567 : 0000;
    43568 : 0000;
    43569 : 0000;
    43570 : 0000;
    43571 : 0000;
    43572 : 0000;
    43573 : 0000;
    43574 : 0000;
    43575 : 0000;
    43576 : 0000;
    43577 : 0000;
    43578 : 0000;
    43579 : 0000;
    43580 : 0000;
    43581 : 0000;
    43582 : 0000;
    43583 : 0000;
    43584 : 0000;
    43585 : 0000;
    43586 : 0000;
    43587 : 0000;
    43588 : 0000;
    43589 : 0000;
    43590 : 0000;
    43591 : 0000;
    43592 : 0000;
    43593 : 0000;
    43594 : 0000;
    43595 : 0000;
    43596 : 0000;
    43597 : 0000;
    43598 : 0000;
    43599 : 0000;
    43600 : 0000;
    43601 : 0000;
    43602 : 0000;
    43603 : 0000;
    43604 : 0000;
    43605 : 0000;
    43606 : 0000;
    43607 : 0000;
    43608 : 0000;
    43609 : 0000;
    43610 : 0000;
    43611 : 0000;
    43612 : 0000;
    43613 : 0000;
    43614 : 0000;
    43615 : 0000;
    43616 : 0000;
    43617 : 0000;
    43618 : 0000;
    43619 : 0000;
    43620 : 0000;
    43621 : 0000;
    43622 : 0000;
    43623 : 0000;
    43624 : 0000;
    43625 : 0000;
    43626 : 0000;
    43627 : 0000;
    43628 : 0000;
    43629 : 0000;
    43630 : 0000;
    43631 : 0000;
    43632 : 0000;
    43633 : 0000;
    43634 : 0000;
    43635 : 0000;
    43636 : 0000;
    43637 : 0000;
    43638 : 0000;
    43639 : 0000;
    43640 : 0000;
    43641 : 0000;
    43642 : 0000;
    43643 : 0000;
    43644 : 0000;
    43645 : 0000;
    43646 : 0000;
    43647 : 0000;
    43648 : 0000;
    43649 : 0000;
    43650 : 0000;
    43651 : 0000;
    43652 : 0000;
    43653 : 0000;
    43654 : 0000;
    43655 : 0000;
    43656 : 0000;
    43657 : 0000;
    43658 : 0000;
    43659 : 0000;
    43660 : 0000;
    43661 : 0000;
    43662 : 0000;
    43663 : 0000;
    43664 : 0000;
    43665 : 0000;
    43666 : 0000;
    43667 : 0000;
    43668 : 0000;
    43669 : 0000;
    43670 : 0000;
    43671 : 0000;
    43672 : 0000;
    43673 : 0000;
    43674 : 0000;
    43675 : 0000;
    43676 : 0000;
    43677 : 0000;
    43678 : 0000;
    43679 : 0000;
    43680 : 0000;
    43681 : 0000;
    43682 : 0000;
    43683 : 0000;
    43684 : 0000;
    43685 : 0000;
    43686 : 0000;
    43687 : 0000;
    43688 : 0000;
    43689 : 0000;
    43690 : 0000;
    43691 : 0000;
    43692 : 0000;
    43693 : 0000;
    43694 : 0000;
    43695 : 0000;
    43696 : 0000;
    43697 : 0000;
    43698 : 0000;
    43699 : 0000;
    43700 : 0000;
    43701 : 0000;
    43702 : 0000;
    43703 : 0000;
    43704 : 0000;
    43705 : 0000;
    43706 : 0000;
    43707 : 0000;
    43708 : 0000;
    43709 : 0000;
    43710 : 0000;
    43711 : 0000;
    43712 : 0000;
    43713 : 0000;
    43714 : 0000;
    43715 : 0000;
    43716 : 0000;
    43717 : 0000;
    43718 : 0000;
    43719 : 0000;
    43720 : 0000;
    43721 : 0000;
    43722 : 0000;
    43723 : 0000;
    43724 : 0000;
    43725 : 0000;
    43726 : 0000;
    43727 : 0000;
    43728 : 0000;
    43729 : 0000;
    43730 : 0000;
    43731 : 0000;
    43732 : 0000;
    43733 : 0000;
    43734 : 0000;
    43735 : 0000;
    43736 : 0000;
    43737 : 0000;
    43738 : 0000;
    43739 : 0000;
    43740 : 0000;
    43741 : 0000;
    43742 : 0000;
    43743 : 0000;
    43744 : 0000;
    43745 : 0000;
    43746 : 0000;
    43747 : 0000;
    43748 : 0000;
    43749 : 0000;
    43750 : 0000;
    43751 : 0000;
    43752 : 0000;
    43753 : 0000;
    43754 : 0000;
    43755 : 0000;
    43756 : 0000;
    43757 : 0000;
    43758 : 0000;
    43759 : 0000;
    43760 : 0000;
    43761 : 0000;
    43762 : 0000;
    43763 : 0000;
    43764 : 0000;
    43765 : 0000;
    43766 : 0000;
    43767 : 0000;
    43768 : 0000;
    43769 : 0000;
    43770 : 0000;
    43771 : 0000;
    43772 : 0000;
    43773 : 0000;
    43774 : 0000;
    43775 : 0000;
    43776 : 0000;
    43777 : 0000;
    43778 : 0000;
    43779 : 0000;
    43780 : 0000;
    43781 : 0000;
    43782 : 0000;
    43783 : 0000;
    43784 : 0000;
    43785 : 0000;
    43786 : 0000;
    43787 : 0000;
    43788 : 0000;
    43789 : 0000;
    43790 : 0000;
    43791 : 0000;
    43792 : 0000;
    43793 : 0000;
    43794 : 0000;
    43795 : 0000;
    43796 : 0000;
    43797 : 0000;
    43798 : 0000;
    43799 : 0000;
    43800 : 0000;
    43801 : 0000;
    43802 : 0000;
    43803 : 0000;
    43804 : 0000;
    43805 : 0000;
    43806 : 0000;
    43807 : 0000;
    43808 : 0000;
    43809 : 0000;
    43810 : 0000;
    43811 : 0000;
    43812 : 0000;
    43813 : 0000;
    43814 : 0000;
    43815 : 0000;
    43816 : 0000;
    43817 : 0000;
    43818 : 0000;
    43819 : 0000;
    43820 : 0000;
    43821 : 0000;
    43822 : 0000;
    43823 : 0000;
    43824 : 0000;
    43825 : 0000;
    43826 : 0000;
    43827 : 0000;
    43828 : 0000;
    43829 : 0000;
    43830 : 0000;
    43831 : 0000;
    43832 : 0000;
    43833 : 0000;
    43834 : 0000;
    43835 : 0000;
    43836 : 0000;
    43837 : 0000;
    43838 : 0000;
    43839 : 0000;
    43840 : 0000;
    43841 : 0000;
    43842 : 0000;
    43843 : 0000;
    43844 : 0000;
    43845 : 0000;
    43846 : 0000;
    43847 : 0000;
    43848 : 0000;
    43849 : 0000;
    43850 : 0000;
    43851 : 0000;
    43852 : 0000;
    43853 : 0000;
    43854 : 0000;
    43855 : 0000;
    43856 : 0000;
    43857 : 0000;
    43858 : 0000;
    43859 : 0000;
    43860 : 0000;
    43861 : 0000;
    43862 : 0000;
    43863 : 0000;
    43864 : 0000;
    43865 : 0000;
    43866 : 0000;
    43867 : 0000;
    43868 : 0000;
    43869 : 0000;
    43870 : 0000;
    43871 : 0000;
    43872 : 0000;
    43873 : 0000;
    43874 : 0000;
    43875 : 0000;
    43876 : 0000;
    43877 : 0000;
    43878 : 0000;
    43879 : 0000;
    43880 : 0000;
    43881 : 0000;
    43882 : 0000;
    43883 : 0000;
    43884 : 0000;
    43885 : 0000;
    43886 : 0000;
    43887 : 0000;
    43888 : 0000;
    43889 : 0000;
    43890 : 0000;
    43891 : 0000;
    43892 : 0000;
    43893 : 0000;
    43894 : 0000;
    43895 : 0000;
    43896 : 0000;
    43897 : 0000;
    43898 : 0000;
    43899 : 0000;
    43900 : 0000;
    43901 : 0000;
    43902 : 0000;
    43903 : 0000;
    43904 : 0000;
    43905 : 0000;
    43906 : 0000;
    43907 : 0000;
    43908 : 0000;
    43909 : 0000;
    43910 : 0000;
    43911 : 0000;
    43912 : 0000;
    43913 : 0000;
    43914 : 0000;
    43915 : 0000;
    43916 : 0000;
    43917 : 0000;
    43918 : 0000;
    43919 : 0000;
    43920 : 0000;
    43921 : 0000;
    43922 : 0000;
    43923 : 0000;
    43924 : 0000;
    43925 : 0000;
    43926 : 0000;
    43927 : 0000;
    43928 : 0000;
    43929 : 0000;
    43930 : 0000;
    43931 : 0000;
    43932 : 0000;
    43933 : 0000;
    43934 : 0000;
    43935 : 0000;
    43936 : 0000;
    43937 : 0000;
    43938 : 0000;
    43939 : 0000;
    43940 : 0000;
    43941 : 0000;
    43942 : 0000;
    43943 : 0000;
    43944 : 0000;
    43945 : 0000;
    43946 : 0000;
    43947 : 0000;
    43948 : 0000;
    43949 : 0000;
    43950 : 0000;
    43951 : 0000;
    43952 : 0000;
    43953 : 0000;
    43954 : 0000;
    43955 : 0000;
    43956 : 0000;
    43957 : 0000;
    43958 : 0000;
    43959 : 0000;
    43960 : 0000;
    43961 : 0000;
    43962 : 0000;
    43963 : 0000;
    43964 : 0000;
    43965 : 0000;
    43966 : 0000;
    43967 : 0000;
    43968 : 0000;
    43969 : 0000;
    43970 : 0000;
    43971 : 0000;
    43972 : 0000;
    43973 : 0000;
    43974 : 0000;
    43975 : 0000;
    43976 : 0000;
    43977 : 0000;
    43978 : 0000;
    43979 : 0000;
    43980 : 0000;
    43981 : 0000;
    43982 : 0000;
    43983 : 0000;
    43984 : 0000;
    43985 : 0000;
    43986 : 0000;
    43987 : 0000;
    43988 : 0000;
    43989 : 0000;
    43990 : 0000;
    43991 : 0000;
    43992 : 0000;
    43993 : 0000;
    43994 : 0000;
    43995 : 0000;
    43996 : 0000;
    43997 : 0000;
    43998 : 0000;
    43999 : 0000;
    44000 : 0000;
    44001 : 0000;
    44002 : 0000;
    44003 : 0000;
    44004 : 0000;
    44005 : 0000;
    44006 : 0000;
    44007 : 0000;
    44008 : 0000;
    44009 : 0000;
    44010 : 0000;
    44011 : 0000;
    44012 : 0000;
    44013 : 0000;
    44014 : 0000;
    44015 : 0000;
    44016 : 0000;
    44017 : 0000;
    44018 : 0000;
    44019 : 0000;
    44020 : 0000;
    44021 : 0000;
    44022 : 0000;
    44023 : 0000;
    44024 : 0000;
    44025 : 0000;
    44026 : 0000;
    44027 : 0000;
    44028 : 0000;
    44029 : 0000;
    44030 : 0000;
    44031 : 0000;
    44032 : 0000;
    44033 : 0000;
    44034 : 0000;
    44035 : 0000;
    44036 : 0000;
    44037 : 0000;
    44038 : 0000;
    44039 : 0000;
    44040 : 0000;
    44041 : 0000;
    44042 : 0000;
    44043 : 0000;
    44044 : 0000;
    44045 : 0000;
    44046 : 0000;
    44047 : 0000;
    44048 : 0000;
    44049 : 0000;
    44050 : 0000;
    44051 : 0000;
    44052 : 0000;
    44053 : 0000;
    44054 : 0000;
    44055 : 0000;
    44056 : 0000;
    44057 : 0000;
    44058 : 0000;
    44059 : 0000;
    44060 : 0000;
    44061 : 0000;
    44062 : 0000;
    44063 : 0000;
    44064 : 0000;
    44065 : 0000;
    44066 : 0000;
    44067 : 0000;
    44068 : 0000;
    44069 : 0000;
    44070 : 0000;
    44071 : 0000;
    44072 : 0000;
    44073 : 0000;
    44074 : 0000;
    44075 : 0000;
    44076 : 0000;
    44077 : 0000;
    44078 : 0000;
    44079 : 0000;
    44080 : 0000;
    44081 : 0000;
    44082 : 0000;
    44083 : 0000;
    44084 : 0000;
    44085 : 0000;
    44086 : 0000;
    44087 : 0000;
    44088 : 0000;
    44089 : 0000;
    44090 : 0000;
    44091 : 0000;
    44092 : 0000;
    44093 : 0000;
    44094 : 0000;
    44095 : 0000;
    44096 : 0000;
    44097 : 0000;
    44098 : 0000;
    44099 : 0000;
    44100 : 0000;
    44101 : 0000;
    44102 : 0000;
    44103 : 0000;
    44104 : 0000;
    44105 : 0000;
    44106 : 0000;
    44107 : 0000;
    44108 : 0000;
    44109 : 0000;
    44110 : 0000;
    44111 : 0000;
    44112 : 0000;
    44113 : 0000;
    44114 : 0000;
    44115 : 0000;
    44116 : 0000;
    44117 : 0000;
    44118 : 0000;
    44119 : 0000;
    44120 : 0000;
    44121 : 0000;
    44122 : 0000;
    44123 : 0000;
    44124 : 0000;
    44125 : 0000;
    44126 : 0000;
    44127 : 0000;
    44128 : 0000;
    44129 : 0000;
    44130 : 0000;
    44131 : 0000;
    44132 : 0000;
    44133 : 0000;
    44134 : 0000;
    44135 : 0000;
    44136 : 0000;
    44137 : 0000;
    44138 : 0000;
    44139 : 0000;
    44140 : 0000;
    44141 : 0000;
    44142 : 0000;
    44143 : 0000;
    44144 : 0000;
    44145 : 0000;
    44146 : 0000;
    44147 : 0000;
    44148 : 0000;
    44149 : 0000;
    44150 : 0000;
    44151 : 0000;
    44152 : 0000;
    44153 : 0000;
    44154 : 0000;
    44155 : 0000;
    44156 : 0000;
    44157 : 0000;
    44158 : 0000;
    44159 : 0000;
    44160 : 0000;
    44161 : 0000;
    44162 : 0000;
    44163 : 0000;
    44164 : 0000;
    44165 : 0000;
    44166 : 0000;
    44167 : 0000;
    44168 : 0000;
    44169 : 0000;
    44170 : 0000;
    44171 : 0000;
    44172 : 0000;
    44173 : 0000;
    44174 : 0000;
    44175 : 0000;
    44176 : 0000;
    44177 : 0000;
    44178 : 0000;
    44179 : 0000;
    44180 : 0000;
    44181 : 0000;
    44182 : 0000;
    44183 : 0000;
    44184 : 0000;
    44185 : 0000;
    44186 : 0000;
    44187 : 0000;
    44188 : 0000;
    44189 : 0000;
    44190 : 0000;
    44191 : 0000;
    44192 : 0000;
    44193 : 0000;
    44194 : 0000;
    44195 : 0000;
    44196 : 0000;
    44197 : 0000;
    44198 : 0000;
    44199 : 0000;
    44200 : 0000;
    44201 : 0000;
    44202 : 0000;
    44203 : 0000;
    44204 : 0000;
    44205 : 0000;
    44206 : 0000;
    44207 : 0000;
    44208 : 0000;
    44209 : 0000;
    44210 : 0000;
    44211 : 0000;
    44212 : 0000;
    44213 : 0000;
    44214 : 0000;
    44215 : 0000;
    44216 : 0000;
    44217 : 0000;
    44218 : 0000;
    44219 : 0000;
    44220 : 0000;
    44221 : 0000;
    44222 : 0000;
    44223 : 0000;
    44224 : 0000;
    44225 : 0000;
    44226 : 0000;
    44227 : 0000;
    44228 : 0000;
    44229 : 0000;
    44230 : 0000;
    44231 : 0000;
    44232 : 0000;
    44233 : 0000;
    44234 : 0000;
    44235 : 0000;
    44236 : 0000;
    44237 : 0000;
    44238 : 0000;
    44239 : 0000;
    44240 : 0000;
    44241 : 0000;
    44242 : 0000;
    44243 : 0000;
    44244 : 0000;
    44245 : 0000;
    44246 : 0000;
    44247 : 0000;
    44248 : 0000;
    44249 : 0000;
    44250 : 0000;
    44251 : 0000;
    44252 : 0000;
    44253 : 0000;
    44254 : 0000;
    44255 : 0000;
    44256 : 0000;
    44257 : 0000;
    44258 : 0000;
    44259 : 0000;
    44260 : 0000;
    44261 : 0000;
    44262 : 0000;
    44263 : 0000;
    44264 : 0000;
    44265 : 0000;
    44266 : 0000;
    44267 : 0000;
    44268 : 0000;
    44269 : 0000;
    44270 : 0000;
    44271 : 0000;
    44272 : 0000;
    44273 : 0000;
    44274 : 0000;
    44275 : 0000;
    44276 : 0000;
    44277 : 0000;
    44278 : 0000;
    44279 : 0000;
    44280 : 0000;
    44281 : 0000;
    44282 : 0000;
    44283 : 0000;
    44284 : 0000;
    44285 : 0000;
    44286 : 0000;
    44287 : 0000;
    44288 : 0000;
    44289 : 0000;
    44290 : 0000;
    44291 : 0000;
    44292 : 0000;
    44293 : 0000;
    44294 : 0000;
    44295 : 0000;
    44296 : 0000;
    44297 : 0000;
    44298 : 0000;
    44299 : 0000;
    44300 : 0000;
    44301 : 0000;
    44302 : 0000;
    44303 : 0000;
    44304 : 0000;
    44305 : 0000;
    44306 : 0000;
    44307 : 0000;
    44308 : 0000;
    44309 : 0000;
    44310 : 0000;
    44311 : 0000;
    44312 : 0000;
    44313 : 0000;
    44314 : 0000;
    44315 : 0000;
    44316 : 0000;
    44317 : 0000;
    44318 : 0000;
    44319 : 0000;
    44320 : 0000;
    44321 : 0000;
    44322 : 0000;
    44323 : 0000;
    44324 : 0000;
    44325 : 0000;
    44326 : 0000;
    44327 : 0000;
    44328 : 0000;
    44329 : 0000;
    44330 : 0000;
    44331 : 0000;
    44332 : 0000;
    44333 : 0000;
    44334 : 0000;
    44335 : 0000;
    44336 : 0000;
    44337 : 0000;
    44338 : 0000;
    44339 : 0000;
    44340 : 0000;
    44341 : 0000;
    44342 : 0000;
    44343 : 0000;
    44344 : 0000;
    44345 : 0000;
    44346 : 0000;
    44347 : 0000;
    44348 : 0000;
    44349 : 0000;
    44350 : 0000;
    44351 : 0000;
    44352 : 0000;
    44353 : 0000;
    44354 : 0000;
    44355 : 0000;
    44356 : 0000;
    44357 : 0000;
    44358 : 0000;
    44359 : 0000;
    44360 : 0000;
    44361 : 0000;
    44362 : 0000;
    44363 : 0000;
    44364 : 0000;
    44365 : 0000;
    44366 : 0000;
    44367 : 0000;
    44368 : 0000;
    44369 : 0000;
    44370 : 0000;
    44371 : 0000;
    44372 : 0000;
    44373 : 0000;
    44374 : 0000;
    44375 : 0000;
    44376 : 0000;
    44377 : 0000;
    44378 : 0000;
    44379 : 0000;
    44380 : 0000;
    44381 : 0000;
    44382 : FFFF;
    44383 : 0000;
    44384 : 0000;
    44385 : 0000;
    44386 : FFFF;
    44387 : 0000;
    44388 : 0000;
    44389 : 0000;
    44390 : 0000;
    44391 : 0000;
    44392 : 0000;
    44393 : 0001;
    44394 : 0000;
    44395 : 0000;
    44396 : 0000;
    44397 : 0000;
    44398 : 0000;
    44399 : 0000;
    44400 : 0000;
    44401 : 0000;
    44402 : 0000;
    44403 : 0000;
    44404 : 0000;
    44405 : 0000;
    44406 : 0000;
    44407 : 0000;
    44408 : 0000;
    44409 : 0000;
    44410 : 0000;
    44411 : 0000;
    44412 : 0000;
    44413 : 0000;
    44414 : 0000;
    44415 : 0000;
    44416 : 0000;
    44417 : 0000;
    44418 : 0000;
    44419 : 0000;
    44420 : 0000;
    44421 : 0000;
    44422 : 0000;
    44423 : 0000;
    44424 : 0000;
    44425 : 0000;
    44426 : 0000;
    44427 : 0000;
    44428 : 0000;
    44429 : 0000;
    44430 : 0000;
    44431 : 0000;
    44432 : 0000;
    44433 : 0000;
    44434 : 0000;
    44435 : 0000;
    44436 : 0000;
    44437 : 0000;
    44438 : 0000;
    44439 : 0000;
    44440 : 0000;
    44441 : 0000;
    44442 : 0000;
    44443 : 0000;
    44444 : 0000;
    44445 : 0000;
    44446 : 0000;
    44447 : 0000;
    44448 : 0000;
    44449 : 0000;
    44450 : 0000;
    44451 : 0000;
    44452 : 0000;
    44453 : 0000;
    44454 : 0000;
    44455 : 0000;
    44456 : 0000;
    44457 : 0000;
    44458 : 0000;
    44459 : 0000;
    44460 : 0000;
    44461 : 0000;
    44462 : 0000;
    44463 : 0000;
    44464 : 0000;
    44465 : 0000;
    44466 : 0000;
    44467 : 0000;
    44468 : 0000;
    44469 : 0000;
    44470 : 0000;
    44471 : 0000;
    44472 : 0000;
    44473 : 0000;
    44474 : 0000;
    44475 : 0000;
    44476 : 0000;
    44477 : 0000;
    44478 : 0000;
    44479 : 0000;
    44480 : 0000;
    44481 : 0000;
    44482 : 0000;
    44483 : 0000;
    44484 : 0000;
    44485 : 0000;
    44486 : 0000;
    44487 : 0000;
    44488 : 0000;
    44489 : 0000;
    44490 : 0000;
    44491 : 0000;
    44492 : 0000;
    44493 : 0000;
    44494 : 0000;
    44495 : 0000;
    44496 : 0000;
    44497 : 0000;
    44498 : 0000;
    44499 : 0000;
    44500 : 0000;
    44501 : 0000;
    44502 : 0000;
    44503 : 0000;
    44504 : 0000;
    44505 : 0000;
    44506 : 0000;
    44507 : 0000;
    44508 : 0000;
    44509 : 0000;
    44510 : 0000;
    44511 : 0000;
    44512 : 0000;
    44513 : 0000;
    44514 : 0000;
    44515 : 0000;
    44516 : 0000;
    44517 : 0000;
    44518 : 0000;
    44519 : 0000;
    44520 : 0000;
    44521 : 0000;
    44522 : 0000;
    44523 : 0000;
    44524 : 0000;
    44525 : 0000;
    44526 : 0000;
    44527 : 0000;
    44528 : 0000;
    44529 : 0000;
    44530 : 0000;
    44531 : 0000;
    44532 : 0000;
    44533 : 0000;
    44534 : 0000;
    44535 : 0000;
    44536 : 0000;
    44537 : 0000;
    44538 : 0000;
    44539 : 0000;
    44540 : 0000;
    44541 : 0000;
    44542 : 0000;
    44543 : 0000;
    44544 : 0000;
    44545 : 0000;
    44546 : 0000;
    44547 : 0000;
    44548 : 0000;
    44549 : 0000;
    44550 : 0000;
    44551 : 0000;
    44552 : 0000;
    44553 : 0000;
    44554 : 0000;
    44555 : 0000;
    44556 : 0000;
    44557 : 0000;
    44558 : 0000;
    44559 : 0000;
    44560 : 0000;
    44561 : 0000;
    44562 : 0000;
    44563 : 0000;
    44564 : 0000;
    44565 : 0000;
    44566 : 0000;
    44567 : 0000;
    44568 : 0000;
    44569 : 0000;
    44570 : 0000;
    44571 : 0000;
    44572 : 0000;
    44573 : 0000;
    44574 : 0000;
    44575 : 0000;
    44576 : 0000;
    44577 : 0000;
    44578 : 0000;
    44579 : 0000;
    44580 : 0000;
    44581 : 0000;
    44582 : 0000;
    44583 : 0000;
    44584 : 0000;
    44585 : 0000;
    44586 : 0000;
    44587 : 0000;
    44588 : 0000;
    44589 : 0000;
    44590 : 0000;
    44591 : 0000;
    44592 : 0000;
    44593 : 0000;
    44594 : 0000;
    44595 : 0000;
    44596 : 0000;
    44597 : 0000;
    44598 : 0000;
    44599 : 0000;
    44600 : 0000;
    44601 : 0000;
    44602 : 0000;
    44603 : 0000;
    44604 : 0000;
    44605 : 0000;
    44606 : 0000;
    44607 : 0000;
    44608 : 0000;
    44609 : 0000;
    44610 : 0000;
    44611 : 0000;
    44612 : 0000;
    44613 : 0000;
    44614 : 0000;
    44615 : 0000;
    44616 : 0000;
    44617 : 0000;
    44618 : 0000;
    44619 : 0000;
    44620 : 0000;
    44621 : 0000;
    44622 : 0000;
    44623 : 0000;
    44624 : 0000;
    44625 : 0000;
    44626 : 0000;
    44627 : 0000;
    44628 : 0000;
    44629 : 0000;
    44630 : 0000;
    44631 : 0000;
    44632 : 0000;
    44633 : 0000;
    44634 : 0000;
    44635 : 0000;
    44636 : 0000;
    44637 : 0000;
    44638 : 0000;
    44639 : 0000;
    44640 : 0000;
    44641 : 0000;
    44642 : 0000;
    44643 : 0000;
    44644 : 0000;
    44645 : 0000;
    44646 : 0000;
    44647 : 0000;
    44648 : 0000;
    44649 : 0000;
    44650 : 0000;
    44651 : 0000;
    44652 : 0000;
    44653 : 0000;
    44654 : 0000;
    44655 : 0000;
    44656 : 0000;
    44657 : 0000;
    44658 : 0000;
    44659 : 0000;
    44660 : 0000;
    44661 : 0000;
    44662 : 0000;
    44663 : 0000;
    44664 : 0000;
    44665 : 0000;
    44666 : 0000;
    44667 : 0000;
    44668 : 0000;
    44669 : 0000;
    44670 : 0000;
    44671 : 0000;
    44672 : 0000;
    44673 : 0000;
    44674 : 0000;
    44675 : 0000;
    44676 : 0000;
    44677 : 0000;
    44678 : 0000;
    44679 : 0000;
    44680 : 0000;
    44681 : 0000;
    44682 : 0000;
    44683 : 0000;
    44684 : 0000;
    44685 : 0000;
    44686 : 0000;
    44687 : 0000;
    44688 : 0000;
    44689 : 0000;
    44690 : 0000;
    44691 : 0000;
    44692 : 0000;
    44693 : 0000;
    44694 : 0000;
    44695 : 0000;
    44696 : 0000;
    44697 : 0000;
    44698 : 0000;
    44699 : 0000;
    44700 : 0000;
    44701 : 0000;
    44702 : 0000;
    44703 : 0000;
    44704 : 0000;
    44705 : 0000;
    44706 : 0000;
    44707 : 0000;
    44708 : 0000;
    44709 : 0000;
    44710 : 0000;
    44711 : 0000;
    44712 : 0000;
    44713 : 0000;
    44714 : 0000;
    44715 : 0000;
    44716 : 0000;
    44717 : 0000;
    44718 : 0000;
    44719 : 0000;
    44720 : 0000;
    44721 : 0000;
    44722 : 0000;
    44723 : 0000;
    44724 : 0000;
    44725 : 0000;
    44726 : 0000;
    44727 : 0000;
    44728 : 0000;
    44729 : 0000;
    44730 : 0000;
    44731 : 0000;
    44732 : 0000;
    44733 : 0000;
    44734 : 0000;
    44735 : 0000;
    44736 : 0000;
    44737 : 0000;
    44738 : 0000;
    44739 : 0000;
    44740 : 0000;
    44741 : 0000;
    44742 : 0000;
    44743 : 0000;
    44744 : 0000;
    44745 : 0000;
    44746 : 0000;
    44747 : 0000;
    44748 : 0000;
    44749 : 0000;
    44750 : 0000;
    44751 : 0000;
    44752 : 0000;
    44753 : 0000;
    44754 : 0000;
    44755 : 0000;
    44756 : 0000;
    44757 : 0000;
    44758 : 0000;
    44759 : 0000;
    44760 : 0000;
    44761 : 0000;
    44762 : 0000;
    44763 : 0000;
    44764 : 0000;
    44765 : 0000;
    44766 : 0000;
    44767 : 0000;
    44768 : 0000;
    44769 : 0000;
    44770 : 0000;
    44771 : 0000;
    44772 : 0000;
    44773 : 0000;
    44774 : 0000;
    44775 : 0000;
    44776 : 0000;
    44777 : 0000;
    44778 : 0000;
    44779 : 0000;
    44780 : 0000;
    44781 : 0000;
    44782 : 0000;
    44783 : 0000;
    44784 : 0000;
    44785 : 0000;
    44786 : 0000;
    44787 : 0000;
    44788 : 0000;
    44789 : 0000;
    44790 : 0000;
    44791 : 0000;
    44792 : 0000;
    44793 : 0000;
    44794 : 0000;
    44795 : 0000;
    44796 : 0000;
    44797 : 0000;
    44798 : 0000;
    44799 : 0000;
    44800 : 0000;
    44801 : 0000;
    44802 : 0000;
    44803 : 0000;
    44804 : 0000;
    44805 : 0000;
    44806 : 0000;
    44807 : 0000;
    44808 : 0000;
    44809 : 0000;
    44810 : 0000;
    44811 : 0000;
    44812 : 0000;
    44813 : 0000;
    44814 : 0000;
    44815 : 0000;
    44816 : 0000;
    44817 : 0000;
    44818 : 0000;
    44819 : 0000;
    44820 : 0000;
    44821 : 0000;
    44822 : 0000;
    44823 : 0000;
    44824 : 0000;
    44825 : 0000;
    44826 : 0000;
    44827 : 0000;
    44828 : 0000;
    44829 : 0000;
    44830 : 0000;
    44831 : 0000;
    44832 : 0000;
    44833 : 0000;
    44834 : 0000;
    44835 : 0000;
    44836 : 0000;
    44837 : 0000;
    44838 : 0000;
    44839 : 0000;
    44840 : 0000;
    44841 : 0000;
    44842 : 0000;
    44843 : 0000;
    44844 : 0000;
    44845 : 0000;
    44846 : 0000;
    44847 : 0000;
    44848 : 0000;
    44849 : 0000;
    44850 : 0000;
    44851 : 0000;
    44852 : 0000;
    44853 : 0000;
    44854 : 0000;
    44855 : 0000;
    44856 : 0000;
    44857 : 0000;
    44858 : 0000;
    44859 : 0000;
    44860 : 0000;
    44861 : 0000;
    44862 : 0000;
    44863 : 0000;
    44864 : 0000;
    44865 : 0000;
    44866 : 0000;
    44867 : 0000;
    44868 : 0000;
    44869 : 0000;
    44870 : 0000;
    44871 : 0000;
    44872 : 0000;
    44873 : 0000;
    44874 : 0000;
    44875 : 0000;
    44876 : 0000;
    44877 : 0000;
    44878 : 0000;
    44879 : 0000;
    44880 : 0000;
    44881 : 0000;
    44882 : 0000;
    44883 : 0000;
    44884 : 0000;
    44885 : 0000;
    44886 : 0000;
    44887 : 0000;
    44888 : 0000;
    44889 : 0000;
    44890 : 0000;
    44891 : 0000;
    44892 : 0000;
    44893 : 0000;
    44894 : 0000;
    44895 : 0000;
    44896 : 0000;
    44897 : 0000;
    44898 : 0000;
    44899 : 0000;
    44900 : 0000;
    44901 : 0000;
    44902 : 0000;
    44903 : 0000;
    44904 : 0000;
    44905 : 0000;
    44906 : 0000;
    44907 : 0000;
    44908 : 0000;
    44909 : 0000;
    44910 : 0000;
    44911 : 0000;
    44912 : 0000;
    44913 : 0000;
    44914 : 0000;
    44915 : 0000;
    44916 : 0000;
    44917 : 0000;
    44918 : 0000;
    44919 : 0000;
    44920 : 0000;
    44921 : 0000;
    44922 : 0000;
    44923 : 0000;
    44924 : 0000;
    44925 : 0000;
    44926 : 0000;
    44927 : 0000;
    44928 : 0000;
    44929 : 0000;
    44930 : 0000;
    44931 : 0000;
    44932 : 0000;
    44933 : 0000;
    44934 : 0000;
    44935 : 0000;
    44936 : 0000;
    44937 : 0000;
    44938 : 0000;
    44939 : 0000;
    44940 : 0000;
    44941 : 0000;
    44942 : 0000;
    44943 : 0000;
    44944 : 0000;
    44945 : 0000;
    44946 : 0000;
    44947 : 0000;
    44948 : 0000;
    44949 : 0000;
    44950 : 0000;
    44951 : 0000;
    44952 : 0000;
    44953 : 0000;
    44954 : 0000;
    44955 : 0000;
    44956 : 0000;
    44957 : 0000;
    44958 : 0000;
    44959 : 0000;
    44960 : 0000;
    44961 : 0000;
    44962 : 0000;
    44963 : 0000;
    44964 : 0000;
    44965 : 0000;
    44966 : 0000;
    44967 : 0000;
    44968 : 0000;
    44969 : 0000;
    44970 : 0000;
    44971 : 0000;
    44972 : 0000;
    44973 : 0000;
    44974 : 0000;
    44975 : 0000;
    44976 : 0000;
    44977 : 0000;
    44978 : 0000;
    44979 : 0000;
    44980 : 0000;
    44981 : 0000;
    44982 : 0000;
    44983 : 0000;
    44984 : 0000;
    44985 : 0000;
    44986 : 0000;
    44987 : 0000;
    44988 : 0000;
    44989 : 0000;
    44990 : 0000;
    44991 : 0000;
    44992 : 0000;
    44993 : 0000;
    44994 : 0000;
    44995 : 0000;
    44996 : 0000;
    44997 : 0000;
    44998 : 0000;
    44999 : 0000;
    45000 : 0000;
    45001 : 0000;
    45002 : 0000;
    45003 : 0000;
    45004 : 0000;
    45005 : 0000;
    45006 : 0000;
    45007 : 0000;
    45008 : 0000;
    45009 : 0000;
    45010 : 0000;
    45011 : 0000;
    45012 : 0000;
    45013 : 0000;
    45014 : 0000;
    45015 : 0000;
    45016 : 0000;
    45017 : 0000;
    45018 : 0000;
    45019 : 0000;
    45020 : 0000;
    45021 : 0000;
    45022 : 0000;
    45023 : 0000;
    45024 : 0000;
    45025 : 0000;
    45026 : 0000;
    45027 : 0000;
    45028 : 0000;
    45029 : 0000;
    45030 : 0000;
    45031 : 0000;
    45032 : 0000;
    45033 : 0000;
    45034 : 0000;
    45035 : 0000;
    45036 : 0000;
    45037 : 0000;
    45038 : 0000;
    45039 : 0000;
    45040 : 0000;
    45041 : 0000;
    45042 : 0000;
    45043 : 0000;
    45044 : 0000;
    45045 : 0000;
    45046 : 0000;
    45047 : 0000;
    45048 : 0000;
    45049 : 0000;
    45050 : 0000;
    45051 : 0000;
    45052 : 0000;
    45053 : 0000;
    45054 : 0000;
    45055 : 0000;
    45056 : 0000;
    45057 : 0000;
    45058 : 0000;
    45059 : 0000;
    45060 : 0000;
    45061 : 0000;
    45062 : 0000;
    45063 : 0000;
    45064 : 0000;
    45065 : 0000;
    45066 : 0000;
    45067 : 0000;
    45068 : 0000;
    45069 : 0000;
    45070 : 0000;
    45071 : 0000;
    45072 : 0000;
    45073 : 0000;
    45074 : 0000;
    45075 : 0000;
    45076 : 0000;
    45077 : 0000;
    45078 : 0000;
    45079 : 0000;
    45080 : 0000;
    45081 : 0000;
    45082 : 0000;
    45083 : 0000;
    45084 : 0000;
    45085 : 0000;
    45086 : 0000;
    45087 : 0000;
    45088 : 0000;
    45089 : 0000;
    45090 : 0000;
    45091 : 0000;
    45092 : 0000;
    45093 : 0000;
    45094 : 0000;
    45095 : 0000;
    45096 : 0000;
    45097 : 0000;
    45098 : 0000;
    45099 : 0000;
    45100 : 0000;
    45101 : 0000;
    45102 : 0000;
    45103 : 0000;
    45104 : 0000;
    45105 : 0000;
    45106 : 0000;
    45107 : 0000;
    45108 : 0000;
    45109 : 0000;
    45110 : 0000;
    45111 : 0000;
    45112 : 0000;
    45113 : 0000;
    45114 : 0000;
    45115 : 0000;
    45116 : 0000;
    45117 : 0000;
    45118 : 0000;
    45119 : 0000;
    45120 : 0000;
    45121 : 0000;
    45122 : 0000;
    45123 : 0000;
    45124 : 0000;
    45125 : 0000;
    45126 : 0000;
    45127 : 0000;
    45128 : 0000;
    45129 : 0000;
    45130 : 0000;
    45131 : 0000;
    45132 : 0000;
    45133 : 0000;
    45134 : 0000;
    45135 : 0000;
    45136 : 0000;
    45137 : 0000;
    45138 : 0000;
    45139 : 0000;
END;
