WIDTH=16;
DEPTH=48000;

ADDRESS_RADIX=UNS;
DATA_RADIX=HEX;

CONTENT BEGIN
    0 : F487;
    1 : F376;
    2 : F311;
    3 : F34F;
    4 : F319;
    5 : F30C;
    6 : F3A1;
    7 : F3EA;
    8 : F43D;
    9 : F56F;
    10 : F660;
    11 : F685;
    12 : F742;
    13 : F89E;
    14 : F97B;
    15 : FA58;
    16 : FB9B;
    17 : FC61;
    18 : FCEB;
    19 : FDFE;
    20 : FEB7;
    21 : FEB0;
    22 : FF0C;
    23 : FFCD;
    24 : 0012;
    25 : 003C;
    26 : 009C;
    27 : 0098;
    28 : 0053;
    29 : 0030;
    30 : FFC6;
    31 : FF4D;
    32 : FF89;
    33 : FFFB;
    34 : FFFC;
    35 : 001A;
    36 : 00AE;
    37 : 0162;
    38 : 0216;
    39 : 02A3;
    40 : 0316;
    41 : 040A;
    42 : 0547;
    43 : 05DB;
    44 : 061D;
    45 : 06C6;
    46 : 072E;
    47 : 06FA;
    48 : 06DF;
    49 : 06DF;
    50 : 068F;
    51 : 0634;
    52 : 05D2;
    53 : 050F;
    54 : 041F;
    55 : 032E;
    56 : 0223;
    57 : 0144;
    58 : 0079;
    59 : FF3E;
    60 : FDEE;
    61 : FD06;
    62 : FBFC;
    63 : FAA6;
    64 : F9B1;
    65 : F90E;
    66 : F84E;
    67 : F7E5;
    68 : F814;
    69 : F821;
    70 : F7A9;
    71 : F740;
    72 : F758;
    73 : F7A6;
    74 : F7CE;
    75 : F7D8;
    76 : F7DB;
    77 : F7E3;
    78 : F81D;
    79 : F870;
    80 : F88A;
    81 : F8AA;
    82 : F905;
    83 : F900;
    84 : F8AB;
    85 : F8E2;
    86 : F939;
    87 : F8C8;
    88 : F83D;
    89 : F857;
    90 : F8A4;
    91 : F909;
    92 : F9AC;
    93 : FA3F;
    94 : FB16;
    95 : FC65;
    96 : FD23;
    97 : FD2C;
    98 : FDC3;
    99 : FEE3;
    100 : FFC2;
    101 : 00B3;
    102 : 01D9;
    103 : 02B1;
    104 : 035D;
    105 : 03F9;
    106 : 042E;
    107 : 0450;
    108 : 04C2;
    109 : 0516;
    110 : 0516;
    111 : 04D6;
    112 : 045B;
    113 : 040F;
    114 : 03F0;
    115 : 0338;
    116 : 0231;
    117 : 01A4;
    118 : 011F;
    119 : 007A;
    120 : 0046;
    121 : FFED;
    122 : FEFD;
    123 : FE83;
    124 : FE95;
    125 : FE51;
    126 : FE2F;
    127 : FE7F;
    128 : FE6D;
    129 : FE53;
    130 : FEDB;
    131 : FF25;
    132 : FEF9;
    133 : FF3F;
    134 : FF86;
    135 : FF38;
    136 : FF20;
    137 : FF31;
    138 : FE9A;
    139 : FDE7;
    140 : FD97;
    141 : FCD9;
    142 : FB9C;
    143 : FAD2;
    144 : FA8A;
    145 : FA1F;
    146 : F96B;
    147 : F8A5;
    148 : F806;
    149 : F7AA;
    150 : F78E;
    151 : F7B5;
    152 : F7FE;
    153 : F83E;
    154 : F8AC;
    155 : F965;
    156 : FA0C;
    157 : FAB6;
    158 : FBC8;
    159 : FCDA;
    160 : FD84;
    161 : FE57;
    162 : FF91;
    163 : 00A2;
    164 : 016D;
    165 : 024A;
    166 : 031E;
    167 : 03C8;
    168 : 0472;
    169 : 0517;
    170 : 0594;
    171 : 05E4;
    172 : 05E3;
    173 : 0599;
    174 : 057A;
    175 : 05A9;
    176 : 05AA;
    177 : 055C;
    178 : 052D;
    179 : 053C;
    180 : 0550;
    181 : 0571;
    182 : 05C8;
    183 : 0643;
    184 : 06D5;
    185 : 0773;
    186 : 07EF;
    187 : 0854;
    188 : 08EC;
    189 : 09A7;
    190 : 0A34;
    191 : 0A8A;
    192 : 0AE9;
    193 : 0B74;
    194 : 0BE8;
    195 : 0BDA;
    196 : 0B77;
    197 : 0B4A;
    198 : 0B0E;
    199 : 0A34;
    200 : 0942;
    201 : 08D8;
    202 : 085E;
    203 : 074C;
    204 : 0619;
    205 : 0513;
    206 : 0418;
    207 : 033B;
    208 : 025F;
    209 : 0133;
    210 : FFFE;
    211 : FF30;
    212 : FE8D;
    213 : FDC4;
    214 : FD0E;
    215 : FCA0;
    216 : FC5E;
    217 : FC3F;
    218 : FC61;
    219 : FCBC;
    220 : FD06;
    221 : FD0D;
    222 : FCE8;
    223 : FCBE;
    224 : FCA2;
    225 : FCB7;
    226 : FD12;
    227 : FD87;
    228 : FDCA;
    229 : FDCA;
    230 : FDC4;
    231 : FDC8;
    232 : FD81;
    233 : FD05;
    234 : FCDF;
    235 : FCE7;
    236 : FC97;
    237 : FC73;
    238 : FD0D;
    239 : FDD7;
    240 : FE85;
    241 : FF7F;
    242 : 0061;
    243 : 00B0;
    244 : 011E;
    245 : 020A;
    246 : 02E3;
    247 : 03A6;
    248 : 04A2;
    249 : 0594;
    250 : 0681;
    251 : 07AB;
    252 : 08A1;
    253 : 0906;
    254 : 0942;
    255 : 0976;
    256 : 0967;
    257 : 092D;
    258 : 08DD;
    259 : 085D;
    260 : 07D2;
    261 : 0762;
    262 : 06F8;
    263 : 0685;
    264 : 0608;
    265 : 057A;
    266 : 04D7;
    267 : 041C;
    268 : 038C;
    269 : 036A;
    270 : 0343;
    271 : 02B2;
    272 : 024B;
    273 : 0269;
    274 : 029B;
    275 : 02D8;
    276 : 034D;
    277 : 0383;
    278 : 036B;
    279 : 0395;
    280 : 03C7;
    281 : 0391;
    282 : 0358;
    283 : 035B;
    284 : 0335;
    285 : 02C9;
    286 : 0224;
    287 : 013D;
    288 : 004E;
    289 : FF75;
    290 : FE82;
    291 : FDAF;
    292 : FD3A;
    293 : FCBD;
    294 : FBEF;
    295 : FB25;
    296 : FAA1;
    297 : FA6C;
    298 : FA6D;
    299 : FA80;
    300 : FADB;
    301 : FBAB;
    302 : FC6E;
    303 : FCF2;
    304 : FDCA;
    305 : FEFF;
    306 : 0008;
    307 : 00EB;
    308 : 01DD;
    309 : 02BA;
    310 : 03B2;
    311 : 04F2;
    312 : 0611;
    313 : 06D7;
    314 : 076F;
    315 : 07BA;
    316 : 07CD;
    317 : 0834;
    318 : 08CE;
    319 : 08F2;
    320 : 08AC;
    321 : 087D;
    322 : 0870;
    323 : 084B;
    324 : 080F;
    325 : 07E0;
    326 : 07DA;
    327 : 07EC;
    328 : 0817;
    329 : 0895;
    330 : 094D;
    331 : 09C7;
    332 : 0A12;
    333 : 0ABF;
    334 : 0BAB;
    335 : 0C3B;
    336 : 0C9A;
    337 : 0D4B;
    338 : 0E08;
    339 : 0E66;
    340 : 0EA5;
    341 : 0ECC;
    342 : 0E69;
    343 : 0DC9;
    344 : 0D8B;
    345 : 0D36;
    346 : 0C4B;
    347 : 0B6C;
    348 : 0AC0;
    349 : 09A4;
    350 : 0874;
    351 : 07B2;
    352 : 067B;
    353 : 04A2;
    354 : 0385;
    355 : 0331;
    356 : 0262;
    357 : 0145;
    358 : 00A7;
    359 : 0040;
    360 : FFDC;
    361 : FFA7;
    362 : FF54;
    363 : FF05;
    364 : FF56;
    365 : FFDB;
    366 : FFF3;
    367 : 0015;
    368 : 0075;
    369 : 008E;
    370 : 0078;
    371 : 008F;
    372 : 00B1;
    373 : 00D3;
    374 : 0110;
    375 : 012A;
    376 : 0105;
    377 : 00B5;
    378 : 0034;
    379 : FFBF;
    380 : FF7E;
    381 : FF27;
    382 : FEEB;
    383 : FF46;
    384 : FFC7;
    385 : FFF5;
    386 : 0053;
    387 : 011D;
    388 : 01E6;
    389 : 02A1;
    390 : 035D;
    391 : 0416;
    392 : 0550;
    393 : 06F5;
    394 : 07EE;
    395 : 085C;
    396 : 0989;
    397 : 0B1D;
    398 : 0BD6;
    399 : 0C1A;
    400 : 0CC8;
    401 : 0D60;
    402 : 0D5A;
    403 : 0D18;
    404 : 0CC0;
    405 : 0C21;
    406 : 0B62;
    407 : 0AAE;
    408 : 09FE;
    409 : 096D;
    410 : 08D1;
    411 : 07B6;
    412 : 067A;
    413 : 05DA;
    414 : 0561;
    415 : 045B;
    416 : 0371;
    417 : 0334;
    418 : 030D;
    419 : 02E2;
    420 : 030A;
    421 : 0311;
    422 : 0311;
    423 : 03CF;
    424 : 0480;
    425 : 043E;
    426 : 043B;
    427 : 04DF;
    428 : 04AA;
    429 : 03EA;
    430 : 03F3;
    431 : 03CB;
    432 : 02B3;
    433 : 01FD;
    434 : 01A1;
    435 : 0087;
    436 : FF84;
    437 : FF10;
    438 : FDF4;
    439 : FC7C;
    440 : FBDC;
    441 : FB5E;
    442 : FA5A;
    443 : F9BE;
    444 : F9B7;
    445 : F9B8;
    446 : FA07;
    447 : FAA0;
    448 : FAF7;
    449 : FB4E;
    450 : FC07;
    451 : FCF2;
    452 : FE14;
    453 : FF53;
    454 : 0041;
    455 : 0129;
    456 : 028B;
    457 : 0403;
    458 : 0519;
    459 : 05D2;
    460 : 0639;
    461 : 06AD;
    462 : 0784;
    463 : 082A;
    464 : 0820;
    465 : 07E9;
    466 : 07E6;
    467 : 07EE;
    468 : 07E3;
    469 : 078E;
    470 : 06F9;
    471 : 06BC;
    472 : 06D0;
    473 : 069D;
    474 : 067E;
    475 : 06E6;
    476 : 0733;
    477 : 0750;
    478 : 07FB;
    479 : 08D3;
    480 : 0912;
    481 : 094C;
    482 : 0A1C;
    483 : 0B12;
    484 : 0BE0;
    485 : 0C6A;
    486 : 0C5A;
    487 : 0C1F;
    488 : 0C61;
    489 : 0C62;
    490 : 0B7B;
    491 : 0A9C;
    492 : 0A25;
    493 : 0923;
    494 : 07A3;
    495 : 068B;
    496 : 057A;
    497 : 03D5;
    498 : 023D;
    499 : 0110;
    500 : FFBD;
    501 : FE38;
    502 : FCEC;
    503 : FBBE;
    504 : FAAD;
    505 : F9FC;
    506 : F966;
    507 : F8A5;
    508 : F834;
    509 : F852;
    510 : F885;
    511 : F891;
    512 : F8C5;
    513 : F916;
    514 : F90C;
    515 : F89D;
    516 : F85F;
    517 : F8B3;
    518 : F946;
    519 : F9AF;
    520 : F9DC;
    521 : F9C7;
    522 : F97F;
    523 : F945;
    524 : F910;
    525 : F89F;
    526 : F801;
    527 : F767;
    528 : F6FE;
    529 : F722;
    530 : F7BE;
    531 : F826;
    532 : F856;
    533 : F8FA;
    534 : FA06;
    535 : FAFB;
    536 : FBDB;
    537 : FCBA;
    538 : FD95;
    539 : FEC1;
    540 : 003D;
    541 : 0173;
    542 : 0266;
    543 : 0394;
    544 : 04B8;
    545 : 0568;
    546 : 0601;
    547 : 06B3;
    548 : 06EE;
    549 : 067C;
    550 : 05E9;
    551 : 058E;
    552 : 053B;
    553 : 04D0;
    554 : 0450;
    555 : 03A3;
    556 : 02C1;
    557 : 01D2;
    558 : 00CA;
    559 : FFA2;
    560 : FEB1;
    561 : FE0A;
    562 : FD44;
    563 : FC7F;
    564 : FC4A;
    565 : FC6E;
    566 : FC74;
    567 : FC8D;
    568 : FCDB;
    569 : FD23;
    570 : FD7E;
    571 : FDEA;
    572 : FE07;
    573 : FE0F;
    574 : FE6E;
    575 : FE8C;
    576 : FDEC;
    577 : FD57;
    578 : FD41;
    579 : FCCF;
    580 : FBA4;
    581 : FA8A;
    582 : F9D1;
    583 : F8EE;
    584 : F7DA;
    585 : F712;
    586 : F65C;
    587 : F53B;
    588 : F43C;
    589 : F41D;
    590 : F456;
    591 : F429;
    592 : F3FD;
    593 : F467;
    594 : F53B;
    595 : F627;
    596 : F706;
    597 : F7C3;
    598 : F8A5;
    599 : F9F6;
    600 : FB4B;
    601 : FC29;
    602 : FCF2;
    603 : FE31;
    604 : FF94;
    605 : 0081;
    606 : 011E;
    607 : 01D4;
    608 : 0267;
    609 : 028B;
    610 : 02A2;
    611 : 02DD;
    612 : 02B4;
    613 : 0228;
    614 : 01DB;
    615 : 01C3;
    616 : 0174;
    617 : 0115;
    618 : 00EA;
    619 : 00EE;
    620 : 0120;
    621 : 0160;
    622 : 01A2;
    623 : 0228;
    624 : 02D7;
    625 : 0349;
    626 : 03C8;
    627 : 04A4;
    628 : 056F;
    629 : 061C;
    630 : 06F8;
    631 : 079F;
    632 : 07E3;
    633 : 083F;
    634 : 087C;
    635 : 082F;
    636 : 07D6;
    637 : 078F;
    638 : 06CA;
    639 : 05B3;
    640 : 0499;
    641 : 0334;
    642 : 01CC;
    643 : 00CC;
    644 : FFAB;
    645 : FE39;
    646 : FCFA;
    647 : FBDE;
    648 : FAC7;
    649 : F9F7;
    650 : F8FE;
    651 : F7CA;
    652 : F76F;
    653 : F7C5;
    654 : F784;
    655 : F721;
    656 : F7A2;
    657 : F84E;
    658 : F87D;
    659 : F8A6;
    660 : F8DA;
    661 : F908;
    662 : F96C;
    663 : F99E;
    664 : F96F;
    665 : F9B3;
    666 : FA54;
    667 : FA47;
    668 : F9D2;
    669 : F9C0;
    670 : F9A2;
    671 : F8FE;
    672 : F838;
    673 : F796;
    674 : F733;
    675 : F731;
    676 : F760;
    677 : F79A;
    678 : F809;
    679 : F8A2;
    680 : F952;
    681 : FA3F;
    682 : FB49;
    683 : FC51;
    684 : FDAF;
    685 : FF54;
    686 : 00BC;
    687 : 01EA;
    688 : 0329;
    689 : 0458;
    690 : 0558;
    691 : 062A;
    692 : 069B;
    693 : 06D1;
    694 : 072E;
    695 : 0753;
    696 : 06CB;
    697 : 061E;
    698 : 05B2;
    699 : 0504;
    700 : 03F7;
    701 : 0324;
    702 : 027B;
    703 : 017F;
    704 : 005A;
    705 : FF50;
    706 : FE34;
    707 : FD28;
    708 : FC7E;
    709 : FC01;
    710 : FB81;
    711 : FB3F;
    712 : FB3A;
    713 : FB4A;
    714 : FBA7;
    715 : FC3B;
    716 : FC8E;
    717 : FCB3;
    718 : FD06;
    719 : FD64;
    720 : FDAB;
    721 : FDF0;
    722 : FE0C;
    723 : FDE6;
    724 : FD89;
    725 : FCCD;
    726 : FBD5;
    727 : FAF7;
    728 : F9EF;
    729 : F88A;
    730 : F749;
    731 : F654;
    732 : F573;
    733 : F4DD;
    734 : F46D;
    735 : F3B7;
    736 : F343;
    737 : F381;
    738 : F3DB;
    739 : F44D;
    740 : F52F;
    741 : F5F1;
    742 : F69C;
    743 : F80E;
    744 : F99E;
    745 : FA56;
    746 : FB39;
    747 : FD05;
    748 : FECC;
    749 : 0018;
    750 : 012E;
    751 : 0223;
    752 : 0362;
    753 : 04C9;
    754 : 0542;
    755 : 0529;
    756 : 05BE;
    757 : 0641;
    758 : 05CC;
    759 : 057A;
    760 : 05C2;
    761 : 058E;
    762 : 04CE;
    763 : 0430;
    764 : 03CA;
    765 : 03D0;
    766 : 0443;
    767 : 046C;
    768 : 046B;
    769 : 04FE;
    770 : 05C2;
    771 : 062D;
    772 : 06A8;
    773 : 0763;
    774 : 0824;
    775 : 0903;
    776 : 09DE;
    777 : 0A6D;
    778 : 0ADA;
    779 : 0B25;
    780 : 0B29;
    781 : 0B21;
    782 : 0AEA;
    783 : 0A0C;
    784 : 08F8;
    785 : 083A;
    786 : 0750;
    787 : 05F2;
    788 : 049A;
    789 : 0366;
    790 : 0235;
    791 : 010C;
    792 : FFAC;
    793 : FE25;
    794 : FD09;
    795 : FC2D;
    796 : FAF4;
    797 : F9A7;
    798 : F8D6;
    799 : F878;
    800 : F869;
    801 : F874;
    802 : F866;
    803 : F89F;
    804 : F93F;
    805 : F98A;
    806 : F977;
    807 : F9D8;
    808 : FA6D;
    809 : FA6B;
    810 : FA31;
    811 : FA5C;
    812 : FAA7;
    813 : FAC7;
    814 : FAB7;
    815 : FA49;
    816 : F98C;
    817 : F8C4;
    818 : F806;
    819 : F780;
    820 : F74F;
    821 : F721;
    822 : F6EE;
    823 : F70F;
    824 : F766;
    825 : F7D5;
    826 : F8A4;
    827 : F985;
    828 : FA0A;
    829 : FAD8;
    830 : FC48;
    831 : FD8D;
    832 : FE9D;
    833 : 002E;
    834 : 01CD;
    835 : 02E9;
    836 : 0413;
    837 : 0561;
    838 : 0638;
    839 : 06C6;
    840 : 073E;
    841 : 0733;
    842 : 06F8;
    843 : 070D;
    844 : 06C3;
    845 : 05D9;
    846 : 0539;
    847 : 04F4;
    848 : 043D;
    849 : 0309;
    850 : 01AC;
    851 : 0056;
    852 : FF5D;
    853 : FEA1;
    854 : FDB7;
    855 : FD01;
    856 : FCC9;
    857 : FC83;
    858 : FC40;
    859 : FC7E;
    860 : FCC5;
    861 : FCD8;
    862 : FD4E;
    863 : FDCE;
    864 : FDB9;
    865 : FDC6;
    866 : FE68;
    867 : FED6;
    868 : FECA;
    869 : FE8D;
    870 : FE04;
    871 : FD5D;
    872 : FCD8;
    873 : FBEF;
    874 : FA9D;
    875 : F99F;
    876 : F8C1;
    877 : F77B;
    878 : F653;
    879 : F58B;
    880 : F498;
    881 : F39C;
    882 : F317;
    883 : F2EB;
    884 : F312;
    885 : F3A6;
    886 : F42D;
    887 : F460;
    888 : F4B4;
    889 : F574;
    890 : F675;
    891 : F791;
    892 : F8B8;
    893 : FA02;
    894 : FB6C;
    895 : FC89;
    896 : FD3E;
    897 : FE18;
    898 : FF2B;
    899 : 0000;
    900 : 009B;
    901 : 0128;
    902 : 0175;
    903 : 0194;
    904 : 01C3;
    905 : 01C1;
    906 : 016B;
    907 : 0116;
    908 : 00CB;
    909 : 0051;
    910 : FFED;
    911 : FFF1;
    912 : 0013;
    913 : 000F;
    914 : 002A;
    915 : 0095;
    916 : 0125;
    917 : 01CB;
    918 : 0281;
    919 : 02FB;
    920 : 0345;
    921 : 03E8;
    922 : 04BE;
    923 : 0532;
    924 : 0594;
    925 : 0644;
    926 : 0683;
    927 : 0605;
    928 : 05A3;
    929 : 056D;
    930 : 04AB;
    931 : 038C;
    932 : 0283;
    933 : 015D;
    934 : 0039;
    935 : FF56;
    936 : FE2F;
    937 : FCAF;
    938 : FB8B;
    939 : FA8B;
    940 : F8FE;
    941 : F774;
    942 : F690;
    943 : F5BA;
    944 : F4A7;
    945 : F407;
    946 : F3F7;
    947 : F3EB;
    948 : F3F4;
    949 : F442;
    950 : F47A;
    951 : F49D;
    952 : F51E;
    953 : F5C3;
    954 : F611;
    955 : F641;
    956 : F680;
    957 : F67D;
    958 : F640;
    959 : F612;
    960 : F5F3;
    961 : F5FF;
    962 : F632;
    963 : F5D7;
    964 : F4DE;
    965 : F43F;
    966 : F40D;
    967 : F388;
    968 : F2F5;
    969 : F2EB;
    970 : F325;
    971 : F390;
    972 : F469;
    973 : F558;
    974 : F637;
    975 : F764;
    976 : F8A3;
    977 : F9A6;
    978 : FAF9;
    979 : FCD2;
    980 : FE92;
    981 : FFFE;
    982 : 0161;
    983 : 02B4;
    984 : 03BB;
    985 : 0469;
    986 : 04DE;
    987 : 052E;
    988 : 053D;
    989 : 0511;
    990 : 04E4;
    991 : 0499;
    992 : 0401;
    993 : 035E;
    994 : 029C;
    995 : 015E;
    996 : 0028;
    997 : FF50;
    998 : FE0F;
    999 : FC92;
    1000 : FBFB;
    1001 : FBD9;
    1002 : FB3B;
    1003 : FAD7;
    1004 : FB09;
    1005 : FAE6;
    1006 : FA94;
    1007 : FAFD;
    1008 : FBC7;
    1009 : FC57;
    1010 : FCEB;
    1011 : FD94;
    1012 : FE1F;
    1013 : FE98;
    1014 : FEE6;
    1015 : FEEC;
    1016 : FEDB;
    1017 : FE8E;
    1018 : FDC6;
    1019 : FCD6;
    1020 : FC14;
    1021 : FB51;
    1022 : FA56;
    1023 : F926;
    1024 : F802;
    1025 : F73F;
    1026 : F69C;
    1027 : F5A5;
    1028 : F4C0;
    1029 : F46B;
    1030 : F45C;
    1031 : F478;
    1032 : F509;
    1033 : F5D6;
    1034 : F696;
    1035 : F78D;
    1036 : F8C0;
    1037 : F9EC;
    1038 : FB46;
    1039 : FCD8;
    1040 : FE2A;
    1041 : FF5A;
    1042 : 00EE;
    1043 : 028C;
    1044 : 03AA;
    1045 : 04A9;
    1046 : 05E1;
    1047 : 06D2;
    1048 : 0743;
    1049 : 0799;
    1050 : 07CC;
    1051 : 07B8;
    1052 : 07CB;
    1053 : 0802;
    1054 : 07AB;
    1055 : 06EF;
    1056 : 06AC;
    1057 : 06BA;
    1058 : 068B;
    1059 : 0684;
    1060 : 06F7;
    1061 : 0777;
    1062 : 080A;
    1063 : 08F8;
    1064 : 09D6;
    1065 : 0A6A;
    1066 : 0B3E;
    1067 : 0C64;
    1068 : 0D3E;
    1069 : 0DCF;
    1070 : 0E8C;
    1071 : 0F53;
    1072 : 0FB2;
    1073 : 0FBC;
    1074 : 0FCB;
    1075 : 0FD2;
    1076 : 0F81;
    1077 : 0ED0;
    1078 : 0DF9;
    1079 : 0D19;
    1080 : 0C2E;
    1081 : 0B1D;
    1082 : 09C2;
    1083 : 0851;
    1084 : 071F;
    1085 : 0605;
    1086 : 04C9;
    1087 : 03A3;
    1088 : 02A3;
    1089 : 01A9;
    1090 : 00EE;
    1091 : 007C;
    1092 : FFFC;
    1093 : FF8E;
    1094 : FF83;
    1095 : FFAD;
    1096 : FFF6;
    1097 : 006F;
    1098 : 00BD;
    1099 : 00E3;
    1100 : 0168;
    1101 : 0210;
    1102 : 024A;
    1103 : 024B;
    1104 : 0239;
    1105 : 01ED;
    1106 : 01E6;
    1107 : 024F;
    1108 : 0246;
    1109 : 0192;
    1110 : 00DD;
    1111 : 0049;
    1112 : FFBC;
    1113 : FF58;
    1114 : FEF4;
    1115 : FEA8;
    1116 : FEF4;
    1117 : FF8B;
    1118 : FFEF;
    1119 : 0088;
    1120 : 0172;
    1121 : 0241;
    1122 : 034D;
    1123 : 04D2;
    1124 : 062D;
    1125 : 0774;
    1126 : 0946;
    1127 : 0B15;
    1128 : 0C50;
    1129 : 0D79;
    1130 : 0EB4;
    1131 : 0FA0;
    1132 : 1074;
    1133 : 1157;
    1134 : 11D8;
    1135 : 11E4;
    1136 : 11B8;
    1137 : 1152;
    1138 : 10B8;
    1139 : 0FFA;
    1140 : 0EFE;
    1141 : 0DE3;
    1142 : 0CDA;
    1143 : 0BD2;
    1144 : 0ACA;
    1145 : 09C8;
    1146 : 08A0;
    1147 : 0790;
    1148 : 070C;
    1149 : 06D0;
    1150 : 0682;
    1151 : 0660;
    1152 : 067A;
    1153 : 06A6;
    1154 : 0714;
    1155 : 07A8;
    1156 : 07F2;
    1157 : 0850;
    1158 : 0914;
    1159 : 096B;
    1160 : 0915;
    1161 : 0903;
    1162 : 0926;
    1163 : 088C;
    1164 : 079B;
    1165 : 0722;
    1166 : 0673;
    1167 : 0505;
    1168 : 039B;
    1169 : 0278;
    1170 : 012A;
    1171 : 0003;
    1172 : FF3B;
    1173 : FE26;
    1174 : FCED;
    1175 : FC7A;
    1176 : FC7A;
    1177 : FC36;
    1178 : FC44;
    1179 : FD0B;
    1180 : FDC9;
    1181 : FE40;
    1182 : FF09;
    1183 : 0035;
    1184 : 017E;
    1185 : 02D6;
    1186 : 0427;
    1187 : 0575;
    1188 : 06EB;
    1189 : 0848;
    1190 : 0934;
    1191 : 09EE;
    1192 : 0ACA;
    1193 : 0BA2;
    1194 : 0C26;
    1195 : 0C34;
    1196 : 0C1F;
    1197 : 0C67;
    1198 : 0CCC;
    1199 : 0C9F;
    1200 : 0BF4;
    1201 : 0B70;
    1202 : 0B45;
    1203 : 0B2C;
    1204 : 0AE2;
    1205 : 0A82;
    1206 : 0A7F;
    1207 : 0AE8;
    1208 : 0B56;
    1209 : 0BD9;
    1210 : 0CAE;
    1211 : 0D61;
    1212 : 0DC1;
    1213 : 0E57;
    1214 : 0F26;
    1215 : 0FCA;
    1216 : 106E;
    1217 : 1116;
    1218 : 1150;
    1219 : 1151;
    1220 : 116F;
    1221 : 112C;
    1222 : 104B;
    1223 : 0F5F;
    1224 : 0EA1;
    1225 : 0DBC;
    1226 : 0C8D;
    1227 : 0B17;
    1228 : 0991;
    1229 : 084F;
    1230 : 0731;
    1231 : 05E3;
    1232 : 048E;
    1233 : 036C;
    1234 : 0268;
    1235 : 018A;
    1236 : 00E5;
    1237 : 004E;
    1238 : FFCE;
    1239 : FF9B;
    1240 : FFA2;
    1241 : FFBA;
    1242 : FFFD;
    1243 : 0071;
    1244 : 00EA;
    1245 : 0143;
    1246 : 0178;
    1247 : 01B0;
    1248 : 0207;
    1249 : 023A;
    1250 : 0205;
    1251 : 01AE;
    1252 : 0186;
    1253 : 015A;
    1254 : 00F1;
    1255 : 0076;
    1256 : FFF9;
    1257 : FF4F;
    1258 : FE81;
    1259 : FDB8;
    1260 : FD04;
    1261 : FC9E;
    1262 : FCAD;
    1263 : FCE6;
    1264 : FD29;
    1265 : FDDB;
    1266 : FEE1;
    1267 : FFB9;
    1268 : 00B7;
    1269 : 024A;
    1270 : 03DB;
    1271 : 0521;
    1272 : 06AA;
    1273 : 0834;
    1274 : 0934;
    1275 : 0A4D;
    1276 : 0BC4;
    1277 : 0CB0;
    1278 : 0D29;
    1279 : 0DF9;
    1280 : 0E76;
    1281 : 0DF6;
    1282 : 0D5B;
    1283 : 0D04;
    1284 : 0C2F;
    1285 : 0AEF;
    1286 : 09B7;
    1287 : 0844;
    1288 : 06C9;
    1289 : 05EA;
    1290 : 0529;
    1291 : 03C4;
    1292 : 023F;
    1293 : 0143;
    1294 : 00AE;
    1295 : 005E;
    1296 : 004E;
    1297 : 002D;
    1298 : FFF0;
    1299 : FFFB;
    1300 : 0062;
    1301 : 00D7;
    1302 : 0142;
    1303 : 01B3;
    1304 : 0213;
    1305 : 025A;
    1306 : 0291;
    1307 : 029D;
    1308 : 025A;
    1309 : 01E0;
    1310 : 0144;
    1311 : 0072;
    1312 : FF6C;
    1313 : FE48;
    1314 : FD08;
    1315 : FBCD;
    1316 : FAB7;
    1317 : F985;
    1318 : F819;
    1319 : F6E8;
    1320 : F62D;
    1321 : F59D;
    1322 : F53A;
    1323 : F536;
    1324 : F551;
    1325 : F57D;
    1326 : F623;
    1327 : F740;
    1328 : F86F;
    1329 : F9AF;
    1330 : FB18;
    1331 : FC81;
    1332 : FE08;
    1333 : FFC8;
    1334 : 0162;
    1335 : 029F;
    1336 : 03CD;
    1337 : 0501;
    1338 : 05FB;
    1339 : 06BC;
    1340 : 0748;
    1341 : 0774;
    1342 : 076B;
    1343 : 078B;
    1344 : 07A1;
    1345 : 0740;
    1346 : 06AE;
    1347 : 0675;
    1348 : 0665;
    1349 : 060B;
    1350 : 058D;
    1351 : 054B;
    1352 : 054D;
    1353 : 0587;
    1354 : 05FA;
    1355 : 068D;
    1356 : 072A;
    1357 : 07BB;
    1358 : 0818;
    1359 : 0860;
    1360 : 08EE;
    1361 : 09A5;
    1362 : 0A1F;
    1363 : 0A72;
    1364 : 0AE1;
    1365 : 0B42;
    1366 : 0B43;
    1367 : 0AC9;
    1368 : 0A03;
    1369 : 094A;
    1370 : 08A3;
    1371 : 079B;
    1372 : 060F;
    1373 : 046D;
    1374 : 0314;
    1375 : 01E6;
    1376 : 009A;
    1377 : FF23;
    1378 : FDBB;
    1379 : FC81;
    1380 : FB59;
    1381 : FA4A;
    1382 : F973;
    1383 : F8A6;
    1384 : F7D5;
    1385 : F75B;
    1386 : F744;
    1387 : F74A;
    1388 : F76D;
    1389 : F7C0;
    1390 : F826;
    1391 : F89D;
    1392 : F907;
    1393 : F92E;
    1394 : F949;
    1395 : F973;
    1396 : F93E;
    1397 : F8C1;
    1398 : F8A6;
    1399 : F8D6;
    1400 : F8CD;
    1401 : F8A9;
    1402 : F87D;
    1403 : F806;
    1404 : F767;
    1405 : F6D1;
    1406 : F62E;
    1407 : F5D9;
    1408 : F61F;
    1409 : F684;
    1410 : F6C9;
    1411 : F764;
    1412 : F865;
    1413 : F977;
    1414 : FAA1;
    1415 : FBEB;
    1416 : FD3F;
    1417 : FEC1;
    1418 : 0066;
    1419 : 01D9;
    1420 : 032C;
    1421 : 0497;
    1422 : 05DB;
    1423 : 06CC;
    1424 : 0793;
    1425 : 083D;
    1426 : 08B1;
    1427 : 08E1;
    1428 : 08B8;
    1429 : 084C;
    1430 : 07D7;
    1431 : 0734;
    1432 : 061D;
    1433 : 04BF;
    1434 : 037E;
    1435 : 027C;
    1436 : 019B;
    1437 : 00A2;
    1438 : FF89;
    1439 : FEAF;
    1440 : FE2B;
    1441 : FD8B;
    1442 : FCCC;
    1443 : FC7F;
    1444 : FCAC;
    1445 : FCEE;
    1446 : FD62;
    1447 : FE2D;
    1448 : FED3;
    1449 : FF1C;
    1450 : FF5D;
    1451 : FFA6;
    1452 : FFC5;
    1453 : FFD1;
    1454 : FFC3;
    1455 : FF68;
    1456 : FEF6;
    1457 : FE9D;
    1458 : FDF2;
    1459 : FCBB;
    1460 : FB6F;
    1461 : FA60;
    1462 : F95F;
    1463 : F837;
    1464 : F6E3;
    1465 : F5A7;
    1466 : F4D8;
    1467 : F447;
    1468 : F39E;
    1469 : F32E;
    1470 : F34F;
    1471 : F3AC;
    1472 : F410;
    1473 : F4C1;
    1474 : F5C5;
    1475 : F6E7;
    1476 : F82B;
    1477 : F985;
    1478 : FAE2;
    1479 : FC6E;
    1480 : FE16;
    1481 : FF67;
    1482 : 0044;
    1483 : 0105;
    1484 : 01EC;
    1485 : 02DC;
    1486 : 0368;
    1487 : 0373;
    1488 : 0395;
    1489 : 040A;
    1490 : 0428;
    1491 : 03BA;
    1492 : 0356;
    1493 : 0315;
    1494 : 02B3;
    1495 : 024E;
    1496 : 01EA;
    1497 : 0180;
    1498 : 0191;
    1499 : 0226;
    1500 : 0276;
    1501 : 0288;
    1502 : 0316;
    1503 : 03D9;
    1504 : 0440;
    1505 : 04B8;
    1506 : 058E;
    1507 : 064B;
    1508 : 06D6;
    1509 : 0760;
    1510 : 07B5;
    1511 : 07D3;
    1512 : 07F3;
    1513 : 07C9;
    1514 : 0719;
    1515 : 0663;
    1516 : 05CA;
    1517 : 04C2;
    1518 : 0350;
    1519 : 01F0;
    1520 : 0094;
    1521 : FF16;
    1522 : FDC5;
    1523 : FCA0;
    1524 : FB5B;
    1525 : FA2E;
    1526 : F941;
    1527 : F838;
    1528 : F721;
    1529 : F66F;
    1530 : F5F3;
    1531 : F55F;
    1532 : F524;
    1533 : F576;
    1534 : F5D1;
    1535 : F5FE;
    1536 : F63E;
    1537 : F698;
    1538 : F712;
    1539 : F7A1;
    1540 : F7CB;
    1541 : F77B;
    1542 : F762;
    1543 : F7A2;
    1544 : F797;
    1545 : F735;
    1546 : F6FD;
    1547 : F6E4;
    1548 : F685;
    1549 : F5E4;
    1550 : F53D;
    1551 : F4B2;
    1552 : F44B;
    1553 : F3F9;
    1554 : F3C9;
    1555 : F3F5;
    1556 : F485;
    1557 : F53E;
    1558 : F618;
    1559 : F73A;
    1560 : F896;
    1561 : F9F2;
    1562 : FB40;
    1563 : FCBA;
    1564 : FE75;
    1565 : 0019;
    1566 : 0155;
    1567 : 025C;
    1568 : 0390;
    1569 : 04EA;
    1570 : 0613;
    1571 : 06BB;
    1572 : 06D7;
    1573 : 06B1;
    1574 : 068A;
    1575 : 063C;
    1576 : 059D;
    1577 : 04BD;
    1578 : 03A0;
    1579 : 0253;
    1580 : 0120;
    1581 : 001F;
    1582 : FF07;
    1583 : FDC3;
    1584 : FCA4;
    1585 : FBD2;
    1586 : FB22;
    1587 : FA79;
    1588 : F9E3;
    1589 : F977;
    1590 : F949;
    1591 : F95D;
    1592 : F9A1;
    1593 : F9FD;
    1594 : FA57;
    1595 : FAA3;
    1596 : FAF7;
    1597 : FB5B;
    1598 : FBA3;
    1599 : FBAD;
    1600 : FB88;
    1601 : FB42;
    1602 : FAC8;
    1603 : FA16;
    1604 : F937;
    1605 : F82B;
    1606 : F6FB;
    1607 : F5BE;
    1608 : F472;
    1609 : F323;
    1610 : F1F8;
    1611 : F0F7;
    1612 : F00F;
    1613 : EF4D;
    1614 : EEC0;
    1615 : EE5A;
    1616 : EE3A;
    1617 : EEA0;
    1618 : EF7A;
    1619 : F070;
    1620 : F163;
    1621 : F280;
    1622 : F3EF;
    1623 : F5A6;
    1624 : F765;
    1625 : F8F9;
    1626 : FA63;
    1627 : FBAB;
    1628 : FCE0;
    1629 : FE1D;
    1630 : FF55;
    1631 : 0042;
    1632 : 00DA;
    1633 : 0159;
    1634 : 01D0;
    1635 : 0215;
    1636 : 021C;
    1637 : 0209;
    1638 : 0201;
    1639 : 01EC;
    1640 : 018B;
    1641 : 00F6;
    1642 : 0092;
    1643 : 0070;
    1644 : 0059;
    1645 : 0057;
    1646 : 009D;
    1647 : 0110;
    1648 : 0186;
    1649 : 020B;
    1650 : 02A9;
    1651 : 035B;
    1652 : 0426;
    1653 : 04E9;
    1654 : 056E;
    1655 : 05D0;
    1656 : 0659;
    1657 : 06F0;
    1658 : 0733;
    1659 : 0708;
    1660 : 06A6;
    1661 : 0629;
    1662 : 0586;
    1663 : 04A9;
    1664 : 036B;
    1665 : 01C9;
    1666 : 001F;
    1667 : FEC6;
    1668 : FD9D;
    1669 : FC5A;
    1670 : FAF7;
    1671 : F9A0;
    1672 : F881;
    1673 : F7A3;
    1674 : F6CE;
    1675 : F5E8;
    1676 : F539;
    1677 : F4DC;
    1678 : F48D;
    1679 : F461;
    1680 : F4B4;
    1681 : F553;
    1682 : F5BE;
    1683 : F5F4;
    1684 : F647;
    1685 : F6BD;
    1686 : F71C;
    1687 : F743;
    1688 : F749;
    1689 : F74A;
    1690 : F730;
    1691 : F6DF;
    1692 : F67C;
    1693 : F64C;
    1694 : F645;
    1695 : F60E;
    1696 : F56F;
    1697 : F4A5;
    1698 : F41E;
    1699 : F3E4;
    1700 : F3A7;
    1701 : F369;
    1702 : F385;
    1703 : F418;
    1704 : F4F7;
    1705 : F601;
    1706 : F725;
    1707 : F85D;
    1708 : F9B3;
    1709 : FB2B;
    1710 : FCBB;
    1711 : FE5E;
    1712 : FFF8;
    1713 : 015E;
    1714 : 02A4;
    1715 : 0407;
    1716 : 0571;
    1717 : 0685;
    1718 : 071B;
    1719 : 075B;
    1720 : 0771;
    1721 : 0753;
    1722 : 06D9;
    1723 : 0609;
    1724 : 0526;
    1725 : 0449;
    1726 : 0345;
    1727 : 0219;
    1728 : 010B;
    1729 : 002E;
    1730 : FF3C;
    1731 : FE26;
    1732 : FD35;
    1733 : FC87;
    1734 : FC02;
    1735 : FBA6;
    1736 : FB83;
    1737 : FB94;
    1738 : FBD4;
    1739 : FC35;
    1740 : FC95;
    1741 : FCF3;
    1742 : FD60;
    1743 : FDC2;
    1744 : FE05;
    1745 : FE41;
    1746 : FE68;
    1747 : FE53;
    1748 : FE13;
    1749 : FDBA;
    1750 : FD26;
    1751 : FC4A;
    1752 : FB48;
    1753 : FA28;
    1754 : F8EC;
    1755 : F7B0;
    1756 : F686;
    1757 : F572;
    1758 : F480;
    1759 : F3B5;
    1760 : F312;
    1761 : F2AD;
    1762 : F297;
    1763 : F2CC;
    1764 : F34B;
    1765 : F410;
    1766 : F50A;
    1767 : F62E;
    1768 : F77F;
    1769 : F8FC;
    1770 : FA8E;
    1771 : FC15;
    1772 : FD85;
    1773 : FEF7;
    1774 : 0069;
    1775 : 01B5;
    1776 : 02C9;
    1777 : 03AD;
    1778 : 0468;
    1779 : 050F;
    1780 : 05A1;
    1781 : 05E6;
    1782 : 05E0;
    1783 : 05ED;
    1784 : 061F;
    1785 : 0616;
    1786 : 05A9;
    1787 : 0527;
    1788 : 04D1;
    1789 : 049A;
    1790 : 046A;
    1791 : 045F;
    1792 : 04A5;
    1793 : 0523;
    1794 : 05A5;
    1795 : 062C;
    1796 : 06D1;
    1797 : 077C;
    1798 : 0803;
    1799 : 086E;
    1800 : 08DE;
    1801 : 096B;
    1802 : 0A15;
    1803 : 0AAD;
    1804 : 0AED;
    1805 : 0ACD;
    1806 : 0A75;
    1807 : 09F1;
    1808 : 0930;
    1809 : 083F;
    1810 : 0736;
    1811 : 05FA;
    1812 : 0478;
    1813 : 02ED;
    1814 : 0190;
    1815 : 004B;
    1816 : FF08;
    1817 : FDE0;
    1818 : FCDF;
    1819 : FBF3;
    1820 : FB23;
    1821 : FA7A;
    1822 : F9F2;
    1823 : F996;
    1824 : F96B;
    1825 : F95C;
    1826 : F97A;
    1827 : F9E8;
    1828 : FA80;
    1829 : FAF4;
    1830 : FB3D;
    1831 : FB91;
    1832 : FC08;
    1833 : FC71;
    1834 : FC8F;
    1835 : FC68;
    1836 : FC30;
    1837 : FBFC;
    1838 : FBC9;
    1839 : FB9F;
    1840 : FB6B;
    1841 : FB08;
    1842 : FA81;
    1843 : FA08;
    1844 : F9A6;
    1845 : F948;
    1846 : F8F6;
    1847 : F8D4;
    1848 : F900;
    1849 : F97C;
    1850 : FA48;
    1851 : FB5F;
    1852 : FCA8;
    1853 : FE02;
    1854 : FF71;
    1855 : 0101;
    1856 : 029B;
    1857 : 0431;
    1858 : 05D9;
    1859 : 0784;
    1860 : 0900;
    1861 : 0A49;
    1862 : 0B7F;
    1863 : 0C91;
    1864 : 0D49;
    1865 : 0D9B;
    1866 : 0DA1;
    1867 : 0D69;
    1868 : 0CE4;
    1869 : 0C12;
    1870 : 0B15;
    1871 : 0A0E;
    1872 : 0901;
    1873 : 07D0;
    1874 : 066D;
    1875 : 0512;
    1876 : 040A;
    1877 : 033B;
    1878 : 0265;
    1879 : 01A1;
    1880 : 012D;
    1881 : 00ED;
    1882 : 00BB;
    1883 : 00B4;
    1884 : 00F1;
    1885 : 014B;
    1886 : 01A1;
    1887 : 0209;
    1888 : 02A2;
    1889 : 034B;
    1890 : 03B6;
    1891 : 03D8;
    1892 : 03F1;
    1893 : 0404;
    1894 : 03D4;
    1895 : 0357;
    1896 : 02B1;
    1897 : 01EE;
    1898 : 010B;
    1899 : FFF9;
    1900 : FE9E;
    1901 : FD20;
    1902 : FBD3;
    1903 : FAB8;
    1904 : F99D;
    1905 : F8A8;
    1906 : F824;
    1907 : F80E;
    1908 : F825;
    1909 : F850;
    1910 : F8B8;
    1911 : F988;
    1912 : FAAF;
    1913 : FBFE;
    1914 : FD6D;
    1915 : FF06;
    1916 : 00BE;
    1917 : 028E;
    1918 : 0467;
    1919 : 0612;
    1920 : 076B;
    1921 : 0899;
    1922 : 09B3;
    1923 : 0A9C;
    1924 : 0B4A;
    1925 : 0BE6;
    1926 : 0C82;
    1927 : 0CF7;
    1928 : 0D18;
    1929 : 0CF3;
    1930 : 0CC3;
    1931 : 0C9B;
    1932 : 0C5C;
    1933 : 0C02;
    1934 : 0BAD;
    1935 : 0B6B;
    1936 : 0B3E;
    1937 : 0B3F;
    1938 : 0B6F;
    1939 : 0BAE;
    1940 : 0BF6;
    1941 : 0C64;
    1942 : 0D05;
    1943 : 0DC7;
    1944 : 0E91;
    1945 : 0F4C;
    1946 : 0FEF;
    1947 : 1093;
    1948 : 1131;
    1949 : 1194;
    1950 : 11B5;
    1951 : 11BF;
    1952 : 11A2;
    1953 : 111F;
    1954 : 1037;
    1955 : 0F21;
    1956 : 0DE8;
    1957 : 0C78;
    1958 : 0AD5;
    1959 : 091C;
    1960 : 076A;
    1961 : 05D9;
    1962 : 047B;
    1963 : 0350;
    1964 : 0246;
    1965 : 0135;
    1966 : 000E;
    1967 : FEFF;
    1968 : FE47;
    1969 : FDED;
    1970 : FDD6;
    1971 : FDDB;
    1972 : FDDE;
    1973 : FDE8;
    1974 : FE25;
    1975 : FE99;
    1976 : FF12;
    1977 : FF6C;
    1978 : FFBC;
    1979 : 001D;
    1980 : 0074;
    1981 : 008F;
    1982 : 0060;
    1983 : 0005;
    1984 : FFB4;
    1985 : FF8D;
    1986 : FF6E;
    1987 : FF1C;
    1988 : FE97;
    1989 : FE18;
    1990 : FDA8;
    1991 : FD20;
    1992 : FC97;
    1993 : FC55;
    1994 : FC70;
    1995 : FCD6;
    1996 : FD81;
    1997 : FE70;
    1998 : FF87;
    1999 : 00BB;
    2000 : 0225;
    2001 : 03CC;
    2002 : 0582;
    2003 : 0725;
    2004 : 08C2;
    2005 : 0A65;
    2006 : 0BED;
    2007 : 0D3A;
    2008 : 0E3C;
    2009 : 0EF9;
    2010 : 0F87;
    2011 : 0FF0;
    2012 : 1008;
    2013 : 0FA8;
    2014 : 0EF5;
    2015 : 0E2D;
    2016 : 0D4D;
    2017 : 0C37;
    2018 : 0AF2;
    2019 : 0994;
    2020 : 082D;
    2021 : 06D4;
    2022 : 059F;
    2023 : 0493;
    2024 : 039C;
    2025 : 02BA;
    2026 : 01FF;
    2027 : 016F;
    2028 : 0104;
    2029 : 00CD;
    2030 : 00DC;
    2031 : 0125;
    2032 : 0181;
    2033 : 01E9;
    2034 : 0262;
    2035 : 02D7;
    2036 : 0324;
    2037 : 0340;
    2038 : 0339;
    2039 : 0314;
    2040 : 02C8;
    2041 : 0251;
    2042 : 01AA;
    2043 : 00C6;
    2044 : FFB2;
    2045 : FE8D;
    2046 : FD57;
    2047 : FBF7;
    2048 : FA83;
    2049 : F933;
    2050 : F81D;
    2051 : F731;
    2052 : F676;
    2053 : F60C;
    2054 : F5F8;
    2055 : F61E;
    2056 : F681;
    2057 : F72F;
    2058 : F824;
    2059 : F950;
    2060 : FAB0;
    2061 : FC2D;
    2062 : FDB1;
    2063 : FF4A;
    2064 : 00F8;
    2065 : 0288;
    2066 : 03E6;
    2067 : 0535;
    2068 : 0669;
    2069 : 0759;
    2070 : 080F;
    2071 : 08A6;
    2072 : 0904;
    2073 : 091A;
    2074 : 091A;
    2075 : 091F;
    2076 : 08F5;
    2077 : 0883;
    2078 : 0814;
    2079 : 07E8;
    2080 : 07C3;
    2081 : 0755;
    2082 : 06C9;
    2083 : 0685;
    2084 : 0695;
    2085 : 06C7;
    2086 : 0714;
    2087 : 0789;
    2088 : 0811;
    2089 : 0898;
    2090 : 091E;
    2091 : 09A4;
    2092 : 0A32;
    2093 : 0AD1;
    2094 : 0B62;
    2095 : 0BB9;
    2096 : 0BE0;
    2097 : 0BF5;
    2098 : 0BD7;
    2099 : 0B4C;
    2100 : 0A6D;
    2101 : 097B;
    2102 : 086F;
    2103 : 0721;
    2104 : 059D;
    2105 : 0407;
    2106 : 026F;
    2107 : 00EF;
    2108 : FFA7;
    2109 : FE88;
    2110 : FD68;
    2111 : FC4D;
    2112 : FB6A;
    2113 : FAD3;
    2114 : FA6F;
    2115 : FA21;
    2116 : F9E3;
    2117 : F9C2;
    2118 : F9D7;
    2119 : FA2C;
    2120 : FAAC;
    2121 : FB3A;
    2122 : FBCE;
    2123 : FC59;
    2124 : FCBD;
    2125 : FCFF;
    2126 : FD3A;
    2127 : FD53;
    2128 : FD24;
    2129 : FCD3;
    2130 : FCA1;
    2131 : FC90;
    2132 : FC7B;
    2133 : FC55;
    2134 : FC19;
    2135 : FBB4;
    2136 : FB26;
    2137 : FAA4;
    2138 : FA5D;
    2139 : FA48;
    2140 : FA59;
    2141 : FABA;
    2142 : FB83;
    2143 : FC80;
    2144 : FD89;
    2145 : FECD;
    2146 : 0066;
    2147 : 0219;
    2148 : 03B3;
    2149 : 053C;
    2150 : 06C5;
    2151 : 0842;
    2152 : 09A2;
    2153 : 0ADA;
    2154 : 0BE1;
    2155 : 0CB2;
    2156 : 0D4C;
    2157 : 0DA5;
    2158 : 0DA5;
    2159 : 0D48;
    2160 : 0CAA;
    2161 : 0BD6;
    2162 : 0AC5;
    2163 : 0993;
    2164 : 0870;
    2165 : 0751;
    2166 : 0613;
    2167 : 04D1;
    2168 : 03BD;
    2169 : 02C6;
    2170 : 01BD;
    2171 : 00B0;
    2172 : FFE2;
    2173 : FF7C;
    2174 : FF60;
    2175 : FF4D;
    2176 : FF2F;
    2177 : FF3F;
    2178 : FFA5;
    2179 : 002F;
    2180 : 0097;
    2181 : 00E3;
    2182 : 0133;
    2183 : 0171;
    2184 : 0178;
    2185 : 0158;
    2186 : 0127;
    2187 : 00C4;
    2188 : 0009;
    2189 : FEFE;
    2190 : FDC8;
    2191 : FC7C;
    2192 : FB1C;
    2193 : F9AB;
    2194 : F846;
    2195 : F714;
    2196 : F628;
    2197 : F570;
    2198 : F4D0;
    2199 : F451;
    2200 : F423;
    2201 : F460;
    2202 : F4E9;
    2203 : F5A5;
    2204 : F6B0;
    2205 : F80E;
    2206 : F997;
    2207 : FB35;
    2208 : FCF7;
    2209 : FEC5;
    2210 : 006F;
    2211 : 01F1;
    2212 : 0361;
    2213 : 04B8;
    2214 : 05E0;
    2215 : 06DC;
    2216 : 07BB;
    2217 : 0872;
    2218 : 08E5;
    2219 : 091A;
    2220 : 092B;
    2221 : 0914;
    2222 : 08D3;
    2223 : 0885;
    2224 : 0846;
    2225 : 07FF;
    2226 : 0797;
    2227 : 0715;
    2228 : 06A1;
    2229 : 0662;
    2230 : 0665;
    2231 : 0698;
    2232 : 06EA;
    2233 : 075A;
    2234 : 07ED;
    2235 : 089A;
    2236 : 0948;
    2237 : 09E1;
    2238 : 0A70;
    2239 : 0B11;
    2240 : 0BB6;
    2241 : 0C2D;
    2242 : 0C56;
    2243 : 0C43;
    2244 : 0BFB;
    2245 : 0B59;
    2246 : 0A4C;
    2247 : 0907;
    2248 : 07BF;
    2249 : 065C;
    2250 : 04BF;
    2251 : 0306;
    2252 : 015E;
    2253 : FFCA;
    2254 : FE51;
    2255 : FCF7;
    2256 : FBAB;
    2257 : FA71;
    2258 : F979;
    2259 : F8CC;
    2260 : F836;
    2261 : F7A1;
    2262 : F73B;
    2263 : F72E;
    2264 : F75C;
    2265 : F795;
    2266 : F7D7;
    2267 : F83B;
    2268 : F8A5;
    2269 : F8F0;
    2270 : F934;
    2271 : F992;
    2272 : F9E5;
    2273 : F9F0;
    2274 : F9B2;
    2275 : F958;
    2276 : F900;
    2277 : F8B7;
    2278 : F880;
    2279 : F851;
    2280 : F813;
    2281 : F7B9;
    2282 : F741;
    2283 : F6B3;
    2284 : F628;
    2285 : F5D3;
    2286 : F5D1;
    2287 : F612;
    2288 : F691;
    2289 : F76B;
    2290 : F8AD;
    2291 : FA29;
    2292 : FBB3;
    2293 : FD48;
    2294 : FEE5;
    2295 : 006F;
    2296 : 01E1;
    2297 : 034E;
    2298 : 04B5;
    2299 : 05EC;
    2300 : 06E3;
    2301 : 07A5;
    2302 : 0828;
    2303 : 0857;
    2304 : 083D;
    2305 : 0803;
    2306 : 07A8;
    2307 : 0706;
    2308 : 061A;
    2309 : 0513;
    2310 : 0409;
    2311 : 02DE;
    2312 : 0186;
    2313 : 0037;
    2314 : FF26;
    2315 : FE42;
    2316 : FD6F;
    2317 : FCB5;
    2318 : FC1F;
    2319 : FBA3;
    2320 : FB3B;
    2321 : FAF8;
    2322 : FAF3;
    2323 : FB29;
    2324 : FB79;
    2325 : FBD3;
    2326 : FC4B;
    2327 : FCE7;
    2328 : FD77;
    2329 : FDC4;
    2330 : FDC3;
    2331 : FD8B;
    2332 : FD31;
    2333 : FCB5;
    2334 : FC0F;
    2335 : FB35;
    2336 : FA23;
    2337 : F8D4;
    2338 : F75F;
    2339 : F5F3;
    2340 : F4B2;
    2341 : F397;
    2342 : F290;
    2343 : F1A4;
    2344 : F0F1;
    2345 : F08D;
    2346 : F070;
    2347 : F093;
    2348 : F0FD;
    2349 : F1B3;
    2350 : F2A6;
    2351 : F3CA;
    2352 : F521;
    2353 : F6AC;
    2354 : F859;
    2355 : F9FD;
    2356 : FB77;
    2357 : FCD9;
    2358 : FE50;
    2359 : FFCA;
    2360 : 00FE;
    2361 : 01D6;
    2362 : 0279;
    2363 : 0305;
    2364 : 036E;
    2365 : 03A9;
    2366 : 03B4;
    2367 : 038D;
    2368 : 034A;
    2369 : 030A;
    2370 : 02C0;
    2371 : 023F;
    2372 : 019A;
    2373 : 0116;
    2374 : 00D0;
    2375 : 00AC;
    2376 : 00A5;
    2377 : 00DA;
    2378 : 0148;
    2379 : 01C2;
    2380 : 0238;
    2381 : 02C9;
    2382 : 037F;
    2383 : 042C;
    2384 : 04B4;
    2385 : 0527;
    2386 : 0598;
    2387 : 05F6;
    2388 : 0631;
    2389 : 0634;
    2390 : 05E5;
    2391 : 0545;
    2392 : 0471;
    2393 : 0369;
    2394 : 021C;
    2395 : 009B;
    2396 : FF09;
    2397 : FD68;
    2398 : FBB3;
    2399 : FA0D;
    2400 : F8A6;
    2401 : F77D;
    2402 : F677;
    2403 : F591;
    2404 : F4CF;
    2405 : F41A;
    2406 : F362;
    2407 : F2D3;
    2408 : F29A;
    2409 : F2A3;
    2410 : F2C5;
    2411 : F30E;
    2412 : F398;
    2413 : F43A;
    2414 : F4C0;
    2415 : F540;
    2416 : F5DA;
    2417 : F663;
    2418 : F69A;
    2419 : F686;
    2420 : F65D;
    2421 : F645;
    2422 : F641;
    2423 : F646;
    2424 : F645;
    2425 : F631;
    2426 : F609;
    2427 : F5CD;
    2428 : F578;
    2429 : F515;
    2430 : F4D0;
    2431 : F4D5;
    2432 : F51B;
    2433 : F588;
    2434 : F630;
    2435 : F737;
    2436 : F887;
    2437 : F9EF;
    2438 : FB68;
    2439 : FCF7;
    2440 : FE8E;
    2441 : 001F;
    2442 : 01AF;
    2443 : 0326;
    2444 : 0466;
    2445 : 0575;
    2446 : 066A;
    2447 : 0731;
    2448 : 07A9;
    2449 : 07D7;
    2450 : 07D0;
    2451 : 078F;
    2452 : 06FA;
    2453 : 0613;
    2454 : 04F1;
    2455 : 03A5;
    2456 : 024C;
    2457 : 010B;
    2458 : FFF2;
    2459 : FEED;
    2460 : FDE4;
    2461 : FCD9;
    2462 : FBDB;
    2463 : FAF9;
    2464 : FA41;
    2465 : F9BA;
    2466 : F964;
    2467 : F945;
    2468 : F96C;
    2469 : F9CC;
    2470 : FA3A;
    2471 : FA99;
    2472 : FAEE;
    2473 : FB43;
    2474 : FB93;
    2475 : FBCF;
    2476 : FBED;
    2477 : FBDA;
    2478 : FB88;
    2479 : FAFA;
    2480 : FA35;
    2481 : F942;
    2482 : F827;
    2483 : F6EA;
    2484 : F599;
    2485 : F44D;
    2486 : F323;
    2487 : F225;
    2488 : F14A;
    2489 : F092;
    2490 : F00D;
    2491 : EFBB;
    2492 : EFA5;
    2493 : EFE8;
    2494 : F090;
    2495 : F17F;
    2496 : F2A1;
    2497 : F40C;
    2498 : F5B9;
    2499 : F76A;
    2500 : F90C;
    2501 : FACB;
    2502 : FCA3;
    2503 : FE4A;
    2504 : FFA4;
    2505 : 00E8;
    2506 : 022B;
    2507 : 033A;
    2508 : 03FB;
    2509 : 0488;
    2510 : 04F2;
    2511 : 0539;
    2512 : 0571;
    2513 : 059D;
    2514 : 058C;
    2515 : 052C;
    2516 : 04B2;
    2517 : 0447;
    2518 : 03D7;
    2519 : 0369;
    2520 : 0334;
    2521 : 0339;
    2522 : 033D;
    2523 : 0342;
    2524 : 0387;
    2525 : 040F;
    2526 : 049C;
    2527 : 0521;
    2528 : 05C1;
    2529 : 0672;
    2530 : 0716;
    2531 : 07B0;
    2532 : 0833;
    2533 : 086D;
    2534 : 0861;
    2535 : 0848;
    2536 : 081A;
    2537 : 078C;
    2538 : 0699;
    2539 : 058F;
    2540 : 047C;
    2541 : 0328;
    2542 : 018E;
    2543 : FFE9;
    2544 : FE53;
    2545 : FCC1;
    2546 : FB53;
    2547 : FA2E;
    2548 : F92D;
    2549 : F82B;
    2550 : F752;
    2551 : F6C9;
    2552 : F65E;
    2553 : F5DE;
    2554 : F573;
    2555 : F553;
    2556 : F56A;
    2557 : F598;
    2558 : F5F1;
    2559 : F682;
    2560 : F71D;
    2561 : F79F;
    2562 : F819;
    2563 : F898;
    2564 : F8F6;
    2565 : F912;
    2566 : F8FC;
    2567 : F8DB;
    2568 : F8CF;
    2569 : F8E0;
    2570 : F8FD;
    2571 : F905;
    2572 : F8E8;
    2573 : F8B2;
    2574 : F869;
    2575 : F814;
    2576 : F7DA;
    2577 : F7E5;
    2578 : F833;
    2579 : F8A0;
    2580 : F92F;
    2581 : FA10;
    2582 : FB4D;
    2583 : FCC0;
    2584 : FE4B;
    2585 : FFEA;
    2586 : 018E;
    2587 : 0318;
    2588 : 048A;
    2589 : 05F6;
    2590 : 0746;
    2591 : 0858;
    2592 : 092C;
    2593 : 09D7;
    2594 : 0A53;
    2595 : 0A8B;
    2596 : 0A83;
    2597 : 0A43;
    2598 : 09BD;
    2599 : 08ED;
    2600 : 07F0;
    2601 : 06DE;
    2602 : 05B9;
    2603 : 0494;
    2604 : 038F;
    2605 : 029E;
    2606 : 0198;
    2607 : 0081;
    2608 : FF90;
    2609 : FEDE;
    2610 : FE50;
    2611 : FDD3;
    2612 : FD7D;
    2613 : FD61;
    2614 : FD6C;
    2615 : FD7E;
    2616 : FD95;
    2617 : FDD6;
    2618 : FE5B;
    2619 : FEF9;
    2620 : FF5F;
    2621 : FF74;
    2622 : FF70;
    2623 : FF6C;
    2624 : FF28;
    2625 : FE79;
    2626 : FD95;
    2627 : FCB2;
    2628 : FBB5;
    2629 : FA84;
    2630 : F948;
    2631 : F82A;
    2632 : F714;
    2633 : F5F9;
    2634 : F507;
    2635 : F45A;
    2636 : F3E0;
    2637 : F396;
    2638 : F39D;
    2639 : F3EE;
    2640 : F46C;
    2641 : F522;
    2642 : F631;
    2643 : F781;
    2644 : F8E5;
    2645 : FA64;
    2646 : FC11;
    2647 : FDCB;
    2648 : FF66;
    2649 : 00EB;
    2650 : 0263;
    2651 : 03A9;
    2652 : 04A0;
    2653 : 0562;
    2654 : 060A;
    2655 : 068E;
    2656 : 06DE;
    2657 : 06FF;
    2658 : 06F8;
    2659 : 06D1;
    2660 : 069F;
    2661 : 066A;
    2662 : 0617;
    2663 : 0597;
    2664 : 050D;
    2665 : 049D;
    2666 : 043D;
    2667 : 03E0;
    2668 : 03A3;
    2669 : 03AA;
    2670 : 03EC;
    2671 : 0447;
    2672 : 04AF;
    2673 : 052D;
    2674 : 05B8;
    2675 : 063A;
    2676 : 06A5;
    2677 : 06FB;
    2678 : 073E;
    2679 : 076B;
    2680 : 077C;
    2681 : 0769;
    2682 : 0718;
    2683 : 0678;
    2684 : 0594;
    2685 : 0484;
    2686 : 034F;
    2687 : 01F3;
    2688 : 007E;
    2689 : FF00;
    2690 : FD79;
    2691 : FBF0;
    2692 : FA8A;
    2693 : F964;
    2694 : F866;
    2695 : F777;
    2696 : F6A2;
    2697 : F5FC;
    2698 : F576;
    2699 : F508;
    2700 : F4CE;
    2701 : F4DD;
    2702 : F51A;
    2703 : F56D;
    2704 : F5D3;
    2705 : F640;
    2706 : F69D;
    2707 : F6F8;
    2708 : F769;
    2709 : F7D8;
    2710 : F815;
    2711 : F829;
    2712 : F842;
    2713 : F86C;
    2714 : F890;
    2715 : F8A9;
    2716 : F8B5;
    2717 : F89F;
    2718 : F86B;
    2719 : F83E;
    2720 : F823;
    2721 : F801;
    2722 : F7E3;
    2723 : F803;
    2724 : F873;
    2725 : F90A;
    2726 : F9BD;
    2727 : FAAF;
    2728 : FBE5;
    2729 : FD34;
    2730 : FE84;
    2731 : FFEF;
    2732 : 0178;
    2733 : 0300;
    2734 : 0467;
    2735 : 05A7;
    2736 : 06BD;
    2737 : 07A7;
    2738 : 086C;
    2739 : 0904;
    2740 : 0952;
    2741 : 094B;
    2742 : 0904;
    2743 : 0891;
    2744 : 07EB;
    2745 : 0710;
    2746 : 061A;
    2747 : 051C;
    2748 : 040C;
    2749 : 02E8;
    2750 : 01C7;
    2751 : 00B8;
    2752 : FFAE;
    2753 : FEAA;
    2754 : FDD1;
    2755 : FD36;
    2756 : FCC7;
    2757 : FC6B;
    2758 : FC2C;
    2759 : FC1E;
    2760 : FC38;
    2761 : FC68;
    2762 : FCAF;
    2763 : FD15;
    2764 : FD86;
    2765 : FDE3;
    2766 : FE25;
    2767 : FE56;
    2768 : FE74;
    2769 : FE6A;
    2770 : FE22;
    2771 : FD95;
    2772 : FCD2;
    2773 : FBED;
    2774 : FAE9;
    2775 : F9C0;
    2776 : F884;
    2777 : F75A;
    2778 : F650;
    2779 : F55E;
    2780 : F48F;
    2781 : F40C;
    2782 : F3E3;
    2783 : F3F7;
    2784 : F435;
    2785 : F4B1;
    2786 : F586;
    2787 : F6A5;
    2788 : F7E9;
    2789 : F94C;
    2790 : FAE2;
    2791 : FCAF;
    2792 : FE8D;
    2793 : 0050;
    2794 : 01EF;
    2795 : 037C;
    2796 : 04FA;
    2797 : 0651;
    2798 : 0777;
    2799 : 0879;
    2800 : 0955;
    2801 : 09F6;
    2802 : 0A57;
    2803 : 0A94;
    2804 : 0ABD;
    2805 : 0ACC;
    2806 : 0ABD;
    2807 : 0A95;
    2808 : 0A55;
    2809 : 0A00;
    2810 : 09AD;
    2811 : 0973;
    2812 : 0954;
    2813 : 094B;
    2814 : 095F;
    2815 : 098F;
    2816 : 09D5;
    2817 : 0A31;
    2818 : 0AA2;
    2819 : 0B18;
    2820 : 0B8C;
    2821 : 0C15;
    2822 : 0CB8;
    2823 : 0D4C;
    2824 : 0DAA;
    2825 : 0DD8;
    2826 : 0DE0;
    2827 : 0DA9;
    2828 : 0D20;
    2829 : 0C5B;
    2830 : 0B76;
    2831 : 0A71;
    2832 : 0941;
    2833 : 07E7;
    2834 : 066E;
    2835 : 04E3;
    2836 : 035E;
    2837 : 01F2;
    2838 : 00A3;
    2839 : FF74;
    2840 : FE71;
    2841 : FD9F;
    2842 : FCF4;
    2843 : FC63;
    2844 : FBDB;
    2845 : FB58;
    2846 : FAF2;
    2847 : FACE;
    2848 : FAED;
    2849 : FB32;
    2850 : FB93;
    2851 : FC14;
    2852 : FC98;
    2853 : FCFA;
    2854 : FD4E;
    2855 : FDBE;
    2856 : FE36;
    2857 : FE7E;
    2858 : FE98;
    2859 : FEBA;
    2860 : FEFC;
    2861 : FF42;
    2862 : FF6A;
    2863 : FF6A;
    2864 : FF57;
    2865 : FF55;
    2866 : FF70;
    2867 : FF8E;
    2868 : FFA5;
    2869 : FFDC;
    2870 : 005D;
    2871 : 0119;
    2872 : 01F2;
    2873 : 02F0;
    2874 : 042B;
    2875 : 059B;
    2876 : 0728;
    2877 : 08B6;
    2878 : 0A31;
    2879 : 0B97;
    2880 : 0D03;
    2881 : 0E72;
    2882 : 0FA6;
    2883 : 107E;
    2884 : 1128;
    2885 : 11BE;
    2886 : 1214;
    2887 : 120E;
    2888 : 11D8;
    2889 : 1188;
    2890 : 10F4;
    2891 : 101B;
    2892 : 0F3B;
    2893 : 0E6B;
    2894 : 0D72;
    2895 : 0C3C;
    2896 : 0B07;
    2897 : 09FE;
    2898 : 0912;
    2899 : 083B;
    2900 : 078F;
    2901 : 06FF;
    2902 : 0666;
    2903 : 05CB;
    2904 : 0561;
    2905 : 053E;
    2906 : 054C;
    2907 : 0573;
    2908 : 05AE;
    2909 : 05FA;
    2910 : 0652;
    2911 : 06A9;
    2912 : 06EE;
    2913 : 0717;
    2914 : 0722;
    2915 : 0703;
    2916 : 06A4;
    2917 : 0609;
    2918 : 054E;
    2919 : 047A;
    2920 : 037D;
    2921 : 0264;
    2922 : 0153;
    2923 : 0051;
    2924 : FF4A;
    2925 : FE4C;
    2926 : FD81;
    2927 : FD02;
    2928 : FCC2;
    2929 : FCB8;
    2930 : FCEC;
    2931 : FD63;
    2932 : FE11;
    2933 : FEF0;
    2934 : FFFB;
    2935 : 0133;
    2936 : 0294;
    2937 : 041A;
    2938 : 05B5;
    2939 : 074F;
    2940 : 08CB;
    2941 : 0A1B;
    2942 : 0B4A;
    2943 : 0C72;
    2944 : 0D92;
    2945 : 0E82;
    2946 : 0F24;
    2947 : 0F8C;
    2948 : 0FD3;
    2949 : 0FFC;
    2950 : 1001;
    2951 : 0FEB;
    2952 : 0FC1;
    2953 : 0F7A;
    2954 : 0F10;
    2955 : 0E96;
    2956 : 0E21;
    2957 : 0DB8;
    2958 : 0D5E;
    2959 : 0D1C;
    2960 : 0CF9;
    2961 : 0CF4;
    2962 : 0CFF;
    2963 : 0D12;
    2964 : 0D3D;
    2965 : 0D98;
    2966 : 0E1E;
    2967 : 0EA3;
    2968 : 0F06;
    2969 : 0F53;
    2970 : 0F91;
    2971 : 0FAA;
    2972 : 0F81;
    2973 : 0F1D;
    2974 : 0E87;
    2975 : 0DBF;
    2976 : 0CC6;
    2977 : 0BAE;
    2978 : 0A7D;
    2979 : 092F;
    2980 : 07CF;
    2981 : 0672;
    2982 : 051C;
    2983 : 03CD;
    2984 : 0290;
    2985 : 0164;
    2986 : 0038;
    2987 : FF21;
    2988 : FE50;
    2989 : FDC2;
    2990 : FD38;
    2991 : FCA5;
    2992 : FC4E;
    2993 : FC53;
    2994 : FC77;
    2995 : FC89;
    2996 : FCA7;
    2997 : FCF0;
    2998 : FD44;
    2999 : FD86;
    3000 : FDC7;
    3001 : FE11;
    3002 : FE47;
    3003 : FE5C;
    3004 : FE72;
    3005 : FEA3;
    3006 : FEDE;
    3007 : FF09;
    3008 : FF14;
    3009 : FEF9;
    3010 : FEC5;
    3011 : FEA3;
    3012 : FEA5;
    3013 : FEAE;
    3014 : FEB1;
    3015 : FED6;
    3016 : FF45;
    3017 : FFEC;
    3018 : 00B4;
    3019 : 01A9;
    3020 : 02D7;
    3021 : 041C;
    3022 : 0553;
    3023 : 0681;
    3024 : 07BC;
    3025 : 08FF;
    3026 : 0A2F;
    3027 : 0B35;
    3028 : 0C02;
    3029 : 0C9C;
    3030 : 0D18;
    3031 : 0D80;
    3032 : 0DB9;
    3033 : 0DA7;
    3034 : 0D47;
    3035 : 0CA9;
    3036 : 0BD7;
    3037 : 0ADD;
    3038 : 09CB;
    3039 : 08A6;
    3040 : 0775;
    3041 : 0647;
    3042 : 0531;
    3043 : 042B;
    3044 : 0321;
    3045 : 0216;
    3046 : 011A;
    3047 : 003A;
    3048 : FF78;
    3049 : FED8;
    3050 : FE5B;
    3051 : FE09;
    3052 : FDEA;
    3053 : FDF7;
    3054 : FE1B;
    3055 : FE49;
    3056 : FE86;
    3057 : FEBF;
    3058 : FEC7;
    3059 : FE8D;
    3060 : FE34;
    3061 : FDD7;
    3062 : FD59;
    3063 : FC9F;
    3064 : FBBC;
    3065 : FAC9;
    3066 : F9BA;
    3067 : F88B;
    3068 : F762;
    3069 : F668;
    3070 : F596;
    3071 : F4D2;
    3072 : F41D;
    3073 : F394;
    3074 : F353;
    3075 : F35B;
    3076 : F3A1;
    3077 : F41D;
    3078 : F4E1;
    3079 : F5F3;
    3080 : F732;
    3081 : F877;
    3082 : F9CC;
    3083 : FB54;
    3084 : FCFF;
    3085 : FE92;
    3086 : FFF7;
    3087 : 014B;
    3088 : 0299;
    3089 : 03CA;
    3090 : 04D9;
    3091 : 05DB;
    3092 : 06C4;
    3093 : 0766;
    3094 : 07B0;
    3095 : 07BF;
    3096 : 07B3;
    3097 : 078D;
    3098 : 074A;
    3099 : 06F6;
    3100 : 0697;
    3101 : 0625;
    3102 : 05AA;
    3103 : 0545;
    3104 : 050E;
    3105 : 04FC;
    3106 : 04F6;
    3107 : 04F1;
    3108 : 04F9;
    3109 : 051E;
    3110 : 0561;
    3111 : 05B8;
    3112 : 0615;
    3113 : 0665;
    3114 : 0699;
    3115 : 06B0;
    3116 : 06AC;
    3117 : 068F;
    3118 : 0649;
    3119 : 05CC;
    3120 : 0513;
    3121 : 0428;
    3122 : 0315;
    3123 : 01DF;
    3124 : 008A;
    3125 : FF1C;
    3126 : FD9F;
    3127 : FC1F;
    3128 : FAB0;
    3129 : F962;
    3130 : F836;
    3131 : F71C;
    3132 : F609;
    3133 : F502;
    3134 : F41B;
    3135 : F367;
    3136 : F2E7;
    3137 : F28F;
    3138 : F255;
    3139 : F247;
    3140 : F26E;
    3141 : F2A9;
    3142 : F2D4;
    3143 : F309;
    3144 : F37F;
    3145 : F427;
    3146 : F4AE;
    3147 : F4E5;
    3148 : F4F9;
    3149 : F520;
    3150 : F566;
    3151 : F5C3;
    3152 : F62B;
    3153 : F679;
    3154 : F684;
    3155 : F664;
    3156 : F64F;
    3157 : F64E;
    3158 : F650;
    3159 : F66B;
    3160 : F6C7;
    3161 : F74F;
    3162 : F7D7;
    3163 : F876;
    3164 : F961;
    3165 : FA8B;
    3166 : FBB6;
    3167 : FCD6;
    3168 : FE06;
    3169 : FF47;
    3170 : 0081;
    3171 : 01B9;
    3172 : 02F4;
    3173 : 0407;
    3174 : 04C4;
    3175 : 053C;
    3176 : 0593;
    3177 : 05BD;
    3178 : 0598;
    3179 : 0534;
    3180 : 04BE;
    3181 : 0433;
    3182 : 036D;
    3183 : 0271;
    3184 : 016A;
    3185 : 0063;
    3186 : FF41;
    3187 : FE04;
    3188 : FCE1;
    3189 : FBF2;
    3190 : FB14;
    3191 : FA27;
    3192 : F94C;
    3193 : F8A5;
    3194 : F818;
    3195 : F782;
    3196 : F700;
    3197 : F6CD;
    3198 : F6DF;
    3199 : F703;
    3200 : F728;
    3201 : F75F;
    3202 : F79A;
    3203 : F7B9;
    3204 : F7BC;
    3205 : F7B0;
    3206 : F78A;
    3207 : F739;
    3208 : F6C5;
    3209 : F632;
    3210 : F570;
    3211 : F481;
    3212 : F389;
    3213 : F2A1;
    3214 : F1C3;
    3215 : F0F5;
    3216 : F04D;
    3217 : EFBF;
    3218 : EF25;
    3219 : EE98;
    3220 : EE6C;
    3221 : EECB;
    3222 : EF7B;
    3223 : F03D;
    3224 : F11F;
    3225 : F244;
    3226 : F397;
    3227 : F4E8;
    3228 : F636;
    3229 : F7A2;
    3230 : F92A;
    3231 : FAA2;
    3232 : FBF4;
    3233 : FD3D;
    3234 : FE92;
    3235 : FFD3;
    3236 : 00D2;
    3237 : 019F;
    3238 : 0265;
    3239 : 0319;
    3240 : 0388;
    3241 : 03A4;
    3242 : 039E;
    3243 : 0399;
    3244 : 037D;
    3245 : 032B;
    3246 : 02BB;
    3247 : 0254;
    3248 : 01FE;
    3249 : 01AE;
    3250 : 0170;
    3251 : 0153;
    3252 : 0147;
    3253 : 013D;
    3254 : 014E;
    3255 : 0195;
    3256 : 01F0;
    3257 : 0222;
    3258 : 0229;
    3259 : 023B;
    3260 : 0269;
    3261 : 0284;
    3262 : 0273;
    3263 : 0248;
    3264 : 020C;
    3265 : 019D;
    3266 : 00E8;
    3267 : 0000;
    3268 : FEF9;
    3269 : FDD9;
    3270 : FCAB;
    3271 : FB80;
    3272 : FA53;
    3273 : F91E;
    3274 : F7EA;
    3275 : F6C0;
    3276 : F59C;
    3277 : F482;
    3278 : F381;
    3279 : F297;
    3280 : F1BD;
    3281 : F114;
    3282 : F0C7;
    3283 : F0BC;
    3284 : F0B5;
    3285 : F0B1;
    3286 : F0DB;
    3287 : F130;
    3288 : F184;
    3289 : F1DA;
    3290 : F254;
    3291 : F2DA;
    3292 : F335;
    3293 : F364;
    3294 : F39E;
    3295 : F404;
    3296 : F493;
    3297 : F536;
    3298 : F5BF;
    3299 : F60A;
    3300 : F62C;
    3301 : F65B;
    3302 : F69A;
    3303 : F6C9;
    3304 : F6FC;
    3305 : F75F;
    3306 : F7F0;
    3307 : F893;
    3308 : F951;
    3309 : FA38;
    3310 : FB2C;
    3311 : FC19;
    3312 : FD23;
    3313 : FE5A;
    3314 : FF91;
    3315 : 00AC;
    3316 : 01C0;
    3317 : 02CE;
    3318 : 03A9;
    3319 : 0452;
    3320 : 04F4;
    3321 : 0586;
    3322 : 05D3;
    3323 : 05D1;
    3324 : 05A4;
    3325 : 0548;
    3326 : 04A8;
    3327 : 03E2;
    3328 : 0317;
    3329 : 022E;
    3330 : 010F;
    3331 : FFE6;
    3332 : FEDC;
    3333 : FDDB;
    3334 : FCD1;
    3335 : FBE9;
    3336 : FB32;
    3337 : FA78;
    3338 : F99F;
    3339 : F8D6;
    3340 : F844;
    3341 : F7DE;
    3342 : F795;
    3343 : F776;
    3344 : F779;
    3345 : F785;
    3346 : F79C;
    3347 : F7D0;
    3348 : F809;
    3349 : F814;
    3350 : F7E4;
    3351 : F799;
    3352 : F749;
    3353 : F6EA;
    3354 : F672;
    3355 : F5E1;
    3356 : F539;
    3357 : F47D;
    3358 : F3B7;
    3359 : F2EE;
    3360 : F22B;
    3361 : F176;
    3362 : F0DF;
    3363 : F076;
    3364 : F042;
    3365 : F03A;
    3366 : F05C;
    3367 : F0C4;
    3368 : F190;
    3369 : F2A2;
    3370 : F3BD;
    3371 : F4E0;
    3372 : F637;
    3373 : F7C1;
    3374 : F941;
    3375 : FA9D;
    3376 : FBF8;
    3377 : FD5E;
    3378 : FEAD;
    3379 : FFE2;
    3380 : 0123;
    3381 : 0272;
    3382 : 0398;
    3383 : 0469;
    3384 : 04F4;
    3385 : 055B;
    3386 : 05AC;
    3387 : 05DB;
    3388 : 05D5;
    3389 : 0593;
    3390 : 0531;
    3391 : 04D6;
    3392 : 048E;
    3393 : 0450;
    3394 : 0421;
    3395 : 040C;
    3396 : 0403;
    3397 : 03ED;
    3398 : 03D4;
    3399 : 03D7;
    3400 : 03FA;
    3401 : 0421;
    3402 : 0443;
    3403 : 046C;
    3404 : 04A1;
    3405 : 04D1;
    3406 : 04E8;
    3407 : 04E3;
    3408 : 04C7;
    3409 : 0490;
    3410 : 0427;
    3411 : 0388;
    3412 : 02CA;
    3413 : 0200;
    3414 : 0114;
    3415 : FFF0;
    3416 : FEB2;
    3417 : FD8D;
    3418 : FC7C;
    3419 : FB59;
    3420 : FA21;
    3421 : F8F2;
    3422 : F7DB;
    3423 : F6D1;
    3424 : F5D5;
    3425 : F4F3;
    3426 : F437;
    3427 : F3AE;
    3428 : F365;
    3429 : F354;
    3430 : F368;
    3431 : F39B;
    3432 : F3E9;
    3433 : F43D;
    3434 : F484;
    3435 : F4D1;
    3436 : F540;
    3437 : F5C7;
    3438 : F642;
    3439 : F6A0;
    3440 : F6ED;
    3441 : F740;
    3442 : F7B2;
    3443 : F84C;
    3444 : F8ED;
    3445 : F96A;
    3446 : F9BD;
    3447 : F9FF;
    3448 : FA3B;
    3449 : FA75;
    3450 : FAC8;
    3451 : FB4E;
    3452 : FC03;
    3453 : FCD3;
    3454 : FDBF;
    3455 : FEC5;
    3456 : FFDF;
    3457 : 0108;
    3458 : 0237;
    3459 : 0353;
    3460 : 0454;
    3461 : 055E;
    3462 : 0688;
    3463 : 07AA;
    3464 : 0892;
    3465 : 0946;
    3466 : 09EC;
    3467 : 0A78;
    3468 : 0AC3;
    3469 : 0AC4;
    3470 : 0A87;
    3471 : 0A0F;
    3472 : 0967;
    3473 : 08A9;
    3474 : 07DB;
    3475 : 06F4;
    3476 : 0603;
    3477 : 0525;
    3478 : 0450;
    3479 : 0365;
    3480 : 026A;
    3481 : 0189;
    3482 : 00C9;
    3483 : 0013;
    3484 : FF61;
    3485 : FEC5;
    3486 : FE51;
    3487 : FE0B;
    3488 : FDF6;
    3489 : FDFC;
    3490 : FDFA;
    3491 : FDF0;
    3492 : FE09;
    3493 : FE50;
    3494 : FE8C;
    3495 : FE87;
    3496 : FE4D;
    3497 : FE01;
    3498 : FDA7;
    3499 : FD2E;
    3500 : FC9A;
    3501 : FC04;
    3502 : FB71;
    3503 : FAD0;
    3504 : FA1E;
    3505 : F975;
    3506 : F8E3;
    3507 : F861;
    3508 : F7ED;
    3509 : F799;
    3510 : F77E;
    3511 : F7A3;
    3512 : F80F;
    3513 : F8C9;
    3514 : F9C6;
    3515 : FAE9;
    3516 : FC25;
    3517 : FD7E;
    3518 : FEEF;
    3519 : 0063;
    3520 : 01DB;
    3521 : 0361;
    3522 : 04E3;
    3523 : 0637;
    3524 : 0765;
    3525 : 08A4;
    3526 : 0A00;
    3527 : 0B41;
    3528 : 0C39;
    3529 : 0CF8;
    3530 : 0D9C;
    3531 : 0E21;
    3532 : 0E70;
    3533 : 0E8C;
    3534 : 0E88;
    3535 : 0E73;
    3536 : 0E4A;
    3537 : 0E0B;
    3538 : 0DC6;
    3539 : 0D90;
    3540 : 0D66;
    3541 : 0D3F;
    3542 : 0D26;
    3543 : 0D31;
    3544 : 0D51;
    3545 : 0D5F;
    3546 : 0D5D;
    3547 : 0D79;
    3548 : 0DBD;
    3549 : 0DF7;
    3550 : 0E06;
    3551 : 0E02;
    3552 : 0E01;
    3553 : 0DF2;
    3554 : 0DBE;
    3555 : 0D5E;
    3556 : 0CCA;
    3557 : 0C02;
    3558 : 0B1F;
    3559 : 0A35;
    3560 : 092F;
    3561 : 07FD;
    3562 : 06C4;
    3563 : 05B0;
    3564 : 04B7;
    3565 : 03B8;
    3566 : 02B6;
    3567 : 01C3;
    3568 : 00D0;
    3569 : FFD8;
    3570 : FEF8;
    3571 : FE44;
    3572 : FDA5;
    3573 : FD18;
    3574 : FCCD;
    3575 : FCE7;
    3576 : FD33;
    3577 : FD6C;
    3578 : FD95;
    3579 : FDE0;
    3580 : FE59;
    3581 : FED1;
    3582 : FF27;
    3583 : FF71;
    3584 : FFCC;
    3585 : 0030;
    3586 : 008E;
    3587 : 00FD;
    3588 : 019E;
    3589 : 025F;
    3590 : 02F9;
    3591 : 0345;
    3592 : 036E;
    3593 : 03B1;
    3594 : 041A;
    3595 : 0497;
    3596 : 0526;
    3597 : 05DB;
    3598 : 06C0;
    3599 : 07C0;
    3600 : 08C7;
    3601 : 09CE;
    3602 : 0AD6;
    3603 : 0BDE;
    3604 : 0CDD;
    3605 : 0DCD;
    3606 : 0EBB;
    3607 : 0FAF;
    3608 : 1093;
    3609 : 1144;
    3610 : 11B7;
    3611 : 120D;
    3612 : 125F;
    3613 : 129B;
    3614 : 1297;
    3615 : 1245;
    3616 : 11C1;
    3617 : 1126;
    3618 : 106F;
    3619 : 0F8A;
    3620 : 0E78;
    3621 : 0D55;
    3622 : 0C3C;
    3623 : 0B37;
    3624 : 0A41;
    3625 : 0956;
    3626 : 086D;
    3627 : 0786;
    3628 : 06AF;
    3629 : 05F9;
    3630 : 055B;
    3631 : 04C8;
    3632 : 044A;
    3633 : 03F7;
    3634 : 03C2;
    3635 : 038A;
    3636 : 0352;
    3637 : 033E;
    3638 : 0355;
    3639 : 0364;
    3640 : 0342;
    3641 : 02FA;
    3642 : 02A7;
    3643 : 023C;
    3644 : 01A1;
    3645 : 00E3;
    3646 : 0026;
    3647 : FF79;
    3648 : FED1;
    3649 : FE26;
    3650 : FD86;
    3651 : FCFA;
    3652 : FC81;
    3653 : FC16;
    3654 : FBC2;
    3655 : FB94;
    3656 : FB9A;
    3657 : FBD3;
    3658 : FC3E;
    3659 : FCE1;
    3660 : FDC1;
    3661 : FED9;
    3662 : 000B;
    3663 : 0141;
    3664 : 0282;
    3665 : 03DB;
    3666 : 053B;
    3667 : 0683;
    3668 : 07AF;
    3669 : 08D6;
    3670 : 09FB;
    3671 : 0B0D;
    3672 : 0C09;
    3673 : 0CFB;
    3674 : 0DD7;
    3675 : 0E78;
    3676 : 0ED7;
    3677 : 0F13;
    3678 : 0F3C;
    3679 : 0F3E;
    3680 : 0F0A;
    3681 : 0EB1;
    3682 : 0E51;
    3683 : 0DF9;
    3684 : 0DAD;
    3685 : 0D6B;
    3686 : 0D33;
    3687 : 0D0A;
    3688 : 0CF0;
    3689 : 0CE0;
    3690 : 0CCE;
    3691 : 0CC0;
    3692 : 0CC0;
    3693 : 0CC5;
    3694 : 0CB9;
    3695 : 0C9C;
    3696 : 0C82;
    3697 : 0C72;
    3698 : 0C51;
    3699 : 0C07;
    3700 : 0B91;
    3701 : 0AF4;
    3702 : 0A31;
    3703 : 0943;
    3704 : 082A;
    3705 : 06F2;
    3706 : 05B6;
    3707 : 048B;
    3708 : 0375;
    3709 : 0266;
    3710 : 0158;
    3711 : 0048;
    3712 : FF35;
    3713 : FE29;
    3714 : FD2C;
    3715 : FC3D;
    3716 : FB55;
    3717 : FA7D;
    3718 : F9C7;
    3719 : F93A;
    3720 : F8DE;
    3721 : F8C5;
    3722 : F8E3;
    3723 : F908;
    3724 : F91D;
    3725 : F945;
    3726 : F99F;
    3727 : FA05;
    3728 : FA43;
    3729 : FA64;
    3730 : FA9E;
    3731 : FB05;
    3732 : FB88;
    3733 : FC13;
    3734 : FC9D;
    3735 : FD13;
    3736 : FD70;
    3737 : FDBE;
    3738 : FE06;
    3739 : FE4D;
    3740 : FEA9;
    3741 : FF38;
    3742 : FFF6;
    3743 : 00CD;
    3744 : 01BC;
    3745 : 02D2;
    3746 : 0404;
    3747 : 0529;
    3748 : 062B;
    3749 : 071B;
    3750 : 080C;
    3751 : 08F8;
    3752 : 09CC;
    3753 : 0A7F;
    3754 : 0B12;
    3755 : 0B87;
    3756 : 0BDE;
    3757 : 0C14;
    3758 : 0C2B;
    3759 : 0C20;
    3760 : 0BEA;
    3761 : 0B84;
    3762 : 0AF6;
    3763 : 0A48;
    3764 : 0977;
    3765 : 088A;
    3766 : 0797;
    3767 : 06A7;
    3768 : 05A9;
    3769 : 0498;
    3770 : 038C;
    3771 : 029C;
    3772 : 01BD;
    3773 : 00D7;
    3774 : FFE9;
    3775 : FF13;
    3776 : FE70;
    3777 : FE00;
    3778 : FDA3;
    3779 : FD3D;
    3780 : FCD5;
    3781 : FC8A;
    3782 : FC69;
    3783 : FC55;
    3784 : FC2F;
    3785 : FBF8;
    3786 : FBB8;
    3787 : FB5F;
    3788 : FAD9;
    3789 : FA2A;
    3790 : F96D;
    3791 : F8B0;
    3792 : F7F3;
    3793 : F737;
    3794 : F68E;
    3795 : F609;
    3796 : F5A9;
    3797 : F55A;
    3798 : F508;
    3799 : F4B8;
    3800 : F47F;
    3801 : F470;
    3802 : F497;
    3803 : F4F5;
    3804 : F58B;
    3805 : F656;
    3806 : F750;
    3807 : F866;
    3808 : F982;
    3809 : FAA1;
    3810 : FBCE;
    3811 : FD0A;
    3812 : FE3F;
    3813 : FF61;
    3814 : 0079;
    3815 : 018F;
    3816 : 0296;
    3817 : 038A;
    3818 : 0471;
    3819 : 0543;
    3820 : 05EB;
    3821 : 0668;
    3822 : 06C0;
    3823 : 06E8;
    3824 : 06D2;
    3825 : 0694;
    3826 : 0652;
    3827 : 060E;
    3828 : 05BB;
    3829 : 056B;
    3830 : 0539;
    3831 : 0518;
    3832 : 04ED;
    3833 : 04BE;
    3834 : 04A4;
    3835 : 0497;
    3836 : 0478;
    3837 : 0448;
    3838 : 0425;
    3839 : 041A;
    3840 : 0409;
    3841 : 03D7;
    3842 : 038C;
    3843 : 033F;
    3844 : 02E5;
    3845 : 0260;
    3846 : 01A7;
    3847 : 00D7;
    3848 : FFFF;
    3849 : FF0A;
    3850 : FDF1;
    3851 : FCD3;
    3852 : FBC8;
    3853 : FAC4;
    3854 : F9BB;
    3855 : F8C0;
    3856 : F7E0;
    3857 : F70A;
    3858 : F62E;
    3859 : F552;
    3860 : F47A;
    3861 : F3A0;
    3862 : F2D4;
    3863 : F232;
    3864 : F1B7;
    3865 : F159;
    3866 : F12E;
    3867 : F146;
    3868 : F177;
    3869 : F18D;
    3870 : F19D;
    3871 : F1D5;
    3872 : F216;
    3873 : F222;
    3874 : F20A;
    3875 : F226;
    3876 : F29E;
    3877 : F34A;
    3878 : F3F3;
    3879 : F480;
    3880 : F4EB;
    3881 : F546;
    3882 : F5A8;
    3883 : F615;
    3884 : F679;
    3885 : F6E4;
    3886 : F78C;
    3887 : F886;
    3888 : F9A4;
    3889 : FAB8;
    3890 : FBCF;
    3891 : FD03;
    3892 : FE43;
    3893 : FF66;
    3894 : 0061;
    3895 : 014C;
    3896 : 0233;
    3897 : 0306;
    3898 : 03B0;
    3899 : 0435;
    3900 : 04A7;
    3901 : 0507;
    3902 : 0544;
    3903 : 0555;
    3904 : 053D;
    3905 : 04FD;
    3906 : 0489;
    3907 : 03E6;
    3908 : 0331;
    3909 : 0287;
    3910 : 01E5;
    3911 : 0130;
    3912 : 0056;
    3913 : FF67;
    3914 : FE83;
    3915 : FDB4;
    3916 : FCE2;
    3917 : FBFB;
    3918 : FB0A;
    3919 : FA2F;
    3920 : F97E;
    3921 : F8F9;
    3922 : F894;
    3923 : F843;
    3924 : F7FB;
    3925 : F7B6;
    3926 : F775;
    3927 : F73C;
    3928 : F70B;
    3929 : F6D4;
    3930 : F68B;
    3931 : F635;
    3932 : F5D7;
    3933 : F561;
    3934 : F4BA;
    3935 : F3F0;
    3936 : F32B;
    3937 : F277;
    3938 : F1C2;
    3939 : F111;
    3940 : F084;
    3941 : F028;
    3942 : EFDF;
    3943 : EF96;
    3944 : EF64;
    3945 : EF5B;
    3946 : EF74;
    3947 : EFB6;
    3948 : F039;
    3949 : F0FC;
    3950 : F1DC;
    3951 : F2C9;
    3952 : F3D7;
    3953 : F508;
    3954 : F644;
    3955 : F77A;
    3956 : F8B3;
    3957 : F9ED;
    3958 : FB1C;
    3959 : FC48;
    3960 : FD7D;
    3961 : FEA8;
    3962 : FFB4;
    3963 : 00AD;
    3964 : 01A4;
    3965 : 0287;
    3966 : 033F;
    3967 : 03D0;
    3968 : 043D;
    3969 : 0472;
    3970 : 0468;
    3971 : 043C;
    3972 : 040F;
    3973 : 03ED;
    3974 : 03DC;
    3975 : 03D6;
    3976 : 03C7;
    3977 : 03AA;
    3978 : 039D;
    3979 : 03B8;
    3980 : 03E2;
    3981 : 03ED;
    3982 : 03D3;
    3983 : 03BB;
    3984 : 03C7;
    3985 : 03E6;
    3986 : 03E3;
    3987 : 0398;
    3988 : 031E;
    3989 : 02B0;
    3990 : 024A;
    3991 : 01B1;
    3992 : 00CF;
    3993 : FFD9;
    3994 : FEF0;
    3995 : FDF9;
    3996 : FCDE;
    3997 : FBC9;
    3998 : FADE;
    3999 : FA03;
    4000 : F915;
    4001 : F819;
    4002 : F727;
    4003 : F647;
    4004 : F577;
    4005 : F4AF;
    4006 : F3DE;
    4007 : F30A;
    4008 : F259;
    4009 : F1E0;
    4010 : F17E;
    4011 : F11D;
    4012 : F0DB;
    4013 : F0CF;
    4014 : F0E3;
    4015 : F0FE;
    4016 : F131;
    4017 : F173;
    4018 : F192;
    4019 : F184;
    4020 : F191;
    4021 : F1F8;
    4022 : F2A1;
    4023 : F34A;
    4024 : F3CD;
    4025 : F42A;
    4026 : F478;
    4027 : F4D6;
    4028 : F552;
    4029 : F5DE;
    4030 : F675;
    4031 : F730;
    4032 : F825;
    4033 : F94D;
    4034 : FA92;
    4035 : FBE7;
    4036 : FD35;
    4037 : FE69;
    4038 : FF90;
    4039 : 00C0;
    4040 : 01F2;
    4041 : 0302;
    4042 : 03E4;
    4043 : 049E;
    4044 : 052E;
    4045 : 058F;
    4046 : 05CF;
    4047 : 05F9;
    4048 : 060A;
    4049 : 05FE;
    4050 : 05D9;
    4051 : 0589;
    4052 : 04F4;
    4053 : 042F;
    4054 : 0372;
    4055 : 02C7;
    4056 : 0209;
    4057 : 0133;
    4058 : 0078;
    4059 : FFE8;
    4060 : FF4C;
    4061 : FE78;
    4062 : FD85;
    4063 : FC9F;
    4064 : FBCA;
    4065 : FB0C;
    4066 : FA88;
    4067 : FA51;
    4068 : FA3B;
    4069 : FA0B;
    4070 : F9BF;
    4071 : F97B;
    4072 : F941;
    4073 : F8F0;
    4074 : F87F;
    4075 : F80C;
    4076 : F7AE;
    4077 : F74D;
    4078 : F6C7;
    4079 : F612;
    4080 : F53C;
    4081 : F456;
    4082 : F36E;
    4083 : F291;
    4084 : F1C6;
    4085 : F118;
    4086 : F096;
    4087 : F045;
    4088 : F01A;
    4089 : F004;
    4090 : F007;
    4091 : F031;
    4092 : F088;
    4093 : F108;
    4094 : F1B1;
    4095 : F287;
    4096 : F385;
    4097 : F49E;
    4098 : F5C8;
    4099 : F6F9;
    4100 : F82D;
    4101 : F95B;
    4102 : FA81;
    4103 : FBA3;
    4104 : FCC6;
    4105 : FDE2;
    4106 : FEE6;
    4107 : FFD4;
    4108 : 00BB;
    4109 : 01A0;
    4110 : 026F;
    4111 : 0319;
    4112 : 03A5;
    4113 : 041A;
    4114 : 0467;
    4115 : 0477;
    4116 : 0463;
    4117 : 0456;
    4118 : 0455;
    4119 : 0445;
    4120 : 0426;
    4121 : 041D;
    4122 : 0438;
    4123 : 0457;
    4124 : 045D;
    4125 : 045B;
    4126 : 0467;
    4127 : 0478;
    4128 : 0472;
    4129 : 044F;
    4130 : 0421;
    4131 : 03F0;
    4132 : 03B4;
    4133 : 035F;
    4134 : 02E8;
    4135 : 024E;
    4136 : 0195;
    4137 : 00C7;
    4138 : FFE8;
    4139 : FEF8;
    4140 : FE00;
    4141 : FD0C;
    4142 : FC19;
    4143 : FB17;
    4144 : FA16;
    4145 : F93A;
    4146 : F881;
    4147 : F7C1;
    4148 : F6E3;
    4149 : F603;
    4150 : F536;
    4151 : F476;
    4152 : F3C7;
    4153 : F33D;
    4154 : F2D1;
    4155 : F26C;
    4156 : F20B;
    4157 : F1C1;
    4158 : F195;
    4159 : F18A;
    4160 : F1A4;
    4161 : F1CE;
    4162 : F1DA;
    4163 : F1C4;
    4164 : F1B9;
    4165 : F1D4;
    4166 : F208;
    4167 : F25E;
    4168 : F2F2;
    4169 : F3A6;
    4170 : F43C;
    4171 : F4B2;
    4172 : F534;
    4173 : F5C5;
    4174 : F648;
    4175 : F6D2;
    4176 : F79C;
    4177 : F8B8;
    4178 : FA05;
    4179 : FB6F;
    4180 : FCEF;
    4181 : FE79;
    4182 : FFFD;
    4183 : 016F;
    4184 : 02B7;
    4185 : 03C5;
    4186 : 04B0;
    4187 : 0597;
    4188 : 0667;
    4189 : 06F6;
    4190 : 0752;
    4191 : 07AA;
    4192 : 07F6;
    4193 : 0807;
    4194 : 07D9;
    4195 : 0782;
    4196 : 06F9;
    4197 : 063F;
    4198 : 0586;
    4199 : 04F8;
    4200 : 0476;
    4201 : 03D1;
    4202 : 031C;
    4203 : 027B;
    4204 : 01E6;
    4205 : 0140;
    4206 : 0087;
    4207 : FFC8;
    4208 : FF0B;
    4209 : FE5E;
    4210 : FDD7;
    4211 : FD76;
    4212 : FD2C;
    4213 : FCF7;
    4214 : FCD5;
    4215 : FCB3;
    4216 : FC7D;
    4217 : FC3A;
    4218 : FBF4;
    4219 : FBA5;
    4220 : FB3F;
    4221 : FAC1;
    4222 : FA2E;
    4223 : F98F;
    4224 : F8E5;
    4225 : F825;
    4226 : F745;
    4227 : F657;
    4228 : F579;
    4229 : F4B4;
    4230 : F406;
    4231 : F382;
    4232 : F33D;
    4233 : F32A;
    4234 : F334;
    4235 : F368;
    4236 : F3E4;
    4237 : F4A8;
    4238 : F590;
    4239 : F681;
    4240 : F77A;
    4241 : F891;
    4242 : F9D7;
    4243 : FB47;
    4244 : FCBF;
    4245 : FE1A;
    4246 : FF51;
    4247 : 0076;
    4248 : 01A7;
    4249 : 02EC;
    4250 : 042D;
    4251 : 0550;
    4252 : 065B;
    4253 : 076D;
    4254 : 0882;
    4255 : 0974;
    4256 : 0A35;
    4257 : 0AD9;
    4258 : 0B66;
    4259 : 0BC8;
    4260 : 0BFE;
    4261 : 0C23;
    4262 : 0C3E;
    4263 : 0C40;
    4264 : 0C3D;
    4265 : 0C59;
    4266 : 0C8A;
    4267 : 0CAC;
    4268 : 0CC9;
    4269 : 0D01;
    4270 : 0D42;
    4271 : 0D6C;
    4272 : 0D87;
    4273 : 0DA8;
    4274 : 0DC0;
    4275 : 0DBF;
    4276 : 0DB0;
    4277 : 0D94;
    4278 : 0D46;
    4279 : 0CB6;
    4280 : 0BFA;
    4281 : 0B2D;
    4282 : 0A4E;
    4283 : 095E;
    4284 : 0862;
    4285 : 0751;
    4286 : 062E;
    4287 : 0515;
    4288 : 0417;
    4289 : 032D;
    4290 : 025C;
    4291 : 01B2;
    4292 : 0119;
    4293 : 0068;
    4294 : FF9C;
    4295 : FED4;
    4296 : FE16;
    4297 : FD5E;
    4298 : FCBE;
    4299 : FC4E;
    4300 : FBFD;
    4301 : FBB2;
    4302 : FB6A;
    4303 : FB28;
    4304 : FAEB;
    4305 : FACA;
    4306 : FADE;
    4307 : FB0F;
    4308 : FB27;
    4309 : FB19;
    4310 : FB12;
    4311 : FB34;
    4312 : FB8D;
    4313 : FC20;
    4314 : FCD6;
    4315 : FD7D;
    4316 : FDFE;
    4317 : FE77;
    4318 : FF0A;
    4319 : FFB8;
    4320 : 007B;
    4321 : 0165;
    4322 : 0283;
    4323 : 03D9;
    4324 : 0565;
    4325 : 0710;
    4326 : 08AB;
    4327 : 0A21;
    4328 : 0B8D;
    4329 : 0CFB;
    4330 : 0E4E;
    4331 : 0F74;
    4332 : 1080;
    4333 : 116E;
    4334 : 1218;
    4335 : 1275;
    4336 : 12A7;
    4337 : 12BE;
    4338 : 12AA;
    4339 : 1268;
    4340 : 1205;
    4341 : 1186;
    4342 : 10EA;
    4343 : 1049;
    4344 : 0FB4;
    4345 : 0F21;
    4346 : 0E83;
    4347 : 0DE0;
    4348 : 0D3B;
    4349 : 0C9D;
    4350 : 0C14;
    4351 : 0BA2;
    4352 : 0B20;
    4353 : 0A71;
    4354 : 09B1;
    4355 : 090D;
    4356 : 0890;
    4357 : 0831;
    4358 : 07E7;
    4359 : 079D;
    4360 : 0740;
    4361 : 06E4;
    4362 : 069C;
    4363 : 0644;
    4364 : 05B6;
    4365 : 0506;
    4366 : 045B;
    4367 : 03AD;
    4368 : 02E4;
    4369 : 020D;
    4370 : 0135;
    4371 : 0042;
    4372 : FF2B;
    4373 : FE24;
    4374 : FD5C;
    4375 : FCC1;
    4376 : FC30;
    4377 : FBB4;
    4378 : FB6F;
    4379 : FB67;
    4380 : FB96;
    4381 : FBFB;
    4382 : FC98;
    4383 : FD6C;
    4384 : FE6C;
    4385 : FF7B;
    4386 : 0088;
    4387 : 019F;
    4388 : 02D0;
    4389 : 0406;
    4390 : 0528;
    4391 : 063C;
    4392 : 0757;
    4393 : 086F;
    4394 : 0976;
    4395 : 0A74;
    4396 : 0B69;
    4397 : 0C41;
    4398 : 0CFF;
    4399 : 0DC4;
    4400 : 0E90;
    4401 : 0F3B;
    4402 : 0FBC;
    4403 : 1030;
    4404 : 109E;
    4405 : 10EC;
    4406 : 111B;
    4407 : 1138;
    4408 : 1140;
    4409 : 112A;
    4410 : 110D;
    4411 : 110A;
    4412 : 1126;
    4413 : 1146;
    4414 : 1155;
    4415 : 115B;
    4416 : 116C;
    4417 : 1187;
    4418 : 1193;
    4419 : 117A;
    4420 : 114A;
    4421 : 1117;
    4422 : 10D3;
    4423 : 1057;
    4424 : 0FA3;
    4425 : 0ED9;
    4426 : 0DFC;
    4427 : 0CFF;
    4428 : 0BEE;
    4429 : 0AE2;
    4430 : 09D5;
    4431 : 08B7;
    4432 : 079A;
    4433 : 069D;
    4434 : 05C4;
    4435 : 0501;
    4436 : 0450;
    4437 : 03B5;
    4438 : 0318;
    4439 : 0268;
    4440 : 01AD;
    4441 : 00F9;
    4442 : 004C;
    4443 : FFB1;
    4444 : FF43;
    4445 : FF07;
    4446 : FED9;
    4447 : FE98;
    4448 : FE45;
    4449 : FDFE;
    4450 : FDD9;
    4451 : FDCC;
    4452 : FDB5;
    4453 : FD85;
    4454 : FD4D;
    4455 : FD31;
    4456 : FD54;
    4457 : FDB8;
    4458 : FE43;
    4459 : FECA;
    4460 : FF2A;
    4461 : FF6D;
    4462 : FFC8;
    4463 : 0057;
    4464 : 00F5;
    4465 : 0188;
    4466 : 023C;
    4467 : 0346;
    4468 : 049E;
    4469 : 061E;
    4470 : 07B1;
    4471 : 0948;
    4472 : 0AD0;
    4473 : 0C3B;
    4474 : 0D85;
    4475 : 0EA8;
    4476 : 0F9C;
    4477 : 1061;
    4478 : 10FD;
    4479 : 1172;
    4480 : 11B7;
    4481 : 11CC;
    4482 : 11BD;
    4483 : 1192;
    4484 : 1139;
    4485 : 109B;
    4486 : 0FC5;
    4487 : 0EE9;
    4488 : 0E22;
    4489 : 0D57;
    4490 : 0C78;
    4491 : 0BA6;
    4492 : 0AFF;
    4493 : 0A79;
    4494 : 09F8;
    4495 : 0968;
    4496 : 08C3;
    4497 : 0810;
    4498 : 0761;
    4499 : 06BA;
    4500 : 0623;
    4501 : 05A9;
    4502 : 054C;
    4503 : 04FD;
    4504 : 04B0;
    4505 : 045E;
    4506 : 0402;
    4507 : 039C;
    4508 : 0329;
    4509 : 02A8;
    4510 : 020C;
    4511 : 0141;
    4512 : 0052;
    4513 : FF6D;
    4514 : FE95;
    4515 : FD9F;
    4516 : FC83;
    4517 : FB6E;
    4518 : FA6A;
    4519 : F95F;
    4520 : F866;
    4521 : F7C1;
    4522 : F777;
    4523 : F753;
    4524 : F735;
    4525 : F735;
    4526 : F772;
    4527 : F7F7;
    4528 : F8C7;
    4529 : F9D0;
    4530 : FAE4;
    4531 : FBE2;
    4532 : FCE2;
    4533 : FDFD;
    4534 : FF1E;
    4535 : 002F;
    4536 : 0136;
    4537 : 0239;
    4538 : 0334;
    4539 : 0426;
    4540 : 050E;
    4541 : 05E9;
    4542 : 06BC;
    4543 : 0792;
    4544 : 0869;
    4545 : 092C;
    4546 : 09C4;
    4547 : 0A36;
    4548 : 0A93;
    4549 : 0AE3;
    4550 : 0B22;
    4551 : 0B52;
    4552 : 0B6E;
    4553 : 0B75;
    4554 : 0B84;
    4555 : 0BA9;
    4556 : 0BC0;
    4557 : 0BB0;
    4558 : 0BA5;
    4559 : 0BC4;
    4560 : 0BEA;
    4561 : 0BEE;
    4562 : 0BE1;
    4563 : 0BE2;
    4564 : 0BE9;
    4565 : 0BD7;
    4566 : 0BA5;
    4567 : 0B58;
    4568 : 0ADB;
    4569 : 0A19;
    4570 : 092A;
    4571 : 0842;
    4572 : 0764;
    4573 : 0664;
    4574 : 052E;
    4575 : 03DC;
    4576 : 0298;
    4577 : 0178;
    4578 : 007C;
    4579 : FF99;
    4580 : FEC8;
    4581 : FE03;
    4582 : FD44;
    4583 : FC89;
    4584 : FBD5;
    4585 : FB22;
    4586 : FA69;
    4587 : F9B9;
    4588 : F926;
    4589 : F8A6;
    4590 : F82B;
    4591 : F7C4;
    4592 : F77B;
    4593 : F72F;
    4594 : F6D1;
    4595 : F67F;
    4596 : F63C;
    4597 : F5D8;
    4598 : F557;
    4599 : F4FF;
    4600 : F4FD;
    4601 : F539;
    4602 : F591;
    4603 : F5F8;
    4604 : F65E;
    4605 : F6AE;
    4606 : F6F1;
    4607 : F740;
    4608 : F7A4;
    4609 : F81B;
    4610 : F8C2;
    4611 : F9BC;
    4612 : FB08;
    4613 : FC86;
    4614 : FE24;
    4615 : FFCA;
    4616 : 0163;
    4617 : 02EE;
    4618 : 0473;
    4619 : 05E5;
    4620 : 0735;
    4621 : 0860;
    4622 : 0960;
    4623 : 0A1D;
    4624 : 0A91;
    4625 : 0AD7;
    4626 : 0B09;
    4627 : 0B18;
    4628 : 0AEA;
    4629 : 0A85;
    4630 : 09F2;
    4631 : 092F;
    4632 : 0856;
    4633 : 0794;
    4634 : 06E7;
    4635 : 062C;
    4636 : 0573;
    4637 : 04E9;
    4638 : 0481;
    4639 : 03FB;
    4640 : 0348;
    4641 : 02AC;
    4642 : 0250;
    4643 : 01F6;
    4644 : 0165;
    4645 : 00D3;
    4646 : 007F;
    4647 : 0041;
    4648 : FFEA;
    4649 : FF91;
    4650 : FF4B;
    4651 : FEFE;
    4652 : FE9C;
    4653 : FE2E;
    4654 : FDB2;
    4655 : FD1F;
    4656 : FC71;
    4657 : FBAE;
    4658 : FAC6;
    4659 : F99E;
    4660 : F84B;
    4661 : F716;
    4662 : F619;
    4663 : F521;
    4664 : F427;
    4665 : F35D;
    4666 : F2C7;
    4667 : F247;
    4668 : F1F2;
    4669 : F1E5;
    4670 : F218;
    4671 : F284;
    4672 : F339;
    4673 : F434;
    4674 : F554;
    4675 : F678;
    4676 : F79A;
    4677 : F8C7;
    4678 : F9F9;
    4679 : FB17;
    4680 : FC1D;
    4681 : FD1B;
    4682 : FE14;
    4683 : FF07;
    4684 : 0001;
    4685 : 00F0;
    4686 : 01BD;
    4687 : 0282;
    4688 : 0357;
    4689 : 0418;
    4690 : 04B0;
    4691 : 0545;
    4692 : 05E2;
    4693 : 0656;
    4694 : 068D;
    4695 : 06BD;
    4696 : 070C;
    4697 : 0754;
    4698 : 0769;
    4699 : 076B;
    4700 : 078B;
    4701 : 07BB;
    4702 : 07D4;
    4703 : 07E7;
    4704 : 0816;
    4705 : 0852;
    4706 : 087B;
    4707 : 0891;
    4708 : 089F;
    4709 : 08A1;
    4710 : 0886;
    4711 : 0844;
    4712 : 07DE;
    4713 : 0756;
    4714 : 06A0;
    4715 : 05C0;
    4716 : 04CA;
    4717 : 03C2;
    4718 : 02A2;
    4719 : 016D;
    4720 : 002D;
    4721 : FEEC;
    4722 : FDCC;
    4723 : FCE0;
    4724 : FC0E;
    4725 : FB3B;
    4726 : FA7A;
    4727 : F9DA;
    4728 : F940;
    4729 : F896;
    4730 : F7DC;
    4731 : F722;
    4732 : F673;
    4733 : F5D3;
    4734 : F544;
    4735 : F4D8;
    4736 : F48D;
    4737 : F434;
    4738 : F3C4;
    4739 : F367;
    4740 : F327;
    4741 : F2D9;
    4742 : F26C;
    4743 : F1EF;
    4744 : F176;
    4745 : F12B;
    4746 : F13B;
    4747 : F194;
    4748 : F1F8;
    4749 : F23B;
    4750 : F266;
    4751 : F297;
    4752 : F2DC;
    4753 : F331;
    4754 : F3AD;
    4755 : F475;
    4756 : F580;
    4757 : F6B3;
    4758 : F819;
    4759 : F9B5;
    4760 : FB61;
    4761 : FCFC;
    4762 : FE85;
    4763 : FFF6;
    4764 : 0142;
    4765 : 026E;
    4766 : 0379;
    4767 : 0455;
    4768 : 04F8;
    4769 : 055F;
    4770 : 0595;
    4771 : 05AE;
    4772 : 05AC;
    4773 : 0579;
    4774 : 0500;
    4775 : 0449;
    4776 : 036B;
    4777 : 027E;
    4778 : 018E;
    4779 : 00B0;
    4780 : FFFE;
    4781 : FF6D;
    4782 : FED9;
    4783 : FE43;
    4784 : FDBD;
    4785 : FD44;
    4786 : FCCC;
    4787 : FC51;
    4788 : FBCB;
    4789 : FB45;
    4790 : FADC;
    4791 : FA9E;
    4792 : FA78;
    4793 : FA56;
    4794 : FA29;
    4795 : F9DE;
    4796 : F96C;
    4797 : F8E4;
    4798 : F85B;
    4799 : F7CA;
    4800 : F70F;
    4801 : F62E;
    4802 : F550;
    4803 : F46E;
    4804 : F354;
    4805 : F213;
    4806 : F0EB;
    4807 : EFDF;
    4808 : EECB;
    4809 : EDC9;
    4810 : ED03;
    4811 : EC6C;
    4812 : EBF3;
    4813 : EBAD;
    4814 : EBAC;
    4815 : EBEB;
    4816 : EC5F;
    4817 : ED10;
    4818 : EDF6;
    4819 : EEEE;
    4820 : EFEA;
    4821 : F103;
    4822 : F236;
    4823 : F351;
    4824 : F44A;
    4825 : F549;
    4826 : F652;
    4827 : F731;
    4828 : F7E6;
    4829 : F8A3;
    4830 : F96F;
    4831 : FA22;
    4832 : FAC0;
    4833 : FB6D;
    4834 : FC21;
    4835 : FCBB;
    4836 : FD43;
    4837 : FDC6;
    4838 : FE32;
    4839 : FE81;
    4840 : FECA;
    4841 : FF0F;
    4842 : FF46;
    4843 : FF79;
    4844 : FFB7;
    4845 : 0005;
    4846 : 0057;
    4847 : 00A4;
    4848 : 00EA;
    4849 : 0132;
    4850 : 017E;
    4851 : 01C6;
    4852 : 0200;
    4853 : 021B;
    4854 : 021C;
    4855 : 0219;
    4856 : 01FC;
    4857 : 0191;
    4858 : 00F5;
    4859 : 0068;
    4860 : FFD3;
    4861 : FEF4;
    4862 : FDD4;
    4863 : FCA7;
    4864 : FB84;
    4865 : FA72;
    4866 : F96B;
    4867 : F869;
    4868 : F781;
    4869 : F6CA;
    4870 : F62B;
    4871 : F581;
    4872 : F4D7;
    4873 : F445;
    4874 : F3C3;
    4875 : F32F;
    4876 : F28D;
    4877 : F206;
    4878 : F1A8;
    4879 : F159;
    4880 : F10B;
    4881 : F0BC;
    4882 : F05E;
    4883 : EFFD;
    4884 : EFBC;
    4885 : EF86;
    4886 : EF26;
    4887 : EE9E;
    4888 : EE1F;
    4889 : EDCA;
    4890 : EDBD;
    4891 : EE03;
    4892 : EE70;
    4893 : EEC0;
    4894 : EEDF;
    4895 : EEFB;
    4896 : EF4E;
    4897 : EFCD;
    4898 : F047;
    4899 : F0CB;
    4900 : F194;
    4901 : F2A0;
    4902 : F3DC;
    4903 : F55F;
    4904 : F731;
    4905 : F90C;
    4906 : FABD;
    4907 : FC4C;
    4908 : FDC2;
    4909 : FF26;
    4910 : 007F;
    4911 : 01B9;
    4912 : 02B2;
    4913 : 0369;
    4914 : 03F8;
    4915 : 0464;
    4916 : 049D;
    4917 : 04A1;
    4918 : 047C;
    4919 : 0424;
    4920 : 038A;
    4921 : 02CA;
    4922 : 0214;
    4923 : 0176;
    4924 : 00D6;
    4925 : 0035;
    4926 : FFB1;
    4927 : FF51;
    4928 : FEF4;
    4929 : FE8F;
    4930 : FE39;
    4931 : FDEE;
    4932 : FD8C;
    4933 : FD1C;
    4934 : FCCE;
    4935 : FCAC;
    4936 : FC9C;
    4937 : FC94;
    4938 : FC80;
    4939 : FC4B;
    4940 : FC14;
    4941 : FBF4;
    4942 : FBB1;
    4943 : FB1A;
    4944 : FA6E;
    4945 : F9D7;
    4946 : F91D;
    4947 : F825;
    4948 : F71A;
    4949 : F616;
    4950 : F503;
    4951 : F3D6;
    4952 : F2A0;
    4953 : F179;
    4954 : F082;
    4955 : EFC8;
    4956 : EF3D;
    4957 : EED4;
    4958 : EE94;
    4959 : EE90;
    4960 : EED8;
    4961 : EF5F;
    4962 : F00E;
    4963 : F0E3;
    4964 : F1E1;
    4965 : F308;
    4966 : F458;
    4967 : F5BC;
    4968 : F70B;
    4969 : F840;
    4970 : F96E;
    4971 : FA7C;
    4972 : FB56;
    4973 : FC2F;
    4974 : FD2E;
    4975 : FE31;
    4976 : FF11;
    4977 : FFD8;
    4978 : 0099;
    4979 : 015C;
    4980 : 0217;
    4981 : 02BB;
    4982 : 0347;
    4983 : 03BA;
    4984 : 040E;
    4985 : 0458;
    4986 : 04B2;
    4987 : 0510;
    4988 : 0560;
    4989 : 05BC;
    4990 : 062F;
    4991 : 06A3;
    4992 : 0714;
    4993 : 0789;
    4994 : 0800;
    4995 : 0876;
    4996 : 08E0;
    4997 : 0924;
    4998 : 0947;
    4999 : 0965;
    5000 : 0977;
    5001 : 0962;
    5002 : 0917;
    5003 : 0896;
    5004 : 07F7;
    5005 : 074F;
    5006 : 0685;
    5007 : 058A;
    5008 : 048B;
    5009 : 0395;
    5010 : 0286;
    5011 : 0187;
    5012 : 00CD;
    5013 : 0021;
    5014 : FF49;
    5015 : FE7C;
    5016 : FDE8;
    5017 : FD5F;
    5018 : FCC9;
    5019 : FC3C;
    5020 : FBAD;
    5021 : FB17;
    5022 : FA9D;
    5023 : FA55;
    5024 : FA26;
    5025 : F9E2;
    5026 : F97E;
    5027 : F91C;
    5028 : F8D7;
    5029 : F89B;
    5030 : F854;
    5031 : F805;
    5032 : F7A4;
    5033 : F736;
    5034 : F6F2;
    5035 : F6F5;
    5036 : F71A;
    5037 : F742;
    5038 : F773;
    5039 : F79B;
    5040 : F7B7;
    5041 : F7FD;
    5042 : F887;
    5043 : F929;
    5044 : F9C8;
    5045 : FA96;
    5046 : FBB4;
    5047 : FD0B;
    5048 : FE89;
    5049 : 003B;
    5050 : 020E;
    5051 : 03CC;
    5052 : 0568;
    5053 : 06FA;
    5054 : 0887;
    5055 : 09F8;
    5056 : 0B35;
    5057 : 0C24;
    5058 : 0CCC;
    5059 : 0D6A;
    5060 : 0E13;
    5061 : 0E95;
    5062 : 0ECA;
    5063 : 0EC3;
    5064 : 0E8A;
    5065 : 0E20;
    5066 : 0D99;
    5067 : 0D00;
    5068 : 0C58;
    5069 : 0BAD;
    5070 : 0B15;
    5071 : 0AA1;
    5072 : 0A46;
    5073 : 09E5;
    5074 : 097A;
    5075 : 0923;
    5076 : 08D0;
    5077 : 085E;
    5078 : 07F7;
    5079 : 07C8;
    5080 : 07A1;
    5081 : 0772;
    5082 : 076F;
    5083 : 0785;
    5084 : 0767;
    5085 : 0724;
    5086 : 06EA;
    5087 : 068E;
    5088 : 05F6;
    5089 : 0548;
    5090 : 0491;
    5091 : 03C1;
    5092 : 02DC;
    5093 : 01DD;
    5094 : 00BC;
    5095 : FF90;
    5096 : FE67;
    5097 : FD41;
    5098 : FC3A;
    5099 : FB59;
    5100 : FA77;
    5101 : F99F;
    5102 : F90B;
    5103 : F8C0;
    5104 : F8A8;
    5105 : F8DB;
    5106 : F958;
    5107 : F9EC;
    5108 : FA93;
    5109 : FB7E;
    5110 : FC9D;
    5111 : FDB8;
    5112 : FEC9;
    5113 : FFEA;
    5114 : 0107;
    5115 : 0208;
    5116 : 0301;
    5117 : 040A;
    5118 : 0508;
    5119 : 05DE;
    5120 : 06A0;
    5121 : 0756;
    5122 : 07F0;
    5123 : 0885;
    5124 : 0935;
    5125 : 09E7;
    5126 : 0A81;
    5127 : 0B20;
    5128 : 0BC1;
    5129 : 0C29;
    5130 : 0C5E;
    5131 : 0CA1;
    5132 : 0CF7;
    5133 : 0D3F;
    5134 : 0D8A;
    5135 : 0DE8;
    5136 : 0E48;
    5137 : 0EAE;
    5138 : 0F28;
    5139 : 0F9E;
    5140 : 0FF2;
    5141 : 1027;
    5142 : 104D;
    5143 : 1073;
    5144 : 1096;
    5145 : 1095;
    5146 : 105B;
    5147 : 0FED;
    5148 : 0F62;
    5149 : 0ECC;
    5150 : 0E1A;
    5151 : 0D25;
    5152 : 0C07;
    5153 : 0AFF;
    5154 : 0A00;
    5155 : 08E5;
    5156 : 07E2;
    5157 : 0716;
    5158 : 0641;
    5159 : 055E;
    5160 : 04AF;
    5161 : 0427;
    5162 : 0392;
    5163 : 02F5;
    5164 : 025F;
    5165 : 01C8;
    5166 : 0143;
    5167 : 00D5;
    5168 : 006E;
    5169 : 001B;
    5170 : FFD1;
    5171 : FF51;
    5172 : FEA5;
    5173 : FE23;
    5174 : FDCC;
    5175 : FD56;
    5176 : FCC2;
    5177 : FC39;
    5178 : FBB0;
    5179 : FB2D;
    5180 : FAE6;
    5181 : FAE5;
    5182 : FAE9;
    5183 : FAD1;
    5184 : FAB3;
    5185 : FA9B;
    5186 : FA99;
    5187 : FAED;
    5188 : FB9B;
    5189 : FC3D;
    5190 : FCBF;
    5191 : FD8B;
    5192 : FECB;
    5193 : 0039;
    5194 : 01BC;
    5195 : 035F;
    5196 : 050B;
    5197 : 06A1;
    5198 : 0811;
    5199 : 0953;
    5200 : 0A8A;
    5201 : 0BC1;
    5202 : 0CB7;
    5203 : 0D55;
    5204 : 0DDB;
    5205 : 0E53;
    5206 : 0E92;
    5207 : 0E9F;
    5208 : 0E83;
    5209 : 0E33;
    5210 : 0DBC;
    5211 : 0D27;
    5212 : 0C6F;
    5213 : 0BC4;
    5214 : 0B3F;
    5215 : 0AA7;
    5216 : 0A04;
    5217 : 09A4;
    5218 : 0978;
    5219 : 0939;
    5220 : 08E6;
    5221 : 0891;
    5222 : 0832;
    5223 : 07DF;
    5224 : 07A3;
    5225 : 076F;
    5226 : 074C;
    5227 : 073B;
    5228 : 071A;
    5229 : 06EF;
    5230 : 06D0;
    5231 : 06A3;
    5232 : 0643;
    5233 : 05A4;
    5234 : 04D2;
    5235 : 03F0;
    5236 : 0309;
    5237 : 01FB;
    5238 : 00DC;
    5239 : FFD9;
    5240 : FECC;
    5241 : FD8E;
    5242 : FC57;
    5243 : FB41;
    5244 : FA39;
    5245 : F966;
    5246 : F8D3;
    5247 : F83F;
    5248 : F7CD;
    5249 : F7CE;
    5250 : F806;
    5251 : F834;
    5252 : F8A1;
    5253 : F962;
    5254 : FA24;
    5255 : FAE1;
    5256 : FBC4;
    5257 : FCA9;
    5258 : FD71;
    5259 : FE4A;
    5260 : FF45;
    5261 : 003B;
    5262 : 0126;
    5263 : 0216;
    5264 : 02F3;
    5265 : 03A4;
    5266 : 0433;
    5267 : 04B1;
    5268 : 0530;
    5269 : 05BE;
    5270 : 0650;
    5271 : 06D6;
    5272 : 0757;
    5273 : 07D6;
    5274 : 0843;
    5275 : 08A5;
    5276 : 0902;
    5277 : 0941;
    5278 : 0977;
    5279 : 09E3;
    5280 : 0A6C;
    5281 : 0AC9;
    5282 : 0B20;
    5283 : 0BB3;
    5284 : 0C3F;
    5285 : 0C7C;
    5286 : 0CA4;
    5287 : 0CE8;
    5288 : 0D19;
    5289 : 0D13;
    5290 : 0CED;
    5291 : 0CC1;
    5292 : 0C85;
    5293 : 0C16;
    5294 : 0B64;
    5295 : 0A8F;
    5296 : 09AE;
    5297 : 08B9;
    5298 : 07B6;
    5299 : 06C8;
    5300 : 05F1;
    5301 : 0504;
    5302 : 03F4;
    5303 : 02FE;
    5304 : 0240;
    5305 : 017F;
    5306 : 00B9;
    5307 : 003C;
    5308 : FFE2;
    5309 : FF36;
    5310 : FE65;
    5311 : FDD8;
    5312 : FD5C;
    5313 : FCC9;
    5314 : FC66;
    5315 : FC16;
    5316 : FB8E;
    5317 : FB0E;
    5318 : FAC6;
    5319 : FA64;
    5320 : F9D1;
    5321 : F936;
    5322 : F88B;
    5323 : F7EF;
    5324 : F7AB;
    5325 : F79B;
    5326 : F776;
    5327 : F759;
    5328 : F756;
    5329 : F747;
    5330 : F738;
    5331 : F752;
    5332 : F788;
    5333 : F7D1;
    5334 : F84D;
    5335 : F904;
    5336 : F9F3;
    5337 : FB2D;
    5338 : FCAC;
    5339 : FE2A;
    5340 : FF7F;
    5341 : 00D7;
    5342 : 024A;
    5343 : 03A2;
    5344 : 04D5;
    5345 : 0617;
    5346 : 0747;
    5347 : 0817;
    5348 : 08AC;
    5349 : 0947;
    5350 : 09C3;
    5351 : 09EC;
    5352 : 09CB;
    5353 : 0977;
    5354 : 091B;
    5355 : 08D7;
    5356 : 0883;
    5357 : 07FE;
    5358 : 0771;
    5359 : 06F0;
    5360 : 0665;
    5361 : 05D0;
    5362 : 0554;
    5363 : 0508;
    5364 : 04D6;
    5365 : 0488;
    5366 : 041D;
    5367 : 03D2;
    5368 : 03A0;
    5369 : 0359;
    5370 : 031E;
    5371 : 0309;
    5372 : 02DE;
    5373 : 0289;
    5374 : 0242;
    5375 : 0220;
    5376 : 0200;
    5377 : 01A2;
    5378 : 00FA;
    5379 : 0054;
    5380 : FFB6;
    5381 : FEBA;
    5382 : FD87;
    5383 : FC83;
    5384 : FB5A;
    5385 : F9DF;
    5386 : F8B6;
    5387 : F7E3;
    5388 : F6CF;
    5389 : F5B9;
    5390 : F504;
    5391 : F459;
    5392 : F3CB;
    5393 : F3C5;
    5394 : F3EF;
    5395 : F3F5;
    5396 : F432;
    5397 : F4A6;
    5398 : F52C;
    5399 : F610;
    5400 : F72C;
    5401 : F7FA;
    5402 : F8B5;
    5403 : F99F;
    5404 : FA61;
    5405 : FB0D;
    5406 : FBFB;
    5407 : FCE5;
    5408 : FD98;
    5409 : FE5F;
    5410 : FF1C;
    5411 : FF8F;
    5412 : FFFE;
    5413 : 008D;
    5414 : 0118;
    5415 : 01AE;
    5416 : 0255;
    5417 : 02E2;
    5418 : 035A;
    5419 : 03C0;
    5420 : 040B;
    5421 : 0470;
    5422 : 04EC;
    5423 : 0534;
    5424 : 058D;
    5425 : 0647;
    5426 : 06D0;
    5427 : 06E9;
    5428 : 0741;
    5429 : 07E2;
    5430 : 0820;
    5431 : 0832;
    5432 : 08A2;
    5433 : 08FA;
    5434 : 08D2;
    5435 : 089C;
    5436 : 0885;
    5437 : 0837;
    5438 : 07B9;
    5439 : 0735;
    5440 : 066D;
    5441 : 0558;
    5442 : 0457;
    5443 : 0384;
    5444 : 02AA;
    5445 : 01C7;
    5446 : 00E5;
    5447 : FFED;
    5448 : FEF9;
    5449 : FE50;
    5450 : FDE8;
    5451 : FD5A;
    5452 : FC8B;
    5453 : FBE1;
    5454 : FB8E;
    5455 : FB32;
    5456 : FA87;
    5457 : F9DA;
    5458 : F968;
    5459 : F901;
    5460 : F89B;
    5461 : F845;
    5462 : F7C3;
    5463 : F71C;
    5464 : F692;
    5465 : F5DD;
    5466 : F4DB;
    5467 : F43F;
    5468 : F42A;
    5469 : F3D1;
    5470 : F358;
    5471 : F364;
    5472 : F36C;
    5473 : F2FF;
    5474 : F2D2;
    5475 : F2F9;
    5476 : F2ED;
    5477 : F318;
    5478 : F3B9;
    5479 : F423;
    5480 : F484;
    5481 : F59C;
    5482 : F6F8;
    5483 : F818;
    5484 : F96F;
    5485 : FAFC;
    5486 : FC51;
    5487 : FDB5;
    5488 : FF45;
    5489 : 0092;
    5490 : 019F;
    5491 : 0293;
    5492 : 0347;
    5493 : 03FE;
    5494 : 04E4;
    5495 : 0566;
    5496 : 0558;
    5497 : 054A;
    5498 : 0551;
    5499 : 053C;
    5500 : 051E;
    5501 : 04D1;
    5502 : 0439;
    5503 : 03B8;
    5504 : 0359;
    5505 : 02CF;
    5506 : 026F;
    5507 : 027E;
    5508 : 0261;
    5509 : 01CE;
    5510 : 0159;
    5511 : 0147;
    5512 : 0134;
    5513 : 00EE;
    5514 : 00AE;
    5515 : 0091;
    5516 : 0074;
    5517 : 004B;
    5518 : 003A;
    5519 : 0034;
    5520 : 0000;
    5521 : FF9B;
    5522 : FF23;
    5523 : FE91;
    5524 : FDE7;
    5525 : FD30;
    5526 : FC5A;
    5527 : FB69;
    5528 : FA72;
    5529 : F95F;
    5530 : F838;
    5531 : F72F;
    5532 : F636;
    5533 : F53F;
    5534 : F45C;
    5535 : F364;
    5536 : F26A;
    5537 : F203;
    5538 : F237;
    5539 : F271;
    5540 : F299;
    5541 : F2D5;
    5542 : F316;
    5543 : F3A0;
    5544 : F489;
    5545 : F542;
    5546 : F5BE;
    5547 : F678;
    5548 : F734;
    5549 : F7B8;
    5550 : F88C;
    5551 : F9A6;
    5552 : FA60;
    5553 : FADA;
    5554 : FB81;
    5555 : FC21;
    5556 : FCA1;
    5557 : FD3F;
    5558 : FDEF;
    5559 : FE76;
    5560 : FEE3;
    5561 : FF96;
    5562 : 00B2;
    5563 : 019F;
    5564 : 01F0;
    5565 : 0238;
    5566 : 02C2;
    5567 : 030C;
    5568 : 0343;
    5569 : 03CE;
    5570 : 0433;
    5571 : 0484;
    5572 : 0572;
    5573 : 0649;
    5574 : 0652;
    5575 : 069F;
    5576 : 0781;
    5577 : 07CA;
    5578 : 078E;
    5579 : 078F;
    5580 : 075C;
    5581 : 06D3;
    5582 : 068C;
    5583 : 0643;
    5584 : 05B0;
    5585 : 0526;
    5586 : 045C;
    5587 : 0329;
    5588 : 0258;
    5589 : 01E2;
    5590 : 010F;
    5591 : 0027;
    5592 : FF6E;
    5593 : FE90;
    5594 : FDF3;
    5595 : FDD4;
    5596 : FD6A;
    5597 : FCAC;
    5598 : FC38;
    5599 : FBC2;
    5600 : FB28;
    5601 : FAF3;
    5602 : FABC;
    5603 : F9FB;
    5604 : F948;
    5605 : F8E0;
    5606 : F854;
    5607 : F7CB;
    5608 : F760;
    5609 : F6B9;
    5610 : F611;
    5611 : F5AB;
    5612 : F527;
    5613 : F49E;
    5614 : F464;
    5615 : F417;
    5616 : F39B;
    5617 : F361;
    5618 : F33F;
    5619 : F301;
    5620 : F307;
    5621 : F349;
    5622 : F384;
    5623 : F3FB;
    5624 : F4B2;
    5625 : F552;
    5626 : F610;
    5627 : F72F;
    5628 : F881;
    5629 : FA05;
    5630 : FB97;
    5631 : FCCF;
    5632 : FE02;
    5633 : FFAD;
    5634 : 0131;
    5635 : 01FD;
    5636 : 02A2;
    5637 : 0381;
    5638 : 0443;
    5639 : 04EB;
    5640 : 05A5;
    5641 : 0619;
    5642 : 060A;
    5643 : 05C0;
    5644 : 0574;
    5645 : 0512;
    5646 : 04A1;
    5647 : 0443;
    5648 : 03E7;
    5649 : 0367;
    5650 : 02F4;
    5651 : 02E5;
    5652 : 0307;
    5653 : 02CE;
    5654 : 0245;
    5655 : 01FA;
    5656 : 020F;
    5657 : 01FD;
    5658 : 0185;
    5659 : 0121;
    5660 : 012D;
    5661 : 014E;
    5662 : 014F;
    5663 : 015E;
    5664 : 013A;
    5665 : 00A2;
    5666 : 0020;
    5667 : FFF1;
    5668 : FF78;
    5669 : FEB2;
    5670 : FE23;
    5671 : FD73;
    5672 : FC45;
    5673 : FB33;
    5674 : FA71;
    5675 : F96A;
    5676 : F826;
    5677 : F731;
    5678 : F67E;
    5679 : F5BC;
    5680 : F4E1;
    5681 : F405;
    5682 : F361;
    5683 : F328;
    5684 : F338;
    5685 : F360;
    5686 : F3A7;
    5687 : F425;
    5688 : F4DC;
    5689 : F5A9;
    5690 : F675;
    5691 : F766;
    5692 : F864;
    5693 : F8FE;
    5694 : F965;
    5695 : FA2C;
    5696 : FAF7;
    5697 : FB4E;
    5698 : FBCE;
    5699 : FCC2;
    5700 : FD84;
    5701 : FE0D;
    5702 : FECF;
    5703 : FF62;
    5704 : FF9F;
    5705 : 0051;
    5706 : 017B;
    5707 : 023E;
    5708 : 02A6;
    5709 : 0348;
    5710 : 03E7;
    5711 : 0434;
    5712 : 049F;
    5713 : 0562;
    5714 : 0608;
    5715 : 0667;
    5716 : 06D4;
    5717 : 0776;
    5718 : 0818;
    5719 : 0895;
    5720 : 08F5;
    5721 : 0948;
    5722 : 0990;
    5723 : 09CE;
    5724 : 0A0E;
    5725 : 0A40;
    5726 : 0A31;
    5727 : 09C9;
    5728 : 0932;
    5729 : 0898;
    5730 : 07FD;
    5731 : 0757;
    5732 : 0689;
    5733 : 058C;
    5734 : 049E;
    5735 : 03CD;
    5736 : 02E6;
    5737 : 021D;
    5738 : 01BF;
    5739 : 0159;
    5740 : 00B0;
    5741 : 0066;
    5742 : 0060;
    5743 : FFC5;
    5744 : FEEB;
    5745 : FE99;
    5746 : FE62;
    5747 : FDCF;
    5748 : FD41;
    5749 : FCB4;
    5750 : FC0D;
    5751 : FBCE;
    5752 : FBCF;
    5753 : FB3E;
    5754 : FA58;
    5755 : F9BD;
    5756 : F919;
    5757 : F837;
    5758 : F797;
    5759 : F73A;
    5760 : F6B9;
    5761 : F644;
    5762 : F64D;
    5763 : F6BD;
    5764 : F703;
    5765 : F6DF;
    5766 : F6B7;
    5767 : F6C8;
    5768 : F6E9;
    5769 : F76C;
    5770 : F8A6;
    5771 : F9DC;
    5772 : FAA7;
    5773 : FBE9;
    5774 : FDC3;
    5775 : FF35;
    5776 : 0044;
    5777 : 01A3;
    5778 : 0325;
    5779 : 0473;
    5780 : 0597;
    5781 : 0651;
    5782 : 06BD;
    5783 : 076D;
    5784 : 083E;
    5785 : 08CE;
    5786 : 095A;
    5787 : 09BE;
    5788 : 0992;
    5789 : 0948;
    5790 : 0920;
    5791 : 087F;
    5792 : 07BD;
    5793 : 07CE;
    5794 : 0812;
    5795 : 0795;
    5796 : 0716;
    5797 : 073D;
    5798 : 073D;
    5799 : 06D9;
    5800 : 06DB;
    5801 : 0715;
    5802 : 06C1;
    5803 : 0650;
    5804 : 0678;
    5805 : 06BA;
    5806 : 069D;
    5807 : 0689;
    5808 : 0697;
    5809 : 066E;
    5810 : 0639;
    5811 : 0627;
    5812 : 05ED;
    5813 : 056D;
    5814 : 04A2;
    5815 : 0368;
    5816 : 0223;
    5817 : 014C;
    5818 : 006C;
    5819 : FF29;
    5820 : FE02;
    5821 : FD06;
    5822 : FBD6;
    5823 : FAC8;
    5824 : FA14;
    5825 : F958;
    5826 : F8B8;
    5827 : F878;
    5828 : F83D;
    5829 : F81E;
    5830 : F891;
    5831 : F914;
    5832 : F943;
    5833 : F9D4;
    5834 : FAD4;
    5835 : FB8A;
    5836 : FC3D;
    5837 : FD40;
    5838 : FDBF;
    5839 : FDAC;
    5840 : FE26;
    5841 : FF1E;
    5842 : FFAC;
    5843 : 000A;
    5844 : 00B0;
    5845 : 013B;
    5846 : 01A5;
    5847 : 0247;
    5848 : 02B9;
    5849 : 02CE;
    5850 : 0352;
    5851 : 0456;
    5852 : 04E0;
    5853 : 04D7;
    5854 : 0506;
    5855 : 05AD;
    5856 : 0697;
    5857 : 0784;
    5858 : 0808;
    5859 : 0837;
    5860 : 08A3;
    5861 : 0948;
    5862 : 09E0;
    5863 : 0A80;
    5864 : 0B06;
    5865 : 0B4E;
    5866 : 0BDF;
    5867 : 0CB5;
    5868 : 0CFB;
    5869 : 0CC5;
    5870 : 0CA6;
    5871 : 0C66;
    5872 : 0C1C;
    5873 : 0C37;
    5874 : 0BF8;
    5875 : 0AD4;
    5876 : 09CD;
    5877 : 0939;
    5878 : 0860;
    5879 : 0786;
    5880 : 070D;
    5881 : 064B;
    5882 : 054E;
    5883 : 04E1;
    5884 : 04A8;
    5885 : 03F5;
    5886 : 031B;
    5887 : 0285;
    5888 : 0240;
    5889 : 0225;
    5890 : 01B4;
    5891 : 00F0;
    5892 : 0099;
    5893 : 0098;
    5894 : 0032;
    5895 : FFA2;
    5896 : FF38;
    5897 : FE76;
    5898 : FD88;
    5899 : FD32;
    5900 : FD0A;
    5901 : FC1E;
    5902 : FAC4;
    5903 : F9E0;
    5904 : F97A;
    5905 : F930;
    5906 : F90D;
    5907 : F91C;
    5908 : F8F7;
    5909 : F899;
    5910 : F878;
    5911 : F888;
    5912 : F886;
    5913 : F8D1;
    5914 : F977;
    5915 : FA09;
    5916 : FAED;
    5917 : FC5C;
    5918 : FD6D;
    5919 : FE4B;
    5920 : 0010;
    5921 : 01E0;
    5922 : 0293;
    5923 : 0366;
    5924 : 0516;
    5925 : 066A;
    5926 : 0730;
    5927 : 0808;
    5928 : 0861;
    5929 : 0848;
    5930 : 08D2;
    5931 : 098B;
    5932 : 095B;
    5933 : 08C7;
    5934 : 088E;
    5935 : 086D;
    5936 : 081D;
    5937 : 0797;
    5938 : 06EF;
    5939 : 067B;
    5940 : 0649;
    5941 : 0645;
    5942 : 06A1;
    5943 : 06F3;
    5944 : 068A;
    5945 : 05EE;
    5946 : 05CF;
    5947 : 05C0;
    5948 : 058F;
    5949 : 0595;
    5950 : 059A;
    5951 : 058A;
    5952 : 05CC;
    5953 : 05EA;
    5954 : 0547;
    5955 : 049B;
    5956 : 0477;
    5957 : 0426;
    5958 : 034D;
    5959 : 0283;
    5960 : 01E8;
    5961 : 0112;
    5962 : 001F;
    5963 : FF56;
    5964 : FE67;
    5965 : FD27;
    5966 : FBFB;
    5967 : FAEE;
    5968 : F9C1;
    5969 : F8E9;
    5970 : F8A7;
    5971 : F835;
    5972 : F794;
    5973 : F79D;
    5974 : F7F9;
    5975 : F81C;
    5976 : F8A7;
    5977 : F975;
    5978 : F9AA;
    5979 : FA05;
    5980 : FB10;
    5981 : FB77;
    5982 : FB38;
    5983 : FBD3;
    5984 : FCDD;
    5985 : FD33;
    5986 : FD6A;
    5987 : FDE9;
    5988 : FE13;
    5989 : FE1C;
    5990 : FE94;
    5991 : FF35;
    5992 : FFA6;
    5993 : 000A;
    5994 : 00B6;
    5995 : 0196;
    5996 : 01FC;
    5997 : 0211;
    5998 : 02C8;
    5999 : 03AF;
    6000 : 0418;
    6001 : 04D4;
    6002 : 059A;
    6003 : 0575;
    6004 : 0617;
    6005 : 0807;
    6006 : 0853;
    6007 : 078C;
    6008 : 091F;
    6009 : 0B26;
    6010 : 0AA1;
    6011 : 09D0;
    6012 : 0991;
    6013 : 080F;
    6014 : 07B2;
    6015 : 0A58;
    6016 : 0BCB;
    6017 : 0A7B;
    6018 : 0A07;
    6019 : 0AAE;
    6020 : 0A6F;
    6021 : 0A17;
    6022 : 097E;
    6023 : 0759;
    6024 : 0571;
    6025 : 04E1;
    6026 : 0379;
    6027 : 0125;
    6028 : 000C;
    6029 : FFC9;
    6030 : FF15;
    6031 : FE9A;
    6032 : FECF;
    6033 : FED8;
    6034 : FE47;
    6035 : FDD1;
    6036 : FE26;
    6037 : FE8C;
    6038 : FDFA;
    6039 : FD36;
    6040 : FD10;
    6041 : FCD5;
    6042 : FCB8;
    6043 : FD5D;
    6044 : FD4A;
    6045 : FBFA;
    6046 : FB50;
    6047 : FB1F;
    6048 : FA18;
    6049 : F99F;
    6050 : FA21;
    6051 : F991;
    6052 : F8C9;
    6053 : F9E3;
    6054 : FAC0;
    6055 : F8FB;
    6056 : F6A4;
    6057 : F6B4;
    6058 : F989;
    6059 : FD14;
    6060 : FE92;
    6061 : FDF9;
    6062 : FD9F;
    6063 : FDA6;
    6064 : FCF0;
    6065 : FCB2;
    6066 : FDA4;
    6067 : FE76;
    6068 : FF71;
    6069 : 0177;
    6070 : 0319;
    6071 : 03D8;
    6072 : 0590;
    6073 : 07F9;
    6074 : 08CC;
    6075 : 0857;
    6076 : 08BB;
    6077 : 09D0;
    6078 : 09C6;
    6079 : 08BC;
    6080 : 082C;
    6081 : 07A7;
    6082 : 0633;
    6083 : 0527;
    6084 : 0501;
    6085 : 03C6;
    6086 : 0235;
    6087 : 02C2;
    6088 : 0325;
    6089 : 00DB;
    6090 : FF33;
    6091 : FFB9;
    6092 : FEC5;
    6093 : FCA1;
    6094 : FD0B;
    6095 : FE7E;
    6096 : FE2E;
    6097 : FE81;
    6098 : 0101;
    6099 : 0276;
    6100 : 00E2;
    6101 : FE70;
    6102 : FDE5;
    6103 : FF61;
    6104 : 0075;
    6105 : FFA7;
    6106 : FE4E;
    6107 : FD51;
    6108 : FC12;
    6109 : FB1D;
    6110 : FB01;
    6111 : FA7A;
    6112 : F8FF;
    6113 : F775;
    6114 : F665;
    6115 : F678;
    6116 : F7BF;
    6117 : F877;
    6118 : F834;
    6119 : F851;
    6120 : F81A;
    6121 : F70B;
    6122 : F78C;
    6123 : F95B;
    6124 : F937;
    6125 : F861;
    6126 : FA0B;
    6127 : FC2E;
    6128 : FC93;
    6129 : FD83;
    6130 : FF7D;
    6131 : FFFD;
    6132 : FFAC;
    6133 : 0084;
    6134 : 010C;
    6135 : 0039;
    6136 : 0030;
    6137 : 0180;
    6138 : 01F8;
    6139 : 0141;
    6140 : 00F3;
    6141 : 0116;
    6142 : 00E0;
    6143 : 00FE;
    6144 : 022F;
    6145 : 03EE;
    6146 : 05D2;
    6147 : 07D2;
    6148 : 0924;
    6149 : 0913;
    6150 : 083C;
    6151 : 07E3;
    6152 : 08AE;
    6153 : 0A13;
    6154 : 0B4D;
    6155 : 0CC5;
    6156 : 0E7E;
    6157 : 0E87;
    6158 : 0C7C;
    6159 : 0AF2;
    6160 : 0A9E;
    6161 : 0A34;
    6162 : 0ABD;
    6163 : 0C65;
    6164 : 0BFC;
    6165 : 09AF;
    6166 : 0931;
    6167 : 0987;
    6168 : 07C0;
    6169 : 05E0;
    6170 : 05E0;
    6171 : 05EB;
    6172 : 05AA;
    6173 : 060A;
    6174 : 05EA;
    6175 : 0595;
    6176 : 06D5;
    6177 : 080C;
    6178 : 072F;
    6179 : 060E;
    6180 : 05E5;
    6181 : 050B;
    6182 : 0301;
    6183 : 011B;
    6184 : FFF6;
    6185 : FF1E;
    6186 : FDA0;
    6187 : FBAE;
    6188 : FB78;
    6189 : FD91;
    6190 : FF33;
    6191 : FEDA;
    6192 : FE17;
    6193 : FD80;
    6194 : FB76;
    6195 : F742;
    6196 : F2BA;
    6197 : F09C;
    6198 : F15C;
    6199 : F2AE;
    6200 : F35E;
    6201 : F495;
    6202 : F652;
    6203 : F716;
    6204 : F740;
    6205 : F80E;
    6206 : F8B9;
    6207 : F847;
    6208 : F7B7;
    6209 : F7D4;
    6210 : F7FD;
    6211 : F814;
    6212 : F87C;
    6213 : F88B;
    6214 : F82D;
    6215 : F8EE;
    6216 : FAAA;
    6217 : FB3E;
    6218 : FB09;
    6219 : FC2F;
    6220 : FDE1;
    6221 : FE4E;
    6222 : FE36;
    6223 : FE3E;
    6224 : FDA0;
    6225 : FD07;
    6226 : FD89;
    6227 : FE44;
    6228 : FE42;
    6229 : FDD2;
    6230 : FD8A;
    6231 : FE1C;
    6232 : FF43;
    6233 : FF85;
    6234 : FF3A;
    6235 : FFF3;
    6236 : 00F7;
    6237 : 0181;
    6238 : 02D9;
    6239 : 0489;
    6240 : 04CE;
    6241 : 04C1;
    6242 : 0569;
    6243 : 0540;
    6244 : 0494;
    6245 : 0514;
    6246 : 0509;
    6247 : 02B6;
    6248 : 006B;
    6249 : FFDD;
    6250 : FF77;
    6251 : FE60;
    6252 : FD6A;
    6253 : FC80;
    6254 : FB2E;
    6255 : F9B7;
    6256 : F7F6;
    6257 : F5C4;
    6258 : F433;
    6259 : F3FD;
    6260 : F3FA;
    6261 : F2F8;
    6262 : F133;
    6263 : EF4A;
    6264 : EDE4;
    6265 : EDBA;
    6266 : EE5E;
    6267 : EF15;
    6268 : F055;
    6269 : F189;
    6270 : F0D0;
    6271 : EF4E;
    6272 : EFE0;
    6273 : F181;
    6274 : F1AD;
    6275 : F100;
    6276 : F0CA;
    6277 : F13B;
    6278 : F28A;
    6279 : F3A2;
    6280 : F35F;
    6281 : F378;
    6282 : F4B0;
    6283 : F4E8;
    6284 : F461;
    6285 : F4D5;
    6286 : F527;
    6287 : F51A;
    6288 : F666;
    6289 : F7D3;
    6290 : F815;
    6291 : F90D;
    6292 : FA52;
    6293 : F9FE;
    6294 : F9FD;
    6295 : FB39;
    6296 : FB4E;
    6297 : FAFE;
    6298 : FBF1;
    6299 : FC13;
    6300 : FBAF;
    6301 : FDB4;
    6302 : 001C;
    6303 : 0019;
    6304 : FFEA;
    6305 : 0051;
    6306 : FF36;
    6307 : FE06;
    6308 : FE9B;
    6309 : FEE8;
    6310 : FE12;
    6311 : FDD4;
    6312 : FE2A;
    6313 : FE1A;
    6314 : FDD1;
    6315 : FD7D;
    6316 : FD54;
    6317 : FD92;
    6318 : FD55;
    6319 : FC1E;
    6320 : FAC7;
    6321 : F9F0;
    6322 : FA2F;
    6323 : FC0B;
    6324 : FE03;
    6325 : FE28;
    6326 : FD0C;
    6327 : FBEF;
    6328 : FB0C;
    6329 : FAF3;
    6330 : FBD8;
    6331 : FC7F;
    6332 : FC55;
    6333 : FC10;
    6334 : FBD8;
    6335 : FB42;
    6336 : FA25;
    6337 : F893;
    6338 : F6EF;
    6339 : F55C;
    6340 : F37B;
    6341 : F1CC;
    6342 : F188;
    6343 : F28A;
    6344 : F3A5;
    6345 : F478;
    6346 : F52C;
    6347 : F5E0;
    6348 : F6A1;
    6349 : F714;
    6350 : F761;
    6351 : F8B5;
    6352 : FAF6;
    6353 : FCA6;
    6354 : FDDD;
    6355 : FF8D;
    6356 : 00E6;
    6357 : 0177;
    6358 : 02B3;
    6359 : 04C1;
    6360 : 0620;
    6361 : 06EC;
    6362 : 085A;
    6363 : 0A2F;
    6364 : 0B99;
    6365 : 0C8D;
    6366 : 0D2E;
    6367 : 0D6B;
    6368 : 0D18;
    6369 : 0C3C;
    6370 : 0B69;
    6371 : 0B0D;
    6372 : 0AEC;
    6373 : 0AF7;
    6374 : 0B34;
    6375 : 0B06;
    6376 : 0A77;
    6377 : 0A6D;
    6378 : 0AAB;
    6379 : 0A5E;
    6380 : 09FB;
    6381 : 0A2E;
    6382 : 0AD9;
    6383 : 0BC3;
    6384 : 0C51;
    6385 : 0BE2;
    6386 : 0B12;
    6387 : 0A66;
    6388 : 0993;
    6389 : 0942;
    6390 : 0A05;
    6391 : 0AC0;
    6392 : 0B4B;
    6393 : 0C96;
    6394 : 0D6F;
    6395 : 0CAD;
    6396 : 0BC9;
    6397 : 0AF4;
    6398 : 084C;
    6399 : 0488;
    6400 : 0211;
    6401 : 0107;
    6402 : 0071;
    6403 : 001E;
    6404 : 000D;
    6405 : 0088;
    6406 : 0187;
    6407 : 01F5;
    6408 : 0195;
    6409 : 0185;
    6410 : 01D3;
    6411 : 01A8;
    6412 : 011E;
    6413 : 00E3;
    6414 : 0147;
    6415 : 01F2;
    6416 : 0251;
    6417 : 02B7;
    6418 : 038C;
    6419 : 03D8;
    6420 : 0318;
    6421 : 0243;
    6422 : 01C6;
    6423 : 01B8;
    6424 : 0286;
    6425 : 032D;
    6426 : 02E9;
    6427 : 0370;
    6428 : 0510;
    6429 : 05DC;
    6430 : 061C;
    6431 : 06BA;
    6432 : 06AB;
    6433 : 06A6;
    6434 : 0817;
    6435 : 0900;
    6436 : 0867;
    6437 : 0890;
    6438 : 0962;
    6439 : 0999;
    6440 : 0AAD;
    6441 : 0C5B;
    6442 : 0C46;
    6443 : 0B80;
    6444 : 0BA0;
    6445 : 0B56;
    6446 : 0AE2;
    6447 : 0BA8;
    6448 : 0C3E;
    6449 : 0BE0;
    6450 : 0C0C;
    6451 : 0C51;
    6452 : 0B7D;
    6453 : 0A3D;
    6454 : 08E0;
    6455 : 0791;
    6456 : 076F;
    6457 : 07AE;
    6458 : 0671;
    6459 : 049B;
    6460 : 03AB;
    6461 : 02D8;
    6462 : 0132;
    6463 : FF52;
    6464 : FEB4;
    6465 : FFE4;
    6466 : 00B2;
    6467 : FF45;
    6468 : FD92;
    6469 : FD31;
    6470 : FCB4;
    6471 : FC17;
    6472 : FC9B;
    6473 : FCED;
    6474 : FBFA;
    6475 : FB19;
    6476 : FABC;
    6477 : FA6F;
    6478 : FA58;
    6479 : F9E6;
    6480 : F903;
    6481 : F8BE;
    6482 : F80B;
    6483 : F57A;
    6484 : F31B;
    6485 : F274;
    6486 : F1EF;
    6487 : F13A;
    6488 : F147;
    6489 : F17D;
    6490 : F192;
    6491 : F1B1;
    6492 : F119;
    6493 : F0A7;
    6494 : F1CE;
    6495 : F2F0;
    6496 : F30E;
    6497 : F419;
    6498 : F5D5;
    6499 : F691;
    6500 : F79E;
    6501 : F988;
    6502 : FA53;
    6503 : FA94;
    6504 : FBEA;
    6505 : FCF6;
    6506 : FD23;
    6507 : FDCD;
    6508 : FE4F;
    6509 : FE07;
    6510 : FE56;
    6511 : FED8;
    6512 : FE41;
    6513 : FDDF;
    6514 : FE63;
    6515 : FE6A;
    6516 : FE45;
    6517 : FE9D;
    6518 : FE1C;
    6519 : FCE6;
    6520 : FC6D;
    6521 : FB92;
    6522 : F993;
    6523 : F8AF;
    6524 : F964;
    6525 : F9AE;
    6526 : F9E4;
    6527 : FB65;
    6528 : FCDB;
    6529 : FD0C;
    6530 : FD03;
    6531 : FD45;
    6532 : FD40;
    6533 : FD15;
    6534 : FCFD;
    6535 : FCFA;
    6536 : FDD6;
    6537 : FFAC;
    6538 : 00AA;
    6539 : 0022;
    6540 : FFF7;
    6541 : 0098;
    6542 : FFBC;
    6543 : FD04;
    6544 : FB2D;
    6545 : FB38;
    6546 : FB4B;
    6547 : FAA6;
    6548 : FA28;
    6549 : F9C7;
    6550 : F918;
    6551 : F89F;
    6552 : F88B;
    6553 : F881;
    6554 : F8CD;
    6555 : F9A3;
    6556 : FA6A;
    6557 : FB23;
    6558 : FC5C;
    6559 : FD80;
    6560 : FDBF;
    6561 : FDE0;
    6562 : FEB2;
    6563 : FF5D;
    6564 : FF69;
    6565 : 0030;
    6566 : 021E;
    6567 : 035C;
    6568 : 0328;
    6569 : 0305;
    6570 : 0365;
    6571 : 0331;
    6572 : 02CA;
    6573 : 0328;
    6574 : 0366;
    6575 : 02D3;
    6576 : 028E;
    6577 : 02F2;
    6578 : 0318;
    6579 : 034F;
    6580 : 0466;
    6581 : 05A8;
    6582 : 0668;
    6583 : 076E;
    6584 : 0905;
    6585 : 0A74;
    6586 : 0BD1;
    6587 : 0D6D;
    6588 : 0E12;
    6589 : 0D03;
    6590 : 0C0A;
    6591 : 0CC1;
    6592 : 0E56;
    6593 : 0FB6;
    6594 : 10B7;
    6595 : 10F4;
    6596 : 1052;
    6597 : 0F84;
    6598 : 0EBB;
    6599 : 0DA8;
    6600 : 0C53;
    6601 : 0AE4;
    6602 : 0A30;
    6603 : 0ADE;
    6604 : 0B0E;
    6605 : 094B;
    6606 : 0810;
    6607 : 08DC;
    6608 : 0993;
    6609 : 0A09;
    6610 : 0B6C;
    6611 : 0B9B;
    6612 : 09E8;
    6613 : 0950;
    6614 : 093B;
    6615 : 06F6;
    6616 : 04C2;
    6617 : 0514;
    6618 : 05E3;
    6619 : 0642;
    6620 : 074C;
    6621 : 0855;
    6622 : 08EE;
    6623 : 0972;
    6624 : 08C6;
    6625 : 0746;
    6626 : 06DA;
    6627 : 0642;
    6628 : 03F6;
    6629 : 01E5;
    6630 : 00BB;
    6631 : FF18;
    6632 : FDCD;
    6633 : FD8E;
    6634 : FD1E;
    6635 : FCCF;
    6636 : FD0D;
    6637 : FC33;
    6638 : FA94;
    6639 : FA36;
    6640 : FA6A;
    6641 : FA17;
    6642 : FA40;
    6643 : FAFC;
    6644 : FB56;
    6645 : FB72;
    6646 : FB5C;
    6647 : FB0D;
    6648 : FB53;
    6649 : FBBE;
    6650 : FB24;
    6651 : FAAD;
    6652 : FBA5;
    6653 : FC62;
    6654 : FB41;
    6655 : F99A;
    6656 : F943;
    6657 : F9D0;
    6658 : F9D0;
    6659 : F925;
    6660 : F8BA;
    6661 : F90B;
    6662 : FA45;
    6663 : FBE8;
    6664 : FC30;
    6665 : FABD;
    6666 : F9D1;
    6667 : FA37;
    6668 : FA56;
    6669 : FA61;
    6670 : FBC3;
    6671 : FD90;
    6672 : FE71;
    6673 : FF21;
    6674 : 0042;
    6675 : 00F1;
    6676 : 00CE;
    6677 : 014C;
    6678 : 0323;
    6679 : 03EA;
    6680 : 0213;
    6681 : 00C1;
    6682 : 01B4;
    6683 : 0193;
    6684 : FFC2;
    6685 : FFC7;
    6686 : 00BE;
    6687 : FF74;
    6688 : FD7E;
    6689 : FC70;
    6690 : FA79;
    6691 : F7D4;
    6692 : F632;
    6693 : F547;
    6694 : F562;
    6695 : F6F7;
    6696 : F846;
    6697 : F91F;
    6698 : FAF2;
    6699 : FC2A;
    6700 : FB4D;
    6701 : FA5D;
    6702 : FA47;
    6703 : F9EA;
    6704 : F9C7;
    6705 : FAC5;
    6706 : FC61;
    6707 : FDD1;
    6708 : FE52;
    6709 : FE34;
    6710 : FED7;
    6711 : FF89;
    6712 : FEDE;
    6713 : FE43;
    6714 : FEAC;
    6715 : FEB7;
    6716 : FE95;
    6717 : FF09;
    6718 : FEFC;
    6719 : FECC;
    6720 : FF99;
    6721 : FFC7;
    6722 : FED7;
    6723 : FECD;
    6724 : FEF0;
    6725 : FD93;
    6726 : FC92;
    6727 : FD32;
    6728 : FDB5;
    6729 : FDB8;
    6730 : FE5F;
    6731 : FF53;
    6732 : FFC4;
    6733 : FFD2;
    6734 : 0006;
    6735 : 0089;
    6736 : 00B7;
    6737 : 0087;
    6738 : 0128;
    6739 : 022A;
    6740 : 01C0;
    6741 : 007E;
    6742 : FFF6;
    6743 : FFDB;
    6744 : FFED;
    6745 : 0055;
    6746 : 001A;
    6747 : FF3E;
    6748 : FF10;
    6749 : FF51;
    6750 : FF75;
    6751 : 0013;
    6752 : 009C;
    6753 : 0078;
    6754 : 00EB;
    6755 : 01AD;
    6756 : 00B2;
    6757 : FED7;
    6758 : FE7B;
    6759 : FEF9;
    6760 : FE97;
    6761 : FDCD;
    6762 : FDAF;
    6763 : FDDF;
    6764 : FD74;
    6765 : FCB2;
    6766 : FCBD;
    6767 : FD7D;
    6768 : FD71;
    6769 : FC40;
    6770 : FB3B;
    6771 : FB06;
    6772 : FAA5;
    6773 : F933;
    6774 : F76D;
    6775 : F667;
    6776 : F55A;
    6777 : F379;
    6778 : F220;
    6779 : F1FF;
    6780 : F1A7;
    6781 : F0D9;
    6782 : F0A8;
    6783 : F0FF;
    6784 : F1E7;
    6785 : F3C5;
    6786 : F57D;
    6787 : F6B2;
    6788 : F8CC;
    6789 : FB4C;
    6790 : FC8C;
    6791 : FD3D;
    6792 : FE2C;
    6793 : FE95;
    6794 : FE99;
    6795 : FED4;
    6796 : FEF7;
    6797 : FF47;
    6798 : 0068;
    6799 : 022E;
    6800 : 03FE;
    6801 : 0470;
    6802 : 02E0;
    6803 : 01EB;
    6804 : 031B;
    6805 : 03C3;
    6806 : 0358;
    6807 : 04BC;
    6808 : 0749;
    6809 : 0840;
    6810 : 0855;
    6811 : 08A2;
    6812 : 088A;
    6813 : 08BE;
    6814 : 0988;
    6815 : 097A;
    6816 : 08FF;
    6817 : 096D;
    6818 : 09E9;
    6819 : 09FA;
    6820 : 0AA3;
    6821 : 0BD4;
    6822 : 0D2C;
    6823 : 0EE3;
    6824 : 1081;
    6825 : 11F2;
    6826 : 139B;
    6827 : 141B;
    6828 : 1294;
    6829 : 110E;
    6830 : 1094;
    6831 : 0F8D;
    6832 : 0D5C;
    6833 : 0ADA;
    6834 : 08A5;
    6835 : 073F;
    6836 : 065B;
    6837 : 056E;
    6838 : 0587;
    6839 : 06B0;
    6840 : 0676;
    6841 : 04E6;
    6842 : 04C3;
    6843 : 056F;
    6844 : 04B4;
    6845 : 03F8;
    6846 : 048E;
    6847 : 04ED;
    6848 : 04F9;
    6849 : 05C2;
    6850 : 05F2;
    6851 : 0509;
    6852 : 054D;
    6853 : 06AC;
    6854 : 068B;
    6855 : 053C;
    6856 : 0507;
    6857 : 05B8;
    6858 : 05DF;
    6859 : 05B0;
    6860 : 063C;
    6861 : 07A5;
    6862 : 08DE;
    6863 : 090D;
    6864 : 089C;
    6865 : 0809;
    6866 : 0731;
    6867 : 06A3;
    6868 : 06CE;
    6869 : 06AB;
    6870 : 0620;
    6871 : 0668;
    6872 : 06DE;
    6873 : 0696;
    6874 : 0745;
    6875 : 0962;
    6876 : 0A84;
    6877 : 0A88;
    6878 : 0B79;
    6879 : 0CFD;
    6880 : 0DDD;
    6881 : 0E8E;
    6882 : 0F11;
    6883 : 0EE6;
    6884 : 0EA5;
    6885 : 0E82;
    6886 : 0E0F;
    6887 : 0DBC;
    6888 : 0D8E;
    6889 : 0CA4;
    6890 : 0B17;
    6891 : 0977;
    6892 : 07C4;
    6893 : 0662;
    6894 : 0591;
    6895 : 0482;
    6896 : 0311;
    6897 : 0214;
    6898 : 018B;
    6899 : 00D3;
    6900 : FFC0;
    6901 : FEA3;
    6902 : FE1D;
    6903 : FE4C;
    6904 : FE55;
    6905 : FDE9;
    6906 : FD8F;
    6907 : FD1D;
    6908 : FC0C;
    6909 : FA90;
    6910 : F944;
    6911 : F8E4;
    6912 : F984;
    6913 : F9B3;
    6914 : F899;
    6915 : F76C;
    6916 : F6C1;
    6917 : F5A0;
    6918 : F415;
    6919 : F323;
    6920 : F2E3;
    6921 : F2DA;
    6922 : F2B0;
    6923 : F251;
    6924 : F220;
    6925 : F22C;
    6926 : F1EA;
    6927 : F16F;
    6928 : F16F;
    6929 : F252;
    6930 : F468;
    6931 : F770;
    6932 : FA2E;
    6933 : FBF2;
    6934 : FD14;
    6935 : FDE2;
    6936 : FEAE;
    6937 : FF77;
    6938 : FF8C;
    6939 : FF67;
    6940 : 004D;
    6941 : 0167;
    6942 : 0184;
    6943 : 0206;
    6944 : 03D8;
    6945 : 0515;
    6946 : 0484;
    6947 : 0381;
    6948 : 0328;
    6949 : 029C;
    6950 : 00DE;
    6951 : FF07;
    6952 : FEC8;
    6953 : FF3C;
    6954 : FEAB;
    6955 : FDFC;
    6956 : FE49;
    6957 : FE4A;
    6958 : FD60;
    6959 : FCB4;
    6960 : FC98;
    6961 : FC76;
    6962 : FC12;
    6963 : FBA6;
    6964 : FC38;
    6965 : FE11;
    6966 : FF70;
    6967 : FFE1;
    6968 : 010F;
    6969 : 0282;
    6970 : 028D;
    6971 : 020F;
    6972 : 01C1;
    6973 : 0087;
    6974 : FF10;
    6975 : FED6;
    6976 : FED1;
    6977 : FE16;
    6978 : FD70;
    6979 : FCA5;
    6980 : FB02;
    6981 : F97B;
    6982 : F906;
    6983 : F934;
    6984 : F930;
    6985 : F888;
    6986 : F78A;
    6987 : F6DA;
    6988 : F6A7;
    6989 : F743;
    6990 : F8F0;
    6991 : FA39;
    6992 : F9D3;
    6993 : F94C;
    6994 : FA24;
    6995 : FB11;
    6996 : FAF9;
    6997 : FAC0;
    6998 : FB19;
    6999 : FBD7;
    7000 : FCCE;
    7001 : FDA3;
    7002 : FE46;
    7003 : FF5A;
    7004 : 00C7;
    7005 : 019F;
    7006 : 0202;
    7007 : 02AF;
    7008 : 0340;
    7009 : 0335;
    7010 : 033C;
    7011 : 0393;
    7012 : 034C;
    7013 : 0229;
    7014 : 010B;
    7015 : 00AC;
    7016 : 0115;
    7017 : 0177;
    7018 : 0114;
    7019 : 00FC;
    7020 : 0269;
    7021 : 040A;
    7022 : 0499;
    7023 : 057C;
    7024 : 077D;
    7025 : 091B;
    7026 : 09C9;
    7027 : 0A84;
    7028 : 0BAD;
    7029 : 0CE5;
    7030 : 0D67;
    7031 : 0CB0;
    7032 : 0BAA;
    7033 : 0B1F;
    7034 : 0A50;
    7035 : 08EE;
    7036 : 073A;
    7037 : 04FF;
    7038 : 0377;
    7039 : 03F8;
    7040 : 04A7;
    7041 : 041F;
    7042 : 042A;
    7043 : 04F0;
    7044 : 04EB;
    7045 : 04E8;
    7046 : 054F;
    7047 : 04DA;
    7048 : 0491;
    7049 : 0540;
    7050 : 04B8;
    7051 : 033D;
    7052 : 035E;
    7053 : 0412;
    7054 : 0393;
    7055 : 032B;
    7056 : 035D;
    7057 : 0353;
    7058 : 036F;
    7059 : 035B;
    7060 : 0255;
    7061 : 019D;
    7062 : 0195;
    7063 : 0094;
    7064 : FEF1;
    7065 : FE9D;
    7066 : FF7E;
    7067 : 0017;
    7068 : FFB5;
    7069 : FF28;
    7070 : FF72;
    7071 : FF77;
    7072 : FE19;
    7073 : FD80;
    7074 : FF0E;
    7075 : 008F;
    7076 : 0131;
    7077 : 023C;
    7078 : 0327;
    7079 : 0381;
    7080 : 0463;
    7081 : 053B;
    7082 : 0515;
    7083 : 050A;
    7084 : 05AB;
    7085 : 06B2;
    7086 : 08A2;
    7087 : 0A99;
    7088 : 0AC0;
    7089 : 099A;
    7090 : 0868;
    7091 : 070E;
    7092 : 0571;
    7093 : 03D0;
    7094 : 02DC;
    7095 : 036C;
    7096 : 0434;
    7097 : 03D1;
    7098 : 03FE;
    7099 : 050E;
    7100 : 0488;
    7101 : 0344;
    7102 : 032C;
    7103 : 0204;
    7104 : FF73;
    7105 : FEBE;
    7106 : FF2A;
    7107 : FE67;
    7108 : FE18;
    7109 : FE6F;
    7110 : FD69;
    7111 : FCDE;
    7112 : FE70;
    7113 : FF6C;
    7114 : FF2C;
    7115 : FFFE;
    7116 : 015E;
    7117 : 0196;
    7118 : 0134;
    7119 : 00FA;
    7120 : 00D4;
    7121 : 008A;
    7122 : FFD5;
    7123 : FF1B;
    7124 : FE9B;
    7125 : FD8C;
    7126 : FC4D;
    7127 : FBC0;
    7128 : FA89;
    7129 : F822;
    7130 : F6A9;
    7131 : F664;
    7132 : F5F2;
    7133 : F60D;
    7134 : F73F;
    7135 : F820;
    7136 : F88C;
    7137 : F959;
    7138 : FA39;
    7139 : FB2B;
    7140 : FC85;
    7141 : FD86;
    7142 : FDA7;
    7143 : FD6E;
    7144 : FD69;
    7145 : FDF5;
    7146 : FED7;
    7147 : FF4A;
    7148 : FF64;
    7149 : FF64;
    7150 : FF08;
    7151 : FEF6;
    7152 : FF61;
    7153 : FEC6;
    7154 : FD5D;
    7155 : FCEA;
    7156 : FCB2;
    7157 : FBEC;
    7158 : FBF6;
    7159 : FC29;
    7160 : FB02;
    7161 : FA7B;
    7162 : FB94;
    7163 : FBFE;
    7164 : FBEB;
    7165 : FD24;
    7166 : FE3B;
    7167 : FE3B;
    7168 : FE95;
    7169 : FEE5;
    7170 : FE7C;
    7171 : FEFC;
    7172 : 0032;
    7173 : 0012;
    7174 : FF55;
    7175 : FFA9;
    7176 : 007B;
    7177 : 00A4;
    7178 : FF96;
    7179 : FDC6;
    7180 : FCEB;
    7181 : FCD1;
    7182 : FB38;
    7183 : F922;
    7184 : F92E;
    7185 : F9ED;
    7186 : F97F;
    7187 : F9B3;
    7188 : FAEE;
    7189 : FAF4;
    7190 : FA3B;
    7191 : FAA2;
    7192 : FB5F;
    7193 : FB65;
    7194 : FB43;
    7195 : FAF9;
    7196 : FA5D;
    7197 : FA55;
    7198 : FAD9;
    7199 : FA95;
    7200 : F964;
    7201 : F899;
    7202 : F8FA;
    7203 : F9CE;
    7204 : F9F0;
    7205 : F967;
    7206 : F8FE;
    7207 : F89A;
    7208 : F7C1;
    7209 : F6F4;
    7210 : F6A4;
    7211 : F64F;
    7212 : F579;
    7213 : F3F9;
    7214 : F1B1;
    7215 : EF1D;
    7216 : ED23;
    7217 : EC1C;
    7218 : EBBD;
    7219 : EBAB;
    7220 : EBE3;
    7221 : EC77;
    7222 : ECF7;
    7223 : ED43;
    7224 : EE53;
    7225 : F039;
    7226 : F18C;
    7227 : F247;
    7228 : F39C;
    7229 : F546;
    7230 : F6C5;
    7231 : F87C;
    7232 : F9DD;
    7233 : FA49;
    7234 : FA55;
    7235 : F993;
    7236 : F78B;
    7237 : F61B;
    7238 : F5CF;
    7239 : F4C1;
    7240 : F39D;
    7241 : F444;
    7242 : F53E;
    7243 : F574;
    7244 : F649;
    7245 : F70C;
    7246 : F638;
    7247 : F545;
    7248 : F52B;
    7249 : F4E8;
    7250 : F4E6;
    7251 : F5AC;
    7252 : F62E;
    7253 : F6C6;
    7254 : F883;
    7255 : FA30;
    7256 : FA66;
    7257 : F997;
    7258 : F8D9;
    7259 : F91D;
    7260 : FA18;
    7261 : FA51;
    7262 : FA1F;
    7263 : FA92;
    7264 : FA16;
    7265 : F7EC;
    7266 : F68C;
    7267 : F662;
    7268 : F544;
    7269 : F37D;
    7270 : F23E;
    7271 : F0CB;
    7272 : EF65;
    7273 : EF2D;
    7274 : EEF1;
    7275 : ED98;
    7276 : ECDD;
    7277 : EE13;
    7278 : EFEF;
    7279 : F0E6;
    7280 : F136;
    7281 : F1E8;
    7282 : F2E6;
    7283 : F33A;
    7284 : F2D7;
    7285 : F237;
    7286 : F181;
    7287 : F192;
    7288 : F33E;
    7289 : F556;
    7290 : F678;
    7291 : F703;
    7292 : F763;
    7293 : F76D;
    7294 : F728;
    7295 : F629;
    7296 : F468;
    7297 : F333;
    7298 : F2D9;
    7299 : F276;
    7300 : F2B3;
    7301 : F442;
    7302 : F5BB;
    7303 : F664;
    7304 : F70E;
    7305 : F771;
    7306 : F707;
    7307 : F6A8;
    7308 : F6BA;
    7309 : F6F6;
    7310 : F7B1;
    7311 : F8FD;
    7312 : FA68;
    7313 : FBFD;
    7314 : FDA0;
    7315 : FF03;
    7316 : 008D;
    7317 : 0236;
    7318 : 0330;
    7319 : 03A3;
    7320 : 0422;
    7321 : 0469;
    7322 : 04B6;
    7323 : 05C5;
    7324 : 06F1;
    7325 : 0731;
    7326 : 06E2;
    7327 : 06DB;
    7328 : 0736;
    7329 : 0757;
    7330 : 0680;
    7331 : 050D;
    7332 : 0417;
    7333 : 037F;
    7334 : 02D2;
    7335 : 02FF;
    7336 : 03EF;
    7337 : 035C;
    7338 : 00D5;
    7339 : FED3;
    7340 : FE4E;
    7341 : FDFB;
    7342 : FDD1;
    7343 : FEBB;
    7344 : FFFA;
    7345 : 006A;
    7346 : 0087;
    7347 : 010D;
    7348 : 01C5;
    7349 : 027A;
    7350 : 0313;
    7351 : 031C;
    7352 : 02B0;
    7353 : 0256;
    7354 : 0197;
    7355 : 0028;
    7356 : FF8C;
    7357 : 0081;
    7358 : 0138;
    7359 : 00EA;
    7360 : 0107;
    7361 : 00F5;
    7362 : FE5D;
    7363 : FA7E;
    7364 : F8B1;
    7365 : F8B0;
    7366 : F898;
    7367 : F952;
    7368 : FB6B;
    7369 : FCBA;
    7370 : FCD2;
    7371 : FDBC;
    7372 : FF5F;
    7373 : 001E;
    7374 : 0084;
    7375 : 019A;
    7376 : 02C8;
    7377 : 03B7;
    7378 : 04E1;
    7379 : 0641;
    7380 : 0796;
    7381 : 087F;
    7382 : 0849;
    7383 : 0739;
    7384 : 0653;
    7385 : 055A;
    7386 : 03A5;
    7387 : 023C;
    7388 : 0249;
    7389 : 02F7;
    7390 : 02FD;
    7391 : 02E1;
    7392 : 03B3;
    7393 : 04CD;
    7394 : 0530;
    7395 : 0586;
    7396 : 05E6;
    7397 : 04C7;
    7398 : 0310;
    7399 : 0371;
    7400 : 0458;
    7401 : 02B7;
    7402 : 00F2;
    7403 : 020C;
    7404 : 037C;
    7405 : 034A;
    7406 : 03EF;
    7407 : 060E;
    7408 : 0729;
    7409 : 06C1;
    7410 : 0618;
    7411 : 0546;
    7412 : 03FD;
    7413 : 023E;
    7414 : 001D;
    7415 : FE4D;
    7416 : FD72;
    7417 : FCE4;
    7418 : FB72;
    7419 : F901;
    7420 : F6E1;
    7421 : F613;
    7422 : F5AE;
    7423 : F515;
    7424 : F5B7;
    7425 : F7C9;
    7426 : F949;
    7427 : F9F9;
    7428 : FAF1;
    7429 : FB8B;
    7430 : FB82;
    7431 : FBF5;
    7432 : FC83;
    7433 : FC9B;
    7434 : FD84;
    7435 : FF40;
    7436 : 0028;
    7437 : 0037;
    7438 : 004F;
    7439 : 0098;
    7440 : 0121;
    7441 : 0112;
    7442 : FF91;
    7443 : FE51;
    7444 : FE97;
    7445 : FED4;
    7446 : FEF4;
    7447 : 0079;
    7448 : 01F7;
    7449 : 01BB;
    7450 : 0165;
    7451 : 023F;
    7452 : 0376;
    7453 : 0470;
    7454 : 04A9;
    7455 : 0420;
    7456 : 0439;
    7457 : 0516;
    7458 : 05A0;
    7459 : 06CF;
    7460 : 096D;
    7461 : 0BB7;
    7462 : 0CF9;
    7463 : 0E2E;
    7464 : 0F28;
    7465 : 0FDF;
    7466 : 10EA;
    7467 : 1160;
    7468 : 10D8;
    7469 : 10A8;
    7470 : 108E;
    7471 : 0F63;
    7472 : 0E1F;
    7473 : 0D9A;
    7474 : 0D0F;
    7475 : 0C59;
    7476 : 0BA7;
    7477 : 0A98;
    7478 : 0976;
    7479 : 0874;
    7480 : 0727;
    7481 : 0629;
    7482 : 0616;
    7483 : 0656;
    7484 : 06F4;
    7485 : 0838;
    7486 : 091D;
    7487 : 0986;
    7488 : 0A5F;
    7489 : 0AEA;
    7490 : 0A8E;
    7491 : 0A8E;
    7492 : 0B1D;
    7493 : 0B25;
    7494 : 0A9C;
    7495 : 096E;
    7496 : 0736;
    7497 : 04F4;
    7498 : 03CA;
    7499 : 03C2;
    7500 : 047A;
    7501 : 0493;
    7502 : 02E7;
    7503 : 010C;
    7504 : 0082;
    7505 : 001F;
    7506 : FF38;
    7507 : FE57;
    7508 : FD00;
    7509 : FB6C;
    7510 : FB08;
    7511 : FBBE;
    7512 : FD03;
    7513 : FEFA;
    7514 : 006C;
    7515 : 00B7;
    7516 : 01B9;
    7517 : 03CB;
    7518 : 054F;
    7519 : 0689;
    7520 : 07E8;
    7521 : 0860;
    7522 : 08BD;
    7523 : 0A58;
    7524 : 0BBC;
    7525 : 0BDE;
    7526 : 0C11;
    7527 : 0CD8;
    7528 : 0D90;
    7529 : 0DC6;
    7530 : 0D1A;
    7531 : 0C64;
    7532 : 0CCA;
    7533 : 0CDA;
    7534 : 0B3D;
    7535 : 09B8;
    7536 : 0955;
    7537 : 08D1;
    7538 : 0830;
    7539 : 0839;
    7540 : 084D;
    7541 : 07F8;
    7542 : 0791;
    7543 : 0776;
    7544 : 0827;
    7545 : 0922;
    7546 : 0945;
    7547 : 093A;
    7548 : 09A7;
    7549 : 097A;
    7550 : 095A;
    7551 : 0A86;
    7552 : 0A64;
    7553 : 074A;
    7554 : 04B9;
    7555 : 047B;
    7556 : 03AE;
    7557 : 0177;
    7558 : 0018;
    7559 : 0004;
    7560 : FFCC;
    7561 : FEDC;
    7562 : FDE9;
    7563 : FD8C;
    7564 : FCD8;
    7565 : FB39;
    7566 : FA92;
    7567 : FBC1;
    7568 : FCA4;
    7569 : FC88;
    7570 : FD01;
    7571 : FE35;
    7572 : FF69;
    7573 : 004B;
    7574 : 0002;
    7575 : FF44;
    7576 : 0039;
    7577 : 01FC;
    7578 : 02A6;
    7579 : 03A8;
    7580 : 057F;
    7581 : 05A9;
    7582 : 0492;
    7583 : 0503;
    7584 : 0664;
    7585 : 06BD;
    7586 : 067C;
    7587 : 06E9;
    7588 : 085D;
    7589 : 09E0;
    7590 : 0A1D;
    7591 : 09DC;
    7592 : 0A7C;
    7593 : 0AB0;
    7594 : 09A6;
    7595 : 0915;
    7596 : 08D2;
    7597 : 0778;
    7598 : 06D9;
    7599 : 087E;
    7600 : 0A52;
    7601 : 0B21;
    7602 : 0BEA;
    7603 : 0C94;
    7604 : 0C91;
    7605 : 0C33;
    7606 : 0BA9;
    7607 : 0B67;
    7608 : 0C1B;
    7609 : 0D7D;
    7610 : 0F42;
    7611 : 1130;
    7612 : 11FC;
    7613 : 116A;
    7614 : 10FC;
    7615 : 10CB;
    7616 : 0FFC;
    7617 : 0F1E;
    7618 : 0E6C;
    7619 : 0D47;
    7620 : 0C3C;
    7621 : 0BAA;
    7622 : 0B0D;
    7623 : 0ACF;
    7624 : 0AEE;
    7625 : 0A35;
    7626 : 093F;
    7627 : 0954;
    7628 : 0958;
    7629 : 089A;
    7630 : 0818;
    7631 : 0763;
    7632 : 05FF;
    7633 : 055F;
    7634 : 059C;
    7635 : 0575;
    7636 : 05D1;
    7637 : 0761;
    7638 : 07EA;
    7639 : 05FB;
    7640 : 0350;
    7641 : 01EA;
    7642 : 01C0;
    7643 : 01D6;
    7644 : 0229;
    7645 : 0321;
    7646 : 0383;
    7647 : 024B;
    7648 : 013E;
    7649 : 0188;
    7650 : 019F;
    7651 : 0122;
    7652 : 00DB;
    7653 : FFCC;
    7654 : FE00;
    7655 : FD7E;
    7656 : FDBC;
    7657 : FD09;
    7658 : FC83;
    7659 : FCAC;
    7660 : FBF4;
    7661 : FB3C;
    7662 : FCA5;
    7663 : FF36;
    7664 : 012E;
    7665 : 02BA;
    7666 : 0412;
    7667 : 04CF;
    7668 : 04D7;
    7669 : 046C;
    7670 : 0447;
    7671 : 049F;
    7672 : 043E;
    7673 : 02B2;
    7674 : 0157;
    7675 : 00EE;
    7676 : 00D2;
    7677 : 0028;
    7678 : FE86;
    7679 : FCE6;
    7680 : FCB0;
    7681 : FCFA;
    7682 : FC48;
    7683 : FBAF;
    7684 : FC47;
    7685 : FCEE;
    7686 : FCCD;
    7687 : FC1B;
    7688 : FB0E;
    7689 : FA80;
    7690 : FACD;
    7691 : FAD0;
    7692 : FAA5;
    7693 : FB8A;
    7694 : FC7E;
    7695 : FC1C;
    7696 : FBB9;
    7697 : FC6D;
    7698 : FD1D;
    7699 : FD37;
    7700 : FD57;
    7701 : FDAB;
    7702 : FE24;
    7703 : FE93;
    7704 : FE2F;
    7705 : FC8A;
    7706 : FA5D;
    7707 : F8C6;
    7708 : F807;
    7709 : F74A;
    7710 : F610;
    7711 : F4FE;
    7712 : F44F;
    7713 : F3D1;
    7714 : F472;
    7715 : F66D;
    7716 : F7C4;
    7717 : F79D;
    7718 : F797;
    7719 : F877;
    7720 : F980;
    7721 : FA43;
    7722 : FA6C;
    7723 : FA52;
    7724 : FB71;
    7725 : FD8A;
    7726 : FE76;
    7727 : FE36;
    7728 : FE79;
    7729 : FEFA;
    7730 : FF0B;
    7731 : FFCB;
    7732 : 015A;
    7733 : 01D7;
    7734 : 00D3;
    7735 : 0003;
    7736 : FFED;
    7737 : FF61;
    7738 : FE43;
    7739 : FDBA;
    7740 : FDB8;
    7741 : FD60;
    7742 : FD16;
    7743 : FD67;
    7744 : FDBB;
    7745 : FE1F;
    7746 : FF2A;
    7747 : 002A;
    7748 : 00CC;
    7749 : 0241;
    7750 : 0431;
    7751 : 04CF;
    7752 : 048D;
    7753 : 04E0;
    7754 : 0528;
    7755 : 04B7;
    7756 : 049D;
    7757 : 056F;
    7758 : 066A;
    7759 : 06CF;
    7760 : 0662;
    7761 : 0588;
    7762 : 04E1;
    7763 : 043B;
    7764 : 0353;
    7765 : 02CD;
    7766 : 0306;
    7767 : 0384;
    7768 : 03F9;
    7769 : 0430;
    7770 : 0401;
    7771 : 0425;
    7772 : 051D;
    7773 : 0608;
    7774 : 0621;
    7775 : 05CC;
    7776 : 057E;
    7777 : 057F;
    7778 : 0643;
    7779 : 07B4;
    7780 : 0921;
    7781 : 0A37;
    7782 : 0B1F;
    7783 : 0BD5;
    7784 : 0BF4;
    7785 : 0B50;
    7786 : 0A83;
    7787 : 0A03;
    7788 : 091E;
    7789 : 0767;
    7790 : 05FB;
    7791 : 0573;
    7792 : 049B;
    7793 : 02F8;
    7794 : 01FB;
    7795 : 0213;
    7796 : 0154;
    7797 : FEBF;
    7798 : FC57;
    7799 : FC25;
    7800 : FD5E;
    7801 : FE4D;
    7802 : FEC3;
    7803 : FF2E;
    7804 : FF8F;
    7805 : 0013;
    7806 : 010C;
    7807 : 0281;
    7808 : 0438;
    7809 : 0565;
    7810 : 055A;
    7811 : 04EC;
    7812 : 0508;
    7813 : 0508;
    7814 : 04C7;
    7815 : 05AF;
    7816 : 07FF;
    7817 : 0A66;
    7818 : 0C43;
    7819 : 0D91;
    7820 : 0E43;
    7821 : 0E7F;
    7822 : 0E08;
    7823 : 0CF1;
    7824 : 0CC3;
    7825 : 0DA1;
    7826 : 0D01;
    7827 : 0A63;
    7828 : 083D;
    7829 : 0717;
    7830 : 061C;
    7831 : 06A8;
    7832 : 093A;
    7833 : 0AFA;
    7834 : 0AA6;
    7835 : 0A9E;
    7836 : 0BE8;
    7837 : 0C77;
    7838 : 0B60;
    7839 : 0A4D;
    7840 : 0A30;
    7841 : 09FC;
    7842 : 0942;
    7843 : 0915;
    7844 : 09AC;
    7845 : 09FF;
    7846 : 09A2;
    7847 : 0897;
    7848 : 06D7;
    7849 : 0534;
    7850 : 042D;
    7851 : 0298;
    7852 : 0082;
    7853 : 0057;
    7854 : 025B;
    7855 : 0364;
    7856 : 01F9;
    7857 : 001B;
    7858 : FF48;
    7859 : FECF;
    7860 : FE42;
    7861 : FE52;
    7862 : FEED;
    7863 : FF1C;
    7864 : FED7;
    7865 : FEDC;
    7866 : FF47;
    7867 : 0008;
    7868 : 0131;
    7869 : 01FC;
    7870 : 020E;
    7871 : 0285;
    7872 : 036B;
    7873 : 032F;
    7874 : 01F0;
    7875 : 013D;
    7876 : 013C;
    7877 : 0179;
    7878 : 020B;
    7879 : 02C2;
    7880 : 038F;
    7881 : 044D;
    7882 : 03E1;
    7883 : 029B;
    7884 : 0259;
    7885 : 022A;
    7886 : 001E;
    7887 : FE61;
    7888 : FF21;
    7889 : 001B;
    7890 : FFF7;
    7891 : 006E;
    7892 : 0119;
    7893 : 0047;
    7894 : FF1D;
    7895 : FF1F;
    7896 : FFD8;
    7897 : 0109;
    7898 : 02A8;
    7899 : 03C5;
    7900 : 040C;
    7901 : 03F8;
    7902 : 039D;
    7903 : 0345;
    7904 : 039C;
    7905 : 046D;
    7906 : 04DE;
    7907 : 0475;
    7908 : 037A;
    7909 : 02CE;
    7910 : 02C6;
    7911 : 029A;
    7912 : 01FC;
    7913 : 0179;
    7914 : 00E6;
    7915 : FFCA;
    7916 : FE96;
    7917 : FDB2;
    7918 : FCAE;
    7919 : FB47;
    7920 : F9ED;
    7921 : F919;
    7922 : F8B3;
    7923 : F859;
    7924 : F845;
    7925 : F900;
    7926 : F9F5;
    7927 : F9C2;
    7928 : F82E;
    7929 : F69D;
    7930 : F670;
    7931 : F722;
    7932 : F6DC;
    7933 : F588;
    7934 : F509;
    7935 : F5C1;
    7936 : F65B;
    7937 : F674;
    7938 : F623;
    7939 : F552;
    7940 : F4CC;
    7941 : F467;
    7942 : F290;
    7943 : F05E;
    7944 : F018;
    7945 : F029;
    7946 : EF13;
    7947 : EF59;
    7948 : F16A;
    7949 : F22C;
    7950 : F1D0;
    7951 : F2DF;
    7952 : F4B6;
    7953 : F5DE;
    7954 : F68B;
    7955 : F6AD;
    7956 : F695;
    7957 : F789;
    7958 : F959;
    7959 : FB25;
    7960 : FCEF;
    7961 : FDE6;
    7962 : FD60;
    7963 : FCD4;
    7964 : FCA6;
    7965 : FB5B;
    7966 : F9E4;
    7967 : FA5D;
    7968 : FBD2;
    7969 : FCBE;
    7970 : FDC3;
    7971 : FEEA;
    7972 : FF01;
    7973 : FE24;
    7974 : FD56;
    7975 : FCAD;
    7976 : FBAE;
    7977 : FA4E;
    7978 : F92F;
    7979 : F8F5;
    7980 : F963;
    7981 : F9C7;
    7982 : F9F3;
    7983 : FA3F;
    7984 : FB20;
    7985 : FC7F;
    7986 : FD5A;
    7987 : FD5A;
    7988 : FDC3;
    7989 : FF1A;
    7990 : 000B;
    7991 : FFBF;
    7992 : FEBE;
    7993 : FD4F;
    7994 : FB54;
    7995 : F96C;
    7996 : F84E;
    7997 : F746;
    7998 : F515;
    7999 : F26E;
    8000 : F15C;
    8001 : F1E4;
    8002 : F267;
    8003 : F2A7;
    8004 : F32E;
    8005 : F3BF;
    8006 : F466;
    8007 : F4D3;
    8008 : F3C0;
    8009 : F20B;
    8010 : F22E;
    8011 : F36F;
    8012 : F3AC;
    8013 : F399;
    8014 : F3F4;
    8015 : F3E6;
    8016 : F402;
    8017 : F4E3;
    8018 : F549;
    8019 : F57F;
    8020 : F6D9;
    8021 : F831;
    8022 : F91E;
    8023 : FB54;
    8024 : FD89;
    8025 : FD59;
    8026 : FCD8;
    8027 : FDE6;
    8028 : FE18;
    8029 : FC9E;
    8030 : FBDA;
    8031 : FBC2;
    8032 : FAAD;
    8033 : F993;
    8034 : FA05;
    8035 : FB45;
    8036 : FBD8;
    8037 : FB88;
    8038 : FB68;
    8039 : FC4C;
    8040 : FD3A;
    8041 : FCC2;
    8042 : FB52;
    8043 : FA54;
    8044 : FA3B;
    8045 : FA81;
    8046 : FA93;
    8047 : FABD;
    8048 : FC09;
    8049 : FE19;
    8050 : FEEE;
    8051 : FE27;
    8052 : FD99;
    8053 : FDF2;
    8054 : FE28;
    8055 : FE1E;
    8056 : FE9B;
    8057 : FF38;
    8058 : FEE5;
    8059 : FDCF;
    8060 : FCEB;
    8061 : FC97;
    8062 : FCD3;
    8063 : FD82;
    8064 : FDFC;
    8065 : FDC9;
    8066 : FD68;
    8067 : FD13;
    8068 : FC61;
    8069 : FB9A;
    8070 : FB55;
    8071 : FB86;
    8072 : FC7D;
    8073 : FE5D;
    8074 : FF90;
    8075 : FF0D;
    8076 : FE31;
    8077 : FDD2;
    8078 : FD0D;
    8079 : FB95;
    8080 : F9C1;
    8081 : F818;
    8082 : F7C9;
    8083 : F835;
    8084 : F6B5;
    8085 : F3EF;
    8086 : F316;
    8087 : F331;
    8088 : F15C;
    8089 : EF08;
    8090 : EE74;
    8091 : EEA4;
    8092 : EF0E;
    8093 : F066;
    8094 : F1C5;
    8095 : F28C;
    8096 : F3AF;
    8097 : F4F5;
    8098 : F5BE;
    8099 : F71D;
    8100 : F93B;
    8101 : FA65;
    8102 : FA4D;
    8103 : FA14;
    8104 : F9E9;
    8105 : F9AB;
    8106 : F9EF;
    8107 : FB3B;
    8108 : FD69;
    8109 : FF33;
    8110 : FF3B;
    8111 : FE4F;
    8112 : FE44;
    8113 : FEBA;
    8114 : FE5C;
    8115 : FDA1;
    8116 : FD33;
    8117 : FC7B;
    8118 : FB61;
    8119 : FA76;
    8120 : F995;
    8121 : F870;
    8122 : F728;
    8123 : F58D;
    8124 : F3C0;
    8125 : F2B5;
    8126 : F286;
    8127 : F234;
    8128 : F1E8;
    8129 : F2D9;
    8130 : F4B1;
    8131 : F5E2;
    8132 : F65B;
    8133 : F736;
    8134 : F84C;
    8135 : F891;
    8136 : F7FF;
    8137 : F739;
    8138 : F65D;
    8139 : F588;
    8140 : F540;
    8141 : F58F;
    8142 : F5A7;
    8143 : F50F;
    8144 : F498;
    8145 : F549;
    8146 : F66E;
    8147 : F647;
    8148 : F4BA;
    8149 : F2EF;
    8150 : F12A;
    8151 : EFB5;
    8152 : EFB2;
    8153 : F0F9;
    8154 : F23F;
    8155 : F34E;
    8156 : F3FD;
    8157 : F35E;
    8158 : F22B;
    8159 : F203;
    8160 : F298;
    8161 : F38F;
    8162 : F5B6;
    8163 : F7E9;
    8164 : F856;
    8165 : F86A;
    8166 : F9D7;
    8167 : FB4E;
    8168 : FBF4;
    8169 : FCE4;
    8170 : FE1C;
    8171 : FF0C;
    8172 : 0045;
    8173 : 01A3;
    8174 : 0234;
    8175 : 0233;
    8176 : 01C3;
    8177 : FFE4;
    8178 : FCF5;
    8179 : FB4D;
    8180 : FC2E;
    8181 : FE59;
    8182 : FFAD;
    8183 : FF75;
    8184 : FEE6;
    8185 : FEF4;
    8186 : FEE8;
    8187 : FE25;
    8188 : FD82;
    8189 : FDF7;
    8190 : FF51;
    8191 : 0070;
    8192 : 006A;
    8193 : FFCA;
    8194 : FFFE;
    8195 : 015F;
    8196 : 0307;
    8197 : 0405;
    8198 : 03D8;
    8199 : 02FC;
    8200 : 0286;
    8201 : 024D;
    8202 : 0152;
    8203 : 0056;
    8204 : 00F4;
    8205 : 0284;
    8206 : 030A;
    8207 : 0266;
    8208 : 01EA;
    8209 : 019E;
    8210 : 0040;
    8211 : FDDD;
    8212 : FC18;
    8213 : FB69;
    8214 : FA9A;
    8215 : F948;
    8216 : F857;
    8217 : F81B;
    8218 : F846;
    8219 : F8B1;
    8220 : F93B;
    8221 : F9CB;
    8222 : F9FE;
    8223 : F94B;
    8224 : F8D7;
    8225 : FA5E;
    8226 : FC70;
    8227 : FC9E;
    8228 : FC3C;
    8229 : FD2C;
    8230 : FD9C;
    8231 : FC0B;
    8232 : FA2F;
    8233 : F955;
    8234 : F92A;
    8235 : F972;
    8236 : F975;
    8237 : F8A7;
    8238 : F82B;
    8239 : F882;
    8240 : F85C;
    8241 : F7A1;
    8242 : F762;
    8243 : F732;
    8244 : F689;
    8245 : F6B3;
    8246 : F879;
    8247 : FAC0;
    8248 : FC7C;
    8249 : FDA1;
    8250 : FE3E;
    8251 : FE58;
    8252 : FE3E;
    8253 : FE16;
    8254 : FDAE;
    8255 : FD5B;
    8256 : FDD9;
    8257 : FE90;
    8258 : FDEE;
    8259 : FC5A;
    8260 : FB9E;
    8261 : FBB6;
    8262 : FBDC;
    8263 : FCDE;
    8264 : FECE;
    8265 : FFAE;
    8266 : FED9;
    8267 : FE22;
    8268 : FE9B;
    8269 : FF79;
    8270 : 0005;
    8271 : 008D;
    8272 : 013E;
    8273 : 0147;
    8274 : 0040;
    8275 : FF8F;
    8276 : 003B;
    8277 : 00F9;
    8278 : 00DA;
    8279 : 0142;
    8280 : 02FF;
    8281 : 0479;
    8282 : 040D;
    8283 : 0275;
    8284 : 01F8;
    8285 : 0300;
    8286 : 02AB;
    8287 : FF82;
    8288 : FC94;
    8289 : FC11;
    8290 : FBB4;
    8291 : F9FF;
    8292 : F8A9;
    8293 : F859;
    8294 : F805;
    8295 : F7D1;
    8296 : F852;
    8297 : F925;
    8298 : F9FD;
    8299 : FAD4;
    8300 : FBA7;
    8301 : FC9F;
    8302 : FD49;
    8303 : FD00;
    8304 : FCB0;
    8305 : FD76;
    8306 : FE8E;
    8307 : FF30;
    8308 : 001F;
    8309 : 01BA;
    8310 : 0354;
    8311 : 04B2;
    8312 : 05EC;
    8313 : 06D8;
    8314 : 0767;
    8315 : 07A2;
    8316 : 07AE;
    8317 : 0808;
    8318 : 08B0;
    8319 : 08DC;
    8320 : 088A;
    8321 : 0888;
    8322 : 0884;
    8323 : 0766;
    8324 : 058B;
    8325 : 0444;
    8326 : 03C4;
    8327 : 03B8;
    8328 : 0465;
    8329 : 0539;
    8330 : 04E6;
    8331 : 0429;
    8332 : 04C4;
    8333 : 0596;
    8334 : 04B6;
    8335 : 03AD;
    8336 : 0447;
    8337 : 04AD;
    8338 : 0347;
    8339 : 01B6;
    8340 : 011C;
    8341 : 00B0;
    8342 : 00A3;
    8343 : 01AD;
    8344 : 02C0;
    8345 : 02B3;
    8346 : 026D;
    8347 : 0334;
    8348 : 0457;
    8349 : 0432;
    8350 : 02E7;
    8351 : 0222;
    8352 : 025A;
    8353 : 0284;
    8354 : 0243;
    8355 : 01FB;
    8356 : 01BE;
    8357 : 01C4;
    8358 : 020B;
    8359 : 01B7;
    8360 : 00F2;
    8361 : 011A;
    8362 : 01C0;
    8363 : 0192;
    8364 : 0169;
    8365 : 01F7;
    8366 : 01AA;
    8367 : 008A;
    8368 : 00AA;
    8369 : 0151;
    8370 : 0026;
    8371 : FE51;
    8372 : FE64;
    8373 : FF99;
    8374 : FFBA;
    8375 : FEC8;
    8376 : FE0A;
    8377 : FD9F;
    8378 : FC7B;
    8379 : FA40;
    8380 : F82D;
    8381 : F73F;
    8382 : F6BE;
    8383 : F644;
    8384 : F6B4;
    8385 : F7FD;
    8386 : F913;
    8387 : FA27;
    8388 : FB69;
    8389 : FB88;
    8390 : FA93;
    8391 : FABE;
    8392 : FC54;
    8393 : FD55;
    8394 : FD8F;
    8395 : FE98;
    8396 : 0058;
    8397 : 0175;
    8398 : 01B7;
    8399 : 0168;
    8400 : 008F;
    8401 : 0012;
    8402 : 00DD;
    8403 : 01DD;
    8404 : 01A5;
    8405 : 0120;
    8406 : 01A7;
    8407 : 025E;
    8408 : 021C;
    8409 : 019E;
    8410 : 01EE;
    8411 : 02E1;
    8412 : 03E3;
    8413 : 045F;
    8414 : 03B6;
    8415 : 01F4;
    8416 : FFF0;
    8417 : FE53;
    8418 : FD6A;
    8419 : FD71;
    8420 : FE37;
    8421 : FEC9;
    8422 : FE6F;
    8423 : FDE5;
    8424 : FE6E;
    8425 : FFA7;
    8426 : 0055;
    8427 : 0101;
    8428 : 0283;
    8429 : 036E;
    8430 : 02AE;
    8431 : 01CF;
    8432 : 01A2;
    8433 : 00D0;
    8434 : FF55;
    8435 : FE9B;
    8436 : FE85;
    8437 : FE13;
    8438 : FD4A;
    8439 : FCD1;
    8440 : FD33;
    8441 : FE06;
    8442 : FDB4;
    8443 : FC2C;
    8444 : FB82;
    8445 : FC1C;
    8446 : FC94;
    8447 : FD7B;
    8448 : FFE1;
    8449 : 0230;
    8450 : 02EE;
    8451 : 0300;
    8452 : 0310;
    8453 : 02E5;
    8454 : 0331;
    8455 : 04A2;
    8456 : 069C;
    8457 : 0866;
    8458 : 09A2;
    8459 : 0A11;
    8460 : 0A46;
    8461 : 0B54;
    8462 : 0D2A;
    8463 : 0E79;
    8464 : 0E7E;
    8465 : 0DF4;
    8466 : 0DE8;
    8467 : 0E3C;
    8468 : 0E42;
    8469 : 0E40;
    8470 : 0EC7;
    8471 : 0F41;
    8472 : 0EC3;
    8473 : 0DC3;
    8474 : 0D80;
    8475 : 0E0F;
    8476 : 0E79;
    8477 : 0EAD;
    8478 : 0F56;
    8479 : 101D;
    8480 : 10B8;
    8481 : 1237;
    8482 : 1450;
    8483 : 14C6;
    8484 : 13DD;
    8485 : 1435;
    8486 : 1598;
    8487 : 15C9;
    8488 : 14DA;
    8489 : 140C;
    8490 : 13B6;
    8491 : 143A;
    8492 : 1538;
    8493 : 151D;
    8494 : 141F;
    8495 : 140B;
    8496 : 1487;
    8497 : 13DA;
    8498 : 1257;
    8499 : 117E;
    8500 : 110D;
    8501 : 0F5A;
    8502 : 0C67;
    8503 : 0A83;
    8504 : 0A5D;
    8505 : 099B;
    8506 : 07B5;
    8507 : 06FE;
    8508 : 076A;
    8509 : 06F8;
    8510 : 0640;
    8511 : 065A;
    8512 : 0643;
    8513 : 0627;
    8514 : 0737;
    8515 : 081A;
    8516 : 076E;
    8517 : 067D;
    8518 : 065B;
    8519 : 06B5;
    8520 : 072A;
    8521 : 0689;
    8522 : 043A;
    8523 : 0281;
    8524 : 02C9;
    8525 : 02CF;
    8526 : 013B;
    8527 : FFE2;
    8528 : FFCC;
    8529 : 0017;
    8530 : 0048;
    8531 : 003D;
    8532 : FFD2;
    8533 : FFB9;
    8534 : 0051;
    8535 : 0063;
    8536 : FF42;
    8537 : FE54;
    8538 : FE88;
    8539 : FEEE;
    8540 : FF53;
    8541 : 00E7;
    8542 : 0312;
    8543 : 03CE;
    8544 : 037D;
    8545 : 03CC;
    8546 : 045F;
    8547 : 0476;
    8548 : 04CC;
    8549 : 0553;
    8550 : 0501;
    8551 : 041E;
    8552 : 036F;
    8553 : 02B6;
    8554 : 01A5;
    8555 : 0079;
    8556 : FFD6;
    8557 : 0080;
    8558 : 01BD;
    8559 : 01A4;
    8560 : 0058;
    8561 : FFB4;
    8562 : 0009;
    8563 : 0097;
    8564 : 013F;
    8565 : 01DD;
    8566 : 0258;
    8567 : 02F2;
    8568 : 035D;
    8569 : 0382;
    8570 : 0445;
    8571 : 057C;
    8572 : 05B0;
    8573 : 04BF;
    8574 : 03CE;
    8575 : 0373;
    8576 : 0334;
    8577 : 01C4;
    8578 : FEEB;
    8579 : FCCA;
    8580 : FC56;
    8581 : FBBB;
    8582 : FAA1;
    8583 : FA52;
    8584 : F9E2;
    8585 : F898;
    8586 : F84B;
    8587 : F8B8;
    8588 : F773;
    8589 : F5AB;
    8590 : F61F;
    8591 : F7B7;
    8592 : F83B;
    8593 : F7DF;
    8594 : F730;
    8595 : F639;
    8596 : F5BD;
    8597 : F620;
    8598 : F6C9;
    8599 : F7A6;
    8600 : F944;
    8601 : FB7D;
    8602 : FD38;
    8603 : FDAD;
    8604 : FD67;
    8605 : FD83;
    8606 : FE42;
    8607 : FF55;
    8608 : 007F;
    8609 : 0142;
    8610 : 0181;
    8611 : 01DA;
    8612 : 0235;
    8613 : 01BD;
    8614 : 00C4;
    8615 : 0048;
    8616 : 0016;
    8617 : FF16;
    8618 : FCFA;
    8619 : FB0B;
    8620 : FB03;
    8621 : FC74;
    8622 : FD21;
    8623 : FC9E;
    8624 : FC79;
    8625 : FCF8;
    8626 : FD25;
    8627 : FD00;
    8628 : FCFE;
    8629 : FCE2;
    8630 : FC58;
    8631 : FB99;
    8632 : FB51;
    8633 : FBD9;
    8634 : FC90;
    8635 : FCF2;
    8636 : FD74;
    8637 : FE30;
    8638 : FE68;
    8639 : FDF7;
    8640 : FD87;
    8641 : FDAF;
    8642 : FE7B;
    8643 : FF0A;
    8644 : FE78;
    8645 : FD5C;
    8646 : FC83;
    8647 : FBBE;
    8648 : FB8C;
    8649 : FCB4;
    8650 : FE15;
    8651 : FE79;
    8652 : FEA3;
    8653 : FEF4;
    8654 : FEAA;
    8655 : FE0B;
    8656 : FDC0;
    8657 : FD69;
    8658 : FCC5;
    8659 : FC20;
    8660 : FB94;
    8661 : FB23;
    8662 : FA65;
    8663 : F8B2;
    8664 : F6DD;
    8665 : F693;
    8666 : F7C8;
    8667 : F91F;
    8668 : F9AD;
    8669 : F922;
    8670 : F801;
    8671 : F767;
    8672 : F78B;
    8673 : F7E5;
    8674 : F824;
    8675 : F7C5;
    8676 : F6C2;
    8677 : F649;
    8678 : F68E;
    8679 : F692;
    8680 : F6F5;
    8681 : F8BC;
    8682 : FA7E;
    8683 : FAF9;
    8684 : FB58;
    8685 : FC50;
    8686 : FD14;
    8687 : FDBC;
    8688 : FF0B;
    8689 : 00AA;
    8690 : 01CE;
    8691 : 027A;
    8692 : 0343;
    8693 : 047A;
    8694 : 05C4;
    8695 : 06A4;
    8696 : 0720;
    8697 : 0744;
    8698 : 0707;
    8699 : 06C7;
    8700 : 0699;
    8701 : 05E8;
    8702 : 04EC;
    8703 : 04AD;
    8704 : 0514;
    8705 : 04FB;
    8706 : 041D;
    8707 : 0364;
    8708 : 0399;
    8709 : 0473;
    8710 : 04AD;
    8711 : 0328;
    8712 : 0054;
    8713 : FDF9;
    8714 : FD77;
    8715 : FE5B;
    8716 : FF1D;
    8717 : FEF9;
    8718 : FE6E;
    8719 : FE23;
    8720 : FE33;
    8721 : FE51;
    8722 : FE4D;
    8723 : FE93;
    8724 : FF65;
    8725 : FFDE;
    8726 : FF1A;
    8727 : FDA6;
    8728 : FC60;
    8729 : FB41;
    8730 : FA25;
    8731 : F966;
    8732 : F998;
    8733 : FAB2;
    8734 : FB43;
    8735 : FA36;
    8736 : F929;
    8737 : F996;
    8738 : F9AD;
    8739 : F828;
    8740 : F70C;
    8741 : F73A;
    8742 : F710;
    8743 : F6DA;
    8744 : F86D;
    8745 : FB0E;
    8746 : FCBB;
    8747 : FD7F;
    8748 : FEA4;
    8749 : 0075;
    8750 : 01F8;
    8751 : 0269;
    8752 : 02A2;
    8753 : 038B;
    8754 : 040D;
    8755 : 0384;
    8756 : 03B1;
    8757 : 054A;
    8758 : 067B;
    8759 : 068B;
    8760 : 069B;
    8761 : 06E2;
    8762 : 06FA;
    8763 : 071C;
    8764 : 0724;
    8765 : 06A0;
    8766 : 0611;
    8767 : 063B;
    8768 : 0705;
    8769 : 07B6;
    8770 : 07AC;
    8771 : 06F3;
    8772 : 0621;
    8773 : 0568;
    8774 : 04F8;
    8775 : 05B1;
    8776 : 078B;
    8777 : 08DC;
    8778 : 08CC;
    8779 : 0852;
    8780 : 0843;
    8781 : 08D5;
    8782 : 0A1D;
    8783 : 0B7F;
    8784 : 0C2E;
    8785 : 0C46;
    8786 : 0B9E;
    8787 : 0988;
    8788 : 070E;
    8789 : 0656;
    8790 : 0718;
    8791 : 070B;
    8792 : 0577;
    8793 : 03A7;
    8794 : 02A1;
    8795 : 023B;
    8796 : 01C0;
    8797 : 00C7;
    8798 : FFB7;
    8799 : FF4B;
    8800 : FFBB;
    8801 : 00BE;
    8802 : 0175;
    8803 : 00D8;
    8804 : FF5F;
    8805 : FED7;
    8806 : FF74;
    8807 : FFBC;
    8808 : FF8C;
    8809 : FFAC;
    8810 : FF70;
    8811 : FE9D;
    8812 : FEA6;
    8813 : FF41;
    8814 : FE60;
    8815 : FCC0;
    8816 : FCAD;
    8817 : FD2B;
    8818 : FC44;
    8819 : FB37;
    8820 : FB78;
    8821 : FB9F;
    8822 : FA80;
    8823 : F951;
    8824 : F963;
    8825 : FA6B;
    8826 : FB35;
    8827 : FB28;
    8828 : FAE5;
    8829 : FAF8;
    8830 : FAEA;
    8831 : FAD4;
    8832 : FB9D;
    8833 : FCEE;
    8834 : FDC3;
    8835 : FE55;
    8836 : FF06;
    8837 : FF7D;
    8838 : FFF5;
    8839 : 00CE;
    8840 : 0193;
    8841 : 0227;
    8842 : 02D2;
    8843 : 02E6;
    8844 : 01F0;
    8845 : 00EB;
    8846 : 0094;
    8847 : 00A9;
    8848 : 00E8;
    8849 : 013E;
    8850 : 01E8;
    8851 : 0355;
    8852 : 0490;
    8853 : 0424;
    8854 : 02E8;
    8855 : 024B;
    8856 : 0168;
    8857 : FF84;
    8858 : FE31;
    8859 : FE57;
    8860 : FEDB;
    8861 : FEDD;
    8862 : FE55;
    8863 : FD9A;
    8864 : FD6D;
    8865 : FDB1;
    8866 : FD52;
    8867 : FCBB;
    8868 : FD61;
    8869 : FE9D;
    8870 : FE93;
    8871 : FD6B;
    8872 : FCA0;
    8873 : FC74;
    8874 : FC0C;
    8875 : FB09;
    8876 : FA1B;
    8877 : F9FF;
    8878 : FA1E;
    8879 : F944;
    8880 : F7D4;
    8881 : F731;
    8882 : F736;
    8883 : F6D7;
    8884 : F66C;
    8885 : F6B8;
    8886 : F71F;
    8887 : F714;
    8888 : F741;
    8889 : F7D1;
    8890 : F839;
    8891 : F8FB;
    8892 : FA8E;
    8893 : FBC1;
    8894 : FBF6;
    8895 : FC73;
    8896 : FD90;
    8897 : FE4B;
    8898 : FEEB;
    8899 : 004D;
    8900 : 01A6;
    8901 : 0217;
    8902 : 025A;
    8903 : 0316;
    8904 : 03E7;
    8905 : 0450;
    8906 : 0429;
    8907 : 03C4;
    8908 : 03E3;
    8909 : 048D;
    8910 : 04B9;
    8911 : 03E9;
    8912 : 02D9;
    8913 : 024E;
    8914 : 01F9;
    8915 : 0101;
    8916 : FFB4;
    8917 : FF95;
    8918 : 0108;
    8919 : 02AE;
    8920 : 0395;
    8921 : 0404;
    8922 : 047E;
    8923 : 0561;
    8924 : 065D;
    8925 : 0682;
    8926 : 0637;
    8927 : 06E5;
    8928 : 0802;
    8929 : 081B;
    8930 : 07E7;
    8931 : 088B;
    8932 : 0958;
    8933 : 09D4;
    8934 : 0A87;
    8935 : 0B04;
    8936 : 0A77;
    8937 : 0955;
    8938 : 08BF;
    8939 : 091B;
    8940 : 0996;
    8941 : 08F0;
    8942 : 07AA;
    8943 : 079C;
    8944 : 0897;
    8945 : 08B9;
    8946 : 0809;
    8947 : 07C3;
    8948 : 0773;
    8949 : 0647;
    8950 : 04F9;
    8951 : 0439;
    8952 : 0386;
    8953 : 0281;
    8954 : 017F;
    8955 : 00BF;
    8956 : 0040;
    8957 : 000C;
    8958 : FFEB;
    8959 : FF80;
    8960 : FF49;
    8961 : FFF7;
    8962 : 0096;
    8963 : FFF6;
    8964 : FF48;
    8965 : FFAA;
    8966 : FF2E;
    8967 : FCA4;
    8968 : FA7F;
    8969 : FA61;
    8970 : FAA5;
    8971 : FA42;
    8972 : FA11;
    8973 : FA48;
    8974 : FA97;
    8975 : FB2A;
    8976 : FBB7;
    8977 : FBEA;
    8978 : FCBA;
    8979 : FED6;
    8980 : 00CD;
    8981 : 011D;
    8982 : 00C4;
    8983 : 01A5;
    8984 : 0363;
    8985 : 0467;
    8986 : 04D6;
    8987 : 05A2;
    8988 : 0665;
    8989 : 06CC;
    8990 : 078A;
    8991 : 0880;
    8992 : 08DA;
    8993 : 0898;
    8994 : 07A8;
    8995 : 05D1;
    8996 : 0437;
    8997 : 03CA;
    8998 : 0377;
    8999 : 0250;
    9000 : 00D9;
    9001 : FF97;
    9002 : FF11;
    9003 : FFAB;
    9004 : 0034;
    9005 : FF73;
    9006 : FE69;
    9007 : FE18;
    9008 : FDA2;
    9009 : FC9A;
    9010 : FC26;
    9011 : FCD0;
    9012 : FD99;
    9013 : FDAE;
    9014 : FDBB;
    9015 : FE96;
    9016 : FFA6;
    9017 : 0021;
    9018 : 0087;
    9019 : 00FA;
    9020 : 00B1;
    9021 : FFDD;
    9022 : FEE9;
    9023 : FD1F;
    9024 : FB18;
    9025 : FAB6;
    9026 : FB21;
    9027 : FA0B;
    9028 : F834;
    9029 : F76E;
    9030 : F702;
    9031 : F5F9;
    9032 : F522;
    9033 : F518;
    9034 : F586;
    9035 : F63E;
    9036 : F70A;
    9037 : F76D;
    9038 : F783;
    9039 : F822;
    9040 : F980;
    9041 : FA98;
    9042 : FAD1;
    9043 : FB44;
    9044 : FCCD;
    9045 : FE57;
    9046 : FEE6;
    9047 : FF3C;
    9048 : 0055;
    9049 : 021B;
    9050 : 03B7;
    9051 : 044F;
    9052 : 044B;
    9053 : 04F3;
    9054 : 05F2;
    9055 : 05BE;
    9056 : 049F;
    9057 : 0446;
    9058 : 0519;
    9059 : 0628;
    9060 : 06A5;
    9061 : 0697;
    9062 : 06B1;
    9063 : 0737;
    9064 : 078A;
    9065 : 0781;
    9066 : 0798;
    9067 : 07C2;
    9068 : 07CD;
    9069 : 07DA;
    9070 : 07E4;
    9071 : 0843;
    9072 : 0978;
    9073 : 0AC8;
    9074 : 0B4B;
    9075 : 0B6F;
    9076 : 0B6E;
    9077 : 0ADA;
    9078 : 0A27;
    9079 : 0997;
    9080 : 085D;
    9081 : 06CB;
    9082 : 05D8;
    9083 : 04CE;
    9084 : 031F;
    9085 : 020B;
    9086 : 01FD;
    9087 : 01C3;
    9088 : 00FA;
    9089 : 0057;
    9090 : 0023;
    9091 : FFE2;
    9092 : FED9;
    9093 : FD3F;
    9094 : FC43;
    9095 : FC30;
    9096 : FC66;
    9097 : FCD7;
    9098 : FD40;
    9099 : FCF6;
    9100 : FCBA;
    9101 : FD7E;
    9102 : FE11;
    9103 : FDA7;
    9104 : FD95;
    9105 : FDFF;
    9106 : FD43;
    9107 : FBCD;
    9108 : FBCE;
    9109 : FD2E;
    9110 : FD9E;
    9111 : FC79;
    9112 : FBA4;
    9113 : FC17;
    9114 : FC1B;
    9115 : FA4B;
    9116 : F80A;
    9117 : F75A;
    9118 : F83F;
    9119 : F93A;
    9120 : F936;
    9121 : F8CE;
    9122 : F939;
    9123 : FA19;
    9124 : FA7E;
    9125 : FB20;
    9126 : FCB5;
    9127 : FE6A;
    9128 : 003B;
    9129 : 02E2;
    9130 : 0540;
    9131 : 061F;
    9132 : 0677;
    9133 : 0704;
    9134 : 0730;
    9135 : 0756;
    9136 : 0842;
    9137 : 095E;
    9138 : 099B;
    9139 : 08BE;
    9140 : 0750;
    9141 : 0640;
    9142 : 0615;
    9143 : 06B5;
    9144 : 0805;
    9145 : 096C;
    9146 : 09D8;
    9147 : 0938;
    9148 : 082A;
    9149 : 06CC;
    9150 : 0590;
    9151 : 04FF;
    9152 : 0482;
    9153 : 03D2;
    9154 : 03A1;
    9155 : 035E;
    9156 : 021D;
    9157 : 00D8;
    9158 : 0050;
    9159 : FFBA;
    9160 : FF50;
    9161 : FFE4;
    9162 : 00A0;
    9163 : 00C7;
    9164 : 0133;
    9165 : 0257;
    9166 : 036A;
    9167 : 0385;
    9168 : 0262;
    9169 : 00E8;
    9170 : 0044;
    9171 : 001D;
    9172 : FFBD;
    9173 : FF8D;
    9174 : FF58;
    9175 : FE0F;
    9176 : FC49;
    9177 : FB92;
    9178 : FB95;
    9179 : FB0F;
    9180 : FA46;
    9181 : FA4C;
    9182 : FB09;
    9183 : FBA6;
    9184 : FC10;
    9185 : FC92;
    9186 : FD04;
    9187 : FDDD;
    9188 : 0029;
    9189 : 02EC;
    9190 : 03C1;
    9191 : 0323;
    9192 : 03B6;
    9193 : 0590;
    9194 : 0677;
    9195 : 05A7;
    9196 : 046D;
    9197 : 0441;
    9198 : 04FF;
    9199 : 04FE;
    9200 : 03BB;
    9201 : 02A5;
    9202 : 0214;
    9203 : 00DE;
    9204 : FF2E;
    9205 : FE06;
    9206 : FD03;
    9207 : FB8A;
    9208 : FA54;
    9209 : FA46;
    9210 : FB2A;
    9211 : FBD0;
    9212 : FB8D;
    9213 : FB55;
    9214 : FBFB;
    9215 : FCAD;
    9216 : FCE8;
    9217 : FD53;
    9218 : FE12;
    9219 : FF43;
    9220 : 017A;
    9221 : 03EF;
    9222 : 0569;
    9223 : 065C;
    9224 : 06E3;
    9225 : 0614;
    9226 : 052B;
    9227 : 061A;
    9228 : 0790;
    9229 : 0777;
    9230 : 0690;
    9231 : 0627;
    9232 : 0605;
    9233 : 05E1;
    9234 : 05B2;
    9235 : 051B;
    9236 : 0447;
    9237 : 0408;
    9238 : 046D;
    9239 : 045F;
    9240 : 032F;
    9241 : 01B7;
    9242 : 00F2;
    9243 : 0048;
    9244 : FF03;
    9245 : FDF4;
    9246 : FDC4;
    9247 : FDBD;
    9248 : FDA3;
    9249 : FDF0;
    9250 : FE23;
    9251 : FD4F;
    9252 : FBDC;
    9253 : FAE6;
    9254 : FAB9;
    9255 : FAD8;
    9256 : FAE5;
    9257 : FAAE;
    9258 : F9BA;
    9259 : F806;
    9260 : F6B3;
    9261 : F66B;
    9262 : F666;
    9263 : F663;
    9264 : F708;
    9265 : F7A0;
    9266 : F6E1;
    9267 : F58C;
    9268 : F543;
    9269 : F623;
    9270 : F749;
    9271 : F84A;
    9272 : F963;
    9273 : FAD2;
    9274 : FC22;
    9275 : FCF8;
    9276 : FE1E;
    9277 : 0002;
    9278 : 01BA;
    9279 : 02FD;
    9280 : 046B;
    9281 : 05B7;
    9282 : 0657;
    9283 : 0686;
    9284 : 061D;
    9285 : 04F5;
    9286 : 03D0;
    9287 : 029B;
    9288 : 006E;
    9289 : FE66;
    9290 : FE2A;
    9291 : FE56;
    9292 : FCD9;
    9293 : FAE1;
    9294 : FAAC;
    9295 : FBD6;
    9296 : FC7F;
    9297 : FC05;
    9298 : FAEB;
    9299 : F98C;
    9300 : F850;
    9301 : F80F;
    9302 : F8DB;
    9303 : F99B;
    9304 : FA02;
    9305 : FB00;
    9306 : FC84;
    9307 : FD39;
    9308 : FCD9;
    9309 : FC8A;
    9310 : FD2D;
    9311 : FE8F;
    9312 : FFAF;
    9313 : FF67;
    9314 : FDB8;
    9315 : FBED;
    9316 : FAB3;
    9317 : F941;
    9318 : F74A;
    9319 : F5E7;
    9320 : F548;
    9321 : F406;
    9322 : F217;
    9323 : F130;
    9324 : F156;
    9325 : F103;
    9326 : F097;
    9327 : F149;
    9328 : F21E;
    9329 : F1DB;
    9330 : F196;
    9331 : F26B;
    9332 : F396;
    9333 : F460;
    9334 : F540;
    9335 : F6A0;
    9336 : F83F;
    9337 : F9C7;
    9338 : FB24;
    9339 : FC46;
    9340 : FD2E;
    9341 : FE45;
    9342 : FFA2;
    9343 : 0047;
    9344 : FFCA;
    9345 : FFA9;
    9346 : 00BA;
    9347 : 0192;
    9348 : 0184;
    9349 : 01DF;
    9350 : 02E2;
    9351 : 035C;
    9352 : 0354;
    9353 : 035E;
    9354 : 02BF;
    9355 : 0141;
    9356 : 004A;
    9357 : 005F;
    9358 : 005E;
    9359 : 0018;
    9360 : 00B5;
    9361 : 0238;
    9362 : 0336;
    9363 : 031F;
    9364 : 02DA;
    9365 : 0332;
    9366 : 03DD;
    9367 : 0437;
    9368 : 044A;
    9369 : 048E;
    9370 : 04D2;
    9371 : 0451;
    9372 : 02E0;
    9373 : 011B;
    9374 : FF96;
    9375 : FE88;
    9376 : FD92;
    9377 : FC3E;
    9378 : FB2A;
    9379 : FB22;
    9380 : FAF2;
    9381 : F938;
    9382 : F74D;
    9383 : F700;
    9384 : F78A;
    9385 : F7B1;
    9386 : F79F;
    9387 : F743;
    9388 : F63D;
    9389 : F52F;
    9390 : F48B;
    9391 : F3AF;
    9392 : F28A;
    9393 : F22D;
    9394 : F32D;
    9395 : F4A5;
    9396 : F513;
    9397 : F440;
    9398 : F371;
    9399 : F329;
    9400 : F2A5;
    9401 : F216;
    9402 : F270;
    9403 : F332;
    9404 : F367;
    9405 : F39C;
    9406 : F459;
    9407 : F485;
    9408 : F2ED;
    9409 : EFFC;
    9410 : ED65;
    9411 : EC73;
    9412 : EC99;
    9413 : EC3E;
    9414 : EB68;
    9415 : EBE5;
    9416 : EE2F;
    9417 : F06E;
    9418 : F165;
    9419 : F24D;
    9420 : F486;
    9421 : F742;
    9422 : F8B5;
    9423 : F89C;
    9424 : F896;
    9425 : F9F9;
    9426 : FBF0;
    9427 : FD10;
    9428 : FE29;
    9429 : 00B0;
    9430 : 0343;
    9431 : 03B5;
    9432 : 02E2;
    9433 : 029F;
    9434 : 0298;
    9435 : 0205;
    9436 : 015E;
    9437 : 0133;
    9438 : 016B;
    9439 : 014C;
    9440 : FFE4;
    9441 : FD7C;
    9442 : FB3B;
    9443 : F965;
    9444 : F811;
    9445 : F7B0;
    9446 : F77C;
    9447 : F6A3;
    9448 : F650;
    9449 : F745;
    9450 : F862;
    9451 : F942;
    9452 : FA38;
    9453 : FA9A;
    9454 : FA6E;
    9455 : FAC3;
    9456 : FB5B;
    9457 : FB8B;
    9458 : FBEE;
    9459 : FCA2;
    9460 : FCCF;
    9461 : FC75;
    9462 : FBEA;
    9463 : FAE1;
    9464 : F96A;
    9465 : F7F7;
    9466 : F6B9;
    9467 : F5D3;
    9468 : F514;
    9469 : F426;
    9470 : F39A;
    9471 : F3D6;
    9472 : F413;
    9473 : F427;
    9474 : F4D6;
    9475 : F5BE;
    9476 : F605;
    9477 : F64E;
    9478 : F76F;
    9479 : F8FB;
    9480 : FA8E;
    9481 : FC87;
    9482 : FEB8;
    9483 : FFEC;
    9484 : FFA7;
    9485 : FF13;
    9486 : FF01;
    9487 : FEF8;
    9488 : FF23;
    9489 : 0031;
    9490 : 0145;
    9491 : 017E;
    9492 : 01A6;
    9493 : 01B7;
    9494 : 00A5;
    9495 : FF63;
    9496 : FF50;
    9497 : FF3B;
    9498 : FE0C;
    9499 : FCFD;
    9500 : FCF6;
    9501 : FD20;
    9502 : FC9B;
    9503 : FBDC;
    9504 : FC25;
    9505 : FD80;
    9506 : FE61;
    9507 : FE85;
    9508 : FF53;
    9509 : 00A3;
    9510 : 013B;
    9511 : 017D;
    9512 : 023F;
    9513 : 0396;
    9514 : 058D;
    9515 : 072D;
    9516 : 074D;
    9517 : 073B;
    9518 : 0815;
    9519 : 080F;
    9520 : 06D5;
    9521 : 06CB;
    9522 : 07AC;
    9523 : 071E;
    9524 : 05C8;
    9525 : 0555;
    9526 : 04E1;
    9527 : 0365;
    9528 : 0187;
    9529 : FFAB;
    9530 : FD8B;
    9531 : FB88;
    9532 : FA7B;
    9533 : FA74;
    9534 : FA70;
    9535 : F99A;
    9536 : F84C;
    9537 : F71A;
    9538 : F61D;
    9539 : F5A4;
    9540 : F5D6;
    9541 : F627;
    9542 : F664;
    9543 : F6E0;
    9544 : F773;
    9545 : F7D6;
    9546 : F818;
    9547 : F81F;
    9548 : F7CF;
    9549 : F75B;
    9550 : F6FE;
    9551 : F6FB;
    9552 : F736;
    9553 : F6C8;
    9554 : F56F;
    9555 : F417;
    9556 : F350;
    9557 : F31A;
    9558 : F374;
    9559 : F3B6;
    9560 : F372;
    9561 : F3CF;
    9562 : F56A;
    9563 : F70F;
    9564 : F801;
    9565 : F8C4;
    9566 : FA0D;
    9567 : FC46;
    9568 : FE89;
    9569 : FF58;
    9570 : FF9E;
    9571 : 013D;
    9572 : 037C;
    9573 : 0517;
    9574 : 0666;
    9575 : 0733;
    9576 : 0750;
    9577 : 07E9;
    9578 : 0865;
    9579 : 06E7;
    9580 : 04DA;
    9581 : 0487;
    9582 : 04A0;
    9583 : 037D;
    9584 : 01DD;
    9585 : 0031;
    9586 : FE0A;
    9587 : FBFB;
    9588 : FB04;
    9589 : FB3A;
    9590 : FB8A;
    9591 : FAEF;
    9592 : FA6C;
    9593 : FB72;
    9594 : FC9D;
    9595 : FC34;
    9596 : FB87;
    9597 : FBDA;
    9598 : FC2F;
    9599 : FC44;
    9600 : FCFD;
    9601 : FE20;
    9602 : FF1F;
    9603 : 0023;
    9604 : 00F1;
    9605 : 00E7;
    9606 : 0011;
    9607 : FF4B;
    9608 : FF5C;
    9609 : FFBD;
    9610 : FF3B;
    9611 : FE1A;
    9612 : FD63;
    9613 : FCF4;
    9614 : FC6D;
    9615 : FBC4;
    9616 : FA71;
    9617 : F8E6;
    9618 : F8D8;
    9619 : F9E3;
    9620 : F9F7;
    9621 : F95B;
    9622 : F9C3;
    9623 : FAF3;
    9624 : FBBC;
    9625 : FC13;
    9626 : FCBE;
    9627 : FE34;
    9628 : 000A;
    9629 : 01B3;
    9630 : 036E;
    9631 : 0527;
    9632 : 0634;
    9633 : 071B;
    9634 : 08A4;
    9635 : 09DF;
    9636 : 0A3B;
    9637 : 0ABF;
    9638 : 0BB1;
    9639 : 0C88;
    9640 : 0D6F;
    9641 : 0E2A;
    9642 : 0E0A;
    9643 : 0D77;
    9644 : 0CC9;
    9645 : 0BB4;
    9646 : 0AEB;
    9647 : 0B18;
    9648 : 0B58;
    9649 : 0B4E;
    9650 : 0BA9;
    9651 : 0C20;
    9652 : 0C31;
    9653 : 0C68;
    9654 : 0CED;
    9655 : 0D51;
    9656 : 0E05;
    9657 : 0F77;
    9658 : 10B7;
    9659 : 1095;
    9660 : 0F63;
    9661 : 0E73;
    9662 : 0E09;
    9663 : 0D1C;
    9664 : 0BB0;
    9665 : 0AE3;
    9666 : 0A80;
    9667 : 09D2;
    9668 : 09AA;
    9669 : 0A5E;
    9670 : 0AA5;
    9671 : 0A42;
    9672 : 0A1A;
    9673 : 09DA;
    9674 : 08BF;
    9675 : 0712;
    9676 : 053D;
    9677 : 037C;
    9678 : 0238;
    9679 : 015F;
    9680 : 0072;
    9681 : FF63;
    9682 : FE9F;
    9683 : FEB0;
    9684 : FF87;
    9685 : 0005;
    9686 : FF59;
    9687 : FE19;
    9688 : FD1C;
    9689 : FCE5;
    9690 : FDD7;
    9691 : FF38;
    9692 : FF90;
    9693 : FECC;
    9694 : FDDD;
    9695 : FCF2;
    9696 : FBFB;
    9697 : FB3E;
    9698 : FAB1;
    9699 : FA2A;
    9700 : F9A7;
    9701 : F90C;
    9702 : F883;
    9703 : F825;
    9704 : F73F;
    9705 : F5D9;
    9706 : F54C;
    9707 : F5AC;
    9708 : F5AA;
    9709 : F57C;
    9710 : F66C;
    9711 : F83E;
    9712 : F9F2;
    9713 : FB84;
    9714 : FD4A;
    9715 : FF24;
    9716 : 00D8;
    9717 : 0252;
    9718 : 03A0;
    9719 : 04DB;
    9720 : 05F6;
    9721 : 06FA;
    9722 : 0825;
    9723 : 0971;
    9724 : 0A57;
    9725 : 0A85;
    9726 : 0A5F;
    9727 : 0A41;
    9728 : 09D4;
    9729 : 08DB;
    9730 : 07CF;
    9731 : 06E6;
    9732 : 05D0;
    9733 : 04B5;
    9734 : 038A;
    9735 : 0157;
    9736 : FE52;
    9737 : FC5B;
    9738 : FBE8;
    9739 : FBC6;
    9740 : FC14;
    9741 : FDAB;
    9742 : FF8A;
    9743 : 001B;
    9744 : FFA5;
    9745 : FF79;
    9746 : FFE8;
    9747 : 004A;
    9748 : 0098;
    9749 : 018D;
    9750 : 02D1;
    9751 : 0302;
    9752 : 0223;
    9753 : 016D;
    9754 : 00F2;
    9755 : 001D;
    9756 : FF45;
    9757 : FEE7;
    9758 : FF16;
    9759 : FFD5;
    9760 : 0046;
    9761 : FF3C;
    9762 : FD70;
    9763 : FC7C;
    9764 : FC2C;
    9765 : FB81;
    9766 : FABF;
    9767 : FA6A;
    9768 : FA44;
    9769 : FA43;
    9770 : FAD2;
    9771 : FBF5;
    9772 : FD68;
    9773 : FF3E;
    9774 : 0196;
    9775 : 03F5;
    9776 : 0588;
    9777 : 061C;
    9778 : 063D;
    9779 : 066D;
    9780 : 06C0;
    9781 : 072B;
    9782 : 07CF;
    9783 : 08B1;
    9784 : 0955;
    9785 : 0948;
    9786 : 0902;
    9787 : 0910;
    9788 : 0905;
    9789 : 08A1;
    9790 : 0887;
    9791 : 08B7;
    9792 : 085E;
    9793 : 07BD;
    9794 : 07C8;
    9795 : 0821;
    9796 : 07B9;
    9797 : 06D9;
    9798 : 06DF;
    9799 : 0831;
    9800 : 09AF;
    9801 : 0A73;
    9802 : 0B16;
    9803 : 0C35;
    9804 : 0D42;
    9805 : 0E0B;
    9806 : 0F5A;
    9807 : 1126;
    9808 : 128D;
    9809 : 138B;
    9810 : 1445;
    9811 : 13FC;
    9812 : 12B6;
    9813 : 11F8;
    9814 : 1238;
    9815 : 1210;
    9816 : 1115;
    9817 : 10A2;
    9818 : 10D0;
    9819 : 0FC6;
    9820 : 0D53;
    9821 : 0B91;
    9822 : 0B05;
    9823 : 0A2E;
    9824 : 08FD;
    9825 : 0893;
    9826 : 0875;
    9827 : 07C8;
    9828 : 0749;
    9829 : 0775;
    9830 : 0779;
    9831 : 0724;
    9832 : 0729;
    9833 : 075C;
    9834 : 070E;
    9835 : 067F;
    9836 : 0632;
    9837 : 0600;
    9838 : 0611;
    9839 : 0709;
    9840 : 0852;
    9841 : 088D;
    9842 : 07FC;
    9843 : 07C3;
    9844 : 0786;
    9845 : 06A1;
    9846 : 05D0;
    9847 : 0566;
    9848 : 048C;
    9849 : 0352;
    9850 : 02A3;
    9851 : 027C;
    9852 : 0238;
    9853 : 01BF;
    9854 : 0190;
    9855 : 0214;
    9856 : 02D9;
    9857 : 0356;
    9858 : 045B;
    9859 : 066C;
    9860 : 081A;
    9861 : 08C7;
    9862 : 0A29;
    9863 : 0CCA;
    9864 : 0F0D;
    9865 : 1052;
    9866 : 114D;
    9867 : 123C;
    9868 : 12F2;
    9869 : 1343;
    9870 : 132F;
    9871 : 1328;
    9872 : 1326;
    9873 : 1281;
    9874 : 1186;
    9875 : 10E5;
    9876 : 100D;
    9877 : 0EAD;
    9878 : 0D94;
    9879 : 0CCB;
    9880 : 0BCD;
    9881 : 0AE1;
    9882 : 0A1D;
    9883 : 093A;
    9884 : 08AF;
    9885 : 08B6;
    9886 : 089C;
    9887 : 0811;
    9888 : 0774;
    9889 : 073D;
    9890 : 07C4;
    9891 : 0887;
    9892 : 08DB;
    9893 : 0966;
    9894 : 0A70;
    9895 : 0A8E;
    9896 : 0978;
    9897 : 08E4;
    9898 : 0977;
    9899 : 0A68;
    9900 : 0B0E;
    9901 : 0ABE;
    9902 : 0965;
    9903 : 07EA;
    9904 : 0666;
    9905 : 044A;
    9906 : 021B;
    9907 : 0094;
    9908 : FFE2;
    9909 : 003E;
    9910 : 00E3;
    9911 : 006E;
    9912 : FF63;
    9913 : FEDC;
    9914 : FE21;
    9915 : FCD0;
    9916 : FBD3;
    9917 : FB67;
    9918 : FBE1;
    9919 : FDEA;
    9920 : 001A;
    9921 : 00EB;
    9922 : 01D1;
    9923 : 03FE;
    9924 : 0627;
    9925 : 07B6;
    9926 : 0936;
    9927 : 0A55;
    9928 : 0B22;
    9929 : 0C4D;
    9930 : 0D3C;
    9931 : 0D34;
    9932 : 0CD3;
    9933 : 0C92;
    9934 : 0C7E;
    9935 : 0CF7;
    9936 : 0D8E;
    9937 : 0D2F;
    9938 : 0C2A;
    9939 : 0B79;
    9940 : 0ADD;
    9941 : 09CA;
    9942 : 08E2;
    9943 : 0912;
    9944 : 0A0D;
    9945 : 0ABB;
    9946 : 0AE9;
    9947 : 0B47;
    9948 : 0BAF;
    9949 : 0B77;
    9950 : 0B09;
    9951 : 0AE7;
    9952 : 0A64;
    9953 : 097B;
    9954 : 09BA;
    9955 : 0B89;
    9956 : 0CD2;
    9957 : 0BFC;
    9958 : 0A2B;
    9959 : 08F4;
    9960 : 07EB;
    9961 : 0658;
    9962 : 0508;
    9963 : 048A;
    9964 : 041D;
    9965 : 036D;
    9966 : 029E;
    9967 : 010C;
    9968 : FE65;
    9969 : FB9B;
    9970 : F98E;
    9971 : F86C;
    9972 : F7D6;
    9973 : F6F1;
    9974 : F59F;
    9975 : F4E3;
    9976 : F541;
    9977 : F650;
    9978 : F748;
    9979 : F716;
    9980 : F5FC;
    9981 : F5CB;
    9982 : F64F;
    9983 : F58A;
    9984 : F423;
    9985 : F3FA;
    9986 : F43E;
    9987 : F3C0;
    9988 : F31F;
    9989 : F2A7;
    9990 : F273;
    9991 : F305;
    9992 : F372;
    9993 : F2C5;
    9994 : F22C;
    9995 : F207;
    9996 : F0FB;
    9997 : EF5C;
    9998 : EE93;
    9999 : EE9A;
    10000 : EEFF;
    10001 : EF79;
    10002 : EFB1;
    10003 : F093;
    10004 : F2AF;
    10005 : F45B;
    10006 : F51D;
    10007 : F6AC;
    10008 : F8CC;
    10009 : FA0E;
    10010 : FB51;
    10011 : FD9F;
    10012 : 0018;
    10013 : 01EB;
    10014 : 0313;
    10015 : 03F6;
    10016 : 0545;
    10017 : 0653;
    10018 : 05BE;
    10019 : 0456;
    10020 : 0338;
    10021 : 0169;
    10022 : FF18;
    10023 : FDFC;
    10024 : FD6C;
    10025 : FBFB;
    10026 : FABD;
    10027 : FA5B;
    10028 : F94F;
    10029 : F718;
    10030 : F510;
    10031 : F42A;
    10032 : F402;
    10033 : F3B2;
    10034 : F365;
    10035 : F42E;
    10036 : F594;
    10037 : F5EA;
    10038 : F549;
    10039 : F4ED;
    10040 : F533;
    10041 : F642;
    10042 : F7B8;
    10043 : F82B;
    10044 : F7B1;
    10045 : F7E8;
    10046 : F865;
    10047 : F781;
    10048 : F5B9;
    10049 : F48A;
    10050 : F425;
    10051 : F404;
    10052 : F3AF;
    10053 : F313;
    10054 : F2A2;
    10055 : F218;
    10056 : F0AA;
    10057 : EF04;
    10058 : EE78;
    10059 : EEAC;
    10060 : EEB4;
    10061 : EEE8;
    10062 : EFC3;
    10063 : F0BD;
    10064 : F138;
    10065 : F16C;
    10066 : F208;
    10067 : F352;
    10068 : F50C;
    10069 : F6D7;
    10070 : F84C;
    10071 : F987;
    10072 : FB3D;
    10073 : FD2E;
    10074 : FE16;
    10075 : FE05;
    10076 : FE2F;
    10077 : FEAC;
    10078 : FF4C;
    10079 : 0094;
    10080 : 01D2;
    10081 : 01A9;
    10082 : 00BA;
    10083 : 0065;
    10084 : 0053;
    10085 : FFD3;
    10086 : FF67;
    10087 : FFD1;
    10088 : 00D1;
    10089 : 014A;
    10090 : 011D;
    10091 : 01FC;
    10092 : 0462;
    10093 : 065F;
    10094 : 0769;
    10095 : 0925;
    10096 : 0B7E;
    10097 : 0D14;
    10098 : 0E73;
    10099 : 107D;
    10100 : 124F;
    10101 : 1307;
    10102 : 12EA;
    10103 : 1283;
    10104 : 125B;
    10105 : 12A4;
    10106 : 12DA;
    10107 : 1280;
    10108 : 117A;
    10109 : 0FE9;
    10110 : 0E4D;
    10111 : 0CD3;
    10112 : 0B0C;
    10113 : 0934;
    10114 : 07F0;
    10115 : 06F1;
    10116 : 05C2;
    10117 : 047B;
    10118 : 02F0;
    10119 : 014D;
    10120 : 0051;
    10121 : FF80;
    10122 : FDFE;
    10123 : FCCB;
    10124 : FCD1;
    10125 : FD01;
    10126 : FCD2;
    10127 : FD2A;
    10128 : FE18;
    10129 : FEFD;
    10130 : FFDC;
    10131 : 00A9;
    10132 : 0123;
    10133 : 0189;
    10134 : 01DC;
    10135 : 017B;
    10136 : 0061;
    10137 : FF66;
    10138 : FEED;
    10139 : FE72;
    10140 : FD9C;
    10141 : FD11;
    10142 : FD61;
    10143 : FDD9;
    10144 : FDD5;
    10145 : FDE6;
    10146 : FE34;
    10147 : FDFF;
    10148 : FDC9;
    10149 : FEF6;
    10150 : 012F;
    10151 : 0316;
    10152 : 0477;
    10153 : 05AA;
    10154 : 068B;
    10155 : 073C;
    10156 : 0808;
    10157 : 089A;
    10158 : 08F3;
    10159 : 0A24;
    10160 : 0C6D;
    10161 : 0E59;
    10162 : 0F0D;
    10163 : 0F49;
    10164 : 0F2D;
    10165 : 0DE6;
    10166 : 0C06;
    10167 : 0AF1;
    10168 : 0A48;
    10169 : 08F1;
    10170 : 075A;
    10171 : 065C;
    10172 : 05C9;
    10173 : 052D;
    10174 : 045C;
    10175 : 0351;
    10176 : 0252;
    10177 : 017B;
    10178 : 0086;
    10179 : FF9F;
    10180 : FEF7;
    10181 : FE04;
    10182 : FCDF;
    10183 : FCD9;
    10184 : FE3D;
    10185 : FFB0;
    10186 : 005B;
    10187 : 00A0;
    10188 : 00EB;
    10189 : 0142;
    10190 : 019B;
    10191 : 01F7;
    10192 : 021B;
    10193 : 019E;
    10194 : 00B5;
    10195 : 0035;
    10196 : 0015;
    10197 : FF8F;
    10198 : FED6;
    10199 : FE57;
    10200 : FD52;
    10201 : FB68;
    10202 : F992;
    10203 : F848;
    10204 : F74C;
    10205 : F6CB;
    10206 : F6AA;
    10207 : F679;
    10208 : F69F;
    10209 : F765;
    10210 : F81D;
    10211 : F8DA;
    10212 : FA7B;
    10213 : FCBF;
    10214 : FEEB;
    10215 : 00FC;
    10216 : 02CE;
    10217 : 0416;
    10218 : 0533;
    10219 : 0683;
    10220 : 0802;
    10221 : 09AB;
    10222 : 0AE3;
    10223 : 0B38;
    10224 : 0BC0;
    10225 : 0D15;
    10226 : 0DAE;
    10227 : 0CE1;
    10228 : 0C2D;
    10229 : 0C20;
    10230 : 0BD1;
    10231 : 0B15;
    10232 : 0A59;
    10233 : 09DD;
    10234 : 09F1;
    10235 : 0A23;
    10236 : 0989;
    10237 : 08C7;
    10238 : 08F4;
    10239 : 0942;
    10240 : 08C5;
    10241 : 0868;
    10242 : 08E2;
    10243 : 0999;
    10244 : 0A24;
    10245 : 0A9D;
    10246 : 0B0E;
    10247 : 0BAC;
    10248 : 0C64;
    10249 : 0C6A;
    10250 : 0B81;
    10251 : 0A9C;
    10252 : 0A5B;
    10253 : 0A09;
    10254 : 08B2;
    10255 : 06C7;
    10256 : 0593;
    10257 : 04FD;
    10258 : 03A7;
    10259 : 0169;
    10260 : FF5C;
    10261 : FDCE;
    10262 : FC8B;
    10263 : FB92;
    10264 : FA46;
    10265 : F856;
    10266 : F725;
    10267 : F77F;
    10268 : F7CE;
    10269 : F70E;
    10270 : F6AC;
    10271 : F7A4;
    10272 : F897;
    10273 : F81C;
    10274 : F722;
    10275 : F780;
    10276 : F8F7;
    10277 : F99F;
    10278 : F92C;
    10279 : F8F6;
    10280 : F916;
    10281 : F896;
    10282 : F79B;
    10283 : F6C8;
    10284 : F622;
    10285 : F58D;
    10286 : F4A5;
    10287 : F2D3;
    10288 : F0D4;
    10289 : F006;
    10290 : F013;
    10291 : EFEF;
    10292 : F005;
    10293 : F114;
    10294 : F299;
    10295 : F3B4;
    10296 : F44A;
    10297 : F4ED;
    10298 : F648;
    10299 : F851;
    10300 : FA72;
    10301 : FC9B;
    10302 : FED7;
    10303 : 0072;
    10304 : 0130;
    10305 : 01FB;
    10306 : 0347;
    10307 : 049F;
    10308 : 0613;
    10309 : 07B6;
    10310 : 087D;
    10311 : 07DF;
    10312 : 070E;
    10313 : 06D3;
    10314 : 0627;
    10315 : 0433;
    10316 : 01A7;
    10317 : FF84;
    10318 : FE45;
    10319 : FE01;
    10320 : FE20;
    10321 : FD72;
    10322 : FBB1;
    10323 : F9F3;
    10324 : F8F7;
    10325 : F80F;
    10326 : F6C7;
    10327 : F62E;
    10328 : F6F3;
    10329 : F7D7;
    10330 : F7EA;
    10331 : F84A;
    10332 : F9AE;
    10333 : FAEF;
    10334 : FB68;
    10335 : FBC0;
    10336 : FBED;
    10337 : FB61;
    10338 : FA5B;
    10339 : F92E;
    10340 : F7BB;
    10341 : F656;
    10342 : F58D;
    10343 : F55D;
    10344 : F574;
    10345 : F56A;
    10346 : F4DF;
    10347 : F3E5;
    10348 : F2A7;
    10349 : F129;
    10350 : EFE7;
    10351 : EF60;
    10352 : EF4B;
    10353 : EF90;
    10354 : F05D;
    10355 : F0EF;
    10356 : F0EA;
    10357 : F185;
    10358 : F323;
    10359 : F493;
    10360 : F5AD;
    10361 : F72C;
    10362 : F8C4;
    10363 : FA08;
    10364 : FB19;
    10365 : FBCD;
    10366 : FC53;
    10367 : FD38;
    10368 : FDBC;
    10369 : FD09;
    10370 : FC38;
    10371 : FC2D;
    10372 : FC00;
    10373 : FB61;
    10374 : FB30;
    10375 : FB56;
    10376 : FB2B;
    10377 : FADE;
    10378 : FAA1;
    10379 : FA27;
    10380 : F9B4;
    10381 : F9E5;
    10382 : FA96;
    10383 : FB4C;
    10384 : FC48;
    10385 : FE0D;
    10386 : 002A;
    10387 : 01E0;
    10388 : 0365;
    10389 : 0515;
    10390 : 0666;
    10391 : 073B;
    10392 : 0874;
    10393 : 09EC;
    10394 : 0A6F;
    10395 : 0A22;
    10396 : 0A15;
    10397 : 0A19;
    10398 : 09C0;
    10399 : 09C4;
    10400 : 0A4A;
    10401 : 09CB;
    10402 : 077A;
    10403 : 04BA;
    10404 : 02CB;
    10405 : 0101;
    10406 : FE8A;
    10407 : FC07;
    10408 : FA27;
    10409 : F8B6;
    10410 : F7C0;
    10411 : F774;
    10412 : F723;
    10413 : F63A;
    10414 : F539;
    10415 : F4A3;
    10416 : F488;
    10417 : F51B;
    10418 : F61E;
    10419 : F6E7;
    10420 : F785;
    10421 : F843;
    10422 : F880;
    10423 : F7DD;
    10424 : F734;
    10425 : F725;
    10426 : F73F;
    10427 : F703;
    10428 : F688;
    10429 : F661;
    10430 : F6F9;
    10431 : F799;
    10432 : F71B;
    10433 : F5DA;
    10434 : F527;
    10435 : F516;
    10436 : F4D2;
    10437 : F46E;
    10438 : F482;
    10439 : F4FB;
    10440 : F5A7;
    10441 : F6C8;
    10442 : F861;
    10443 : FA0C;
    10444 : FBB1;
    10445 : FD5E;
    10446 : FEC7;
    10447 : FFE1;
    10448 : 0105;
    10449 : 0219;
    10450 : 02EC;
    10451 : 0425;
    10452 : 0629;
    10453 : 07EA;
    10454 : 085A;
    10455 : 07E0;
    10456 : 073A;
    10457 : 064D;
    10458 : 04EB;
    10459 : 0382;
    10460 : 0282;
    10461 : 01E0;
    10462 : 0157;
    10463 : 00AB;
    10464 : FF9F;
    10465 : FE2D;
    10466 : FCAB;
    10467 : FB38;
    10468 : F9BD;
    10469 : F8BF;
    10470 : F8CE;
    10471 : F8FB;
    10472 : F825;
    10473 : F748;
    10474 : F7EC;
    10475 : F95F;
    10476 : F9F5;
    10477 : F98D;
    10478 : F92E;
    10479 : F999;
    10480 : FAC4;
    10481 : FBE3;
    10482 : FC3A;
    10483 : FBE0;
    10484 : FB3C;
    10485 : FA75;
    10486 : F9E2;
    10487 : F9CF;
    10488 : F9E1;
    10489 : F983;
    10490 : F876;
    10491 : F6D0;
    10492 : F50B;
    10493 : F396;
    10494 : F21B;
    10495 : F054;
    10496 : EED1;
    10497 : EDBC;
    10498 : EC79;
    10499 : EB65;
    10500 : EB99;
    10501 : ECB6;
    10502 : EDB6;
    10503 : EF17;
    10504 : F142;
    10505 : F2EB;
    10506 : F394;
    10507 : F4E4;
    10508 : F777;
    10509 : F9A4;
    10510 : FA7B;
    10511 : FAEF;
    10512 : FBE3;
    10513 : FD61;
    10514 : FF28;
    10515 : 00B3;
    10516 : 0198;
    10517 : 01F7;
    10518 : 01FA;
    10519 : 01AC;
    10520 : 0147;
    10521 : 00E8;
    10522 : 0080;
    10523 : 0039;
    10524 : FFF8;
    10525 : FF57;
    10526 : FE9F;
    10527 : FE23;
    10528 : FD45;
    10529 : FBFE;
    10530 : FB87;
    10531 : FC01;
    10532 : FC67;
    10533 : FCEA;
    10534 : FE20;
    10535 : FF31;
    10536 : FFC7;
    10537 : 0129;
    10538 : 0352;
    10539 : 0455;
    10540 : 03E1;
    10541 : 03C6;
    10542 : 0478;
    10543 : 046D;
    10544 : 0335;
    10545 : 0229;
    10546 : 01A5;
    10547 : 007B;
    10548 : FE65;
    10549 : FC79;
    10550 : FB2B;
    10551 : FA07;
    10552 : F8CD;
    10553 : F755;
    10554 : F5A1;
    10555 : F473;
    10556 : F41E;
    10557 : F37D;
    10558 : F205;
    10559 : F0E0;
    10560 : F088;
    10561 : F024;
    10562 : EFF0;
    10563 : F0F7;
    10564 : F27D;
    10565 : F302;
    10566 : F2F3;
    10567 : F395;
    10568 : F483;
    10569 : F47F;
    10570 : F39C;
    10571 : F30A;
    10572 : F357;
    10573 : F3BA;
    10574 : F354;
    10575 : F2A5;
    10576 : F299;
    10577 : F2A6;
    10578 : F1BD;
    10579 : F05A;
    10580 : EF64;
    10581 : EE74;
    10582 : ED4C;
    10583 : ECF4;
    10584 : EDC4;
    10585 : EED3;
    10586 : EFD7;
    10587 : F125;
    10588 : F260;
    10589 : F36D;
    10590 : F510;
    10591 : F729;
    10592 : F8D8;
    10593 : FAB6;
    10594 : FDE7;
    10595 : 0163;
    10596 : 0356;
    10597 : 041D;
    10598 : 051E;
    10599 : 0634;
    10600 : 0694;
    10601 : 06B3;
    10602 : 0759;
    10603 : 081D;
    10604 : 081E;
    10605 : 0751;
    10606 : 063D;
    10607 : 052B;
    10608 : 0421;
    10609 : 0306;
    10610 : 0199;
    10611 : FFD0;
    10612 : FE4D;
    10613 : FD87;
    10614 : FCE2;
    10615 : FBB0;
    10616 : FA82;
    10617 : FA40;
    10618 : FAD0;
    10619 : FBBB;
    10620 : FCEF;
    10621 : FE0D;
    10622 : FE7D;
    10623 : FEAE;
    10624 : FFA1;
    10625 : 0139;
    10626 : 025D;
    10627 : 027E;
    10628 : 01DA;
    10629 : 00DB;
    10630 : FFF7;
    10631 : FFA3;
    10632 : FF82;
    10633 : FE9F;
    10634 : FD2E;
    10635 : FCA2;
    10636 : FCF5;
    10637 : FC25;
    10638 : F9C1;
    10639 : F7DE;
    10640 : F73B;
    10641 : F633;
    10642 : F47E;
    10643 : F3CB;
    10644 : F45A;
    10645 : F4DD;
    10646 : F53A;
    10647 : F64B;
    10648 : F7EE;
    10649 : F960;
    10650 : FA45;
    10651 : FABA;
    10652 : FB5F;
    10653 : FCC3;
    10654 : FE5A;
    10655 : FF37;
    10656 : FFA3;
    10657 : 0093;
    10658 : 021B;
    10659 : 036E;
    10660 : 03F6;
    10661 : 0408;
    10662 : 045A;
    10663 : 04D6;
    10664 : 04D4;
    10665 : 047A;
    10666 : 0455;
    10667 : 0417;
    10668 : 037B;
    10669 : 0315;
    10670 : 030A;
    10671 : 02DF;
    10672 : 02F7;
    10673 : 03E5;
    10674 : 050E;
    10675 : 05D3;
    10676 : 0696;
    10677 : 078D;
    10678 : 088C;
    10679 : 0A02;
    10680 : 0C4E;
    10681 : 0EB1;
    10682 : 1034;
    10683 : 10CE;
    10684 : 1129;
    10685 : 11E2;
    10686 : 12F6;
    10687 : 13BA;
    10688 : 1389;
    10689 : 126B;
    10690 : 10E8;
    10691 : 0F87;
    10692 : 0E55;
    10693 : 0CF7;
    10694 : 0B79;
    10695 : 0A3D;
    10696 : 08FE;
    10697 : 073A;
    10698 : 0577;
    10699 : 045C;
    10700 : 0338;
    10701 : 013F;
    10702 : FF2A;
    10703 : FDEE;
    10704 : FD33;
    10705 : FC76;
    10706 : FC1C;
    10707 : FC3A;
    10708 : FC03;
    10709 : FB9A;
    10710 : FC5B;
    10711 : FE31;
    10712 : FF1A;
    10713 : FE6C;
    10714 : FDEA;
    10715 : FEA3;
    10716 : FF9B;
    10717 : 0022;
    10718 : 00AB;
    10719 : 013B;
    10720 : 0134;
    10721 : 007A;
    10722 : FF73;
    10723 : FEA0;
    10724 : FE53;
    10725 : FE05;
    10726 : FCDC;
    10727 : FBA6;
    10728 : FC2E;
    10729 : FDF1;
    10730 : FE73;
    10731 : FD6C;
    10732 : FD0F;
    10733 : FDF1;
    10734 : FEB3;
    10735 : FF7F;
    10736 : 01A0;
    10737 : 044C;
    10738 : 05C1;
    10739 : 0682;
    10740 : 0803;
    10741 : 09DC;
    10742 : 0B17;
    10743 : 0C23;
    10744 : 0D4E;
    10745 : 0DE0;
    10746 : 0E0A;
    10747 : 0EF9;
    10748 : 107C;
    10749 : 1138;
    10750 : 112B;
    10751 : 114C;
    10752 : 115D;
    10753 : 1084;
    10754 : 0F35;
    10755 : 0E68;
    10756 : 0DE6;
    10757 : 0CE6;
    10758 : 0B3D;
    10759 : 0913;
    10760 : 06C7;
    10761 : 053E;
    10762 : 04D6;
    10763 : 0497;
    10764 : 03DC;
    10765 : 03A3;
    10766 : 04A7;
    10767 : 05F1;
    10768 : 06BE;
    10769 : 07AC;
    10770 : 08DF;
    10771 : 0957;
    10772 : 08F6;
    10773 : 08E5;
    10774 : 096D;
    10775 : 097E;
    10776 : 08B7;
    10777 : 080B;
    10778 : 07E0;
    10779 : 0753;
    10780 : 05F6;
    10781 : 04B3;
    10782 : 03F4;
    10783 : 02B3;
    10784 : 0064;
    10785 : FDE7;
    10786 : FBF6;
    10787 : FA91;
    10788 : F9BD;
    10789 : F952;
    10790 : F8F4;
    10791 : F907;
    10792 : FA0E;
    10793 : FB45;
    10794 : FBDF;
    10795 : FCA1;
    10796 : FE4D;
    10797 : 002D;
    10798 : 01B3;
    10799 : 039A;
    10800 : 062E;
    10801 : 084A;
    10802 : 093D;
    10803 : 0A14;
    10804 : 0BB4;
    10805 : 0D22;
    10806 : 0D8E;
    10807 : 0E11;
    10808 : 0F62;
    10809 : 1054;
    10810 : 1065;
    10811 : 10A0;
    10812 : 10F3;
    10813 : 1040;
    10814 : 0EEF;
    10815 : 0E0E;
    10816 : 0D3C;
    10817 : 0C02;
    10818 : 0B43;
    10819 : 0B93;
    10820 : 0C31;
    10821 : 0C3F;
    10822 : 0BB6;
    10823 : 0B1A;
    10824 : 0B05;
    10825 : 0BBE;
    10826 : 0D29;
    10827 : 0ED5;
    10828 : 0FFD;
    10829 : 1058;
    10830 : 10C6;
    10831 : 1207;
    10832 : 1340;
    10833 : 133F;
    10834 : 122B;
    10835 : 10DE;
    10836 : 0FC5;
    10837 : 0EE2;
    10838 : 0DE8;
    10839 : 0C86;
    10840 : 0B09;
    10841 : 09B8;
    10842 : 07D2;
    10843 : 04F0;
    10844 : 024C;
    10845 : 0097;
    10846 : FEB5;
    10847 : FC79;
    10848 : FB6F;
    10849 : FB94;
    10850 : FB15;
    10851 : F9C7;
    10852 : F91B;
    10853 : F950;
    10854 : F9C4;
    10855 : FA4B;
    10856 : FA82;
    10857 : FA42;
    10858 : FA91;
    10859 : FBE1;
    10860 : FCDF;
    10861 : FCCD;
    10862 : FC8A;
    10863 : FC8A;
    10864 : FC41;
    10865 : FB7F;
    10866 : FA9A;
    10867 : F9DA;
    10868 : F960;
    10869 : F8E9;
    10870 : F81C;
    10871 : F772;
    10872 : F7A2;
    10873 : F832;
    10874 : F819;
    10875 : F772;
    10876 : F748;
    10877 : F810;
    10878 : F942;
    10879 : FA5C;
    10880 : FB9E;
    10881 : FD58;
    10882 : FF4A;
    10883 : 012B;
    10884 : 0316;
    10885 : 0512;
    10886 : 06EF;
    10887 : 08B4;
    10888 : 0A86;
    10889 : 0C70;
    10890 : 0E7A;
    10891 : 101F;
    10892 : 1070;
    10893 : 0FBA;
    10894 : 0F6F;
    10895 : 0FA6;
    10896 : 0F17;
    10897 : 0DC1;
    10898 : 0CC5;
    10899 : 0C2D;
    10900 : 0B5C;
    10901 : 0A37;
    10902 : 0874;
    10903 : 05E2;
    10904 : 039A;
    10905 : 027C;
    10906 : 0199;
    10907 : 002F;
    10908 : FF1B;
    10909 : FEF3;
    10910 : FF06;
    10911 : FEE9;
    10912 : FF2B;
    10913 : 0056;
    10914 : 0210;
    10915 : 0352;
    10916 : 0387;
    10917 : 0314;
    10918 : 026D;
    10919 : 01BE;
    10920 : 0174;
    10921 : 01B8;
    10922 : 01FF;
    10923 : 021A;
    10924 : 023F;
    10925 : 01F3;
    10926 : 00CB;
    10927 : FF69;
    10928 : FE12;
    10929 : FC35;
    10930 : FA18;
    10931 : F8BA;
    10932 : F833;
    10933 : F7CB;
    10934 : F704;
    10935 : F5BC;
    10936 : F449;
    10937 : F355;
    10938 : F32A;
    10939 : F3B0;
    10940 : F4D1;
    10941 : F63A;
    10942 : F762;
    10943 : F842;
    10944 : F933;
    10945 : FA2E;
    10946 : FB0C;
    10947 : FC3C;
    10948 : FE38;
    10949 : 0062;
    10950 : 01B0;
    10951 : 0266;
    10952 : 037F;
    10953 : 0499;
    10954 : 04C4;
    10955 : 049A;
    10956 : 050E;
    10957 : 0582;
    10958 : 051B;
    10959 : 0439;
    10960 : 0391;
    10961 : 036A;
    10962 : 03AB;
    10963 : 03E5;
    10964 : 0410;
    10965 : 04E1;
    10966 : 0640;
    10967 : 0738;
    10968 : 0800;
    10969 : 0996;
    10970 : 0B89;
    10971 : 0CD0;
    10972 : 0DA5;
    10973 : 0E7A;
    10974 : 0EF0;
    10975 : 0F24;
    10976 : 0FEC;
    10977 : 10F5;
    10978 : 1106;
    10979 : 1069;
    10980 : 10B0;
    10981 : 11EA;
    10982 : 1284;
    10983 : 11DA;
    10984 : 107A;
    10985 : 0E86;
    10986 : 0C09;
    10987 : 09A2;
    10988 : 075E;
    10989 : 04C7;
    10990 : 0270;
    10991 : 0131;
    10992 : 007A;
    10993 : FF86;
    10994 : FEC4;
    10995 : FE65;
    10996 : FD66;
    10997 : FB60;
    10998 : F991;
    10999 : F919;
    11000 : F96E;
    11001 : F9AE;
    11002 : FA15;
    11003 : FB01;
    11004 : FC00;
    11005 : FCE5;
    11006 : FE01;
    11007 : FED5;
    11008 : FEE2;
    11009 : FF18;
    11010 : 0000;
    11011 : 0049;
    11012 : FF1C;
    11013 : FD7E;
    11014 : FC5B;
    11015 : FBA4;
    11016 : FB3F;
    11017 : FB01;
    11018 : FA87;
    11019 : F9EB;
    11020 : F9A8;
    11021 : F9C6;
    11022 : FA06;
    11023 : FA61;
    11024 : FAFB;
    11025 : FBC8;
    11026 : FC5F;
    11027 : FC97;
    11028 : FD18;
    11029 : FE5F;
    11030 : FFCC;
    11031 : 00D9;
    11032 : 0234;
    11033 : 0464;
    11034 : 069C;
    11035 : 07F2;
    11036 : 0890;
    11037 : 0919;
    11038 : 099E;
    11039 : 09D2;
    11040 : 09DB;
    11041 : 0A36;
    11042 : 0AC1;
    11043 : 0AB3;
    11044 : 09C6;
    11045 : 0887;
    11046 : 0752;
    11047 : 05F7;
    11048 : 046E;
    11049 : 0303;
    11050 : 01B9;
    11051 : 0063;
    11052 : FF2A;
    11053 : FE43;
    11054 : FD68;
    11055 : FC6B;
    11056 : FBC1;
    11057 : FBC5;
    11058 : FC3E;
    11059 : FCDC;
    11060 : FD69;
    11061 : FDD8;
    11062 : FE80;
    11063 : FF6E;
    11064 : FFE0;
    11065 : FF8A;
    11066 : FF4B;
    11067 : FF8C;
    11068 : FFB0;
    11069 : FF92;
    11070 : FF72;
    11071 : FEDF;
    11072 : FDA7;
    11073 : FC7F;
    11074 : FB8D;
    11075 : FA30;
    11076 : F88A;
    11077 : F72A;
    11078 : F5B1;
    11079 : F3EB;
    11080 : F2DF;
    11081 : F30A;
    11082 : F362;
    11083 : F34B;
    11084 : F36B;
    11085 : F400;
    11086 : F490;
    11087 : F541;
    11088 : F690;
    11089 : F844;
    11090 : FA18;
    11091 : FC4F;
    11092 : FEED;
    11093 : 0182;
    11094 : 03C3;
    11095 : 0588;
    11096 : 06CE;
    11097 : 07E5;
    11098 : 08E2;
    11099 : 0975;
    11100 : 09D2;
    11101 : 0A6A;
    11102 : 0AEB;
    11103 : 0ADE;
    11104 : 0A7C;
    11105 : 09D9;
    11106 : 0894;
    11107 : 06F4;
    11108 : 05EC;
    11109 : 05BA;
    11110 : 0572;
    11111 : 044C;
    11112 : 02F2;
    11113 : 02A7;
    11114 : 0369;
    11115 : 043F;
    11116 : 04FB;
    11117 : 0608;
    11118 : 072C;
    11119 : 0808;
    11120 : 08B2;
    11121 : 0918;
    11122 : 090C;
    11123 : 08E9;
    11124 : 0941;
    11125 : 0A28;
    11126 : 0B0F;
    11127 : 0B0A;
    11128 : 09BB;
    11129 : 07D0;
    11130 : 060A;
    11131 : 0485;
    11132 : 0326;
    11133 : 01BF;
    11134 : 0020;
    11135 : FE91;
    11136 : FD43;
    11137 : FBAE;
    11138 : F9B0;
    11139 : F7F4;
    11140 : F693;
    11141 : F540;
    11142 : F477;
    11143 : F46F;
    11144 : F436;
    11145 : F35E;
    11146 : F2B3;
    11147 : F281;
    11148 : F231;
    11149 : F1E3;
    11150 : F26D;
    11151 : F3B8;
    11152 : F4B9;
    11153 : F531;
    11154 : F5DA;
    11155 : F6C1;
    11156 : F70C;
    11157 : F68F;
    11158 : F5D5;
    11159 : F4F7;
    11160 : F3F9;
    11161 : F377;
    11162 : F3BD;
    11163 : F447;
    11164 : F49D;
    11165 : F4CC;
    11166 : F502;
    11167 : F531;
    11168 : F524;
    11169 : F50C;
    11170 : F567;
    11171 : F623;
    11172 : F6E1;
    11173 : F7F4;
    11174 : F9C2;
    11175 : FBDB;
    11176 : FDCC;
    11177 : FFB6;
    11178 : 01A5;
    11179 : 0389;
    11180 : 0562;
    11181 : 06DE;
    11182 : 07C5;
    11183 : 087D;
    11184 : 0951;
    11185 : 0A06;
    11186 : 0A4E;
    11187 : 09E1;
    11188 : 08EE;
    11189 : 0860;
    11190 : 085C;
    11191 : 07B7;
    11192 : 0607;
    11193 : 041C;
    11194 : 0243;
    11195 : 0061;
    11196 : FEF8;
    11197 : FE45;
    11198 : FDC0;
    11199 : FD0E;
    11200 : FC3C;
    11201 : FB86;
    11202 : FB42;
    11203 : FB4F;
    11204 : FB59;
    11205 : FBC4;
    11206 : FCBB;
    11207 : FD3C;
    11208 : FCE0;
    11209 : FCC3;
    11210 : FD7D;
    11211 : FE5A;
    11212 : FEFF;
    11213 : FFC3;
    11214 : 0098;
    11215 : 00F7;
    11216 : 00C3;
    11217 : 007D;
    11218 : 005A;
    11219 : FFB9;
    11220 : FE4D;
    11221 : FCC8;
    11222 : FB7A;
    11223 : F9D6;
    11224 : F803;
    11225 : F6DB;
    11226 : F64A;
    11227 : F590;
    11228 : F492;
    11229 : F3B6;
    11230 : F361;
    11231 : F3D6;
    11232 : F4DA;
    11233 : F5E5;
    11234 : F701;
    11235 : F896;
    11236 : FA70;
    11237 : FBDD;
    11238 : FC9B;
    11239 : FD26;
    11240 : FE21;
    11241 : FF89;
    11242 : 00DB;
    11243 : 01F3;
    11244 : 0309;
    11245 : 0410;
    11246 : 04DB;
    11247 : 0594;
    11248 : 063C;
    11249 : 064F;
    11250 : 058E;
    11251 : 0495;
    11252 : 041F;
    11253 : 0443;
    11254 : 04C1;
    11255 : 0571;
    11256 : 0627;
    11257 : 06E2;
    11258 : 07F5;
    11259 : 0948;
    11260 : 0A23;
    11261 : 0A62;
    11262 : 0AB6;
    11263 : 0B56;
    11264 : 0BF4;
    11265 : 0CB9;
    11266 : 0DE0;
    11267 : 0F03;
    11268 : 0FB9;
    11269 : 1011;
    11270 : 1032;
    11271 : 1041;
    11272 : 1047;
    11273 : 0FF4;
    11274 : 0F07;
    11275 : 0DCB;
    11276 : 0CC3;
    11277 : 0C01;
    11278 : 0AFB;
    11279 : 0912;
    11280 : 067C;
    11281 : 0424;
    11282 : 024B;
    11283 : 0059;
    11284 : FE2C;
    11285 : FC94;
    11286 : FC43;
    11287 : FCD5;
    11288 : FD18;
    11289 : FC70;
    11290 : FB80;
    11291 : FAF8;
    11292 : FAA3;
    11293 : FA54;
    11294 : FA74;
    11295 : FB2D;
    11296 : FC11;
    11297 : FCD6;
    11298 : FD91;
    11299 : FE5F;
    11300 : FF15;
    11301 : FF6D;
    11302 : FF81;
    11303 : FFAA;
    11304 : FFC4;
    11305 : FF69;
    11306 : FED7;
    11307 : FEA9;
    11308 : FEFF;
    11309 : FF87;
    11310 : FFE4;
    11311 : FFE2;
    11312 : FF7E;
    11313 : FEC5;
    11314 : FDEB;
    11315 : FD75;
    11316 : FD97;
    11317 : FDEB;
    11318 : FE49;
    11319 : FEF6;
    11320 : FFCA;
    11321 : 0083;
    11322 : 019A;
    11323 : 0347;
    11324 : 04CF;
    11325 : 05B7;
    11326 : 0678;
    11327 : 075F;
    11328 : 0835;
    11329 : 0912;
    11330 : 0A50;
    11331 : 0B61;
    11332 : 0B5B;
    11333 : 0AD1;
    11334 : 0B23;
    11335 : 0BD7;
    11336 : 0B28;
    11337 : 0935;
    11338 : 0793;
    11339 : 067E;
    11340 : 0536;
    11341 : 03EF;
    11342 : 0332;
    11343 : 02AB;
    11344 : 01EB;
    11345 : 012A;
    11346 : 00B6;
    11347 : 0041;
    11348 : FF56;
    11349 : FE63;
    11350 : FE3F;
    11351 : FEB3;
    11352 : FF1E;
    11353 : FFD5;
    11354 : 0116;
    11355 : 0233;
    11356 : 0305;
    11357 : 03E6;
    11358 : 044F;
    11359 : 03DE;
    11360 : 0366;
    11361 : 0358;
    11362 : 032B;
    11363 : 0290;
    11364 : 016F;
    11365 : FFC2;
    11366 : FE2F;
    11367 : FD2F;
    11368 : FC20;
    11369 : FA5C;
    11370 : F827;
    11371 : F671;
    11372 : F641;
    11373 : F765;
    11374 : F835;
    11375 : F81F;
    11376 : F831;
    11377 : F88D;
    11378 : F8A6;
    11379 : F95B;
    11380 : FB4F;
    11381 : FD3D;
    11382 : FE6E;
    11383 : FFEF;
    11384 : 0237;
    11385 : 0483;
    11386 : 0674;
    11387 : 0838;
    11388 : 09BC;
    11389 : 0AE0;
    11390 : 0BE3;
    11391 : 0CFA;
    11392 : 0DB2;
    11393 : 0D95;
    11394 : 0D29;
    11395 : 0D2E;
    11396 : 0D49;
    11397 : 0D00;
    11398 : 0C9F;
    11399 : 0BFE;
    11400 : 0A98;
    11401 : 091A;
    11402 : 0869;
    11403 : 07F9;
    11404 : 0756;
    11405 : 074A;
    11406 : 0847;
    11407 : 099A;
    11408 : 0A7F;
    11409 : 0AC0;
    11410 : 0ABC;
    11411 : 0B07;
    11412 : 0B78;
    11413 : 0B8C;
    11414 : 0BAB;
    11415 : 0C60;
    11416 : 0CF9;
    11417 : 0CA4;
    11418 : 0BF8;
    11419 : 0BE0;
    11420 : 0C12;
    11421 : 0BA5;
    11422 : 0A6A;
    11423 : 08F0;
    11424 : 079E;
    11425 : 0657;
    11426 : 04DF;
    11427 : 0335;
    11428 : 019A;
    11429 : 004A;
    11430 : FF2D;
    11431 : FE19;
    11432 : FD17;
    11433 : FC06;
    11434 : FAB3;
    11435 : F999;
    11436 : F954;
    11437 : F96E;
    11438 : F94B;
    11439 : F932;
    11440 : F948;
    11441 : F933;
    11442 : F941;
    11443 : F9E7;
    11444 : FA99;
    11445 : FACA;
    11446 : FAE2;
    11447 : FB15;
    11448 : FADB;
    11449 : F9F0;
    11450 : F8C4;
    11451 : F804;
    11452 : F80A;
    11453 : F894;
    11454 : F923;
    11455 : F976;
    11456 : F95E;
    11457 : F8DC;
    11458 : F84D;
    11459 : F7C9;
    11460 : F71E;
    11461 : F6CC;
    11462 : F791;
    11463 : F8FC;
    11464 : FA07;
    11465 : FAA6;
    11466 : FB95;
    11467 : FD30;
    11468 : FF14;
    11469 : 00AC;
    11470 : 01FB;
    11471 : 0389;
    11472 : 0553;
    11473 : 06B5;
    11474 : 078C;
    11475 : 0850;
    11476 : 0917;
    11477 : 0981;
    11478 : 0966;
    11479 : 08D9;
    11480 : 07FF;
    11481 : 072B;
    11482 : 068B;
    11483 : 05BB;
    11484 : 0439;
    11485 : 024D;
    11486 : 00D0;
    11487 : FFF6;
    11488 : FF35;
    11489 : FE64;
    11490 : FDB8;
    11491 : FCDE;
    11492 : FB67;
    11493 : F9CA;
    11494 : F8CB;
    11495 : F871;
    11496 : F85C;
    11497 : F84C;
    11498 : F826;
    11499 : F813;
    11500 : F833;
    11501 : F836;
    11502 : F80D;
    11503 : F87A;
    11504 : F9C7;
    11505 : FB17;
    11506 : FBD3;
    11507 : FC3F;
    11508 : FC62;
    11509 : FC05;
    11510 : FB75;
    11511 : FAE4;
    11512 : FA0E;
    11513 : F903;
    11514 : F7F7;
    11515 : F686;
    11516 : F4C0;
    11517 : F393;
    11518 : F324;
    11519 : F290;
    11520 : F19D;
    11521 : F0C6;
    11522 : F058;
    11523 : F0CF;
    11524 : F25F;
    11525 : F3F9;
    11526 : F4B0;
    11527 : F558;
    11528 : F6DD;
    11529 : F8A8;
    11530 : FA04;
    11531 : FB31;
    11532 : FC84;
    11533 : FDCD;
    11534 : FEDC;
    11535 : FFE6;
    11536 : 0123;
    11537 : 0226;
    11538 : 025E;
    11539 : 0251;
    11540 : 02EF;
    11541 : 03F7;
    11542 : 049D;
    11543 : 0510;
    11544 : 05D4;
    11545 : 068C;
    11546 : 0696;
    11547 : 0619;
    11548 : 05D0;
    11549 : 0604;
    11550 : 0638;
    11551 : 064B;
    11552 : 06E5;
    11553 : 07D4;
    11554 : 07E3;
    11555 : 0738;
    11556 : 076B;
    11557 : 08E2;
    11558 : 0A97;
    11559 : 0BEC;
    11560 : 0CD6;
    11561 : 0D66;
    11562 : 0DCF;
    11563 : 0DF8;
    11564 : 0DA2;
    11565 : 0D31;
    11566 : 0CED;
    11567 : 0C57;
    11568 : 0B65;
    11569 : 0ACC;
    11570 : 0A6D;
    11571 : 094D;
    11572 : 070C;
    11573 : 0443;
    11574 : 0202;
    11575 : 00DB;
    11576 : 000A;
    11577 : FEA5;
    11578 : FD40;
    11579 : FCA1;
    11580 : FC2F;
    11581 : FB4A;
    11582 : FA6A;
    11583 : F9D0;
    11584 : F919;
    11585 : F862;
    11586 : F846;
    11587 : F8D1;
    11588 : F966;
    11589 : F98B;
    11590 : F969;
    11591 : F970;
    11592 : F9C3;
    11593 : FA4E;
    11594 : FAF1;
    11595 : FB7D;
    11596 : FC0A;
    11597 : FCC6;
    11598 : FD3A;
    11599 : FCD5;
    11600 : FC23;
    11601 : FBE3;
    11602 : FBBF;
    11603 : FB5F;
    11604 : FB16;
    11605 : FAB2;
    11606 : F9CA;
    11607 : F924;
    11608 : F97E;
    11609 : F9F7;
    11610 : F9C3;
    11611 : F9C7;
    11612 : FAC8;
    11613 : FC0B;
    11614 : FCF8;
    11615 : FE1E;
    11616 : FFAE;
    11617 : 00E1;
    11618 : 0162;
    11619 : 01D0;
    11620 : 029F;
    11621 : 0396;
    11622 : 0452;
    11623 : 04CD;
    11624 : 0580;
    11625 : 068A;
    11626 : 0711;
    11627 : 067B;
    11628 : 056E;
    11629 : 0463;
    11630 : 02EA;
    11631 : 015C;
    11632 : 00BE;
    11633 : 00B7;
    11634 : 002F;
    11635 : FF1B;
    11636 : FDC7;
    11637 : FC35;
    11638 : FAF4;
    11639 : FA81;
    11640 : FA42;
    11641 : F9C9;
    11642 : F9A3;
    11643 : FA08;
    11644 : FA9D;
    11645 : FB43;
    11646 : FBBE;
    11647 : FBB7;
    11648 : FB95;
    11649 : FC01;
    11650 : FCA3;
    11651 : FCC0;
    11652 : FC4D;
    11653 : FB7E;
    11654 : FA4A;
    11655 : F8F7;
    11656 : F848;
    11657 : F85C;
    11658 : F834;
    11659 : F727;
    11660 : F5E0;
    11661 : F4FD;
    11662 : F41A;
    11663 : F2F7;
    11664 : F1E4;
    11665 : F0E8;
    11666 : F025;
    11667 : F02C;
    11668 : F0C6;
    11669 : F11B;
    11670 : F153;
    11671 : F227;
    11672 : F394;
    11673 : F55D;
    11674 : F762;
    11675 : F92A;
    11676 : FABD;
    11677 : FCCB;
    11678 : FF00;
    11679 : 0059;
    11680 : 012F;
    11681 : 0258;
    11682 : 0377;
    11683 : 0442;
    11684 : 0549;
    11685 : 065A;
    11686 : 067A;
    11687 : 05BC;
    11688 : 04FC;
    11689 : 0466;
    11690 : 03A1;
    11691 : 0296;
    11692 : 0181;
    11693 : 00C6;
    11694 : 0089;
    11695 : 006D;
    11696 : 0038;
    11697 : 0017;
    11698 : 0000;
    11699 : FFAE;
    11700 : FF57;
    11701 : FF54;
    11702 : FF9E;
    11703 : 0037;
    11704 : 0148;
    11705 : 0277;
    11706 : 0325;
    11707 : 0360;
    11708 : 038E;
    11709 : 0376;
    11710 : 02BA;
    11711 : 01D1;
    11712 : 017F;
    11713 : 01A7;
    11714 : 0197;
    11715 : 0100;
    11716 : FFEA;
    11717 : FE38;
    11718 : FC25;
    11719 : FA88;
    11720 : F9A6;
    11721 : F8CB;
    11722 : F7AC;
    11723 : F6D7;
    11724 : F662;
    11725 : F5DC;
    11726 : F574;
    11727 : F560;
    11728 : F508;
    11729 : F458;
    11730 : F44A;
    11731 : F4E8;
    11732 : F507;
    11733 : F4A2;
    11734 : F4D0;
    11735 : F591;
    11736 : F618;
    11737 : F689;
    11738 : F75C;
    11739 : F831;
    11740 : F8A2;
    11741 : F8FF;
    11742 : F972;
    11743 : F9AE;
    11744 : F9AD;
    11745 : F9C1;
    11746 : F9EA;
    11747 : F9F0;
    11748 : FA0A;
    11749 : FA86;
    11750 : FB0A;
    11751 : FB1A;
    11752 : FB1C;
    11753 : FB9E;
    11754 : FC3A;
    11755 : FC9C;
    11756 : FD7E;
    11757 : FF31;
    11758 : 00C6;
    11759 : 01DF;
    11760 : 0330;
    11761 : 04B0;
    11762 : 0597;
    11763 : 0620;
    11764 : 0701;
    11765 : 07F2;
    11766 : 0886;
    11767 : 0924;
    11768 : 09D7;
    11769 : 09F0;
    11770 : 0959;
    11771 : 0898;
    11772 : 07A9;
    11773 : 0678;
    11774 : 0570;
    11775 : 0490;
    11776 : 0363;
    11777 : 0229;
    11778 : 0166;
    11779 : 00BC;
    11780 : FFAA;
    11781 : FE79;
    11782 : FD7E;
    11783 : FCA2;
    11784 : FBD7;
    11785 : FB1D;
    11786 : FA6D;
    11787 : F9F5;
    11788 : F9BA;
    11789 : F972;
    11790 : F92B;
    11791 : F928;
    11792 : F945;
    11793 : F97B;
    11794 : FA0C;
    11795 : FAB8;
    11796 : FB24;
    11797 : FBB7;
    11798 : FC84;
    11799 : FCAC;
    11800 : FBFF;
    11801 : FB59;
    11802 : FAC7;
    11803 : F971;
    11804 : F77B;
    11805 : F604;
    11806 : F54B;
    11807 : F45C;
    11808 : F2C7;
    11809 : F16E;
    11810 : F102;
    11811 : F0FE;
    11812 : F0E3;
    11813 : F0FA;
    11814 : F122;
    11815 : F0C1;
    11816 : F036;
    11817 : F06A;
    11818 : F155;
    11819 : F27E;
    11820 : F3E7;
    11821 : F583;
    11822 : F706;
    11823 : F855;
    11824 : F96D;
    11825 : FA5B;
    11826 : FB5D;
    11827 : FC5F;
    11828 : FD04;
    11829 : FD9A;
    11830 : FE97;
    11831 : FF79;
    11832 : FFBD;
    11833 : 0009;
    11834 : 00E7;
    11835 : 01A5;
    11836 : 01A9;
    11837 : 0171;
    11838 : 0182;
    11839 : 0194;
    11840 : 015A;
    11841 : 0114;
    11842 : 0122;
    11843 : 01BA;
    11844 : 02C9;
    11845 : 03E3;
    11846 : 04BD;
    11847 : 05A8;
    11848 : 06D5;
    11849 : 07AB;
    11850 : 07CA;
    11851 : 07C3;
    11852 : 0821;
    11853 : 089C;
    11854 : 08B3;
    11855 : 0847;
    11856 : 0790;
    11857 : 06DC;
    11858 : 0640;
    11859 : 05A1;
    11860 : 04ED;
    11861 : 03E7;
    11862 : 023E;
    11863 : 004F;
    11864 : FEEF;
    11865 : FE44;
    11866 : FDA7;
    11867 : FC92;
    11868 : FB1F;
    11869 : F9D2;
    11870 : F8EF;
    11871 : F82D;
    11872 : F783;
    11873 : F74D;
    11874 : F744;
    11875 : F6EE;
    11876 : F6B5;
    11877 : F6DB;
    11878 : F6BB;
    11879 : F659;
    11880 : F67E;
    11881 : F722;
    11882 : F7F9;
    11883 : F92A;
    11884 : FA3A;
    11885 : FA9A;
    11886 : FAF4;
    11887 : FB96;
    11888 : FBA5;
    11889 : FB74;
    11890 : FC33;
    11891 : FD58;
    11892 : FDAC;
    11893 : FD80;
    11894 : FD4D;
    11895 : FCAD;
    11896 : FBAF;
    11897 : FADB;
    11898 : FA3B;
    11899 : F9DB;
    11900 : F9F7;
    11901 : FA5C;
    11902 : FAD9;
    11903 : FB8C;
    11904 : FC42;
    11905 : FCD2;
    11906 : FDB6;
    11907 : FF07;
    11908 : 0017;
    11909 : 00DF;
    11910 : 020F;
    11911 : 0369;
    11912 : 040E;
    11913 : 0448;
    11914 : 0510;
    11915 : 062B;
    11916 : 06A4;
    11917 : 066A;
    11918 : 05EB;
    11919 : 0514;
    11920 : 03E6;
    11921 : 02C5;
    11922 : 01B7;
    11923 : 008D;
    11924 : FF73;
    11925 : FE6F;
    11926 : FD2C;
    11927 : FBE2;
    11928 : FB3C;
    11929 : FB42;
    11930 : FB58;
    11931 : FB35;
    11932 : FB2F;
    11933 : FB75;
    11934 : FB89;
    11935 : FB2F;
    11936 : FB22;
    11937 : FBBF;
    11938 : FC31;
    11939 : FC2E;
    11940 : FC8C;
    11941 : FD64;
    11942 : FDD9;
    11943 : FDB5;
    11944 : FD3E;
    11945 : FC80;
    11946 : FBCA;
    11947 : FB76;
    11948 : FB1C;
    11949 : FA4A;
    11950 : F952;
    11951 : F8A0;
    11952 : F826;
    11953 : F785;
    11954 : F692;
    11955 : F5B1;
    11956 : F531;
    11957 : F4DF;
    11958 : F4FB;
    11959 : F609;
    11960 : F75A;
    11961 : F820;
    11962 : F932;
    11963 : FB41;
    11964 : FD4C;
    11965 : FECF;
    11966 : 0076;
    11967 : 0233;
    11968 : 038E;
    11969 : 04FC;
    11970 : 06B4;
    11971 : 0812;
    11972 : 0900;
    11973 : 09E6;
    11974 : 0A93;
    11975 : 0ADA;
    11976 : 0B33;
    11977 : 0BC5;
    11978 : 0BF4;
    11979 : 0B5B;
    11980 : 0A99;
    11981 : 0A67;
    11982 : 0A55;
    11983 : 098D;
    11984 : 087F;
    11985 : 0831;
    11986 : 0874;
    11987 : 0867;
    11988 : 07F1;
    11989 : 0771;
    11990 : 0713;
    11991 : 06FE;
    11992 : 0762;
    11993 : 081A;
    11994 : 08B5;
    11995 : 08CE;
    11996 : 0867;
    11997 : 07E3;
    11998 : 07A0;
    11999 : 07BA;
    12000 : 07E2;
    12001 : 078B;
    12002 : 06DC;
    12003 : 06BE;
    12004 : 0716;
    12005 : 067A;
    12006 : 0490;
    12007 : 02AA;
    12008 : 0191;
    12009 : 00BE;
    12010 : FFAD;
    12011 : FE57;
    12012 : FCD7;
    12013 : FB6E;
    12014 : FA80;
    12015 : FA11;
    12016 : F986;
    12017 : F86B;
    12018 : F739;
    12019 : F66D;
    12020 : F597;
    12021 : F4AF;
    12022 : F4AC;
    12023 : F580;
    12024 : F605;
    12025 : F64C;
    12026 : F719;
    12027 : F7E3;
    12028 : F7EB;
    12029 : F786;
    12030 : F734;
    12031 : F76A;
    12032 : F891;
    12033 : F9F6;
    12034 : FACF;
    12035 : FBBD;
    12036 : FD0E;
    12037 : FDC0;
    12038 : FDD6;
    12039 : FE75;
    12040 : FF85;
    12041 : 0030;
    12042 : 008E;
    12043 : 0106;
    12044 : 01AC;
    12045 : 0294;
    12046 : 0380;
    12047 : 042C;
    12048 : 04FE;
    12049 : 0657;
    12050 : 0805;
    12051 : 09CF;
    12052 : 0B4D;
    12053 : 0BFC;
    12054 : 0C68;
    12055 : 0D89;
    12056 : 0EFA;
    12057 : 0FC9;
    12058 : 102D;
    12059 : 10BB;
    12060 : 1118;
    12061 : 10B1;
    12062 : 0FA6;
    12063 : 0E65;
    12064 : 0D17;
    12065 : 0BF3;
    12066 : 0B6E;
    12067 : 0B63;
    12068 : 0AF4;
    12069 : 09FB;
    12070 : 092A;
    12071 : 0876;
    12072 : 075A;
    12073 : 0639;
    12074 : 0580;
    12075 : 0492;
    12076 : 0336;
    12077 : 0244;
    12078 : 0225;
    12079 : 025D;
    12080 : 027E;
    12081 : 026E;
    12082 : 0253;
    12083 : 028E;
    12084 : 0342;
    12085 : 03F6;
    12086 : 0429;
    12087 : 0406;
    12088 : 0412;
    12089 : 044B;
    12090 : 0425;
    12091 : 0386;
    12092 : 02FA;
    12093 : 02B1;
    12094 : 0261;
    12095 : 0205;
    12096 : 01BD;
    12097 : 014F;
    12098 : 006D;
    12099 : FF14;
    12100 : FDAB;
    12101 : FCCD;
    12102 : FC83;
    12103 : FC41;
    12104 : FBF7;
    12105 : FC1A;
    12106 : FCA9;
    12107 : FD6F;
    12108 : FE63;
    12109 : FF47;
    12110 : FFF8;
    12111 : 00C3;
    12112 : 01A5;
    12113 : 026C;
    12114 : 0371;
    12115 : 04C9;
    12116 : 05DF;
    12117 : 06B8;
    12118 : 07E8;
    12119 : 094D;
    12120 : 0A89;
    12121 : 0BBB;
    12122 : 0CD2;
    12123 : 0D73;
    12124 : 0DC4;
    12125 : 0E4B;
    12126 : 0F35;
    12127 : 0FFE;
    12128 : 0FEE;
    12129 : 0F43;
    12130 : 0F05;
    12131 : 0F4D;
    12132 : 0F68;
    12133 : 0F82;
    12134 : 1006;
    12135 : 1062;
    12136 : 1030;
    12137 : 1012;
    12138 : 106A;
    12139 : 10DC;
    12140 : 1130;
    12141 : 1177;
    12142 : 11C4;
    12143 : 1208;
    12144 : 11F0;
    12145 : 1145;
    12146 : 1072;
    12147 : 0FF5;
    12148 : 0FA4;
    12149 : 0F01;
    12150 : 0DCE;
    12151 : 0C39;
    12152 : 0AAA;
    12153 : 0976;
    12154 : 08C6;
    12155 : 0853;
    12156 : 074E;
    12157 : 057B;
    12158 : 03E4;
    12159 : 0335;
    12160 : 02AB;
    12161 : 01B7;
    12162 : 00A8;
    12163 : FF9F;
    12164 : FEC3;
    12165 : FEA6;
    12166 : FF15;
    12167 : FF51;
    12168 : FF8A;
    12169 : 0024;
    12170 : 009C;
    12171 : 00C7;
    12172 : 014C;
    12173 : 0237;
    12174 : 02EC;
    12175 : 0387;
    12176 : 0498;
    12177 : 05DB;
    12178 : 067B;
    12179 : 0699;
    12180 : 073A;
    12181 : 087C;
    12182 : 0955;
    12183 : 0970;
    12184 : 0953;
    12185 : 0902;
    12186 : 0886;
    12187 : 08B8;
    12188 : 0993;
    12189 : 09E4;
    12190 : 0991;
    12191 : 09B2;
    12192 : 0A74;
    12193 : 0B45;
    12194 : 0C1B;
    12195 : 0CEA;
    12196 : 0D3B;
    12197 : 0D3C;
    12198 : 0DAC;
    12199 : 0EA7;
    12200 : 0FB1;
    12201 : 109A;
    12202 : 1176;
    12203 : 122A;
    12204 : 12A1;
    12205 : 12F8;
    12206 : 1329;
    12207 : 12FD;
    12208 : 1281;
    12209 : 11E9;
    12210 : 1124;
    12211 : 1023;
    12212 : 0F0C;
    12213 : 0DF0;
    12214 : 0CD3;
    12215 : 0BD9;
    12216 : 0B18;
    12217 : 0AA8;
    12218 : 0A83;
    12219 : 0A16;
    12220 : 08FD;
    12221 : 07DA;
    12222 : 0719;
    12223 : 0636;
    12224 : 0535;
    12225 : 04C4;
    12226 : 0494;
    12227 : 03F9;
    12228 : 0368;
    12229 : 0387;
    12230 : 0409;
    12231 : 0466;
    12232 : 046C;
    12233 : 0429;
    12234 : 03C6;
    12235 : 0344;
    12236 : 02A2;
    12237 : 0223;
    12238 : 01C1;
    12239 : 0126;
    12240 : 0096;
    12241 : 0048;
    12242 : FF85;
    12243 : FE1B;
    12244 : FCEE;
    12245 : FC3B;
    12246 : FBAC;
    12247 : FB8E;
    12248 : FBE1;
    12249 : FBFE;
    12250 : FC34;
    12251 : FD27;
    12252 : FE2A;
    12253 : FEA4;
    12254 : FF73;
    12255 : 013F;
    12256 : 0386;
    12257 : 05D0;
    12258 : 0805;
    12259 : 09DC;
    12260 : 0B3D;
    12261 : 0C81;
    12262 : 0DC5;
    12263 : 0EC1;
    12264 : 0F5E;
    12265 : 0FDD;
    12266 : 104F;
    12267 : 1072;
    12268 : 1056;
    12269 : 104D;
    12270 : 1016;
    12271 : 0F34;
    12272 : 0E24;
    12273 : 0DCF;
    12274 : 0E27;
    12275 : 0E69;
    12276 : 0E2C;
    12277 : 0D6A;
    12278 : 0C6B;
    12279 : 0BC2;
    12280 : 0BA7;
    12281 : 0B9B;
    12282 : 0B4F;
    12283 : 0B29;
    12284 : 0B48;
    12285 : 0B2C;
    12286 : 0AD8;
    12287 : 0AE0;
    12288 : 0B07;
    12289 : 0A85;
    12290 : 09AB;
    12291 : 0957;
    12292 : 0963;
    12293 : 091E;
    12294 : 0857;
    12295 : 071E;
    12296 : 05D0;
    12297 : 04F1;
    12298 : 041D;
    12299 : 0291;
    12300 : 00CF;
    12301 : FFAF;
    12302 : FEDA;
    12303 : FDE7;
    12304 : FCFE;
    12305 : FBE0;
    12306 : FA58;
    12307 : F8F6;
    12308 : F801;
    12309 : F70C;
    12310 : F605;
    12311 : F529;
    12312 : F493;
    12313 : F45E;
    12314 : F46E;
    12315 : F46F;
    12316 : F498;
    12317 : F52E;
    12318 : F5BF;
    12319 : F607;
    12320 : F664;
    12321 : F6E0;
    12322 : F75B;
    12323 : F80D;
    12324 : F8E0;
    12325 : F960;
    12326 : F9A6;
    12327 : FA2D;
    12328 : FB19;
    12329 : FC42;
    12330 : FD4F;
    12331 : FDF3;
    12332 : FE60;
    12333 : FEE1;
    12334 : FF63;
    12335 : FFE7;
    12336 : 00A5;
    12337 : 0187;
    12338 : 0276;
    12339 : 0399;
    12340 : 04BB;
    12341 : 056F;
    12342 : 060E;
    12343 : 0745;
    12344 : 08D0;
    12345 : 09B6;
    12346 : 09C6;
    12347 : 09C0;
    12348 : 09FD;
    12349 : 0A0B;
    12350 : 09DC;
    12351 : 09D1;
    12352 : 09B7;
    12353 : 093D;
    12354 : 08A5;
    12355 : 07FE;
    12356 : 0709;
    12357 : 061C;
    12358 : 057B;
    12359 : 049D;
    12360 : 035B;
    12361 : 023D;
    12362 : 0145;
    12363 : 001E;
    12364 : FF09;
    12365 : FE5E;
    12366 : FDF7;
    12367 : FD8D;
    12368 : FCED;
    12369 : FC2A;
    12370 : FBA0;
    12371 : FB3D;
    12372 : FAA5;
    12373 : FA32;
    12374 : FA7E;
    12375 : FB17;
    12376 : FB3B;
    12377 : FB31;
    12378 : FBC8;
    12379 : FCE4;
    12380 : FD87;
    12381 : FD47;
    12382 : FCE9;
    12383 : FCFA;
    12384 : FCD6;
    12385 : FC09;
    12386 : FB38;
    12387 : FAC1;
    12388 : FA05;
    12389 : F8B6;
    12390 : F77B;
    12391 : F70C;
    12392 : F755;
    12393 : F7A5;
    12394 : F79C;
    12395 : F780;
    12396 : F795;
    12397 : F7CB;
    12398 : F80B;
    12399 : F83F;
    12400 : F887;
    12401 : F96B;
    12402 : FB03;
    12403 : FC72;
    12404 : FD14;
    12405 : FD39;
    12406 : FD88;
    12407 : FE76;
    12408 : FFDE;
    12409 : 00F8;
    12410 : 0189;
    12411 : 0231;
    12412 : 031D;
    12413 : 03E5;
    12414 : 0475;
    12415 : 04C5;
    12416 : 04E0;
    12417 : 0547;
    12418 : 05DB;
    12419 : 05DC;
    12420 : 05BB;
    12421 : 063B;
    12422 : 06A0;
    12423 : 0690;
    12424 : 072F;
    12425 : 085B;
    12426 : 08A6;
    12427 : 0847;
    12428 : 0842;
    12429 : 0851;
    12430 : 0810;
    12431 : 07CA;
    12432 : 076A;
    12433 : 06F9;
    12434 : 0707;
    12435 : 074F;
    12436 : 071E;
    12437 : 06DA;
    12438 : 0703;
    12439 : 06E9;
    12440 : 05FB;
    12441 : 04CD;
    12442 : 03F1;
    12443 : 0303;
    12444 : 016F;
    12445 : FF8C;
    12446 : FE36;
    12447 : FD73;
    12448 : FC7D;
    12449 : FB19;
    12450 : F9B9;
    12451 : F88D;
    12452 : F78F;
    12453 : F6EB;
    12454 : F699;
    12455 : F643;
    12456 : F5D2;
    12457 : F56C;
    12458 : F506;
    12459 : F4B3;
    12460 : F4DB;
    12461 : F568;
    12462 : F59E;
    12463 : F58C;
    12464 : F62B;
    12465 : F76B;
    12466 : F82C;
    12467 : F87B;
    12468 : F957;
    12469 : FA9E;
    12470 : FB82;
    12471 : FC0D;
    12472 : FC80;
    12473 : FCCC;
    12474 : FD14;
    12475 : FD6A;
    12476 : FDA0;
    12477 : FDD9;
    12478 : FE16;
    12479 : FDEB;
    12480 : FD97;
    12481 : FDC0;
    12482 : FE24;
    12483 : FE5C;
    12484 : FED3;
    12485 : FFC5;
    12486 : 00E3;
    12487 : 01F6;
    12488 : 02B1;
    12489 : 02F6;
    12490 : 037A;
    12491 : 048E;
    12492 : 0559;
    12493 : 0594;
    12494 : 0618;
    12495 : 070E;
    12496 : 0785;
    12497 : 06C9;
    12498 : 055D;
    12499 : 0497;
    12500 : 04F9;
    12501 : 055F;
    12502 : 04FA;
    12503 : 0470;
    12504 : 03F2;
    12505 : 02D0;
    12506 : 0151;
    12507 : 0041;
    12508 : FF66;
    12509 : FE7D;
    12510 : FDE6;
    12511 : FD86;
    12512 : FCE6;
    12513 : FC2F;
    12514 : FB8A;
    12515 : FAB5;
    12516 : F9E1;
    12517 : F982;
    12518 : F971;
    12519 : F95B;
    12520 : F966;
    12521 : F9B3;
    12522 : F9F3;
    12523 : F9C0;
    12524 : F917;
    12525 : F86B;
    12526 : F83E;
    12527 : F87E;
    12528 : F87D;
    12529 : F7C7;
    12530 : F6D5;
    12531 : F64C;
    12532 : F5FF;
    12533 : F57E;
    12534 : F503;
    12535 : F4D1;
    12536 : F4A3;
    12537 : F471;
    12538 : F494;
    12539 : F4E8;
    12540 : F504;
    12541 : F513;
    12542 : F592;
    12543 : F6A1;
    12544 : F804;
    12545 : F984;
    12546 : FB1B;
    12547 : FCD0;
    12548 : FE85;
    12549 : 000C;
    12550 : 0130;
    12551 : 01D3;
    12552 : 0277;
    12553 : 03BA;
    12554 : 04F9;
    12555 : 0563;
    12556 : 05D1;
    12557 : 070A;
    12558 : 07E3;
    12559 : 078E;
    12560 : 0714;
    12561 : 06F5;
    12562 : 0671;
    12563 : 0584;
    12564 : 04C7;
    12565 : 043E;
    12566 : 03D8;
    12567 : 039D;
    12568 : 0327;
    12569 : 026E;
    12570 : 0216;
    12571 : 0218;
    12572 : 01A5;
    12573 : 00AB;
    12574 : FFEB;
    12575 : FFBD;
    12576 : FFBD;
    12577 : FF6F;
    12578 : FEC1;
    12579 : FDF5;
    12580 : FD5D;
    12581 : FD0F;
    12582 : FCCC;
    12583 : FC40;
    12584 : FB8F;
    12585 : FAFA;
    12586 : FA20;
    12587 : F89E;
    12588 : F716;
    12589 : F651;
    12590 : F5DA;
    12591 : F4B0;
    12592 : F2F4;
    12593 : F1D0;
    12594 : F1C3;
    12595 : F1DE;
    12596 : F13D;
    12597 : F036;
    12598 : EF45;
    12599 : EE3E;
    12600 : ED2D;
    12601 : EC72;
    12602 : EBF2;
    12603 : EB7E;
    12604 : EB1B;
    12605 : EA92;
    12606 : E9F6;
    12607 : E9EC;
    12608 : EA5C;
    12609 : EA8A;
    12610 : EAC1;
    12611 : EBAC;
    12612 : ECD1;
    12613 : ED80;
    12614 : EDD7;
    12615 : EE4A;
    12616 : EF4E;
    12617 : F0CC;
    12618 : F1E3;
    12619 : F27B;
    12620 : F395;
    12621 : F507;
    12622 : F5B1;
    12623 : F5D8;
    12624 : F65A;
    12625 : F6FF;
    12626 : F7C2;
    12627 : F934;
    12628 : FACC;
    12629 : FBC6;
    12630 : FCC3;
    12631 : FE49;
    12632 : FF85;
    12633 : FFE0;
    12634 : FFBF;
    12635 : FF82;
    12636 : FF58;
    12637 : FF8D;
    12638 : 0026;
    12639 : 00C8;
    12640 : 013E;
    12641 : 01A1;
    12642 : 0209;
    12643 : 022A;
    12644 : 018A;
    12645 : 0051;
    12646 : FF4C;
    12647 : FEAB;
    12648 : FDD3;
    12649 : FCC8;
    12650 : FC5D;
    12651 : FC9F;
    12652 : FC8A;
    12653 : FB6E;
    12654 : F9A1;
    12655 : F809;
    12656 : F763;
    12657 : F762;
    12658 : F6E8;
    12659 : F5CF;
    12660 : F52F;
    12661 : F52A;
    12662 : F4C1;
    12663 : F400;
    12664 : F3C3;
    12665 : F401;
    12666 : F468;
    12667 : F52D;
    12668 : F609;
    12669 : F669;
    12670 : F686;
    12671 : F6A4;
    12672 : F664;
    12673 : F5D9;
    12674 : F57F;
    12675 : F536;
    12676 : F4AC;
    12677 : F435;
    12678 : F436;
    12679 : F467;
    12680 : F412;
    12681 : F318;
    12682 : F252;
    12683 : F24E;
    12684 : F274;
    12685 : F27A;
    12686 : F2F3;
    12687 : F39F;
    12688 : F3B8;
    12689 : F3CF;
    12690 : F4BD;
    12691 : F5D4;
    12692 : F65C;
    12693 : F6F2;
    12694 : F821;
    12695 : F977;
    12696 : FA7D;
    12697 : FB4A;
    12698 : FC23;
    12699 : FD0C;
    12700 : FDC9;
    12701 : FE6D;
    12702 : FF64;
    12703 : 00B7;
    12704 : 021B;
    12705 : 0370;
    12706 : 0455;
    12707 : 0453;
    12708 : 03E5;
    12709 : 03E3;
    12710 : 0421;
    12711 : 0430;
    12712 : 047C;
    12713 : 054B;
    12714 : 05F9;
    12715 : 061B;
    12716 : 0634;
    12717 : 06AD;
    12718 : 0711;
    12719 : 06DF;
    12720 : 0675;
    12721 : 066B;
    12722 : 0692;
    12723 : 0686;
    12724 : 0696;
    12725 : 06FD;
    12726 : 06F5;
    12727 : 05D5;
    12728 : 0445;
    12729 : 0331;
    12730 : 0264;
    12731 : 0149;
    12732 : FFFF;
    12733 : FEBF;
    12734 : FD5E;
    12735 : FC24;
    12736 : FB9C;
    12737 : FB43;
    12738 : FA41;
    12739 : F908;
    12740 : F85F;
    12741 : F7D8;
    12742 : F6E4;
    12743 : F60E;
    12744 : F5B9;
    12745 : F540;
    12746 : F43C;
    12747 : F34B;
    12748 : F2F8;
    12749 : F307;
    12750 : F32E;
    12751 : F39F;
    12752 : F437;
    12753 : F476;
    12754 : F4A3;
    12755 : F569;
    12756 : F632;
    12757 : F615;
    12758 : F5DA;
    12759 : F6AC;
    12760 : F7DF;
    12761 : F869;
    12762 : F8D7;
    12763 : F9EE;
    12764 : FB0B;
    12765 : FB4E;
    12766 : FB18;
    12767 : FB40;
    12768 : FBB2;
    12769 : FBE7;
    12770 : FC1D;
    12771 : FCBF;
    12772 : FD38;
    12773 : FD16;
    12774 : FD35;
    12775 : FE31;
    12776 : FF42;
    12777 : FFEC;
    12778 : 00B2;
    12779 : 01B1;
    12780 : 028E;
    12781 : 0363;
    12782 : 042E;
    12783 : 046F;
    12784 : 0435;
    12785 : 043B;
    12786 : 0489;
    12787 : 0476;
    12788 : 040B;
    12789 : 03F4;
    12790 : 0418;
    12791 : 03C5;
    12792 : 0320;
    12793 : 02BC;
    12794 : 0222;
    12795 : 00D3;
    12796 : FFBB;
    12797 : FF90;
    12798 : FF66;
    12799 : FE9A;
    12800 : FDD3;
    12801 : FD43;
    12802 : FC6C;
    12803 : FB8E;
    12804 : FAF5;
    12805 : F9FD;
    12806 : F88E;
    12807 : F7C2;
    12808 : F805;
    12809 : F86D;
    12810 : F847;
    12811 : F7BB;
    12812 : F71F;
    12813 : F6A1;
    12814 : F65C;
    12815 : F63B;
    12816 : F610;
    12817 : F5DD;
    12818 : F5DD;
    12819 : F606;
    12820 : F5BE;
    12821 : F4A6;
    12822 : F373;
    12823 : F300;
    12824 : F2FD;
    12825 : F2D3;
    12826 : F2DD;
    12827 : F38A;
    12828 : F476;
    12829 : F54E;
    12830 : F630;
    12831 : F6DE;
    12832 : F73B;
    12833 : F80C;
    12834 : F9C1;
    12835 : FB90;
    12836 : FCD9;
    12837 : FE07;
    12838 : FF62;
    12839 : 0092;
    12840 : 019D;
    12841 : 02F9;
    12842 : 048C;
    12843 : 05A3;
    12844 : 0611;
    12845 : 067D;
    12846 : 073A;
    12847 : 07CD;
    12848 : 0809;
    12849 : 086E;
    12850 : 08FD;
    12851 : 0921;
    12852 : 0905;
    12853 : 0966;
    12854 : 0A02;
    12855 : 09FA;
    12856 : 094B;
    12857 : 0898;
    12858 : 0819;
    12859 : 07CE;
    12860 : 07E7;
    12861 : 0840;
    12862 : 0867;
    12863 : 0878;
    12864 : 08D1;
    12865 : 0907;
    12866 : 086C;
    12867 : 0771;
    12868 : 06FB;
    12869 : 06D1;
    12870 : 0661;
    12871 : 0610;
    12872 : 0639;
    12873 : 0613;
    12874 : 04F0;
    12875 : 0360;
    12876 : 022A;
    12877 : 013A;
    12878 : 0019;
    12879 : FED2;
    12880 : FDFA;
    12881 : FDB3;
    12882 : FD48;
    12883 : FC54;
    12884 : FB66;
    12885 : FAA9;
    12886 : F96A;
    12887 : F7A8;
    12888 : F652;
    12889 : F5B6;
    12890 : F545;
    12891 : F4AA;
    12892 : F3F6;
    12893 : F357;
    12894 : F2F8;
    12895 : F29B;
    12896 : F1DB;
    12897 : F0F8;
    12898 : F071;
    12899 : F03D;
    12900 : F039;
    12901 : F066;
    12902 : F087;
    12903 : F097;
    12904 : F110;
    12905 : F1F1;
    12906 : F2C3;
    12907 : F398;
    12908 : F4AF;
    12909 : F5C4;
    12910 : F6D0;
    12911 : F81B;
    12912 : F960;
    12913 : FA56;
    12914 : FB6A;
    12915 : FCD0;
    12916 : FE25;
    12917 : FF6D;
    12918 : 010F;
    12919 : 0309;
    12920 : 0500;
    12921 : 0696;
    12922 : 077A;
    12923 : 07BD;
    12924 : 07C9;
    12925 : 07DA;
    12926 : 081B;
    12927 : 08B3;
    12928 : 0949;
    12929 : 0977;
    12930 : 0998;
    12931 : 09FD;
    12932 : 0A1D;
    12933 : 09B5;
    12934 : 0964;
    12935 : 0969;
    12936 : 0939;
    12937 : 08AE;
    12938 : 0820;
    12939 : 0774;
    12940 : 0668;
    12941 : 0557;
    12942 : 04B2;
    12943 : 0451;
    12944 : 03D2;
    12945 : 032F;
    12946 : 02A3;
    12947 : 0234;
    12948 : 019B;
    12949 : 00B2;
    12950 : FFBF;
    12951 : FEEF;
    12952 : FE1B;
    12953 : FD5F;
    12954 : FCFC;
    12955 : FCA7;
    12956 : FC38;
    12957 : FC55;
    12958 : FD26;
    12959 : FDB2;
    12960 : FD7F;
    12961 : FD28;
    12962 : FCDC;
    12963 : FC27;
    12964 : FB29;
    12965 : FA6F;
    12966 : F9F6;
    12967 : F94D;
    12968 : F866;
    12969 : F7D7;
    12970 : F80C;
    12971 : F873;
    12972 : F85D;
    12973 : F842;
    12974 : F8BA;
    12975 : F929;
    12976 : F905;
    12977 : F8EE;
    12978 : F94C;
    12979 : F9A0;
    12980 : F9C9;
    12981 : FA57;
    12982 : FB76;
    12983 : FCB6;
    12984 : FDB1;
    12985 : FE5D;
    12986 : FEE7;
    12987 : FF8F;
    12988 : 007C;
    12989 : 0177;
    12990 : 021C;
    12991 : 028B;
    12992 : 036D;
    12993 : 04B8;
    12994 : 05A6;
    12995 : 0649;
    12996 : 0760;
    12997 : 0891;
    12998 : 0916;
    12999 : 099B;
    13000 : 0B00;
    13001 : 0C6B;
    13002 : 0CD5;
    13003 : 0CF9;
    13004 : 0DD0;
    13005 : 0EDB;
    13006 : 0F4C;
    13007 : 0F65;
    13008 : 0F95;
    13009 : 0FAA;
    13010 : 0F8B;
    13011 : 0F84;
    13012 : 0F76;
    13013 : 0F05;
    13014 : 0E82;
    13015 : 0E73;
    13016 : 0E83;
    13017 : 0E1E;
    13018 : 0D6D;
    13019 : 0CAA;
    13020 : 0B77;
    13021 : 09D0;
    13022 : 0881;
    13023 : 07C7;
    13024 : 06CA;
    13025 : 0538;
    13026 : 03E9;
    13027 : 033D;
    13028 : 029A;
    13029 : 01F5;
    13030 : 01D0;
    13031 : 01C6;
    13032 : 010C;
    13033 : FFE5;
    13034 : FEF4;
    13035 : FE15;
    13036 : FD0F;
    13037 : FC2F;
    13038 : FBA0;
    13039 : FB32;
    13040 : FB08;
    13041 : FB76;
    13042 : FC3A;
    13043 : FCAC;
    13044 : FCC1;
    13045 : FD04;
    13046 : FD81;
    13047 : FDC6;
    13048 : FDFB;
    13049 : FEBE;
    13050 : FFFA;
    13051 : 0118;
    13052 : 01DE;
    13053 : 0252;
    13054 : 026D;
    13055 : 026B;
    13056 : 02B3;
    13057 : 035E;
    13058 : 0433;
    13059 : 050D;
    13060 : 05F5;
    13061 : 06DE;
    13062 : 07C3;
    13063 : 08E5;
    13064 : 0A3F;
    13065 : 0B31;
    13066 : 0BAF;
    13067 : 0C8E;
    13068 : 0DA3;
    13069 : 0DDC;
    13070 : 0DB5;
    13071 : 0E8D;
    13072 : 0FDB;
    13073 : 103D;
    13074 : 0FFA;
    13075 : 0FF1;
    13076 : 0FF0;
    13077 : 0F9C;
    13078 : 0F2A;
    13079 : 0EDC;
    13080 : 0EB8;
    13081 : 0E65;
    13082 : 0D8F;
    13083 : 0CA2;
    13084 : 0C2A;
    13085 : 0BD9;
    13086 : 0B40;
    13087 : 0A9D;
    13088 : 0A3A;
    13089 : 0A0C;
    13090 : 09D7;
    13091 : 0932;
    13092 : 0820;
    13093 : 0732;
    13094 : 068F;
    13095 : 0603;
    13096 : 05B1;
    13097 : 0564;
    13098 : 048C;
    13099 : 038C;
    13100 : 0319;
    13101 : 02CC;
    13102 : 0232;
    13103 : 01C3;
    13104 : 018F;
    13105 : 0106;
    13106 : 002B;
    13107 : FF46;
    13108 : FE2B;
    13109 : FCFB;
    13110 : FC32;
    13111 : FBA3;
    13112 : FAD1;
    13113 : FA07;
    13114 : F9D6;
    13115 : FA23;
    13116 : FA61;
    13117 : FA64;
    13118 : FA7C;
    13119 : FAFE;
    13120 : FBEB;
    13121 : FCF7;
    13122 : FDE8;
    13123 : FED6;
    13124 : 0007;
    13125 : 01A4;
    13126 : 037B;
    13127 : 0505;
    13128 : 060B;
    13129 : 0705;
    13130 : 083C;
    13131 : 092B;
    13132 : 0990;
    13133 : 09F7;
    13134 : 0A86;
    13135 : 0AF0;
    13136 : 0B91;
    13137 : 0CAC;
    13138 : 0D78;
    13139 : 0D8C;
    13140 : 0DA6;
    13141 : 0E0A;
    13142 : 0E0E;
    13143 : 0D7C;
    13144 : 0CCC;
    13145 : 0C67;
    13146 : 0C6B;
    13147 : 0CC1;
    13148 : 0D38;
    13149 : 0DA2;
    13150 : 0DCA;
    13151 : 0DBB;
    13152 : 0DD7;
    13153 : 0E1A;
    13154 : 0E1B;
    13155 : 0DFE;
    13156 : 0E2D;
    13157 : 0E4F;
    13158 : 0DD5;
    13159 : 0CD6;
    13160 : 0BC6;
    13161 : 0AFE;
    13162 : 0A7A;
    13163 : 09BF;
    13164 : 08B2;
    13165 : 07D7;
    13166 : 071E;
    13167 : 05DE;
    13168 : 0429;
    13169 : 02A4;
    13170 : 0193;
    13171 : 00E4;
    13172 : 0074;
    13173 : FFFB;
    13174 : FF5F;
    13175 : FEBA;
    13176 : FDF5;
    13177 : FCE8;
    13178 : FBB4;
    13179 : FAAB;
    13180 : F9EB;
    13181 : F925;
    13182 : F82E;
    13183 : F771;
    13184 : F718;
    13185 : F69A;
    13186 : F5E5;
    13187 : F56A;
    13188 : F4F5;
    13189 : F452;
    13190 : F409;
    13191 : F421;
    13192 : F42C;
    13193 : F483;
    13194 : F558;
    13195 : F607;
    13196 : F67F;
    13197 : F72D;
    13198 : F7E9;
    13199 : F8C4;
    13200 : FA17;
    13201 : FB4C;
    13202 : FBFB;
    13203 : FD17;
    13204 : FEFF;
    13205 : 00B7;
    13206 : 01A6;
    13207 : 021E;
    13208 : 02C7;
    13209 : 045A;
    13210 : 068E;
    13211 : 083C;
    13212 : 0960;
    13213 : 0AC4;
    13214 : 0BED;
    13215 : 0C1A;
    13216 : 0BEE;
    13217 : 0C00;
    13218 : 0BDF;
    13219 : 0B6B;
    13220 : 0B1F;
    13221 : 0B07;
    13222 : 0AC2;
    13223 : 0A0E;
    13224 : 0904;
    13225 : 0817;
    13226 : 077A;
    13227 : 06BB;
    13228 : 05A8;
    13229 : 04C7;
    13230 : 0438;
    13231 : 0363;
    13232 : 0239;
    13233 : 0153;
    13234 : 00C8;
    13235 : 0051;
    13236 : 0003;
    13237 : FFC6;
    13238 : FF0D;
    13239 : FDF4;
    13240 : FD3F;
    13241 : FD02;
    13242 : FCCB;
    13243 : FC8B;
    13244 : FC45;
    13245 : FBD4;
    13246 : FB75;
    13247 : FB36;
    13248 : FA8B;
    13249 : F97C;
    13250 : F8D7;
    13251 : F8A1;
    13252 : F819;
    13253 : F723;
    13254 : F646;
    13255 : F5C2;
    13256 : F55B;
    13257 : F4BE;
    13258 : F3FD;
    13259 : F37E;
    13260 : F362;
    13261 : F365;
    13262 : F34C;
    13263 : F300;
    13264 : F2C4;
    13265 : F32C;
    13266 : F428;
    13267 : F4EC;
    13268 : F54E;
    13269 : F5D2;
    13270 : F685;
    13271 : F724;
    13272 : F7D1;
    13273 : F8A8;
    13274 : F985;
    13275 : FA48;
    13276 : FACB;
    13277 : FB17;
    13278 : FBBA;
    13279 : FD08;
    13280 : FE68;
    13281 : FF25;
    13282 : FF94;
    13283 : 007C;
    13284 : 0199;
    13285 : 0213;
    13286 : 024D;
    13287 : 0328;
    13288 : 0423;
    13289 : 04A3;
    13290 : 0575;
    13291 : 06BD;
    13292 : 075D;
    13293 : 07A7;
    13294 : 08BC;
    13295 : 09E0;
    13296 : 0A15;
    13297 : 0A27;
    13298 : 0A95;
    13299 : 0AA7;
    13300 : 0A40;
    13301 : 09B6;
    13302 : 0902;
    13303 : 087D;
    13304 : 086B;
    13305 : 0847;
    13306 : 07DE;
    13307 : 076F;
    13308 : 0699;
    13309 : 0519;
    13310 : 0382;
    13311 : 0226;
    13312 : 00F5;
    13313 : FFFA;
    13314 : FED4;
    13315 : FD4B;
    13316 : FC3B;
    13317 : FC0C;
    13318 : FBBF;
    13319 : FADF;
    13320 : FA15;
    13321 : F98B;
    13322 : F8E3;
    13323 : F811;
    13324 : F700;
    13325 : F5C1;
    13326 : F500;
    13327 : F501;
    13328 : F519;
    13329 : F4DD;
    13330 : F49B;
    13331 : F498;
    13332 : F4C1;
    13333 : F4FF;
    13334 : F563;
    13335 : F606;
    13336 : F6A2;
    13337 : F6A0;
    13338 : F5FF;
    13339 : F586;
    13340 : F5A9;
    13341 : F62E;
    13342 : F6CA;
    13343 : F739;
    13344 : F751;
    13345 : F770;
    13346 : F7EB;
    13347 : F856;
    13348 : F880;
    13349 : F8F3;
    13350 : F9BF;
    13351 : FA8A;
    13352 : FBC2;
    13353 : FDA4;
    13354 : FF52;
    13355 : 0073;
    13356 : 01AD;
    13357 : 02F5;
    13358 : 03E5;
    13359 : 04EB;
    13360 : 0619;
    13361 : 06A3;
    13362 : 068E;
    13363 : 069D;
    13364 : 06DB;
    13365 : 070C;
    13366 : 0746;
    13367 : 075A;
    13368 : 06F0;
    13369 : 0620;
    13370 : 0551;
    13371 : 0506;
    13372 : 053F;
    13373 : 050A;
    13374 : 0417;
    13375 : 0377;
    13376 : 0362;
    13377 : 02DB;
    13378 : 020E;
    13379 : 01A9;
    13380 : 00E6;
    13381 : FF77;
    13382 : FEC7;
    13383 : FF16;
    13384 : FEDE;
    13385 : FDCA;
    13386 : FD08;
    13387 : FD02;
    13388 : FD18;
    13389 : FCD4;
    13390 : FC49;
    13391 : FBCE;
    13392 : FB73;
    13393 : FAE7;
    13394 : FA1F;
    13395 : F95D;
    13396 : F89E;
    13397 : F7E2;
    13398 : F75A;
    13399 : F6DB;
    13400 : F61E;
    13401 : F555;
    13402 : F49C;
    13403 : F3A0;
    13404 : F285;
    13405 : F1D6;
    13406 : F1AA;
    13407 : F1F0;
    13408 : F2D9;
    13409 : F41D;
    13410 : F51E;
    13411 : F615;
    13412 : F78B;
    13413 : F8F8;
    13414 : F9B8;
    13415 : FA83;
    13416 : FC20;
    13417 : FDF1;
    13418 : FF43;
    13419 : 0088;
    13420 : 021B;
    13421 : 0375;
    13422 : 0442;
    13423 : 04CF;
    13424 : 0549;
    13425 : 0591;
    13426 : 05D0;
    13427 : 0653;
    13428 : 0716;
    13429 : 07ED;
    13430 : 08D1;
    13431 : 097C;
    13432 : 0958;
    13433 : 088E;
    13434 : 0835;
    13435 : 0882;
    13436 : 0872;
    13437 : 07F2;
    13438 : 07E6;
    13439 : 07EA;
    13440 : 0733;
    13441 : 06C0;
    13442 : 0774;
    13443 : 0800;
    13444 : 079C;
    13445 : 07A7;
    13446 : 0885;
    13447 : 08AB;
    13448 : 07C2;
    13449 : 070A;
    13450 : 06A7;
    13451 : 05C9;
    13452 : 04AF;
    13453 : 03F5;
    13454 : 0335;
    13455 : 020B;
    13456 : 0100;
    13457 : 007D;
    13458 : FFF0;
    13459 : FECC;
    13460 : FD85;
    13461 : FCC9;
    13462 : FC5A;
    13463 : FB84;
    13464 : FA5E;
    13465 : F997;
    13466 : F955;
    13467 : F928;
    13468 : F8D3;
    13469 : F85E;
    13470 : F7D3;
    13471 : F75B;
    13472 : F723;
    13473 : F6F0;
    13474 : F65A;
    13475 : F57A;
    13476 : F4CF;
    13477 : F482;
    13478 : F441;
    13479 : F3FB;
    13480 : F3F1;
    13481 : F404;
    13482 : F3CF;
    13483 : F396;
    13484 : F3F4;
    13485 : F4BF;
    13486 : F549;
    13487 : F57C;
    13488 : F5BE;
    13489 : F63A;
    13490 : F6E5;
    13491 : F7B7;
    13492 : F8B8;
    13493 : FA02;
    13494 : FB6A;
    13495 : FC94;
    13496 : FDD0;
    13497 : FFC2;
    13498 : 020E;
    13499 : 03DD;
    13500 : 0577;
    13501 : 077C;
    13502 : 095B;
    13503 : 0A4A;
    13504 : 0AA8;
    13505 : 0B24;
    13506 : 0BB5;
    13507 : 0C20;
    13508 : 0C7C;
    13509 : 0CE3;
    13510 : 0D4C;
    13511 : 0DA6;
    13512 : 0DD7;
    13513 : 0DC0;
    13514 : 0D3C;
    13515 : 0C53;
    13516 : 0B5E;
    13517 : 0AB2;
    13518 : 0A2F;
    13519 : 098E;
    13520 : 08DF;
    13521 : 0855;
    13522 : 07E1;
    13523 : 0744;
    13524 : 0662;
    13525 : 0587;
    13526 : 052B;
    13527 : 0540;
    13528 : 0528;
    13529 : 04A5;
    13530 : 0403;
    13531 : 0375;
    13532 : 0314;
    13533 : 02F4;
    13534 : 02AB;
    13535 : 01C6;
    13536 : 00C7;
    13537 : 0067;
    13538 : 0036;
    13539 : FF80;
    13540 : FEA1;
    13541 : FE25;
    13542 : FD92;
    13543 : FC47;
    13544 : FAB1;
    13545 : F99D;
    13546 : F8FF;
    13547 : F847;
    13548 : F776;
    13549 : F6DF;
    13550 : F662;
    13551 : F5FA;
    13552 : F607;
    13553 : F654;
    13554 : F661;
    13555 : F68E;
    13556 : F739;
    13557 : F7B7;
    13558 : F7D6;
    13559 : F858;
    13560 : F911;
    13561 : F943;
    13562 : F998;
    13563 : FAE3;
    13564 : FC56;
    13565 : FD2F;
    13566 : FE08;
    13567 : FF39;
    13568 : 0036;
    13569 : 00E4;
    13570 : 01B7;
    13571 : 02B4;
    13572 : 037A;
    13573 : 03F9;
    13574 : 048A;
    13575 : 056C;
    13576 : 0669;
    13577 : 074D;
    13578 : 083E;
    13579 : 092D;
    13580 : 09BD;
    13581 : 0A0A;
    13582 : 0A85;
    13583 : 0B23;
    13584 : 0BCC;
    13585 : 0CC6;
    13586 : 0DDA;
    13587 : 0E58;
    13588 : 0E53;
    13589 : 0E73;
    13590 : 0EBA;
    13591 : 0ECC;
    13592 : 0EE3;
    13593 : 0F55;
    13594 : 0FBA;
    13595 : 0F7C;
    13596 : 0EB9;
    13597 : 0E08;
    13598 : 0D80;
    13599 : 0CA1;
    13600 : 0B4C;
    13601 : 0A1F;
    13602 : 0963;
    13603 : 0898;
    13604 : 077F;
    13605 : 0673;
    13606 : 057A;
    13607 : 0461;
    13608 : 0373;
    13609 : 02D3;
    13610 : 0211;
    13611 : 015D;
    13612 : 0148;
    13613 : 0134;
    13614 : 003A;
    13615 : FF24;
    13616 : FF13;
    13617 : FF62;
    13618 : FF10;
    13619 : FE78;
    13620 : FE3C;
    13621 : FE23;
    13622 : FDD9;
    13623 : FD80;
    13624 : FD4D;
    13625 : FD33;
    13626 : FD07;
    13627 : FCD7;
    13628 : FCEA;
    13629 : FD41;
    13630 : FD9D;
    13631 : FE0F;
    13632 : FE9D;
    13633 : FED1;
    13634 : FEA2;
    13635 : FEB5;
    13636 : FEFB;
    13637 : FEC3;
    13638 : FE6E;
    13639 : FF04;
    13640 : 004C;
    13641 : 0160;
    13642 : 0261;
    13643 : 03CD;
    13644 : 052D;
    13645 : 05FC;
    13646 : 06BA;
    13647 : 0807;
    13648 : 09A7;
    13649 : 0AFB;
    13650 : 0BDE;
    13651 : 0C84;
    13652 : 0D02;
    13653 : 0D3A;
    13654 : 0D44;
    13655 : 0D85;
    13656 : 0E1E;
    13657 : 0E7C;
    13658 : 0DEB;
    13659 : 0C82;
    13660 : 0B13;
    13661 : 0A0E;
    13662 : 0935;
    13663 : 0883;
    13664 : 0869;
    13665 : 08AE;
    13666 : 0886;
    13667 : 0807;
    13668 : 07D1;
    13669 : 078D;
    13670 : 06B5;
    13671 : 05E4;
    13672 : 0584;
    13673 : 04EA;
    13674 : 03FF;
    13675 : 0380;
    13676 : 033F;
    13677 : 02A3;
    13678 : 0224;
    13679 : 0242;
    13680 : 0263;
    13681 : 01FD;
    13682 : 0142;
    13683 : 0065;
    13684 : FF7B;
    13685 : FE8F;
    13686 : FD81;
    13687 : FC71;
    13688 : FBAE;
    13689 : FAEC;
    13690 : F9D4;
    13691 : F8FA;
    13692 : F8A6;
    13693 : F80A;
    13694 : F6FE;
    13695 : F66E;
    13696 : F67E;
    13697 : F684;
    13698 : F68E;
    13699 : F70C;
    13700 : F7D8;
    13701 : F8CC;
    13702 : FA16;
    13703 : FB85;
    13704 : FCB9;
    13705 : FDE6;
    13706 : FF7B;
    13707 : 0152;
    13708 : 02D6;
    13709 : 03C7;
    13710 : 0484;
    13711 : 0565;
    13712 : 062C;
    13713 : 0685;
    13714 : 06B7;
    13715 : 071E;
    13716 : 077F;
    13717 : 07AD;
    13718 : 0811;
    13719 : 08F1;
    13720 : 09C6;
    13721 : 09EB;
    13722 : 0998;
    13723 : 0992;
    13724 : 09F0;
    13725 : 09FB;
    13726 : 0974;
    13727 : 08F6;
    13728 : 08D9;
    13729 : 08ED;
    13730 : 092E;
    13731 : 098B;
    13732 : 09A2;
    13733 : 0984;
    13734 : 09AE;
    13735 : 09F7;
    13736 : 09DE;
    13737 : 09A4;
    13738 : 099C;
    13739 : 0959;
    13740 : 089F;
    13741 : 07E7;
    13742 : 0763;
    13743 : 06B9;
    13744 : 05C1;
    13745 : 0495;
    13746 : 0341;
    13747 : 01DD;
    13748 : 008A;
    13749 : FF5F;
    13750 : FE67;
    13751 : FD7F;
    13752 : FC6B;
    13753 : FB63;
    13754 : FAC9;
    13755 : FA3F;
    13756 : F94F;
    13757 : F868;
    13758 : F7F6;
    13759 : F76E;
    13760 : F671;
    13761 : F563;
    13762 : F46C;
    13763 : F37D;
    13764 : F30C;
    13765 : F31F;
    13766 : F2CE;
    13767 : F1F2;
    13768 : F183;
    13769 : F1B8;
    13770 : F1AD;
    13771 : F0D9;
    13772 : EF84;
    13773 : EE57;
    13774 : EE0C;
    13775 : EEAC;
    13776 : EF6F;
    13777 : EFFE;
    13778 : F0A3;
    13779 : F145;
    13780 : F1B3;
    13781 : F265;
    13782 : F39E;
    13783 : F4E6;
    13784 : F618;
    13785 : F779;
    13786 : F8DA;
    13787 : FA18;
    13788 : FBB6;
    13789 : FDF4;
    13790 : 002C;
    13791 : 01C6;
    13792 : 02F4;
    13793 : 0440;
    13794 : 05D0;
    13795 : 0729;
    13796 : 07D1;
    13797 : 0817;
    13798 : 08A6;
    13799 : 095F;
    13800 : 098A;
    13801 : 090B;
    13802 : 0888;
    13803 : 0866;
    13804 : 086A;
    13805 : 0835;
    13806 : 079E;
    13807 : 06B5;
    13808 : 05BE;
    13809 : 0513;
    13810 : 04B0;
    13811 : 0435;
    13812 : 038B;
    13813 : 0315;
    13814 : 02E3;
    13815 : 027A;
    13816 : 01C1;
    13817 : 011C;
    13818 : 008B;
    13819 : FFE3;
    13820 : FF96;
    13821 : FFE8;
    13822 : 0039;
    13823 : 0019;
    13824 : FFD7;
    13825 : FF8E;
    13826 : FF12;
    13827 : FE95;
    13828 : FE2A;
    13829 : FD84;
    13830 : FCB0;
    13831 : FBD2;
    13832 : FA91;
    13833 : F911;
    13834 : F820;
    13835 : F793;
    13836 : F684;
    13837 : F525;
    13838 : F45E;
    13839 : F426;
    13840 : F3F0;
    13841 : F3AE;
    13842 : F37E;
    13843 : F33E;
    13844 : F2DC;
    13845 : F2AE;
    13846 : F331;
    13847 : F43D;
    13848 : F4E5;
    13849 : F4E3;
    13850 : F50F;
    13851 : F5CC;
    13852 : F6B0;
    13853 : F7CE;
    13854 : F950;
    13855 : FA86;
    13856 : FB18;
    13857 : FB95;
    13858 : FBFB;
    13859 : FBFA;
    13860 : FC5B;
    13861 : FDA1;
    13862 : FEB4;
    13863 : FEF6;
    13864 : FF61;
    13865 : 007A;
    13866 : 01A2;
    13867 : 029C;
    13868 : 0382;
    13869 : 0416;
    13870 : 0471;
    13871 : 0507;
    13872 : 05BC;
    13873 : 0643;
    13874 : 06AE;
    13875 : 06F5;
    13876 : 0714;
    13877 : 0792;
    13878 : 08AD;
    13879 : 09BC;
    13880 : 0A3A;
    13881 : 0A6A;
    13882 : 0A91;
    13883 : 0A8B;
    13884 : 0A23;
    13885 : 0957;
    13886 : 086A;
    13887 : 0792;
    13888 : 06AF;
    13889 : 05BF;
    13890 : 0516;
    13891 : 04AD;
    13892 : 03F7;
    13893 : 02BF;
    13894 : 0144;
    13895 : FFD4;
    13896 : FEC2;
    13897 : FE0E;
    13898 : FD2A;
    13899 : FBDA;
    13900 : FAAA;
    13901 : FA11;
    13902 : F9EE;
    13903 : F9C4;
    13904 : F926;
    13905 : F850;
    13906 : F805;
    13907 : F840;
    13908 : F839;
    13909 : F7EE;
    13910 : F7BC;
    13911 : F736;
    13912 : F651;
    13913 : F60D;
    13914 : F695;
    13915 : F6F1;
    13916 : F6EC;
    13917 : F6E2;
    13918 : F690;
    13919 : F620;
    13920 : F66F;
    13921 : F749;
    13922 : F7A7;
    13923 : F78C;
    13924 : F790;
    13925 : F7AE;
    13926 : F7DC;
    13927 : F84F;
    13928 : F8D0;
    13929 : F920;
    13930 : F97E;
    13931 : FA2E;
    13932 : FB44;
    13933 : FCCF;
    13934 : FE7B;
    13935 : FFE3;
    13936 : 0137;
    13937 : 029B;
    13938 : 03B4;
    13939 : 048D;
    13940 : 057D;
    13941 : 0634;
    13942 : 0672;
    13943 : 06ED;
    13944 : 07E6;
    13945 : 0852;
    13946 : 07A7;
    13947 : 06CF;
    13948 : 068C;
    13949 : 0664;
    13950 : 05AF;
    13951 : 04C4;
    13952 : 0459;
    13953 : 0447;
    13954 : 03DB;
    13955 : 0325;
    13956 : 02B7;
    13957 : 026E;
    13958 : 01E7;
    13959 : 0171;
    13960 : 014B;
    13961 : 0105;
    13962 : 0084;
    13963 : 0041;
    13964 : 004C;
    13965 : 004B;
    13966 : 001D;
    13967 : FFC6;
    13968 : FF59;
    13969 : FF00;
    13970 : FE9D;
    13971 : FDD6;
    13972 : FCBE;
    13973 : FBAA;
    13974 : FAAF;
    13975 : F9EB;
    13976 : F957;
    13977 : F87D;
    13978 : F758;
    13979 : F69A;
    13980 : F623;
    13981 : F50D;
    13982 : F3A8;
    13983 : F2F0;
    13984 : F27D;
    13985 : F188;
    13986 : F0BF;
    13987 : F0D4;
    13988 : F126;
    13989 : F14B;
    13990 : F1C6;
    13991 : F2B0;
    13992 : F3A6;
    13993 : F4C3;
    13994 : F632;
    13995 : F7A1;
    13996 : F8EB;
    13997 : FA52;
    13998 : FBC9;
    13999 : FCFC;
    14000 : FDE3;
    14001 : FEAA;
    14002 : FF5F;
    14003 : 0013;
    14004 : 00EB;
    14005 : 01DC;
    14006 : 028C;
    14007 : 02D6;
    14008 : 031B;
    14009 : 03B7;
    14010 : 0476;
    14011 : 04F5;
    14012 : 052D;
    14013 : 053F;
    14014 : 0537;
    14015 : 0535;
    14016 : 054F;
    14017 : 0565;
    14018 : 057A;
    14019 : 05DB;
    14020 : 0687;
    14021 : 0702;
    14022 : 070D;
    14023 : 0715;
    14024 : 076B;
    14025 : 0794;
    14026 : 071F;
    14027 : 06B2;
    14028 : 0704;
    14029 : 0754;
    14030 : 069E;
    14031 : 0590;
    14032 : 053F;
    14033 : 0500;
    14034 : 03CF;
    14035 : 0249;
    14036 : 014A;
    14037 : 006C;
    14038 : FF63;
    14039 : FEAE;
    14040 : FE37;
    14041 : FD76;
    14042 : FCA6;
    14043 : FC05;
    14044 : FB15;
    14045 : F9EA;
    14046 : F951;
    14047 : F90D;
    14048 : F834;
    14049 : F713;
    14050 : F66F;
    14051 : F5FA;
    14052 : F55A;
    14053 : F50E;
    14054 : F516;
    14055 : F4C4;
    14056 : F421;
    14057 : F3B3;
    14058 : F341;
    14059 : F281;
    14060 : F1DC;
    14061 : F17D;
    14062 : F0E0;
    14063 : EFFA;
    14064 : EF7F;
    14065 : EFCD;
    14066 : F070;
    14067 : F0B8;
    14068 : F070;
    14069 : F033;
    14070 : F0CA;
    14071 : F22C;
    14072 : F39C;
    14073 : F4B0;
    14074 : F594;
    14075 : F6A9;
    14076 : F830;
    14077 : F9ED;
    14078 : FB50;
    14079 : FC63;
    14080 : FDDF;
    14081 : FFEC;
    14082 : 01CC;
    14083 : 0308;
    14084 : 03EA;
    14085 : 04D9;
    14086 : 05D9;
    14087 : 06A1;
    14088 : 06FC;
    14089 : 0729;
    14090 : 0784;
    14091 : 07DE;
    14092 : 07BA;
    14093 : 06F7;
    14094 : 05F3;
    14095 : 053A;
    14096 : 0501;
    14097 : 04C7;
    14098 : 0406;
    14099 : 0322;
    14100 : 02B0;
    14101 : 026E;
    14102 : 01E7;
    14103 : 0163;
    14104 : 0132;
    14105 : 0107;
    14106 : 009F;
    14107 : 0018;
    14108 : FF88;
    14109 : FEEE;
    14110 : FE8D;
    14111 : FEBB;
    14112 : FF48;
    14113 : FF8B;
    14114 : FF38;
    14115 : FEBA;
    14116 : FE68;
    14117 : FE0B;
    14118 : FD8D;
    14119 : FD1F;
    14120 : FC90;
    14121 : FB9B;
    14122 : FA8C;
    14123 : F99F;
    14124 : F890;
    14125 : F76D;
    14126 : F68B;
    14127 : F5C2;
    14128 : F4F9;
    14129 : F494;
    14130 : F47A;
    14131 : F419;
    14132 : F39B;
    14133 : F38F;
    14134 : F3C6;
    14135 : F3D9;
    14136 : F3E0;
    14137 : F40F;
    14138 : F489;
    14139 : F55A;
    14140 : F624;
    14141 : F6A7;
    14142 : F757;
    14143 : F869;
    14144 : F96F;
    14145 : FA75;
    14146 : FBBE;
    14147 : FCA2;
    14148 : FCCF;
    14149 : FD54;
    14150 : FEA8;
    14151 : FFB4;
    14152 : 000A;
    14153 : 007F;
    14154 : 0150;
    14155 : 0200;
    14156 : 0297;
    14157 : 035B;
    14158 : 040A;
    14159 : 045C;
    14160 : 0488;
    14161 : 0506;
    14162 : 0608;
    14163 : 072C;
    14164 : 0809;
    14165 : 08E4;
    14166 : 0A1A;
    14167 : 0B46;
    14168 : 0BE6;
    14169 : 0C35;
    14170 : 0C9E;
    14171 : 0D22;
    14172 : 0D8A;
    14173 : 0D93;
    14174 : 0D1E;
    14175 : 0C84;
    14176 : 0C0D;
    14177 : 0B70;
    14178 : 0A79;
    14179 : 0985;
    14180 : 08C6;
    14181 : 07E6;
    14182 : 06C5;
    14183 : 05BB;
    14184 : 04EB;
    14185 : 0407;
    14186 : 02D3;
    14187 : 01A3;
    14188 : 00E0;
    14189 : 004B;
    14190 : FF6D;
    14191 : FE71;
    14192 : FDB4;
    14193 : FD06;
    14194 : FC3C;
    14195 : FB9E;
    14196 : FB38;
    14197 : FAAF;
    14198 : F9FD;
    14199 : F96C;
    14200 : F91E;
    14201 : F923;
    14202 : F955;
    14203 : F943;
    14204 : F8F5;
    14205 : F902;
    14206 : F971;
    14207 : F999;
    14208 : F956;
    14209 : F923;
    14210 : F927;
    14211 : F920;
    14212 : F8F1;
    14213 : F8B4;
    14214 : F891;
    14215 : F897;
    14216 : F8B8;
    14217 : F8FA;
    14218 : F96F;
    14219 : F9F2;
    14220 : FA71;
    14221 : FB2A;
    14222 : FC28;
    14223 : FD25;
    14224 : FE29;
    14225 : FF6F;
    14226 : 00D1;
    14227 : 0228;
    14228 : 039D;
    14229 : 0500;
    14230 : 05D3;
    14231 : 062F;
    14232 : 069A;
    14233 : 0731;
    14234 : 07B9;
    14235 : 0805;
    14236 : 07ED;
    14237 : 0794;
    14238 : 0764;
    14239 : 0743;
    14240 : 06AB;
    14241 : 05E2;
    14242 : 05B3;
    14243 : 05F8;
    14244 : 05CB;
    14245 : 050F;
    14246 : 046B;
    14247 : 041C;
    14248 : 03D0;
    14249 : 034D;
    14250 : 02A7;
    14251 : 0219;
    14252 : 01D7;
    14253 : 01CD;
    14254 : 01B7;
    14255 : 019C;
    14256 : 01A6;
    14257 : 01A0;
    14258 : 015E;
    14259 : 0141;
    14260 : 0163;
    14261 : 011E;
    14262 : 003F;
    14263 : FF7B;
    14264 : FF05;
    14265 : FE30;
    14266 : FCDE;
    14267 : FBAF;
    14268 : FAC6;
    14269 : F9CA;
    14270 : F8C5;
    14271 : F7F4;
    14272 : F75A;
    14273 : F6DE;
    14274 : F657;
    14275 : F59D;
    14276 : F4DE;
    14277 : F468;
    14278 : F436;
    14279 : F44E;
    14280 : F4F7;
    14281 : F617;
    14282 : F730;
    14283 : F837;
    14284 : F986;
    14285 : FB25;
    14286 : FCC8;
    14287 : FE2F;
    14288 : FF34;
    14289 : 0003;
    14290 : 0107;
    14291 : 0253;
    14292 : 0375;
    14293 : 0426;
    14294 : 04A4;
    14295 : 0544;
    14296 : 05F0;
    14297 : 0653;
    14298 : 0670;
    14299 : 06AD;
    14300 : 0716;
    14301 : 0741;
    14302 : 0718;
    14303 : 0701;
    14304 : 0717;
    14305 : 072A;
    14306 : 0744;
    14307 : 0779;
    14308 : 07A5;
    14309 : 07C6;
    14310 : 07FB;
    14311 : 0822;
    14312 : 0810;
    14313 : 07F7;
    14314 : 081D;
    14315 : 0882;
    14316 : 08EF;
    14317 : 0928;
    14318 : 092B;
    14319 : 0918;
    14320 : 08E0;
    14321 : 0862;
    14322 : 07B7;
    14323 : 06FD;
    14324 : 0622;
    14325 : 052C;
    14326 : 0447;
    14327 : 0362;
    14328 : 026D;
    14329 : 0193;
    14330 : 00DF;
    14331 : 001E;
    14332 : FF55;
    14333 : FEAA;
    14334 : FE09;
    14335 : FD59;
    14336 : FC90;
    14337 : FBA6;
    14338 : FAC1;
    14339 : FA21;
    14340 : F9A4;
    14341 : F8F6;
    14342 : F81F;
    14343 : F770;
    14344 : F706;
    14345 : F6B9;
    14346 : F645;
    14347 : F5B0;
    14348 : F553;
    14349 : F512;
    14350 : F468;
    14351 : F38F;
    14352 : F32B;
    14353 : F2FA;
    14354 : F28A;
    14355 : F26E;
    14356 : F2D4;
    14357 : F2CB;
    14358 : F24C;
    14359 : F283;
    14360 : F37D;
    14361 : F447;
    14362 : F50A;
    14363 : F672;
    14364 : F82E;
    14365 : F9C2;
    14366 : FB43;
    14367 : FCAE;
    14368 : FDF5;
    14369 : FF67;
    14370 : 0103;
    14371 : 0262;
    14372 : 0396;
    14373 : 04DF;
    14374 : 05FA;
    14375 : 06BA;
    14376 : 0759;
    14377 : 07E0;
    14378 : 083E;
    14379 : 08C1;
    14380 : 0981;
    14381 : 0A01;
    14382 : 09FC;
    14383 : 09B4;
    14384 : 0953;
    14385 : 08CD;
    14386 : 0839;
    14387 : 07B2;
    14388 : 0726;
    14389 : 0695;
    14390 : 062D;
    14391 : 05E6;
    14392 : 056E;
    14393 : 04AE;
    14394 : 0408;
    14395 : 03B4;
    14396 : 0377;
    14397 : 033A;
    14398 : 032B;
    14399 : 032D;
    14400 : 02FD;
    14401 : 02D4;
    14402 : 02F0;
    14403 : 02F9;
    14404 : 029F;
    14405 : 021E;
    14406 : 01B2;
    14407 : 0156;
    14408 : 00F3;
    14409 : 005C;
    14410 : FF74;
    14411 : FE87;
    14412 : FDD3;
    14413 : FD0C;
    14414 : FBF5;
    14415 : FACA;
    14416 : F9C3;
    14417 : F8FE;
    14418 : F895;
    14419 : F848;
    14420 : F7A6;
    14421 : F6CE;
    14422 : F62B;
    14423 : F5BD;
    14424 : F56A;
    14425 : F56A;
    14426 : F5E3;
    14427 : F6AE;
    14428 : F78B;
    14429 : F829;
    14430 : F873;
    14431 : F8C3;
    14432 : F942;
    14433 : F9BC;
    14434 : FA4A;
    14435 : FB36;
    14436 : FC40;
    14437 : FD1A;
    14438 : FDFE;
    14439 : FF00;
    14440 : FFDB;
    14441 : 0099;
    14442 : 0162;
    14443 : 01FB;
    14444 : 0264;
    14445 : 0309;
    14446 : 03EB;
    14447 : 04D1;
    14448 : 05E9;
    14449 : 0727;
    14450 : 0809;
    14451 : 08A3;
    14452 : 0989;
    14453 : 0A94;
    14454 : 0B49;
    14455 : 0BEB;
    14456 : 0CD4;
    14457 : 0DC4;
    14458 : 0E8E;
    14459 : 0F53;
    14460 : 0FE5;
    14461 : 101E;
    14462 : 105C;
    14463 : 10C4;
    14464 : 10DD;
    14465 : 1099;
    14466 : 1079;
    14467 : 105E;
    14468 : 0FAF;
    14469 : 0E9B;
    14470 : 0DC9;
    14471 : 0D13;
    14472 : 0C03;
    14473 : 0AE7;
    14474 : 0A25;
    14475 : 096A;
    14476 : 088A;
    14477 : 07F8;
    14478 : 07AF;
    14479 : 070B;
    14480 : 0607;
    14481 : 0544;
    14482 : 04D3;
    14483 : 043E;
    14484 : 036A;
    14485 : 029A;
    14486 : 020A;
    14487 : 01E4;
    14488 : 0209;
    14489 : 020B;
    14490 : 01B5;
    14491 : 013B;
    14492 : 00E7;
    14493 : 00E7;
    14494 : 0117;
    14495 : 00E5;
    14496 : 0026;
    14497 : FFA8;
    14498 : FFF5;
    14499 : 006D;
    14500 : 007A;
    14501 : 007C;
    14502 : 00BE;
    14503 : 00DF;
    14504 : 00BD;
    14505 : 00A1;
    14506 : 0084;
    14507 : 0040;
    14508 : 002E;
    14509 : 00AF;
    14510 : 019C;
    14511 : 029F;
    14512 : 03A5;
    14513 : 04C3;
    14514 : 0610;
    14515 : 0780;
    14516 : 08C2;
    14517 : 0984;
    14518 : 09FF;
    14519 : 0AAD;
    14520 : 0B85;
    14521 : 0C25;
    14522 : 0CA3;
    14523 : 0D5C;
    14524 : 0E30;
    14525 : 0EB9;
    14526 : 0EF3;
    14527 : 0EF9;
    14528 : 0E9F;
    14529 : 0DDC;
    14530 : 0D00;
    14531 : 0C33;
    14532 : 0B7A;
    14533 : 0B1A;
    14534 : 0B29;
    14535 : 0B1B;
    14536 : 0A84;
    14537 : 09C5;
    14538 : 096B;
    14539 : 0972;
    14540 : 097B;
    14541 : 0945;
    14542 : 08C2;
    14543 : 081A;
    14544 : 0798;
    14545 : 075B;
    14546 : 0730;
    14547 : 06E7;
    14548 : 069A;
    14549 : 066F;
    14550 : 0636;
    14551 : 059F;
    14552 : 04AF;
    14553 : 03B6;
    14554 : 02DD;
    14555 : 0206;
    14556 : 011D;
    14557 : 0033;
    14558 : FF4D;
    14559 : FE3F;
    14560 : FD08;
    14561 : FC1A;
    14562 : FBC3;
    14563 : FB85;
    14564 : FAD8;
    14565 : FA1C;
    14566 : F9E7;
    14567 : F9F1;
    14568 : F9D3;
    14569 : F9F4;
    14570 : FAB5;
    14571 : FBB3;
    14572 : FC97;
    14573 : FDA0;
    14574 : FEE6;
    14575 : 000B;
    14576 : 00E7;
    14577 : 01C7;
    14578 : 02E5;
    14579 : 0401;
    14580 : 04BD;
    14581 : 0536;
    14582 : 05D8;
    14583 : 06AC;
    14584 : 0764;
    14585 : 07FE;
    14586 : 08B4;
    14587 : 0975;
    14588 : 0A1D;
    14589 : 0ABC;
    14590 : 0B45;
    14591 : 0B92;
    14592 : 0BB4;
    14593 : 0BC6;
    14594 : 0BC6;
    14595 : 0BEB;
    14596 : 0C69;
    14597 : 0CCB;
    14598 : 0CA0;
    14599 : 0C62;
    14600 : 0CB6;
    14601 : 0D53;
    14602 : 0D98;
    14603 : 0DB6;
    14604 : 0E44;
    14605 : 0F2B;
    14606 : 0FBB;
    14607 : 0FAA;
    14608 : 0F49;
    14609 : 0EBF;
    14610 : 0DD9;
    14611 : 0CB3;
    14612 : 0BCF;
    14613 : 0B52;
    14614 : 0ACF;
    14615 : 0A02;
    14616 : 090C;
    14617 : 080A;
    14618 : 06FE;
    14619 : 0611;
    14620 : 0579;
    14621 : 051A;
    14622 : 049E;
    14623 : 03FD;
    14624 : 038D;
    14625 : 035E;
    14626 : 030E;
    14627 : 0262;
    14628 : 0166;
    14629 : 0028;
    14630 : FEE5;
    14631 : FE14;
    14632 : FDA4;
    14633 : FD07;
    14634 : FC33;
    14635 : FB7B;
    14636 : FABE;
    14637 : F9E5;
    14638 : F950;
    14639 : F8E4;
    14640 : F7FF;
    14641 : F6C4;
    14642 : F5EA;
    14643 : F569;
    14644 : F4D3;
    14645 : F447;
    14646 : F3FF;
    14647 : F3F5;
    14648 : F44F;
    14649 : F510;
    14650 : F5C2;
    14651 : F64B;
    14652 : F729;
    14653 : F84C;
    14654 : F91E;
    14655 : F9CA;
    14656 : FB0A;
    14657 : FCCD;
    14658 : FE63;
    14659 : FFBB;
    14660 : 0145;
    14661 : 02FA;
    14662 : 0471;
    14663 : 05A0;
    14664 : 06B2;
    14665 : 0782;
    14666 : 07EE;
    14667 : 0830;
    14668 : 0856;
    14669 : 0820;
    14670 : 07CC;
    14671 : 07EF;
    14672 : 084B;
    14673 : 07FE;
    14674 : 071B;
    14675 : 06A8;
    14676 : 06EE;
    14677 : 0712;
    14678 : 068A;
    14679 : 05EE;
    14680 : 05D8;
    14681 : 05EB;
    14682 : 0586;
    14683 : 04EC;
    14684 : 04BA;
    14685 : 04CF;
    14686 : 04A2;
    14687 : 0440;
    14688 : 041E;
    14689 : 044C;
    14690 : 0478;
    14691 : 046A;
    14692 : 0440;
    14693 : 043E;
    14694 : 0460;
    14695 : 0438;
    14696 : 0389;
    14697 : 02A3;
    14698 : 01CE;
    14699 : 00FA;
    14700 : 0020;
    14701 : FF52;
    14702 : FE86;
    14703 : FDA4;
    14704 : FC9E;
    14705 : FB78;
    14706 : FA79;
    14707 : F9D2;
    14708 : F918;
    14709 : F7E8;
    14710 : F6CF;
    14711 : F67C;
    14712 : F697;
    14713 : F67D;
    14714 : F651;
    14715 : F651;
    14716 : F646;
    14717 : F62B;
    14718 : F661;
    14719 : F6EC;
    14720 : F75D;
    14721 : F780;
    14722 : F78F;
    14723 : F7C9;
    14724 : F83D;
    14725 : F8BE;
    14726 : F900;
    14727 : F91A;
    14728 : F99F;
    14729 : FAAF;
    14730 : FB92;
    14731 : FBE1;
    14732 : FC5C;
    14733 : FD9D;
    14734 : FEFA;
    14735 : FFB3;
    14736 : 000B;
    14737 : 006D;
    14738 : 00D0;
    14739 : 0160;
    14740 : 025D;
    14741 : 0375;
    14742 : 044E;
    14743 : 0520;
    14744 : 0610;
    14745 : 06EE;
    14746 : 07B7;
    14747 : 086F;
    14748 : 08EB;
    14749 : 0955;
    14750 : 09F7;
    14751 : 0A85;
    14752 : 0AB0;
    14753 : 0AC1;
    14754 : 0AC7;
    14755 : 0A6A;
    14756 : 09DF;
    14757 : 097B;
    14758 : 08D9;
    14759 : 07D0;
    14760 : 070B;
    14761 : 0689;
    14762 : 0578;
    14763 : 03FF;
    14764 : 031E;
    14765 : 02BE;
    14766 : 0209;
    14767 : 0136;
    14768 : 00FD;
    14769 : 0111;
    14770 : 00B4;
    14771 : FFFB;
    14772 : FF50;
    14773 : FEA8;
    14774 : FDFC;
    14775 : FD82;
    14776 : FD11;
    14777 : FC6B;
    14778 : FC0E;
    14779 : FC57;
    14780 : FC80;
    14781 : FBEF;
    14782 : FB66;
    14783 : FB6D;
    14784 : FB42;
    14785 : FA76;
    14786 : F9CC;
    14787 : F9B7;
    14788 : F9BA;
    14789 : F98A;
    14790 : F966;
    14791 : F974;
    14792 : F990;
    14793 : F97A;
    14794 : F912;
    14795 : F8A3;
    14796 : F892;
    14797 : F8CC;
    14798 : F91F;
    14799 : F9A6;
    14800 : FA68;
    14801 : FB3B;
    14802 : FC4C;
    14803 : FDC6;
    14804 : FF56;
    14805 : 00B9;
    14806 : 0208;
    14807 : 032D;
    14808 : 03F1;
    14809 : 047C;
    14810 : 04F2;
    14811 : 0529;
    14812 : 0538;
    14813 : 0571;
    14814 : 05CC;
    14815 : 0606;
    14816 : 0605;
    14817 : 05AF;
    14818 : 050E;
    14819 : 0484;
    14820 : 0438;
    14821 : 03DA;
    14822 : 035F;
    14823 : 0318;
    14824 : 0305;
    14825 : 02E6;
    14826 : 02D9;
    14827 : 030E;
    14828 : 0342;
    14829 : 0314;
    14830 : 028C;
    14831 : 01FD;
    14832 : 018E;
    14833 : 0133;
    14834 : 00F1;
    14835 : 00E6;
    14836 : 00FA;
    14837 : 00FD;
    14838 : 0107;
    14839 : 0118;
    14840 : 00AF;
    14841 : FF8D;
    14842 : FE4C;
    14843 : FD7A;
    14844 : FCD9;
    14845 : FC04;
    14846 : FB02;
    14847 : F9E1;
    14848 : F88C;
    14849 : F723;
    14850 : F5F9;
    14851 : F517;
    14852 : F41E;
    14853 : F2E8;
    14854 : F1F0;
    14855 : F198;
    14856 : F174;
    14857 : F136;
    14858 : F15B;
    14859 : F213;
    14860 : F2B1;
    14861 : F317;
    14862 : F3FD;
    14863 : F543;
    14864 : F60D;
    14865 : F679;
    14866 : F745;
    14867 : F84D;
    14868 : F8F9;
    14869 : F963;
    14870 : F9E7;
    14871 : FA7E;
    14872 : FB0B;
    14873 : FB92;
    14874 : FC28;
    14875 : FCDF;
    14876 : FD8D;
    14877 : FDF4;
    14878 : FE39;
    14879 : FE9D;
    14880 : FEE7;
    14881 : FECD;
    14882 : FE8C;
    14883 : FE90;
    14884 : FF00;
    14885 : FFC1;
    14886 : 007C;
    14887 : 00F4;
    14888 : 0161;
    14889 : 020A;
    14890 : 02B9;
    14891 : 0333;
    14892 : 039F;
    14893 : 041B;
    14894 : 047F;
    14895 : 04BA;
    14896 : 04D6;
    14897 : 04CD;
    14898 : 049C;
    14899 : 0442;
    14900 : 03CB;
    14901 : 0361;
    14902 : 02EF;
    14903 : 0221;
    14904 : 0118;
    14905 : 0057;
    14906 : FFCC;
    14907 : FF0A;
    14908 : FE3D;
    14909 : FDBD;
    14910 : FD5A;
    14911 : FCF7;
    14912 : FCCB;
    14913 : FCB3;
    14914 : FC66;
    14915 : FC20;
    14916 : FC04;
    14917 : FB94;
    14918 : FA9D;
    14919 : F9B9;
    14920 : F946;
    14921 : F8E9;
    14922 : F86E;
    14923 : F83B;
    14924 : F86B;
    14925 : F844;
    14926 : F733;
    14927 : F5C8;
    14928 : F4DC;
    14929 : F452;
    14930 : F389;
    14931 : F27E;
    14932 : F188;
    14933 : F0BA;
    14934 : F029;
    14935 : EFFA;
    14936 : EFF1;
    14937 : EFCF;
    14938 : EFCE;
    14939 : F021;
    14940 : F08B;
    14941 : F107;
    14942 : F1F6;
    14943 : F359;
    14944 : F49E;
    14945 : F597;
    14946 : F6D4;
    14947 : F8B5;
    14948 : FAAC;
    14949 : FC0E;
    14950 : FD19;
    14951 : FE75;
    14952 : 0002;
    14953 : 0128;
    14954 : 01E2;
    14955 : 027E;
    14956 : 02EE;
    14957 : 031C;
    14958 : 034A;
    14959 : 0392;
    14960 : 03A9;
    14961 : 0364;
    14962 : 02E1;
    14963 : 024E;
    14964 : 01DC;
    14965 : 019A;
    14966 : 014D;
    14967 : 00ED;
    14968 : 00CD;
    14969 : 00F4;
    14970 : 00F1;
    14971 : 009C;
    14972 : 0048;
    14973 : 0019;
    14974 : FFE4;
    14975 : FFA1;
    14976 : FF73;
    14977 : FF74;
    14978 : FFB4;
    14979 : 002E;
    14980 : 00AB;
    14981 : 00FE;
    14982 : 0131;
    14983 : 0168;
    14984 : 018E;
    14985 : 014F;
    14986 : 0091;
    14987 : FFB9;
    14988 : FF11;
    14989 : FE4D;
    14990 : FD3A;
    14991 : FC46;
    14992 : FBB5;
    14993 : FB02;
    14994 : F9D4;
    14995 : F8A0;
    14996 : F7C8;
    14997 : F709;
    14998 : F625;
    14999 : F555;
    15000 : F4DC;
    15001 : F4AD;
    15002 : F47B;
    15003 : F408;
    15004 : F37B;
    15005 : F34B;
    15006 : F39D;
    15007 : F416;
    15008 : F468;
    15009 : F4C8;
    15010 : F566;
    15011 : F5F6;
    15012 : F623;
    15013 : F624;
    15014 : F643;
    15015 : F650;
    15016 : F636;
    15017 : F670;
    15018 : F724;
    15019 : F7B2;
    15020 : F7C2;
    15021 : F7D7;
    15022 : F84F;
    15023 : F8D4;
    15024 : F90C;
    15025 : F91D;
    15026 : F973;
    15027 : FA3A;
    15028 : FB1B;
    15029 : FBCD;
    15030 : FCA8;
    15031 : FDF8;
    15032 : FF35;
    15033 : FFDF;
    15034 : 005F;
    15035 : 011E;
    15036 : 01E4;
    15037 : 0294;
    15038 : 0358;
    15039 : 040E;
    15040 : 047F;
    15041 : 04D0;
    15042 : 0517;
    15043 : 054A;
    15044 : 058D;
    15045 : 05BA;
    15046 : 0546;
    15047 : 0451;
    15048 : 039E;
    15049 : 0323;
    15050 : 022E;
    15051 : 00F6;
    15052 : 0036;
    15053 : FFB4;
    15054 : FEE3;
    15055 : FE2B;
    15056 : FE14;
    15057 : FE24;
    15058 : FDB2;
    15059 : FCE5;
    15060 : FC41;
    15061 : FBF6;
    15062 : FBE4;
    15063 : FBBA;
    15064 : FB4B;
    15065 : FAED;
    15066 : FAE9;
    15067 : FAD2;
    15068 : FA57;
    15069 : F9F4;
    15070 : F9EB;
    15071 : F9A8;
    15072 : F8FB;
    15073 : F889;
    15074 : F872;
    15075 : F820;
    15076 : F76E;
    15077 : F6B5;
    15078 : F616;
    15079 : F5AA;
    15080 : F58B;
    15081 : F551;
    15082 : F4A4;
    15083 : F404;
    15084 : F3F5;
    15085 : F413;
    15086 : F40E;
    15087 : F454;
    15088 : F509;
    15089 : F5AC;
    15090 : F62A;
    15091 : F6FB;
    15092 : F832;
    15093 : F984;
    15094 : FAF3;
    15095 : FC8C;
    15096 : FDFD;
    15097 : FF13;
    15098 : FFFF;
    15099 : 00D1;
    15100 : 016A;
    15101 : 01FB;
    15102 : 02BE;
    15103 : 0363;
    15104 : 0382;
    15105 : 0348;
    15106 : 0313;
    15107 : 02CA;
    15108 : 0234;
    15109 : 019C;
    15110 : 0166;
    15111 : 0156;
    15112 : 00F9;
    15113 : 007F;
    15114 : 006E;
    15115 : 00A5;
    15116 : 0094;
    15117 : 003F;
    15118 : 0033;
    15119 : 0095;
    15120 : 0109;
    15121 : 0153;
    15122 : 0185;
    15123 : 01B4;
    15124 : 01CE;
    15125 : 01C9;
    15126 : 01D4;
    15127 : 0220;
    15128 : 0270;
    15129 : 0250;
    15130 : 01D5;
    15131 : 016F;
    15132 : 010C;
    15133 : 005B;
    15134 : FFA3;
    15135 : FF42;
    15136 : FECE;
    15137 : FDBA;
    15138 : FC43;
    15139 : FAED;
    15140 : F9C7;
    15141 : F8AE;
    15142 : F7A1;
    15143 : F69A;
    15144 : F5AF;
    15145 : F52F;
    15146 : F526;
    15147 : F532;
    15148 : F542;
    15149 : F5C5;
    15150 : F6B7;
    15151 : F781;
    15152 : F80D;
    15153 : F8DF;
    15154 : F9F9;
    15155 : FAD6;
    15156 : FB6D;
    15157 : FC22;
    15158 : FD03;
    15159 : FDC4;
    15160 : FE34;
    15161 : FE57;
    15162 : FE72;
    15163 : FED7;
    15164 : FF6D;
    15165 : FFD0;
    15166 : FFF0;
    15167 : 0004;
    15168 : 0019;
    15169 : 0031;
    15170 : 005B;
    15171 : 007D;
    15172 : 0083;
    15173 : 0095;
    15174 : 00BF;
    15175 : 00E1;
    15176 : 0130;
    15177 : 01EE;
    15178 : 02C9;
    15179 : 0360;
    15180 : 03FA;
    15181 : 04DD;
    15182 : 05A2;
    15183 : 05F5;
    15184 : 0630;
    15185 : 0697;
    15186 : 06EC;
    15187 : 070F;
    15188 : 0726;
    15189 : 0708;
    15190 : 0676;
    15191 : 05B4;
    15192 : 051A;
    15193 : 046A;
    15194 : 0372;
    15195 : 0296;
    15196 : 020E;
    15197 : 0170;
    15198 : 008B;
    15199 : FFB6;
    15200 : FF2B;
    15201 : FEDF;
    15202 : FEC4;
    15203 : FEA4;
    15204 : FE37;
    15205 : FD9D;
    15206 : FD26;
    15207 : FCB9;
    15208 : FC20;
    15209 : FB93;
    15210 : FB63;
    15211 : FB7D;
    15212 : FB8F;
    15213 : FB5C;
    15214 : FAE8;
    15215 : FA5D;
    15216 : F9C4;
    15217 : F901;
    15218 : F81B;
    15219 : F72A;
    15220 : F625;
    15221 : F518;
    15222 : F43A;
    15223 : F37F;
    15224 : F2B3;
    15225 : F20A;
    15226 : F1D7;
    15227 : F1E3;
    15228 : F1CC;
    15229 : F1A5;
    15230 : F1A6;
    15231 : F1D4;
    15232 : F249;
    15233 : F310;
    15234 : F3EE;
    15235 : F4DF;
    15236 : F63C;
    15237 : F7F5;
    15238 : F999;
    15239 : FB41;
    15240 : FD34;
    15241 : FEF8;
    15242 : 0013;
    15243 : 0115;
    15244 : 0284;
    15245 : 03C7;
    15246 : 0435;
    15247 : 0437;
    15248 : 0477;
    15249 : 04C7;
    15250 : 04A4;
    15251 : 0425;
    15252 : 03BA;
    15253 : 035E;
    15254 : 02BF;
    15255 : 0216;
    15256 : 01D8;
    15257 : 01D3;
    15258 : 019E;
    15259 : 0164;
    15260 : 015D;
    15261 : 0141;
    15262 : 010C;
    15263 : 0117;
    15264 : 0140;
    15265 : 0149;
    15266 : 0186;
    15267 : 0224;
    15268 : 02C4;
    15269 : 034C;
    15270 : 03EF;
    15271 : 0468;
    15272 : 0472;
    15273 : 0465;
    15274 : 0480;
    15275 : 0492;
    15276 : 0470;
    15277 : 0402;
    15278 : 034B;
    15279 : 02A2;
    15280 : 0215;
    15281 : 0121;
    15282 : FFC9;
    15283 : FEB4;
    15284 : FDF3;
    15285 : FD10;
    15286 : FC24;
    15287 : FB79;
    15288 : FAD9;
    15289 : FA1F;
    15290 : F97D;
    15291 : F8E1;
    15292 : F832;
    15293 : F7D7;
    15294 : F817;
    15295 : F89D;
    15296 : F91D;
    15297 : F9B6;
    15298 : FA7A;
    15299 : FB31;
    15300 : FBB5;
    15301 : FC23;
    15302 : FC73;
    15303 : FC67;
    15304 : FC33;
    15305 : FC66;
    15306 : FCED;
    15307 : FD25;
    15308 : FD0A;
    15309 : FD1D;
    15310 : FD5C;
    15311 : FDA6;
    15312 : FE3C;
    15313 : FF06;
    15314 : FF8B;
    15315 : FFF7;
    15316 : 00A2;
    15317 : 0122;
    15318 : 015C;
    15319 : 0221;
    15320 : 0390;
    15321 : 04C4;
    15322 : 0598;
    15323 : 06AD;
    15324 : 07EA;
    15325 : 08E6;
    15326 : 09F5;
    15327 : 0B58;
    15328 : 0C91;
    15329 : 0D74;
    15330 : 0E61;
    15331 : 0F44;
    15332 : 0FAD;
    15333 : 0FBE;
    15334 : 0FD1;
    15335 : 0FE0;
    15336 : 0FD8;
    15337 : 0FB5;
    15338 : 0F2F;
    15339 : 0E38;
    15340 : 0D61;
    15341 : 0CF6;
    15342 : 0C78;
    15343 : 0BA6;
    15344 : 0AEE;
    15345 : 0A77;
    15346 : 09ED;
    15347 : 0965;
    15348 : 0939;
    15349 : 0932;
    15350 : 08FB;
    15351 : 08C4;
    15352 : 08AE;
    15353 : 085E;
    15354 : 07DB;
    15355 : 07B2;
    15356 : 07D1;
    15357 : 07A3;
    15358 : 0748;
    15359 : 0742;
    15360 : 0733;
    15361 : 0694;
    15362 : 05DF;
    15363 : 05AE;
    15364 : 05A2;
    15365 : 053A;
    15366 : 04A6;
    15367 : 0432;
    15368 : 03D5;
    15369 : 036F;
    15370 : 02DE;
    15371 : 0212;
    15372 : 014D;
    15373 : 00CD;
    15374 : 005D;
    15375 : FFC1;
    15376 : FF47;
    15377 : FF53;
    15378 : FFC3;
    15379 : 002B;
    15380 : 008F;
    15381 : 0173;
    15382 : 0309;
    15383 : 04AC;
    15384 : 05B7;
    15385 : 066B;
    15386 : 075D;
    15387 : 088E;
    15388 : 09A7;
    15389 : 0AA0;
    15390 : 0B84;
    15391 : 0C12;
    15392 : 0C26;
    15393 : 0C19;
    15394 : 0C4B;
    15395 : 0C74;
    15396 : 0C00;
    15397 : 0B0E;
    15398 : 0A69;
    15399 : 0A4A;
    15400 : 0A00;
    15401 : 0916;
    15402 : 0807;
    15403 : 077D;
    15404 : 0788;
    15405 : 07D1;
    15406 : 0815;
    15407 : 0846;
    15408 : 085F;
    15409 : 083F;
    15410 : 07E4;
    15411 : 07AC;
    15412 : 07DE;
    15413 : 0839;
    15414 : 0882;
    15415 : 0916;
    15416 : 0A0A;
    15417 : 0AA2;
    15418 : 0A8E;
    15419 : 0A7B;
    15420 : 0A94;
    15421 : 0A1F;
    15422 : 091A;
    15423 : 0859;
    15424 : 07D5;
    15425 : 06D9;
    15426 : 0588;
    15427 : 0457;
    15428 : 030F;
    15429 : 01A4;
    15430 : 009C;
    15431 : FFD0;
    15432 : FEA0;
    15433 : FD63;
    15434 : FCD9;
    15435 : FCAE;
    15436 : FC29;
    15437 : FB95;
    15438 : FBB4;
    15439 : FC7D;
    15440 : FD50;
    15441 : FDE7;
    15442 : FE89;
    15443 : FF54;
    15444 : FFFD;
    15445 : 007F;
    15446 : 014D;
    15447 : 0256;
    15448 : 0302;
    15449 : 0365;
    15450 : 0412;
    15451 : 04DC;
    15452 : 053D;
    15453 : 056A;
    15454 : 05A9;
    15455 : 05A2;
    15456 : 053C;
    15457 : 0507;
    15458 : 052B;
    15459 : 0534;
    15460 : 0502;
    15461 : 04EB;
    15462 : 0508;
    15463 : 0524;
    15464 : 053B;
    15465 : 0586;
    15466 : 0610;
    15467 : 069C;
    15468 : 0707;
    15469 : 0771;
    15470 : 07FA;
    15471 : 089D;
    15472 : 0941;
    15473 : 09D8;
    15474 : 0A7F;
    15475 : 0B4C;
    15476 : 0BD8;
    15477 : 0BB5;
    15478 : 0B44;
    15479 : 0B20;
    15480 : 0AFC;
    15481 : 0A3A;
    15482 : 091F;
    15483 : 0857;
    15484 : 07EA;
    15485 : 076F;
    15486 : 06AE;
    15487 : 05BC;
    15488 : 04CA;
    15489 : 0406;
    15490 : 0389;
    15491 : 0350;
    15492 : 032A;
    15493 : 02DA;
    15494 : 0273;
    15495 : 0227;
    15496 : 01E5;
    15497 : 0199;
    15498 : 0154;
    15499 : 0101;
    15500 : 0092;
    15501 : 0067;
    15502 : 009D;
    15503 : 00A7;
    15504 : 002E;
    15505 : FF7D;
    15506 : FEE3;
    15507 : FE4E;
    15508 : FD5B;
    15509 : FBBF;
    15510 : FA10;
    15511 : F926;
    15512 : F8A1;
    15513 : F7C1;
    15514 : F715;
    15515 : F736;
    15516 : F736;
    15517 : F66A;
    15518 : F5B3;
    15519 : F5A1;
    15520 : F5A9;
    15521 : F5AE;
    15522 : F61B;
    15523 : F6E3;
    15524 : F7DD;
    15525 : F93D;
    15526 : FAFE;
    15527 : FCD3;
    15528 : FE9B;
    15529 : 0027;
    15530 : 0136;
    15531 : 01FE;
    15532 : 0302;
    15533 : 0462;
    15534 : 05CB;
    15535 : 06E5;
    15536 : 07A9;
    15537 : 0837;
    15538 : 087D;
    15539 : 0857;
    15540 : 07FC;
    15541 : 079C;
    15542 : 0707;
    15543 : 0664;
    15544 : 0646;
    15545 : 064D;
    15546 : 057F;
    15547 : 043A;
    15548 : 03CA;
    15549 : 0405;
    15550 : 03CB;
    15551 : 033C;
    15552 : 0316;
    15553 : 0308;
    15554 : 02AB;
    15555 : 0295;
    15556 : 02FF;
    15557 : 0349;
    15558 : 035B;
    15559 : 03AE;
    15560 : 0423;
    15561 : 0460;
    15562 : 04A3;
    15563 : 0512;
    15564 : 054A;
    15565 : 0533;
    15566 : 0517;
    15567 : 04EE;
    15568 : 0479;
    15569 : 03C7;
    15570 : 032C;
    15571 : 02BD;
    15572 : 0214;
    15573 : 00EE;
    15574 : FFC5;
    15575 : FF04;
    15576 : FE33;
    15577 : FD15;
    15578 : FC49;
    15579 : FBD7;
    15580 : FB10;
    15581 : FA2C;
    15582 : F9F0;
    15583 : FA2A;
    15584 : FA6D;
    15585 : FAEC;
    15586 : FB90;
    15587 : FBF2;
    15588 : FC42;
    15589 : FCAE;
    15590 : FCDE;
    15591 : FCCD;
    15592 : FCCD;
    15593 : FCE1;
    15594 : FD18;
    15595 : FD93;
    15596 : FE00;
    15597 : FE35;
    15598 : FE70;
    15599 : FE7C;
    15600 : FE2F;
    15601 : FE38;
    15602 : FEB7;
    15603 : FEC4;
    15604 : FE38;
    15605 : FDD5;
    15606 : FDC3;
    15607 : FDE5;
    15608 : FE6E;
    15609 : FF37;
    15610 : 001B;
    15611 : 0162;
    15612 : 02C1;
    15613 : 03A2;
    15614 : 046F;
    15615 : 0590;
    15616 : 068C;
    15617 : 0780;
    15618 : 08F2;
    15619 : 0A3E;
    15620 : 0ACC;
    15621 : 0B39;
    15622 : 0BBE;
    15623 : 0BE5;
    15624 : 0BE2;
    15625 : 0BDD;
    15626 : 0B70;
    15627 : 0AD4;
    15628 : 0A42;
    15629 : 0905;
    15630 : 0759;
    15631 : 0667;
    15632 : 05B0;
    15633 : 041C;
    15634 : 0283;
    15635 : 01E2;
    15636 : 01A5;
    15637 : 016C;
    15638 : 0175;
    15639 : 0167;
    15640 : 013F;
    15641 : 017C;
    15642 : 01B6;
    15643 : 016C;
    15644 : 0131;
    15645 : 0132;
    15646 : 010A;
    15647 : 012B;
    15648 : 01CB;
    15649 : 01F4;
    15650 : 0185;
    15651 : 015A;
    15652 : 0139;
    15653 : 006E;
    15654 : FF53;
    15655 : FE56;
    15656 : FD79;
    15657 : FD08;
    15658 : FCF5;
    15659 : FCB0;
    15660 : FC5A;
    15661 : FC1D;
    15662 : FB4E;
    15663 : FA0E;
    15664 : F96B;
    15665 : F93C;
    15666 : F8BD;
    15667 : F88D;
    15668 : F950;
    15669 : FA4A;
    15670 : FAF9;
    15671 : FBAD;
    15672 : FC59;
    15673 : FCF8;
    15674 : FDFC;
    15675 : FF33;
    15676 : FFF0;
    15677 : 0081;
    15678 : 0188;
    15679 : 029D;
    15680 : 0326;
    15681 : 034A;
    15682 : 0367;
    15683 : 0397;
    15684 : 03E2;
    15685 : 0433;
    15686 : 0444;
    15687 : 03E9;
    15688 : 0322;
    15689 : 01F9;
    15690 : 00A0;
    15691 : FF70;
    15692 : FEB8;
    15693 : FE7D;
    15694 : FE7B;
    15695 : FE80;
    15696 : FEBE;
    15697 : FF4F;
    15698 : FFCF;
    15699 : 0015;
    15700 : 0094;
    15701 : 015A;
    15702 : 01DA;
    15703 : 0243;
    15704 : 0344;
    15705 : 0473;
    15706 : 0507;
    15707 : 056A;
    15708 : 0607;
    15709 : 0613;
    15710 : 0552;
    15711 : 04D1;
    15712 : 04B4;
    15713 : 03FD;
    15714 : 02D1;
    15715 : 0215;
    15716 : 017B;
    15717 : 0039;
    15718 : FE8E;
    15719 : FD01;
    15720 : FB82;
    15721 : F9F2;
    15722 : F878;
    15723 : F73D;
    15724 : F65F;
    15725 : F5DE;
    15726 : F596;
    15727 : F597;
    15728 : F5FF;
    15729 : F693;
    15730 : F6E0;
    15731 : F6B2;
    15732 : F64E;
    15733 : F657;
    15734 : F727;
    15735 : F857;
    15736 : F97A;
    15737 : FA9C;
    15738 : FBB4;
    15739 : FC92;
    15740 : FD53;
    15741 : FDEF;
    15742 : FE24;
    15743 : FE2B;
    15744 : FE4B;
    15745 : FE35;
    15746 : FDE8;
    15747 : FDDD;
    15748 : FDC8;
    15749 : FD12;
    15750 : FC25;
    15751 : FB80;
    15752 : FAF4;
    15753 : FAA8;
    15754 : FACB;
    15755 : FA9E;
    15756 : F9E4;
    15757 : F9C5;
    15758 : FAA9;
    15759 : FB76;
    15760 : FBB9;
    15761 : FC2C;
    15762 : FD1B;
    15763 : FDFD;
    15764 : FE6F;
    15765 : FEC5;
    15766 : FF89;
    15767 : 007E;
    15768 : 00CA;
    15769 : 005E;
    15770 : 000B;
    15771 : 0013;
    15772 : 001D;
    15773 : 0013;
    15774 : FFEF;
    15775 : FF83;
    15776 : FEE4;
    15777 : FE0F;
    15778 : FCEA;
    15779 : FBFB;
    15780 : FBBF;
    15781 : FB96;
    15782 : FB05;
    15783 : FABB;
    15784 : FAFE;
    15785 : FB04;
    15786 : FA86;
    15787 : FA1A;
    15788 : FA10;
    15789 : FA4C;
    15790 : FAB9;
    15791 : FB2A;
    15792 : FB71;
    15793 : FB86;
    15794 : FB6A;
    15795 : FB2E;
    15796 : FAF0;
    15797 : FA77;
    15798 : F97B;
    15799 : F84D;
    15800 : F768;
    15801 : F6D1;
    15802 : F653;
    15803 : F5D7;
    15804 : F53D;
    15805 : F462;
    15806 : F348;
    15807 : F214;
    15808 : F102;
    15809 : F05C;
    15810 : F041;
    15811 : F06B;
    15812 : F066;
    15813 : F03E;
    15814 : F0BD;
    15815 : F24B;
    15816 : F430;
    15817 : F5CB;
    15818 : F77F;
    15819 : F98F;
    15820 : FB7C;
    15821 : FCF7;
    15822 : FE2A;
    15823 : FF36;
    15824 : 004C;
    15825 : 017F;
    15826 : 0255;
    15827 : 02A1;
    15828 : 02E3;
    15829 : 0320;
    15830 : 02DE;
    15831 : 026F;
    15832 : 024D;
    15833 : 01E0;
    15834 : 008D;
    15835 : FEE6;
    15836 : FDA7;
    15837 : FCB8;
    15838 : FBCD;
    15839 : FB10;
    15840 : FAC1;
    15841 : FAA3;
    15842 : FA4D;
    15843 : FA00;
    15844 : FA3A;
    15845 : FA6D;
    15846 : F9EE;
    15847 : F998;
    15848 : FA52;
    15849 : FB31;
    15850 : FB38;
    15851 : FB1E;
    15852 : FBA0;
    15853 : FC35;
    15854 : FC69;
    15855 : FC91;
    15856 : FCE1;
    15857 : FD0C;
    15858 : FCBF;
    15859 : FC18;
    15860 : FBBB;
    15861 : FBD5;
    15862 : FB91;
    15863 : FA67;
    15864 : F911;
    15865 : F81F;
    15866 : F705;
    15867 : F555;
    15868 : F3A7;
    15869 : F2AA;
    15870 : F23D;
    15871 : F1B7;
    15872 : F0EA;
    15873 : F08B;
    15874 : F12F;
    15875 : F256;
    15876 : F34D;
    15877 : F443;
    15878 : F58D;
    15879 : F6CD;
    15880 : F789;
    15881 : F7CD;
    15882 : F7D6;
    15883 : F7BC;
    15884 : F7A3;
    15885 : F7D1;
    15886 : F85C;
    15887 : F8EF;
    15888 : F934;
    15889 : F946;
    15890 : F980;
    15891 : FA0A;
    15892 : FAD7;
    15893 : FBA2;
    15894 : FBFA;
    15895 : FBDE;
    15896 : FBC5;
    15897 : FBE5;
    15898 : FC2D;
    15899 : FCCD;
    15900 : FDC8;
    15901 : FEB0;
    15902 : FF91;
    15903 : 00FB;
    15904 : 02B7;
    15905 : 03E4;
    15906 : 0473;
    15907 : 050E;
    15908 : 05F9;
    15909 : 070B;
    15910 : 0835;
    15911 : 095D;
    15912 : 0A4B;
    15913 : 0AF4;
    15914 : 0B72;
    15915 : 0BB7;
    15916 : 0BAE;
    15917 : 0B7E;
    15918 : 0B5B;
    15919 : 0B1D;
    15920 : 0A7D;
    15921 : 09A7;
    15922 : 08DB;
    15923 : 07D0;
    15924 : 0646;
    15925 : 04D5;
    15926 : 0419;
    15927 : 03C1;
    15928 : 0340;
    15929 : 02B8;
    15930 : 0269;
    15931 : 0216;
    15932 : 0189;
    15933 : 00EF;
    15934 : 0081;
    15935 : 0059;
    15936 : 0091;
    15937 : 00FB;
    15938 : 00FB;
    15939 : 0043;
    15940 : FF6D;
    15941 : FF19;
    15942 : FEF1;
    15943 : FE57;
    15944 : FD73;
    15945 : FCBD;
    15946 : FC31;
    15947 : FB9D;
    15948 : FB09;
    15949 : FA6C;
    15950 : F9BD;
    15951 : F929;
    15952 : F8BA;
    15953 : F828;
    15954 : F776;
    15955 : F718;
    15956 : F734;
    15957 : F775;
    15958 : F7CB;
    15959 : F88E;
    15960 : F9D7;
    15961 : FB4B;
    15962 : FCB5;
    15963 : FE4D;
    15964 : 0024;
    15965 : 01D8;
    15966 : 0326;
    15967 : 0447;
    15968 : 057C;
    15969 : 06A9;
    15970 : 078C;
    15971 : 082E;
    15972 : 08DA;
    15973 : 09A1;
    15974 : 0A22;
    15975 : 0A13;
    15976 : 09C3;
    15977 : 097D;
    15978 : 090D;
    15979 : 0858;
    15980 : 07B6;
    15981 : 0741;
    15982 : 06BB;
    15983 : 0641;
    15984 : 062A;
    15985 : 0650;
    15986 : 064A;
    15987 : 0637;
    15988 : 0667;
    15989 : 06A5;
    15990 : 0691;
    15991 : 0677;
    15992 : 070C;
    15993 : 0858;
    15994 : 09AA;
    15995 : 0A84;
    15996 : 0AEE;
    15997 : 0B18;
    15998 : 0B38;
    15999 : 0B64;
    16000 : 0B6B;
    16001 : 0B24;
    16002 : 0AB5;
    16003 : 0A2C;
    16004 : 095F;
    16005 : 085F;
    16006 : 074F;
    16007 : 060B;
    16008 : 048A;
    16009 : 0310;
    16010 : 01B1;
    16011 : 0082;
    16012 : FFD8;
    16013 : FF97;
    16014 : FF32;
    16015 : FEC7;
    16016 : FEF4;
    16017 : FFA3;
    16018 : 0039;
    16019 : 0094;
    16020 : 00F9;
    16021 : 01A6;
    16022 : 02B0;
    16023 : 03D1;
    16024 : 04B0;
    16025 : 0587;
    16026 : 06B2;
    16027 : 07E3;
    16028 : 08AB;
    16029 : 0919;
    16030 : 0949;
    16031 : 0934;
    16032 : 0906;
    16033 : 08DE;
    16034 : 0892;
    16035 : 080D;
    16036 : 0764;
    16037 : 06AE;
    16038 : 061E;
    16039 : 05D0;
    16040 : 057B;
    16041 : 04DF;
    16042 : 0427;
    16043 : 0393;
    16044 : 033F;
    16045 : 0327;
    16046 : 0318;
    16047 : 0321;
    16048 : 03C7;
    16049 : 051C;
    16050 : 0663;
    16051 : 0748;
    16052 : 0845;
    16053 : 097A;
    16054 : 0A96;
    16055 : 0B92;
    16056 : 0C5D;
    16057 : 0C93;
    16058 : 0C4D;
    16059 : 0C26;
    16060 : 0C3D;
    16061 : 0C30;
    16062 : 0BBD;
    16063 : 0AD3;
    16064 : 099B;
    16065 : 0883;
    16066 : 07A9;
    16067 : 06AC;
    16068 : 059C;
    16069 : 0515;
    16070 : 051F;
    16071 : 050C;
    16072 : 04A5;
    16073 : 0453;
    16074 : 0431;
    16075 : 03EC;
    16076 : 037D;
    16077 : 0335;
    16078 : 0319;
    16079 : 02D5;
    16080 : 0261;
    16081 : 0231;
    16082 : 028C;
    16083 : 0323;
    16084 : 0388;
    16085 : 03C4;
    16086 : 0415;
    16087 : 0452;
    16088 : 0408;
    16089 : 0349;
    16090 : 02AF;
    16091 : 0261;
    16092 : 01F5;
    16093 : 0166;
    16094 : 012A;
    16095 : 0126;
    16096 : 00C9;
    16097 : 001E;
    16098 : FFB6;
    16099 : FF94;
    16100 : FF4C;
    16101 : FEE5;
    16102 : FECD;
    16103 : FF30;
    16104 : FFF4;
    16105 : 00F6;
    16106 : 0216;
    16107 : 0331;
    16108 : 0448;
    16109 : 0565;
    16110 : 0689;
    16111 : 07C8;
    16112 : 092C;
    16113 : 0A5D;
    16114 : 0AE8;
    16115 : 0AEC;
    16116 : 0B05;
    16117 : 0B4E;
    16118 : 0B32;
    16119 : 0A72;
    16120 : 0988;
    16121 : 08CB;
    16122 : 081F;
    16123 : 0773;
    16124 : 06DE;
    16125 : 0642;
    16126 : 057B;
    16127 : 04B9;
    16128 : 0435;
    16129 : 03CF;
    16130 : 0347;
    16131 : 02A2;
    16132 : 020B;
    16133 : 017C;
    16134 : 00C0;
    16135 : FFF1;
    16136 : FF76;
    16137 : FF62;
    16138 : FF52;
    16139 : FF27;
    16140 : FF34;
    16141 : FF93;
    16142 : FFFD;
    16143 : 003E;
    16144 : 0051;
    16145 : 0044;
    16146 : 0039;
    16147 : 0042;
    16148 : 0026;
    16149 : FFCA;
    16150 : FF79;
    16151 : FF42;
    16152 : FE99;
    16153 : FD42;
    16154 : FBEA;
    16155 : FB2C;
    16156 : FAB6;
    16157 : F9F6;
    16158 : F8F5;
    16159 : F7F9;
    16160 : F710;
    16161 : F65A;
    16162 : F60F;
    16163 : F610;
    16164 : F627;
    16165 : F681;
    16166 : F739;
    16167 : F7D6;
    16168 : F802;
    16169 : F80F;
    16170 : F842;
    16171 : F867;
    16172 : F86C;
    16173 : F8A6;
    16174 : F946;
    16175 : FA1D;
    16176 : FAE4;
    16177 : FB6B;
    16178 : FBA2;
    16179 : FBAC;
    16180 : FBBC;
    16181 : FBD4;
    16182 : FBE5;
    16183 : FBFA;
    16184 : FC26;
    16185 : FC44;
    16186 : FC26;
    16187 : FBE5;
    16188 : FBB8;
    16189 : FBA5;
    16190 : FBAB;
    16191 : FC01;
    16192 : FCAF;
    16193 : FD6B;
    16194 : FE24;
    16195 : FF22;
    16196 : 004D;
    16197 : 012A;
    16198 : 01A1;
    16199 : 0221;
    16200 : 02EA;
    16201 : 03C3;
    16202 : 0459;
    16203 : 04AA;
    16204 : 0501;
    16205 : 0584;
    16206 : 05F4;
    16207 : 061F;
    16208 : 0630;
    16209 : 064D;
    16210 : 064C;
    16211 : 0605;
    16212 : 0583;
    16213 : 04CD;
    16214 : 03E9;
    16215 : 0313;
    16216 : 029D;
    16217 : 0297;
    16218 : 02B1;
    16219 : 0277;
    16220 : 01C8;
    16221 : 0109;
    16222 : 0096;
    16223 : 0043;
    16224 : FFCE;
    16225 : FF63;
    16226 : FF58;
    16227 : FF91;
    16228 : FF9D;
    16229 : FF46;
    16230 : FEBC;
    16231 : FE32;
    16232 : FDA6;
    16233 : FD12;
    16234 : FC8E;
    16235 : FC29;
    16236 : FBE2;
    16237 : FBAE;
    16238 : FB6D;
    16239 : FAFE;
    16240 : FA67;
    16241 : F9C9;
    16242 : F929;
    16243 : F87F;
    16244 : F7F7;
    16245 : F7D6;
    16246 : F809;
    16247 : F81D;
    16248 : F7CE;
    16249 : F772;
    16250 : F798;
    16251 : F84B;
    16252 : F929;
    16253 : FA16;
    16254 : FB37;
    16255 : FC5C;
    16256 : FD1B;
    16257 : FD73;
    16258 : FDC2;
    16259 : FE25;
    16260 : FE78;
    16261 : FEC8;
    16262 : FF41;
    16263 : FFC8;
    16264 : 0018;
    16265 : 002F;
    16266 : 003C;
    16267 : 0040;
    16268 : 000A;
    16269 : FF8C;
    16270 : FEEC;
    16271 : FE5B;
    16272 : FDF0;
    16273 : FDA4;
    16274 : FD69;
    16275 : FD45;
    16276 : FD37;
    16277 : FD1B;
    16278 : FCE7;
    16279 : FCEC;
    16280 : FD6E;
    16281 : FE2C;
    16282 : FEC6;
    16283 : FF69;
    16284 : 007C;
    16285 : 01EC;
    16286 : 035D;
    16287 : 04BA;
    16288 : 0618;
    16289 : 0746;
    16290 : 07ED;
    16291 : 07FD;
    16292 : 07B8;
    16293 : 0760;
    16294 : 0709;
    16295 : 06AD;
    16296 : 0639;
    16297 : 059D;
    16298 : 04CD;
    16299 : 03BC;
    16300 : 0249;
    16301 : 0088;
    16302 : FEED;
    16303 : FDE3;
    16304 : FD44;
    16305 : FCAC;
    16306 : FC1A;
    16307 : FBC9;
    16308 : FBA5;
    16309 : FB72;
    16310 : FB35;
    16311 : FB10;
    16312 : FB02;
    16313 : FB2C;
    16314 : FBE4;
    16315 : FD2B;
    16316 : FE87;
    16317 : FF9E;
    16318 : 00A6;
    16319 : 01D7;
    16320 : 02EE;
    16321 : 038B;
    16322 : 03C2;
    16323 : 03F7;
    16324 : 0451;
    16325 : 0493;
    16326 : 046D;
    16327 : 03DF;
    16328 : 0330;
    16329 : 0294;
    16330 : 01FC;
    16331 : 0142;
    16332 : 006E;
    16333 : FF96;
    16334 : FEBA;
    16335 : FDF3;
    16336 : FD8D;
    16337 : FD99;
    16338 : FDBB;
    16339 : FDB9;
    16340 : FDE0;
    16341 : FE84;
    16342 : FF73;
    16343 : 004C;
    16344 : 0105;
    16345 : 01C5;
    16346 : 027E;
    16347 : 0309;
    16348 : 037A;
    16349 : 0404;
    16350 : 04AB;
    16351 : 0528;
    16352 : 0540;
    16353 : 0509;
    16354 : 04C3;
    16355 : 0477;
    16356 : 0400;
    16357 : 0367;
    16358 : 02E2;
    16359 : 0290;
    16360 : 0247;
    16361 : 01CC;
    16362 : 0117;
    16363 : 0057;
    16364 : FFAF;
    16365 : FF0D;
    16366 : FE84;
    16367 : FE65;
    16368 : FEC1;
    16369 : FF30;
    16370 : FF62;
    16371 : FF7C;
    16372 : FF9B;
    16373 : FF91;
    16374 : FF4B;
    16375 : FF10;
    16376 : FF01;
    16377 : FEC9;
    16378 : FE11;
    16379 : FD0F;
    16380 : FC35;
    16381 : FB8F;
    16382 : FACD;
    16383 : F9EC;
    16384 : F948;
    16385 : F904;
    16386 : F8C3;
    16387 : F817;
    16388 : F6FF;
    16389 : F5EB;
    16390 : F52E;
    16391 : F4A9;
    16392 : F425;
    16393 : F3BE;
    16394 : F3AA;
    16395 : F3F0;
    16396 : F490;
    16397 : F59B;
    16398 : F705;
    16399 : F89C;
    16400 : FA46;
    16401 : FC12;
    16402 : FDE9;
    16403 : FF83;
    16404 : 00BF;
    16405 : 01D2;
    16406 : 02F2;
    16407 : 03F3;
    16408 : 0498;
    16409 : 0500;
    16410 : 055B;
    16411 : 0581;
    16412 : 0533;
    16413 : 048F;
    16414 : 03DD;
    16415 : 0329;
    16416 : 025F;
    16417 : 0179;
    16418 : 008C;
    16419 : FFA5;
    16420 : FEC1;
    16421 : FDE5;
    16422 : FD2A;
    16423 : FC88;
    16424 : FBD8;
    16425 : FB1B;
    16426 : FA83;
    16427 : FA34;
    16428 : FA2B;
    16429 : FA68;
    16430 : FADE;
    16431 : FB58;
    16432 : FB95;
    16433 : FB91;
    16434 : FB93;
    16435 : FBE0;
    16436 : FC62;
    16437 : FCD6;
    16438 : FD1B;
    16439 : FD32;
    16440 : FD04;
    16441 : FC8C;
    16442 : FBF2;
    16443 : FB5C;
    16444 : FAB5;
    16445 : F9C7;
    16446 : F875;
    16447 : F6EB;
    16448 : F57D;
    16449 : F446;
    16450 : F31E;
    16451 : F1F8;
    16452 : F0F8;
    16453 : F02B;
    16454 : EF97;
    16455 : EF52;
    16456 : EF57;
    16457 : EF76;
    16458 : EFB2;
    16459 : F042;
    16460 : F11B;
    16461 : F1D7;
    16462 : F233;
    16463 : F252;
    16464 : F276;
    16465 : F2A5;
    16466 : F2B7;
    16467 : F298;
    16468 : F271;
    16469 : F289;
    16470 : F2FC;
    16471 : F37F;
    16472 : F39C;
    16473 : F34C;
    16474 : F318;
    16475 : F359;
    16476 : F3D4;
    16477 : F43F;
    16478 : F4AD;
    16479 : F545;
    16480 : F5EF;
    16481 : F684;
    16482 : F70F;
    16483 : F7BE;
    16484 : F8A7;
    16485 : F9B5;
    16486 : FAD3;
    16487 : FC12;
    16488 : FD77;
    16489 : FEC8;
    16490 : FFBD;
    16491 : 0060;
    16492 : 0101;
    16493 : 01CF;
    16494 : 0293;
    16495 : 0306;
    16496 : 0345;
    16497 : 03A2;
    16498 : 0414;
    16499 : 042A;
    16500 : 039C;
    16501 : 028C;
    16502 : 011F;
    16503 : FF59;
    16504 : FD61;
    16505 : FBA3;
    16506 : FA73;
    16507 : F9C2;
    16508 : F945;
    16509 : F8BA;
    16510 : F801;
    16511 : F72F;
    16512 : F68B;
    16513 : F630;
    16514 : F5E5;
    16515 : F581;
    16516 : F538;
    16517 : F530;
    16518 : F533;
    16519 : F500;
    16520 : F4A5;
    16521 : F468;
    16522 : F46C;
    16523 : F482;
    16524 : F448;
    16525 : F39B;
    16526 : F2BB;
    16527 : F1ED;
    16528 : F12E;
    16529 : F06D;
    16530 : EFC1;
    16531 : EF3D;
    16532 : EEBA;
    16533 : EDFB;
    16534 : ED00;
    16535 : EC16;
    16536 : EB81;
    16537 : EB3A;
    16538 : EB17;
    16539 : EB27;
    16540 : EBA2;
    16541 : EC95;
    16542 : EDC7;
    16543 : EEF0;
    16544 : F00C;
    16545 : F145;
    16546 : F2A4;
    16547 : F3F5;
    16548 : F528;
    16549 : F663;
    16550 : F7A9;
    16551 : F8B7;
    16552 : F957;
    16553 : F9A2;
    16554 : F9E2;
    16555 : FA3D;
    16556 : FA7F;
    16557 : FA56;
    16558 : F9D0;
    16559 : F95C;
    16560 : F938;
    16561 : F942;
    16562 : F949;
    16563 : F940;
    16564 : F92C;
    16565 : F928;
    16566 : F94E;
    16567 : F988;
    16568 : F9A5;
    16569 : F99B;
    16570 : F996;
    16571 : F9C7;
    16572 : FA4F;
    16573 : FB25;
    16574 : FC09;
    16575 : FCCA;
    16576 : FD7F;
    16577 : FE4A;
    16578 : FEF8;
    16579 : FF2E;
    16580 : FEE2;
    16581 : FE6F;
    16582 : FE1F;
    16583 : FDEC;
    16584 : FDA5;
    16585 : FD1F;
    16586 : FC3F;
    16587 : FB11;
    16588 : F9CA;
    16589 : F88D;
    16590 : F747;
    16591 : F5F6;
    16592 : F4E5;
    16593 : F451;
    16594 : F414;
    16595 : F3E6;
    16596 : F3C6;
    16597 : F3D3;
    16598 : F402;
    16599 : F43B;
    16600 : F495;
    16601 : F547;
    16602 : F65C;
    16603 : F7A5;
    16604 : F8FA;
    16605 : FA60;
    16606 : FBE3;
    16607 : FD48;
    16608 : FE3C;
    16609 : FED4;
    16610 : FF8F;
    16611 : 00AA;
    16612 : 01C2;
    16613 : 0260;
    16614 : 0297;
    16615 : 02BE;
    16616 : 02D4;
    16617 : 0291;
    16618 : 01FC;
    16619 : 0171;
    16620 : 0111;
    16621 : 00B0;
    16622 : 003B;
    16623 : FFD4;
    16624 : FF76;
    16625 : FEFF;
    16626 : FE9B;
    16627 : FEA8;
    16628 : FF29;
    16629 : FFC2;
    16630 : 0035;
    16631 : 008C;
    16632 : 00EC;
    16633 : 017B;
    16634 : 0259;
    16635 : 0371;
    16636 : 0475;
    16637 : 0538;
    16638 : 05ED;
    16639 : 06D4;
    16640 : 07B5;
    16641 : 0810;
    16642 : 07C1;
    16643 : 0734;
    16644 : 06C9;
    16645 : 0666;
    16646 : 05C9;
    16647 : 04FA;
    16648 : 042E;
    16649 : 0371;
    16650 : 02BA;
    16651 : 0222;
    16652 : 01C8;
    16653 : 0180;
    16654 : 00F0;
    16655 : 0020;
    16656 : FF76;
    16657 : FF1E;
    16658 : FEC0;
    16659 : FE15;
    16660 : FD5F;
    16661 : FD05;
    16662 : FD03;
    16663 : FD0D;
    16664 : FCFF;
    16665 : FCED;
    16666 : FCEC;
    16667 : FCF5;
    16668 : FCF7;
    16669 : FCED;
    16670 : FCE2;
    16671 : FCE5;
    16672 : FD0D;
    16673 : FD6C;
    16674 : FDEA;
    16675 : FE4D;
    16676 : FE83;
    16677 : FEA5;
    16678 : FEC2;
    16679 : FED9;
    16680 : FF02;
    16681 : FF61;
    16682 : FFEF;
    16683 : 0076;
    16684 : 00CF;
    16685 : 011E;
    16686 : 01AE;
    16687 : 029F;
    16688 : 03C3;
    16689 : 04E7;
    16690 : 0606;
    16691 : 0726;
    16692 : 083A;
    16693 : 0932;
    16694 : 0A04;
    16695 : 0AA0;
    16696 : 0AF4;
    16697 : 0B07;
    16698 : 0B07;
    16699 : 0B19;
    16700 : 0B21;
    16701 : 0AEA;
    16702 : 0A73;
    16703 : 09E8;
    16704 : 0950;
    16705 : 089D;
    16706 : 07E1;
    16707 : 0725;
    16708 : 0652;
    16709 : 0571;
    16710 : 04BE;
    16711 : 0445;
    16712 : 03C8;
    16713 : 0320;
    16714 : 026E;
    16715 : 01DF;
    16716 : 0172;
    16717 : 0123;
    16718 : 0108;
    16719 : 0132;
    16720 : 0180;
    16721 : 01CC;
    16722 : 0214;
    16723 : 0258;
    16724 : 027B;
    16725 : 0273;
    16726 : 0262;
    16727 : 026D;
    16728 : 028C;
    16729 : 0299;
    16730 : 0281;
    16731 : 0243;
    16732 : 01DE;
    16733 : 0144;
    16734 : 006E;
    16735 : FF74;
    16736 : FE7D;
    16737 : FDA0;
    16738 : FCE6;
    16739 : FC50;
    16740 : FBCB;
    16741 : FB49;
    16742 : FADE;
    16743 : FAB9;
    16744 : FAEC;
    16745 : FB4B;
    16746 : FBA0;
    16747 : FBF8;
    16748 : FC85;
    16749 : FD55;
    16750 : FE3C;
    16751 : FF1C;
    16752 : 000A;
    16753 : 0114;
    16754 : 0220;
    16755 : 0314;
    16756 : 03FB;
    16757 : 04E8;
    16758 : 05C1;
    16759 : 0665;
    16760 : 06DE;
    16761 : 074B;
    16762 : 079B;
    16763 : 07BB;
    16764 : 07D2;
    16765 : 081B;
    16766 : 0889;
    16767 : 08D8;
    16768 : 08E9;
    16769 : 08E5;
    16770 : 08FF;
    16771 : 0931;
    16772 : 095E;
    16773 : 0989;
    16774 : 09CD;
    16775 : 0A1B;
    16776 : 0A4D;
    16777 : 0A74;
    16778 : 0AD1;
    16779 : 0B7B;
    16780 : 0C36;
    16781 : 0CC8;
    16782 : 0D44;
    16783 : 0DE9;
    16784 : 0EBD;
    16785 : 0F83;
    16786 : 100B;
    16787 : 1056;
    16788 : 107E;
    16789 : 1097;
    16790 : 10A3;
    16791 : 1081;
    16792 : 1020;
    16793 : 0FAE;
    16794 : 0F6C;
    16795 : 0F54;
    16796 : 0F28;
    16797 : 0ED1;
    16798 : 0E67;
    16799 : 0DE8;
    16800 : 0D43;
    16801 : 0C90;
    16802 : 0BFB;
    16803 : 0B78;
    16804 : 0ADB;
    16805 : 0A43;
    16806 : 0A0E;
    16807 : 0A48;
    16808 : 0A6B;
    16809 : 0A01;
    16810 : 0925;
    16811 : 085A;
    16812 : 07FC;
    16813 : 07F6;
    16814 : 07EC;
    16815 : 0798;
    16816 : 0706;
    16817 : 066E;
    16818 : 05F4;
    16819 : 059F;
    16820 : 0567;
    16821 : 052E;
    16822 : 04C5;
    16823 : 0429;
    16824 : 0392;
    16825 : 0323;
    16826 : 02B0;
    16827 : 0213;
    16828 : 0194;
    16829 : 0193;
    16830 : 01FC;
    16831 : 027A;
    16832 : 0300;
    16833 : 03C6;
    16834 : 04C6;
    16835 : 05A2;
    16836 : 0617;
    16837 : 0638;
    16838 : 0653;
    16839 : 06A4;
    16840 : 0723;
    16841 : 0794;
    16842 : 07D1;
    16843 : 07F4;
    16844 : 0825;
    16845 : 0854;
    16846 : 0846;
    16847 : 07D7;
    16848 : 071D;
    16849 : 0658;
    16850 : 05C5;
    16851 : 0568;
    16852 : 0503;
    16853 : 0466;
    16854 : 03AD;
    16855 : 0319;
    16856 : 02B5;
    16857 : 0255;
    16858 : 01FC;
    16859 : 01E9;
    16860 : 024A;
    16861 : 02F9;
    16862 : 03B4;
    16863 : 046D;
    16864 : 0548;
    16865 : 0651;
    16866 : 075B;
    16867 : 083B;
    16868 : 0906;
    16869 : 09EA;
    16870 : 0AF4;
    16871 : 0C05;
    16872 : 0CF0;
    16873 : 0D98;
    16874 : 0DF5;
    16875 : 0E09;
    16876 : 0DE1;
    16877 : 0D89;
    16878 : 0CFA;
    16879 : 0C24;
    16880 : 0B14;
    16881 : 09F2;
    16882 : 08E9;
    16883 : 0802;
    16884 : 072E;
    16885 : 0665;
    16886 : 05A9;
    16887 : 0504;
    16888 : 0475;
    16889 : 03F3;
    16890 : 037A;
    16891 : 032F;
    16892 : 0347;
    16893 : 03C9;
    16894 : 0475;
    16895 : 051D;
    16896 : 05E3;
    16897 : 06F2;
    16898 : 082A;
    16899 : 0950;
    16900 : 0A5E;
    16901 : 0B5D;
    16902 : 0C2F;
    16903 : 0CC7;
    16904 : 0D5F;
    16905 : 0E14;
    16906 : 0E8C;
    16907 : 0E6C;
    16908 : 0DF4;
    16909 : 0DB1;
    16910 : 0DB5;
    16911 : 0D92;
    16912 : 0D0A;
    16913 : 0C5E;
    16914 : 0BD2;
    16915 : 0B4D;
    16916 : 0A9C;
    16917 : 09D8;
    16918 : 094E;
    16919 : 091D;
    16920 : 091C;
    16921 : 0925;
    16922 : 0946;
    16923 : 099A;
    16924 : 0A0C;
    16925 : 0A69;
    16926 : 0AA7;
    16927 : 0ADE;
    16928 : 0B19;
    16929 : 0B4E;
    16930 : 0B9A;
    16931 : 0C1E;
    16932 : 0CB9;
    16933 : 0D25;
    16934 : 0D61;
    16935 : 0DA0;
    16936 : 0DD1;
    16937 : 0D97;
    16938 : 0CE9;
    16939 : 0C3D;
    16940 : 0BED;
    16941 : 0BC0;
    16942 : 0B53;
    16943 : 0AA8;
    16944 : 0A00;
    16945 : 0976;
    16946 : 08F7;
    16947 : 0880;
    16948 : 0824;
    16949 : 07FA;
    16950 : 07FF;
    16951 : 080A;
    16952 : 07E5;
    16953 : 078D;
    16954 : 073D;
    16955 : 071F;
    16956 : 071B;
    16957 : 06F9;
    16958 : 06B5;
    16959 : 0674;
    16960 : 0639;
    16961 : 05D7;
    16962 : 0539;
    16963 : 0489;
    16964 : 03F0;
    16965 : 036B;
    16966 : 02F1;
    16967 : 028C;
    16968 : 0239;
    16969 : 01CF;
    16970 : 012F;
    16971 : 0076;
    16972 : FFD4;
    16973 : FF4F;
    16974 : FED3;
    16975 : FE85;
    16976 : FEBA;
    16977 : FF80;
    16978 : 007D;
    16979 : 0168;
    16980 : 0260;
    16981 : 0392;
    16982 : 04CF;
    16983 : 05CC;
    16984 : 069B;
    16985 : 078E;
    16986 : 08AF;
    16987 : 09B1;
    16988 : 0A69;
    16989 : 0B08;
    16990 : 0BBF;
    16991 : 0C66;
    16992 : 0CA5;
    16993 : 0C62;
    16994 : 0BE3;
    16995 : 0B88;
    16996 : 0B6B;
    16997 : 0B4F;
    16998 : 0AEA;
    16999 : 0A32;
    17000 : 0954;
    17001 : 087C;
    17002 : 07BD;
    17003 : 071F;
    17004 : 069E;
    17005 : 0622;
    17006 : 0599;
    17007 : 0520;
    17008 : 04E3;
    17009 : 04ED;
    17010 : 051F;
    17011 : 0559;
    17012 : 058F;
    17013 : 05C0;
    17014 : 05F2;
    17015 : 062D;
    17016 : 0673;
    17017 : 06BE;
    17018 : 06FB;
    17019 : 071C;
    17020 : 071D;
    17021 : 0708;
    17022 : 06F0;
    17023 : 06D5;
    17024 : 069F;
    17025 : 0644;
    17026 : 05C2;
    17027 : 0504;
    17028 : 03EA;
    17029 : 0289;
    17030 : 0132;
    17031 : 0007;
    17032 : FEDA;
    17033 : FD8C;
    17034 : FC5B;
    17035 : FB89;
    17036 : FB02;
    17037 : FA98;
    17038 : FA55;
    17039 : FA54;
    17040 : FA85;
    17041 : FACE;
    17042 : FB38;
    17043 : FBBB;
    17044 : FC24;
    17045 : FC63;
    17046 : FCAD;
    17047 : FD2A;
    17048 : FDAA;
    17049 : FDE8;
    17050 : FDE5;
    17051 : FDD1;
    17052 : FDC4;
    17053 : FDC4;
    17054 : FDEC;
    17055 : FE57;
    17056 : FEF2;
    17057 : FF8C;
    17058 : 0004;
    17059 : 0058;
    17060 : 0099;
    17061 : 00DD;
    17062 : 0139;
    17063 : 01B4;
    17064 : 0256;
    17065 : 0326;
    17066 : 0429;
    17067 : 0557;
    17068 : 0688;
    17069 : 077B;
    17070 : 080D;
    17071 : 0872;
    17072 : 0905;
    17073 : 09DA;
    17074 : 0AB0;
    17075 : 0B5A;
    17076 : 0BFD;
    17077 : 0CBB;
    17078 : 0D67;
    17079 : 0DBE;
    17080 : 0DB4;
    17081 : 0D60;
    17082 : 0CB8;
    17083 : 0BB8;
    17084 : 0A96;
    17085 : 0997;
    17086 : 08BA;
    17087 : 07BE;
    17088 : 067E;
    17089 : 051F;
    17090 : 03E8;
    17091 : 02F8;
    17092 : 0232;
    17093 : 0173;
    17094 : 00C7;
    17095 : 0047;
    17096 : FFE5;
    17097 : FF77;
    17098 : FEFC;
    17099 : FE9F;
    17100 : FE69;
    17101 : FE31;
    17102 : FDD9;
    17103 : FD7D;
    17104 : FD40;
    17105 : FD09;
    17106 : FC9D;
    17107 : FBE5;
    17108 : FB0D;
    17109 : FA56;
    17110 : F9D6;
    17111 : F974;
    17112 : F90D;
    17113 : F890;
    17114 : F7F5;
    17115 : F738;
    17116 : F677;
    17117 : F5EA;
    17118 : F5A0;
    17119 : F564;
    17120 : F513;
    17121 : F4D9;
    17122 : F4D8;
    17123 : F4E2;
    17124 : F4D6;
    17125 : F4FC;
    17126 : F5AD;
    17127 : F6C2;
    17128 : F7CF;
    17129 : F8BD;
    17130 : F9BC;
    17131 : FACF;
    17132 : FBB7;
    17133 : FC5B;
    17134 : FCD2;
    17135 : FD27;
    17136 : FD57;
    17137 : FD72;
    17138 : FD77;
    17139 : FD2D;
    17140 : FC82;
    17141 : FBBE;
    17142 : FB29;
    17143 : FAA8;
    17144 : FA05;
    17145 : F962;
    17146 : F903;
    17147 : F8ED;
    17148 : F8FB;
    17149 : F92F;
    17150 : F993;
    17151 : F9F3;
    17152 : FA19;
    17153 : FA26;
    17154 : FA67;
    17155 : FAD7;
    17156 : FB1E;
    17157 : FB06;
    17158 : FAB9;
    17159 : FA7C;
    17160 : FA5C;
    17161 : FA35;
    17162 : F9F5;
    17163 : F9B2;
    17164 : F97B;
    17165 : F928;
    17166 : F88C;
    17167 : F7A7;
    17168 : F69B;
    17169 : F57A;
    17170 : F453;
    17171 : F34B;
    17172 : F279;
    17173 : F1B2;
    17174 : F0C5;
    17175 : EFD2;
    17176 : EF16;
    17177 : EE80;
    17178 : EDD6;
    17179 : ED3B;
    17180 : ED23;
    17181 : EDB9;
    17182 : EEB4;
    17183 : EFCB;
    17184 : F0F3;
    17185 : F234;
    17186 : F37A;
    17187 : F4BA;
    17188 : F5FE;
    17189 : F737;
    17190 : F832;
    17191 : F8D0;
    17192 : F92A;
    17193 : F973;
    17194 : F9C0;
    17195 : F9FD;
    17196 : FA12;
    17197 : FA02;
    17198 : F9DE;
    17199 : F9AC;
    17200 : F971;
    17201 : F946;
    17202 : F92C;
    17203 : F8EF;
    17204 : F865;
    17205 : F7CD;
    17206 : F785;
    17207 : F77D;
    17208 : F75E;
    17209 : F716;
    17210 : F6E8;
    17211 : F6E1;
    17212 : F6D4;
    17213 : F6C5;
    17214 : F6E8;
    17215 : F741;
    17216 : F7A4;
    17217 : F81E;
    17218 : F8ED;
    17219 : FA09;
    17220 : FB16;
    17221 : FBD1;
    17222 : FC35;
    17223 : FC3F;
    17224 : FBEB;
    17225 : FB54;
    17226 : FAA0;
    17227 : F9D4;
    17228 : F8F3;
    17229 : F81A;
    17230 : F75E;
    17231 : F6BA;
    17232 : F62A;
    17233 : F5B5;
    17234 : F552;
    17235 : F4E2;
    17236 : F454;
    17237 : F3A7;
    17238 : F2E8;
    17239 : F23B;
    17240 : F1CB;
    17241 : F189;
    17242 : F12B;
    17243 : F084;
    17244 : EFB7;
    17245 : EEF8;
    17246 : EE50;
    17247 : EDB6;
    17248 : ED27;
    17249 : EC9C;
    17250 : EC26;
    17251 : EBEF;
    17252 : EBE5;
    17253 : EBB2;
    17254 : EB46;
    17255 : EB24;
    17256 : EBBF;
    17257 : ECDE;
    17258 : EDF7;
    17259 : EED4;
    17260 : EF74;
    17261 : EFCD;
    17262 : EFEC;
    17263 : F013;
    17264 : F059;
    17265 : F08C;
    17266 : F0AD;
    17267 : F11C;
    17268 : F202;
    17269 : F316;
    17270 : F41E;
    17271 : F533;
    17272 : F654;
    17273 : F73E;
    17274 : F7DF;
    17275 : F87D;
    17276 : F930;
    17277 : F9A4;
    17278 : F98E;
    17279 : F910;
    17280 : F894;
    17281 : F860;
    17282 : F863;
    17283 : F846;
    17284 : F7CA;
    17285 : F714;
    17286 : F67B;
    17287 : F612;
    17288 : F59F;
    17289 : F513;
    17290 : F4A8;
    17291 : F475;
    17292 : F43E;
    17293 : F3DB;
    17294 : F373;
    17295 : F329;
    17296 : F2DA;
    17297 : F259;
    17298 : F1CB;
    17299 : F18C;
    17300 : F1C5;
    17301 : F23C;
    17302 : F297;
    17303 : F2B7;
    17304 : F2BF;
    17305 : F2D4;
    17306 : F2E9;
    17307 : F2EC;
    17308 : F2EE;
    17309 : F30B;
    17310 : F343;
    17311 : F38C;
    17312 : F3E5;
    17313 : F439;
    17314 : F450;
    17315 : F401;
    17316 : F353;
    17317 : F268;
    17318 : F171;
    17319 : F0AD;
    17320 : F032;
    17321 : EFCD;
    17322 : EF50;
    17323 : EED6;
    17324 : EE81;
    17325 : EE2F;
    17326 : EDC6;
    17327 : ED86;
    17328 : EDA0;
    17329 : EDD4;
    17330 : EDE6;
    17331 : EE1B;
    17332 : EECA;
    17333 : EFBA;
    17334 : F077;
    17335 : F104;
    17336 : F1AA;
    17337 : F26A;
    17338 : F31F;
    17339 : F3DC;
    17340 : F4BC;
    17341 : F586;
    17342 : F611;
    17343 : F6A7;
    17344 : F792;
    17345 : F893;
    17346 : F93B;
    17347 : F987;
    17348 : F9C1;
    17349 : F9FA;
    17350 : F9FB;
    17351 : F9AA;
    17352 : F929;
    17353 : F8A9;
    17354 : F845;
    17355 : F809;
    17356 : F7F3;
    17357 : F7FB;
    17358 : F80E;
    17359 : F80E;
    17360 : F7EA;
    17361 : F7C5;
    17362 : F7E7;
    17363 : F85F;
    17364 : F8FE;
    17365 : F9A7;
    17366 : FA79;
    17367 : FB74;
    17368 : FC4C;
    17369 : FCBF;
    17370 : FCD9;
    17371 : FCD2;
    17372 : FCD4;
    17373 : FCF5;
    17374 : FD25;
    17375 : FD28;
    17376 : FCD3;
    17377 : FC53;
    17378 : FC01;
    17379 : FBE5;
    17380 : FBCA;
    17381 : FB9F;
    17382 : FB85;
    17383 : FB7A;
    17384 : FB46;
    17385 : FAC2;
    17386 : FA03;
    17387 : F92C;
    17388 : F85D;
    17389 : F7B3;
    17390 : F735;
    17391 : F6D3;
    17392 : F67D;
    17393 : F63A;
    17394 : F614;
    17395 : F5FB;
    17396 : F5D8;
    17397 : F5A9;
    17398 : F57D;
    17399 : F571;
    17400 : F597;
    17401 : F5E0;
    17402 : F625;
    17403 : F64F;
    17404 : F661;
    17405 : F65C;
    17406 : F63D;
    17407 : F61A;
    17408 : F619;
    17409 : F63E;
    17410 : F673;
    17411 : F6B1;
    17412 : F704;
    17413 : F76F;
    17414 : F7F0;
    17415 : F898;
    17416 : F959;
    17417 : F9F4;
    17418 : FA4F;
    17419 : FAB2;
    17420 : FB5A;
    17421 : FC12;
    17422 : FC84;
    17423 : FCC3;
    17424 : FD27;
    17425 : FDCB;
    17426 : FE78;
    17427 : FEF4;
    17428 : FF25;
    17429 : FF0E;
    17430 : FED4;
    17431 : FEA8;
    17432 : FE95;
    17433 : FE6E;
    17434 : FE14;
    17435 : FD93;
    17436 : FD17;
    17437 : FCC9;
    17438 : FCB4;
    17439 : FCB3;
    17440 : FC9D;
    17441 : FC8A;
    17442 : FCB5;
    17443 : FD10;
    17444 : FD4F;
    17445 : FD6A;
    17446 : FDBA;
    17447 : FE72;
    17448 : FF68;
    17449 : 006E;
    17450 : 0189;
    17451 : 02B5;
    17452 : 03DE;
    17453 : 04FB;
    17454 : 05F6;
    17455 : 0683;
    17456 : 0689;
    17457 : 0666;
    17458 : 066A;
    17459 : 064A;
    17460 : 059F;
    17461 : 04A4;
    17462 : 03E4;
    17463 : 0371;
    17464 : 02F1;
    17465 : 0243;
    17466 : 019E;
    17467 : 0123;
    17468 : 00B9;
    17469 : 0041;
    17470 : FFAF;
    17471 : FF0C;
    17472 : FE86;
    17473 : FE51;
    17474 : FE70;
    17475 : FEC0;
    17476 : FF48;
    17477 : 0010;
    17478 : 00E9;
    17479 : 019B;
    17480 : 0248;
    17481 : 032C;
    17482 : 0428;
    17483 : 04ED;
    17484 : 0578;
    17485 : 0600;
    17486 : 067C;
    17487 : 06AE;
    17488 : 0695;
    17489 : 068A;
    17490 : 06CA;
    17491 : 0726;
    17492 : 0745;
    17493 : 0717;
    17494 : 06E3;
    17495 : 06DA;
    17496 : 06C2;
    17497 : 0644;
    17498 : 0581;
    17499 : 04F1;
    17500 : 04C2;
    17501 : 04AC;
    17502 : 0478;
    17503 : 0456;
    17504 : 0479;
    17505 : 04BC;
    17506 : 04E3;
    17507 : 04EB;
    17508 : 04F7;
    17509 : 051D;
    17510 : 055E;
    17511 : 05AD;
    17512 : 05EE;
    17513 : 0612;
    17514 : 0627;
    17515 : 0640;
    17516 : 0665;
    17517 : 06AB;
    17518 : 071C;
    17519 : 077A;
    17520 : 0775;
    17521 : 071E;
    17522 : 06D6;
    17523 : 06C3;
    17524 : 06A7;
    17525 : 065B;
    17526 : 0607;
    17527 : 05E2;
    17528 : 05F0;
    17529 : 061F;
    17530 : 064C;
    17531 : 0642;
    17532 : 05F9;
    17533 : 05C2;
    17534 : 05EB;
    17535 : 064D;
    17536 : 0681;
    17537 : 065C;
    17538 : 0608;
    17539 : 05AF;
    17540 : 0556;
    17541 : 04F3;
    17542 : 0480;
    17543 : 03FA;
    17544 : 0363;
    17545 : 02CB;
    17546 : 0250;
    17547 : 0227;
    17548 : 0262;
    17549 : 02AC;
    17550 : 028E;
    17551 : 0205;
    17552 : 0186;
    17553 : 0144;
    17554 : 00E8;
    17555 : 004C;
    17556 : FFEC;
    17557 : 003E;
    17558 : 0103;
    17559 : 01AB;
    17560 : 0233;
    17561 : 0300;
    17562 : 0419;
    17563 : 0510;
    17564 : 05AB;
    17565 : 0642;
    17566 : 0734;
    17567 : 0855;
    17568 : 0921;
    17569 : 0967;
    17570 : 0985;
    17571 : 09DE;
    17572 : 0A60;
    17573 : 0AC3;
    17574 : 0AFB;
    17575 : 0B2D;
    17576 : 0B4E;
    17577 : 0B36;
    17578 : 0AED;
    17579 : 0A9C;
    17580 : 0A2E;
    17581 : 096D;
    17582 : 087B;
    17583 : 07B8;
    17584 : 0735;
    17585 : 06A9;
    17586 : 05FE;
    17587 : 0581;
    17588 : 0553;
    17589 : 0527;
    17590 : 04C2;
    17591 : 045A;
    17592 : 0438;
    17593 : 0439;
    17594 : 040D;
    17595 : 03B8;
    17596 : 038D;
    17597 : 03BF;
    17598 : 042B;
    17599 : 0492;
    17600 : 04D0;
    17601 : 04F4;
    17602 : 052E;
    17603 : 05A2;
    17604 : 062E;
    17605 : 0672;
    17606 : 0639;
    17607 : 05B7;
    17608 : 0547;
    17609 : 04FF;
    17610 : 04AF;
    17611 : 0426;
    17612 : 0362;
    17613 : 0277;
    17614 : 0185;
    17615 : 00AD;
    17616 : 0000;
    17617 : FF7C;
    17618 : FF18;
    17619 : FED4;
    17620 : FEAF;
    17621 : FE9C;
    17622 : FE93;
    17623 : FE9A;
    17624 : FEB7;
    17625 : FEE4;
    17626 : FF1C;
    17627 : FF62;
    17628 : FFAD;
    17629 : FFE8;
    17630 : 000D;
    17631 : 003A;
    17632 : 008E;
    17633 : 010B;
    17634 : 019D;
    17635 : 023C;
    17636 : 02F9;
    17637 : 03DD;
    17638 : 04D3;
    17639 : 05B0;
    17640 : 0663;
    17641 : 070D;
    17642 : 07DC;
    17643 : 08D2;
    17644 : 09BC;
    17645 : 0A80;
    17646 : 0B47;
    17647 : 0C35;
    17648 : 0D0C;
    17649 : 0D6B;
    17650 : 0D63;
    17651 : 0D74;
    17652 : 0DE9;
    17653 : 0E84;
    17654 : 0EFF;
    17655 : 0F72;
    17656 : 1004;
    17657 : 1093;
    17658 : 10F5;
    17659 : 114E;
    17660 : 11BB;
    17661 : 1209;
    17662 : 1200;
    17663 : 11B5;
    17664 : 1147;
    17665 : 10A3;
    17666 : 0FC8;
    17667 : 0EFC;
    17668 : 0E59;
    17669 : 0D9C;
    17670 : 0CA5;
    17671 : 0BCA;
    17672 : 0B59;
    17673 : 0B1D;
    17674 : 0AB6;
    17675 : 0A1A;
    17676 : 096A;
    17677 : 08AA;
    17678 : 07DF;
    17679 : 0734;
    17680 : 06C2;
    17681 : 0665;
    17682 : 05F3;
    17683 : 0578;
    17684 : 050F;
    17685 : 04AC;
    17686 : 0431;
    17687 : 0398;
    17688 : 02FC;
    17689 : 0283;
    17690 : 023C;
    17691 : 01F7;
    17692 : 0176;
    17693 : 00C2;
    17694 : 002B;
    17695 : FFDF;
    17696 : FFB1;
    17697 : FF6D;
    17698 : FF1E;
    17699 : FEDB;
    17700 : FE9B;
    17701 : FE51;
    17702 : FE1A;
    17703 : FE1F;
    17704 : FE5D;
    17705 : FEB8;
    17706 : FF24;
    17707 : FFAA;
    17708 : 004F;
    17709 : 0107;
    17710 : 01CA;
    17711 : 0299;
    17712 : 0373;
    17713 : 0446;
    17714 : 04FB;
    17715 : 0582;
    17716 : 05DA;
    17717 : 0612;
    17718 : 0651;
    17719 : 06C4;
    17720 : 0768;
    17721 : 07F7;
    17722 : 0832;
    17723 : 082D;
    17724 : 082C;
    17725 : 0854;
    17726 : 089B;
    17727 : 08EC;
    17728 : 093A;
    17729 : 097D;
    17730 : 09C4;
    17731 : 0A20;
    17732 : 0A78;
    17733 : 0AA1;
    17734 : 0A98;
    17735 : 0A88;
    17736 : 0A81;
    17737 : 0A6A;
    17738 : 0A3E;
    17739 : 0A1C;
    17740 : 0A0C;
    17741 : 09F8;
    17742 : 09D0;
    17743 : 098C;
    17744 : 0922;
    17745 : 0898;
    17746 : 0815;
    17747 : 07A5;
    17748 : 071E;
    17749 : 066A;
    17750 : 05AF;
    17751 : 050E;
    17752 : 046F;
    17753 : 03B6;
    17754 : 02F6;
    17755 : 023E;
    17756 : 017D;
    17757 : 00B3;
    17758 : 0004;
    17759 : FF8A;
    17760 : FF46;
    17761 : FF43;
    17762 : FF8C;
    17763 : FFFF;
    17764 : 0070;
    17765 : 00F0;
    17766 : 01AE;
    17767 : 02A4;
    17768 : 03A1;
    17769 : 0498;
    17770 : 059C;
    17771 : 06A7;
    17772 : 0794;
    17773 : 084F;
    17774 : 08D6;
    17775 : 0926;
    17776 : 0953;
    17777 : 098B;
    17778 : 09DD;
    17779 : 0A13;
    17780 : 0A02;
    17781 : 09D0;
    17782 : 09BD;
    17783 : 09C5;
    17784 : 09B3;
    17785 : 097C;
    17786 : 094C;
    17787 : 093C;
    17788 : 0935;
    17789 : 091E;
    17790 : 08FB;
    17791 : 08D8;
    17792 : 08B2;
    17793 : 0887;
    17794 : 0863;
    17795 : 0855;
    17796 : 0867;
    17797 : 08A9;
    17798 : 091F;
    17799 : 09A1;
    17800 : 09EE;
    17801 : 09F5;
    17802 : 09E3;
    17803 : 09DE;
    17804 : 09E1;
    17805 : 09E4;
    17806 : 09EA;
    17807 : 09DF;
    17808 : 09B1;
    17809 : 0988;
    17810 : 0994;
    17811 : 09A6;
    17812 : 094D;
    17813 : 0879;
    17814 : 0796;
    17815 : 06F7;
    17816 : 067F;
    17817 : 05F2;
    17818 : 054A;
    17819 : 04A5;
    17820 : 040F;
    17821 : 037D;
    17822 : 02D4;
    17823 : 01EC;
    17824 : 00C9;
    17825 : FFA5;
    17826 : FEAF;
    17827 : FDD7;
    17828 : FD11;
    17829 : FC8B;
    17830 : FC50;
    17831 : FC0F;
    17832 : FB8D;
    17833 : FB0B;
    17834 : FAE9;
    17835 : FB25;
    17836 : FB8A;
    17837 : FC1E;
    17838 : FD00;
    17839 : FDFF;
    17840 : FEC9;
    17841 : FF57;
    17842 : FFDD;
    17843 : 0061;
    17844 : 00BD;
    17845 : 00F8;
    17846 : 0158;
    17847 : 0203;
    17848 : 02D5;
    17849 : 0397;
    17850 : 0431;
    17851 : 04B0;
    17852 : 052B;
    17853 : 05B9;
    17854 : 065A;
    17855 : 06EA;
    17856 : 0751;
    17857 : 07A2;
    17858 : 07FD;
    17859 : 084D;
    17860 : 0855;
    17861 : 0804;
    17862 : 079C;
    17863 : 0763;
    17864 : 0767;
    17865 : 078E;
    17866 : 07B3;
    17867 : 07B8;
    17868 : 078A;
    17869 : 0734;
    17870 : 06CF;
    17871 : 0665;
    17872 : 05F1;
    17873 : 0586;
    17874 : 053B;
    17875 : 0502;
    17876 : 04BD;
    17877 : 046B;
    17878 : 0421;
    17879 : 03D9;
    17880 : 0374;
    17881 : 02F1;
    17882 : 0267;
    17883 : 01DD;
    17884 : 0141;
    17885 : 0090;
    17886 : FFE1;
    17887 : FF49;
    17888 : FED2;
    17889 : FE7E;
    17890 : FE44;
    17891 : FE14;
    17892 : FDED;
    17893 : FDDC;
    17894 : FDDB;
    17895 : FDC8;
    17896 : FD8A;
    17897 : FD1D;
    17898 : FC86;
    17899 : FBD8;
    17900 : FB3A;
    17901 : FAB8;
    17902 : FA2A;
    17903 : F970;
    17904 : F8B2;
    17905 : F829;
    17906 : F7C7;
    17907 : F74B;
    17908 : F6AC;
    17909 : F628;
    17910 : F5EB;
    17911 : F5DC;
    17912 : F5D8;
    17913 : F5DE;
    17914 : F5F6;
    17915 : F611;
    17916 : F627;
    17917 : F64F;
    17918 : F6A7;
    17919 : F735;
    17920 : F7E7;
    17921 : F8AC;
    17922 : F98A;
    17923 : FA94;
    17924 : FBBE;
    17925 : FCD6;
    17926 : FDAD;
    17927 : FE53;
    17928 : FF01;
    17929 : FFC9;
    17930 : 0075;
    17931 : 00D1;
    17932 : 00ED;
    17933 : 00F8;
    17934 : 00F8;
    17935 : 00D2;
    17936 : 008F;
    17937 : 005F;
    17938 : 004C;
    17939 : 0023;
    17940 : FFB6;
    17941 : FF19;
    17942 : FE89;
    17943 : FE31;
    17944 : FE10;
    17945 : FE15;
    17946 : FE28;
    17947 : FE47;
    17948 : FE89;
    17949 : FF00;
    17950 : FF90;
    17951 : FFF5;
    17952 : 000E;
    17953 : 0004;
    17954 : 001D;
    17955 : 0064;
    17956 : 00A4;
    17957 : 00AE;
    17958 : 0099;
    17959 : 0095;
    17960 : 009D;
    17961 : 0079;
    17962 : 001B;
    17963 : FFBB;
    17964 : FF7E;
    17965 : FF32;
    17966 : FEA2;
    17967 : FDE5;
    17968 : FD2E;
    17969 : FC5D;
    17970 : FB39;
    17971 : F9EE;
    17972 : F8EC;
    17973 : F849;
    17974 : F7A5;
    17975 : F6CE;
    17976 : F600;
    17977 : F56C;
    17978 : F4E9;
    17979 : F453;
    17980 : F3D9;
    17981 : F39D;
    17982 : F361;
    17983 : F2EA;
    17984 : F26E;
    17985 : F247;
    17986 : F26B;
    17987 : F28D;
    17988 : F2A2;
    17989 : F2D5;
    17990 : F31E;
    17991 : F33F;
    17992 : F32A;
    17993 : F316;
    17994 : F325;
    17995 : F33F;
    17996 : F347;
    17997 : F347;
    17998 : F361;
    17999 : F3B0;
    18000 : F438;
    18001 : F4D2;
    18002 : F546;
    18003 : F58E;
    18004 : F5E3;
    18005 : F666;
    18006 : F6EE;
    18007 : F74A;
    18008 : F794;
    18009 : F802;
    18010 : F888;
    18011 : F8E6;
    18012 : F8F9;
    18013 : F8E0;
    18014 : F8C4;
    18015 : F8B0;
    18016 : F896;
    18017 : F86A;
    18018 : F82C;
    18019 : F7F4;
    18020 : F7E2;
    18021 : F7F4;
    18022 : F7FC;
    18023 : F7CD;
    18024 : F77A;
    18025 : F745;
    18026 : F750;
    18027 : F779;
    18028 : F797;
    18029 : F7C8;
    18030 : F855;
    18031 : F944;
    18032 : FA44;
    18033 : FB0E;
    18034 : FBB6;
    18035 : FC64;
    18036 : FCFF;
    18037 : FD55;
    18038 : FD7A;
    18039 : FDAD;
    18040 : FDF6;
    18041 : FE24;
    18042 : FE2F;
    18043 : FE46;
    18044 : FE73;
    18045 : FE6E;
    18046 : FE00;
    18047 : FD59;
    18048 : FCC3;
    18049 : FC39;
    18050 : FB84;
    18051 : FAAA;
    18052 : F9F5;
    18053 : F986;
    18054 : F92C;
    18055 : F8C3;
    18056 : F876;
    18057 : F87A;
    18058 : F8B9;
    18059 : F900;
    18060 : F94E;
    18061 : F9C6;
    18062 : FA6D;
    18063 : FB18;
    18064 : FBAA;
    18065 : FC33;
    18066 : FCD5;
    18067 : FD98;
    18068 : FE66;
    18069 : FF1E;
    18070 : FFB9;
    18071 : 0053;
    18072 : 00FF;
    18073 : 01AE;
    18074 : 0240;
    18075 : 02AC;
    18076 : 02EC;
    18077 : 02EB;
    18078 : 02A2;
    18079 : 0243;
    18080 : 01FF;
    18081 : 01CF;
    18082 : 019A;
    18083 : 016A;
    18084 : 0150;
    18085 : 012B;
    18086 : 00D6;
    18087 : 006F;
    18088 : 0041;
    18089 : 006F;
    18090 : 00CA;
    18091 : 0111;
    18092 : 0137;
    18093 : 015F;
    18094 : 01B3;
    18095 : 0234;
    18096 : 02B9;
    18097 : 031D;
    18098 : 0363;
    18099 : 03AA;
    18100 : 03FB;
    18101 : 043C;
    18102 : 043E;
    18103 : 03E7;
    18104 : 0362;
    18105 : 030A;
    18106 : 0319;
    18107 : 0351;
    18108 : 0345;
    18109 : 02EC;
    18110 : 02A6;
    18111 : 029F;
    18112 : 0291;
    18113 : 0238;
    18114 : 01C1;
    18115 : 017A;
    18116 : 0149;
    18117 : 00E5;
    18118 : 0054;
    18119 : FFE2;
    18120 : FF96;
    18121 : FF1B;
    18122 : FE55;
    18123 : FDA3;
    18124 : FD64;
    18125 : FD6C;
    18126 : FD44;
    18127 : FCD1;
    18128 : FC5B;
    18129 : FC0D;
    18130 : FBC3;
    18131 : FB66;
    18132 : FB14;
    18133 : FAE3;
    18134 : FAB1;
    18135 : FA5E;
    18136 : F9FA;
    18137 : F9A7;
    18138 : F970;
    18139 : F95E;
    18140 : F984;
    18141 : F9EE;
    18142 : FA86;
    18143 : FB26;
    18144 : FBBD;
    18145 : FC54;
    18146 : FCFD;
    18147 : FDB3;
    18148 : FE5A;
    18149 : FEE8;
    18150 : FF82;
    18151 : 0051;
    18152 : 0142;
    18153 : 0220;
    18154 : 02E4;
    18155 : 03A2;
    18156 : 0444;
    18157 : 049D;
    18158 : 04B8;
    18159 : 04CF;
    18160 : 04F1;
    18161 : 04F6;
    18162 : 04D4;
    18163 : 04A1;
    18164 : 0460;
    18165 : 0403;
    18166 : 039F;
    18167 : 0351;
    18168 : 02FE;
    18169 : 027C;
    18170 : 01DF;
    18171 : 0151;
    18172 : 00C2;
    18173 : 000F;
    18174 : FF51;
    18175 : FEC7;
    18176 : FE80;
    18177 : FE53;
    18178 : FE25;
    18179 : FDFC;
    18180 : FDEE;
    18181 : FE12;
    18182 : FE78;
    18183 : FF06;
    18184 : FF7E;
    18185 : FFC5;
    18186 : FFEF;
    18187 : 0006;
    18188 : FFEB;
    18189 : FF92;
    18190 : FF27;
    18191 : FEC6;
    18192 : FE4F;
    18193 : FD97;
    18194 : FCAF;
    18195 : FBC9;
    18196 : FAF4;
    18197 : FA16;
    18198 : F935;
    18199 : F884;
    18200 : F822;
    18201 : F7E6;
    18202 : F795;
    18203 : F73C;
    18204 : F713;
    18205 : F717;
    18206 : F6FE;
    18207 : F69F;
    18208 : F62F;
    18209 : F5F1;
    18210 : F5EC;
    18211 : F608;
    18212 : F644;
    18213 : F6A0;
    18214 : F716;
    18215 : F7B1;
    18216 : F88E;
    18217 : F9A5;
    18218 : FAC2;
    18219 : FBBF;
    18220 : FCB1;
    18221 : FDBF;
    18222 : FEEF;
    18223 : 0023;
    18224 : 013A;
    18225 : 0231;
    18226 : 0324;
    18227 : 0429;
    18228 : 0525;
    18229 : 05F0;
    18230 : 0687;
    18231 : 0703;
    18232 : 0768;
    18233 : 07B6;
    18234 : 0815;
    18235 : 08A4;
    18236 : 0943;
    18237 : 09C8;
    18238 : 0A4F;
    18239 : 0B07;
    18240 : 0BCB;
    18241 : 0C49;
    18242 : 0C75;
    18243 : 0C89;
    18244 : 0CA5;
    18245 : 0CBB;
    18246 : 0CB5;
    18247 : 0C82;
    18248 : 0C18;
    18249 : 0B87;
    18250 : 0AFE;
    18251 : 0A8A;
    18252 : 0A1A;
    18253 : 09B0;
    18254 : 095B;
    18255 : 08F2;
    18256 : 083F;
    18257 : 0769;
    18258 : 06BD;
    18259 : 0620;
    18260 : 0530;
    18261 : 03FC;
    18262 : 02FE;
    18263 : 0262;
    18264 : 01CE;
    18265 : 010D;
    18266 : 005A;
    18267 : FFDF;
    18268 : FF67;
    18269 : FEC0;
    18270 : FE0E;
    18271 : FD7A;
    18272 : FCEB;
    18273 : FC48;
    18274 : FBBA;
    18275 : FB6F;
    18276 : FB46;
    18277 : FAF6;
    18278 : FA8A;
    18279 : FA5A;
    18280 : FA7E;
    18281 : FA88;
    18282 : FA13;
    18283 : F959;
    18284 : F8E8;
    18285 : F8D9;
    18286 : F8CB;
    18287 : F894;
    18288 : F880;
    18289 : F8D0;
    18290 : F965;
    18291 : FA15;
    18292 : FADD;
    18293 : FBA5;
    18294 : FC33;
    18295 : FC85;
    18296 : FCDF;
    18297 : FD64;
    18298 : FDF5;
    18299 : FE7E;
    18300 : FF0D;
    18301 : FFA8;
    18302 : 003B;
    18303 : 00CC;
    18304 : 0162;
    18305 : 01E7;
    18306 : 024A;
    18307 : 02BD;
    18308 : 037C;
    18309 : 046E;
    18310 : 053C;
    18311 : 05A9;
    18312 : 05BB;
    18313 : 05A2;
    18314 : 058C;
    18315 : 057C;
    18316 : 054E;
    18317 : 04E4;
    18318 : 0455;
    18319 : 03CE;
    18320 : 035C;
    18321 : 02F2;
    18322 : 0281;
    18323 : 01FC;
    18324 : 016A;
    18325 : 00FD;
    18326 : 00D1;
    18327 : 00A1;
    18328 : 0019;
    18329 : FF5E;
    18330 : FEE8;
    18331 : FEC2;
    18332 : FE84;
    18333 : FE0E;
    18334 : FDAF;
    18335 : FD82;
    18336 : FD3A;
    18337 : FCA2;
    18338 : FBDE;
    18339 : FB11;
    18340 : FA36;
    18341 : F964;
    18342 : F8D2;
    18343 : F88C;
    18344 : F86B;
    18345 : F85D;
    18346 : F868;
    18347 : F886;
    18348 : F8BE;
    18349 : F932;
    18350 : F9E0;
    18351 : FA7D;
    18352 : FADA;
    18353 : FB2F;
    18354 : FBC0;
    18355 : FC7A;
    18356 : FD18;
    18357 : FD87;
    18358 : FDF8;
    18359 : FE96;
    18360 : FF65;
    18361 : 004B;
    18362 : 0123;
    18363 : 01D7;
    18364 : 0264;
    18365 : 02CD;
    18366 : 031F;
    18367 : 036F;
    18368 : 03BB;
    18369 : 03DB;
    18370 : 03BD;
    18371 : 038E;
    18372 : 0374;
    18373 : 0344;
    18374 : 02D0;
    18375 : 0250;
    18376 : 021E;
    18377 : 0233;
    18378 : 0245;
    18379 : 0248;
    18380 : 0265;
    18381 : 0297;
    18382 : 02C3;
    18383 : 02FD;
    18384 : 0364;
    18385 : 03CF;
    18386 : 0401;
    18387 : 040B;
    18388 : 0432;
    18389 : 048A;
    18390 : 04EB;
    18391 : 052E;
    18392 : 054D;
    18393 : 055D;
    18394 : 0577;
    18395 : 0592;
    18396 : 0571;
    18397 : 04F2;
    18398 : 0448;
    18399 : 03C1;
    18400 : 0364;
    18401 : 02FA;
    18402 : 0258;
    18403 : 017C;
    18404 : 0073;
    18405 : FF5D;
    18406 : FE51;
    18407 : FD36;
    18408 : FBE5;
    18409 : FA85;
    18410 : F96E;
    18411 : F8B7;
    18412 : F82B;
    18413 : F7C0;
    18414 : F7A4;
    18415 : F7DE;
    18416 : F840;
    18417 : F8B7;
    18418 : F956;
    18419 : FA0B;
    18420 : FAA4;
    18421 : FB18;
    18422 : FB88;
    18423 : FC02;
    18424 : FC88;
    18425 : FD27;
    18426 : FDD7;
    18427 : FE69;
    18428 : FECF;
    18429 : FF35;
    18430 : FFBA;
    18431 : 0040;
    18432 : 00BA;
    18433 : 014B;
    18434 : 020A;
    18435 : 02D0;
    18436 : 036F;
    18437 : 03E4;
    18438 : 043A;
    18439 : 047B;
    18440 : 04B8;
    18441 : 04FA;
    18442 : 0537;
    18443 : 0571;
    18444 : 05BE;
    18445 : 0610;
    18446 : 063B;
    18447 : 064A;
    18448 : 0681;
    18449 : 06EE;
    18450 : 0748;
    18451 : 0766;
    18452 : 0780;
    18453 : 07C6;
    18454 : 0814;
    18455 : 0833;
    18456 : 0819;
    18457 : 07DC;
    18458 : 078C;
    18459 : 0744;
    18460 : 0709;
    18461 : 06AA;
    18462 : 0600;
    18463 : 0531;
    18464 : 0480;
    18465 : 03E2;
    18466 : 0319;
    18467 : 022F;
    18468 : 0181;
    18469 : 0154;
    18470 : 018E;
    18471 : 01DD;
    18472 : 0209;
    18473 : 0217;
    18474 : 022B;
    18475 : 023F;
    18476 : 0227;
    18477 : 01D8;
    18478 : 017B;
    18479 : 0136;
    18480 : 0104;
    18481 : 00EB;
    18482 : 00FB;
    18483 : 0106;
    18484 : 00B0;
    18485 : FFF5;
    18486 : FF46;
    18487 : FEDF;
    18488 : FE77;
    18489 : FDC4;
    18490 : FCF7;
    18491 : FC60;
    18492 : FBF6;
    18493 : FB7A;
    18494 : FAE9;
    18495 : FA64;
    18496 : F9F8;
    18497 : F9A6;
    18498 : F98E;
    18499 : F9DA;
    18500 : FA83;
    18501 : FB51;
    18502 : FC13;
    18503 : FCD4;
    18504 : FDCD;
    18505 : FF0E;
    18506 : 005A;
    18507 : 0177;
    18508 : 027A;
    18509 : 0397;
    18510 : 04BC;
    18511 : 05B1;
    18512 : 0672;
    18513 : 071D;
    18514 : 07AA;
    18515 : 0808;
    18516 : 085B;
    18517 : 08CA;
    18518 : 0927;
    18519 : 0920;
    18520 : 08BA;
    18521 : 0839;
    18522 : 07C0;
    18523 : 0747;
    18524 : 06D7;
    18525 : 0687;
    18526 : 065D;
    18527 : 0665;
    18528 : 06A9;
    18529 : 0704;
    18530 : 0734;
    18531 : 073E;
    18532 : 077A;
    18533 : 080A;
    18534 : 08A9;
    18535 : 0912;
    18536 : 0950;
    18537 : 0996;
    18538 : 09FF;
    18539 : 0A8F;
    18540 : 0B33;
    18541 : 0BAF;
    18542 : 0BD9;
    18543 : 0BD5;
    18544 : 0BDE;
    18545 : 0BDF;
    18546 : 0B95;
    18547 : 0AFB;
    18548 : 0A54;
    18549 : 09C5;
    18550 : 0928;
    18551 : 0852;
    18552 : 0745;
    18553 : 0625;
    18554 : 050D;
    18555 : 03FB;
    18556 : 02E5;
    18557 : 01CA;
    18558 : 00C5;
    18559 : FFED;
    18560 : FF43;
    18561 : FEC8;
    18562 : FE84;
    18563 : FE6A;
    18564 : FE44;
    18565 : FDF5;
    18566 : FD9A;
    18567 : FD4F;
    18568 : FD10;
    18569 : FCD7;
    18570 : FCBE;
    18571 : FCC4;
    18572 : FCC0;
    18573 : FCA4;
    18574 : FC90;
    18575 : FC8F;
    18576 : FC71;
    18577 : FC1A;
    18578 : FBBA;
    18579 : FB82;
    18580 : FB6A;
    18581 : FB52;
    18582 : FB42;
    18583 : FB5A;
    18584 : FBA6;
    18585 : FC16;
    18586 : FC95;
    18587 : FD17;
    18588 : FDA3;
    18589 : FE40;
    18590 : FEE4;
    18591 : FF7A;
    18592 : FFF8;
    18593 : 0066;
    18594 : 00D2;
    18595 : 013E;
    18596 : 01A6;
    18597 : 01FA;
    18598 : 022F;
    18599 : 0254;
    18600 : 0284;
    18601 : 02A8;
    18602 : 0280;
    18603 : 01FC;
    18604 : 015A;
    18605 : 00D3;
    18606 : 0064;
    18607 : 0001;
    18608 : FFBD;
    18609 : FFA6;
    18610 : FFAE;
    18611 : FFCE;
    18612 : FFFF;
    18613 : 0018;
    18614 : FFEF;
    18615 : FFB7;
    18616 : FFD9;
    18617 : 0061;
    18618 : 00E6;
    18619 : 011C;
    18620 : 012D;
    18621 : 0161;
    18622 : 01C3;
    18623 : 0232;
    18624 : 0295;
    18625 : 02E4;
    18626 : 0319;
    18627 : 0326;
    18628 : 02F8;
    18629 : 027B;
    18630 : 01BB;
    18631 : 00DF;
    18632 : FFFC;
    18633 : FF0F;
    18634 : FE24;
    18635 : FD4F;
    18636 : FC81;
    18637 : FBA3;
    18638 : FACE;
    18639 : FA30;
    18640 : F9BC;
    18641 : F948;
    18642 : F8EA;
    18643 : F8EA;
    18644 : F94C;
    18645 : F9C5;
    18646 : FA27;
    18647 : FA9A;
    18648 : FB47;
    18649 : FC1C;
    18650 : FCEA;
    18651 : FD94;
    18652 : FE27;
    18653 : FEC2;
    18654 : FF75;
    18655 : 0027;
    18656 : 00A4;
    18657 : 00D8;
    18658 : 00E7;
    18659 : 00F7;
    18660 : 010B;
    18661 : 0112;
    18662 : 00F8;
    18663 : 00A3;
    18664 : 000E;
    18665 : FF5B;
    18666 : FEB8;
    18667 : FE2E;
    18668 : FDB0;
    18669 : FD41;
    18670 : FCE9;
    18671 : FC98;
    18672 : FC46;
    18673 : FC1C;
    18674 : FC42;
    18675 : FCAA;
    18676 : FD2A;
    18677 : FDC3;
    18678 : FE8C;
    18679 : FF70;
    18680 : 002D;
    18681 : 009E;
    18682 : 00E1;
    18683 : 012F;
    18684 : 0199;
    18685 : 01F6;
    18686 : 020B;
    18687 : 01D4;
    18688 : 018B;
    18689 : 0157;
    18690 : 0116;
    18691 : 008C;
    18692 : FFBD;
    18693 : FEEE;
    18694 : FE53;
    18695 : FDDF;
    18696 : FD65;
    18697 : FCC2;
    18698 : FBF1;
    18699 : FB07;
    18700 : FA2E;
    18701 : F989;
    18702 : F919;
    18703 : F8B4;
    18704 : F838;
    18705 : F7B3;
    18706 : F761;
    18707 : F757;
    18708 : F75C;
    18709 : F729;
    18710 : F6CB;
    18711 : F687;
    18712 : F667;
    18713 : F627;
    18714 : F59F;
    18715 : F50A;
    18716 : F4B8;
    18717 : F4AE;
    18718 : F4BA;
    18719 : F4AF;
    18720 : F481;
    18721 : F435;
    18722 : F3E3;
    18723 : F3A9;
    18724 : F382;
    18725 : F358;
    18726 : F32A;
    18727 : F318;
    18728 : F33D;
    18729 : F3A2;
    18730 : F446;
    18731 : F51A;
    18732 : F600;
    18733 : F6F8;
    18734 : F828;
    18735 : F98D;
    18736 : FADD;
    18737 : FBD3;
    18738 : FC82;
    18739 : FD2F;
    18740 : FDFB;
    18741 : FECD;
    18742 : FF80;
    18743 : 0003;
    18744 : 006A;
    18745 : 00E8;
    18746 : 0195;
    18747 : 0234;
    18748 : 0261;
    18749 : 0203;
    18750 : 0164;
    18751 : 00D0;
    18752 : 005C;
    18753 : FFF2;
    18754 : FF7B;
    18755 : FEE9;
    18756 : FE46;
    18757 : FDAA;
    18758 : FD23;
    18759 : FCAC;
    18760 : FC4F;
    18761 : FC2C;
    18762 : FC48;
    18763 : FC88;
    18764 : FCD7;
    18765 : FD33;
    18766 : FD8C;
    18767 : FDD2;
    18768 : FE13;
    18769 : FE65;
    18770 : FEAD;
    18771 : FEC5;
    18772 : FEBB;
    18773 : FEB0;
    18774 : FE95;
    18775 : FE3F;
    18776 : FDB1;
    18777 : FD02;
    18778 : FC2D;
    18779 : FB2D;
    18780 : FA3A;
    18781 : F993;
    18782 : F922;
    18783 : F892;
    18784 : F7BE;
    18785 : F6CB;
    18786 : F5DE;
    18787 : F4F4;
    18788 : F415;
    18789 : F367;
    18790 : F309;
    18791 : F2E8;
    18792 : F2DC;
    18793 : F2DA;
    18794 : F302;
    18795 : F36A;
    18796 : F404;
    18797 : F4B6;
    18798 : F579;
    18799 : F654;
    18800 : F74C;
    18801 : F871;
    18802 : F9D5;
    18803 : FB64;
    18804 : FCD7;
    18805 : FE0E;
    18806 : FF35;
    18807 : 007B;
    18808 : 01C3;
    18809 : 02D8;
    18810 : 03B4;
    18811 : 046C;
    18812 : 04F6;
    18813 : 0552;
    18814 : 05B0;
    18815 : 063E;
    18816 : 06E2;
    18817 : 0777;
    18818 : 0813;
    18819 : 08DA;
    18820 : 09A1;
    18821 : 0A14;
    18822 : 0A2A;
    18823 : 0A35;
    18824 : 0A7C;
    18825 : 0AED;
    18826 : 0B47;
    18827 : 0B68;
    18828 : 0B6D;
    18829 : 0B76;
    18830 : 0B78;
    18831 : 0B50;
    18832 : 0B0F;
    18833 : 0AF4;
    18834 : 0B14;
    18835 : 0B29;
    18836 : 0AEE;
    18837 : 0A78;
    18838 : 0A14;
    18839 : 09D5;
    18840 : 098B;
    18841 : 0909;
    18842 : 084E;
    18843 : 0779;
    18844 : 06A2;
    18845 : 05C5;
    18846 : 04C4;
    18847 : 038D;
    18848 : 0241;
    18849 : 0113;
    18850 : 001B;
    18851 : FF5C;
    18852 : FEE0;
    18853 : FEA5;
    18854 : FE75;
    18855 : FE11;
    18856 : FD81;
    18857 : FCFF;
    18858 : FCAC;
    18859 : FC7B;
    18860 : FC4B;
    18861 : FBFF;
    18862 : FB86;
    18863 : FB07;
    18864 : FAC8;
    18865 : FAC8;
    18866 : FAB6;
    18867 : FA6F;
    18868 : FA3A;
    18869 : FA46;
    18870 : FA4F;
    18871 : FA05;
    18872 : F99A;
    18873 : F985;
    18874 : F9E4;
    18875 : FA6E;
    18876 : FAE3;
    18877 : FB47;
    18878 : FBB8;
    18879 : FC49;
    18880 : FCFF;
    18881 : FDD7;
    18882 : FEB5;
    18883 : FF7A;
    18884 : 002E;
    18885 : 0114;
    18886 : 0268;
    18887 : 040F;
    18888 : 059F;
    18889 : 06D8;
    18890 : 07DE;
    18891 : 08EC;
    18892 : 09F0;
    18893 : 0AB0;
    18894 : 0B26;
    18895 : 0B7B;
    18896 : 0BB2;
    18897 : 0BAE;
    18898 : 0B6A;
    18899 : 0B07;
    18900 : 0A99;
    18901 : 0A20;
    18902 : 0992;
    18903 : 08DF;
    18904 : 07EF;
    18905 : 06CD;
    18906 : 05A9;
    18907 : 04A3;
    18908 : 03C1;
    18909 : 030D;
    18910 : 0295;
    18911 : 023A;
    18912 : 01C4;
    18913 : 0137;
    18914 : 00CE;
    18915 : 009D;
    18916 : 006E;
    18917 : 0019;
    18918 : FFC0;
    18919 : FF99;
    18920 : FFA0;
    18921 : FF91;
    18922 : FF42;
    18923 : FED1;
    18924 : FE82;
    18925 : FE58;
    18926 : FE12;
    18927 : FD89;
    18928 : FCF2;
    18929 : FC8E;
    18930 : FC4F;
    18931 : FBFB;
    18932 : FB8A;
    18933 : FB1B;
    18934 : FABE;
    18935 : FA7C;
    18936 : FA77;
    18937 : FABD;
    18938 : FB22;
    18939 : FB79;
    18940 : FBCB;
    18941 : FC42;
    18942 : FCED;
    18943 : FDCA;
    18944 : FED8;
    18945 : FFFD;
    18946 : 00FF;
    18947 : 01B3;
    18948 : 022C;
    18949 : 0299;
    18950 : 030E;
    18951 : 0381;
    18952 : 03D8;
    18953 : 0408;
    18954 : 0426;
    18955 : 0455;
    18956 : 048E;
    18957 : 04A2;
    18958 : 047D;
    18959 : 0445;
    18960 : 041F;
    18961 : 03F5;
    18962 : 03AE;
    18963 : 0364;
    18964 : 034A;
    18965 : 036C;
    18966 : 03B4;
    18967 : 040F;
    18968 : 047A;
    18969 : 04E4;
    18970 : 053C;
    18971 : 058D;
    18972 : 05FB;
    18973 : 0694;
    18974 : 073C;
    18975 : 07CA;
    18976 : 082D;
    18977 : 0869;
    18978 : 0878;
    18979 : 084B;
    18980 : 07DD;
    18981 : 0736;
    18982 : 065F;
    18983 : 055F;
    18984 : 043F;
    18985 : 030F;
    18986 : 01D4;
    18987 : 008E;
    18988 : FF3F;
    18989 : FDE6;
    18990 : FC78;
    18991 : FAFC;
    18992 : F99A;
    18993 : F874;
    18994 : F789;
    18995 : F6C5;
    18996 : F631;
    18997 : F5E4;
    18998 : F5DC;
    18999 : F606;
    19000 : F661;
    19001 : F6FB;
    19002 : F7C7;
    19003 : F895;
    19004 : F941;
    19005 : F9CF;
    19006 : FA51;
    19007 : FAC4;
    19008 : FB22;
    19009 : FB88;
    19010 : FC1D;
    19011 : FCDF;
    19012 : FD92;
    19013 : FE0A;
    19014 : FE59;
    19015 : FE93;
    19016 : FE95;
    19017 : FE33;
    19018 : FD9F;
    19019 : FD3A;
    19020 : FD13;
    19021 : FCE1;
    19022 : FC93;
    19023 : FC89;
    19024 : FD05;
    19025 : FDC5;
    19026 : FE5C;
    19027 : FEC3;
    19028 : FF45;
    19029 : 0005;
    19030 : 00E7;
    19031 : 01CD;
    19032 : 02AE;
    19033 : 0385;
    19034 : 0459;
    19035 : 054E;
    19036 : 066B;
    19037 : 076E;
    19038 : 0809;
    19039 : 0831;
    19040 : 0816;
    19041 : 07D7;
    19042 : 0772;
    19043 : 06E8;
    19044 : 064C;
    19045 : 059E;
    19046 : 04D5;
    19047 : 03FD;
    19048 : 033E;
    19049 : 02A8;
    19050 : 021F;
    19051 : 017A;
    19052 : 00B5;
    19053 : FFEF;
    19054 : FF50;
    19055 : FEE0;
    19056 : FE93;
    19057 : FE5E;
    19058 : FE50;
    19059 : FE76;
    19060 : FEBB;
    19061 : FEF0;
    19062 : FEFA;
    19063 : FEEF;
    19064 : FEF8;
    19065 : FF22;
    19066 : FF52;
    19067 : FF68;
    19068 : FF62;
    19069 : FF50;
    19070 : FF31;
    19071 : FED4;
    19072 : FE06;
    19073 : FCCD;
    19074 : FB6F;
    19075 : FA35;
    19076 : F934;
    19077 : F859;
    19078 : F79E;
    19079 : F714;
    19080 : F6CC;
    19081 : F6C5;
    19082 : F6F1;
    19083 : F73C;
    19084 : F79B;
    19085 : F81C;
    19086 : F8EC;
    19087 : FA2C;
    19088 : FBC0;
    19089 : FD59;
    19090 : FEBC;
    19091 : FFF2;
    19092 : 012A;
    19093 : 027D;
    19094 : 03D5;
    19095 : 050C;
    19096 : 060C;
    19097 : 06D7;
    19098 : 077F;
    19099 : 0811;
    19100 : 0881;
    19101 : 08B9;
    19102 : 08C1;
    19103 : 08C2;
    19104 : 08D1;
    19105 : 08D4;
    19106 : 08A8;
    19107 : 0852;
    19108 : 07F6;
    19109 : 07A6;
    19110 : 0764;
    19111 : 0735;
    19112 : 0721;
    19113 : 0728;
    19114 : 074C;
    19115 : 0797;
    19116 : 0812;
    19117 : 08AD;
    19118 : 094D;
    19119 : 09E3;
    19120 : 0A7A;
    19121 : 0B22;
    19122 : 0BE6;
    19123 : 0CB7;
    19124 : 0D78;
    19125 : 0E0D;
    19126 : 0E67;
    19127 : 0E7C;
    19128 : 0E50;
    19129 : 0DF6;
    19130 : 0D81;
    19131 : 0CE3;
    19132 : 0C00;
    19133 : 0AEC;
    19134 : 09E8;
    19135 : 0910;
    19136 : 082F;
    19137 : 0714;
    19138 : 05DF;
    19139 : 04D3;
    19140 : 03F5;
    19141 : 030F;
    19142 : 0205;
    19143 : 00FD;
    19144 : 002B;
    19145 : FF98;
    19146 : FF29;
    19147 : FEC0;
    19148 : FE5B;
    19149 : FE19;
    19150 : FE16;
    19151 : FE4B;
    19152 : FE86;
    19153 : FE97;
    19154 : FE7C;
    19155 : FE55;
    19156 : FE42;
    19157 : FE50;
    19158 : FE75;
    19159 : FE96;
    19160 : FEA3;
    19161 : FE9E;
    19162 : FE80;
    19163 : FE25;
    19164 : FD7B;
    19165 : FCBA;
    19166 : FC41;
    19167 : FC3F;
    19168 : FC8A;
    19169 : FCE6;
    19170 : FD43;
    19171 : FDAD;
    19172 : FE25;
    19173 : FEAD;
    19174 : FF5B;
    19175 : 0042;
    19176 : 014B;
    19177 : 024E;
    19178 : 0349;
    19179 : 045E;
    19180 : 058E;
    19181 : 06A2;
    19182 : 0773;
    19183 : 0816;
    19184 : 08AB;
    19185 : 0922;
    19186 : 0958;
    19187 : 095A;
    19188 : 0951;
    19189 : 093D;
    19190 : 08F5;
    19191 : 087A;
    19192 : 0806;
    19193 : 07C7;
    19194 : 07AA;
    19195 : 0784;
    19196 : 074B;
    19197 : 070C;
    19198 : 06C5;
    19199 : 0666;
    19200 : 05FA;
    19201 : 05AD;
    19202 : 05AB;
    19203 : 05F8;
    19204 : 0678;
    19205 : 070B;
    19206 : 0792;
    19207 : 07F8;
    19208 : 0840;
    19209 : 0884;
    19210 : 08CC;
    19211 : 08FF;
    19212 : 0909;
    19213 : 08F8;
    19214 : 08EC;
    19215 : 08E2;
    19216 : 08AB;
    19217 : 0812;
    19218 : 0706;
    19219 : 05B2;
    19220 : 0463;
    19221 : 0342;
    19222 : 023B;
    19223 : 0128;
    19224 : 000C;
    19225 : FF09;
    19226 : FE33;
    19227 : FD87;
    19228 : FD03;
    19229 : FCAF;
    19230 : FCA0;
    19231 : FCE2;
    19232 : FD6C;
    19233 : FE17;
    19234 : FEC7;
    19235 : FF83;
    19236 : 0059;
    19237 : 0138;
    19238 : 0205;
    19239 : 02BB;
    19240 : 0366;
    19241 : 0413;
    19242 : 04CB;
    19243 : 058D;
    19244 : 063F;
    19245 : 06BF;
    19246 : 0701;
    19247 : 070F;
    19248 : 06F8;
    19249 : 06D2;
    19250 : 06B8;
    19251 : 0696;
    19252 : 0635;
    19253 : 0596;
    19254 : 0506;
    19255 : 04B1;
    19256 : 046A;
    19257 : 0415;
    19258 : 03F6;
    19259 : 0450;
    19260 : 04FF;
    19261 : 05B4;
    19262 : 0652;
    19263 : 06E4;
    19264 : 0773;
    19265 : 0814;
    19266 : 08DC;
    19267 : 09AC;
    19268 : 0A41;
    19269 : 0A89;
    19270 : 0AB9;
    19271 : 0AF5;
    19272 : 0B1B;
    19273 : 0AFB;
    19274 : 0A8C;
    19275 : 09EF;
    19276 : 0943;
    19277 : 0886;
    19278 : 07A0;
    19279 : 068F;
    19280 : 0585;
    19281 : 04AF;
    19282 : 0402;
    19283 : 0359;
    19284 : 02B0;
    19285 : 0212;
    19286 : 0167;
    19287 : 008F;
    19288 : FF9B;
    19289 : FEBB;
    19290 : FE05;
    19291 : FD70;
    19292 : FCF4;
    19293 : FC8D;
    19294 : FC3A;
    19295 : FBFB;
    19296 : FBD3;
    19297 : FBB0;
    19298 : FB7D;
    19299 : FB3F;
    19300 : FB15;
    19301 : FB0E;
    19302 : FB12;
    19303 : FB09;
    19304 : FAE9;
    19305 : FAB1;
    19306 : FA5D;
    19307 : F9ED;
    19308 : F96D;
    19309 : F8E5;
    19310 : F848;
    19311 : F796;
    19312 : F707;
    19313 : F6F0;
    19314 : F75B;
    19315 : F807;
    19316 : F8C8;
    19317 : F9B4;
    19318 : FAD1;
    19319 : FBE2;
    19320 : FCCA;
    19321 : FDCB;
    19322 : FF1C;
    19323 : 0092;
    19324 : 01F0;
    19325 : 033D;
    19326 : 0491;
    19327 : 05D1;
    19328 : 06D9;
    19329 : 07A9;
    19330 : 0846;
    19331 : 089D;
    19332 : 08AC;
    19333 : 088E;
    19334 : 0862;
    19335 : 0838;
    19336 : 0811;
    19337 : 07BE;
    19338 : 0704;
    19339 : 05F8;
    19340 : 0500;
    19341 : 0446;
    19342 : 038B;
    19343 : 029F;
    19344 : 01B5;
    19345 : 0109;
    19346 : 0091;
    19347 : 0030;
    19348 : FFE6;
    19349 : FFB9;
    19350 : FFAA;
    19351 : FFCB;
    19352 : 001F;
    19353 : 0072;
    19354 : 0093;
    19355 : 0092;
    19356 : 0096;
    19357 : 009A;
    19358 : 0081;
    19359 : 004E;
    19360 : 000F;
    19361 : FFB8;
    19362 : FF31;
    19363 : FE6C;
    19364 : FD63;
    19365 : FC1A;
    19366 : FAA0;
    19367 : F900;
    19368 : F73F;
    19369 : F58E;
    19370 : F42F;
    19371 : F31F;
    19372 : F213;
    19373 : F0EA;
    19374 : EFEB;
    19375 : EF5A;
    19376 : EF2E;
    19377 : EF3D;
    19378 : EF71;
    19379 : EFC7;
    19380 : F046;
    19381 : F106;
    19382 : F227;
    19383 : F3A2;
    19384 : F54C;
    19385 : F6F5;
    19386 : F883;
    19387 : FA0B;
    19388 : FBBA;
    19389 : FD93;
    19390 : FF52;
    19391 : 00BB;
    19392 : 01E0;
    19393 : 02F5;
    19394 : 0403;
    19395 : 04F2;
    19396 : 05C1;
    19397 : 066E;
    19398 : 06EA;
    19399 : 0733;
    19400 : 075D;
    19401 : 0765;
    19402 : 073C;
    19403 : 06FE;
    19404 : 06E3;
    19405 : 06F4;
    19406 : 0713;
    19407 : 0735;
    19408 : 0761;
    19409 : 078A;
    19410 : 07A8;
    19411 : 07D9;
    19412 : 083A;
    19413 : 08AE;
    19414 : 090B;
    19415 : 0950;
    19416 : 098E;
    19417 : 09C0;
    19418 : 09CB;
    19419 : 0994;
    19420 : 0927;
    19421 : 08B3;
    19422 : 084C;
    19423 : 07C0;
    19424 : 06D4;
    19425 : 05A8;
    19426 : 048F;
    19427 : 038E;
    19428 : 0263;
    19429 : 00FE;
    19430 : FF8F;
    19431 : FE2A;
    19432 : FCCE;
    19433 : FB8E;
    19434 : FA72;
    19435 : F94D;
    19436 : F7FE;
    19437 : F6C2;
    19438 : F5E8;
    19439 : F578;
    19440 : F544;
    19441 : F51E;
    19442 : F4D8;
    19443 : F462;
    19444 : F3EE;
    19445 : F3BE;
    19446 : F3B2;
    19447 : F376;
    19448 : F2FD;
    19449 : F28C;
    19450 : F25E;
    19451 : F26F;
    19452 : F297;
    19453 : F29D;
    19454 : F258;
    19455 : F1EF;
    19456 : F1B2;
    19457 : F1A0;
    19458 : F170;
    19459 : F115;
    19460 : F0DB;
    19461 : F0F3;
    19462 : F140;
    19463 : F1AA;
    19464 : F249;
    19465 : F326;
    19466 : F42E;
    19467 : F564;
    19468 : F6E4;
    19469 : F8A7;
    19470 : FA80;
    19471 : FC4C;
    19472 : FE03;
    19473 : FFB3;
    19474 : 016E;
    19475 : 0326;
    19476 : 04A3;
    19477 : 05AE;
    19478 : 0656;
    19479 : 06D1;
    19480 : 072D;
    19481 : 074A;
    19482 : 0715;
    19483 : 069A;
    19484 : 05E2;
    19485 : 04ED;
    19486 : 03C6;
    19487 : 0282;
    19488 : 012C;
    19489 : FFB7;
    19490 : FE1E;
    19491 : FC7A;
    19492 : FB0B;
    19493 : F9FD;
    19494 : F93F;
    19495 : F8A3;
    19496 : F827;
    19497 : F7EB;
    19498 : F7E9;
    19499 : F7ED;
    19500 : F7E8;
    19501 : F80A;
    19502 : F86D;
    19503 : F8E7;
    19504 : F937;
    19505 : F958;
    19506 : F976;
    19507 : F9A9;
    19508 : F9C9;
    19509 : F99E;
    19510 : F925;
    19511 : F89A;
    19512 : F81D;
    19513 : F78E;
    19514 : F6CA;
    19515 : F5EC;
    19516 : F516;
    19517 : F433;
    19518 : F32C;
    19519 : F231;
    19520 : F18D;
    19521 : F149;
    19522 : F133;
    19523 : F12E;
    19524 : F14B;
    19525 : F1A6;
    19526 : F249;
    19527 : F327;
    19528 : F427;
    19529 : F53B;
    19530 : F672;
    19531 : F7CD;
    19532 : F916;
    19533 : FA1B;
    19534 : FAEF;
    19535 : FBCB;
    19536 : FCBC;
    19537 : FDAA;
    19538 : FE85;
    19539 : FF3A;
    19540 : FFAB;
    19541 : FFE8;
    19542 : 0031;
    19543 : 008B;
    19544 : 00AA;
    19545 : 0065;
    19546 : 0002;
    19547 : FFD9;
    19548 : FFE9;
    19549 : 0004;
    19550 : 0015;
    19551 : 0017;
    19552 : 0005;
    19553 : FFF9;
    19554 : 0027;
    19555 : 009B;
    19556 : 013A;
    19557 : 01F2;
    19558 : 02BA;
    19559 : 0370;
    19560 : 03F9;
    19561 : 0470;
    19562 : 04F2;
    19563 : 055C;
    19564 : 0573;
    19565 : 0539;
    19566 : 04D2;
    19567 : 0436;
    19568 : 0344;
    19569 : 0200;
    19570 : 0096;
    19571 : FF22;
    19572 : FDB4;
    19573 : FC6C;
    19574 : FB54;
    19575 : FA46;
    19576 : F91C;
    19577 : F7EE;
    19578 : F6F4;
    19579 : F63A;
    19580 : F59C;
    19581 : F508;
    19582 : F496;
    19583 : F464;
    19584 : F482;
    19585 : F4EA;
    19586 : F57D;
    19587 : F615;
    19588 : F6A5;
    19589 : F745;
    19590 : F803;
    19591 : F8C9;
    19592 : F983;
    19593 : FA37;
    19594 : FADB;
    19595 : FB46;
    19596 : FB70;
    19597 : FB8D;
    19598 : FBB9;
    19599 : FBBF;
    19600 : FB67;
    19601 : FACF;
    19602 : FA39;
    19603 : F9AC;
    19604 : F908;
    19605 : F85C;
    19606 : F7E5;
    19607 : F7C1;
    19608 : F7D0;
    19609 : F800;
    19610 : F86B;
    19611 : F93B;
    19612 : FA63;
    19613 : FBA8;
    19614 : FCDD;
    19615 : FE11;
    19616 : FF70;
    19617 : 00FE;
    19618 : 028B;
    19619 : 03E3;
    19620 : 0501;
    19621 : 0600;
    19622 : 06EE;
    19623 : 07B1;
    19624 : 0824;
    19625 : 0841;
    19626 : 0821;
    19627 : 07D6;
    19628 : 0763;
    19629 : 06CD;
    19630 : 0626;
    19631 : 0564;
    19632 : 046E;
    19633 : 034F;
    19634 : 0236;
    19635 : 0124;
    19636 : FFE1;
    19637 : FE66;
    19638 : FD03;
    19639 : FBFC;
    19640 : FB38;
    19641 : FA89;
    19642 : FA01;
    19643 : F9CC;
    19644 : F9D3;
    19645 : F9DC;
    19646 : F9E4;
    19647 : FA2C;
    19648 : FACD;
    19649 : FB85;
    19650 : FBF3;
    19651 : FC00;
    19652 : FBDF;
    19653 : FBB8;
    19654 : FB74;
    19655 : FAE8;
    19656 : FA11;
    19657 : F905;
    19658 : F7D8;
    19659 : F69A;
    19660 : F553;
    19661 : F401;
    19662 : F2A0;
    19663 : F14D;
    19664 : F03E;
    19665 : EF90;
    19666 : EF35;
    19667 : EF0D;
    19668 : EF12;
    19669 : EF66;
    19670 : F01F;
    19671 : F11B;
    19672 : F216;
    19673 : F30F;
    19674 : F454;
    19675 : F601;
    19676 : F7C7;
    19677 : F956;
    19678 : FAC0;
    19679 : FC23;
    19680 : FD69;
    19681 : FE85;
    19682 : FF9A;
    19683 : 00B1;
    19684 : 019B;
    19685 : 024B;
    19686 : 02E2;
    19687 : 035B;
    19688 : 0391;
    19689 : 0391;
    19690 : 0383;
    19691 : 0350;
    19692 : 02D7;
    19693 : 0250;
    19694 : 01F4;
    19695 : 0194;
    19696 : 0103;
    19697 : 0094;
    19698 : 009C;
    19699 : 00EE;
    19700 : 013F;
    19701 : 01C1;
    19702 : 02B8;
    19703 : 03E8;
    19704 : 04F1;
    19705 : 05E3;
    19706 : 06F1;
    19707 : 07F7;
    19708 : 08BA;
    19709 : 094F;
    19710 : 09DB;
    19711 : 0A3C;
    19712 : 0A3F;
    19713 : 09F0;
    19714 : 0983;
    19715 : 0901;
    19716 : 0853;
    19717 : 076D;
    19718 : 0659;
    19719 : 0527;
    19720 : 03DE;
    19721 : 0283;
    19722 : 011C;
    19723 : FFAD;
    19724 : FE3D;
    19725 : FCCC;
    19726 : FB58;
    19727 : F9F0;
    19728 : F8B8;
    19729 : F7D3;
    19730 : F737;
    19731 : F6BF;
    19732 : F65A;
    19733 : F625;
    19734 : F63E;
    19735 : F68E;
    19736 : F6EB;
    19737 : F74B;
    19738 : F7B7;
    19739 : F81E;
    19740 : F864;
    19741 : F87E;
    19742 : F867;
    19743 : F821;
    19744 : F7D6;
    19745 : F7C6;
    19746 : F7EE;
    19747 : F7F2;
    19748 : F792;
    19749 : F6F6;
    19750 : F667;
    19751 : F5F4;
    19752 : F593;
    19753 : F550;
    19754 : F543;
    19755 : F57E;
    19756 : F617;
    19757 : F713;
    19758 : F848;
    19759 : F982;
    19760 : FABF;
    19761 : FC10;
    19762 : FD62;
    19763 : FE9D;
    19764 : FFD9;
    19765 : 012F;
    19766 : 027F;
    19767 : 03A1;
    19768 : 04AD;
    19769 : 05D1;
    19770 : 06F0;
    19771 : 07CB;
    19772 : 085D;
    19773 : 08D6;
    19774 : 0943;
    19775 : 0985;
    19776 : 0989;
    19777 : 0955;
    19778 : 08F2;
    19779 : 086B;
    19780 : 07D0;
    19781 : 071E;
    19782 : 0647;
    19783 : 0553;
    19784 : 0473;
    19785 : 03D6;
    19786 : 0380;
    19787 : 0357;
    19788 : 0344;
    19789 : 0346;
    19790 : 0370;
    19791 : 03CB;
    19792 : 043D;
    19793 : 0497;
    19794 : 04D1;
    19795 : 0507;
    19796 : 053B;
    19797 : 0553;
    19798 : 0545;
    19799 : 051D;
    19800 : 04DD;
    19801 : 0479;
    19802 : 03EC;
    19803 : 0330;
    19804 : 0236;
    19805 : 0117;
    19806 : 0005;
    19807 : FEFC;
    19808 : FDBE;
    19809 : FC4B;
    19810 : FB03;
    19811 : FA1A;
    19812 : F94E;
    19813 : F86A;
    19814 : F7A1;
    19815 : F742;
    19816 : F749;
    19817 : F77E;
    19818 : F7CB;
    19819 : F838;
    19820 : F8DB;
    19821 : F9C9;
    19822 : FAF9;
    19823 : FC40;
    19824 : FD7D;
    19825 : FEB7;
    19826 : FFF6;
    19827 : 011D;
    19828 : 0217;
    19829 : 02EE;
    19830 : 03A9;
    19831 : 043E;
    19832 : 04AE;
    19833 : 04F7;
    19834 : 04FC;
    19835 : 04B1;
    19836 : 0456;
    19837 : 0432;
    19838 : 0436;
    19839 : 041C;
    19840 : 03D4;
    19841 : 0397;
    19842 : 039A;
    19843 : 03D3;
    19844 : 0415;
    19845 : 0449;
    19846 : 0480;
    19847 : 04E5;
    19848 : 058D;
    19849 : 0661;
    19850 : 0739;
    19851 : 07F7;
    19852 : 0897;
    19853 : 092E;
    19854 : 09D7;
    19855 : 0A8C;
    19856 : 0B1F;
    19857 : 0B6E;
    19858 : 0B82;
    19859 : 0B7C;
    19860 : 0B6B;
    19861 : 0B4A;
    19862 : 0AF4;
    19863 : 0A37;
    19864 : 0917;
    19865 : 07E4;
    19866 : 06D3;
    19867 : 05B9;
    19868 : 046A;
    19869 : 031E;
    19870 : 0218;
    19871 : 0132;
    19872 : 0024;
    19873 : FEEE;
    19874 : FDBB;
    19875 : FC8D;
    19876 : FB69;
    19877 : FA8C;
    19878 : FA14;
    19879 : F9DD;
    19880 : F9C2;
    19881 : F9DB;
    19882 : FA31;
    19883 : FAA0;
    19884 : FB07;
    19885 : FB6A;
    19886 : FBBA;
    19887 : FBCA;
    19888 : FB8C;
    19889 : FB1D;
    19890 : FAAE;
    19891 : FA6B;
    19892 : FA5F;
    19893 : FA5F;
    19894 : FA32;
    19895 : F9E3;
    19896 : F9A6;
    19897 : F986;
    19898 : F95C;
    19899 : F933;
    19900 : F94E;
    19901 : F9C9;
    19902 : FA81;
    19903 : FB59;
    19904 : FC5C;
    19905 : FD99;
    19906 : FF07;
    19907 : 0097;
    19908 : 0240;
    19909 : 03FE;
    19910 : 05CF;
    19911 : 0795;
    19912 : 091E;
    19913 : 0A52;
    19914 : 0B65;
    19915 : 0C8E;
    19916 : 0DAA;
    19917 : 0E6C;
    19918 : 0ECC;
    19919 : 0F02;
    19920 : 0F17;
    19921 : 0EE1;
    19922 : 0E5D;
    19923 : 0DB0;
    19924 : 0CD3;
    19925 : 0BA0;
    19926 : 0A3A;
    19927 : 0906;
    19928 : 082B;
    19929 : 076E;
    19930 : 06A9;
    19931 : 05F9;
    19932 : 0572;
    19933 : 04F2;
    19934 : 0469;
    19935 : 0401;
    19936 : 03E8;
    19937 : 0412;
    19938 : 0457;
    19939 : 04A0;
    19940 : 04EB;
    19941 : 053A;
    19942 : 0584;
    19943 : 05A8;
    19944 : 0583;
    19945 : 0526;
    19946 : 04B5;
    19947 : 0424;
    19948 : 0335;
    19949 : 01DD;
    19950 : 0068;
    19951 : FF14;
    19952 : FDC7;
    19953 : FC44;
    19954 : FA8C;
    19955 : F8CF;
    19956 : F727;
    19957 : F590;
    19958 : F410;
    19959 : F2C8;
    19960 : F1D7;
    19961 : F142;
    19962 : F110;
    19963 : F158;
    19964 : F222;
    19965 : F348;
    19966 : F498;
    19967 : F60F;
    19968 : F7CC;
    19969 : F9D8;
    19970 : FC11;
    19971 : FE53;
    19972 : 0086;
    19973 : 029C;
    19974 : 048D;
    19975 : 0663;
    19976 : 081C;
    19977 : 09AD;
    19978 : 0B0E;
    19979 : 0C39;
    19980 : 0D17;
    19981 : 0DA5;
    19982 : 0E0E;
    19983 : 0E6E;
    19984 : 0E98;
    19985 : 0E5A;
    19986 : 0DD7;
    19987 : 0D5B;
    19988 : 0CF3;
    19989 : 0C8E;
    19990 : 0C47;
    19991 : 0C42;
    19992 : 0C5C;
    19993 : 0C6B;
    19994 : 0C97;
    19995 : 0D17;
    19996 : 0DCA;
    19997 : 0E5F;
    19998 : 0ECF;
    19999 : 0F57;
    20000 : 1014;
    20001 : 10E5;
    20002 : 1194;
    20003 : 11FC;
    20004 : 1213;
    20005 : 11F3;
    20006 : 11B6;
    20007 : 1147;
    20008 : 1070;
    20009 : 0F24;
    20010 : 0D9A;
    20011 : 0C0A;
    20012 : 0A73;
    20013 : 08BC;
    20014 : 06EB;
    20015 : 0526;
    20016 : 038A;
    20017 : 0211;
    20018 : 00A6;
    20019 : FF32;
    20020 : FDB4;
    20021 : FC4A;
    20022 : FB26;
    20023 : FA5A;
    20024 : F9B9;
    20025 : F915;
    20026 : F889;
    20027 : F85A;
    20028 : F88D;
    20029 : F8D4;
    20030 : F8EB;
    20031 : F8DC;
    20032 : F8DE;
    20033 : F903;
    20034 : F928;
    20035 : F922;
    20036 : F8EE;
    20037 : F8B3;
    20038 : F898;
    20039 : F899;
    20040 : F891;
    20041 : F85B;
    20042 : F7E5;
    20043 : F737;
    20044 : F68B;
    20045 : F62C;
    20046 : F637;
    20047 : F682;
    20048 : F6E8;
    20049 : F790;
    20050 : F8B4;
    20051 : FA51;
    20052 : FC20;
    20053 : FDE8;
    20054 : FFBA;
    20055 : 01C9;
    20056 : 041F;
    20057 : 0681;
    20058 : 08A5;
    20059 : 0A72;
    20060 : 0C04;
    20061 : 0D82;
    20062 : 0EFA;
    20063 : 104E;
    20064 : 1142;
    20065 : 11AC;
    20066 : 11A6;
    20067 : 1165;
    20068 : 10F3;
    20069 : 1029;
    20070 : 0EFA;
    20071 : 0D7F;
    20072 : 0BD3;
    20073 : 0A11;
    20074 : 086B;
    20075 : 0702;
    20076 : 05B7;
    20077 : 045E;
    20078 : 0306;
    20079 : 01DF;
    20080 : 00F8;
    20081 : 0042;
    20082 : FFBF;
    20083 : FF81;
    20084 : FF85;
    20085 : FFC0;
    20086 : 002C;
    20087 : 00BC;
    20088 : 0144;
    20089 : 01A0;
    20090 : 01D6;
    20091 : 0201;
    20092 : 022B;
    20093 : 0235;
    20094 : 0203;
    20095 : 019E;
    20096 : 0122;
    20097 : 0089;
    20098 : FFB7;
    20099 : FEB5;
    20100 : FDA4;
    20101 : FC82;
    20102 : FB3A;
    20103 : F9ED;
    20104 : F8DA;
    20105 : F7FC;
    20106 : F71A;
    20107 : F637;
    20108 : F5A3;
    20109 : F585;
    20110 : F5BC;
    20111 : F622;
    20112 : F6BC;
    20113 : F792;
    20114 : F8A3;
    20115 : F9ED;
    20116 : FB5D;
    20117 : FCD4;
    20118 : FE46;
    20119 : FFBC;
    20120 : 012A;
    20121 : 0275;
    20122 : 0397;
    20123 : 0493;
    20124 : 0553;
    20125 : 05D2;
    20126 : 0643;
    20127 : 06C5;
    20128 : 0724;
    20129 : 0734;
    20130 : 071E;
    20131 : 0723;
    20132 : 0733;
    20133 : 070F;
    20134 : 06BB;
    20135 : 0679;
    20136 : 0678;
    20137 : 06A8;
    20138 : 06E3;
    20139 : 0719;
    20140 : 075A;
    20141 : 07BB;
    20142 : 083A;
    20143 : 08BA;
    20144 : 0926;
    20145 : 097C;
    20146 : 09C2;
    20147 : 09FB;
    20148 : 0A25;
    20149 : 0A34;
    20150 : 0A16;
    20151 : 09BE;
    20152 : 0923;
    20153 : 0841;
    20154 : 071C;
    20155 : 05C8;
    20156 : 045B;
    20157 : 02E6;
    20158 : 0181;
    20159 : 0045;
    20160 : FF26;
    20161 : FE06;
    20162 : FCEC;
    20163 : FBF7;
    20164 : FB2A;
    20165 : FA69;
    20166 : F9C6;
    20167 : F96E;
    20168 : F969;
    20169 : F98F;
    20170 : F9CC;
    20171 : FA36;
    20172 : FADA;
    20173 : FBAA;
    20174 : FC8F;
    20175 : FD6F;
    20176 : FE3B;
    20177 : FEF4;
    20178 : FF88;
    20179 : FFC7;
    20180 : FFA6;
    20181 : FF60;
    20182 : FF23;
    20183 : FED4;
    20184 : FE65;
    20185 : FE09;
    20186 : FDD2;
    20187 : FD6C;
    20188 : FC9F;
    20189 : FBB7;
    20190 : FB11;
    20191 : FA97;
    20192 : FA1F;
    20193 : F9E0;
    20194 : FA1F;
    20195 : FAC9;
    20196 : FBA3;
    20197 : FCAA;
    20198 : FDED;
    20199 : FF5B;
    20200 : 00E6;
    20201 : 0295;
    20202 : 045A;
    20203 : 060C;
    20204 : 07A3;
    20205 : 092F;
    20206 : 0AAB;
    20207 : 0C03;
    20208 : 0D3D;
    20209 : 0E55;
    20210 : 0F0D;
    20211 : 0F3B;
    20212 : 0F08;
    20213 : 0EAC;
    20214 : 0E16;
    20215 : 0D22;
    20216 : 0BEC;
    20217 : 0AAA;
    20218 : 0962;
    20219 : 080B;
    20220 : 06BE;
    20221 : 0588;
    20222 : 043F;
    20223 : 02CC;
    20224 : 0166;
    20225 : 004C;
    20226 : FF77;
    20227 : FECE;
    20228 : FE5F;
    20229 : FE38;
    20230 : FE45;
    20231 : FE6E;
    20232 : FEAF;
    20233 : FEFD;
    20234 : FF38;
    20235 : FF59;
    20236 : FF66;
    20237 : FF4E;
    20238 : FEFC;
    20239 : FE86;
    20240 : FE04;
    20241 : FD62;
    20242 : FC8E;
    20243 : FBAD;
    20244 : FADD;
    20245 : F9F3;
    20246 : F8C3;
    20247 : F773;
    20248 : F647;
    20249 : F543;
    20250 : F44E;
    20251 : F387;
    20252 : F324;
    20253 : F332;
    20254 : F395;
    20255 : F437;
    20256 : F50C;
    20257 : F5FF;
    20258 : F708;
    20259 : F836;
    20260 : F98E;
    20261 : FB00;
    20262 : FC7C;
    20263 : FE04;
    20264 : FF9D;
    20265 : 0142;
    20266 : 02DA;
    20267 : 043E;
    20268 : 0553;
    20269 : 062B;
    20270 : 06F2;
    20271 : 07AB;
    20272 : 0829;
    20273 : 084D;
    20274 : 0833;
    20275 : 0803;
    20276 : 07C9;
    20277 : 0776;
    20278 : 0708;
    20279 : 0691;
    20280 : 0627;
    20281 : 05E9;
    20282 : 05EF;
    20283 : 063F;
    20284 : 06C3;
    20285 : 075B;
    20286 : 07FF;
    20287 : 08B7;
    20288 : 0986;
    20289 : 0A6C;
    20290 : 0B65;
    20291 : 0C5D;
    20292 : 0D3D;
    20293 : 0DFE;
    20294 : 0EAA;
    20295 : 0F36;
    20296 : 0F80;
    20297 : 0F81;
    20298 : 0F57;
    20299 : 0F08;
    20300 : 0E70;
    20301 : 0D6D;
    20302 : 0C07;
    20303 : 0A64;
    20304 : 089F;
    20305 : 06CC;
    20306 : 04F1;
    20307 : 0311;
    20308 : 0144;
    20309 : FFAC;
    20310 : FE44;
    20311 : FCE4;
    20312 : FB85;
    20313 : FA53;
    20314 : F957;
    20315 : F86C;
    20316 : F78F;
    20317 : F6FD;
    20318 : F6CB;
    20319 : F6CC;
    20320 : F6DC;
    20321 : F70A;
    20322 : F75A;
    20323 : F7AF;
    20324 : F7F9;
    20325 : F846;
    20326 : F88E;
    20327 : F8B1;
    20328 : F8A0;
    20329 : F861;
    20330 : F802;
    20331 : F7A5;
    20332 : F76D;
    20333 : F74F;
    20334 : F719;
    20335 : F6B7;
    20336 : F647;
    20337 : F5D7;
    20338 : F55C;
    20339 : F4EC;
    20340 : F4C4;
    20341 : F50B;
    20342 : F5B8;
    20343 : F6B1;
    20344 : F7E1;
    20345 : F92C;
    20346 : FA7C;
    20347 : FBC8;
    20348 : FD17;
    20349 : FE79;
    20350 : 0000;
    20351 : 01B2;
    20352 : 0377;
    20353 : 0533;
    20354 : 06D5;
    20355 : 084B;
    20356 : 097D;
    20357 : 0A64;
    20358 : 0B07;
    20359 : 0B5C;
    20360 : 0B56;
    20361 : 0B03;
    20362 : 0A87;
    20363 : 09EE;
    20364 : 092E;
    20365 : 085A;
    20366 : 0799;
    20367 : 06F5;
    20368 : 0651;
    20369 : 0595;
    20370 : 04CF;
    20371 : 041D;
    20372 : 0383;
    20373 : 02E1;
    20374 : 0234;
    20375 : 01BC;
    20376 : 01B3;
    20377 : 01F0;
    20378 : 021E;
    20379 : 023B;
    20380 : 0286;
    20381 : 02F1;
    20382 : 031C;
    20383 : 02EB;
    20384 : 02A8;
    20385 : 0276;
    20386 : 021D;
    20387 : 0173;
    20388 : 0099;
    20389 : FFB6;
    20390 : FEC7;
    20391 : FDBE;
    20392 : FC8F;
    20393 : FB23;
    20394 : F983;
    20395 : F7E3;
    20396 : F66E;
    20397 : F51D;
    20398 : F3EF;
    20399 : F301;
    20400 : F258;
    20401 : F1E0;
    20402 : F1AB;
    20403 : F1E4;
    20404 : F279;
    20405 : F325;
    20406 : F3E5;
    20407 : F4F6;
    20408 : F65E;
    20409 : F7DD;
    20410 : F94A;
    20411 : FAB0;
    20412 : FC05;
    20413 : FD17;
    20414 : FDE1;
    20415 : FE92;
    20416 : FF4C;
    20417 : 0000;
    20418 : 0095;
    20419 : 0106;
    20420 : 015E;
    20421 : 01A3;
    20422 : 01CE;
    20423 : 01D2;
    20424 : 01AD;
    20425 : 0179;
    20426 : 0150;
    20427 : 0132;
    20428 : 0116;
    20429 : 0107;
    20430 : 010C;
    20431 : 0115;
    20432 : 0116;
    20433 : 012D;
    20434 : 0178;
    20435 : 01F0;
    20436 : 027E;
    20437 : 032B;
    20438 : 03FB;
    20439 : 04C4;
    20440 : 0558;
    20441 : 05C6;
    20442 : 0643;
    20443 : 06CE;
    20444 : 072D;
    20445 : 073C;
    20446 : 070D;
    20447 : 06A9;
    20448 : 05F0;
    20449 : 04C4;
    20450 : 033F;
    20451 : 019C;
    20452 : 0000;
    20453 : FE69;
    20454 : FCD4;
    20455 : FB4D;
    20456 : F9DB;
    20457 : F871;
    20458 : F703;
    20459 : F5AF;
    20460 : F49F;
    20461 : F3D9;
    20462 : F343;
    20463 : F2D4;
    20464 : F29A;
    20465 : F294;
    20466 : F2AD;
    20467 : F2E0;
    20468 : F330;
    20469 : F37C;
    20470 : F399;
    20471 : F396;
    20472 : F3AA;
    20473 : F3D7;
    20474 : F3D9;
    20475 : F381;
    20476 : F300;
    20477 : F2B5;
    20478 : F2CC;
    20479 : F316;
    20480 : F339;
    20481 : F30A;
    20482 : F2BD;
    20483 : F29F;
    20484 : F2AB;
    20485 : F29D;
    20486 : F27B;
    20487 : F2AC;
    20488 : F378;
    20489 : F4AA;
    20490 : F5F0;
    20491 : F73D;
    20492 : F8B1;
    20493 : FA4D;
    20494 : FBED;
    20495 : FD7F;
    20496 : FF05;
    20497 : 0084;
    20498 : 01F9;
    20499 : 0360;
    20500 : 04B0;
    20501 : 05E0;
    20502 : 06E3;
    20503 : 0792;
    20504 : 07C9;
    20505 : 0793;
    20506 : 0725;
    20507 : 0694;
    20508 : 05C8;
    20509 : 04BE;
    20510 : 0396;
    20511 : 0263;
    20512 : 011F;
    20513 : FFDA;
    20514 : FEB9;
    20515 : FDAD;
    20516 : FC95;
    20517 : FB90;
    20518 : FADC;
    20519 : FA64;
    20520 : F9E3;
    20521 : F964;
    20522 : F934;
    20523 : F953;
    20524 : F972;
    20525 : F97C;
    20526 : F9AB;
    20527 : FA04;
    20528 : FA3A;
    20529 : FA20;
    20530 : F9E7;
    20531 : F9C1;
    20532 : F9A0;
    20533 : F952;
    20534 : F8B8;
    20535 : F7D1;
    20536 : F6BC;
    20537 : F599;
    20538 : F464;
    20539 : F2F6;
    20540 : F147;
    20541 : EF90;
    20542 : EE1C;
    20543 : ED0A;
    20544 : EC48;
    20545 : EBB7;
    20546 : EB61;
    20547 : EB76;
    20548 : EC14;
    20549 : ED0F;
    20550 : EE2E;
    20551 : EF7D;
    20552 : F12B;
    20553 : F322;
    20554 : F516;
    20555 : F6F0;
    20556 : F8D6;
    20557 : FAD9;
    20558 : FCDC;
    20559 : FEC3;
    20560 : 0078;
    20561 : 01E8;
    20562 : 0324;
    20563 : 0455;
    20564 : 056D;
    20565 : 0622;
    20566 : 0657;
    20567 : 064A;
    20568 : 0634;
    20569 : 0617;
    20570 : 05EF;
    20571 : 05D4;
    20572 : 05BB;
    20573 : 0582;
    20574 : 0535;
    20575 : 0505;
    20576 : 04F9;
    20577 : 04FA;
    20578 : 0512;
    20579 : 0563;
    20580 : 05EB;
    20581 : 068F;
    20582 : 0743;
    20583 : 07FE;
    20584 : 08B7;
    20585 : 097B;
    20586 : 0A59;
    20587 : 0B2C;
    20588 : 0BBC;
    20589 : 0C07;
    20590 : 0C24;
    20591 : 0BF7;
    20592 : 0B50;
    20593 : 0A3F;
    20594 : 08FB;
    20595 : 0787;
    20596 : 05C5;
    20597 : 03D0;
    20598 : 01E7;
    20599 : 001A;
    20600 : FE5B;
    20601 : FCB8;
    20602 : FB49;
    20603 : F9FE;
    20604 : F8B0;
    20605 : F767;
    20606 : F642;
    20607 : F54C;
    20608 : F472;
    20609 : F3B2;
    20610 : F328;
    20611 : F2F1;
    20612 : F306;
    20613 : F33A;
    20614 : F363;
    20615 : F37D;
    20616 : F3A6;
    20617 : F3E7;
    20618 : F42E;
    20619 : F45F;
    20620 : F45F;
    20621 : F41E;
    20622 : F3B5;
    20623 : F36A;
    20624 : F35F;
    20625 : F361;
    20626 : F332;
    20627 : F2E2;
    20628 : F2B1;
    20629 : F2AB;
    20630 : F2AD;
    20631 : F2AF;
    20632 : F2D9;
    20633 : F34A;
    20634 : F40B;
    20635 : F52B;
    20636 : F6B6;
    20637 : F897;
    20638 : FAA5;
    20639 : FCCB;
    20640 : FF07;
    20641 : 014D;
    20642 : 0387;
    20643 : 05B3;
    20644 : 07BD;
    20645 : 0970;
    20646 : 0AA4;
    20647 : 0B79;
    20648 : 0C2F;
    20649 : 0CC3;
    20650 : 0CF5;
    20651 : 0CA9;
    20652 : 0C04;
    20653 : 0B36;
    20654 : 0A4E;
    20655 : 0952;
    20656 : 0849;
    20657 : 0726;
    20658 : 05D4;
    20659 : 045B;
    20660 : 02E7;
    20661 : 0196;
    20662 : 0066;
    20663 : FF53;
    20664 : FE66;
    20665 : FDA7;
    20666 : FD21;
    20667 : FCDE;
    20668 : FCD2;
    20669 : FCDD;
    20670 : FCF9;
    20671 : FD4E;
    20672 : FDF2;
    20673 : FEB5;
    20674 : FF4F;
    20675 : FFB4;
    20676 : 0003;
    20677 : 004A;
    20678 : 006F;
    20679 : 0054;
    20680 : FFFD;
    20681 : FF7E;
    20682 : FEE4;
    20683 : FE24;
    20684 : FD24;
    20685 : FBDE;
    20686 : FA6F;
    20687 : F8FC;
    20688 : F79A;
    20689 : F65A;
    20690 : F559;
    20691 : F4AE;
    20692 : F44D;
    20693 : F418;
    20694 : F40E;
    20695 : F448;
    20696 : F4D2;
    20697 : F599;
    20698 : F691;
    20699 : F7CD;
    20700 : F952;
    20701 : FAFB;
    20702 : FC97;
    20703 : FE22;
    20704 : FFAB;
    20705 : 0126;
    20706 : 0273;
    20707 : 038D;
    20708 : 0489;
    20709 : 0565;
    20710 : 0613;
    20711 : 0698;
    20712 : 070A;
    20713 : 0769;
    20714 : 07A4;
    20715 : 07BE;
    20716 : 07BF;
    20717 : 0797;
    20718 : 0731;
    20719 : 06A2;
    20720 : 061F;
    20721 : 05CD;
    20722 : 05B0;
    20723 : 05BE;
    20724 : 05E5;
    20725 : 0612;
    20726 : 064A;
    20727 : 069F;
    20728 : 0707;
    20729 : 075E;
    20730 : 0794;
    20731 : 07C2;
    20732 : 0802;
    20733 : 084B;
    20734 : 0878;
    20735 : 0865;
    20736 : 080A;
    20737 : 0780;
    20738 : 06E1;
    20739 : 062B;
    20740 : 054D;
    20741 : 0448;
    20742 : 032D;
    20743 : 01F8;
    20744 : 009F;
    20745 : FF41;
    20746 : FE14;
    20747 : FD33;
    20748 : FC8A;
    20749 : FBFB;
    20750 : FB76;
    20751 : FB09;
    20752 : FAD3;
    20753 : FAD9;
    20754 : FAF7;
    20755 : FB13;
    20756 : FB52;
    20757 : FBD1;
    20758 : FC63;
    20759 : FCCD;
    20760 : FD25;
    20761 : FDA3;
    20762 : FE31;
    20763 : FE91;
    20764 : FEC1;
    20765 : FEE1;
    20766 : FEE4;
    20767 : FEA6;
    20768 : FE2F;
    20769 : FDAB;
    20770 : FD38;
    20771 : FCEC;
    20772 : FCC9;
    20773 : FCA5;
    20774 : FC4D;
    20775 : FBD5;
    20776 : FB73;
    20777 : FB2A;
    20778 : FAE7;
    20779 : FADB;
    20780 : FB46;
    20781 : FC14;
    20782 : FD04;
    20783 : FE1C;
    20784 : FF7F;
    20785 : 0106;
    20786 : 0279;
    20787 : 03EE;
    20788 : 0592;
    20789 : 0750;
    20790 : 08F8;
    20791 : 0A85;
    20792 : 0BF8;
    20793 : 0D2E;
    20794 : 0E17;
    20795 : 0EC8;
    20796 : 0F39;
    20797 : 0F42;
    20798 : 0EE4;
    20799 : 0E47;
    20800 : 0D73;
    20801 : 0C58;
    20802 : 0B11;
    20803 : 09CD;
    20804 : 087E;
    20805 : 070C;
    20806 : 05A8;
    20807 : 048B;
    20808 : 039B;
    20809 : 029A;
    20810 : 019A;
    20811 : 00D7;
    20812 : 0057;
    20813 : FFF2;
    20814 : FFA1;
    20815 : FF77;
    20816 : FF6A;
    20817 : FF68;
    20818 : FF79;
    20819 : FFAB;
    20820 : FFE6;
    20821 : 000C;
    20822 : 0025;
    20823 : 0046;
    20824 : 005D;
    20825 : 0042;
    20826 : FFE4;
    20827 : FF52;
    20828 : FEA5;
    20829 : FDE4;
    20830 : FD0A;
    20831 : FC13;
    20832 : FB05;
    20833 : F9F7;
    20834 : F908;
    20835 : F84D;
    20836 : F7C5;
    20837 : F76C;
    20838 : F73F;
    20839 : F740;
    20840 : F770;
    20841 : F7D4;
    20842 : F879;
    20843 : F962;
    20844 : FA7D;
    20845 : FBC5;
    20846 : FD4E;
    20847 : FF19;
    20848 : 00FB;
    20849 : 02C1;
    20850 : 045E;
    20851 : 05E0;
    20852 : 073F;
    20853 : 085B;
    20854 : 092A;
    20855 : 09C0;
    20856 : 0A35;
    20857 : 0A90;
    20858 : 0ACB;
    20859 : 0AE1;
    20860 : 0ADB;
    20861 : 0ACB;
    20862 : 0AB7;
    20863 : 0A9C;
    20864 : 0A82;
    20865 : 0A72;
    20866 : 0A65;
    20867 : 0A51;
    20868 : 0A48;
    20869 : 0A6A;
    20870 : 0AB9;
    20871 : 0B1F;
    20872 : 0B9B;
    20873 : 0C41;
    20874 : 0D0D;
    20875 : 0DE6;
    20876 : 0EBB;
    20877 : 0F8E;
    20878 : 1062;
    20879 : 1136;
    20880 : 11ED;
    20881 : 124E;
    20882 : 1236;
    20883 : 11C2;
    20884 : 1127;
    20885 : 105F;
    20886 : 0F47;
    20887 : 0DDF;
    20888 : 0C47;
    20889 : 0A80;
    20890 : 0889;
    20891 : 0691;
    20892 : 04C5;
    20893 : 031C;
    20894 : 0188;
    20895 : 002A;
    20896 : FF1E;
    20897 : FE3B;
    20898 : FD52;
    20899 : FC7B;
    20900 : FBDE;
    20901 : FB6F;
    20902 : FB0E;
    20903 : FACB;
    20904 : FAC6;
    20905 : FAFC;
    20906 : FB4F;
    20907 : FBB1;
    20908 : FC12;
    20909 : FC54;
    20910 : FC6B;
    20911 : FC71;
    20912 : FC83;
    20913 : FC94;
    20914 : FC7E;
    20915 : FC31;
    20916 : FBD3;
    20917 : FB97;
    20918 : FB90;
    20919 : FB99;
    20920 : FB73;
    20921 : FB00;
    20922 : FA56;
    20923 : F9B1;
    20924 : F93D;
    20925 : F8FF;
    20926 : F8F8;
    20927 : F93D;
    20928 : F9E4;
    20929 : FACE;
    20930 : FBCE;
    20931 : FCF0;
    20932 : FE64;
    20933 : 0029;
    20934 : 0207;
    20935 : 03D8;
    20936 : 05A5;
    20937 : 0772;
    20938 : 091A;
    20939 : 0A73;
    20940 : 0B76;
    20941 : 0C33;
    20942 : 0CC4;
    20943 : 0D33;
    20944 : 0D71;
    20945 : 0D6E;
    20946 : 0D32;
    20947 : 0CD3;
    20948 : 0C51;
    20949 : 0BA4;
    20950 : 0AD7;
    20951 : 0A04;
    20952 : 092E;
    20953 : 084D;
    20954 : 076B;
    20955 : 068A;
    20956 : 0592;
    20957 : 0486;
    20958 : 039D;
    20959 : 0308;
    20960 : 02B8;
    20961 : 0280;
    20962 : 0254;
    20963 : 024C;
    20964 : 0272;
    20965 : 02A9;
    20966 : 02BF;
    20967 : 02A4;
    20968 : 027F;
    20969 : 0282;
    20970 : 02A4;
    20971 : 02A5;
    20972 : 0258;
    20973 : 01C0;
    20974 : 00E4;
    20975 : FFC9;
    20976 : FE8B;
    20977 : FD49;
    20978 : FBF9;
    20979 : FA7A;
    20980 : F8E4;
    20981 : F77C;
    20982 : F661;
    20983 : F57E;
    20984 : F4BD;
    20985 : F437;
    20986 : F40C;
    20987 : F43E;
    20988 : F4B0;
    20989 : F541;
    20990 : F5F3;
    20991 : F6E2;
    20992 : F818;
    20993 : F96C;
    20994 : FAAC;
    20995 : FBDB;
    20996 : FD1F;
    20997 : FE83;
    20998 : FFD6;
    20999 : 00EA;
    21000 : 01C6;
    21001 : 028F;
    21002 : 0357;
    21003 : 040B;
    21004 : 0492;
    21005 : 04ED;
    21006 : 0524;
    21007 : 0535;
    21008 : 0529;
    21009 : 0518;
    21010 : 0509;
    21011 : 04DA;
    21012 : 047A;
    21013 : 0411;
    21014 : 03D2;
    21015 : 03BB;
    21016 : 03B6;
    21017 : 03D6;
    21018 : 043D;
    21019 : 04E5;
    21020 : 05A9;
    21021 : 0675;
    21022 : 0746;
    21023 : 0811;
    21024 : 08D1;
    21025 : 0989;
    21026 : 0A34;
    21027 : 0ABC;
    21028 : 0B1D;
    21029 : 0B68;
    21030 : 0B8B;
    21031 : 0B54;
    21032 : 0AAF;
    21033 : 09B6;
    21034 : 0884;
    21035 : 0716;
    21036 : 056A;
    21037 : 039B;
    21038 : 01D9;
    21039 : 0044;
    21040 : FEE3;
    21041 : FDAC;
    21042 : FC9C;
    21043 : FBBB;
    21044 : FB09;
    21045 : FA6E;
    21046 : F9C8;
    21047 : F911;
    21048 : F86B;
    21049 : F7F9;
    21050 : F7C1;
    21051 : F7B5;
    21052 : F7CD;
    21053 : F804;
    21054 : F843;
    21055 : F86C;
    21056 : F885;
    21057 : F8B8;
    21058 : F90B;
    21059 : F94B;
    21060 : F946;
    21061 : F918;
    21062 : F8FC;
    21063 : F901;
    21064 : F90C;
    21065 : F90B;
    21066 : F905;
    21067 : F8F7;
    21068 : F8D4;
    21069 : F8A1;
    21070 : F86F;
    21071 : F851;
    21072 : F867;
    21073 : F8D7;
    21074 : F9A8;
    21075 : FAC1;
    21076 : FC16;
    21077 : FDB1;
    21078 : FF87;
    21079 : 0156;
    21080 : 02E4;
    21081 : 0439;
    21082 : 058E;
    21083 : 0703;
    21084 : 087B;
    21085 : 09C1;
    21086 : 0ABC;
    21087 : 0B76;
    21088 : 0BF4;
    21089 : 0C27;
    21090 : 0BFD;
    21091 : 0B7E;
    21092 : 0ACE;
    21093 : 0A0D;
    21094 : 093E;
    21095 : 0851;
    21096 : 073D;
    21097 : 0618;
    21098 : 04FC;
    21099 : 03F5;
    21100 : 02F6;
    21101 : 01ED;
    21102 : 00DA;
    21103 : FFD2;
    21104 : FEF1;
    21105 : FE3C;
    21106 : FD9C;
    21107 : FD03;
    21108 : FC8F;
    21109 : FC6D;
    21110 : FC9A;
    21111 : FCE7;
    21112 : FD2D;
    21113 : FD67;
    21114 : FD92;
    21115 : FD8E;
    21116 : FD31;
    21117 : FC76;
    21118 : FB89;
    21119 : FA95;
    21120 : F990;
    21121 : F841;
    21122 : F695;
    21123 : F4CD;
    21124 : F337;
    21125 : F1DF;
    21126 : F0A9;
    21127 : EFA4;
    21128 : EEF2;
    21129 : EE88;
    21130 : EE3B;
    21131 : EE13;
    21132 : EE4B;
    21133 : EEF9;
    21134 : EFF7;
    21135 : F12B;
    21136 : F2B2;
    21137 : F4A9;
    21138 : F6EC;
    21139 : F928;
    21140 : FB33;
    21141 : FD2C;
    21142 : FF44;
    21143 : 0173;
    21144 : 037D;
    21145 : 0531;
    21146 : 068F;
    21147 : 07AE;
    21148 : 089D;
    21149 : 0968;
    21150 : 0A0D;
    21151 : 0A6A;
    21152 : 0A66;
    21153 : 0A1F;
    21154 : 09D8;
    21155 : 09A8;
    21156 : 096F;
    21157 : 0913;
    21158 : 08A1;
    21159 : 0831;
    21160 : 07D8;
    21161 : 07AB;
    21162 : 07BD;
    21163 : 080D;
    21164 : 0882;
    21165 : 0908;
    21166 : 09A0;
    21167 : 0A53;
    21168 : 0B14;
    21169 : 0BC2;
    21170 : 0C47;
    21171 : 0CA3;
    21172 : 0CD3;
    21173 : 0CC4;
    21174 : 0C6E;
    21175 : 0BE3;
    21176 : 0B32;
    21177 : 0A4C;
    21178 : 0927;
    21179 : 07CF;
    21180 : 064C;
    21181 : 049B;
    21182 : 02C8;
    21183 : 00EE;
    21184 : FF15;
    21185 : FD35;
    21186 : FB5D;
    21187 : F9AC;
    21188 : F832;
    21189 : F6E9;
    21190 : F5D7;
    21191 : F4F8;
    21192 : F42E;
    21193 : F361;
    21194 : F2A9;
    21195 : F236;
    21196 : F20C;
    21197 : F211;
    21198 : F23D;
    21199 : F297;
    21200 : F317;
    21201 : F39A;
    21202 : F405;
    21203 : F460;
    21204 : F4B9;
    21205 : F4FE;
    21206 : F506;
    21207 : F4D3;
    21208 : F4A0;
    21209 : F4A4;
    21210 : F4D4;
    21211 : F507;
    21212 : F52D;
    21213 : F54D;
    21214 : F566;
    21215 : F576;
    21216 : F597;
    21217 : F5ED;
    21218 : F694;
    21219 : F79E;
    21220 : F8F8;
    21221 : FA6F;
    21222 : FBF3;
    21223 : FDB2;
    21224 : FFC2;
    21225 : 01E2;
    21226 : 03C0;
    21227 : 055B;
    21228 : 06DA;
    21229 : 082E;
    21230 : 0933;
    21231 : 09EE;
    21232 : 0A83;
    21233 : 0B03;
    21234 : 0B6C;
    21235 : 0BA5;
    21236 : 0B7A;
    21237 : 0AD1;
    21238 : 09E4;
    21239 : 08FD;
    21240 : 0813;
    21241 : 06F3;
    21242 : 05A2;
    21243 : 0452;
    21244 : 030E;
    21245 : 01C0;
    21246 : 006E;
    21247 : FF31;
    21248 : FE18;
    21249 : FD30;
    21250 : FC94;
    21251 : FC3B;
    21252 : FBF2;
    21253 : FBAA;
    21254 : FB92;
    21255 : FBC3;
    21256 : FC1A;
    21257 : FC6C;
    21258 : FCBF;
    21259 : FD28;
    21260 : FDA1;
    21261 : FE06;
    21262 : FE30;
    21263 : FE01;
    21264 : FD79;
    21265 : FCB9;
    21266 : FBEC;
    21267 : FB1D;
    21268 : FA37;
    21269 : F927;
    21270 : F7F7;
    21271 : F6BA;
    21272 : F57B;
    21273 : F44E;
    21274 : F35F;
    21275 : F2C1;
    21276 : F255;
    21277 : F1F9;
    21278 : F1C9;
    21279 : F1F1;
    21280 : F268;
    21281 : F308;
    21282 : F3D8;
    21283 : F4F7;
    21284 : F654;
    21285 : F7C5;
    21286 : F942;
    21287 : FAD4;
    21288 : FC67;
    21289 : FDE6;
    21290 : FF57;
    21291 : 00B2;
    21292 : 01D4;
    21293 : 02B8;
    21294 : 038C;
    21295 : 045C;
    21296 : 04FF;
    21297 : 0561;
    21298 : 059F;
    21299 : 05C7;
    21300 : 05C3;
    21301 : 0592;
    21302 : 0550;
    21303 : 050E;
    21304 : 04C5;
    21305 : 0473;
    21306 : 0425;
    21307 : 03E1;
    21308 : 03B2;
    21309 : 03A2;
    21310 : 03AB;
    21311 : 03C8;
    21312 : 03F7;
    21313 : 0427;
    21314 : 0435;
    21315 : 0423;
    21316 : 0426;
    21317 : 0453;
    21318 : 0478;
    21319 : 0469;
    21320 : 043D;
    21321 : 0410;
    21322 : 03CB;
    21323 : 0354;
    21324 : 02B0;
    21325 : 01EC;
    21326 : 0105;
    21327 : 0000;
    21328 : FEED;
    21329 : FDD7;
    21330 : FCCE;
    21331 : FBEF;
    21332 : FB48;
    21333 : FAC8;
    21334 : FA62;
    21335 : FA13;
    21336 : F9CE;
    21337 : F986;
    21338 : F94E;
    21339 : F937;
    21340 : F930;
    21341 : F92C;
    21342 : F94C;
    21343 : F9A6;
    21344 : FA16;
    21345 : FA75;
    21346 : FACC;
    21347 : FB1C;
    21348 : FB4B;
    21349 : FB61;
    21350 : FB94;
    21351 : FBEE;
    21352 : FC37;
    21353 : FC4D;
    21354 : FC4E;
    21355 : FC58;
    21356 : FC66;
    21357 : FC72;
    21358 : FC81;
    21359 : FC7F;
    21360 : FC5D;
    21361 : FC3D;
    21362 : FC4F;
    21363 : FC8A;
    21364 : FCC8;
    21365 : FD15;
    21366 : FDA9;
    21367 : FE9A;
    21368 : FFBF;
    21369 : 00E8;
    21370 : 0210;
    21371 : 034C;
    21372 : 04A6;
    21373 : 0614;
    21374 : 0784;
    21375 : 08D8;
    21376 : 09F2;
    21377 : 0AC9;
    21378 : 0B71;
    21379 : 0BF5;
    21380 : 0C43;
    21381 : 0C46;
    21382 : 0C0C;
    21383 : 0BA7;
    21384 : 0B10;
    21385 : 0A3E;
    21386 : 0943;
    21387 : 083C;
    21388 : 072D;
    21389 : 0615;
    21390 : 0506;
    21391 : 0412;
    21392 : 032A;
    21393 : 0230;
    21394 : 011A;
    21395 : FFFA;
    21396 : FEEE;
    21397 : FE12;
    21398 : FD69;
    21399 : FCDA;
    21400 : FC5A;
    21401 : FC05;
    21402 : FBF7;
    21403 : FC28;
    21404 : FC6F;
    21405 : FCAC;
    21406 : FCCC;
    21407 : FCD4;
    21408 : FCD2;
    21409 : FCCB;
    21410 : FCA7;
    21411 : FC59;
    21412 : FBFE;
    21413 : FBB4;
    21414 : FB6C;
    21415 : FB02;
    21416 : FA71;
    21417 : F9D7;
    21418 : F950;
    21419 : F8E2;
    21420 : F87D;
    21421 : F81A;
    21422 : F7CD;
    21423 : F7B8;
    21424 : F7DF;
    21425 : F831;
    21426 : F8B4;
    21427 : F986;
    21428 : FA9D;
    21429 : FBCA;
    21430 : FD00;
    21431 : FE53;
    21432 : FFBE;
    21433 : 0123;
    21434 : 0282;
    21435 : 03E3;
    21436 : 0524;
    21437 : 061A;
    21438 : 06D9;
    21439 : 0794;
    21440 : 084C;
    21441 : 08DC;
    21442 : 0942;
    21443 : 098E;
    21444 : 09C4;
    21445 : 09E4;
    21446 : 09F9;
    21447 : 09FF;
    21448 : 09E8;
    21449 : 09C2;
    21450 : 09B0;
    21451 : 09B0;
    21452 : 09AE;
    21453 : 09BA;
    21454 : 09EC;
    21455 : 0A2B;
    21456 : 0A58;
    21457 : 0A95;
    21458 : 0B10;
    21459 : 0BB1;
    21460 : 0C3C;
    21461 : 0CB4;
    21462 : 0D3E;
    21463 : 0DC4;
    21464 : 0DFF;
    21465 : 0DE6;
    21466 : 0DB4;
    21467 : 0D90;
    21468 : 0D51;
    21469 : 0CB8;
    21470 : 0BBB;
    21471 : 0A82;
    21472 : 092D;
    21473 : 07C0;
    21474 : 0637;
    21475 : 0497;
    21476 : 02EA;
    21477 : 0142;
    21478 : FFBF;
    21479 : FE74;
    21480 : FD52;
    21481 : FC41;
    21482 : FB4B;
    21483 : FA7D;
    21484 : F9C3;
    21485 : F90B;
    21486 : F875;
    21487 : F82A;
    21488 : F81A;
    21489 : F823;
    21490 : F84C;
    21491 : F8AA;
    21492 : F91F;
    21493 : F97D;
    21494 : F9C9;
    21495 : FA21;
    21496 : FA87;
    21497 : FAE7;
    21498 : FB34;
    21499 : FB6A;
    21500 : FB7F;
    21501 : FB82;
    21502 : FB9C;
    21503 : FBDD;
    21504 : FC27;
    21505 : FC4B;
    21506 : FC33;
    21507 : FBEB;
    21508 : FB91;
    21509 : FB44;
    21510 : FB1C;
    21511 : FB32;
    21512 : FBAA;
    21513 : FC8F;
    21514 : FDB7;
    21515 : FEFF;
    21516 : 006C;
    21517 : 0208;
    21518 : 03A8;
    21519 : 051B;
    21520 : 0667;
    21521 : 07AA;
    21522 : 08E9;
    21523 : 0A14;
    21524 : 0B33;
    21525 : 0C4B;
    21526 : 0D3E;
    21527 : 0DE9;
    21528 : 0E4A;
    21529 : 0E6C;
    21530 : 0E4A;
    21531 : 0DDD;
    21532 : 0D36;
    21533 : 0C6E;
    21534 : 0B9B;
    21535 : 0AC7;
    21536 : 09EC;
    21537 : 0903;
    21538 : 0813;
    21539 : 0728;
    21540 : 0634;
    21541 : 052B;
    21542 : 0421;
    21543 : 0341;
    21544 : 0297;
    21545 : 0219;
    21546 : 01C4;
    21547 : 019B;
    21548 : 018E;
    21549 : 0196;
    21550 : 01BF;
    21551 : 0204;
    21552 : 023B;
    21553 : 0248;
    21554 : 0235;
    21555 : 0203;
    21556 : 0199;
    21557 : 00F5;
    21558 : 0031;
    21559 : FF5E;
    21560 : FE69;
    21561 : FD43;
    21562 : FBF1;
    21563 : FA86;
    21564 : F925;
    21565 : F7FD;
    21566 : F725;
    21567 : F68A;
    21568 : F615;
    21569 : F5CB;
    21570 : F5AD;
    21571 : F5BB;
    21572 : F605;
    21573 : F6A8;
    21574 : F798;
    21575 : F8AF;
    21576 : F9D1;
    21577 : FAF8;
    21578 : FC1E;
    21579 : FD53;
    21580 : FEB6;
    21581 : 003D;
    21582 : 01AC;
    21583 : 02E7;
    21584 : 041D;
    21585 : 0566;
    21586 : 0689;
    21587 : 0751;
    21588 : 07D3;
    21589 : 0837;
    21590 : 086E;
    21591 : 0861;
    21592 : 0825;
    21593 : 07D7;
    21594 : 0771;
    21595 : 06EA;
    21596 : 065D;
    21597 : 05E9;
    21598 : 058C;
    21599 : 0535;
    21600 : 04E9;
    21601 : 04B9;
    21602 : 04B6;
    21603 : 04ED;
    21604 : 0568;
    21605 : 061B;
    21606 : 06E6;
    21607 : 07B7;
    21608 : 0890;
    21609 : 0966;
    21610 : 0A18;
    21611 : 0A7F;
    21612 : 0A96;
    21613 : 0A6D;
    21614 : 0A18;
    21615 : 099F;
    21616 : 08FD;
    21617 : 0827;
    21618 : 0710;
    21619 : 05C8;
    21620 : 0472;
    21621 : 031A;
    21622 : 01B2;
    21623 : 0040;
    21624 : FEEE;
    21625 : FDCE;
    21626 : FCB1;
    21627 : FB6D;
    21628 : FA1E;
    21629 : F900;
    21630 : F821;
    21631 : F767;
    21632 : F6CC;
    21633 : F658;
    21634 : F60E;
    21635 : F5F0;
    21636 : F60D;
    21637 : F664;
    21638 : F6CE;
    21639 : F72C;
    21640 : F78C;
    21641 : F808;
    21642 : F896;
    21643 : F910;
    21644 : F95C;
    21645 : F988;
    21646 : F9BA;
    21647 : FA12;
    21648 : FA85;
    21649 : FAEC;
    21650 : FB2D;
    21651 : FB58;
    21652 : FB85;
    21653 : FBAF;
    21654 : FBC7;
    21655 : FBD8;
    21656 : FC14;
    21657 : FCA7;
    21658 : FD93;
    21659 : FEA9;
    21660 : FFBD;
    21661 : 00D0;
    21662 : 0203;
    21663 : 035D;
    21664 : 04BB;
    21665 : 0602;
    21666 : 073C;
    21667 : 0870;
    21668 : 0986;
    21669 : 0A57;
    21670 : 0ADB;
    21671 : 0B23;
    21672 : 0B44;
    21673 : 0B50;
    21674 : 0B43;
    21675 : 0B04;
    21676 : 0A70;
    21677 : 098C;
    21678 : 0882;
    21679 : 0775;
    21680 : 065E;
    21681 : 0525;
    21682 : 03D7;
    21683 : 0296;
    21684 : 016F;
    21685 : 0043;
    21686 : FF02;
    21687 : FDC9;
    21688 : FCC2;
    21689 : FBE6;
    21690 : FB0F;
    21691 : FA44;
    21692 : F9C0;
    21693 : F99E;
    21694 : F9BB;
    21695 : F9E2;
    21696 : FA03;
    21697 : FA18;
    21698 : FA11;
    21699 : F9E4;
    21700 : F99C;
    21701 : F93E;
    21702 : F8BA;
    21703 : F80A;
    21704 : F73F;
    21705 : F665;
    21706 : F57A;
    21707 : F473;
    21708 : F357;
    21709 : F244;
    21710 : F160;
    21711 : F0C8;
    21712 : F07A;
    21713 : F05D;
    21714 : F066;
    21715 : F0A9;
    21716 : F13B;
    21717 : F222;
    21718 : F354;
    21719 : F4C5;
    21720 : F661;
    21721 : F816;
    21722 : F9DB;
    21723 : FBAE;
    21724 : FD85;
    21725 : FF5F;
    21726 : 0142;
    21727 : 031F;
    21728 : 04D1;
    21729 : 064B;
    21730 : 079E;
    21731 : 08CD;
    21732 : 09BF;
    21733 : 0A62;
    21734 : 0ACB;
    21735 : 0B07;
    21736 : 0B13;
    21737 : 0AFF;
    21738 : 0AF3;
    21739 : 0AEB;
    21740 : 0AA8;
    21741 : 0A13;
    21742 : 0971;
    21743 : 0914;
    21744 : 08F9;
    21745 : 08DF;
    21746 : 08AD;
    21747 : 088C;
    21748 : 089E;
    21749 : 08D3;
    21750 : 090C;
    21751 : 0947;
    21752 : 098A;
    21753 : 09C7;
    21754 : 09EB;
    21755 : 09F1;
    21756 : 09DB;
    21757 : 0996;
    21758 : 091C;
    21759 : 0885;
    21760 : 07E6;
    21761 : 071F;
    21762 : 0606;
    21763 : 04AA;
    21764 : 0344;
    21765 : 01E5;
    21766 : 006E;
    21767 : FECF;
    21768 : FD1D;
    21769 : FB71;
    21770 : F9D6;
    21771 : F85A;
    21772 : F706;
    21773 : F5D9;
    21774 : F4D7;
    21775 : F40E;
    21776 : F374;
    21777 : F2E4;
    21778 : F25B;
    21779 : F209;
    21780 : F213;
    21781 : F266;
    21782 : F2D5;
    21783 : F34B;
    21784 : F3C8;
    21785 : F457;
    21786 : F501;
    21787 : F5BD;
    21788 : F660;
    21789 : F6CC;
    21790 : F70A;
    21791 : F738;
    21792 : F770;
    21793 : F7C3;
    21794 : F830;
    21795 : F892;
    21796 : F8CF;
    21797 : F907;
    21798 : F967;
    21799 : F9E3;
    21800 : FA60;
    21801 : FAFA;
    21802 : FBE3;
    21803 : FD0C;
    21804 : FE3F;
    21805 : FF72;
    21806 : 00BE;
    21807 : 021A;
    21808 : 0375;
    21809 : 04D8;
    21810 : 0649;
    21811 : 079D;
    21812 : 08B5;
    21813 : 09A9;
    21814 : 0A92;
    21815 : 0B50;
    21816 : 0BBF;
    21817 : 0BF1;
    21818 : 0C05;
    21819 : 0BF4;
    21820 : 0B9F;
    21821 : 0AEB;
    21822 : 09DE;
    21823 : 089F;
    21824 : 075E;
    21825 : 061C;
    21826 : 04B3;
    21827 : 0325;
    21828 : 01B4;
    21829 : 0080;
    21830 : FF59;
    21831 : FE1A;
    21832 : FCE7;
    21833 : FBE9;
    21834 : FB1E;
    21835 : FA7C;
    21836 : FA14;
    21837 : F9F1;
    21838 : FA01;
    21839 : FA31;
    21840 : FA6C;
    21841 : FA9B;
    21842 : FAC5;
    21843 : FB06;
    21844 : FB5C;
    21845 : FB92;
    21846 : FB96;
    21847 : FB8A;
    21848 : FB7B;
    21849 : FB47;
    21850 : FADA;
    21851 : FA4A;
    21852 : F996;
    21853 : F8AB;
    21854 : F7A7;
    21855 : F6CA;
    21856 : F612;
    21857 : F54A;
    21858 : F47B;
    21859 : F3EE;
    21860 : F3C1;
    21861 : F3C6;
    21862 : F3D5;
    21863 : F404;
    21864 : F477;
    21865 : F535;
    21866 : F639;
    21867 : F775;
    21868 : F8D9;
    21869 : FA58;
    21870 : FBEB;
    21871 : FD84;
    21872 : FF19;
    21873 : 00AD;
    21874 : 0233;
    21875 : 037C;
    21876 : 046F;
    21877 : 053A;
    21878 : 0615;
    21879 : 06EA;
    21880 : 0770;
    21881 : 078B;
    21882 : 0767;
    21883 : 0735;
    21884 : 0707;
    21885 : 06D3;
    21886 : 068D;
    21887 : 0627;
    21888 : 05AD;
    21889 : 0540;
    21890 : 04E7;
    21891 : 0486;
    21892 : 040F;
    21893 : 0399;
    21894 : 0340;
    21895 : 02FE;
    21896 : 02CE;
    21897 : 02BF;
    21898 : 02D0;
    21899 : 02E5;
    21900 : 02E7;
    21901 : 02D2;
    21902 : 02A1;
    21903 : 0254;
    21904 : 020D;
    21905 : 01E6;
    21906 : 01AD;
    21907 : 0119;
    21908 : 003B;
    21909 : FF69;
    21910 : FEBF;
    21911 : FDFE;
    21912 : FD01;
    21913 : FBF2;
    21914 : FB00;
    21915 : FA27;
    21916 : F965;
    21917 : F8D1;
    21918 : F862;
    21919 : F7EE;
    21920 : F767;
    21921 : F6F4;
    21922 : F6AE;
    21923 : F687;
    21924 : F66F;
    21925 : F669;
    21926 : F681;
    21927 : F6C1;
    21928 : F72B;
    21929 : F7A5;
    21930 : F80A;
    21931 : F85C;
    21932 : F8B2;
    21933 : F907;
    21934 : F93E;
    21935 : F95B;
    21936 : F986;
    21937 : F9D9;
    21938 : FA53;
    21939 : FAEE;
    21940 : FB91;
    21941 : FC05;
    21942 : FC25;
    21943 : FC0B;
    21944 : FBE5;
    21945 : FBCD;
    21946 : FBD8;
    21947 : FC1F;
    21948 : FC97;
    21949 : FD2A;
    21950 : FDE0;
    21951 : FEC1;
    21952 : FFA5;
    21953 : 0071;
    21954 : 0152;
    21955 : 0268;
    21956 : 0379;
    21957 : 0450;
    21958 : 051B;
    21959 : 060D;
    21960 : 06E9;
    21961 : 0757;
    21962 : 076D;
    21963 : 076B;
    21964 : 0747;
    21965 : 06DB;
    21966 : 063A;
    21967 : 057C;
    21968 : 048E;
    21969 : 0370;
    21970 : 0252;
    21971 : 0141;
    21972 : 0016;
    21973 : FECF;
    21974 : FDA1;
    21975 : FC91;
    21976 : FB72;
    21977 : FA42;
    21978 : F935;
    21979 : F856;
    21980 : F778;
    21981 : F68F;
    21982 : F5C8;
    21983 : F547;
    21984 : F511;
    21985 : F512;
    21986 : F529;
    21987 : F534;
    21988 : F538;
    21989 : F554;
    21990 : F583;
    21991 : F5A5;
    21992 : F5B7;
    21993 : F5C4;
    21994 : F5C4;
    21995 : F5B1;
    21996 : F5A6;
    21997 : F5A7;
    21998 : F57F;
    21999 : F517;
    22000 : F4A7;
    22001 : F45B;
    22002 : F411;
    22003 : F3B2;
    22004 : F36D;
    22005 : F36B;
    22006 : F393;
    22007 : F3DE;
    22008 : F475;
    22009 : F569;
    22010 : F687;
    22011 : F7AF;
    22012 : F8EE;
    22013 : FA44;
    22014 : FB99;
    22015 : FCF0;
    22016 : FE57;
    22017 : FFB1;
    22018 : 00E3;
    22019 : 020B;
    22020 : 0347;
    22021 : 046B;
    22022 : 0551;
    22023 : 0618;
    22024 : 06E2;
    22025 : 0788;
    22026 : 07DD;
    22027 : 07FF;
    22028 : 0819;
    22029 : 0823;
    22030 : 080E;
    22031 : 07F7;
    22032 : 07EC;
    22033 : 07D5;
    22034 : 07A8;
    22035 : 077A;
    22036 : 0755;
    22037 : 0727;
    22038 : 06F7;
    22039 : 06E8;
    22040 : 070E;
    22041 : 0758;
    22042 : 07A8;
    22043 : 07E5;
    22044 : 0805;
    22045 : 0821;
    22046 : 084E;
    22047 : 0870;
    22048 : 0858;
    22049 : 080D;
    22050 : 07B9;
    22051 : 0758;
    22052 : 06BA;
    22053 : 05D4;
    22054 : 04CC;
    22055 : 03B1;
    22056 : 026E;
    22057 : 00FE;
    22058 : FF7A;
    22059 : FDFC;
    22060 : FC90;
    22061 : FB3F;
    22062 : FA0D;
    22063 : F8EE;
    22064 : F7D8;
    22065 : F6DA;
    22066 : F60A;
    22067 : F56A;
    22068 : F4F6;
    22069 : F4A2;
    22070 : F467;
    22071 : F445;
    22072 : F44C;
    22073 : F47E;
    22074 : F4C5;
    22075 : F512;
    22076 : F57C;
    22077 : F621;
    22078 : F6E9;
    22079 : F791;
    22080 : F7F8;
    22081 : F83E;
    22082 : F896;
    22083 : F90D;
    22084 : F98A;
    22085 : F9FB;
    22086 : FA5B;
    22087 : FA9E;
    22088 : FAB0;
    22089 : FA99;
    22090 : FA85;
    22091 : FA8D;
    22092 : FAA5;
    22093 : FACA;
    22094 : FB21;
    22095 : FBCD;
    22096 : FCAF;
    22097 : FD85;
    22098 : FE3D;
    22099 : FF0D;
    22100 : 0023;
    22101 : 016A;
    22102 : 02AD;
    22103 : 03D2;
    22104 : 04E5;
    22105 : 05EA;
    22106 : 06D6;
    22107 : 07AB;
    22108 : 0873;
    22109 : 0924;
    22110 : 0999;
    22111 : 09CB;
    22112 : 09D4;
    22113 : 09C7;
    22114 : 0980;
    22115 : 08D8;
    22116 : 07E8;
    22117 : 06F5;
    22118 : 0621;
    22119 : 055A;
    22120 : 0480;
    22121 : 038F;
    22122 : 028D;
    22123 : 017F;
    22124 : 0070;
    22125 : FF75;
    22126 : FE9F;
    22127 : FDE8;
    22128 : FD50;
    22129 : FCE8;
    22130 : FCBF;
    22131 : FCCA;
    22132 : FCEC;
    22133 : FD11;
    22134 : FD2B;
    22135 : FD30;
    22136 : FD19;
    22137 : FCF4;
    22138 : FCD0;
    22139 : FCA7;
    22140 : FC60;
    22141 : FBE4;
    22142 : FB32;
    22143 : FA5A;
    22144 : F977;
    22145 : F89C;
    22146 : F7CF;
    22147 : F708;
    22148 : F642;
    22149 : F586;
    22150 : F4DF;
    22151 : F45B;
    22152 : F408;
    22153 : F3F5;
    22154 : F421;
    22155 : F47D;
    22156 : F505;
    22157 : F5C7;
    22158 : F6D2;
    22159 : F811;
    22160 : F95E;
    22161 : FAAB;
    22162 : FC10;
    22163 : FD9C;
    22164 : FF38;
    22165 : 00B8;
    22166 : 020B;
    22167 : 033E;
    22168 : 0458;
    22169 : 0554;
    22170 : 0624;
    22171 : 06C2;
    22172 : 0727;
    22173 : 074B;
    22174 : 0731;
    22175 : 06F5;
    22176 : 06BC;
    22177 : 0683;
    22178 : 061B;
    22179 : 0579;
    22180 : 04DB;
    22181 : 0480;
    22182 : 044D;
    22183 : 03FF;
    22184 : 03A4;
    22185 : 0384;
    22186 : 03B1;
    22187 : 03FC;
    22188 : 0451;
    22189 : 04CB;
    22190 : 0561;
    22191 : 05E5;
    22192 : 064C;
    22193 : 06AE;
    22194 : 06FB;
    22195 : 070B;
    22196 : 06E1;
    22197 : 06A0;
    22198 : 064E;
    22199 : 05CE;
    22200 : 051A;
    22201 : 0448;
    22202 : 036B;
    22203 : 0282;
    22204 : 0184;
    22205 : 0061;
    22206 : FF17;
    22207 : FDBB;
    22208 : FC66;
    22209 : FB22;
    22210 : F9F7;
    22211 : F8F0;
    22212 : F818;
    22213 : F766;
    22214 : F6CF;
    22215 : F64C;
    22216 : F5D9;
    22217 : F58D;
    22218 : F592;
    22219 : F5E5;
    22220 : F641;
    22221 : F67E;
    22222 : F6D7;
    22223 : F77E;
    22224 : F83E;
    22225 : F8C3;
    22226 : F917;
    22227 : F979;
    22228 : F9FE;
    22229 : FA97;
    22230 : FB4B;
    22231 : FC17;
    22232 : FCCA;
    22233 : FD38;
    22234 : FD7D;
    22235 : FDCE;
    22236 : FE3F;
    22237 : FEC9;
    22238 : FF70;
    22239 : 0040;
    22240 : 0131;
    22241 : 0223;
    22242 : 030D;
    22243 : 0400;
    22244 : 050C;
    22245 : 061E;
    22246 : 0723;
    22247 : 0820;
    22248 : 091D;
    22249 : 0A07;
    22250 : 0AC8;
    22251 : 0B71;
    22252 : 0C1B;
    22253 : 0CB0;
    22254 : 0D0A;
    22255 : 0D2A;
    22256 : 0D1A;
    22257 : 0CC6;
    22258 : 0C26;
    22259 : 0B55;
    22260 : 0A67;
    22261 : 0949;
    22262 : 0806;
    22263 : 06DA;
    22264 : 05D2;
    22265 : 04B9;
    22266 : 037E;
    22267 : 024A;
    22268 : 0137;
    22269 : 0029;
    22270 : FF13;
    22271 : FE0A;
    22272 : FD22;
    22273 : FC6F;
    22274 : FC10;
    22275 : FBFC;
    22276 : FBF8;
    22277 : FBDB;
    22278 : FBB6;
    22279 : FB9A;
    22280 : FB76;
    22281 : FB3E;
    22282 : FAFB;
    22283 : FAA9;
    22284 : FA3F;
    22285 : F9CB;
    22286 : F951;
    22287 : F8B1;
    22288 : F7EE;
    22289 : F73F;
    22290 : F6B8;
    22291 : F62C;
    22292 : F59A;
    22293 : F53D;
    22294 : F519;
    22295 : F4EF;
    22296 : F4B6;
    22297 : F4AB;
    22298 : F4ED;
    22299 : F576;
    22300 : F666;
    22301 : F7CF;
    22302 : F96A;
    22303 : FAFA;
    22304 : FCAC;
    22305 : FEA8;
    22306 : 00A8;
    22307 : 026E;
    22308 : 042C;
    22309 : 0619;
    22310 : 07FF;
    22311 : 09A7;
    22312 : 0B33;
    22313 : 0CB5;
    22314 : 0DF3;
    22315 : 0ED6;
    22316 : 0F95;
    22317 : 104B;
    22318 : 10C6;
    22319 : 10E8;
    22320 : 10D8;
    22321 : 10BC;
    22322 : 1094;
    22323 : 1056;
    22324 : 100F;
    22325 : 0FD1;
    22326 : 0FB0;
    22327 : 0FA4;
    22328 : 0F7C;
    22329 : 0F20;
    22330 : 0ECD;
    22331 : 0EC5;
    22332 : 0EDC;
    22333 : 0EBC;
    22334 : 0E6E;
    22335 : 0E41;
    22336 : 0E3C;
    22337 : 0E24;
    22338 : 0DEB;
    22339 : 0DB1;
    22340 : 0D74;
    22341 : 0D0D;
    22342 : 0C7B;
    22343 : 0BDF;
    22344 : 0B2F;
    22345 : 0A3D;
    22346 : 08F9;
    22347 : 0786;
    22348 : 0611;
    22349 : 04A8;
    22350 : 0342;
    22351 : 01D5;
    22352 : 0066;
    22353 : FF04;
    22354 : FDB6;
    22355 : FC7E;
    22356 : FB58;
    22357 : FA46;
    22358 : F950;
    22359 : F88E;
    22360 : F81C;
    22361 : F7FA;
    22362 : F803;
    22363 : F818;
    22364 : F82F;
    22365 : F84F;
    22366 : F88E;
    22367 : F8FB;
    22368 : F98C;
    22369 : FA17;
    22370 : FA7F;
    22371 : FAD6;
    22372 : FB39;
    22373 : FBAD;
    22374 : FC32;
    22375 : FCDB;
    22376 : FDA1;
    22377 : FE4D;
    22378 : FEC3;
    22379 : FF2D;
    22380 : FFC1;
    22381 : 0077;
    22382 : 0134;
    22383 : 01FF;
    22384 : 02F4;
    22385 : 041D;
    22386 : 056C;
    22387 : 06D6;
    22388 : 0841;
    22389 : 098B;
    22390 : 0AA3;
    22391 : 0B97;
    22392 : 0C81;
    22393 : 0D72;
    22394 : 0E60;
    22395 : 0F2A;
    22396 : 0FBB;
    22397 : 102D;
    22398 : 10A1;
    22399 : 1101;
    22400 : 1111;
    22401 : 10C5;
    22402 : 104F;
    22403 : 0FBF;
    22404 : 0EE2;
    22405 : 0DA6;
    22406 : 0C41;
    22407 : 0AEB;
    22408 : 099C;
    22409 : 0846;
    22410 : 06FF;
    22411 : 05D2;
    22412 : 04A5;
    22413 : 036F;
    22414 : 0258;
    22415 : 0185;
    22416 : 00E1;
    22417 : 003F;
    22418 : FFA1;
    22419 : FF30;
    22420 : FEFF;
    22421 : FEF6;
    22422 : FEFC;
    22423 : FF15;
    22424 : FF4C;
    22425 : FF89;
    22426 : FFA4;
    22427 : FF93;
    22428 : FF77;
    22429 : FF6B;
    22430 : FF5B;
    22431 : FF28;
    22432 : FED3;
    22433 : FE6C;
    22434 : FDF5;
    22435 : FD69;
    22436 : FCD7;
    22437 : FC51;
    22438 : FBCF;
    22439 : FB38;
    22440 : FA97;
    22441 : FA19;
    22442 : F9DB;
    22443 : F9DA;
    22444 : FA09;
    22445 : FA70;
    22446 : FB16;
    22447 : FBEF;
    22448 : FCE5;
    22449 : FDF5;
    22450 : FF26;
    22451 : 0071;
    22452 : 01D0;
    22453 : 0348;
    22454 : 04D6;
    22455 : 0651;
    22456 : 079D;
    22457 : 08D5;
    22458 : 0A13;
    22459 : 0B3A;
    22460 : 0C1D;
    22461 : 0CD4;
    22462 : 0D84;
    22463 : 0E0F;
    22464 : 0E3B;
    22465 : 0E1C;
    22466 : 0E00;
    22467 : 0DF8;
    22468 : 0DCD;
    22469 : 0D66;
    22470 : 0CF1;
    22471 : 0C97;
    22472 : 0C4C;
    22473 : 0BE4;
    22474 : 0B4A;
    22475 : 0A92;
    22476 : 09EE;
    22477 : 097E;
    22478 : 0931;
    22479 : 08DF;
    22480 : 0887;
    22481 : 0848;
    22482 : 081F;
    22483 : 07E3;
    22484 : 0778;
    22485 : 06EE;
    22486 : 0663;
    22487 : 05DB;
    22488 : 054F;
    22489 : 04BD;
    22490 : 042B;
    22491 : 0396;
    22492 : 02F4;
    22493 : 024A;
    22494 : 01B2;
    22495 : 0131;
    22496 : 00A5;
    22497 : FFF3;
    22498 : FF3B;
    22499 : FEA5;
    22500 : FE1D;
    22501 : FD7E;
    22502 : FCD1;
    22503 : FC3A;
    22504 : FBBC;
    22505 : FB54;
    22506 : FB23;
    22507 : FB48;
    22508 : FBA2;
    22509 : FBF8;
    22510 : FC3B;
    22511 : FC83;
    22512 : FCD5;
    22513 : FD1C;
    22514 : FD4F;
    22515 : FD7C;
    22516 : FDBF;
    22517 : FE2E;
    22518 : FEC1;
    22519 : FF5A;
    22520 : FFEA;
    22521 : 0074;
    22522 : 00F9;
    22523 : 0175;
    22524 : 01F2;
    22525 : 0275;
    22526 : 02E1;
    22527 : 0331;
    22528 : 03A2;
    22529 : 045F;
    22530 : 0539;
    22531 : 05F6;
    22532 : 06B3;
    22533 : 079C;
    22534 : 088D;
    22535 : 0950;
    22536 : 09FA;
    22537 : 0AB8;
    22538 : 0B7D;
    22539 : 0C27;
    22540 : 0CB6;
    22541 : 0D2C;
    22542 : 0D77;
    22543 : 0D94;
    22544 : 0D9A;
    22545 : 0D87;
    22546 : 0D49;
    22547 : 0CE3;
    22548 : 0C63;
    22549 : 0BB3;
    22550 : 0ABF;
    22551 : 09AD;
    22552 : 08A1;
    22553 : 078B;
    22554 : 064B;
    22555 : 04F2;
    22556 : 03A2;
    22557 : 025B;
    22558 : 0115;
    22559 : FFE4;
    22560 : FEDA;
    22561 : FDF2;
    22562 : FD1B;
    22563 : FC4B;
    22564 : FB8C;
    22565 : FAFC;
    22566 : FA9D;
    22567 : FA45;
    22568 : F9D6;
    22569 : F97A;
    22570 : F968;
    22571 : F981;
    22572 : F974;
    22573 : F937;
    22574 : F904;
    22575 : F8E9;
    22576 : F8BE;
    22577 : F881;
    22578 : F867;
    22579 : F883;
    22580 : F8A8;
    22581 : F8B3;
    22582 : F8BA;
    22583 : F8D3;
    22584 : F8E8;
    22585 : F8D7;
    22586 : F8B2;
    22587 : F8AA;
    22588 : F8DC;
    22589 : F942;
    22590 : F9D2;
    22591 : FA8B;
    22592 : FB6A;
    22593 : FC6C;
    22594 : FD8F;
    22595 : FECA;
    22596 : FFFB;
    22597 : 010C;
    22598 : 0214;
    22599 : 032C;
    22600 : 0439;
    22601 : 051D;
    22602 : 05F0;
    22603 : 06D7;
    22604 : 07B2;
    22605 : 084A;
    22606 : 08AE;
    22607 : 091A;
    22608 : 099B;
    22609 : 09FF;
    22610 : 0A1A;
    22611 : 09E8;
    22612 : 0997;
    22613 : 095F;
    22614 : 0946;
    22615 : 092D;
    22616 : 090D;
    22617 : 0908;
    22618 : 0917;
    22619 : 090E;
    22620 : 08F0;
    22621 : 08F3;
    22622 : 090B;
    22623 : 08ED;
    22624 : 0891;
    22625 : 084B;
    22626 : 0842;
    22627 : 083B;
    22628 : 080B;
    22629 : 07CB;
    22630 : 0788;
    22631 : 0725;
    22632 : 069C;
    22633 : 0601;
    22634 : 0543;
    22635 : 0450;
    22636 : 034B;
    22637 : 024F;
    22638 : 0133;
    22639 : FFE5;
    22640 : FEA0;
    22641 : FD8B;
    22642 : FC6F;
    22643 : FB22;
    22644 : F9D6;
    22645 : F8B9;
    22646 : F7B2;
    22647 : F6A8;
    22648 : F5AD;
    22649 : F4D5;
    22650 : F41E;
    22651 : F39F;
    22652 : F36F;
    22653 : F370;
    22654 : F371;
    22655 : F377;
    22656 : F39F;
    22657 : F3E4;
    22658 : F428;
    22659 : F459;
    22660 : F47D;
    22661 : F4AA;
    22662 : F50A;
    22663 : F5C3;
    22664 : F6B9;
    22665 : F7A4;
    22666 : F852;
    22667 : F8D0;
    22668 : F940;
    22669 : F9AD;
    22670 : FA08;
    22671 : FA4D;
    22672 : FA9F;
    22673 : FB3A;
    22674 : FC2B;
    22675 : FD2B;
    22676 : FDEA;
    22677 : FE75;
    22678 : FF16;
    22679 : FFE2;
    22680 : 009E;
    22681 : 0125;
    22682 : 01A5;
    22683 : 0254;
    22684 : 031C;
    22685 : 03C5;
    22686 : 0440;
    22687 : 04B5;
    22688 : 0543;
    22689 : 05CE;
    22690 : 0621;
    22691 : 063B;
    22692 : 063A;
    22693 : 0617;
    22694 : 05B3;
    22695 : 0524;
    22696 : 0494;
    22697 : 03FB;
    22698 : 033A;
    22699 : 0265;
    22700 : 01AD;
    22701 : 0123;
    22702 : 00A1;
    22703 : FFF8;
    22704 : FF20;
    22705 : FE40;
    22706 : FD83;
    22707 : FCF6;
    22708 : FC8E;
    22709 : FC34;
    22710 : FBDF;
    22711 : FB9A;
    22712 : FB68;
    22713 : FB37;
    22714 : FAF8;
    22715 : FAAD;
    22716 : FA55;
    22717 : F9EE;
    22718 : F988;
    22719 : F92D;
    22720 : F8C8;
    22721 : F841;
    22722 : F790;
    22723 : F6BB;
    22724 : F5D9;
    22725 : F511;
    22726 : F477;
    22727 : F401;
    22728 : F39E;
    22729 : F344;
    22730 : F2EF;
    22731 : F2AE;
    22732 : F28D;
    22733 : F282;
    22734 : F284;
    22735 : F2A6;
    22736 : F306;
    22737 : F3A9;
    22738 : F478;
    22739 : F55C;
    22740 : F659;
    22741 : F773;
    22742 : F891;
    22743 : F9AA;
    22744 : FAD5;
    22745 : FC0F;
    22746 : FD2B;
    22747 : FE1D;
    22748 : FF0D;
    22749 : 0005;
    22750 : 00D5;
    22751 : 0156;
    22752 : 019D;
    22753 : 01DE;
    22754 : 0232;
    22755 : 0279;
    22756 : 0289;
    22757 : 0261;
    22758 : 021D;
    22759 : 01D7;
    22760 : 0191;
    22761 : 0137;
    22762 : 00C8;
    22763 : 0062;
    22764 : 001B;
    22765 : FFEC;
    22766 : FFD5;
    22767 : FFE0;
    22768 : FFEC;
    22769 : FFD4;
    22770 : FFB2;
    22771 : FFC9;
    22772 : 0010;
    22773 : 0032;
    22774 : 0005;
    22775 : FFBB;
    22776 : FF85;
    22777 : FF53;
    22778 : FF04;
    22779 : FE90;
    22780 : FDFA;
    22781 : FD4B;
    22782 : FCA0;
    22783 : FC07;
    22784 : FB68;
    22785 : FA9E;
    22786 : F9BB;
    22787 : F8F1;
    22788 : F849;
    22789 : F79A;
    22790 : F6CD;
    22791 : F5E5;
    22792 : F4DE;
    22793 : F3CC;
    22794 : F2DE;
    22795 : F222;
    22796 : F17B;
    22797 : F0F4;
    22798 : F0B1;
    22799 : F0A5;
    22800 : F09B;
    22801 : F07F;
    22802 : F06A;
    22803 : F06A;
    22804 : F061;
    22805 : F044;
    22806 : F03B;
    22807 : F073;
    22808 : F0F0;
    22809 : F1A9;
    22810 : F292;
    22811 : F384;
    22812 : F45A;
    22813 : F51B;
    22814 : F5D7;
    22815 : F68F;
    22816 : F74B;
    22817 : F821;
    22818 : F926;
    22819 : FA70;
    22820 : FBF5;
    22821 : FD7C;
    22822 : FECF;
    22823 : FFF1;
    22824 : 010C;
    22825 : 0224;
    22826 : 030F;
    22827 : 03BF;
    22828 : 046D;
    22829 : 0535;
    22830 : 05D2;
    22831 : 060E;
    22832 : 0611;
    22833 : 0610;
    22834 : 0612;
    22835 : 0607;
    22836 : 05D9;
    22837 : 0573;
    22838 : 04D4;
    22839 : 0405;
    22840 : 0316;
    22841 : 021F;
    22842 : 013A;
    22843 : 0066;
    22844 : FF9C;
    22845 : FED5;
    22846 : FE04;
    22847 : FD2C;
    22848 : FC50;
    22849 : FB64;
    22850 : FA66;
    22851 : F972;
    22852 : F8A7;
    22853 : F810;
    22854 : F7AB;
    22855 : F757;
    22856 : F6F6;
    22857 : F694;
    22858 : F63D;
    22859 : F5CF;
    22860 : F532;
    22861 : F489;
    22862 : F404;
    22863 : F39D;
    22864 : F327;
    22865 : F288;
    22866 : F1D1;
    22867 : F11B;
    22868 : F064;
    22869 : EFA8;
    22870 : EEFC;
    22871 : EE6A;
    22872 : EDEE;
    22873 : ED9D;
    22874 : ED9A;
    22875 : EDDE;
    22876 : EE35;
    22877 : EE7E;
    22878 : EEDD;
    22879 : EF94;
    22880 : F0B1;
    22881 : F1FF;
    22882 : F348;
    22883 : F48A;
    22884 : F5D4;
    22885 : F735;
    22886 : F8B4;
    22887 : FA47;
    22888 : FBCC;
    22889 : FD29;
    22890 : FE75;
    22891 : FFDC;
    22892 : 015C;
    22893 : 02C9;
    22894 : 0406;
    22895 : 0519;
    22896 : 0601;
    22897 : 06BF;
    22898 : 0760;
    22899 : 07EB;
    22900 : 084E;
    22901 : 0886;
    22902 : 08A9;
    22903 : 08C7;
    22904 : 08E0;
    22905 : 08FB;
    22906 : 0916;
    22907 : 091B;
    22908 : 090A;
    22909 : 0901;
    22910 : 0905;
    22911 : 08FE;
    22912 : 08E2;
    22913 : 08B7;
    22914 : 087C;
    22915 : 0827;
    22916 : 07B8;
    22917 : 0739;
    22918 : 06A6;
    22919 : 05F4;
    22920 : 052C;
    22921 : 046E;
    22922 : 03BA;
    22923 : 02F0;
    22924 : 0208;
    22925 : 010A;
    22926 : FFF1;
    22927 : FED1;
    22928 : FDD1;
    22929 : FCE6;
    22930 : FBDD;
    22931 : FABB;
    22932 : F9BC;
    22933 : F8F4;
    22934 : F833;
    22935 : F74A;
    22936 : F645;
    22937 : F553;
    22938 : F488;
    22939 : F3DB;
    22940 : F347;
    22941 : F2C6;
    22942 : F255;
    22943 : F201;
    22944 : F1D5;
    22945 : F1C6;
    22946 : F1CD;
    22947 : F1EC;
    22948 : F20D;
    22949 : F20F;
    22950 : F1FA;
    22951 : F1F5;
    22952 : F219;
    22953 : F270;
    22954 : F2FC;
    22955 : F3C1;
    22956 : F4A6;
    22957 : F56E;
    22958 : F5F9;
    22959 : F680;
    22960 : F74C;
    22961 : F857;
    22962 : F977;
    22963 : FAAC;
    22964 : FC18;
    22965 : FDCD;
    22966 : FFAC;
    22967 : 017E;
    22968 : 0326;
    22969 : 04A5;
    22970 : 05EA;
    22971 : 06F2;
    22972 : 07EA;
    22973 : 08EE;
    22974 : 09D6;
    22975 : 0A77;
    22976 : 0AD4;
    22977 : 0B0E;
    22978 : 0B44;
    22979 : 0B75;
    22980 : 0B6B;
    22981 : 0B06;
    22982 : 0A6A;
    22983 : 09C7;
    22984 : 0915;
    22985 : 0843;
    22986 : 0756;
    22987 : 0662;
    22988 : 057F;
    22989 : 04C1;
    22990 : 0415;
    22991 : 034B;
    22992 : 024E;
    22993 : 014D;
    22994 : 007F;
    22995 : FFDE;
    22996 : FF42;
    22997 : FEAD;
    22998 : FE45;
    22999 : FE0F;
    23000 : FDE2;
    23001 : FDA3;
    23002 : FD6D;
    23003 : FD4B;
    23004 : FD10;
    23005 : FCA7;
    23006 : FC36;
    23007 : FBD9;
    23008 : FB88;
    23009 : FB2E;
    23010 : FAB6;
    23011 : FA1A;
    23012 : F97E;
    23013 : F8F5;
    23014 : F865;
    23015 : F7D1;
    23016 : F771;
    23017 : F75C;
    23018 : F772;
    23019 : F792;
    23020 : F7B0;
    23021 : F7D8;
    23022 : F81D;
    23023 : F883;
    23024 : F908;
    23025 : F9B1;
    23026 : FA72;
    23027 : FB3A;
    23028 : FC10;
    23029 : FCFC;
    23030 : FDFC;
    23031 : FF20;
    23032 : 0058;
    23033 : 016C;
    23034 : 0260;
    23035 : 0370;
    23036 : 049B;
    23037 : 05A6;
    23038 : 067C;
    23039 : 0735;
    23040 : 07DE;
    23041 : 0884;
    23042 : 0929;
    23043 : 09BC;
    23044 : 0A29;
    23045 : 0A77;
    23046 : 0AC5;
    23047 : 0B25;
    23048 : 0B6E;
    23049 : 0B73;
    23050 : 0B4E;
    23051 : 0B3C;
    23052 : 0B40;
    23053 : 0B42;
    23054 : 0B47;
    23055 : 0B48;
    23056 : 0B22;
    23057 : 0AD2;
    23058 : 0A7C;
    23059 : 0A2C;
    23060 : 09C4;
    23061 : 0928;
    23062 : 0861;
    23063 : 0794;
    23064 : 06E5;
    23065 : 0643;
    23066 : 0576;
    23067 : 0467;
    23068 : 0347;
    23069 : 0240;
    23070 : 0150;
    23071 : 0072;
    23072 : FFB5;
    23073 : FF19;
    23074 : FE8F;
    23075 : FE17;
    23076 : FDB8;
    23077 : FD6F;
    23078 : FD31;
    23079 : FCEE;
    23080 : FCA0;
    23081 : FC54;
    23082 : FC13;
    23083 : FBD1;
    23084 : FB8E;
    23085 : FB55;
    23086 : FB31;
    23087 : FB33;
    23088 : FB57;
    23089 : FB68;
    23090 : FB3C;
    23091 : FAEE;
    23092 : FABE;
    23093 : FAC1;
    23094 : FAD9;
    23095 : FADC;
    23096 : FAC4;
    23097 : FAC3;
    23098 : FB00;
    23099 : FB6E;
    23100 : FBEE;
    23101 : FC87;
    23102 : FD38;
    23103 : FDE7;
    23104 : FE9A;
    23105 : FF7D;
    23106 : 007F;
    23107 : 0164;
    23108 : 0257;
    23109 : 03B1;
    23110 : 0557;
    23111 : 06D9;
    23112 : 0823;
    23113 : 0962;
    23114 : 0A92;
    23115 : 0B8A;
    23116 : 0C4D;
    23117 : 0D04;
    23118 : 0DC0;
    23119 : 0E51;
    23120 : 0E89;
    23121 : 0E9B;
    23122 : 0EBC;
    23123 : 0ECC;
    23124 : 0E95;
    23125 : 0E1E;
    23126 : 0D7F;
    23127 : 0CC8;
    23128 : 0C02;
    23129 : 0B12;
    23130 : 09F7;
    23131 : 08F3;
    23132 : 0837;
    23133 : 07A4;
    23134 : 0715;
    23135 : 0682;
    23136 : 05E2;
    23137 : 052C;
    23138 : 046F;
    23139 : 03C4;
    23140 : 0321;
    23141 : 0264;
    23142 : 0195;
    23143 : 0100;
    23144 : 00B8;
    23145 : 0070;
    23146 : FFF5;
    23147 : FF4C;
    23148 : FE7A;
    23149 : FDA3;
    23150 : FCFF;
    23151 : FC79;
    23152 : FBD4;
    23153 : FB14;
    23154 : FA5E;
    23155 : F9CB;
    23156 : F96A;
    23157 : F91C;
    23158 : F8B0;
    23159 : F838;
    23160 : F7E3;
    23161 : F7BB;
    23162 : F7CA;
    23163 : F80C;
    23164 : F854;
    23165 : F8A4;
    23166 : F936;
    23167 : F9FC;
    23168 : FACF;
    23169 : FBC7;
    23170 : FCE4;
    23171 : FDFC;
    23172 : FF17;
    23173 : 004E;
    23174 : 018B;
    23175 : 02BC;
    23176 : 03DD;
    23177 : 04CC;
    23178 : 0585;
    23179 : 0635;
    23180 : 06F3;
    23181 : 07B7;
    23182 : 0872;
    23183 : 0905;
    23184 : 0972;
    23185 : 09EA;
    23186 : 0A72;
    23187 : 0AE8;
    23188 : 0B48;
    23189 : 0BAD;
    23190 : 0C17;
    23191 : 0C76;
    23192 : 0CBA;
    23193 : 0CEC;
    23194 : 0D2B;
    23195 : 0D7D;
    23196 : 0DC4;
    23197 : 0DF3;
    23198 : 0E0F;
    23199 : 0E1F;
    23200 : 0E3F;
    23201 : 0E81;
    23202 : 0EBA;
    23203 : 0ECE;
    23204 : 0EC9;
    23205 : 0E9C;
    23206 : 0E30;
    23207 : 0DA8;
    23208 : 0D31;
    23209 : 0CB7;
    23210 : 0C1C;
    23211 : 0B56;
    23212 : 0A70;
    23213 : 0980;
    23214 : 0881;
    23215 : 075E;
    23216 : 063B;
    23217 : 0544;
    23218 : 0451;
    23219 : 0348;
    23220 : 026B;
    23221 : 01CB;
    23222 : 011B;
    23223 : 0047;
    23224 : FF8F;
    23225 : FEFE;
    23226 : FE6C;
    23227 : FDDD;
    23228 : FD62;
    23229 : FCED;
    23230 : FC80;
    23231 : FC36;
    23232 : FBFE;
    23233 : FBA2;
    23234 : FB2A;
    23235 : FAD3;
    23236 : FAB4;
    23237 : FAA5;
    23238 : FA88;
    23239 : FA68;
    23240 : FA4F;
    23241 : FA42;
    23242 : FA5A;
    23243 : FAB1;
    23244 : FB41;
    23245 : FBDA;
    23246 : FC4F;
    23247 : FCB4;
    23248 : FD32;
    23249 : FDC6;
    23250 : FE63;
    23251 : FF1C;
    23252 : FFF9;
    23253 : 00E5;
    23254 : 01ED;
    23255 : 0324;
    23256 : 0468;
    23257 : 059F;
    23258 : 06D7;
    23259 : 0802;
    23260 : 08FC;
    23261 : 09D4;
    23262 : 0AA8;
    23263 : 0B5F;
    23264 : 0BD8;
    23265 : 0C23;
    23266 : 0C5F;
    23267 : 0C8D;
    23268 : 0C92;
    23269 : 0C5B;
    23270 : 0C01;
    23271 : 0BA7;
    23272 : 0B4A;
    23273 : 0ACB;
    23274 : 0A28;
    23275 : 097F;
    23276 : 08F1;
    23277 : 0880;
    23278 : 0820;
    23279 : 07C9;
    23280 : 0780;
    23281 : 0743;
    23282 : 0710;
    23283 : 06D1;
    23284 : 0669;
    23285 : 05E4;
    23286 : 0566;
    23287 : 04F6;
    23288 : 049B;
    23289 : 046A;
    23290 : 0443;
    23291 : 03E4;
    23292 : 0363;
    23293 : 0306;
    23294 : 02C6;
    23295 : 0274;
    23296 : 01FC;
    23297 : 0150;
    23298 : 006D;
    23299 : FF77;
    23300 : FE95;
    23301 : FDCF;
    23302 : FD18;
    23303 : FC44;
    23304 : FB46;
    23305 : FA5A;
    23306 : F9B2;
    23307 : F933;
    23308 : F8C8;
    23309 : F882;
    23310 : F86B;
    23311 : F884;
    23312 : F8E2;
    23313 : F979;
    23314 : FA20;
    23315 : FAD1;
    23316 : FBA6;
    23317 : FC86;
    23318 : FD3F;
    23319 : FDE8;
    23320 : FECA;
    23321 : FFDF;
    23322 : 00F5;
    23323 : 0203;
    23324 : 02F9;
    23325 : 03B3;
    23326 : 0456;
    23327 : 0517;
    23328 : 05C7;
    23329 : 0643;
    23330 : 06BC;
    23331 : 073D;
    23332 : 07AB;
    23333 : 0816;
    23334 : 086D;
    23335 : 088D;
    23336 : 08B4;
    23337 : 08F5;
    23338 : 08FA;
    23339 : 08D2;
    23340 : 08D7;
    23341 : 08E7;
    23342 : 08D7;
    23343 : 08DC;
    23344 : 08EA;
    23345 : 08D8;
    23346 : 08DA;
    23347 : 08EB;
    23348 : 08BE;
    23349 : 0897;
    23350 : 08C5;
    23351 : 08E7;
    23352 : 08BB;
    23353 : 087A;
    23354 : 0820;
    23355 : 0789;
    23356 : 06DC;
    23357 : 062E;
    23358 : 0567;
    23359 : 0497;
    23360 : 03C4;
    23361 : 02E7;
    23362 : 0226;
    23363 : 018B;
    23364 : 00E4;
    23365 : 0038;
    23366 : FFBA;
    23367 : FF58;
    23368 : FEDE;
    23369 : FE3C;
    23370 : FD82;
    23371 : FCD8;
    23372 : FC3F;
    23373 : FB9B;
    23374 : FAFF;
    23375 : FA80;
    23376 : F9F2;
    23377 : F94C;
    23378 : F8BB;
    23379 : F826;
    23380 : F76D;
    23381 : F6C1;
    23382 : F637;
    23383 : F5A1;
    23384 : F4FC;
    23385 : F460;
    23386 : F3EB;
    23387 : F3CE;
    23388 : F406;
    23389 : F451;
    23390 : F4A7;
    23391 : F523;
    23392 : F5A7;
    23393 : F61E;
    23394 : F6A0;
    23395 : F72E;
    23396 : F7E1;
    23397 : F8F7;
    23398 : FA6C;
    23399 : FC0A;
    23400 : FDC9;
    23401 : FFA9;
    23402 : 0187;
    23403 : 0335;
    23404 : 0495;
    23405 : 05B0;
    23406 : 06B8;
    23407 : 07C8;
    23408 : 08C1;
    23409 : 0976;
    23410 : 09CE;
    23411 : 09EF;
    23412 : 0A14;
    23413 : 0A12;
    23414 : 0999;
    23415 : 08E2;
    23416 : 084B;
    23417 : 079E;
    23418 : 069C;
    23419 : 0592;
    23420 : 04CD;
    23421 : 042C;
    23422 : 037B;
    23423 : 02B2;
    23424 : 01F3;
    23425 : 0173;
    23426 : 011F;
    23427 : 00A8;
    23428 : 0011;
    23429 : FFA8;
    23430 : FF5C;
    23431 : FEE4;
    23432 : FE5B;
    23433 : FDF7;
    23434 : FDA0;
    23435 : FD4E;
    23436 : FD0A;
    23437 : FCA2;
    23438 : FC08;
    23439 : FB7B;
    23440 : FAE6;
    23441 : FA0D;
    23442 : F93E;
    23443 : F897;
    23444 : F78D;
    23445 : F611;
    23446 : F4AD;
    23447 : F35A;
    23448 : F201;
    23449 : F10E;
    23450 : F06C;
    23451 : EFA2;
    23452 : EEFF;
    23453 : EEC4;
    23454 : EE69;
    23455 : EDFE;
    23456 : EE24;
    23457 : EEA6;
    23458 : EF38;
    23459 : F035;
    23460 : F182;
    23461 : F2B0;
    23462 : F40C;
    23463 : F5AA;
    23464 : F6FB;
    23465 : F81D;
    23466 : F985;
    23467 : FAE9;
    23468 : FC1B;
    23469 : FD5D;
    23470 : FE80;
    23471 : FF5C;
    23472 : 005D;
    23473 : 0176;
    23474 : 0239;
    23475 : 02F2;
    23476 : 03E8;
    23477 : 04B7;
    23478 : 054D;
    23479 : 05F9;
    23480 : 0691;
    23481 : 06F9;
    23482 : 0793;
    23483 : 084B;
    23484 : 08A3;
    23485 : 08C4;
    23486 : 091C;
    23487 : 0984;
    23488 : 09D0;
    23489 : 0A3D;
    23490 : 0ACE;
    23491 : 0B2C;
    23492 : 0B41;
    23493 : 0B3D;
    23494 : 0B36;
    23495 : 0B22;
    23496 : 0AE1;
    23497 : 0A56;
    23498 : 09A8;
    23499 : 090C;
    23500 : 0859;
    23501 : 0766;
    23502 : 0662;
    23503 : 0564;
    23504 : 0433;
    23505 : 02C9;
    23506 : 016B;
    23507 : 0033;
    23508 : FF0D;
    23509 : FDF8;
    23510 : FD05;
    23511 : FC3A;
    23512 : FB73;
    23513 : FA97;
    23514 : F9D4;
    23515 : F94C;
    23516 : F8C6;
    23517 : F816;
    23518 : F765;
    23519 : F6D2;
    23520 : F663;
    23521 : F61D;
    23522 : F5E3;
    23523 : F59B;
    23524 : F551;
    23525 : F4E5;
    23526 : F43F;
    23527 : F3BC;
    23528 : F371;
    23529 : F2E9;
    23530 : F22A;
    23531 : F1B1;
    23532 : F17B;
    23533 : F162;
    23534 : F19E;
    23535 : F212;
    23536 : F259;
    23537 : F27E;
    23538 : F2B9;
    23539 : F31B;
    23540 : F3D4;
    23541 : F4E3;
    23542 : F5F9;
    23543 : F71E;
    23544 : F8A9;
    23545 : FA91;
    23546 : FC94;
    23547 : FE89;
    23548 : 0054;
    23549 : 0201;
    23550 : 03B6;
    23551 : 0565;
    23552 : 06F0;
    23553 : 0843;
    23554 : 094B;
    23555 : 0A0D;
    23556 : 0A90;
    23557 : 0ACB;
    23558 : 0AEA;
    23559 : 0B0A;
    23560 : 0AF7;
    23561 : 0AA4;
    23562 : 0A2D;
    23563 : 095C;
    23564 : 084A;
    23565 : 0795;
    23566 : 0722;
    23567 : 0658;
    23568 : 0571;
    23569 : 04C5;
    23570 : 0412;
    23571 : 0375;
    23572 : 0320;
    23573 : 02A0;
    23574 : 0202;
    23575 : 01CF;
    23576 : 018C;
    23577 : 00BD;
    23578 : 0019;
    23579 : FFE4;
    23580 : FF77;
    23581 : FEE4;
    23582 : FE88;
    23583 : FE0E;
    23584 : FD6C;
    23585 : FCF6;
    23586 : FC72;
    23587 : FBC2;
    23588 : FB2F;
    23589 : FA87;
    23590 : F992;
    23591 : F8BC;
    23592 : F813;
    23593 : F736;
    23594 : F64D;
    23595 : F5A1;
    23596 : F4F3;
    23597 : F440;
    23598 : F3E0;
    23599 : F3BF;
    23600 : F39F;
    23601 : F3B9;
    23602 : F436;
    23603 : F4C2;
    23604 : F538;
    23605 : F5FF;
    23606 : F722;
    23607 : F81F;
    23608 : F8F1;
    23609 : FA0C;
    23610 : FB53;
    23611 : FC5E;
    23612 : FD54;
    23613 : FE50;
    23614 : FF21;
    23615 : FFF4;
    23616 : 00E3;
    23617 : 018F;
    23618 : 01FA;
    23619 : 0279;
    23620 : 02E7;
    23621 : 0347;
    23622 : 03F3;
    23623 : 04AA;
    23624 : 0519;
    23625 : 05AD;
    23626 : 0678;
    23627 : 06E8;
    23628 : 070F;
    23629 : 075C;
    23630 : 07BE;
    23631 : 0821;
    23632 : 0887;
    23633 : 08B7;
    23634 : 08C6;
    23635 : 0907;
    23636 : 093C;
    23637 : 0924;
    23638 : 0909;
    23639 : 08FF;
    23640 : 08CB;
    23641 : 087D;
    23642 : 0838;
    23643 : 07E4;
    23644 : 0761;
    23645 : 069B;
    23646 : 05A0;
    23647 : 0495;
    23648 : 0370;
    23649 : 0239;
    23650 : 013C;
    23651 : 0061;
    23652 : FF4F;
    23653 : FE41;
    23654 : FD89;
    23655 : FD07;
    23656 : FCBC;
    23657 : FCA2;
    23658 : FC51;
    23659 : FBD5;
    23660 : FBAD;
    23661 : FBB5;
    23662 : FB93;
    23663 : FB83;
    23664 : FB96;
    23665 : FB86;
    23666 : FB70;
    23667 : FB82;
    23668 : FB7E;
    23669 : FB42;
    23670 : FAF7;
    23671 : FAC3;
    23672 : FAA8;
    23673 : FA5F;
    23674 : F9B0;
    23675 : F903;
    23676 : F8D0;
    23677 : F8E3;
    23678 : F8F8;
    23679 : F939;
    23680 : F9AB;
    23681 : F9FB;
    23682 : FA0D;
    23683 : FA30;
    23684 : FAB7;
    23685 : FB77;
    23686 : FC0B;
    23687 : FC9C;
    23688 : FD8B;
    23689 : FECB;
    23690 : 0049;
    23691 : 021B;
    23692 : 03E8;
    23693 : 0565;
    23694 : 06E0;
    23695 : 085F;
    23696 : 098D;
    23697 : 0A8D;
    23698 : 0B75;
    23699 : 0BF6;
    23700 : 0C48;
    23701 : 0CDA;
    23702 : 0D57;
    23703 : 0D6C;
    23704 : 0D4A;
    23705 : 0CE1;
    23706 : 0C18;
    23707 : 0B3E;
    23708 : 0A62;
    23709 : 0963;
    23710 : 0869;
    23711 : 0786;
    23712 : 06BA;
    23713 : 0657;
    23714 : 063F;
    23715 : 05D3;
    23716 : 0523;
    23717 : 04AA;
    23718 : 0444;
    23719 : 03A5;
    23720 : 02EA;
    23721 : 0237;
    23722 : 01AA;
    23723 : 0152;
    23724 : 0110;
    23725 : 00D3;
    23726 : 0097;
    23727 : 0022;
    23728 : FF78;
    23729 : FED3;
    23730 : FDE8;
    23731 : FC99;
    23732 : FB82;
    23733 : FAC6;
    23734 : F9E0;
    23735 : F8D6;
    23736 : F7EC;
    23737 : F6FC;
    23738 : F615;
    23739 : F55C;
    23740 : F48F;
    23741 : F3D3;
    23742 : F3AA;
    23743 : F3C9;
    23744 : F3C8;
    23745 : F3FC;
    23746 : F474;
    23747 : F4F4;
    23748 : F5C8;
    23749 : F6F2;
    23750 : F7E1;
    23751 : F8C4;
    23752 : FA24;
    23753 : FBA9;
    23754 : FD09;
    23755 : FE81;
    23756 : FFCE;
    23757 : 00A3;
    23758 : 017D;
    23759 : 0274;
    23760 : 0303;
    23761 : 0380;
    23762 : 0463;
    23763 : 0510;
    23764 : 0537;
    23765 : 0597;
    23766 : 0638;
    23767 : 067C;
    23768 : 06A4;
    23769 : 0719;
    23770 : 077B;
    23771 : 07B3;
    23772 : 0808;
    23773 : 0828;
    23774 : 07F6;
    23775 : 0833;
    23776 : 0900;
    23777 : 099E;
    23778 : 09E4;
    23779 : 0A32;
    23780 : 0A98;
    23781 : 0B16;
    23782 : 0BB0;
    23783 : 0C07;
    23784 : 0C05;
    23785 : 0C13;
    23786 : 0C27;
    23787 : 0BE1;
    23788 : 0B6D;
    23789 : 0B07;
    23790 : 0A6F;
    23791 : 0992;
    23792 : 08BB;
    23793 : 07F2;
    23794 : 06F7;
    23795 : 05DD;
    23796 : 04E8;
    23797 : 03FD;
    23798 : 02D2;
    23799 : 0197;
    23800 : 00AE;
    23801 : FFED;
    23802 : FF10;
    23803 : FE4F;
    23804 : FDBC;
    23805 : FD11;
    23806 : FC64;
    23807 : FBDF;
    23808 : FB4D;
    23809 : FABB;
    23810 : FA6B;
    23811 : FA2B;
    23812 : F9CF;
    23813 : F97F;
    23814 : F916;
    23815 : F88D;
    23816 : F858;
    23817 : F855;
    23818 : F7DD;
    23819 : F707;
    23820 : F634;
    23821 : F575;
    23822 : F523;
    23823 : F564;
    23824 : F596;
    23825 : F597;
    23826 : F5F6;
    23827 : F68D;
    23828 : F6E6;
    23829 : F72E;
    23830 : F77F;
    23831 : F7CC;
    23832 : F877;
    23833 : F9AC;
    23834 : FB0B;
    23835 : FC6C;
    23836 : FDDA;
    23837 : FF3E;
    23838 : 00B4;
    23839 : 023D;
    23840 : 0368;
    23841 : 0435;
    23842 : 052D;
    23843 : 064F;
    23844 : 0718;
    23845 : 0761;
    23846 : 0783;
    23847 : 07D7;
    23848 : 0833;
    23849 : 0828;
    23850 : 07D7;
    23851 : 07AD;
    23852 : 0769;
    23853 : 06BD;
    23854 : 0620;
    23855 : 05D0;
    23856 : 055A;
    23857 : 04C7;
    23858 : 048F;
    23859 : 0479;
    23860 : 041C;
    23861 : 03D3;
    23862 : 03E3;
    23863 : 03D7;
    23864 : 0379;
    23865 : 0339;
    23866 : 032F;
    23867 : 0316;
    23868 : 0319;
    23869 : 0348;
    23870 : 032E;
    23871 : 02CD;
    23872 : 0291;
    23873 : 024C;
    23874 : 01C9;
    23875 : 014C;
    23876 : 00A3;
    23877 : FFA5;
    23878 : FEE2;
    23879 : FE48;
    23880 : FD29;
    23881 : FBF7;
    23882 : FB2E;
    23883 : FA37;
    23884 : F924;
    23885 : F876;
    23886 : F779;
    23887 : F612;
    23888 : F553;
    23889 : F505;
    23890 : F489;
    23891 : F49B;
    23892 : F530;
    23893 : F561;
    23894 : F5BF;
    23895 : F6A5;
    23896 : F736;
    23897 : F7E5;
    23898 : F94C;
    23899 : FA33;
    23900 : FA8B;
    23901 : FBAA;
    23902 : FCE7;
    23903 : FD62;
    23904 : FE27;
    23905 : FF44;
    23906 : FFD2;
    23907 : 007F;
    23908 : 0186;
    23909 : 01E2;
    23910 : 0214;
    23911 : 02E5;
    23912 : 037A;
    23913 : 03AF;
    23914 : 0440;
    23915 : 04B9;
    23916 : 04E4;
    23917 : 0565;
    23918 : 05D2;
    23919 : 05C4;
    23920 : 05FB;
    23921 : 0670;
    23922 : 067E;
    23923 : 0684;
    23924 : 06BB;
    23925 : 06D3;
    23926 : 06EE;
    23927 : 070B;
    23928 : 0703;
    23929 : 0737;
    23930 : 0764;
    23931 : 06E2;
    23932 : 065A;
    23933 : 0656;
    23934 : 061F;
    23935 : 05BD;
    23936 : 05AD;
    23937 : 0543;
    23938 : 045A;
    23939 : 03C2;
    23940 : 0343;
    23941 : 0264;
    23942 : 01A5;
    23943 : 011D;
    23944 : 0084;
    23945 : 001B;
    23946 : FFC3;
    23947 : FF5A;
    23948 : FF5D;
    23949 : FF77;
    23950 : FEDB;
    23951 : FE1F;
    23952 : FDCF;
    23953 : FD55;
    23954 : FCBF;
    23955 : FC73;
    23956 : FC01;
    23957 : FB69;
    23958 : FB16;
    23959 : FA91;
    23960 : F9C4;
    23961 : F959;
    23962 : F8F5;
    23963 : F7E4;
    23964 : F6AB;
    23965 : F5DD;
    23966 : F559;
    23967 : F507;
    23968 : F4E1;
    23969 : F4DE;
    23970 : F50A;
    23971 : F52E;
    23972 : F542;
    23973 : F5A6;
    23974 : F635;
    23975 : F6A6;
    23976 : F75E;
    23977 : F874;
    23978 : F987;
    23979 : FAC1;
    23980 : FC56;
    23981 : FE13;
    23982 : 000C;
    23983 : 0226;
    23984 : 03F0;
    23985 : 0579;
    23986 : 06CA;
    23987 : 07D3;
    23988 : 0921;
    23989 : 0A7D;
    23990 : 0B00;
    23991 : 0B57;
    23992 : 0C19;
    23993 : 0C15;
    23994 : 0B85;
    23995 : 0BC4;
    23996 : 0BC5;
    23997 : 0AB6;
    23998 : 09FA;
    23999 : 095B;
    24000 : 081A;
    24001 : 079B;
    24002 : 076D;
    24003 : 05D2;
    24004 : 04AE;
    24005 : 0584;
    24006 : 05FF;
    24007 : 057C;
    24008 : 0519;
    24009 : 041D;
    24010 : 032D;
    24011 : 0380;
    24012 : 02E7;
    24013 : 0154;
    24014 : 01C8;
    24015 : 026C;
    24016 : 0107;
    24017 : 0120;
    24018 : 0284;
    24019 : 00C6;
    24020 : FEAA;
    24021 : FFE3;
    24022 : 0014;
    24023 : FD8C;
    24024 : FC90;
    24025 : FC96;
    24026 : FB24;
    24027 : FA0B;
    24028 : F929;
    24029 : F6F0;
    24030 : F5E5;
    24031 : F682;
    24032 : F584;
    24033 : F3A1;
    24034 : F2BF;
    24035 : F187;
    24036 : F0DB;
    24037 : F259;
    24038 : F301;
    24039 : F1DD;
    24040 : F287;
    24041 : F4D4;
    24042 : F5D8;
    24043 : F661;
    24044 : F799;
    24045 : F8A5;
    24046 : F9FE;
    24047 : FBFA;
    24048 : FD3C;
    24049 : FDD3;
    24050 : FECA;
    24051 : FFD6;
    24052 : 00BD;
    24053 : 01B2;
    24054 : 0273;
    24055 : 0353;
    24056 : 0475;
    24057 : 04D6;
    24058 : 0489;
    24059 : 04BB;
    24060 : 053A;
    24061 : 0587;
    24062 : 061C;
    24063 : 06EE;
    24064 : 0761;
    24065 : 0761;
    24066 : 0737;
    24067 : 077A;
    24068 : 084B;
    24069 : 08CD;
    24070 : 08FA;
    24071 : 09A6;
    24072 : 0A3C;
    24073 : 0A4B;
    24074 : 0ACE;
    24075 : 0B46;
    24076 : 0A8A;
    24077 : 09E4;
    24078 : 0A30;
    24079 : 09F0;
    24080 : 08EE;
    24081 : 0812;
    24082 : 06E3;
    24083 : 0596;
    24084 : 0537;
    24085 : 04D8;
    24086 : 0382;
    24087 : 023E;
    24088 : 017D;
    24089 : 00A9;
    24090 : FFED;
    24091 : FF57;
    24092 : FEB2;
    24093 : FE48;
    24094 : FDD5;
    24095 : FCFC;
    24096 : FC64;
    24097 : FC17;
    24098 : FB72;
    24099 : FB02;
    24100 : FAF5;
    24101 : FA6F;
    24102 : F9F4;
    24103 : FA29;
    24104 : F9BA;
    24105 : F84E;
    24106 : F77A;
    24107 : F78E;
    24108 : F77F;
    24109 : F6C2;
    24110 : F56B;
    24111 : F494;
    24112 : F532;
    24113 : F5EC;
    24114 : F568;
    24115 : F4B5;
    24116 : F474;
    24117 : F3FD;
    24118 : F3CD;
    24119 : F471;
    24120 : F525;
    24121 : F5B3;
    24122 : F668;
    24123 : F727;
    24124 : F860;
    24125 : FA32;
    24126 : FB87;
    24127 : FC98;
    24128 : FE95;
    24129 : 00A8;
    24130 : 01C6;
    24131 : 02D4;
    24132 : 0433;
    24133 : 0559;
    24134 : 06A7;
    24135 : 07FB;
    24136 : 086A;
    24137 : 0897;
    24138 : 0959;
    24139 : 09B2;
    24140 : 0938;
    24141 : 08F5;
    24142 : 08D3;
    24143 : 081A;
    24144 : 076F;
    24145 : 0783;
    24146 : 07BE;
    24147 : 07A2;
    24148 : 0752;
    24149 : 0685;
    24150 : 0519;
    24151 : 0404;
    24152 : 03B3;
    24153 : 02FE;
    24154 : 0193;
    24155 : 00E3;
    24156 : 0123;
    24157 : 00F5;
    24158 : 006F;
    24159 : 0090;
    24160 : 00C4;
    24161 : 006C;
    24162 : 0047;
    24163 : 0067;
    24164 : FFD4;
    24165 : FE7C;
    24166 : FD31;
    24167 : FC5D;
    24168 : FB9F;
    24169 : FA73;
    24170 : F93A;
    24171 : F8B3;
    24172 : F861;
    24173 : F77C;
    24174 : F666;
    24175 : F56B;
    24176 : F45B;
    24177 : F3A1;
    24178 : F359;
    24179 : F303;
    24180 : F316;
    24181 : F40E;
    24182 : F512;
    24183 : F5C3;
    24184 : F643;
    24185 : F600;
    24186 : F589;
    24187 : F63D;
    24188 : F742;
    24189 : F774;
    24190 : F7EB;
    24191 : F913;
    24192 : F9ED;
    24193 : FA6F;
    24194 : FA75;
    24195 : F9C6;
    24196 : FA5F;
    24197 : FD1D;
    24198 : FF1C;
    24199 : FF18;
    24200 : FF40;
    24201 : 001E;
    24202 : 008D;
    24203 : 00D3;
    24204 : 014F;
    24205 : 01A2;
    24206 : 01F0;
    24207 : 0239;
    24208 : 0288;
    24209 : 038A;
    24210 : 0481;
    24211 : 03F8;
    24212 : 02FA;
    24213 : 02EC;
    24214 : 02B0;
    24215 : 01CC;
    24216 : 01C8;
    24217 : 032F;
    24218 : 0555;
    24219 : 0790;
    24220 : 08BB;
    24221 : 082E;
    24222 : 06BA;
    24223 : 052D;
    24224 : 03F0;
    24225 : 0352;
    24226 : 026C;
    24227 : 0093;
    24228 : FF46;
    24229 : FF6A;
    24230 : FF6B;
    24231 : FE5D;
    24232 : FD0E;
    24233 : FBEC;
    24234 : FAF6;
    24235 : FA52;
    24236 : F9D0;
    24237 : F94F;
    24238 : F8F0;
    24239 : F873;
    24240 : F7E7;
    24241 : F7F3;
    24242 : F86E;
    24243 : F8A1;
    24244 : F8BB;
    24245 : F952;
    24246 : FA59;
    24247 : FB43;
    24248 : FB8E;
    24249 : FB54;
    24250 : FB1C;
    24251 : FADB;
    24252 : FA42;
    24253 : F96C;
    24254 : F86C;
    24255 : F7A2;
    24256 : F7CF;
    24257 : F85E;
    24258 : F816;
    24259 : F7AE;
    24260 : F82F;
    24261 : F88E;
    24262 : F80F;
    24263 : F7A4;
    24264 : F7D1;
    24265 : F87F;
    24266 : F994;
    24267 : FA2F;
    24268 : FA47;
    24269 : FB7B;
    24270 : FDC7;
    24271 : FF5A;
    24272 : 0026;
    24273 : 0126;
    24274 : 023C;
    24275 : 0364;
    24276 : 047D;
    24277 : 04B7;
    24278 : 04DD;
    24279 : 062D;
    24280 : 0746;
    24281 : 0737;
    24282 : 077A;
    24283 : 07E7;
    24284 : 076A;
    24285 : 0781;
    24286 : 0857;
    24287 : 0737;
    24288 : 04E0;
    24289 : 048C;
    24290 : 0509;
    24291 : 03E5;
    24292 : 02CA;
    24293 : 031C;
    24294 : 0321;
    24295 : 025B;
    24296 : 020A;
    24297 : 020B;
    24298 : 0191;
    24299 : 00CA;
    24300 : 004B;
    24301 : 008B;
    24302 : 0147;
    24303 : 015B;
    24304 : 009A;
    24305 : FFEE;
    24306 : FF59;
    24307 : FE7A;
    24308 : FDBD;
    24309 : FD1D;
    24310 : FC3E;
    24311 : FBB1;
    24312 : FB6E;
    24313 : FA3B;
    24314 : F889;
    24315 : F7FC;
    24316 : F7E0;
    24317 : F683;
    24318 : F48D;
    24319 : F344;
    24320 : F239;
    24321 : F139;
    24322 : F0F3;
    24323 : F0D9;
    24324 : F00C;
    24325 : EF9D;
    24326 : F098;
    24327 : F1D9;
    24328 : F260;
    24329 : F304;
    24330 : F445;
    24331 : F58B;
    24332 : F6BC;
    24333 : F7E0;
    24334 : F866;
    24335 : F89A;
    24336 : F99D;
    24337 : FB53;
    24338 : FCC8;
    24339 : FDF8;
    24340 : FF1C;
    24341 : FFEA;
    24342 : 0083;
    24343 : 0139;
    24344 : 01A4;
    24345 : 0179;
    24346 : 013A;
    24347 : 0178;
    24348 : 0270;
    24349 : 03E7;
    24350 : 04F1;
    24351 : 0535;
    24352 : 05A5;
    24353 : 068B;
    24354 : 0711;
    24355 : 0769;
    24356 : 085C;
    24357 : 0955;
    24358 : 09C0;
    24359 : 0A32;
    24360 : 0AA0;
    24361 : 0AC4;
    24362 : 0B8C;
    24363 : 0CDD;
    24364 : 0D1B;
    24365 : 0CC8;
    24366 : 0D7E;
    24367 : 0E20;
    24368 : 0DA3;
    24369 : 0D9F;
    24370 : 0E1D;
    24371 : 0D4B;
    24372 : 0BDE;
    24373 : 0B21;
    24374 : 0A0F;
    24375 : 08E2;
    24376 : 091D;
    24377 : 098C;
    24378 : 08D3;
    24379 : 082C;
    24380 : 07A9;
    24381 : 062B;
    24382 : 04C4;
    24383 : 03ED;
    24384 : 0220;
    24385 : 0014;
    24386 : FF8E;
    24387 : FFBB;
    24388 : 002C;
    24389 : 017B;
    24390 : 01CF;
    24391 : 0017;
    24392 : FEFD;
    24393 : FF1C;
    24394 : FDDA;
    24395 : FB8D;
    24396 : FA8B;
    24397 : FA61;
    24398 : F9BE;
    24399 : F8EF;
    24400 : F8BE;
    24401 : F9FA;
    24402 : FC52;
    24403 : FDCE;
    24404 : FDEB;
    24405 : FDE6;
    24406 : FD30;
    24407 : FADD;
    24408 : F870;
    24409 : F711;
    24410 : F658;
    24411 : F6A8;
    24412 : F81E;
    24413 : F986;
    24414 : FAFD;
    24415 : FD6E;
    24416 : 001B;
    24417 : 0219;
    24418 : 039A;
    24419 : 04C1;
    24420 : 05F9;
    24421 : 0796;
    24422 : 0864;
    24423 : 07D2;
    24424 : 076B;
    24425 : 07B7;
    24426 : 07E0;
    24427 : 0831;
    24428 : 08D8;
    24429 : 0918;
    24430 : 0963;
    24431 : 0A28;
    24432 : 0A4E;
    24433 : 09F8;
    24434 : 0A40;
    24435 : 09F2;
    24436 : 082A;
    24437 : 0717;
    24438 : 07B3;
    24439 : 0842;
    24440 : 0879;
    24441 : 0927;
    24442 : 0985;
    24443 : 096F;
    24444 : 0A0D;
    24445 : 0AAC;
    24446 : 09FC;
    24447 : 0936;
    24448 : 09A8;
    24449 : 0A33;
    24450 : 09E9;
    24451 : 0987;
    24452 : 0973;
    24453 : 0931;
    24454 : 089E;
    24455 : 07E4;
    24456 : 06FE;
    24457 : 05F2;
    24458 : 04E2;
    24459 : 03EA;
    24460 : 032F;
    24461 : 02B7;
    24462 : 0259;
    24463 : 01E7;
    24464 : 0149;
    24465 : 0088;
    24466 : FFCA;
    24467 : FF16;
    24468 : FE52;
    24469 : FD8C;
    24470 : FD05;
    24471 : FCD9;
    24472 : FCBA;
    24473 : FC57;
    24474 : FBFC;
    24475 : FC30;
    24476 : FCB2;
    24477 : FCDF;
    24478 : FCB3;
    24479 : FC7B;
    24480 : FC8B;
    24481 : FD79;
    24482 : FF52;
    24483 : 0122;
    24484 : 0243;
    24485 : 02FB;
    24486 : 0354;
    24487 : 0323;
    24488 : 02DD;
    24489 : 02F5;
    24490 : 033B;
    24491 : 0373;
    24492 : 03D1;
    24493 : 04AA;
    24494 : 059A;
    24495 : 05BB;
    24496 : 056B;
    24497 : 0615;
    24498 : 0794;
    24499 : 08B6;
    24500 : 09A7;
    24501 : 0A8C;
    24502 : 0A59;
    24503 : 0974;
    24504 : 092E;
    24505 : 08D9;
    24506 : 0809;
    24507 : 0845;
    24508 : 094F;
    24509 : 0972;
    24510 : 0976;
    24511 : 0A5B;
    24512 : 0A9C;
    24513 : 09BE;
    24514 : 092B;
    24515 : 08CA;
    24516 : 0800;
    24517 : 076E;
    24518 : 06F2;
    24519 : 063F;
    24520 : 0686;
    24521 : 0791;
    24522 : 0748;
    24523 : 063B;
    24524 : 06C2;
    24525 : 080F;
    24526 : 07D6;
    24527 : 0687;
    24528 : 05B1;
    24529 : 0538;
    24530 : 04A2;
    24531 : 0460;
    24532 : 0484;
    24533 : 0471;
    24534 : 0422;
    24535 : 0418;
    24536 : 03CD;
    24537 : 0232;
    24538 : FFDA;
    24539 : FE58;
    24540 : FDCF;
    24541 : FD62;
    24542 : FCF6;
    24543 : FC78;
    24544 : FB61;
    24545 : FA13;
    24546 : F92D;
    24547 : F7F5;
    24548 : F627;
    24549 : F523;
    24550 : F527;
    24551 : F4D6;
    24552 : F481;
    24553 : F53C;
    24554 : F601;
    24555 : F635;
    24556 : F777;
    24557 : F9A0;
    24558 : FAAF;
    24559 : FB45;
    24560 : FCD1;
    24561 : FDF7;
    24562 : FE2E;
    24563 : FF53;
    24564 : 0122;
    24565 : 0212;
    24566 : 0336;
    24567 : 0532;
    24568 : 0665;
    24569 : 06E2;
    24570 : 07DC;
    24571 : 0856;
    24572 : 0800;
    24573 : 089A;
    24574 : 09D5;
    24575 : 09E8;
    24576 : 0953;
    24577 : 0930;
    24578 : 091C;
    24579 : 090F;
    24580 : 0943;
    24581 : 08F0;
    24582 : 0818;
    24583 : 07D8;
    24584 : 0814;
    24585 : 07DE;
    24586 : 0775;
    24587 : 0768;
    24588 : 0743;
    24589 : 0695;
    24590 : 0603;
    24591 : 061F;
    24592 : 0651;
    24593 : 061A;
    24594 : 0630;
    24595 : 06C8;
    24596 : 06CB;
    24597 : 0618;
    24598 : 05C0;
    24599 : 0592;
    24600 : 04B1;
    24601 : 03C4;
    24602 : 038A;
    24603 : 031E;
    24604 : 01EE;
    24605 : 0129;
    24606 : 0178;
    24607 : 016F;
    24608 : FFFB;
    24609 : FE4D;
    24610 : FD5F;
    24611 : FC30;
    24612 : FA95;
    24613 : FA0E;
    24614 : FA5B;
    24615 : F9F0;
    24616 : F948;
    24617 : F93D;
    24618 : F8F9;
    24619 : F8C3;
    24620 : F9DF;
    24621 : FB08;
    24622 : FA98;
    24623 : FA01;
    24624 : FAAD;
    24625 : FB80;
    24626 : FBB7;
    24627 : FC22;
    24628 : FD4D;
    24629 : FEFF;
    24630 : 00A0;
    24631 : 01A9;
    24632 : 0264;
    24633 : 0321;
    24634 : 034A;
    24635 : 02E0;
    24636 : 0329;
    24637 : 0479;
    24638 : 059E;
    24639 : 060B;
    24640 : 067B;
    24641 : 0770;
    24642 : 0893;
    24643 : 09A8;
    24644 : 0AE0;
    24645 : 0C0A;
    24646 : 0CB4;
    24647 : 0D1C;
    24648 : 0D75;
    24649 : 0D01;
    24650 : 0BC8;
    24651 : 0B63;
    24652 : 0C5A;
    24653 : 0D53;
    24654 : 0D74;
    24655 : 0D1C;
    24656 : 0CDF;
    24657 : 0D46;
    24658 : 0DD6;
    24659 : 0CFF;
    24660 : 0B0E;
    24661 : 0A41;
    24662 : 0A5F;
    24663 : 0920;
    24664 : 071A;
    24665 : 0693;
    24666 : 06F7;
    24667 : 06A6;
    24668 : 060F;
    24669 : 0585;
    24670 : 0461;
    24671 : 0371;
    24672 : 0383;
    24673 : 032F;
    24674 : 01AF;
    24675 : 0053;
    24676 : FF56;
    24677 : FDCC;
    24678 : FC48;
    24679 : FBBB;
    24680 : FBE8;
    24681 : FC7E;
    24682 : FCD8;
    24683 : FBFD;
    24684 : FAA8;
    24685 : FA34;
    24686 : F9EA;
    24687 : F8C5;
    24688 : F745;
    24689 : F5B1;
    24690 : F429;
    24691 : F3A1;
    24692 : F3D9;
    24693 : F383;
    24694 : F331;
    24695 : F3E3;
    24696 : F48B;
    24697 : F43D;
    24698 : F3BB;
    24699 : F3A5;
    24700 : F3F9;
    24701 : F49D;
    24702 : F579;
    24703 : F6F4;
    24704 : F8D7;
    24705 : F9B0;
    24706 : F9F3;
    24707 : FBC7;
    24708 : FE02;
    24709 : FDFD;
    24710 : FD72;
    24711 : FEDA;
    24712 : 0067;
    24713 : 00D5;
    24714 : 020A;
    24715 : 03CF;
    24716 : 0408;
    24717 : 03C1;
    24718 : 04ED;
    24719 : 064C;
    24720 : 0654;
    24721 : 061E;
    24722 : 06B9;
    24723 : 0771;
    24724 : 07B0;
    24725 : 07DF;
    24726 : 0809;
    24727 : 07A6;
    24728 : 071E;
    24729 : 077C;
    24730 : 0887;
    24731 : 091B;
    24732 : 0922;
    24733 : 094F;
    24734 : 09B3;
    24735 : 09B9;
    24736 : 08BE;
    24737 : 0710;
    24738 : 0644;
    24739 : 06DF;
    24740 : 0723;
    24741 : 0651;
    24742 : 059F;
    24743 : 04FC;
    24744 : 0399;
    24745 : 027C;
    24746 : 023B;
    24747 : 01E2;
    24748 : 01C4;
    24749 : 0204;
    24750 : 009C;
    24751 : FE2F;
    24752 : FE81;
    24753 : 00C8;
    24754 : 007F;
    24755 : FDC9;
    24756 : FBE5;
    24757 : FB0E;
    24758 : FA74;
    24759 : FA71;
    24760 : FA3A;
    24761 : F932;
    24762 : F8D7;
    24763 : F9AE;
    24764 : FA63;
    24765 : FAA9;
    24766 : FAD5;
    24767 : FAAB;
    24768 : FAA3;
    24769 : FB0E;
    24770 : FAEB;
    24771 : FA25;
    24772 : F9FC;
    24773 : FA7E;
    24774 : FB03;
    24775 : FBE1;
    24776 : FD09;
    24777 : FD9E;
    24778 : FDED;
    24779 : FEF2;
    24780 : 002A;
    24781 : 0094;
    24782 : 00E7;
    24783 : 01F3;
    24784 : 0275;
    24785 : 01B9;
    24786 : 01F6;
    24787 : 0424;
    24788 : 05B3;
    24789 : 05D6;
    24790 : 06A2;
    24791 : 0784;
    24792 : 0695;
    24793 : 05C7;
    24794 : 06D7;
    24795 : 074C;
    24796 : 0607;
    24797 : 0598;
    24798 : 06D1;
    24799 : 07D8;
    24800 : 0824;
    24801 : 08BA;
    24802 : 09F2;
    24803 : 0ADD;
    24804 : 0AB8;
    24805 : 0A6B;
    24806 : 0AAE;
    24807 : 09EA;
    24808 : 079D;
    24809 : 0638;
    24810 : 065E;
    24811 : 0614;
    24812 : 0589;
    24813 : 062A;
    24814 : 06F1;
    24815 : 068C;
    24816 : 057B;
    24817 : 0452;
    24818 : 0329;
    24819 : 01DA;
    24820 : 0012;
    24821 : FE73;
    24822 : FDCA;
    24823 : FD42;
    24824 : FC9D;
    24825 : FD2D;
    24826 : FE64;
    24827 : FE46;
    24828 : FD50;
    24829 : FD16;
    24830 : FD56;
    24831 : FD37;
    24832 : FC8C;
    24833 : FB96;
    24834 : FACB;
    24835 : FA10;
    24836 : F921;
    24837 : F8D7;
    24838 : F991;
    24839 : FA57;
    24840 : FAE5;
    24841 : FB16;
    24842 : F9F0;
    24843 : F849;
    24844 : F7F3;
    24845 : F80A;
    24846 : F78F;
    24847 : F7EE;
    24848 : F900;
    24849 : F8F9;
    24850 : F8A8;
    24851 : F9A4;
    24852 : FB27;
    24853 : FC20;
    24854 : FC37;
    24855 : FB88;
    24856 : FB70;
    24857 : FC56;
    24858 : FC7A;
    24859 : FC3C;
    24860 : FDA4;
    24861 : FF54;
    24862 : FF42;
    24863 : FEFA;
    24864 : FF96;
    24865 : FFE4;
    24866 : FFE4;
    24867 : FFC5;
    24868 : FE55;
    24869 : FC70;
    24870 : FC67;
    24871 : FD6D;
    24872 : FD51;
    24873 : FC85;
    24874 : FC95;
    24875 : FD7A;
    24876 : FE0B;
    24877 : FD99;
    24878 : FCF1;
    24879 : FD27;
    24880 : FDB8;
    24881 : FDBA;
    24882 : FD95;
    24883 : FD84;
    24884 : FCF5;
    24885 : FC48;
    24886 : FC55;
    24887 : FCAF;
    24888 : FC96;
    24889 : FC3F;
    24890 : FBE0;
    24891 : FB03;
    24892 : F994;
    24893 : F88A;
    24894 : F862;
    24895 : F7DA;
    24896 : F640;
    24897 : F557;
    24898 : F5DA;
    24899 : F576;
    24900 : F363;
    24901 : F220;
    24902 : F261;
    24903 : F226;
    24904 : F13F;
    24905 : F0F6;
    24906 : F0D1;
    24907 : F01D;
    24908 : EFE3;
    24909 : F0E8;
    24910 : F258;
    24911 : F367;
    24912 : F463;
    24913 : F5CE;
    24914 : F710;
    24915 : F745;
    24916 : F730;
    24917 : F810;
    24918 : F8EA;
    24919 : F86C;
    24920 : F7D0;
    24921 : F86C;
    24922 : F940;
    24923 : F98F;
    24924 : FA37;
    24925 : FB63;
    24926 : FC25;
    24927 : FC46;
    24928 : FC57;
    24929 : FC7D;
    24930 : FC82;
    24931 : FCBF;
    24932 : FDB5;
    24933 : FEBC;
    24934 : FEF3;
    24935 : FF69;
    24936 : 0142;
    24937 : 0334;
    24938 : 0425;
    24939 : 053C;
    24940 : 06B1;
    24941 : 0712;
    24942 : 0676;
    24943 : 062A;
    24944 : 0689;
    24945 : 0798;
    24946 : 0945;
    24947 : 0ADD;
    24948 : 0BF7;
    24949 : 0C4D;
    24950 : 0B67;
    24951 : 0A32;
    24952 : 09DD;
    24953 : 094F;
    24954 : 0782;
    24955 : 05B6;
    24956 : 04BF;
    24957 : 043B;
    24958 : 043B;
    24959 : 0449;
    24960 : 0397;
    24961 : 02F7;
    24962 : 02F5;
    24963 : 0273;
    24964 : 0167;
    24965 : 00EA;
    24966 : 00E0;
    24967 : 00AF;
    24968 : 0038;
    24969 : FF81;
    24970 : FF1E;
    24971 : FEF4;
    24972 : FDD7;
    24973 : FC94;
    24974 : FCCB;
    24975 : FCDC;
    24976 : FB38;
    24977 : F9BC;
    24978 : F91F;
    24979 : F803;
    24980 : F707;
    24981 : F6F7;
    24982 : F6CD;
    24983 : F6A9;
    24984 : F6E8;
    24985 : F657;
    24986 : F58B;
    24987 : F62F;
    24988 : F712;
    24989 : F700;
    24990 : F70B;
    24991 : F75F;
    24992 : F7C2;
    24993 : F917;
    24994 : FAA2;
    24995 : FB47;
    24996 : FC61;
    24997 : FE2E;
    24998 : FEEB;
    24999 : FF2C;
    25000 : 0012;
    25001 : 007C;
    25002 : 0066;
    25003 : 00DC;
    25004 : 00F1;
    25005 : 0077;
    25006 : 00DD;
    25007 : 0169;
    25008 : 0107;
    25009 : 0115;
    25010 : 01BE;
    25011 : 017C;
    25012 : 00F5;
    25013 : 0121;
    25014 : 00B6;
    25015 : FF9B;
    25016 : FFD2;
    25017 : 0165;
    25018 : 024B;
    25019 : 01F0;
    25020 : 019A;
    25021 : 0201;
    25022 : 0295;
    25023 : 02DF;
    25024 : 0312;
    25025 : 0340;
    25026 : 0379;
    25027 : 03ED;
    25028 : 041C;
    25029 : 03C3;
    25030 : 03DF;
    25031 : 049C;
    25032 : 04C3;
    25033 : 0431;
    25034 : 038E;
    25035 : 02CF;
    25036 : 025D;
    25037 : 026B;
    25038 : 01D4;
    25039 : 00E8;
    25040 : 0129;
    25041 : 01A6;
    25042 : 015F;
    25043 : 01DF;
    25044 : 02F2;
    25045 : 02A3;
    25046 : 0221;
    25047 : 02FA;
    25048 : 036A;
    25049 : 02A1;
    25050 : 01EF;
    25051 : 014B;
    25052 : 00D8;
    25053 : 01CC;
    25054 : 030D;
    25055 : 0306;
    25056 : 031C;
    25057 : 044E;
    25058 : 0536;
    25059 : 0554;
    25060 : 054B;
    25061 : 04D3;
    25062 : 03C6;
    25063 : 02E8;
    25064 : 02D0;
    25065 : 033C;
    25066 : 031C;
    25067 : 0214;
    25068 : 01A4;
    25069 : 027A;
    25070 : 031B;
    25071 : 0325;
    25072 : 0398;
    25073 : 03EC;
    25074 : 038D;
    25075 : 0395;
    25076 : 042E;
    25077 : 0453;
    25078 : 042A;
    25079 : 042A;
    25080 : 043D;
    25081 : 04B8;
    25082 : 0554;
    25083 : 0505;
    25084 : 042C;
    25085 : 038A;
    25086 : 029C;
    25087 : 01DA;
    25088 : 023C;
    25089 : 024A;
    25090 : 00D9;
    25091 : FFF1;
    25092 : 00B9;
    25093 : 018A;
    25094 : 01A1;
    25095 : 018E;
    25096 : 0128;
    25097 : 008D;
    25098 : 0039;
    25099 : FF90;
    25100 : FE41;
    25101 : FD41;
    25102 : FCD1;
    25103 : FC80;
    25104 : FCBB;
    25105 : FDBF;
    25106 : FE97;
    25107 : FE7A;
    25108 : FD97;
    25109 : FCA5;
    25110 : FC4C;
    25111 : FC56;
    25112 : FBFD;
    25113 : FB44;
    25114 : FADC;
    25115 : FAE2;
    25116 : FAC8;
    25117 : FA19;
    25118 : F920;
    25119 : F88F;
    25120 : F828;
    25121 : F701;
    25122 : F533;
    25123 : F374;
    25124 : F1E4;
    25125 : F0AA;
    25126 : EFF2;
    25127 : EF50;
    25128 : EED6;
    25129 : EF00;
    25130 : EF31;
    25131 : EECD;
    25132 : EE2D;
    25133 : ED1C;
    25134 : EBB1;
    25135 : EB3E;
    25136 : EB93;
    25137 : EB5F;
    25138 : EB94;
    25139 : ECED;
    25140 : EDB2;
    25141 : EDCB;
    25142 : EEE1;
    25143 : F037;
    25144 : F0AC;
    25145 : F118;
    25146 : F160;
    25147 : F0DA;
    25148 : F08E;
    25149 : F0C7;
    25150 : F0C3;
    25151 : F144;
    25152 : F290;
    25153 : F370;
    25154 : F414;
    25155 : F4EF;
    25156 : F4FD;
    25157 : F485;
    25158 : F49A;
    25159 : F48B;
    25160 : F443;
    25161 : F493;
    25162 : F477;
    25163 : F3E8;
    25164 : F51E;
    25165 : F771;
    25166 : F84D;
    25167 : F865;
    25168 : F8F9;
    25169 : F8CE;
    25170 : F7C7;
    25171 : F77E;
    25172 : F7F5;
    25173 : F7D0;
    25174 : F682;
    25175 : F532;
    25176 : F57D;
    25177 : F670;
    25178 : F5F7;
    25179 : F531;
    25180 : F5C1;
    25181 : F60B;
    25182 : F53B;
    25183 : F4BA;
    25184 : F43E;
    25185 : F34E;
    25186 : F32C;
    25187 : F33A;
    25188 : F1F0;
    25189 : F0A6;
    25190 : F07F;
    25191 : F025;
    25192 : EF32;
    25193 : EE82;
    25194 : EE6C;
    25195 : EED4;
    25196 : EE95;
    25197 : ED43;
    25198 : ED4E;
    25199 : EF40;
    25200 : EFF8;
    25201 : EF9C;
    25202 : F0EC;
    25203 : F25E;
    25204 : F214;
    25205 : F24D;
    25206 : F394;
    25207 : F3FA;
    25208 : F41D;
    25209 : F4C6;
    25210 : F4EF;
    25211 : F522;
    25212 : F61D;
    25213 : F6C2;
    25214 : F761;
    25215 : F8E3;
    25216 : F9FB;
    25217 : FA41;
    25218 : FADF;
    25219 : FB52;
    25220 : FB38;
    25221 : FBD4;
    25222 : FD02;
    25223 : FDED;
    25224 : FEFF;
    25225 : FFC8;
    25226 : FFF5;
    25227 : 00F0;
    25228 : 0246;
    25229 : 01EA;
    25230 : 0102;
    25231 : 0188;
    25232 : 027B;
    25233 : 02F8;
    25234 : 035A;
    25235 : 034A;
    25236 : 0342;
    25237 : 040F;
    25238 : 043C;
    25239 : 0316;
    25240 : 0262;
    25241 : 020D;
    25242 : 00A8;
    25243 : FF44;
    25244 : FEDA;
    25245 : FE3D;
    25246 : FD77;
    25247 : FD7E;
    25248 : FD88;
    25249 : FD08;
    25250 : FCE3;
    25251 : FD21;
    25252 : FD3E;
    25253 : FD51;
    25254 : FCD4;
    25255 : FB3B;
    25256 : F9BD;
    25257 : F98E;
    25258 : FA0D;
    25259 : FA68;
    25260 : FAE0;
    25261 : FB8A;
    25262 : FBA3;
    25263 : FAB1;
    25264 : F967;
    25265 : F897;
    25266 : F7D6;
    25267 : F652;
    25268 : F453;
    25269 : F2DA;
    25270 : F25D;
    25271 : F26B;
    25272 : F248;
    25273 : F1E3;
    25274 : F1AA;
    25275 : F16D;
    25276 : F0D5;
    25277 : F03D;
    25278 : EF78;
    25279 : EE08;
    25280 : ED0D;
    25281 : ED73;
    25282 : EDCB;
    25283 : ED60;
    25284 : EDC4;
    25285 : EF37;
    25286 : F06A;
    25287 : F160;
    25288 : F267;
    25289 : F2FD;
    25290 : F359;
    25291 : F381;
    25292 : F2CB;
    25293 : F25C;
    25294 : F385;
    25295 : F489;
    25296 : F43C;
    25297 : F454;
    25298 : F4ED;
    25299 : F464;
    25300 : F393;
    25301 : F3C7;
    25302 : F3ED;
    25303 : F36E;
    25304 : F2F4;
    25305 : F280;
    25306 : F27E;
    25307 : F3A1;
    25308 : F4CF;
    25309 : F52C;
    25310 : F5EB;
    25311 : F7A2;
    25312 : F96E;
    25313 : FAD0;
    25314 : FB9A;
    25315 : FBFB;
    25316 : FC98;
    25317 : FCEA;
    25318 : FC4C;
    25319 : FC30;
    25320 : FD39;
    25321 : FDC9;
    25322 : FDF6;
    25323 : FF1C;
    25324 : FFFE;
    25325 : FF41;
    25326 : FE64;
    25327 : FE57;
    25328 : FE0A;
    25329 : FD61;
    25330 : FD4A;
    25331 : FDBD;
    25332 : FDE8;
    25333 : FD9B;
    25334 : FDD5;
    25335 : FF0B;
    25336 : FF9C;
    25337 : FEC9;
    25338 : FE90;
    25339 : FF65;
    25340 : FF52;
    25341 : FEB9;
    25342 : FF45;
    25343 : 0005;
    25344 : 004B;
    25345 : 013D;
    25346 : 0217;
    25347 : 018C;
    25348 : 0139;
    25349 : 0207;
    25350 : 0226;
    25351 : 0169;
    25352 : 0173;
    25353 : 01F3;
    25354 : 01A7;
    25355 : 00C5;
    25356 : 0008;
    25357 : FFC5;
    25358 : 0015;
    25359 : 009E;
    25360 : 011D;
    25361 : 01AA;
    25362 : 01D6;
    25363 : 013D;
    25364 : 00D0;
    25365 : 017B;
    25366 : 027C;
    25367 : 02EB;
    25368 : 0360;
    25369 : 0484;
    25370 : 05BD;
    25371 : 06B3;
    25372 : 07ED;
    25373 : 0915;
    25374 : 0933;
    25375 : 08D9;
    25376 : 08EB;
    25377 : 08AA;
    25378 : 07B5;
    25379 : 0726;
    25380 : 072D;
    25381 : 071B;
    25382 : 073C;
    25383 : 07A8;
    25384 : 0796;
    25385 : 06FF;
    25386 : 0639;
    25387 : 04FD;
    25388 : 03AE;
    25389 : 02EF;
    25390 : 021D;
    25391 : 00D3;
    25392 : FFFA;
    25393 : FFFB;
    25394 : 0076;
    25395 : 0115;
    25396 : 0111;
    25397 : 0015;
    25398 : FF6D;
    25399 : FFC0;
    25400 : FFD1;
    25401 : FF02;
    25402 : FE19;
    25403 : FD7E;
    25404 : FD33;
    25405 : FD49;
    25406 : FD42;
    25407 : FC8C;
    25408 : FB9E;
    25409 : FB2E;
    25410 : FAF3;
    25411 : FA1C;
    25412 : F891;
    25413 : F732;
    25414 : F692;
    25415 : F64D;
    25416 : F615;
    25417 : F63B;
    25418 : F6B5;
    25419 : F734;
    25420 : F7E0;
    25421 : F8CA;
    25422 : F98C;
    25423 : FA02;
    25424 : FA6B;
    25425 : FAFA;
    25426 : FBA8;
    25427 : FC10;
    25428 : FC1D;
    25429 : FCD6;
    25430 : FEE0;
    25431 : 010F;
    25432 : 023A;
    25433 : 02F6;
    25434 : 03FC;
    25435 : 04E3;
    25436 : 0535;
    25437 : 052F;
    25438 : 0556;
    25439 : 05E9;
    25440 : 06A0;
    25441 : 074F;
    25442 : 0855;
    25443 : 097B;
    25444 : 09C9;
    25445 : 095C;
    25446 : 0947;
    25447 : 099C;
    25448 : 09ED;
    25449 : 0A52;
    25450 : 0A82;
    25451 : 0A41;
    25452 : 0A95;
    25453 : 0BD1;
    25454 : 0C78;
    25455 : 0C2F;
    25456 : 0C76;
    25457 : 0DA3;
    25458 : 0E9E;
    25459 : 0EF8;
    25460 : 0EE0;
    25461 : 0E9E;
    25462 : 0E72;
    25463 : 0DFD;
    25464 : 0D3C;
    25465 : 0D7B;
    25466 : 0EDF;
    25467 : 0F6F;
    25468 : 0E8B;
    25469 : 0DB3;
    25470 : 0D60;
    25471 : 0CEE;
    25472 : 0C4C;
    25473 : 0B7E;
    25474 : 0A98;
    25475 : 0A30;
    25476 : 0A13;
    25477 : 0982;
    25478 : 090A;
    25479 : 0941;
    25480 : 0962;
    25481 : 090E;
    25482 : 08B9;
    25483 : 0852;
    25484 : 080E;
    25485 : 0882;
    25486 : 08D5;
    25487 : 081E;
    25488 : 0790;
    25489 : 081F;
    25490 : 0898;
    25491 : 088B;
    25492 : 095E;
    25493 : 0B1C;
    25494 : 0BDC;
    25495 : 0B29;
    25496 : 0A99;
    25497 : 0AB5;
    25498 : 0A6E;
    25499 : 0991;
    25500 : 08E4;
    25501 : 0892;
    25502 : 08AF;
    25503 : 0965;
    25504 : 09E5;
    25505 : 09C5;
    25506 : 0A08;
    25507 : 0A95;
    25508 : 09F7;
    25509 : 0889;
    25510 : 07C4;
    25511 : 07B4;
    25512 : 081A;
    25513 : 08D5;
    25514 : 08E5;
    25515 : 087F;
    25516 : 0932;
    25517 : 0A2A;
    25518 : 0991;
    25519 : 08B6;
    25520 : 0927;
    25521 : 0975;
    25522 : 08D4;
    25523 : 08A9;
    25524 : 095E;
    25525 : 0A2C;
    25526 : 0AF7;
    25527 : 0BCC;
    25528 : 0C8E;
    25529 : 0D79;
    25530 : 0E62;
    25531 : 0E9C;
    25532 : 0DF9;
    25533 : 0D10;
    25534 : 0C8D;
    25535 : 0C3D;
    25536 : 0B76;
    25537 : 0AD7;
    25538 : 0B84;
    25539 : 0CC1;
    25540 : 0D86;
    25541 : 0E60;
    25542 : 0F24;
    25543 : 0EAD;
    25544 : 0DAE;
    25545 : 0D4E;
    25546 : 0CE7;
    25547 : 0C5D;
    25548 : 0CA6;
    25549 : 0D6E;
    25550 : 0E05;
    25551 : 0EAF;
    25552 : 0F2E;
    25553 : 0F08;
    25554 : 0E9A;
    25555 : 0E14;
    25556 : 0D73;
    25557 : 0CFD;
    25558 : 0C37;
    25559 : 0AE9;
    25560 : 0A29;
    25561 : 09DA;
    25562 : 08F9;
    25563 : 088A;
    25564 : 0937;
    25565 : 093E;
    25566 : 085F;
    25567 : 07F8;
    25568 : 0758;
    25569 : 05ED;
    25570 : 0537;
    25571 : 052C;
    25572 : 04C4;
    25573 : 04F8;
    25574 : 0645;
    25575 : 0785;
    25576 : 08B6;
    25577 : 09E3;
    25578 : 0A2E;
    25579 : 0A56;
    25580 : 0B0E;
    25581 : 0AE3;
    25582 : 0A0B;
    25583 : 0A75;
    25584 : 0B17;
    25585 : 0A3F;
    25586 : 0963;
    25587 : 0991;
    25588 : 09AF;
    25589 : 0997;
    25590 : 0992;
    25591 : 08F4;
    25592 : 0809;
    25593 : 07B4;
    25594 : 0791;
    25595 : 071F;
    25596 : 0698;
    25597 : 0654;
    25598 : 06C2;
    25599 : 0799;
    25600 : 07CD;
    25601 : 07C0;
    25602 : 088A;
    25603 : 096B;
    25604 : 0998;
    25605 : 09DD;
    25606 : 0A5A;
    25607 : 0A5F;
    25608 : 0A19;
    25609 : 09B7;
    25610 : 0964;
    25611 : 0A04;
    25612 : 0B37;
    25613 : 0B7B;
    25614 : 0B15;
    25615 : 0ACD;
    25616 : 09D6;
    25617 : 082A;
    25618 : 06FC;
    25619 : 0626;
    25620 : 0527;
    25621 : 048B;
    25622 : 040D;
    25623 : 02DF;
    25624 : 01AA;
    25625 : 0151;
    25626 : 0160;
    25627 : 0112;
    25628 : 0066;
    25629 : 0042;
    25630 : 0133;
    25631 : 01F0;
    25632 : 0165;
    25633 : 00FF;
    25634 : 01DF;
    25635 : 02E4;
    25636 : 039E;
    25637 : 04C5;
    25638 : 0600;
    25639 : 06D0;
    25640 : 0782;
    25641 : 07B5;
    25642 : 0715;
    25643 : 0673;
    25644 : 0622;
    25645 : 05D7;
    25646 : 0612;
    25647 : 0707;
    25648 : 0804;
    25649 : 08CE;
    25650 : 0947;
    25651 : 08E0;
    25652 : 07DC;
    25653 : 070E;
    25654 : 06AD;
    25655 : 06F3;
    25656 : 0814;
    25657 : 0973;
    25658 : 0A7E;
    25659 : 0B56;
    25660 : 0C41;
    25661 : 0D8C;
    25662 : 0EFF;
    25663 : 0FD9;
    25664 : 1084;
    25665 : 11E8;
    25666 : 1305;
    25667 : 12A2;
    25668 : 11AB;
    25669 : 113B;
    25670 : 114B;
    25671 : 11A7;
    25672 : 119D;
    25673 : 10F2;
    25674 : 1104;
    25675 : 1198;
    25676 : 1071;
    25677 : 0E44;
    25678 : 0D78;
    25679 : 0D19;
    25680 : 0BDE;
    25681 : 0B4D;
    25682 : 0BA7;
    25683 : 0BA0;
    25684 : 0BFF;
    25685 : 0CFC;
    25686 : 0C88;
    25687 : 0ADE;
    25688 : 0A5E;
    25689 : 0B02;
    25690 : 0B90;
    25691 : 0C23;
    25692 : 0CA7;
    25693 : 0CB5;
    25694 : 0CA7;
    25695 : 0C6A;
    25696 : 0BAD;
    25697 : 0B20;
    25698 : 0B08;
    25699 : 0A86;
    25700 : 096B;
    25701 : 084C;
    25702 : 0720;
    25703 : 0575;
    25704 : 032A;
    25705 : 00E3;
    25706 : FFBE;
    25707 : FFB3;
    25708 : FF81;
    25709 : FEC6;
    25710 : FE18;
    25711 : FD98;
    25712 : FD2A;
    25713 : FCC0;
    25714 : FC13;
    25715 : FB76;
    25716 : FB57;
    25717 : FB29;
    25718 : FAF0;
    25719 : FBCF;
    25720 : FD58;
    25721 : FE21;
    25722 : FE91;
    25723 : FF61;
    25724 : FFE0;
    25725 : FFF0;
    25726 : 000C;
    25727 : FFCD;
    25728 : FF87;
    25729 : 0033;
    25730 : 0099;
    25731 : FF59;
    25732 : FE33;
    25733 : FE9E;
    25734 : FF04;
    25735 : FE6B;
    25736 : FE01;
    25737 : FDF7;
    25738 : FD6D;
    25739 : FCC9;
    25740 : FCE2;
    25741 : FD55;
    25742 : FD90;
    25743 : FE19;
    25744 : FFAA;
    25745 : 01BF;
    25746 : 0323;
    25747 : 03EA;
    25748 : 0528;
    25749 : 069E;
    25750 : 0708;
    25751 : 069C;
    25752 : 0697;
    25753 : 0710;
    25754 : 0767;
    25755 : 07A7;
    25756 : 080F;
    25757 : 086F;
    25758 : 0870;
    25759 : 07E5;
    25760 : 073F;
    25761 : 074A;
    25762 : 07C9;
    25763 : 0790;
    25764 : 068F;
    25765 : 0603;
    25766 : 0660;
    25767 : 06AE;
    25768 : 0616;
    25769 : 0529;
    25770 : 053D;
    25771 : 0680;
    25772 : 078E;
    25773 : 0799;
    25774 : 0785;
    25775 : 07E9;
    25776 : 0815;
    25777 : 07C8;
    25778 : 07B4;
    25779 : 0808;
    25780 : 087F;
    25781 : 095A;
    25782 : 0A86;
    25783 : 0AF9;
    25784 : 0A46;
    25785 : 094E;
    25786 : 0894;
    25787 : 07C1;
    25788 : 06CE;
    25789 : 0605;
    25790 : 056B;
    25791 : 0533;
    25792 : 056E;
    25793 : 055F;
    25794 : 04D7;
    25795 : 04C4;
    25796 : 0516;
    25797 : 04CC;
    25798 : 0450;
    25799 : 04A8;
    25800 : 056E;
    25801 : 05FD;
    25802 : 066B;
    25803 : 069E;
    25804 : 06B1;
    25805 : 0739;
    25806 : 07E3;
    25807 : 083A;
    25808 : 08E1;
    25809 : 09DE;
    25810 : 0A28;
    25811 : 09C3;
    25812 : 0953;
    25813 : 08CF;
    25814 : 088A;
    25815 : 08D8;
    25816 : 0911;
    25817 : 0953;
    25818 : 0A40;
    25819 : 0A96;
    25820 : 096E;
    25821 : 088C;
    25822 : 0892;
    25823 : 07BE;
    25824 : 061E;
    25825 : 0532;
    25826 : 048D;
    25827 : 03A1;
    25828 : 0364;
    25829 : 03DD;
    25830 : 0410;
    25831 : 03E6;
    25832 : 0357;
    25833 : 0212;
    25834 : 00CD;
    25835 : 000F;
    25836 : FF22;
    25837 : FDE8;
    25838 : FD23;
    25839 : FC8F;
    25840 : FB95;
    25841 : FAD7;
    25842 : FADE;
    25843 : FAC9;
    25844 : F9D5;
    25845 : F877;
    25846 : F742;
    25847 : F635;
    25848 : F558;
    25849 : F49C;
    25850 : F39F;
    25851 : F2D1;
    25852 : F360;
    25853 : F4E2;
    25854 : F58B;
    25855 : F539;
    25856 : F52A;
    25857 : F518;
    25858 : F42E;
    25859 : F34B;
    25860 : F34B;
    25861 : F378;
    25862 : F35D;
    25863 : F3BB;
    25864 : F4E2;
    25865 : F61F;
    25866 : F6E0;
    25867 : F73A;
    25868 : F78D;
    25869 : F829;
    25870 : F91B;
    25871 : FA10;
    25872 : FAB3;
    25873 : FB12;
    25874 : FB55;
    25875 : FB78;
    25876 : FBE3;
    25877 : FCF9;
    25878 : FDF6;
    25879 : FE45;
    25880 : FEFE;
    25881 : 0070;
    25882 : 00FB;
    25883 : 00AA;
    25884 : 014A;
    25885 : 0233;
    25886 : 01BC;
    25887 : 0137;
    25888 : 024B;
    25889 : 03D2;
    25890 : 04BF;
    25891 : 0573;
    25892 : 05B8;
    25893 : 0584;
    25894 : 05BF;
    25895 : 0609;
    25896 : 0547;
    25897 : 045C;
    25898 : 0492;
    25899 : 0517;
    25900 : 04DE;
    25901 : 0479;
    25902 : 046B;
    25903 : 041A;
    25904 : 0348;
    25905 : 02BB;
    25906 : 02C5;
    25907 : 0287;
    25908 : 0161;
    25909 : FFF8;
    25910 : FF25;
    25911 : FED2;
    25912 : FE3D;
    25913 : FCEF;
    25914 : FB93;
    25915 : FB22;
    25916 : FB08;
    25917 : FA2A;
    25918 : F90E;
    25919 : F882;
    25920 : F803;
    25921 : F765;
    25922 : F70D;
    25923 : F6B0;
    25924 : F6A2;
    25925 : F7D4;
    25926 : F934;
    25927 : F947;
    25928 : F8FA;
    25929 : F919;
    25930 : F8E3;
    25931 : F8AE;
    25932 : F917;
    25933 : F924;
    25934 : F8A5;
    25935 : F88C;
    25936 : F86F;
    25937 : F7ED;
    25938 : F7F8;
    25939 : F856;
    25940 : F7E8;
    25941 : F705;
    25942 : F659;
    25943 : F5E0;
    25944 : F5A2;
    25945 : F518;
    25946 : F3E3;
    25947 : F337;
    25948 : F374;
    25949 : F351;
    25950 : F32A;
    25951 : F434;
    25952 : F585;
    25953 : F640;
    25954 : F6F8;
    25955 : F75C;
    25956 : F73A;
    25957 : F7B5;
    25958 : F8C9;
    25959 : F9B7;
    25960 : FB11;
    25961 : FCA4;
    25962 : FD5D;
    25963 : FE2E;
    25964 : FFD2;
    25965 : 00AE;
    25966 : 004E;
    25967 : FFD0;
    25968 : FF0F;
    25969 : FE20;
    25970 : FE12;
    25971 : FE37;
    25972 : FD99;
    25973 : FD5A;
    25974 : FDD0;
    25975 : FDA4;
    25976 : FD0D;
    25977 : FD2C;
    25978 : FDAF;
    25979 : FDEE;
    25980 : FDF5;
    25981 : FDEC;
    25982 : FE14;
    25983 : FE7C;
    25984 : FED9;
    25985 : FF71;
    25986 : 00A2;
    25987 : 01E1;
    25988 : 02B4;
    25989 : 032B;
    25990 : 0348;
    25991 : 0353;
    25992 : 0360;
    25993 : 02D7;
    25994 : 020A;
    25995 : 01DA;
    25996 : 01B2;
    25997 : 013B;
    25998 : 017E;
    25999 : 01B6;
    26000 : 0035;
    26001 : FE57;
    26002 : FDC8;
    26003 : FD1C;
    26004 : FB94;
    26005 : FACA;
    26006 : FAFC;
    26007 : FB07;
    26008 : FADF;
    26009 : FAAD;
    26010 : FA60;
    26011 : FAA8;
    26012 : FBB0;
    26013 : FC7A;
    26014 : FC95;
    26015 : FC72;
    26016 : FC72;
    26017 : FC9B;
    26018 : FC69;
    26019 : FBB6;
    26020 : FB9C;
    26021 : FCA6;
    26022 : FD96;
    26023 : FD88;
    26024 : FCD2;
    26025 : FBBA;
    26026 : FA7A;
    26027 : F93E;
    26028 : F79D;
    26029 : F5FA;
    26030 : F591;
    26031 : F604;
    26032 : F603;
    26033 : F5B5;
    26034 : F58C;
    26035 : F548;
    26036 : F55A;
    26037 : F600;
    26038 : F63A;
    26039 : F5EB;
    26040 : F5FB;
    26041 : F634;
    26042 : F629;
    26043 : F63D;
    26044 : F64B;
    26045 : F63A;
    26046 : F6B6;
    26047 : F728;
    26048 : F6A7;
    26049 : F671;
    26050 : F702;
    26051 : F659;
    26052 : F473;
    26053 : F36C;
    26054 : F2AB;
    26055 : F0BA;
    26056 : EF0B;
    26057 : EE92;
    26058 : EDBE;
    26059 : EC57;
    26060 : EBA6;
    26061 : EB42;
    26062 : EA59;
    26063 : E99E;
    26064 : E99B;
    26065 : EA11;
    26066 : EAEA;
    26067 : EBC8;
    26068 : EC4E;
    26069 : ED0B;
    26070 : EE55;
    26071 : EF94;
    26072 : F0B1;
    26073 : F222;
    26074 : F3B3;
    26075 : F4DC;
    26076 : F56C;
    26077 : F555;
    26078 : F500;
    26079 : F537;
    26080 : F5D0;
    26081 : F5DC;
    26082 : F569;
    26083 : F552;
    26084 : F5BB;
    26085 : F63B;
    26086 : F6C5;
    26087 : F748;
    26088 : F78D;
    26089 : F7C9;
    26090 : F847;
    26091 : F8D4;
    26092 : F961;
    26093 : FA42;
    26094 : FB5A;
    26095 : FC5B;
    26096 : FD90;
    26097 : FF0B;
    26098 : 0023;
    26099 : 00AE;
    26100 : 0137;
    26101 : 01E2;
    26102 : 02A1;
    26103 : 039B;
    26104 : 049C;
    26105 : 058B;
    26106 : 06D0;
    26107 : 080F;
    26108 : 0857;
    26109 : 0810;
    26110 : 0804;
    26111 : 078D;
    26112 : 0658;
    26113 : 0587;
    26114 : 0541;
    26115 : 046B;
    26116 : 0330;
    26117 : 0270;
    26118 : 01CC;
    26119 : 0105;
    26120 : 00E2;
    26121 : 013D;
    26122 : 00FE;
    26123 : 0043;
    26124 : FFDC;
    26125 : FF69;
    26126 : FE32;
    26127 : FCBA;
    26128 : FC1D;
    26129 : FC9A;
    26130 : FD48;
    26131 : FD45;
    26132 : FCC6;
    26133 : FC4A;
    26134 : FB6E;
    26135 : F9F6;
    26136 : F87D;
    26137 : F711;
    26138 : F55F;
    26139 : F42C;
    26140 : F40F;
    26141 : F407;
    26142 : F373;
    26143 : F2D5;
    26144 : F24F;
    26145 : F1EC;
    26146 : F1F3;
    26147 : F1A6;
    26148 : F064;
    26149 : EF5C;
    26150 : EF3F;
    26151 : EF22;
    26152 : EEFC;
    26153 : EF66;
    26154 : EFBC;
    26155 : EFCC;
    26156 : F08B;
    26157 : F1A1;
    26158 : F1F3;
    26159 : F1D4;
    26160 : F1CB;
    26161 : F17C;
    26162 : F0E1;
    26163 : F037;
    26164 : EF5D;
    26165 : EE92;
    26166 : EE46;
    26167 : EE4C;
    26168 : EE78;
    26169 : EEA1;
    26170 : EE2C;
    26171 : ED24;
    26172 : EC9C;
    26173 : ED0E;
    26174 : EDD1;
    26175 : EE4A;
    26176 : EE8F;
    26177 : EF29;
    26178 : F058;
    26179 : F18C;
    26180 : F243;
    26181 : F2DE;
    26182 : F3CD;
    26183 : F4E2;
    26184 : F5D5;
    26185 : F695;
    26186 : F736;
    26187 : F7C9;
    26188 : F834;
    26189 : F88D;
    26190 : F947;
    26191 : FA67;
    26192 : FB6D;
    26193 : FC26;
    26194 : FCA1;
    26195 : FCDB;
    26196 : FD0B;
    26197 : FD6E;
    26198 : FDD4;
    26199 : FE16;
    26200 : FE51;
    26201 : FE8F;
    26202 : FEDE;
    26203 : FF55;
    26204 : FFC9;
    26205 : 0030;
    26206 : 00DB;
    26207 : 01AE;
    26208 : 01FB;
    26209 : 0181;
    26210 : 0105;
    26211 : 018F;
    26212 : 02D1;
    26213 : 036A;
    26214 : 032B;
    26215 : 0347;
    26216 : 03DD;
    26217 : 03E1;
    26218 : 0330;
    26219 : 027F;
    26220 : 0214;
    26221 : 01CE;
    26222 : 0162;
    26223 : 00AB;
    26224 : 003C;
    26225 : 0090;
    26226 : 00DD;
    26227 : 0045;
    26228 : FF60;
    26229 : FF35;
    26230 : FF83;
    26231 : FF49;
    26232 : FE80;
    26233 : FDCF;
    26234 : FD06;
    26235 : FBCB;
    26236 : FAFC;
    26237 : FB2B;
    26238 : FB98;
    26239 : FBFC;
    26240 : FCA2;
    26241 : FCCC;
    26242 : FC0C;
    26243 : FB41;
    26244 : FAA1;
    26245 : F9BC;
    26246 : F909;
    26247 : F8E5;
    26248 : F918;
    26249 : F9DA;
    26250 : FAD8;
    26251 : FB24;
    26252 : FB3A;
    26253 : FBF1;
    26254 : FC7F;
    26255 : FC71;
    26256 : FC90;
    26257 : FCF4;
    26258 : FD19;
    26259 : FCDA;
    26260 : FC3E;
    26261 : FBF7;
    26262 : FCAF;
    26263 : FD6A;
    26264 : FD50;
    26265 : FD27;
    26266 : FCF6;
    26267 : FC2D;
    26268 : FB91;
    26269 : FB46;
    26270 : FA3E;
    26271 : F912;
    26272 : F8BF;
    26273 : F875;
    26274 : F7FF;
    26275 : F803;
    26276 : F7CB;
    26277 : F74F;
    26278 : F7E6;
    26279 : F8BF;
    26280 : F828;
    26281 : F741;
    26282 : F767;
    26283 : F7DB;
    26284 : F820;
    26285 : F859;
    26286 : F824;
    26287 : F806;
    26288 : F8F2;
    26289 : F9F6;
    26290 : F9CC;
    26291 : F950;
    26292 : F9A7;
    26293 : FA09;
    26294 : F96E;
    26295 : F894;
    26296 : F87E;
    26297 : F88D;
    26298 : F837;
    26299 : F884;
    26300 : F9BA;
    26301 : FAA6;
    26302 : FB30;
    26303 : FBDC;
    26304 : FC18;
    26305 : FC1B;
    26306 : FD24;
    26307 : FEA8;
    26308 : FF79;
    26309 : 0046;
    26310 : 01D6;
    26311 : 03AC;
    26312 : 052E;
    26313 : 05E5;
    26314 : 0625;
    26315 : 0767;
    26316 : 095F;
    26317 : 09E1;
    26318 : 091F;
    26319 : 0931;
    26320 : 0A0D;
    26321 : 0A93;
    26322 : 0AF7;
    26323 : 0B75;
    26324 : 0BD5;
    26325 : 0C35;
    26326 : 0C5B;
    26327 : 0BEA;
    26328 : 0B45;
    26329 : 0AC6;
    26330 : 0A3D;
    26331 : 099B;
    26332 : 08F4;
    26333 : 0894;
    26334 : 08EB;
    26335 : 098B;
    26336 : 0993;
    26337 : 093E;
    26338 : 091D;
    26339 : 08F7;
    26340 : 0898;
    26341 : 0817;
    26342 : 0749;
    26343 : 061E;
    26344 : 04EB;
    26345 : 0420;
    26346 : 03F1;
    26347 : 03E1;
    26348 : 0349;
    26349 : 0269;
    26350 : 018D;
    26351 : 003A;
    26352 : FE5A;
    26353 : FC5C;
    26354 : FA77;
    26355 : F904;
    26356 : F82C;
    26357 : F794;
    26358 : F79D;
    26359 : F871;
    26360 : F87D;
    26361 : F772;
    26362 : F761;
    26363 : F84A;
    26364 : F85C;
    26365 : F823;
    26366 : F89C;
    26367 : F8A9;
    26368 : F7FD;
    26369 : F792;
    26370 : F732;
    26371 : F6C6;
    26372 : F6FF;
    26373 : F74B;
    26374 : F6CE;
    26375 : F5E5;
    26376 : F4CF;
    26377 : F3C2;
    26378 : F35D;
    26379 : F30D;
    26380 : F220;
    26381 : F1B0;
    26382 : F21F;
    26383 : F1FE;
    26384 : F122;
    26385 : F0B3;
    26386 : F0CF;
    26387 : F11C;
    26388 : F182;
    26389 : F1B5;
    26390 : F1F7;
    26391 : F2E7;
    26392 : F419;
    26393 : F4FE;
    26394 : F5FE;
    26395 : F776;
    26396 : F92F;
    26397 : FADE;
    26398 : FC3E;
    26399 : FD5E;
    26400 : FE90;
    26401 : FFA0;
    26402 : 0022;
    26403 : 000C;
    26404 : FF6C;
    26405 : FEB0;
    26406 : FE92;
    26407 : FEF4;
    26408 : FF59;
    26409 : FFBE;
    26410 : FFBF;
    26411 : FEF8;
    26412 : FE5B;
    26413 : FE85;
    26414 : FE98;
    26415 : FE30;
    26416 : FDDE;
    26417 : FDF1;
    26418 : FEC4;
    26419 : 0053;
    26420 : 015D;
    26421 : 0168;
    26422 : 01AD;
    26423 : 02A2;
    26424 : 038B;
    26425 : 041F;
    26426 : 0435;
    26427 : 03A8;
    26428 : 034D;
    26429 : 03AF;
    26430 : 03F3;
    26431 : 03BA;
    26432 : 03D2;
    26433 : 045F;
    26434 : 049B;
    26435 : 0431;
    26436 : 0358;
    26437 : 0224;
    26438 : 00A6;
    26439 : FF26;
    26440 : FDD0;
    26441 : FCA9;
    26442 : FBF6;
    26443 : FBEF;
    26444 : FC07;
    26445 : FBC0;
    26446 : FBA7;
    26447 : FC11;
    26448 : FC44;
    26449 : FBF8;
    26450 : FBBC;
    26451 : FBBB;
    26452 : FBC9;
    26453 : FBE4;
    26454 : FBC2;
    26455 : FB44;
    26456 : FB29;
    26457 : FBE3;
    26458 : FC8B;
    26459 : FC11;
    26460 : FAAA;
    26461 : F950;
    26462 : F837;
    26463 : F6E2;
    26464 : F5AA;
    26465 : F570;
    26466 : F5F6;
    26467 : F67B;
    26468 : F6E3;
    26469 : F70A;
    26470 : F6F2;
    26471 : F75A;
    26472 : F824;
    26473 : F836;
    26474 : F7EF;
    26475 : F870;
    26476 : F92D;
    26477 : F958;
    26478 : F965;
    26479 : F974;
    26480 : F952;
    26481 : F989;
    26482 : F9FD;
    26483 : F9A5;
    26484 : F898;
    26485 : F7C4;
    26486 : F72E;
    26487 : F66F;
    26488 : F59C;
    26489 : F4D5;
    26490 : F428;
    26491 : F390;
    26492 : F2BD;
    26493 : F173;
    26494 : EFF0;
    26495 : EE96;
    26496 : ED91;
    26497 : ECDA;
    26498 : EC61;
    26499 : EC41;
    26500 : EC89;
    26501 : ED0C;
    26502 : ED91;
    26503 : EDF6;
    26504 : EE64;
    26505 : EF64;
    26506 : F10C;
    26507 : F2B9;
    26508 : F407;
    26509 : F4F9;
    26510 : F577;
    26511 : F5DC;
    26512 : F690;
    26513 : F6EB;
    26514 : F6A2;
    26515 : F6CE;
    26516 : F7AE;
    26517 : F83F;
    26518 : F8A7;
    26519 : F981;
    26520 : F9FD;
    26521 : F99B;
    26522 : F92B;
    26523 : F8EC;
    26524 : F8A3;
    26525 : F8C1;
    26526 : F974;
    26527 : FA50;
    26528 : FB66;
    26529 : FCBF;
    26530 : FDB9;
    26531 : FE32;
    26532 : FED4;
    26533 : FFF5;
    26534 : 0152;
    26535 : 027F;
    26536 : 0343;
    26537 : 03F4;
    26538 : 0511;
    26539 : 068E;
    26540 : 0820;
    26541 : 09A6;
    26542 : 0AEB;
    26543 : 0BC0;
    26544 : 0C2D;
    26545 : 0C31;
    26546 : 0BBE;
    26547 : 0AF4;
    26548 : 0A05;
    26549 : 0924;
    26550 : 0889;
    26551 : 0841;
    26552 : 0827;
    26553 : 0810;
    26554 : 07D1;
    26555 : 075D;
    26556 : 06EF;
    26557 : 0696;
    26558 : 05F7;
    26559 : 04F0;
    26560 : 0404;
    26561 : 0384;
    26562 : 02F0;
    26563 : 01FA;
    26564 : 0165;
    26565 : 01B6;
    26566 : 0207;
    26567 : 01A5;
    26568 : 011E;
    26569 : 0074;
    26570 : FEF8;
    26571 : FD72;
    26572 : FCF0;
    26573 : FC8D;
    26574 : FBAD;
    26575 : FB88;
    26576 : FC2C;
    26577 : FC24;
    26578 : FBB0;
    26579 : FBC7;
    26580 : FBA9;
    26581 : FACA;
    26582 : F9FB;
    26583 : F961;
    26584 : F8CC;
    26585 : F8CA;
    26586 : F915;
    26587 : F8E2;
    26588 : F8D3;
    26589 : F968;
    26590 : F9A4;
    26591 : F932;
    26592 : F8B6;
    26593 : F812;
    26594 : F73C;
    26595 : F6CD;
    26596 : F6B3;
    26597 : F6C7;
    26598 : F780;
    26599 : F859;
    26600 : F852;
    26601 : F7EB;
    26602 : F7BE;
    26603 : F73C;
    26604 : F691;
    26605 : F68C;
    26606 : F6B2;
    26607 : F670;
    26608 : F65C;
    26609 : F6A3;
    26610 : F6C3;
    26611 : F70F;
    26612 : F7DC;
    26613 : F88A;
    26614 : F903;
    26615 : FA29;
    26616 : FBC5;
    26617 : FC80;
    26618 : FC5A;
    26619 : FC93;
    26620 : FD28;
    26621 : FD4C;
    26622 : FD81;
    26623 : FE66;
    26624 : FF3F;
    26625 : FFC1;
    26626 : 009E;
    26627 : 0191;
    26628 : 01E9;
    26629 : 020D;
    26630 : 0231;
    26631 : 01F2;
    26632 : 01A4;
    26633 : 019D;
    26634 : 01B5;
    26635 : 024D;
    26636 : 034C;
    26637 : 039C;
    26638 : 0390;
    26639 : 045F;
    26640 : 053E;
    26641 : 053A;
    26642 : 0555;
    26643 : 05F3;
    26644 : 062B;
    26645 : 05FB;
    26646 : 05C9;
    26647 : 05B1;
    26648 : 0667;
    26649 : 07D5;
    26650 : 08A3;
    26651 : 0909;
    26652 : 0A29;
    26653 : 0B26;
    26654 : 0AFA;
    26655 : 0A70;
    26656 : 0A0C;
    26657 : 09AB;
    26658 : 09C0;
    26659 : 09FD;
    26660 : 0973;
    26661 : 08C7;
    26662 : 08F3;
    26663 : 093E;
    26664 : 08FD;
    26665 : 08C3;
    26666 : 08C2;
    26667 : 088B;
    26668 : 080D;
    26669 : 075D;
    26670 : 066C;
    26671 : 0568;
    26672 : 048B;
    26673 : 03E3;
    26674 : 0378;
    26675 : 0368;
    26676 : 039B;
    26677 : 037B;
    26678 : 0289;
    26679 : 0143;
    26680 : 006F;
    26681 : FFF6;
    26682 : FF84;
    26683 : FF59;
    26684 : FFA1;
    26685 : 003B;
    26686 : 0117;
    26687 : 01DF;
    26688 : 023E;
    26689 : 0270;
    26690 : 0291;
    26691 : 026F;
    26692 : 0271;
    26693 : 02D8;
    26694 : 02EE;
    26695 : 0299;
    26696 : 02C6;
    26697 : 0357;
    26698 : 0347;
    26699 : 02A0;
    26700 : 01F8;
    26701 : 012D;
    26702 : 000C;
    26703 : FED1;
    26704 : FDB5;
    26705 : FCF2;
    26706 : FC98;
    26707 : FC46;
    26708 : FBBF;
    26709 : FB1D;
    26710 : FA54;
    26711 : F991;
    26712 : F93E;
    26713 : F8FC;
    26714 : F84E;
    26715 : F7D2;
    26716 : F7E4;
    26717 : F7B4;
    26718 : F75A;
    26719 : F7CA;
    26720 : F87B;
    26721 : F893;
    26722 : F908;
    26723 : FA5C;
    26724 : FB30;
    26725 : FB14;
    26726 : FB1D;
    26727 : FB59;
    26728 : FB27;
    26729 : FB00;
    26730 : FB60;
    26731 : FBC2;
    26732 : FBE0;
    26733 : FC19;
    26734 : FCA1;
    26735 : FD64;
    26736 : FE3C;
    26737 : FEEB;
    26738 : FF47;
    26739 : FF4F;
    26740 : FF36;
    26741 : FF81;
    26742 : 0093;
    26743 : 020C;
    26744 : 033A;
    26745 : 040C;
    26746 : 050B;
    26747 : 066A;
    26748 : 07A6;
    26749 : 085B;
    26750 : 08C2;
    26751 : 0921;
    26752 : 0997;
    26753 : 0A3A;
    26754 : 0AA2;
    26755 : 0A60;
    26756 : 0A43;
    26757 : 0B3A;
    26758 : 0C92;
    26759 : 0D61;
    26760 : 0DF0;
    26761 : 0E4E;
    26762 : 0DFD;
    26763 : 0D5F;
    26764 : 0D0C;
    26765 : 0CCC;
    26766 : 0CB5;
    26767 : 0D36;
    26768 : 0DE1;
    26769 : 0E1F;
    26770 : 0E3B;
    26771 : 0E7A;
    26772 : 0EA8;
    26773 : 0EC1;
    26774 : 0EBD;
    26775 : 0E6C;
    26776 : 0DF4;
    26777 : 0DB3;
    26778 : 0DBB;
    26779 : 0DC7;
    26780 : 0D64;
    26781 : 0C5C;
    26782 : 0B1F;
    26783 : 0A30;
    26784 : 0990;
    26785 : 091C;
    26786 : 08A0;
    26787 : 078E;
    26788 : 05BD;
    26789 : 03E2;
    26790 : 028A;
    26791 : 0178;
    26792 : 00AA;
    26793 : 0099;
    26794 : 00FD;
    26795 : 00F6;
    26796 : 00B8;
    26797 : 0121;
    26798 : 01D3;
    26799 : 01D3;
    26800 : 0155;
    26801 : 010B;
    26802 : 00E5;
    26803 : 00E7;
    26804 : 0147;
    26805 : 0179;
    26806 : 0109;
    26807 : 009C;
    26808 : 0092;
    26809 : 003D;
    26810 : FF46;
    26811 : FE12;
    26812 : FCF6;
    26813 : FC21;
    26814 : FB7E;
    26815 : FA89;
    26816 : F949;
    26817 : F874;
    26818 : F808;
    26819 : F77F;
    26820 : F737;
    26821 : F776;
    26822 : F741;
    26823 : F62A;
    26824 : F558;
    26825 : F578;
    26826 : F5EF;
    26827 : F661;
    26828 : F712;
    26829 : F828;
    26830 : F9A9;
    26831 : FB47;
    26832 : FC72;
    26833 : FD66;
    26834 : FEBB;
    26835 : FFE6;
    26836 : 002E;
    26837 : 003C;
    26838 : 00C1;
    26839 : 0164;
    26840 : 01EA;
    26841 : 024C;
    26842 : 0241;
    26843 : 024A;
    26844 : 035F;
    26845 : 04D8;
    26846 : 055F;
    26847 : 053E;
    26848 : 054D;
    26849 : 053E;
    26850 : 04F7;
    26851 : 054A;
    26852 : 0661;
    26853 : 0785;
    26854 : 088E;
    26855 : 09DA;
    26856 : 0B59;
    26857 : 0CDA;
    26858 : 0E44;
    26859 : 0F18;
    26860 : 0F16;
    26861 : 0F18;
    26862 : 0FCF;
    26863 : 108E;
    26864 : 10DC;
    26865 : 118A;
    26866 : 12E1;
    26867 : 13D1;
    26868 : 13DF;
    26869 : 13B9;
    26870 : 138F;
    26871 : 12D2;
    26872 : 117C;
    26873 : 101A;
    26874 : 0F04;
    26875 : 0E56;
    26876 : 0E12;
    26877 : 0DF1;
    26878 : 0DAB;
    26879 : 0D5E;
    26880 : 0D28;
    26881 : 0CE1;
    26882 : 0C9C;
    26883 : 0C82;
    26884 : 0C40;
    26885 : 0BB8;
    26886 : 0B94;
    26887 : 0BFB;
    26888 : 0C1A;
    26889 : 0BB8;
    26890 : 0B5E;
    26891 : 0B19;
    26892 : 0ADD;
    26893 : 0B04;
    26894 : 0B60;
    26895 : 0B46;
    26896 : 0AA8;
    26897 : 09DF;
    26898 : 0903;
    26899 : 081B;
    26900 : 0730;
    26901 : 0658;
    26902 : 05C8;
    26903 : 0572;
    26904 : 0539;
    26905 : 0555;
    26906 : 05B1;
    26907 : 05C5;
    26908 : 0589;
    26909 : 052C;
    26910 : 04A4;
    26911 : 0469;
    26912 : 04E5;
    26913 : 0563;
    26914 : 055D;
    26915 : 0547;
    26916 : 052F;
    26917 : 04DF;
    26918 : 04AA;
    26919 : 0487;
    26920 : 03FB;
    26921 : 031D;
    26922 : 0231;
    26923 : 0150;
    26924 : 00D1;
    26925 : 0091;
    26926 : FFE8;
    26927 : FEF1;
    26928 : FE2F;
    26929 : FDAC;
    26930 : FD46;
    26931 : FC69;
    26932 : FAB8;
    26933 : F987;
    26934 : F9C9;
    26935 : F9FB;
    26936 : F95E;
    26937 : F95B;
    26938 : F9F7;
    26939 : F9FB;
    26940 : F9FF;
    26941 : FAD9;
    26942 : FBE3;
    26943 : FCC5;
    26944 : FDA1;
    26945 : FE14;
    26946 : FE48;
    26947 : FEF7;
    26948 : 0022;
    26949 : 0157;
    26950 : 0225;
    26951 : 025D;
    26952 : 029B;
    26953 : 0340;
    26954 : 03A9;
    26955 : 03E6;
    26956 : 048C;
    26957 : 04E8;
    26958 : 04A0;
    26959 : 04CF;
    26960 : 057C;
    26961 : 05E2;
    26962 : 06A3;
    26963 : 080C;
    26964 : 092F;
    26965 : 0A36;
    26966 : 0BAE;
    26967 : 0C86;
    26968 : 0C3B;
    26969 : 0C31;
    26970 : 0D1D;
    26971 : 0E39;
    26972 : 0F09;
    26973 : 0FCA;
    26974 : 10C0;
    26975 : 1207;
    26976 : 139D;
    26977 : 152A;
    26978 : 15F1;
    26979 : 15A3;
    26980 : 1502;
    26981 : 14C6;
    26982 : 14D6;
    26983 : 150F;
    26984 : 152B;
    26985 : 14B8;
    26986 : 1442;
    26987 : 145F;
    26988 : 141A;
    26989 : 1322;
    26990 : 1283;
    26991 : 1209;
    26992 : 1111;
    26993 : 1072;
    26994 : 1019;
    26995 : 0EEA;
    26996 : 0DB9;
    26997 : 0D44;
    26998 : 0C4E;
    26999 : 0AF6;
    27000 : 0A5A;
    27001 : 0987;
    27002 : 0843;
    27003 : 082C;
    27004 : 086A;
    27005 : 0706;
    27006 : 051F;
    27007 : 03F6;
    27008 : 029F;
    27009 : 014F;
    27010 : 00FF;
    27011 : 00BE;
    27012 : FFEC;
    27013 : FF89;
    27014 : FFAD;
    27015 : FF9C;
    27016 : FF78;
    27017 : FF33;
    27018 : FE3F;
    27019 : FD18;
    27020 : FC8D;
    27021 : FC1E;
    27022 : FB2F;
    27023 : FA69;
    27024 : FA53;
    27025 : FA14;
    27026 : F917;
    27027 : F84A;
    27028 : F827;
    27029 : F7B8;
    27030 : F696;
    27031 : F582;
    27032 : F4D8;
    27033 : F491;
    27034 : F4C3;
    27035 : F505;
    27036 : F4F1;
    27037 : F4F1;
    27038 : F512;
    27039 : F49F;
    27040 : F39D;
    27041 : F2F4;
    27042 : F31D;
    27043 : F3AA;
    27044 : F40A;
    27045 : F468;
    27046 : F531;
    27047 : F617;
    27048 : F6E4;
    27049 : F811;
    27050 : F964;
    27051 : FA38;
    27052 : FAFC;
    27053 : FBF0;
    27054 : FC6A;
    27055 : FCE1;
    27056 : FE25;
    27057 : FF59;
    27058 : FFEA;
    27059 : 00A8;
    27060 : 0182;
    27061 : 020B;
    27062 : 02F4;
    27063 : 042A;
    27064 : 04CD;
    27065 : 052D;
    27066 : 0593;
    27067 : 058D;
    27068 : 05D0;
    27069 : 06F5;
    27070 : 07C7;
    27071 : 07F9;
    27072 : 08E0;
    27073 : 0A60;
    27074 : 0B52;
    27075 : 0BD0;
    27076 : 0C13;
    27077 : 0BB4;
    27078 : 0B2A;
    27079 : 0B53;
    27080 : 0BFD;
    27081 : 0C91;
    27082 : 0D0A;
    27083 : 0DA9;
    27084 : 0E7E;
    27085 : 0F4E;
    27086 : 0FD7;
    27087 : 1012;
    27088 : 0FE1;
    27089 : 0F2F;
    27090 : 0E89;
    27091 : 0E8E;
    27092 : 0EF5;
    27093 : 0F22;
    27094 : 0F29;
    27095 : 0F6B;
    27096 : 0FB1;
    27097 : 0F75;
    27098 : 0EBE;
    27099 : 0E0D;
    27100 : 0DB2;
    27101 : 0D8D;
    27102 : 0D46;
    27103 : 0CA8;
    27104 : 0BF3;
    27105 : 0B55;
    27106 : 0A76;
    27107 : 095A;
    27108 : 0875;
    27109 : 0790;
    27110 : 067C;
    27111 : 05F1;
    27112 : 05E7;
    27113 : 0583;
    27114 : 04F9;
    27115 : 0481;
    27116 : 0348;
    27117 : 0190;
    27118 : 00B7;
    27119 : 00C7;
    27120 : 013E;
    27121 : 020B;
    27122 : 027A;
    27123 : 0260;
    27124 : 02CD;
    27125 : 0380;
    27126 : 0371;
    27127 : 035D;
    27128 : 03AA;
    27129 : 0336;
    27130 : 0251;
    27131 : 021D;
    27132 : 0205;
    27133 : 018B;
    27134 : 0137;
    27135 : 00A8;
    27136 : FF82;
    27137 : FE51;
    27138 : FCD3;
    27139 : FADF;
    27140 : F990;
    27141 : F8E3;
    27142 : F7A8;
    27143 : F659;
    27144 : F5EF;
    27145 : F5D8;
    27146 : F594;
    27147 : F570;
    27148 : F51A;
    27149 : F40A;
    27150 : F2A0;
    27151 : F1A4;
    27152 : F156;
    27153 : F143;
    27154 : F131;
    27155 : F1A4;
    27156 : F297;
    27157 : F34A;
    27158 : F3CD;
    27159 : F497;
    27160 : F544;
    27161 : F5A5;
    27162 : F616;
    27163 : F658;
    27164 : F63C;
    27165 : F63F;
    27166 : F67D;
    27167 : F6E0;
    27168 : F782;
    27169 : F7ED;
    27170 : F804;
    27171 : F88B;
    27172 : F955;
    27173 : F994;
    27174 : F9B2;
    27175 : FA11;
    27176 : FA2E;
    27177 : FA62;
    27178 : FB4C;
    27179 : FC7B;
    27180 : FDC1;
    27181 : FF60;
    27182 : 00DB;
    27183 : 01F4;
    27184 : 0301;
    27185 : 03B7;
    27186 : 03F6;
    27187 : 0458;
    27188 : 04ED;
    27189 : 059D;
    27190 : 06A0;
    27191 : 0774;
    27192 : 07CD;
    27193 : 0878;
    27194 : 0958;
    27195 : 097E;
    27196 : 0946;
    27197 : 0936;
    27198 : 08E9;
    27199 : 089C;
    27200 : 088C;
    27201 : 080D;
    27202 : 075D;
    27203 : 073A;
    27204 : 0703;
    27205 : 0681;
    27206 : 0694;
    27207 : 06B7;
    27208 : 0611;
    27209 : 0598;
    27210 : 05C9;
    27211 : 05A9;
    27212 : 052D;
    27213 : 04F2;
    27214 : 0495;
    27215 : 03CD;
    27216 : 02EB;
    27217 : 01E2;
    27218 : 00B0;
    27219 : FFC7;
    27220 : FF47;
    27221 : FEE5;
    27222 : FE4C;
    27223 : FD2B;
    27224 : FBA6;
    27225 : FA43;
    27226 : F91A;
    27227 : F810;
    27228 : F742;
    27229 : F698;
    27230 : F603;
    27231 : F5E2;
    27232 : F62B;
    27233 : F653;
    27234 : F64A;
    27235 : F649;
    27236 : F60D;
    27237 : F589;
    27238 : F541;
    27239 : F562;
    27240 : F59C;
    27241 : F5E6;
    27242 : F651;
    27243 : F65C;
    27244 : F5B2;
    27245 : F504;
    27246 : F4F6;
    27247 : F4F1;
    27248 : F42B;
    27249 : F2FE;
    27250 : F227;
    27251 : F1C8;
    27252 : F1B8;
    27253 : F1C7;
    27254 : F1B1;
    27255 : F17D;
    27256 : F16F;
    27257 : F14A;
    27258 : F089;
    27259 : EF7D;
    27260 : EEEC;
    27261 : EED1;
    27262 : EEA9;
    27263 : EEBB;
    27264 : EFA3;
    27265 : F10C;
    27266 : F23F;
    27267 : F341;
    27268 : F448;
    27269 : F533;
    27270 : F617;
    27271 : F708;
    27272 : F7C4;
    27273 : F873;
    27274 : F9A1;
    27275 : FB22;
    27276 : FC5E;
    27277 : FD57;
    27278 : FE30;
    27279 : FEC6;
    27280 : FF53;
    27281 : 0013;
    27282 : 00A0;
    27283 : 00C2;
    27284 : 00F2;
    27285 : 0152;
    27286 : 0192;
    27287 : 01E1;
    27288 : 0296;
    27289 : 0366;
    27290 : 03FE;
    27291 : 0496;
    27292 : 054C;
    27293 : 05E9;
    27294 : 0646;
    27295 : 062B;
    27296 : 05B3;
    27297 : 05BC;
    27298 : 06A7;
    27299 : 077F;
    27300 : 07C0;
    27301 : 0820;
    27302 : 08BE;
    27303 : 08FB;
    27304 : 0903;
    27305 : 0935;
    27306 : 090D;
    27307 : 085D;
    27308 : 07CB;
    27309 : 079A;
    27310 : 0771;
    27311 : 071A;
    27312 : 0686;
    27313 : 05B9;
    27314 : 04F2;
    27315 : 044A;
    27316 : 038C;
    27317 : 02B2;
    27318 : 0218;
    27319 : 01E4;
    27320 : 019D;
    27321 : 00E4;
    27322 : 002D;
    27323 : FFDF;
    27324 : FF75;
    27325 : FE9E;
    27326 : FDE3;
    27327 : FD5B;
    27328 : FC9F;
    27329 : FC06;
    27330 : FC16;
    27331 : FC57;
    27332 : FC19;
    27333 : FB77;
    27334 : FAD5;
    27335 : FA1E;
    27336 : F92B;
    27337 : F867;
    27338 : F83F;
    27339 : F83A;
    27340 : F80F;
    27341 : F869;
    27342 : F919;
    27343 : F903;
    27344 : F87D;
    27345 : F87A;
    27346 : F84A;
    27347 : F774;
    27348 : F6F8;
    27349 : F6F2;
    27350 : F6AA;
    27351 : F677;
    27352 : F66E;
    27353 : F5D1;
    27354 : F50F;
    27355 : F4ED;
    27356 : F4A7;
    27357 : F3C4;
    27358 : F30E;
    27359 : F2C4;
    27360 : F290;
    27361 : F27C;
    27362 : F250;
    27363 : F1C8;
    27364 : F167;
    27365 : F15E;
    27366 : F107;
    27367 : F039;
    27368 : EF8B;
    27369 : EF30;
    27370 : EED7;
    27371 : EE6F;
    27372 : EE44;
    27373 : EE77;
    27374 : EEC7;
    27375 : EF25;
    27376 : EFA1;
    27377 : EFD0;
    27378 : EFA1;
    27379 : EFE7;
    27380 : F0B9;
    27381 : F133;
    27382 : F15A;
    27383 : F1DC;
    27384 : F283;
    27385 : F2FF;
    27386 : F3A5;
    27387 : F485;
    27388 : F584;
    27389 : F6C9;
    27390 : F7EE;
    27391 : F892;
    27392 : F965;
    27393 : FAA6;
    27394 : FB4C;
    27395 : FB3A;
    27396 : FBB4;
    27397 : FCD9;
    27398 : FDA6;
    27399 : FE1F;
    27400 : FEE1;
    27401 : FFA8;
    27402 : 002F;
    27403 : 00C7;
    27404 : 0132;
    27405 : 0107;
    27406 : 00FF;
    27407 : 01C6;
    27408 : 02AF;
    27409 : 034E;
    27410 : 0402;
    27411 : 046D;
    27412 : 0427;
    27413 : 040F;
    27414 : 0483;
    27415 : 047F;
    27416 : 03E4;
    27417 : 03A5;
    27418 : 03C1;
    27419 : 03B3;
    27420 : 03AC;
    27421 : 03BE;
    27422 : 0398;
    27423 : 0373;
    27424 : 036F;
    27425 : 02FA;
    27426 : 022A;
    27427 : 01E5;
    27428 : 0202;
    27429 : 0167;
    27430 : 0038;
    27431 : FF6C;
    27432 : FEB4;
    27433 : FD7E;
    27434 : FC95;
    27435 : FC42;
    27436 : FB48;
    27437 : F9B0;
    27438 : F8F5;
    27439 : F8FA;
    27440 : F8B6;
    27441 : F899;
    27442 : F8CF;
    27443 : F837;
    27444 : F6E8;
    27445 : F61A;
    27446 : F5B2;
    27447 : F52B;
    27448 : F510;
    27449 : F58F;
    27450 : F5E3;
    27451 : F5D4;
    27452 : F5C8;
    27453 : F5AC;
    27454 : F538;
    27455 : F4A4;
    27456 : F443;
    27457 : F3FB;
    27458 : F3A1;
    27459 : F34D;
    27460 : F2DC;
    27461 : F21A;
    27462 : F177;
    27463 : F127;
    27464 : F074;
    27465 : EF3B;
    27466 : EE4B;
    27467 : EDC4;
    27468 : ED49;
    27469 : ED05;
    27470 : ECCE;
    27471 : EC56;
    27472 : EC50;
    27473 : ED13;
    27474 : EDB6;
    27475 : EDF6;
    27476 : EE51;
    27477 : EEA0;
    27478 : EEC2;
    27479 : EEF4;
    27480 : EEFC;
    27481 : EF17;
    27482 : F025;
    27483 : F1BB;
    27484 : F2BE;
    27485 : F361;
    27486 : F40F;
    27487 : F486;
    27488 : F521;
    27489 : F631;
    27490 : F6D2;
    27491 : F6BD;
    27492 : F6F6;
    27493 : F7AC;
    27494 : F816;
    27495 : F853;
    27496 : F903;
    27497 : F9CC;
    27498 : FA0F;
    27499 : FA4C;
    27500 : FB5E;
    27501 : FCE5;
    27502 : FDED;
    27503 : FE83;
    27504 : FF28;
    27505 : FFCD;
    27506 : 0085;
    27507 : 01B2;
    27508 : 0304;
    27509 : 03F7;
    27510 : 04DE;
    27511 : 060E;
    27512 : 0723;
    27513 : 07B7;
    27514 : 07D0;
    27515 : 07DC;
    27516 : 0886;
    27517 : 09BA;
    27518 : 0A90;
    27519 : 0AC4;
    27520 : 0AE7;
    27521 : 0B0B;
    27522 : 0AE0;
    27523 : 0AB0;
    27524 : 0AB9;
    27525 : 0A8C;
    27526 : 0A0B;
    27527 : 09BA;
    27528 : 098A;
    27529 : 0909;
    27530 : 089D;
    27531 : 08B9;
    27532 : 08A2;
    27533 : 0800;
    27534 : 07DA;
    27535 : 086F;
    27536 : 08AD;
    27537 : 085F;
    27538 : 082D;
    27539 : 0801;
    27540 : 07A3;
    27541 : 0770;
    27542 : 077A;
    27543 : 0784;
    27544 : 0768;
    27545 : 06CE;
    27546 : 05C6;
    27547 : 0529;
    27548 : 0532;
    27549 : 0558;
    27550 : 0583;
    27551 : 0592;
    27552 : 04FB;
    27553 : 0416;
    27554 : 03A3;
    27555 : 0362;
    27556 : 0309;
    27557 : 031A;
    27558 : 0394;
    27559 : 03E0;
    27560 : 0410;
    27561 : 047E;
    27562 : 04F8;
    27563 : 053F;
    27564 : 056D;
    27565 : 05A4;
    27566 : 05DF;
    27567 : 0614;
    27568 : 0652;
    27569 : 068E;
    27570 : 066C;
    27571 : 05E2;
    27572 : 0561;
    27573 : 04D3;
    27574 : 03AF;
    27575 : 021B;
    27576 : 008E;
    27577 : FF27;
    27578 : FE39;
    27579 : FDD9;
    27580 : FD1A;
    27581 : FBBE;
    27582 : FAF3;
    27583 : FAE5;
    27584 : FA69;
    27585 : F965;
    27586 : F875;
    27587 : F73D;
    27588 : F5CD;
    27589 : F545;
    27590 : F59D;
    27591 : F5C8;
    27592 : F5D4;
    27593 : F648;
    27594 : F6C0;
    27595 : F6FF;
    27596 : F764;
    27597 : F7E6;
    27598 : F855;
    27599 : F8EB;
    27600 : F9A7;
    27601 : FA2A;
    27602 : FA5C;
    27603 : FA8B;
    27604 : FB27;
    27605 : FC1F;
    27606 : FC9C;
    27607 : FC79;
    27608 : FCD3;
    27609 : FDE6;
    27610 : FE9A;
    27611 : FEB6;
    27612 : FEBC;
    27613 : FE80;
    27614 : FE4B;
    27615 : FF13;
    27616 : 006A;
    27617 : 0134;
    27618 : 01EE;
    27619 : 0366;
    27620 : 0506;
    27621 : 0624;
    27622 : 06F5;
    27623 : 07B4;
    27624 : 0882;
    27625 : 09A0;
    27626 : 0AFC;
    27627 : 0C39;
    27628 : 0D11;
    27629 : 0D81;
    27630 : 0DE4;
    27631 : 0E93;
    27632 : 0F4B;
    27633 : 0FB9;
    27634 : 100D;
    27635 : 1064;
    27636 : 1081;
    27637 : 1064;
    27638 : 103E;
    27639 : 0FF8;
    27640 : 0F6D;
    27641 : 0EB2;
    27642 : 0DFA;
    27643 : 0D83;
    27644 : 0D52;
    27645 : 0D09;
    27646 : 0C63;
    27647 : 0BBF;
    27648 : 0B71;
    27649 : 0B15;
    27650 : 0A4A;
    27651 : 096E;
    27652 : 08EE;
    27653 : 0897;
    27654 : 07FB;
    27655 : 070A;
    27656 : 063C;
    27657 : 062F;
    27658 : 06B8;
    27659 : 06F8;
    27660 : 069D;
    27661 : 05FF;
    27662 : 0550;
    27663 : 048C;
    27664 : 038B;
    27665 : 022A;
    27666 : 0112;
    27667 : 00F5;
    27668 : 011C;
    27669 : 00D8;
    27670 : 00CB;
    27671 : 00EF;
    27672 : 006F;
    27673 : FFBB;
    27674 : FF5A;
    27675 : FEA5;
    27676 : FDE1;
    27677 : FDF2;
    27678 : FE0E;
    27679 : FD79;
    27680 : FD0A;
    27681 : FCEB;
    27682 : FC84;
    27683 : FC16;
    27684 : FBAF;
    27685 : FB07;
    27686 : FACD;
    27687 : FB0C;
    27688 : FAA7;
    27689 : F9DC;
    27690 : F990;
    27691 : F93E;
    27692 : F8B9;
    27693 : F8C6;
    27694 : F8FF;
    27695 : F897;
    27696 : F7DB;
    27697 : F716;
    27698 : F66B;
    27699 : F666;
    27700 : F6CE;
    27701 : F6EF;
    27702 : F709;
    27703 : F75A;
    27704 : F7B5;
    27705 : F891;
    27706 : FA03;
    27707 : FB1A;
    27708 : FBE3;
    27709 : FD1F;
    27710 : FE6A;
    27711 : FF61;
    27712 : 0095;
    27713 : 01F7;
    27714 : 0301;
    27715 : 040A;
    27716 : 0552;
    27717 : 0659;
    27718 : 0727;
    27719 : 083F;
    27720 : 0966;
    27721 : 0A16;
    27722 : 0A61;
    27723 : 0A96;
    27724 : 0AB5;
    27725 : 0ABC;
    27726 : 0ADB;
    27727 : 0B1D;
    27728 : 0B5C;
    27729 : 0B83;
    27730 : 0B7F;
    27731 : 0B2E;
    27732 : 0ACF;
    27733 : 0AF7;
    27734 : 0BC1;
    27735 : 0C9C;
    27736 : 0CE7;
    27737 : 0CA3;
    27738 : 0C91;
    27739 : 0D30;
    27740 : 0DF6;
    27741 : 0E4D;
    27742 : 0E6D;
    27743 : 0E99;
    27744 : 0EC8;
    27745 : 0EE7;
    27746 : 0EB9;
    27747 : 0E4F;
    27748 : 0E32;
    27749 : 0E39;
    27750 : 0DAC;
    27751 : 0CDF;
    27752 : 0C66;
    27753 : 0BD4;
    27754 : 0AE7;
    27755 : 09FD;
    27756 : 0914;
    27757 : 0814;
    27758 : 0712;
    27759 : 05D7;
    27760 : 04B2;
    27761 : 0446;
    27762 : 03E4;
    27763 : 02C6;
    27764 : 01C2;
    27765 : 0169;
    27766 : 013F;
    27767 : 0190;
    27768 : 02A6;
    27769 : 0387;
    27770 : 03B6;
    27771 : 03A8;
    27772 : 0379;
    27773 : 0363;
    27774 : 03C3;
    27775 : 0413;
    27776 : 0416;
    27777 : 0495;
    27778 : 0561;
    27779 : 057A;
    27780 : 0511;
    27781 : 04D3;
    27782 : 0488;
    27783 : 03EC;
    27784 : 0336;
    27785 : 0290;
    27786 : 0203;
    27787 : 016D;
    27788 : 0098;
    27789 : FFB5;
    27790 : FF02;
    27791 : FE4F;
    27792 : FD7D;
    27793 : FCBD;
    27794 : FC35;
    27795 : FBDE;
    27796 : FB76;
    27797 : FAD1;
    27798 : FA64;
    27799 : FA85;
    27800 : FACD;
    27801 : FB00;
    27802 : FB3D;
    27803 : FB4D;
    27804 : FB2D;
    27805 : FB34;
    27806 : FB16;
    27807 : FAA6;
    27808 : FAA2;
    27809 : FAF5;
    27810 : FAAA;
    27811 : FA2C;
    27812 : FA6A;
    27813 : FABB;
    27814 : FA8B;
    27815 : FAB5;
    27816 : FB5A;
    27817 : FB7B;
    27818 : FB39;
    27819 : FB92;
    27820 : FC67;
    27821 : FD26;
    27822 : FE0D;
    27823 : FF51;
    27824 : 0070;
    27825 : 014A;
    27826 : 0286;
    27827 : 0465;
    27828 : 0651;
    27829 : 07D9;
    27830 : 090C;
    27831 : 09E1;
    27832 : 0A68;
    27833 : 0B29;
    27834 : 0C55;
    27835 : 0D4C;
    27836 : 0DC7;
    27837 : 0E48;
    27838 : 0EFA;
    27839 : 0F79;
    27840 : 0FC1;
    27841 : 0FF2;
    27842 : 0FE7;
    27843 : 0FE2;
    27844 : 104C;
    27845 : 10B0;
    27846 : 1090;
    27847 : 107A;
    27848 : 10DE;
    27849 : 114D;
    27850 : 117E;
    27851 : 118C;
    27852 : 1172;
    27853 : 117F;
    27854 : 121F;
    27855 : 12F3;
    27856 : 135A;
    27857 : 136D;
    27858 : 1394;
    27859 : 13FC;
    27860 : 1484;
    27861 : 14BA;
    27862 : 1482;
    27863 : 145F;
    27864 : 1468;
    27865 : 1421;
    27866 : 1378;
    27867 : 12A3;
    27868 : 11BB;
    27869 : 10FA;
    27870 : 1050;
    27871 : 0F3A;
    27872 : 0DD7;
    27873 : 0C97;
    27874 : 0B41;
    27875 : 0A05;
    27876 : 09D9;
    27877 : 0A66;
    27878 : 0A3D;
    27879 : 094E;
    27880 : 0871;
    27881 : 07A2;
    27882 : 06AF;
    27883 : 05F6;
    27884 : 05A2;
    27885 : 05A3;
    27886 : 05FE;
    27887 : 0655;
    27888 : 0648;
    27889 : 062A;
    27890 : 0620;
    27891 : 059D;
    27892 : 04AC;
    27893 : 040E;
    27894 : 03D9;
    27895 : 037B;
    27896 : 02C7;
    27897 : 01CA;
    27898 : 0090;
    27899 : FF65;
    27900 : FE4D;
    27901 : FCD9;
    27902 : FB30;
    27903 : F9ED;
    27904 : F8E6;
    27905 : F797;
    27906 : F63C;
    27907 : F543;
    27908 : F49E;
    27909 : F40C;
    27910 : F385;
    27911 : F370;
    27912 : F3EF;
    27913 : F40F;
    27914 : F343;
    27915 : F2B6;
    27916 : F31C;
    27917 : F381;
    27918 : F38F;
    27919 : F3EF;
    27920 : F475;
    27921 : F4DA;
    27922 : F578;
    27923 : F61B;
    27924 : F684;
    27925 : F741;
    27926 : F834;
    27927 : F8A8;
    27928 : F8FD;
    27929 : F9C4;
    27930 : FAAE;
    27931 : FBAC;
    27932 : FCB1;
    27933 : FD32;
    27934 : FDAC;
    27935 : FF13;
    27936 : 00BB;
    27937 : 01BD;
    27938 : 0298;
    27939 : 03A4;
    27940 : 046A;
    27941 : 04F4;
    27942 : 05A1;
    27943 : 066E;
    27944 : 0735;
    27945 : 07E0;
    27946 : 08AE;
    27947 : 0A08;
    27948 : 0B8D;
    27949 : 0C81;
    27950 : 0D15;
    27951 : 0DCC;
    27952 : 0E9A;
    27953 : 0F6E;
    27954 : 1025;
    27955 : 1048;
    27956 : 0FF1;
    27957 : 0FB6;
    27958 : 0FA6;
    27959 : 0F81;
    27960 : 0F28;
    27961 : 0EA5;
    27962 : 0E61;
    27963 : 0E84;
    27964 : 0E4C;
    27965 : 0D6C;
    27966 : 0CA9;
    27967 : 0C4B;
    27968 : 0BF2;
    27969 : 0BB2;
    27970 : 0B98;
    27971 : 0B46;
    27972 : 0AC1;
    27973 : 0A4E;
    27974 : 09F2;
    27975 : 09AB;
    27976 : 094C;
    27977 : 089F;
    27978 : 0807;
    27979 : 07DE;
    27980 : 0794;
    27981 : 06AF;
    27982 : 05B1;
    27983 : 053C;
    27984 : 0540;
    27985 : 0554;
    27986 : 0560;
    27987 : 059A;
    27988 : 05CB;
    27989 : 056C;
    27990 : 04A0;
    27991 : 03E1;
    27992 : 0325;
    27993 : 0290;
    27994 : 029E;
    27995 : 02E8;
    27996 : 02C6;
    27997 : 02A9;
    27998 : 02EF;
    27999 : 02FD;
    28000 : 02C8;
    28001 : 0309;
    28002 : 0394;
    28003 : 039A;
    28004 : 0339;
    28005 : 031C;
    28006 : 0340;
    28007 : 0342;
    28008 : 0316;
    28009 : 02BD;
    28010 : 0227;
    28011 : 019E;
    28012 : 0158;
    28013 : 00DA;
    28014 : FFD4;
    28015 : FED4;
    28016 : FE2F;
    28017 : FD8E;
    28018 : FCCA;
    28019 : FC1D;
    28020 : FBAD;
    28021 : FB78;
    28022 : FB25;
    28023 : FA5C;
    28024 : F985;
    28025 : F90F;
    28026 : F898;
    28027 : F811;
    28028 : F7E2;
    28029 : F7BA;
    28030 : F74A;
    28031 : F726;
    28032 : F787;
    28033 : F807;
    28034 : F8B3;
    28035 : F962;
    28036 : F988;
    28037 : F985;
    28038 : F9FC;
    28039 : FA7C;
    28040 : FAB0;
    28041 : FB09;
    28042 : FBA1;
    28043 : FC2F;
    28044 : FC9D;
    28045 : FCE3;
    28046 : FD27;
    28047 : FD9E;
    28048 : FDE2;
    28049 : FD99;
    28050 : FD30;
    28051 : FCDA;
    28052 : FC66;
    28053 : FC3F;
    28054 : FCCB;
    28055 : FDA1;
    28056 : FE6A;
    28057 : FF40;
    28058 : 0025;
    28059 : 012C;
    28060 : 0261;
    28061 : 0381;
    28062 : 048B;
    28063 : 05C4;
    28064 : 06D2;
    28065 : 075E;
    28066 : 07F0;
    28067 : 08F1;
    28068 : 09F2;
    28069 : 0A9E;
    28070 : 0B18;
    28071 : 0B7F;
    28072 : 0BC8;
    28073 : 0BD2;
    28074 : 0B87;
    28075 : 0B14;
    28076 : 0AAC;
    28077 : 0A47;
    28078 : 0A01;
    28079 : 09CC;
    28080 : 092B;
    28081 : 081A;
    28082 : 074D;
    28083 : 06E3;
    28084 : 0649;
    28085 : 058C;
    28086 : 050F;
    28087 : 049D;
    28088 : 03FE;
    28089 : 0376;
    28090 : 030F;
    28091 : 02A4;
    28092 : 0281;
    28093 : 0304;
    28094 : 0401;
    28095 : 0505;
    28096 : 05B5;
    28097 : 05F2;
    28098 : 05CC;
    28099 : 054A;
    28100 : 047B;
    28101 : 03D7;
    28102 : 03B1;
    28103 : 038F;
    28104 : 02F8;
    28105 : 0249;
    28106 : 01F7;
    28107 : 01C1;
    28108 : 012B;
    28109 : 002D;
    28110 : FF09;
    28111 : FDE3;
    28112 : FCC1;
    28113 : FBCC;
    28114 : FB1D;
    28115 : FA77;
    28116 : F9C4;
    28117 : F959;
    28118 : F936;
    28119 : F8F4;
    28120 : F88D;
    28121 : F826;
    28122 : F79E;
    28123 : F719;
    28124 : F706;
    28125 : F73D;
    28126 : F757;
    28127 : F77F;
    28128 : F7EA;
    28129 : F85B;
    28130 : F89B;
    28131 : F89B;
    28132 : F86D;
    28133 : F863;
    28134 : F898;
    28135 : F89E;
    28136 : F85E;
    28137 : F864;
    28138 : F8CC;
    28139 : F911;
    28140 : F92D;
    28141 : F9A6;
    28142 : FA82;
    28143 : FB51;
    28144 : FC06;
    28145 : FCD8;
    28146 : FDBB;
    28147 : FEAE;
    28148 : FFF4;
    28149 : 018E;
    28150 : 0337;
    28151 : 04CE;
    28152 : 063F;
    28153 : 0792;
    28154 : 091C;
    28155 : 0AC6;
    28156 : 0BE6;
    28157 : 0C6F;
    28158 : 0D06;
    28159 : 0DB2;
    28160 : 0DFC;
    28161 : 0DEC;
    28162 : 0DDB;
    28163 : 0DE6;
    28164 : 0E06;
    28165 : 0E2A;
    28166 : 0E3A;
    28167 : 0E31;
    28168 : 0E20;
    28169 : 0E1B;
    28170 : 0E24;
    28171 : 0E2B;
    28172 : 0E45;
    28173 : 0E61;
    28174 : 0DFE;
    28175 : 0D3E;
    28176 : 0D3C;
    28177 : 0E0F;
    28178 : 0E76;
    28179 : 0E53;
    28180 : 0E9F;
    28181 : 0F1B;
    28182 : 0EE8;
    28183 : 0E4F;
    28184 : 0DEF;
    28185 : 0DB0;
    28186 : 0D6C;
    28187 : 0D24;
    28188 : 0C9B;
    28189 : 0B9D;
    28190 : 0A4E;
    28191 : 08F8;
    28192 : 07D7;
    28193 : 06E6;
    28194 : 05DF;
    28195 : 0473;
    28196 : 02A7;
    28197 : 0100;
    28198 : FFEB;
    28199 : FEF5;
    28200 : FD9C;
    28201 : FC74;
    28202 : FC43;
    28203 : FCE5;
    28204 : FDD3;
    28205 : FEA0;
    28206 : FEED;
    28207 : FEBE;
    28208 : FE68;
    28209 : FE41;
    28210 : FE9F;
    28211 : FF69;
    28212 : 0007;
    28213 : 008E;
    28214 : 0189;
    28215 : 02AC;
    28216 : 035F;
    28217 : 03BB;
    28218 : 03D4;
    28219 : 0394;
    28220 : 033D;
    28221 : 02C3;
    28222 : 01F0;
    28223 : 013D;
    28224 : 00D4;
    28225 : 001A;
    28226 : FF25;
    28227 : FE6D;
    28228 : FD87;
    28229 : FC3A;
    28230 : FB1A;
    28231 : FA35;
    28232 : F94E;
    28233 : F8A2;
    28234 : F81D;
    28235 : F77E;
    28236 : F725;
    28237 : F747;
    28238 : F770;
    28239 : F77B;
    28240 : F784;
    28241 : F762;
    28242 : F729;
    28243 : F719;
    28244 : F716;
    28245 : F700;
    28246 : F6F1;
    28247 : F6E3;
    28248 : F6D3;
    28249 : F6D6;
    28250 : F6D7;
    28251 : F6CD;
    28252 : F6E0;
    28253 : F6FF;
    28254 : F6EF;
    28255 : F6A9;
    28256 : F67F;
    28257 : F6CC;
    28258 : F774;
    28259 : F7E6;
    28260 : F7FE;
    28261 : F856;
    28262 : F93D;
    28263 : FA4A;
    28264 : FB27;
    28265 : FBF1;
    28266 : FCC3;
    28267 : FD74;
    28268 : FDF9;
    28269 : FE99;
    28270 : FF6E;
    28271 : 002E;
    28272 : 00E3;
    28273 : 01D9;
    28274 : 02E6;
    28275 : 03EF;
    28276 : 052A;
    28277 : 0635;
    28278 : 069E;
    28279 : 0707;
    28280 : 07D4;
    28281 : 0842;
    28282 : 0818;
    28283 : 0801;
    28284 : 0821;
    28285 : 085B;
    28286 : 08E3;
    28287 : 0974;
    28288 : 09A2;
    28289 : 09B0;
    28290 : 09DB;
    28291 : 09EE;
    28292 : 09E4;
    28293 : 09E6;
    28294 : 0A0A;
    28295 : 0A81;
    28296 : 0B35;
    28297 : 0BA9;
    28298 : 0BA8;
    28299 : 0B63;
    28300 : 0B0D;
    28301 : 0AE2;
    28302 : 0AD6;
    28303 : 0A6F;
    28304 : 09AE;
    28305 : 0905;
    28306 : 0855;
    28307 : 0747;
    28308 : 061A;
    28309 : 0510;
    28310 : 0412;
    28311 : 0351;
    28312 : 0322;
    28313 : 035D;
    28314 : 037B;
    28315 : 0325;
    28316 : 0244;
    28317 : 00EE;
    28318 : FF66;
    28319 : FE0B;
    28320 : FD17;
    28321 : FC8B;
    28322 : FC64;
    28323 : FC84;
    28324 : FC90;
    28325 : FC55;
    28326 : FC05;
    28327 : FBAF;
    28328 : FB23;
    28329 : FA77;
    28330 : F9DE;
    28331 : F951;
    28332 : F8D1;
    28333 : F866;
    28334 : F7D5;
    28335 : F701;
    28336 : F631;
    28337 : F56E;
    28338 : F462;
    28339 : F307;
    28340 : F1B8;
    28341 : F08F;
    28342 : EF5B;
    28343 : EE31;
    28344 : ED4D;
    28345 : EC90;
    28346 : EBDA;
    28347 : EB7F;
    28348 : EBA6;
    28349 : EBB6;
    28350 : EB54;
    28351 : EAF9;
    28352 : EAF2;
    28353 : EAF5;
    28354 : EB0A;
    28355 : EB81;
    28356 : EC41;
    28357 : ED02;
    28358 : EDAF;
    28359 : EE34;
    28360 : EE9D;
    28361 : EF4D;
    28362 : F062;
    28363 : F15D;
    28364 : F1F5;
    28365 : F292;
    28366 : F397;
    28367 : F4BE;
    28368 : F585;
    28369 : F5E4;
    28370 : F649;
    28371 : F6F7;
    28372 : F7AB;
    28373 : F81C;
    28374 : F86F;
    28375 : F8D3;
    28376 : F920;
    28377 : F940;
    28378 : F96B;
    28379 : F9A5;
    28380 : F9C1;
    28381 : F9F1;
    28382 : FA9E;
    28383 : FBB9;
    28384 : FCD7;
    28385 : FDCC;
    28386 : FEB8;
    28387 : FFA4;
    28388 : 006F;
    28389 : 010B;
    28390 : 0171;
    28391 : 0186;
    28392 : 0168;
    28393 : 0189;
    28394 : 0205;
    28395 : 027F;
    28396 : 02B0;
    28397 : 0291;
    28398 : 0244;
    28399 : 021B;
    28400 : 0214;
    28401 : 01AB;
    28402 : 00D2;
    28403 : 002C;
    28404 : 0001;
    28405 : FFF5;
    28406 : FF95;
    28407 : FEA9;
    28408 : FDA8;
    28409 : FD70;
    28410 : FDC5;
    28411 : FD91;
    28412 : FCDD;
    28413 : FC92;
    28414 : FCAF;
    28415 : FC95;
    28416 : FC39;
    28417 : FBD7;
    28418 : FB90;
    28419 : FB9D;
    28420 : FC30;
    28421 : FD3F;
    28422 : FE88;
    28423 : FF96;
    28424 : 0004;
    28425 : FFCF;
    28426 : FF28;
    28427 : FE4E;
    28428 : FDB5;
    28429 : FD99;
    28430 : FDC1;
    28431 : FDE3;
    28432 : FDF2;
    28433 : FE04;
    28434 : FE2E;
    28435 : FE55;
    28436 : FE42;
    28437 : FDEC;
    28438 : FD6A;
    28439 : FCEC;
    28440 : FCBF;
    28441 : FCCF;
    28442 : FCA3;
    28443 : FC49;
    28444 : FC35;
    28445 : FC51;
    28446 : FC47;
    28447 : FC4B;
    28448 : FC7F;
    28449 : FC65;
    28450 : FBA6;
    28451 : FAC1;
    28452 : FA33;
    28453 : F99F;
    28454 : F88F;
    28455 : F782;
    28456 : F70E;
    28457 : F6BE;
    28458 : F605;
    28459 : F50A;
    28460 : F3EF;
    28461 : F2C0;
    28462 : F1EA;
    28463 : F173;
    28464 : F0DE;
    28465 : F03F;
    28466 : EFEA;
    28467 : EFA3;
    28468 : EF67;
    28469 : EF91;
    28470 : EFF3;
    28471 : F03A;
    28472 : F08F;
    28473 : F107;
    28474 : F18B;
    28475 : F24B;
    28476 : F34B;
    28477 : F42C;
    28478 : F4D9;
    28479 : F57D;
    28480 : F61A;
    28481 : F6BE;
    28482 : F76B;
    28483 : F7FA;
    28484 : F868;
    28485 : F8BA;
    28486 : F8B7;
    28487 : F84A;
    28488 : F7D3;
    28489 : F796;
    28490 : F77C;
    28491 : F76B;
    28492 : F793;
    28493 : F836;
    28494 : F932;
    28495 : FA06;
    28496 : FA82;
    28497 : FB09;
    28498 : FBF9;
    28499 : FD06;
    28500 : FD8D;
    28501 : FD9C;
    28502 : FE10;
    28503 : FF50;
    28504 : 00AF;
    28505 : 01A5;
    28506 : 027E;
    28507 : 037E;
    28508 : 0466;
    28509 : 04E6;
    28510 : 04F6;
    28511 : 04F6;
    28512 : 054B;
    28513 : 05B8;
    28514 : 05D6;
    28515 : 05B0;
    28516 : 055C;
    28517 : 04DB;
    28518 : 0476;
    28519 : 042C;
    28520 : 037F;
    28521 : 0280;
    28522 : 01B1;
    28523 : 0111;
    28524 : 0082;
    28525 : 001E;
    28526 : FFAD;
    28527 : FF07;
    28528 : FEA5;
    28529 : FEF7;
    28530 : FFF6;
    28531 : 0154;
    28532 : 026E;
    28533 : 02D9;
    28534 : 02E7;
    28535 : 02D3;
    28536 : 0282;
    28537 : 0259;
    28538 : 02A1;
    28539 : 02DB;
    28540 : 02C1;
    28541 : 028E;
    28542 : 0218;
    28543 : 0143;
    28544 : 007A;
    28545 : FFBE;
    28546 : FEB6;
    28547 : FD9E;
    28548 : FCC6;
    28549 : FBE2;
    28550 : FAD0;
    28551 : F9E0;
    28552 : F922;
    28553 : F856;
    28554 : F764;
    28555 : F66F;
    28556 : F5A6;
    28557 : F500;
    28558 : F451;
    28559 : F3B9;
    28560 : F37F;
    28561 : F376;
    28562 : F334;
    28563 : F2E6;
    28564 : F32E;
    28565 : F420;
    28566 : F4EB;
    28567 : F4ED;
    28568 : F490;
    28569 : F499;
    28570 : F505;
    28571 : F542;
    28572 : F52C;
    28573 : F51E;
    28574 : F554;
    28575 : F59E;
    28576 : F5AB;
    28577 : F580;
    28578 : F57B;
    28579 : F5EB;
    28580 : F6A5;
    28581 : F742;
    28582 : F7AD;
    28583 : F852;
    28584 : F995;
    28585 : FB36;
    28586 : FCA9;
    28587 : FDCF;
    28588 : FEFF;
    28589 : 0061;
    28590 : 01C9;
    28591 : 032C;
    28592 : 04B4;
    28593 : 0638;
    28594 : 073A;
    28595 : 07A4;
    28596 : 07EE;
    28597 : 085F;
    28598 : 08DF;
    28599 : 0971;
    28600 : 0A37;
    28601 : 0B1F;
    28602 : 0BF6;
    28603 : 0C9D;
    28604 : 0D08;
    28605 : 0D2A;
    28606 : 0D06;
    28607 : 0CB4;
    28608 : 0C56;
    28609 : 0BE1;
    28610 : 0B39;
    28611 : 0A93;
    28612 : 0A5B;
    28613 : 0A93;
    28614 : 0AD8;
    28615 : 0AE4;
    28616 : 0AB2;
    28617 : 0A78;
    28618 : 0A74;
    28619 : 0A8D;
    28620 : 0A4B;
    28621 : 0991;
    28622 : 08E2;
    28623 : 08AB;
    28624 : 08A3;
    28625 : 0836;
    28626 : 0752;
    28627 : 0674;
    28628 : 05FA;
    28629 : 059F;
    28630 : 04D5;
    28631 : 036C;
    28632 : 01D2;
    28633 : 00A2;
    28634 : FFF2;
    28635 : FF32;
    28636 : FE0E;
    28637 : FD11;
    28638 : FD03;
    28639 : FDE0;
    28640 : FEE7;
    28641 : FF87;
    28642 : FFB8;
    28643 : FFAC;
    28644 : FF8A;
    28645 : FF88;
    28646 : FFE8;
    28647 : 00BA;
    28648 : 01AE;
    28649 : 0260;
    28650 : 02D8;
    28651 : 0374;
    28652 : 0442;
    28653 : 04E1;
    28654 : 050B;
    28655 : 04DA;
    28656 : 048C;
    28657 : 0450;
    28658 : 0424;
    28659 : 03E0;
    28660 : 0375;
    28661 : 02E5;
    28662 : 0233;
    28663 : 0189;
    28664 : 010E;
    28665 : 0063;
    28666 : FF28;
    28667 : FDC1;
    28668 : FCC7;
    28669 : FC13;
    28670 : FB30;
    28671 : FA36;
    28672 : F997;
    28673 : F984;
    28674 : F9CE;
    28675 : FA0C;
    28676 : F9EB;
    28677 : F98C;
    28678 : F962;
    28679 : F992;
    28680 : F9CB;
    28681 : F9E1;
    28682 : F9F7;
    28683 : FA10;
    28684 : F9F7;
    28685 : F9AB;
    28686 : F96F;
    28687 : F96C;
    28688 : F998;
    28689 : F9C7;
    28690 : F9C8;
    28691 : F9AB;
    28692 : F9AC;
    28693 : F9E1;
    28694 : FA34;
    28695 : FA85;
    28696 : FAA6;
    28697 : FA9D;
    28698 : FAD0;
    28699 : FB73;
    28700 : FC36;
    28701 : FCCF;
    28702 : FD47;
    28703 : FDB0;
    28704 : FE10;
    28705 : FE6E;
    28706 : FECF;
    28707 : FF5D;
    28708 : 0051;
    28709 : 019C;
    28710 : 0300;
    28711 : 0470;
    28712 : 05FE;
    28713 : 0796;
    28714 : 08F0;
    28715 : 09DC;
    28716 : 0AA2;
    28717 : 0B89;
    28718 : 0C2D;
    28719 : 0C22;
    28720 : 0BFE;
    28721 : 0C8B;
    28722 : 0D7A;
    28723 : 0E1B;
    28724 : 0E7C;
    28725 : 0EF9;
    28726 : 0F8D;
    28727 : 1008;
    28728 : 1051;
    28729 : 106A;
    28730 : 106F;
    28731 : 1089;
    28732 : 10C2;
    28733 : 10FD;
    28734 : 1108;
    28735 : 10E1;
    28736 : 10D4;
    28737 : 110D;
    28738 : 1135;
    28739 : 10EF;
    28740 : 1064;
    28741 : 0FDF;
    28742 : 0F6E;
    28743 : 0F07;
    28744 : 0E95;
    28745 : 0DEE;
    28746 : 0D2F;
    28747 : 0CE0;
    28748 : 0D44;
    28749 : 0DED;
    28750 : 0E38;
    28751 : 0DDB;
    28752 : 0CE8;
    28753 : 0BAD;
    28754 : 0A90;
    28755 : 09C4;
    28756 : 092A;
    28757 : 0880;
    28758 : 07B2;
    28759 : 06F1;
    28760 : 066F;
    28761 : 0613;
    28762 : 05A4;
    28763 : 0518;
    28764 : 0473;
    28765 : 03C0;
    28766 : 0327;
    28767 : 02B7;
    28768 : 022C;
    28769 : 015B;
    28770 : 0075;
    28771 : FFA2;
    28772 : FECE;
    28773 : FDE9;
    28774 : FCF8;
    28775 : FBFA;
    28776 : FAE4;
    28777 : F9B2;
    28778 : F878;
    28779 : F75B;
    28780 : F65A;
    28781 : F563;
    28782 : F4AA;
    28783 : F47E;
    28784 : F49D;
    28785 : F460;
    28786 : F3A0;
    28787 : F304;
    28788 : F311;
    28789 : F368;
    28790 : F36A;
    28791 : F339;
    28792 : F372;
    28793 : F439;
    28794 : F53A;
    28795 : F643;
    28796 : F766;
    28797 : F8A7;
    28798 : F9F5;
    28799 : FB2A;
    28800 : FC29;
    28801 : FD1E;
    28802 : FE74;
    28803 : 0047;
    28804 : 0214;
    28805 : 0351;
    28806 : 041F;
    28807 : 0504;
    28808 : 0614;
    28809 : 0705;
    28810 : 07C3;
    28811 : 0846;
    28812 : 084B;
    28813 : 07EA;
    28814 : 07C0;
    28815 : 080A;
    28816 : 0850;
    28817 : 085E;
    28818 : 08A9;
    28819 : 098A;
    28820 : 0AB9;
    28821 : 0BB4;
    28822 : 0C52;
    28823 : 0CC3;
    28824 : 0D2E;
    28825 : 0D8A;
    28826 : 0DBC;
    28827 : 0DB5;
    28828 : 0D9A;
    28829 : 0DC0;
    28830 : 0E44;
    28831 : 0EDB;
    28832 : 0F48;
    28833 : 0F92;
    28834 : 0FA0;
    28835 : 0F55;
    28836 : 0EED;
    28837 : 0E99;
    28838 : 0E16;
    28839 : 0D33;
    28840 : 0C56;
    28841 : 0BE1;
    28842 : 0B92;
    28843 : 0AE6;
    28844 : 09D6;
    28845 : 08E1;
    28846 : 0854;
    28847 : 07E2;
    28848 : 073D;
    28849 : 0688;
    28850 : 05F3;
    28851 : 057C;
    28852 : 0532;
    28853 : 0505;
    28854 : 04BB;
    28855 : 0483;
    28856 : 0508;
    28857 : 0665;
    28858 : 07ED;
    28859 : 0902;
    28860 : 0983;
    28861 : 0986;
    28862 : 0940;
    28863 : 08F4;
    28864 : 08CB;
    28865 : 08D4;
    28866 : 08FA;
    28867 : 0903;
    28868 : 08E5;
    28869 : 08BE;
    28870 : 0876;
    28871 : 07F0;
    28872 : 0769;
    28873 : 0714;
    28874 : 06C6;
    28875 : 065D;
    28876 : 05F6;
    28877 : 05AF;
    28878 : 0595;
    28879 : 0592;
    28880 : 0558;
    28881 : 04CD;
    28882 : 0434;
    28883 : 03B2;
    28884 : 0321;
    28885 : 027C;
    28886 : 01D8;
    28887 : 0124;
    28888 : 0050;
    28889 : FF73;
    28890 : FEBD;
    28891 : FE64;
    28892 : FE5F;
    28893 : FE46;
    28894 : FDC9;
    28895 : FD0F;
    28896 : FC44;
    28897 : FB5E;
    28898 : FA63;
    28899 : F96C;
    28900 : F884;
    28901 : F7BA;
    28902 : F714;
    28903 : F683;
    28904 : F609;
    28905 : F5BF;
    28906 : F5B4;
    28907 : F5F3;
    28908 : F652;
    28909 : F67E;
    28910 : F6A4;
    28911 : F769;
    28912 : F8D2;
    28913 : FA16;
    28914 : FACE;
    28915 : FB5E;
    28916 : FC2E;
    28917 : FD34;
    28918 : FE2C;
    28919 : FEDC;
    28920 : FF39;
    28921 : FF43;
    28922 : FEF8;
    28923 : FE8F;
    28924 : FE5F;
    28925 : FE7C;
    28926 : FEE2;
    28927 : FFAA;
    28928 : 00B2;
    28929 : 0197;
    28930 : 0236;
    28931 : 02A8;
    28932 : 02E2;
    28933 : 02F8;
    28934 : 032B;
    28935 : 0362;
    28936 : 0343;
    28937 : 02F7;
    28938 : 032E;
    28939 : 0429;
    28940 : 0562;
    28941 : 0650;
    28942 : 070A;
    28943 : 07E8;
    28944 : 08E8;
    28945 : 09C2;
    28946 : 0A42;
    28947 : 0A60;
    28948 : 0A4D;
    28949 : 0A56;
    28950 : 0A97;
    28951 : 0AD4;
    28952 : 0AB6;
    28953 : 0A29;
    28954 : 098C;
    28955 : 093F;
    28956 : 08FB;
    28957 : 0836;
    28958 : 06FC;
    28959 : 05CF;
    28960 : 04F5;
    28961 : 0462;
    28962 : 03D5;
    28963 : 0322;
    28964 : 029F;
    28965 : 02C7;
    28966 : 0363;
    28967 : 03EE;
    28968 : 0458;
    28969 : 0492;
    28970 : 043A;
    28971 : 035A;
    28972 : 028D;
    28973 : 0226;
    28974 : 01FF;
    28975 : 01E5;
    28976 : 01C9;
    28977 : 01C0;
    28978 : 01CA;
    28979 : 01AB;
    28980 : 0146;
    28981 : 00BC;
    28982 : 0003;
    28983 : FF02;
    28984 : FE0D;
    28985 : FD6F;
    28986 : FCDF;
    28987 : FC11;
    28988 : FB24;
    28989 : FA44;
    28990 : F98F;
    28991 : F912;
    28992 : F88A;
    28993 : F7A2;
    28994 : F694;
    28995 : F5CA;
    28996 : F53D;
    28997 : F49A;
    28998 : F3C7;
    28999 : F314;
    29000 : F308;
    29001 : F3B9;
    29002 : F49F;
    29003 : F53F;
    29004 : F598;
    29005 : F5D2;
    29006 : F607;
    29007 : F62B;
    29008 : F600;
    29009 : F59C;
    29010 : F58E;
    29011 : F5FB;
    29012 : F666;
    29013 : F6A1;
    29014 : F709;
    29015 : F7C3;
    29016 : F8AA;
    29017 : F99C;
    29018 : FA72;
    29019 : FB21;
    29020 : FBD9;
    29021 : FCC4;
    29022 : FDE2;
    29023 : FF15;
    29024 : 0017;
    29025 : 00D5;
    29026 : 01AF;
    29027 : 02E1;
    29028 : 041A;
    29029 : 0514;
    29030 : 05C9;
    29031 : 0627;
    29032 : 064E;
    29033 : 069D;
    29034 : 072E;
    29035 : 07DD;
    29036 : 08B3;
    29037 : 09A5;
    29038 : 0A75;
    29039 : 0B0B;
    29040 : 0B6C;
    29041 : 0B6D;
    29042 : 0B10;
    29043 : 0AAB;
    29044 : 0A5A;
    29045 : 09DC;
    29046 : 0926;
    29047 : 0892;
    29048 : 084E;
    29049 : 082A;
    29050 : 07EC;
    29051 : 0783;
    29052 : 0706;
    29053 : 06B1;
    29054 : 06AC;
    29055 : 06A7;
    29056 : 063D;
    29057 : 05A1;
    29058 : 0550;
    29059 : 0552;
    29060 : 0548;
    29061 : 04ED;
    29062 : 044F;
    29063 : 03B8;
    29064 : 035A;
    29065 : 0306;
    29066 : 0289;
    29067 : 01F4;
    29068 : 0143;
    29069 : 0089;
    29070 : 0029;
    29071 : 0018;
    29072 : FFA8;
    29073 : FED8;
    29074 : FE82;
    29075 : FEE7;
    29076 : FF75;
    29077 : FFC8;
    29078 : FFD9;
    29079 : FFB0;
    29080 : FF63;
    29081 : FEEE;
    29082 : FE4E;
    29083 : FDEF;
    29084 : FE38;
    29085 : FEC7;
    29086 : FEFE;
    29087 : FEF2;
    29088 : FF16;
    29089 : FF8E;
    29090 : 0008;
    29091 : 002C;
    29092 : 001E;
    29093 : 0060;
    29094 : 00F3;
    29095 : 0158;
    29096 : 0166;
    29097 : 0149;
    29098 : 0109;
    29099 : 00C4;
    29100 : 009E;
    29101 : 003F;
    29102 : FF4A;
    29103 : FE0D;
    29104 : FCF6;
    29105 : FBFD;
    29106 : FAFC;
    29107 : F9FF;
    29108 : F925;
    29109 : F89A;
    29110 : F869;
    29111 : F86B;
    29112 : F874;
    29113 : F848;
    29114 : F7C2;
    29115 : F734;
    29116 : F6EF;
    29117 : F6AA;
    29118 : F62F;
    29119 : F5E0;
    29120 : F5EF;
    29121 : F61F;
    29122 : F65F;
    29123 : F6B0;
    29124 : F6E4;
    29125 : F724;
    29126 : F7AD;
    29127 : F834;
    29128 : F87E;
    29129 : F8DF;
    29130 : F980;
    29131 : FA2A;
    29132 : FABE;
    29133 : FB1F;
    29134 : FB26;
    29135 : FB0F;
    29136 : FB1A;
    29137 : FB26;
    29138 : FB1F;
    29139 : FB15;
    29140 : FAE0;
    29141 : FA81;
    29142 : FA75;
    29143 : FAF9;
    29144 : FBC4;
    29145 : FCB7;
    29146 : FDEF;
    29147 : FF4E;
    29148 : 0086;
    29149 : 017B;
    29150 : 0230;
    29151 : 02BB;
    29152 : 0343;
    29153 : 03D8;
    29154 : 0467;
    29155 : 04E0;
    29156 : 055A;
    29157 : 05EC;
    29158 : 068C;
    29159 : 0724;
    29160 : 0799;
    29161 : 07D5;
    29162 : 07F2;
    29163 : 0825;
    29164 : 0857;
    29165 : 084C;
    29166 : 0812;
    29167 : 07D1;
    29168 : 0792;
    29169 : 077C;
    29170 : 0784;
    29171 : 072F;
    29172 : 0684;
    29173 : 064A;
    29174 : 069B;
    29175 : 06AA;
    29176 : 0626;
    29177 : 0592;
    29178 : 0551;
    29179 : 0566;
    29180 : 058F;
    29181 : 058B;
    29182 : 0591;
    29183 : 0611;
    29184 : 06F3;
    29185 : 07E6;
    29186 : 08C5;
    29187 : 0925;
    29188 : 089E;
    29189 : 0784;
    29190 : 064A;
    29191 : 050B;
    29192 : 0415;
    29193 : 0397;
    29194 : 0309;
    29195 : 0213;
    29196 : 0121;
    29197 : 0070;
    29198 : FFBC;
    29199 : FEE4;
    29200 : FDE2;
    29201 : FCB1;
    29202 : FB91;
    29203 : FAC8;
    29204 : FA4B;
    29205 : F9EA;
    29206 : F970;
    29207 : F8C9;
    29208 : F844;
    29209 : F805;
    29210 : F7A3;
    29211 : F6E3;
    29212 : F5FB;
    29213 : F4F2;
    29214 : F3DC;
    29215 : F31B;
    29216 : F2A1;
    29217 : F1FC;
    29218 : F153;
    29219 : F11E;
    29220 : F14A;
    29221 : F168;
    29222 : F129;
    29223 : F09E;
    29224 : F03A;
    29225 : F023;
    29226 : EFD7;
    29227 : EF44;
    29228 : EF03;
    29229 : EF30;
    29230 : EF6C;
    29231 : EFDA;
    29232 : F0B4;
    29233 : F1CC;
    29234 : F328;
    29235 : F4E1;
    29236 : F683;
    29237 : F7BD;
    29238 : F8F8;
    29239 : FA94;
    29240 : FC5E;
    29241 : FDF5;
    29242 : FF1C;
    29243 : FFF2;
    29244 : 00DA;
    29245 : 01D5;
    29246 : 027C;
    29247 : 02CF;
    29248 : 030A;
    29249 : 0305;
    29250 : 02AD;
    29251 : 027F;
    29252 : 02BB;
    29253 : 0307;
    29254 : 0348;
    29255 : 03D9;
    29256 : 04AD;
    29257 : 0540;
    29258 : 056E;
    29259 : 0577;
    29260 : 055E;
    29261 : 0525;
    29262 : 052B;
    29263 : 0598;
    29264 : 05F1;
    29265 : 05F0;
    29266 : 05FD;
    29267 : 0675;
    29268 : 0721;
    29269 : 078B;
    29270 : 078B;
    29271 : 0782;
    29272 : 07BB;
    29273 : 07D3;
    29274 : 0767;
    29275 : 06CB;
    29276 : 063A;
    29277 : 0578;
    29278 : 048C;
    29279 : 0394;
    29280 : 024F;
    29281 : 00F1;
    29282 : 0034;
    29283 : FFE5;
    29284 : FF25;
    29285 : FE03;
    29286 : FD1B;
    29287 : FC99;
    29288 : FC81;
    29289 : FCC7;
    29290 : FD0D;
    29291 : FD45;
    29292 : FDE6;
    29293 : FF08;
    29294 : 005F;
    29295 : 01B6;
    29296 : 02CC;
    29297 : 037A;
    29298 : 03F9;
    29299 : 045A;
    29300 : 046F;
    29301 : 0480;
    29302 : 04F0;
    29303 : 0579;
    29304 : 05BF;
    29305 : 05CA;
    29306 : 05AE;
    29307 : 0578;
    29308 : 054A;
    29309 : 050E;
    29310 : 04A0;
    29311 : 041A;
    29312 : 037F;
    29313 : 02C1;
    29314 : 0217;
    29315 : 01A1;
    29316 : 0146;
    29317 : 011B;
    29318 : 011D;
    29319 : 00D7;
    29320 : 0015;
    29321 : FF28;
    29322 : FE4E;
    29323 : FDB0;
    29324 : FD5F;
    29325 : FD03;
    29326 : FC69;
    29327 : FC15;
    29328 : FC51;
    29329 : FCB9;
    29330 : FCEB;
    29331 : FC97;
    29332 : FB90;
    29333 : FA65;
    29334 : F9B3;
    29335 : F90E;
    29336 : F80C;
    29337 : F71E;
    29338 : F67A;
    29339 : F5C7;
    29340 : F520;
    29341 : F4D7;
    29342 : F4D0;
    29343 : F4ED;
    29344 : F522;
    29345 : F525;
    29346 : F505;
    29347 : F54C;
    29348 : F625;
    29349 : F734;
    29350 : F82F;
    29351 : F8F2;
    29352 : F983;
    29353 : FA16;
    29354 : FAAA;
    29355 : FAF9;
    29356 : FB0E;
    29357 : FB24;
    29358 : FB31;
    29359 : FB35;
    29360 : FB7B;
    29361 : FC00;
    29362 : FC5A;
    29363 : FC8B;
    29364 : FD1E;
    29365 : FE1D;
    29366 : FEE7;
    29367 : FF21;
    29368 : FEFA;
    29369 : FE9F;
    29370 : FE50;
    29371 : FE7D;
    29372 : FEFD;
    29373 : FF27;
    29374 : FF2A;
    29375 : FFD0;
    29376 : 0117;
    29377 : 025E;
    29378 : 035E;
    29379 : 041F;
    29380 : 04CB;
    29381 : 05B6;
    29382 : 06DA;
    29383 : 07CF;
    29384 : 0882;
    29385 : 0915;
    29386 : 098B;
    29387 : 0A10;
    29388 : 0A92;
    29389 : 0A81;
    29390 : 09F9;
    29391 : 09C6;
    29392 : 09C8;
    29393 : 0937;
    29394 : 0839;
    29395 : 0758;
    29396 : 0698;
    29397 : 0603;
    29398 : 05B4;
    29399 : 0557;
    29400 : 04C2;
    29401 : 0461;
    29402 : 047D;
    29403 : 0516;
    29404 : 05F9;
    29405 : 068E;
    29406 : 0669;
    29407 : 05DB;
    29408 : 053A;
    29409 : 0496;
    29410 : 043D;
    29411 : 046A;
    29412 : 04BF;
    29413 : 04DF;
    29414 : 04C2;
    29415 : 047B;
    29416 : 043B;
    29417 : 0420;
    29418 : 03E4;
    29419 : 0350;
    29420 : 0274;
    29421 : 0169;
    29422 : 007E;
    29423 : 0006;
    29424 : FF96;
    29425 : FEAA;
    29426 : FDAB;
    29427 : FCF1;
    29428 : FBF3;
    29429 : FA7A;
    29430 : F8FB;
    29431 : F7AE;
    29432 : F697;
    29433 : F5DC;
    29434 : F560;
    29435 : F508;
    29436 : F51D;
    29437 : F5AC;
    29438 : F656;
    29439 : F6D2;
    29440 : F6DB;
    29441 : F67A;
    29442 : F66A;
    29443 : F6FB;
    29444 : F764;
    29445 : F74D;
    29446 : F762;
    29447 : F7D2;
    29448 : F841;
    29449 : F8D8;
    29450 : F9B7;
    29451 : FA78;
    29452 : FB22;
    29453 : FC16;
    29454 : FD11;
    29455 : FDA0;
    29456 : FE10;
    29457 : FEE1;
    29458 : FFF8;
    29459 : 00F8;
    29460 : 01CC;
    29461 : 0292;
    29462 : 033B;
    29463 : 0398;
    29464 : 03C6;
    29465 : 0411;
    29466 : 047D;
    29467 : 04C4;
    29468 : 04E6;
    29469 : 0537;
    29470 : 05DA;
    29471 : 069B;
    29472 : 0762;
    29473 : 084B;
    29474 : 092D;
    29475 : 09A8;
    29476 : 09CB;
    29477 : 09D1;
    29478 : 098C;
    29479 : 08FD;
    29480 : 08A9;
    29481 : 0883;
    29482 : 07EF;
    29483 : 0726;
    29484 : 06D4;
    29485 : 06D5;
    29486 : 06C5;
    29487 : 06BC;
    29488 : 06A6;
    29489 : 0656;
    29490 : 0605;
    29491 : 05B8;
    29492 : 051D;
    29493 : 0466;
    29494 : 03F2;
    29495 : 039B;
    29496 : 0357;
    29497 : 0347;
    29498 : 0322;
    29499 : 02CC;
    29500 : 02AF;
    29501 : 02CC;
    29502 : 02B6;
    29503 : 025D;
    29504 : 01E4;
    29505 : 016E;
    29506 : 0160;
    29507 : 01C2;
    29508 : 01FF;
    29509 : 01FB;
    29510 : 0229;
    29511 : 02A7;
    29512 : 035A;
    29513 : 0438;
    29514 : 04D2;
    29515 : 04B9;
    29516 : 0427;
    29517 : 0379;
    29518 : 02E7;
    29519 : 02C7;
    29520 : 0328;
    29521 : 0391;
    29522 : 03A5;
    29523 : 036E;
    29524 : 0332;
    29525 : 0354;
    29526 : 03C5;
    29527 : 03FC;
    29528 : 03E1;
    29529 : 03D9;
    29530 : 03F4;
    29531 : 0435;
    29532 : 04BB;
    29533 : 050C;
    29534 : 04AF;
    29535 : 042F;
    29536 : 040E;
    29537 : 03D9;
    29538 : 033A;
    29539 : 025D;
    29540 : 0143;
    29541 : 0013;
    29542 : FF2A;
    29543 : FE5E;
    29544 : FD60;
    29545 : FC7F;
    29546 : FBFC;
    29547 : FBA6;
    29548 : FB4F;
    29549 : FAC1;
    29550 : F9D9;
    29551 : F90E;
    29552 : F8BA;
    29553 : F85F;
    29554 : F7B5;
    29555 : F734;
    29556 : F6F6;
    29557 : F6B9;
    29558 : F6B8;
    29559 : F734;
    29560 : F7E2;
    29561 : F88D;
    29562 : F949;
    29563 : F9F6;
    29564 : FA74;
    29565 : FAF8;
    29566 : FBAB;
    29567 : FC5B;
    29568 : FCE0;
    29569 : FD41;
    29570 : FD7A;
    29571 : FD87;
    29572 : FD81;
    29573 : FD79;
    29574 : FD57;
    29575 : FD22;
    29576 : FD01;
    29577 : FCF8;
    29578 : FD07;
    29579 : FD61;
    29580 : FDFF;
    29581 : FE97;
    29582 : FF45;
    29583 : 004D;
    29584 : 015D;
    29585 : 021A;
    29586 : 02BA;
    29587 : 036E;
    29588 : 0428;
    29589 : 04FF;
    29590 : 05C7;
    29591 : 0614;
    29592 : 0629;
    29593 : 069B;
    29594 : 0761;
    29595 : 083C;
    29596 : 0911;
    29597 : 098D;
    29598 : 09A3;
    29599 : 09D1;
    29600 : 0A11;
    29601 : 09DF;
    29602 : 096F;
    29603 : 092B;
    29604 : 08DD;
    29605 : 0872;
    29606 : 0820;
    29607 : 07BB;
    29608 : 0735;
    29609 : 06FD;
    29610 : 0705;
    29611 : 06C6;
    29612 : 064D;
    29613 : 0609;
    29614 : 0625;
    29615 : 0685;
    29616 : 06D7;
    29617 : 06D8;
    29618 : 06CC;
    29619 : 0717;
    29620 : 07AE;
    29621 : 087D;
    29622 : 094F;
    29623 : 098E;
    29624 : 0901;
    29625 : 081D;
    29626 : 071E;
    29627 : 0608;
    29628 : 0532;
    29629 : 04B9;
    29630 : 0424;
    29631 : 0327;
    29632 : 01E2;
    29633 : 0094;
    29634 : FF7C;
    29635 : FE81;
    29636 : FD4F;
    29637 : FC15;
    29638 : FB3E;
    29639 : FAAE;
    29640 : FA4A;
    29641 : FA41;
    29642 : FA3E;
    29643 : F9CD;
    29644 : F93E;
    29645 : F8CF;
    29646 : F81A;
    29647 : F717;
    29648 : F636;
    29649 : F583;
    29650 : F4F1;
    29651 : F492;
    29652 : F42A;
    29653 : F39D;
    29654 : F359;
    29655 : F385;
    29656 : F3B4;
    29657 : F394;
    29658 : F2F7;
    29659 : F1D0;
    29660 : F0B1;
    29661 : F02F;
    29662 : EFF8;
    29663 : EF8E;
    29664 : EF29;
    29665 : EF0E;
    29666 : EF1E;
    29667 : EF5A;
    29668 : EFEC;
    29669 : F0C9;
    29670 : F1D2;
    29671 : F2FB;
    29672 : F435;
    29673 : F57D;
    29674 : F6FE;
    29675 : F8BD;
    29676 : FA6E;
    29677 : FBD3;
    29678 : FD07;
    29679 : FE30;
    29680 : FF2E;
    29681 : FFE3;
    29682 : 0060;
    29683 : 00A5;
    29684 : 00AF;
    29685 : 009F;
    29686 : 008A;
    29687 : 007F;
    29688 : 00AC;
    29689 : 0107;
    29690 : 0146;
    29691 : 017D;
    29692 : 01DC;
    29693 : 0212;
    29694 : 01DE;
    29695 : 017F;
    29696 : 0110;
    29697 : 009E;
    29698 : 008D;
    29699 : 00C9;
    29700 : 00B1;
    29701 : 006E;
    29702 : 00C2;
    29703 : 0197;
    29704 : 024F;
    29705 : 02C1;
    29706 : 02E7;
    29707 : 02CA;
    29708 : 02BF;
    29709 : 02E5;
    29710 : 02DC;
    29711 : 0263;
    29712 : 0191;
    29713 : 00AA;
    29714 : 0007;
    29715 : FF88;
    29716 : FE9F;
    29717 : FD61;
    29718 : FC6D;
    29719 : FBC2;
    29720 : FAFA;
    29721 : FA28;
    29722 : F96B;
    29723 : F8B4;
    29724 : F840;
    29725 : F838;
    29726 : F83D;
    29727 : F825;
    29728 : F86A;
    29729 : F96D;
    29730 : FAEB;
    29731 : FC39;
    29732 : FCF1;
    29733 : FD54;
    29734 : FDA8;
    29735 : FDBE;
    29736 : FDAA;
    29737 : FDE2;
    29738 : FE57;
    29739 : FEAD;
    29740 : FEFE;
    29741 : FF4B;
    29742 : FF25;
    29743 : FE9A;
    29744 : FE1B;
    29745 : FD9F;
    29746 : FCE9;
    29747 : FC21;
    29748 : FB88;
    29749 : FB53;
    29750 : FB81;
    29751 : FB9B;
    29752 : FB49;
    29753 : FAD7;
    29754 : FA72;
    29755 : F9DC;
    29756 : F91F;
    29757 : F862;
    29758 : F781;
    29759 : F6AB;
    29760 : F650;
    29761 : F631;
    29762 : F5E0;
    29763 : F5BA;
    29764 : F62D;
    29765 : F6D7;
    29766 : F714;
    29767 : F6AB;
    29768 : F5E7;
    29769 : F545;
    29770 : F4D5;
    29771 : F426;
    29772 : F316;
    29773 : F208;
    29774 : F123;
    29775 : F03D;
    29776 : EF73;
    29777 : EF0A;
    29778 : EEEB;
    29779 : EEE3;
    29780 : EEFD;
    29781 : EF3F;
    29782 : EF7B;
    29783 : EFB4;
    29784 : F02C;
    29785 : F0D4;
    29786 : F156;
    29787 : F1B2;
    29788 : F237;
    29789 : F2E1;
    29790 : F378;
    29791 : F3FE;
    29792 : F47E;
    29793 : F4D6;
    29794 : F509;
    29795 : F54E;
    29796 : F5D0;
    29797 : F692;
    29798 : F75D;
    29799 : F812;
    29800 : F8F1;
    29801 : FA01;
    29802 : FAB1;
    29803 : FAC9;
    29804 : FAD2;
    29805 : FB14;
    29806 : FB61;
    29807 : FBC5;
    29808 : FC35;
    29809 : FC51;
    29810 : FC43;
    29811 : FCAA;
    29812 : FD90;
    29813 : FE8B;
    29814 : FF68;
    29815 : 0019;
    29816 : 00A4;
    29817 : 014E;
    29818 : 022B;
    29819 : 02F0;
    29820 : 036C;
    29821 : 03B0;
    29822 : 03F0;
    29823 : 046B;
    29824 : 04F9;
    29825 : 0521;
    29826 : 04EB;
    29827 : 04CF;
    29828 : 04D9;
    29829 : 04C7;
    29830 : 048F;
    29831 : 0437;
    29832 : 03D3;
    29833 : 03A5;
    29834 : 03AB;
    29835 : 0383;
    29836 : 0315;
    29837 : 02B3;
    29838 : 0299;
    29839 : 02CB;
    29840 : 0318;
    29841 : 033A;
    29842 : 0318;
    29843 : 02AF;
    29844 : 01EB;
    29845 : 011B;
    29846 : 00BB;
    29847 : 00B3;
    29848 : 00A0;
    29849 : 0086;
    29850 : 0067;
    29851 : 0010;
    29852 : FF98;
    29853 : FF2D;
    29854 : FEA2;
    29855 : FDE4;
    29856 : FD3C;
    29857 : FCC0;
    29858 : FC4B;
    29859 : FBDD;
    29860 : FB61;
    29861 : FAB1;
    29862 : F9D8;
    29863 : F8D2;
    29864 : F77D;
    29865 : F601;
    29866 : F4A6;
    29867 : F37A;
    29868 : F28E;
    29869 : F1FD;
    29870 : F18F;
    29871 : F11A;
    29872 : F100;
    29873 : F193;
    29874 : F27D;
    29875 : F335;
    29876 : F389;
    29877 : F396;
    29878 : F395;
    29879 : F3BC;
    29880 : F414;
    29881 : F485;
    29882 : F4FE;
    29883 : F578;
    29884 : F5F7;
    29885 : F69A;
    29886 : F777;
    29887 : F877;
    29888 : F980;
    29889 : FA90;
    29890 : FB94;
    29891 : FC64;
    29892 : FD1A;
    29893 : FDFC;
    29894 : FEEB;
    29895 : FF88;
    29896 : FFDE;
    29897 : 003D;
    29898 : 00A3;
    29899 : 00FA;
    29900 : 016A;
    29901 : 01EE;
    29902 : 0240;
    29903 : 025B;
    29904 : 027D;
    29905 : 02D1;
    29906 : 0357;
    29907 : 0401;
    29908 : 04BE;
    29909 : 0584;
    29910 : 0633;
    29911 : 069B;
    29912 : 06C9;
    29913 : 06DE;
    29914 : 06A7;
    29915 : 0620;
    29916 : 05C2;
    29917 : 05A4;
    29918 : 053A;
    29919 : 0469;
    29920 : 03C4;
    29921 : 038B;
    29922 : 0362;
    29923 : 02FF;
    29924 : 026D;
    29925 : 01DE;
    29926 : 017D;
    29927 : 013B;
    29928 : 00D6;
    29929 : 0026;
    29930 : FF50;
    29931 : FEBB;
    29932 : FEA6;
    29933 : FEB8;
    29934 : FE69;
    29935 : FDD9;
    29936 : FD88;
    29937 : FD81;
    29938 : FD73;
    29939 : FD4C;
    29940 : FD27;
    29941 : FD16;
    29942 : FD39;
    29943 : FD99;
    29944 : FE06;
    29945 : FE5A;
    29946 : FEA3;
    29947 : FF11;
    29948 : FFB2;
    29949 : 0055;
    29950 : 00C1;
    29951 : 00F5;
    29952 : 00F0;
    29953 : 0089;
    29954 : FFDC;
    29955 : FF65;
    29956 : FF61;
    29957 : FFAF;
    29958 : 002E;
    29959 : 00BB;
    29960 : 011C;
    29961 : 0156;
    29962 : 019C;
    29963 : 01E9;
    29964 : 0218;
    29965 : 0237;
    29966 : 027C;
    29967 : 030C;
    29968 : 03D4;
    29969 : 0483;
    29970 : 04CE;
    29971 : 04B4;
    29972 : 0462;
    29973 : 03EC;
    29974 : 0348;
    29975 : 025C;
    29976 : 012E;
    29977 : 0013;
    29978 : FF5C;
    29979 : FEDD;
    29980 : FE3E;
    29981 : FD97;
    29982 : FD38;
    29983 : FD1B;
    29984 : FCDA;
    29985 : FC38;
    29986 : FB52;
    29987 : FA6C;
    29988 : F9A3;
    29989 : F8E4;
    29990 : F822;
    29991 : F775;
    29992 : F70F;
    29993 : F70A;
    29994 : F751;
    29995 : F7CA;
    29996 : F87D;
    29997 : F96A;
    29998 : FA6C;
    29999 : FB53;
    30000 : FC14;
    30001 : FCD2;
    30002 : FDA5;
    30003 : FE68;
    30004 : FEDA;
    30005 : FF03;
    30006 : FF1B;
    30007 : FF35;
    30008 : FF40;
    30009 : FF4A;
    30010 : FF66;
    30011 : FF80;
    30012 : FF7A;
    30013 : FF66;
    30014 : FF7D;
    30015 : FFDF;
    30016 : 006B;
    30017 : 00F5;
    30018 : 0191;
    30019 : 026C;
    30020 : 0363;
    30021 : 0426;
    30022 : 0494;
    30023 : 04D7;
    30024 : 0542;
    30025 : 0617;
    30026 : 072D;
    30027 : 0808;
    30028 : 0882;
    30029 : 08FF;
    30030 : 09D5;
    30031 : 0ACD;
    30032 : 0B74;
    30033 : 0BBC;
    30034 : 0BF5;
    30035 : 0C50;
    30036 : 0CAF;
    30037 : 0CE7;
    30038 : 0CE2;
    30039 : 0C9D;
    30040 : 0C4A;
    30041 : 0C33;
    30042 : 0C41;
    30043 : 0BFC;
    30044 : 0B4D;
    30045 : 0AC4;
    30046 : 0ACE;
    30047 : 0B26;
    30048 : 0B3F;
    30049 : 0B02;
    30050 : 0AD6;
    30051 : 0B09;
    30052 : 0B82;
    30053 : 0BEB;
    30054 : 0C11;
    30055 : 0C17;
    30056 : 0C4E;
    30057 : 0CDA;
    30058 : 0D7E;
    30059 : 0DEB;
    30060 : 0E11;
    30061 : 0DEA;
    30062 : 0D43;
    30063 : 0C1A;
    30064 : 0AD8;
    30065 : 09EE;
    30066 : 0963;
    30067 : 08EE;
    30068 : 085C;
    30069 : 07A9;
    30070 : 06E3;
    30071 : 060B;
    30072 : 051F;
    30073 : 0431;
    30074 : 0365;
    30075 : 02E1;
    30076 : 02A9;
    30077 : 0292;
    30078 : 0264;
    30079 : 01FE;
    30080 : 016F;
    30081 : 00E2;
    30082 : 0074;
    30083 : FFF5;
    30084 : FF21;
    30085 : FE25;
    30086 : FD91;
    30087 : FD9C;
    30088 : FDE0;
    30089 : FDF7;
    30090 : FDF1;
    30091 : FE08;
    30092 : FE3F;
    30093 : FE70;
    30094 : FE84;
    30095 : FE6F;
    30096 : FE2E;
    30097 : FDDE;
    30098 : FD8D;
    30099 : FD27;
    30100 : FCB0;
    30101 : FC6E;
    30102 : FC96;
    30103 : FCFF;
    30104 : FD7F;
    30105 : FE46;
    30106 : FF84;
    30107 : 0100;
    30108 : 0260;
    30109 : 0393;
    30110 : 04B4;
    30111 : 05C9;
    30112 : 06DD;
    30113 : 0808;
    30114 : 0937;
    30115 : 0A2B;
    30116 : 0ADB;
    30117 : 0B78;
    30118 : 0C13;
    30119 : 0C8D;
    30120 : 0CDD;
    30121 : 0D1F;
    30122 : 0D68;
    30123 : 0DAC;
    30124 : 0DE0;
    30125 : 0E0B;
    30126 : 0E38;
    30127 : 0E6B;
    30128 : 0E9B;
    30129 : 0EB3;
    30130 : 0EA0;
    30131 : 0E56;
    30132 : 0DE9;
    30133 : 0D89;
    30134 : 0D5E;
    30135 : 0D5B;
    30136 : 0D51;
    30137 : 0D2E;
    30138 : 0D1E;
    30139 : 0D44;
    30140 : 0D80;
    30141 : 0D93;
    30142 : 0D76;
    30143 : 0D57;
    30144 : 0D5A;
    30145 : 0D8B;
    30146 : 0DBF;
    30147 : 0DA0;
    30148 : 0D13;
    30149 : 0C89;
    30150 : 0C6D;
    30151 : 0C71;
    30152 : 0BF7;
    30153 : 0B07;
    30154 : 0A36;
    30155 : 09C8;
    30156 : 0974;
    30157 : 090C;
    30158 : 08C3;
    30159 : 08C5;
    30160 : 0900;
    30161 : 0946;
    30162 : 096D;
    30163 : 0961;
    30164 : 0961;
    30165 : 09DA;
    30166 : 0ADC;
    30167 : 0BFE;
    30168 : 0CED;
    30169 : 0D9F;
    30170 : 0E08;
    30171 : 0E0F;
    30172 : 0DED;
    30173 : 0E0F;
    30174 : 0E87;
    30175 : 0EF6;
    30176 : 0F23;
    30177 : 0F37;
    30178 : 0F49;
    30179 : 0F36;
    30180 : 0EF0;
    30181 : 0E9C;
    30182 : 0E48;
    30183 : 0DE7;
    30184 : 0D96;
    30185 : 0D81;
    30186 : 0D8D;
    30187 : 0D5F;
    30188 : 0CC0;
    30189 : 0BD2;
    30190 : 0ADD;
    30191 : 09F8;
    30192 : 08FB;
    30193 : 07D0;
    30194 : 06A7;
    30195 : 05CE;
    30196 : 055C;
    30197 : 0522;
    30198 : 04E5;
    30199 : 04A1;
    30200 : 0481;
    30201 : 0494;
    30202 : 04A3;
    30203 : 0460;
    30204 : 03BD;
    30205 : 02F0;
    30206 : 0225;
    30207 : 014F;
    30208 : 005D;
    30209 : FF6E;
    30210 : FEB0;
    30211 : FE17;
    30212 : FD81;
    30213 : FD01;
    30214 : FCD1;
    30215 : FD00;
    30216 : FD61;
    30217 : FDB2;
    30218 : FDCB;
    30219 : FDC4;
    30220 : FDE8;
    30221 : FE58;
    30222 : FED2;
    30223 : FF02;
    30224 : FF01;
    30225 : FF2E;
    30226 : FFA1;
    30227 : 001F;
    30228 : 0084;
    30229 : 00ED;
    30230 : 0176;
    30231 : 0219;
    30232 : 02CD;
    30233 : 038E;
    30234 : 0444;
    30235 : 04E1;
    30236 : 0581;
    30237 : 064B;
    30238 : 0728;
    30239 : 07C9;
    30240 : 07F8;
    30241 : 07CB;
    30242 : 0798;
    30243 : 07AA;
    30244 : 07F0;
    30245 : 080F;
    30246 : 07DD;
    30247 : 07A8;
    30248 : 07D4;
    30249 : 0854;
    30250 : 08CB;
    30251 : 0909;
    30252 : 092C;
    30253 : 0955;
    30254 : 0989;
    30255 : 09C3;
    30256 : 09FF;
    30257 : 0A41;
    30258 : 0A9A;
    30259 : 0B0A;
    30260 : 0B66;
    30261 : 0B7B;
    30262 : 0B57;
    30263 : 0B43;
    30264 : 0B66;
    30265 : 0B9C;
    30266 : 0BA6;
    30267 : 0B76;
    30268 : 0B3F;
    30269 : 0B39;
    30270 : 0B65;
    30271 : 0B77;
    30272 : 0B1C;
    30273 : 0A5F;
    30274 : 09C0;
    30275 : 09AC;
    30276 : 0A09;
    30277 : 0A6C;
    30278 : 0A7D;
    30279 : 0A06;
    30280 : 08FB;
    30281 : 07B0;
    30282 : 06B4;
    30283 : 0655;
    30284 : 0666;
    30285 : 068B;
    30286 : 0684;
    30287 : 063E;
    30288 : 05CA;
    30289 : 054F;
    30290 : 04E7;
    30291 : 048A;
    30292 : 0428;
    30293 : 03D2;
    30294 : 0397;
    30295 : 034D;
    30296 : 02B7;
    30297 : 01DA;
    30298 : 00E4;
    30299 : FFD2;
    30300 : FE77;
    30301 : FCDA;
    30302 : FB38;
    30303 : F9CA;
    30304 : F8AB;
    30305 : F7E4;
    30306 : F755;
    30307 : F6C7;
    30308 : F63E;
    30309 : F60A;
    30310 : F652;
    30311 : F6C9;
    30312 : F702;
    30313 : F6ED;
    30314 : F6C4;
    30315 : F6B6;
    30316 : F6C6;
    30317 : F6E7;
    30318 : F715;
    30319 : F76A;
    30320 : F804;
    30321 : F8E0;
    30322 : F9C7;
    30323 : FA92;
    30324 : FB59;
    30325 : FC3C;
    30326 : FD18;
    30327 : FDB1;
    30328 : FE26;
    30329 : FEC4;
    30330 : FF81;
    30331 : 0006;
    30332 : 0038;
    30333 : 0050;
    30334 : 007B;
    30335 : 00B1;
    30336 : 00E6;
    30337 : 011C;
    30338 : 014D;
    30339 : 0174;
    30340 : 01AA;
    30341 : 021B;
    30342 : 02CC;
    30343 : 0391;
    30344 : 0440;
    30345 : 04DC;
    30346 : 057C;
    30347 : 0620;
    30348 : 069D;
    30349 : 06B3;
    30350 : 065C;
    30351 : 05FD;
    30352 : 05FE;
    30353 : 0634;
    30354 : 0613;
    30355 : 0578;
    30356 : 04D7;
    30357 : 0494;
    30358 : 047D;
    30359 : 0426;
    30360 : 036B;
    30361 : 027C;
    30362 : 0191;
    30363 : 00CF;
    30364 : 0031;
    30365 : FF85;
    30366 : FEB1;
    30367 : FE01;
    30368 : FDCE;
    30369 : FDDF;
    30370 : FDA3;
    30371 : FD17;
    30372 : FCD0;
    30373 : FD1B;
    30374 : FD8D;
    30375 : FDA6;
    30376 : FD7D;
    30377 : FD87;
    30378 : FDFF;
    30379 : FEB0;
    30380 : FF2C;
    30381 : FF34;
    30382 : FF0B;
    30383 : FF47;
    30384 : 0019;
    30385 : 010C;
    30386 : 01A8;
    30387 : 01F9;
    30388 : 021F;
    30389 : 01D7;
    30390 : 0106;
    30391 : 002E;
    30392 : FFE2;
    30393 : 0011;
    30394 : 004C;
    30395 : 0078;
    30396 : 00AD;
    30397 : 00DF;
    30398 : 00FC;
    30399 : 011E;
    30400 : 014C;
    30401 : 015F;
    30402 : 0164;
    30403 : 01A5;
    30404 : 021E;
    30405 : 0260;
    30406 : 022F;
    30407 : 01BC;
    30408 : 0132;
    30409 : 0079;
    30410 : FF87;
    30411 : FE7C;
    30412 : FD75;
    30413 : FC85;
    30414 : FBBF;
    30415 : FB0A;
    30416 : FA20;
    30417 : F90F;
    30418 : F857;
    30419 : F836;
    30420 : F81E;
    30421 : F768;
    30422 : F624;
    30423 : F4E7;
    30424 : F403;
    30425 : F355;
    30426 : F2B2;
    30427 : F21F;
    30428 : F1C9;
    30429 : F1D5;
    30430 : F230;
    30431 : F28E;
    30432 : F2CC;
    30433 : F323;
    30434 : F3C7;
    30435 : F487;
    30436 : F50C;
    30437 : F563;
    30438 : F5DE;
    30439 : F68E;
    30440 : F724;
    30441 : F759;
    30442 : F732;
    30443 : F6E9;
    30444 : F6B5;
    30445 : F6AA;
    30446 : F6B9;
    30447 : F6C5;
    30448 : F6C5;
    30449 : F6CB;
    30450 : F6F6;
    30451 : F75E;
    30452 : F7FE;
    30453 : F8BF;
    30454 : F98C;
    30455 : FA5A;
    30456 : FB1B;
    30457 : FBC2;
    30458 : FC4B;
    30459 : FCBD;
    30460 : FD38;
    30461 : FDE2;
    30462 : FEC1;
    30463 : FF95;
    30464 : 0022;
    30465 : 0090;
    30466 : 0144;
    30467 : 0241;
    30468 : 0303;
    30469 : 0328;
    30470 : 02EC;
    30471 : 02CD;
    30472 : 02F7;
    30473 : 0336;
    30474 : 033D;
    30475 : 02F0;
    30476 : 0282;
    30477 : 024F;
    30478 : 025B;
    30479 : 0238;
    30480 : 01AA;
    30481 : 0114;
    30482 : 00E6;
    30483 : 0108;
    30484 : 0123;
    30485 : 012D;
    30486 : 014E;
    30487 : 018B;
    30488 : 01CB;
    30489 : 01F4;
    30490 : 01DC;
    30491 : 0175;
    30492 : 0111;
    30493 : 0123;
    30494 : 01A4;
    30495 : 0217;
    30496 : 0218;
    30497 : 0199;
    30498 : 00A9;
    30499 : FF6D;
    30500 : FE32;
    30501 : FD2B;
    30502 : FC4A;
    30503 : FB78;
    30504 : FAC5;
    30505 : FA38;
    30506 : F9BA;
    30507 : F944;
    30508 : F8DD;
    30509 : F85A;
    30510 : F793;
    30511 : F6C9;
    30512 : F667;
    30513 : F669;
    30514 : F65D;
    30515 : F5FE;
    30516 : F568;
    30517 : F4C7;
    30518 : F433;
    30519 : F3B2;
    30520 : F32B;
    30521 : F282;
    30522 : F1DA;
    30523 : F16F;
    30524 : F139;
    30525 : F0FE;
    30526 : F0C2;
    30527 : F0CD;
    30528 : F139;
    30529 : F1BD;
    30530 : F1F3;
    30531 : F1B6;
    30532 : F12F;
    30533 : F0AA;
    30534 : F05C;
    30535 : F03E;
    30536 : F02C;
    30537 : F038;
    30538 : F0A7;
    30539 : F185;
    30540 : F286;
    30541 : F36D;
    30542 : F463;
    30543 : F5A2;
    30544 : F715;
    30545 : F869;
    30546 : F97E;
    30547 : FA8C;
    30548 : FBD0;
    30549 : FD24;
    30550 : FE1E;
    30551 : FEA0;
    30552 : FEFD;
    30553 : FF8B;
    30554 : 003C;
    30555 : 00D1;
    30556 : 012B;
    30557 : 015D;
    30558 : 0181;
    30559 : 01A8;
    30560 : 01D9;
    30561 : 020B;
    30562 : 0233;
    30563 : 0255;
    30564 : 0271;
    30565 : 0280;
    30566 : 0280;
    30567 : 0268;
    30568 : 021F;
    30569 : 01B3;
    30570 : 017A;
    30571 : 01A8;
    30572 : 01F2;
    30573 : 01E5;
    30574 : 0191;
    30575 : 0172;
    30576 : 01B7;
    30577 : 020F;
    30578 : 0227;
    30579 : 0205;
    30580 : 01DE;
    30581 : 01CF;
    30582 : 01CA;
    30583 : 01A3;
    30584 : 0147;
    30585 : 00E8;
    30586 : 00C3;
    30587 : 00B8;
    30588 : 0068;
    30589 : FFC5;
    30590 : FF30;
    30591 : FEF3;
    30592 : FEF3;
    30593 : FEE8;
    30594 : FEB1;
    30595 : FE6C;
    30596 : FE64;
    30597 : FEBF;
    30598 : FF33;
    30599 : FF38;
    30600 : FEC7;
    30601 : FE85;
    30602 : FF09;
    30603 : 0025;
    30604 : 012C;
    30605 : 01B4;
    30606 : 01CC;
    30607 : 01A4;
    30608 : 015B;
    30609 : 011B;
    30610 : 0106;
    30611 : 011A;
    30612 : 0148;
    30613 : 0199;
    30614 : 020F;
    30615 : 027C;
    30616 : 02A1;
    30617 : 0272;
    30618 : 0212;
    30619 : 01AA;
    30620 : 0159;
    30621 : 0136;
    30622 : 0136;
    30623 : 0126;
    30624 : 00DB;
    30625 : 005C;
    30626 : FFB2;
    30627 : FED1;
    30628 : FDC9;
    30629 : FCCB;
    30630 : FBE4;
    30631 : FAF2;
    30632 : FA04;
    30633 : F95E;
    30634 : F909;
    30635 : F8B8;
    30636 : F851;
    30637 : F81C;
    30638 : F820;
    30639 : F7E8;
    30640 : F71F;
    30641 : F607;
    30642 : F50D;
    30643 : F441;
    30644 : F37F;
    30645 : F2C4;
    30646 : F226;
    30647 : F1C0;
    30648 : F1AD;
    30649 : F1E6;
    30650 : F228;
    30651 : F23E;
    30652 : F246;
    30653 : F26B;
    30654 : F296;
    30655 : F2B1;
    30656 : F2EC;
    30657 : F370;
    30658 : F404;
    30659 : F44F;
    30660 : F454;
    30661 : F468;
    30662 : F4BE;
    30663 : F54C;
    30664 : F5F2;
    30665 : F696;
    30666 : F723;
    30667 : F79E;
    30668 : F824;
    30669 : F8C7;
    30670 : F981;
    30671 : FA42;
    30672 : FB11;
    30673 : FC01;
    30674 : FD0A;
    30675 : FDFA;
    30676 : FE98;
    30677 : FEE0;
    30678 : FF0B;
    30679 : FF65;
    30680 : 0009;
    30681 : 00B7;
    30682 : 0114;
    30683 : 011A;
    30684 : 0136;
    30685 : 01C0;
    30686 : 0278;
    30687 : 02DA;
    30688 : 02C6;
    30689 : 029A;
    30690 : 029C;
    30691 : 02BC;
    30692 : 02D0;
    30693 : 02C3;
    30694 : 029C;
    30695 : 0281;
    30696 : 029A;
    30697 : 02C3;
    30698 : 02A9;
    30699 : 025B;
    30700 : 024B;
    30701 : 0293;
    30702 : 02C7;
    30703 : 02A2;
    30704 : 0264;
    30705 : 024B;
    30706 : 023C;
    30707 : 020C;
    30708 : 01B1;
    30709 : 0125;
    30710 : 0082;
    30711 : 0030;
    30712 : 006C;
    30713 : 00D8;
    30714 : 00E6;
    30715 : 0077;
    30716 : FFA0;
    30717 : FE5E;
    30718 : FCEE;
    30719 : FBEA;
    30720 : FB8E;
    30721 : FB68;
    30722 : FB17;
    30723 : FABF;
    30724 : FA90;
    30725 : FA5B;
    30726 : F9FA;
    30727 : F990;
    30728 : F92D;
    30729 : F8B8;
    30730 : F844;
    30731 : F80E;
    30732 : F808;
    30733 : F7E1;
    30734 : F778;
    30735 : F6E3;
    30736 : F629;
    30737 : F53B;
    30738 : F42D;
    30739 : F325;
    30740 : F23F;
    30741 : F194;
    30742 : F136;
    30743 : F10B;
    30744 : F0F2;
    30745 : F108;
    30746 : F180;
    30747 : F22D;
    30748 : F284;
    30749 : F236;
    30750 : F18B;
    30751 : F110;
    30752 : F105;
    30753 : F130;
    30754 : F14C;
    30755 : F16E;
    30756 : F1E8;
    30757 : F2CB;
    30758 : F3D1;
    30759 : F4C5;
    30760 : F5B5;
    30761 : F6B2;
    30762 : F7A2;
    30763 : F867;
    30764 : F8FF;
    30765 : F97F;
    30766 : FA0B;
    30767 : FAB4;
    30768 : FB4D;
    30769 : FB9B;
    30770 : FBB5;
    30771 : FBEF;
    30772 : FC62;
    30773 : FCD1;
    30774 : FD20;
    30775 : FD6A;
    30776 : FDB6;
    30777 : FDF0;
    30778 : FE2B;
    30779 : FE95;
    30780 : FF1C;
    30781 : FF92;
    30782 : FFF9;
    30783 : 0069;
    30784 : 00C6;
    30785 : 00F3;
    30786 : 00FD;
    30787 : 00F5;
    30788 : 00D7;
    30789 : 00AF;
    30790 : 008A;
    30791 : 0043;
    30792 : FFC5;
    30793 : FF65;
    30794 : FF78;
    30795 : FFB6;
    30796 : FF8D;
    30797 : FEEF;
    30798 : FE50;
    30799 : FDEF;
    30800 : FD99;
    30801 : FD11;
    30802 : FC54;
    30803 : FB91;
    30804 : FB13;
    30805 : FB06;
    30806 : FB28;
    30807 : FB10;
    30808 : FACE;
    30809 : FAD8;
    30810 : FB57;
    30811 : FBEB;
    30812 : FC4E;
    30813 : FCAE;
    30814 : FD45;
    30815 : FDEF;
    30816 : FE5A;
    30817 : FE68;
    30818 : FE52;
    30819 : FE82;
    30820 : FF3A;
    30821 : 004E;
    30822 : 0140;
    30823 : 01B2;
    30824 : 019F;
    30825 : 012D;
    30826 : 0086;
    30827 : FFE9;
    30828 : FF9E;
    30829 : FFB5;
    30830 : FFF5;
    30831 : 002C;
    30832 : 0063;
    30833 : 00BB;
    30834 : 011B;
    30835 : 013D;
    30836 : 00FE;
    30837 : 0099;
    30838 : 0071;
    30839 : 00B1;
    30840 : 0123;
    30841 : 016A;
    30842 : 014E;
    30843 : 00D7;
    30844 : 0040;
    30845 : FFC1;
    30846 : FF54;
    30847 : FEB5;
    30848 : FDBC;
    30849 : FC98;
    30850 : FBA4;
    30851 : FAFF;
    30852 : FA79;
    30853 : F9E5;
    30854 : F95F;
    30855 : F921;
    30856 : F920;
    30857 : F8F6;
    30858 : F84E;
    30859 : F74F;
    30860 : F664;
    30861 : F5B8;
    30862 : F526;
    30863 : F4A1;
    30864 : F463;
    30865 : F490;
    30866 : F50A;
    30867 : F59C;
    30868 : F635;
    30869 : F6E0;
    30870 : F7A0;
    30871 : F862;
    30872 : F8F5;
    30873 : F93D;
    30874 : F967;
    30875 : F9B9;
    30876 : FA33;
    30877 : FA8E;
    30878 : FAB1;
    30879 : FAD6;
    30880 : FB2C;
    30881 : FBA4;
    30882 : FC1A;
    30883 : FC7C;
    30884 : FCB8;
    30885 : FCD4;
    30886 : FD0B;
    30887 : FD8C;
    30888 : FE32;
    30889 : FEBF;
    30890 : FF42;
    30891 : FFF8;
    30892 : 00F3;
    30893 : 01FD;
    30894 : 02DD;
    30895 : 0379;
    30896 : 03DD;
    30897 : 044B;
    30898 : 0502;
    30899 : 05E5;
    30900 : 068C;
    30901 : 06D0;
    30902 : 0707;
    30903 : 078D;
    30904 : 0845;
    30905 : 08C6;
    30906 : 08E3;
    30907 : 08C8;
    30908 : 08AD;
    30909 : 0893;
    30910 : 085D;
    30911 : 07FA;
    30912 : 078D;
    30913 : 074B;
    30914 : 0742;
    30915 : 0740;
    30916 : 071F;
    30917 : 06FA;
    30918 : 0705;
    30919 : 072E;
    30920 : 072C;
    30921 : 06ED;
    30922 : 06B5;
    30923 : 06B8;
    30924 : 06D1;
    30925 : 06BD;
    30926 : 066F;
    30927 : 0616;
    30928 : 05F4;
    30929 : 0630;
    30930 : 06B5;
    30931 : 0726;
    30932 : 0715;
    30933 : 0664;
    30934 : 0546;
    30935 : 0403;
    30936 : 02E4;
    30937 : 0229;
    30938 : 01D0;
    30939 : 018D;
    30940 : 011D;
    30941 : 0099;
    30942 : 002B;
    30943 : FFBC;
    30944 : FF29;
    30945 : FE7F;
    30946 : FDE6;
    30947 : FD6A;
    30948 : FD16;
    30949 : FCFE;
    30950 : FD01;
    30951 : FCC6;
    30952 : FC2E;
    30953 : FB7E;
    30954 : FAF0;
    30955 : FA66;
    30956 : F9AD;
    30957 : F8D9;
    30958 : F822;
    30959 : F7AE;
    30960 : F77C;
    30961 : F767;
    30962 : F74F;
    30963 : F750;
    30964 : F7B9;
    30965 : F88A;
    30966 : F937;
    30967 : F945;
    30968 : F8E2;
    30969 : F896;
    30970 : F88B;
    30971 : F896;
    30972 : F8BB;
    30973 : F936;
    30974 : FA0C;
    30975 : FAFF;
    30976 : FBEB;
    30977 : FCED;
    30978 : FE18;
    30979 : FF4D;
    30980 : 005E;
    30981 : 013A;
    30982 : 01EB;
    30983 : 028A;
    30984 : 0332;
    30985 : 03DD;
    30986 : 0462;
    30987 : 04AA;
    30988 : 04DE;
    30989 : 0534;
    30990 : 05AF;
    30991 : 0626;
    30992 : 0675;
    30993 : 0699;
    30994 : 06A6;
    30995 : 06C2;
    30996 : 070A;
    30997 : 076F;
    30998 : 07C1;
    30999 : 07FF;
    31000 : 085D;
    31001 : 08EE;
    31002 : 0974;
    31003 : 09A7;
    31004 : 098C;
    31005 : 095C;
    31006 : 0944;
    31007 : 0951;
    31008 : 0979;
    31009 : 0994;
    31010 : 097A;
    31011 : 0942;
    31012 : 092C;
    31013 : 0946;
    31014 : 0948;
    31015 : 08F3;
    31016 : 085E;
    31017 : 07CC;
    31018 : 074E;
    31019 : 06BE;
    31020 : 0603;
    31021 : 0549;
    31022 : 04DC;
    31023 : 04CC;
    31024 : 04C8;
    31025 : 0472;
    31026 : 03E2;
    31027 : 0393;
    31028 : 03CF;
    31029 : 0450;
    31030 : 04A4;
    31031 : 04B8;
    31032 : 04D3;
    31033 : 0527;
    31034 : 0598;
    31035 : 05F0;
    31036 : 0627;
    31037 : 0673;
    31038 : 070F;
    31039 : 07F2;
    31040 : 08C1;
    31041 : 0914;
    31042 : 08D6;
    31043 : 0850;
    31044 : 07DF;
    31045 : 07AC;
    31046 : 07B7;
    31047 : 07F6;
    31048 : 0850;
    31049 : 0892;
    31050 : 088E;
    31051 : 0846;
    31052 : 07F0;
    31053 : 07B9;
    31054 : 07A9;
    31055 : 07AF;
    31056 : 07C4;
    31057 : 07F5;
    31058 : 0845;
    31059 : 0889;
    31060 : 0877;
    31061 : 07F1;
    31062 : 072E;
    31063 : 067B;
    31064 : 05D1;
    31065 : 04E5;
    31066 : 03AB;
    31067 : 0286;
    31068 : 01CD;
    31069 : 0164;
    31070 : 00E9;
    31071 : 0045;
    31072 : FFB5;
    31073 : FF5C;
    31074 : FEFF;
    31075 : FE3D;
    31076 : FD05;
    31077 : FBA9;
    31078 : FA8D;
    31079 : F9C7;
    31080 : F924;
    31081 : F888;
    31082 : F81B;
    31083 : F80C;
    31084 : F843;
    31085 : F875;
    31086 : F881;
    31087 : F88C;
    31088 : F8C1;
    31089 : F916;
    31090 : F96E;
    31091 : F9C2;
    31092 : FA1E;
    31093 : FA7B;
    31094 : FAC5;
    31095 : FB06;
    31096 : FB51;
    31097 : FBA1;
    31098 : FBE2;
    31099 : FC20;
    31100 : FC70;
    31101 : FCC7;
    31102 : FD04;
    31103 : FD2B;
    31104 : FD6D;
    31105 : FDF3;
    31106 : FEBE;
    31107 : FFB4;
    31108 : 00C0;
    31109 : 01CC;
    31110 : 02C9;
    31111 : 03AA;
    31112 : 045A;
    31113 : 04D0;
    31114 : 0531;
    31115 : 05C3;
    31116 : 0691;
    31117 : 075B;
    31118 : 07F2;
    31119 : 0873;
    31120 : 0917;
    31121 : 09E4;
    31122 : 0AB7;
    31123 : 0B6A;
    31124 : 0BE3;
    31125 : 0C24;
    31126 : 0C47;
    31127 : 0C5A;
    31128 : 0C40;
    31129 : 0BE6;
    31130 : 0B84;
    31131 : 0B67;
    31132 : 0B8A;
    31133 : 0BA2;
    31134 : 0B8E;
    31135 : 0B7D;
    31136 : 0B98;
    31137 : 0BB6;
    31138 : 0B91;
    31139 : 0B25;
    31140 : 0AC2;
    31141 : 0AAD;
    31142 : 0ACB;
    31143 : 0AB4;
    31144 : 0A39;
    31145 : 09AF;
    31146 : 099A;
    31147 : 0A09;
    31148 : 0A85;
    31149 : 0A98;
    31150 : 0A2C;
    31151 : 0959;
    31152 : 082A;
    31153 : 06C7;
    31154 : 0596;
    31155 : 04F9;
    31156 : 04EB;
    31157 : 050D;
    31158 : 0508;
    31159 : 04BA;
    31160 : 042D;
    31161 : 037F;
    31162 : 02D9;
    31163 : 0252;
    31164 : 01E1;
    31165 : 017E;
    31166 : 013A;
    31167 : 0120;
    31168 : 010F;
    31169 : 00D5;
    31170 : 005F;
    31171 : FFBF;
    31172 : FF11;
    31173 : FE5E;
    31174 : FD8E;
    31175 : FC8E;
    31176 : FB80;
    31177 : FABF;
    31178 : FA71;
    31179 : FA4E;
    31180 : FA05;
    31181 : F9BC;
    31182 : F9C5;
    31183 : FA08;
    31184 : FA0D;
    31185 : F9A5;
    31186 : F915;
    31187 : F8A5;
    31188 : F856;
    31189 : F826;
    31190 : F840;
    31191 : F8C5;
    31192 : F995;
    31193 : FA66;
    31194 : FB04;
    31195 : FB78;
    31196 : FBFD;
    31197 : FCC1;
    31198 : FDAD;
    31199 : FE83;
    31200 : FF32;
    31201 : FFE1;
    31202 : 009E;
    31203 : 0143;
    31204 : 01B9;
    31205 : 0220;
    31206 : 0298;
    31207 : 0311;
    31208 : 0371;
    31209 : 03B6;
    31210 : 03E3;
    31211 : 03ED;
    31212 : 03DB;
    31213 : 03D3;
    31214 : 03EC;
    31215 : 0413;
    31216 : 043A;
    31217 : 0479;
    31218 : 04E1;
    31219 : 054A;
    31220 : 057A;
    31221 : 0557;
    31222 : 04F9;
    31223 : 048F;
    31224 : 044B;
    31225 : 0439;
    31226 : 0429;
    31227 : 03E2;
    31228 : 0371;
    31229 : 031D;
    31230 : 0303;
    31231 : 02F6;
    31232 : 02C6;
    31233 : 0277;
    31234 : 0223;
    31235 : 01C3;
    31236 : 0148;
    31237 : 00A8;
    31238 : FFEF;
    31239 : FF48;
    31240 : FEEA;
    31241 : FED3;
    31242 : FEBE;
    31243 : FE8A;
    31244 : FE6B;
    31245 : FE8E;
    31246 : FEC2;
    31247 : FEC0;
    31248 : FE98;
    31249 : FE92;
    31250 : FEBE;
    31251 : FEF5;
    31252 : FF20;
    31253 : FF47;
    31254 : FF80;
    31255 : FFF5;
    31256 : 00CC;
    31257 : 01E2;
    31258 : 02D0;
    31259 : 0348;
    31260 : 0345;
    31261 : 02DE;
    31262 : 023C;
    31263 : 01AD;
    31264 : 0185;
    31265 : 01CA;
    31266 : 0237;
    31267 : 029A;
    31268 : 02E7;
    31269 : 030F;
    31270 : 030B;
    31271 : 02F6;
    31272 : 02E8;
    31273 : 02CF;
    31274 : 0295;
    31275 : 0258;
    31276 : 023C;
    31277 : 0224;
    31278 : 01CC;
    31279 : 0121;
    31280 : 0051;
    31281 : FF7F;
    31282 : FEA6;
    31283 : FDB3;
    31284 : FCA5;
    31285 : FB99;
    31286 : FAC4;
    31287 : FA3F;
    31288 : F9DA;
    31289 : F957;
    31290 : F8CB;
    31291 : F882;
    31292 : F875;
    31293 : F834;
    31294 : F76F;
    31295 : F667;
    31296 : F589;
    31297 : F4F4;
    31298 : F483;
    31299 : F42D;
    31300 : F413;
    31301 : F43B;
    31302 : F47F;
    31303 : F4B2;
    31304 : F4CF;
    31305 : F4F7;
    31306 : F54D;
    31307 : F5CB;
    31308 : F640;
    31309 : F68D;
    31310 : F6D0;
    31311 : F72F;
    31312 : F797;
    31313 : F7DF;
    31314 : F817;
    31315 : F86C;
    31316 : F8E0;
    31317 : F95D;
    31318 : F9ED;
    31319 : FA98;
    31320 : FB36;
    31321 : FBAA;
    31322 : FC28;
    31323 : FCF7;
    31324 : FE12;
    31325 : FF3B;
    31326 : 005B;
    31327 : 017D;
    31328 : 0295;
    31329 : 0378;
    31330 : 040D;
    31331 : 0461;
    31332 : 04A1;
    31333 : 0502;
    31334 : 0597;
    31335 : 0635;
    31336 : 06AE;
    31337 : 0716;
    31338 : 07A5;
    31339 : 0856;
    31340 : 08E9;
    31341 : 0938;
    31342 : 0955;
    31343 : 0956;
    31344 : 0940;
    31345 : 091A;
    31346 : 08E7;
    31347 : 08A5;
    31348 : 0868;
    31349 : 0863;
    31350 : 0899;
    31351 : 08C8;
    31352 : 08BC;
    31353 : 089E;
    31354 : 08A7;
    31355 : 08B9;
    31356 : 088D;
    31357 : 081E;
    31358 : 07B3;
    31359 : 0783;
    31360 : 077C;
    31361 : 075F;
    31362 : 0707;
    31363 : 0689;
    31364 : 062C;
    31365 : 061A;
    31366 : 062C;
    31367 : 0610;
    31368 : 059F;
    31369 : 04DA;
    31370 : 03BE;
    31371 : 024F;
    31372 : 00D8;
    31373 : FFCD;
    31374 : FF59;
    31375 : FF39;
    31376 : FF10;
    31377 : FEB2;
    31378 : FE27;
    31379 : FD8F;
    31380 : FD10;
    31381 : FCAA;
    31382 : FC2D;
    31383 : FB86;
    31384 : FAEC;
    31385 : FA98;
    31386 : FA5E;
    31387 : F9F4;
    31388 : F95E;
    31389 : F8D6;
    31390 : F860;
    31391 : F7C3;
    31392 : F6E7;
    31393 : F5F7;
    31394 : F53A;
    31395 : F4D6;
    31396 : F4B1;
    31397 : F482;
    31398 : F431;
    31399 : F405;
    31400 : F453;
    31401 : F4F0;
    31402 : F54E;
    31403 : F534;
    31404 : F4F7;
    31405 : F4F6;
    31406 : F535;
    31407 : F596;
    31408 : F616;
    31409 : F6B3;
    31410 : F76A;
    31411 : F843;
    31412 : F93B;
    31413 : FA2C;
    31414 : FB03;
    31415 : FBE6;
    31416 : FCF1;
    31417 : FDF9;
    31418 : FEBF;
    31419 : FF4E;
    31420 : FFDD;
    31421 : 007E;
    31422 : 011E;
    31423 : 01AC;
    31424 : 021B;
    31425 : 0263;
    31426 : 029B;
    31427 : 02EF;
    31428 : 034D;
    31429 : 0377;
    31430 : 036D;
    31431 : 0383;
    31432 : 03F1;
    31433 : 0490;
    31434 : 0528;
    31435 : 05BD;
    31436 : 066C;
    31437 : 0727;
    31438 : 07C0;
    31439 : 080E;
    31440 : 0800;
    31441 : 07BE;
    31442 : 07A7;
    31443 : 07F5;
    31444 : 0866;
    31445 : 0899;
    31446 : 0892;
    31447 : 08AA;
    31448 : 08FF;
    31449 : 0954;
    31450 : 096C;
    31451 : 093F;
    31452 : 08DE;
    31453 : 085B;
    31454 : 07DD;
    31455 : 077A;
    31456 : 0719;
    31457 : 06AF;
    31458 : 066D;
    31459 : 0666;
    31460 : 0655;
    31461 : 0600;
    31462 : 05A6;
    31463 : 05A2;
    31464 : 05DD;
    31465 : 05F8;
    31466 : 05D5;
    31467 : 05B5;
    31468 : 05DB;
    31469 : 064D;
    31470 : 06D3;
    31471 : 0718;
    31472 : 06FE;
    31473 : 06DC;
    31474 : 0728;
    31475 : 07D3;
    31476 : 0859;
    31477 : 0869;
    31478 : 0829;
    31479 : 07C1;
    31480 : 072F;
    31481 : 0699;
    31482 : 065A;
    31483 : 0682;
    31484 : 06AF;
    31485 : 0699;
    31486 : 0662;
    31487 : 0638;
    31488 : 0622;
    31489 : 062D;
    31490 : 065B;
    31491 : 0672;
    31492 : 0637;
    31493 : 05D3;
    31494 : 05A3;
    31495 : 05A7;
    31496 : 0584;
    31497 : 0505;
    31498 : 0444;
    31499 : 0366;
    31500 : 0281;
    31501 : 01AD;
    31502 : 00F0;
    31503 : 0037;
    31504 : FF84;
    31505 : FEF1;
    31506 : FE6B;
    31507 : FDB8;
    31508 : FCF2;
    31509 : FC76;
    31510 : FC3F;
    31511 : FBBF;
    31512 : FAAB;
    31513 : F976;
    31514 : F8AF;
    31515 : F847;
    31516 : F7DB;
    31517 : F760;
    31518 : F717;
    31519 : F713;
    31520 : F740;
    31521 : F794;
    31522 : F7F5;
    31523 : F83B;
    31524 : F872;
    31525 : F8C4;
    31526 : F923;
    31527 : F95E;
    31528 : F983;
    31529 : F9D2;
    31530 : FA48;
    31531 : FAAD;
    31532 : FAF6;
    31533 : FB44;
    31534 : FB9A;
    31535 : FBED;
    31536 : FC58;
    31537 : FCE0;
    31538 : FD3A;
    31539 : FD3A;
    31540 : FD3D;
    31541 : FDB7;
    31542 : FE90;
    31543 : FF68;
    31544 : 003E;
    31545 : 0151;
    31546 : 0289;
    31547 : 038A;
    31548 : 0433;
    31549 : 04A1;
    31550 : 04F5;
    31551 : 0564;
    31552 : 0631;
    31553 : 074F;
    31554 : 085F;
    31555 : 093B;
    31556 : 0A26;
    31557 : 0B44;
    31558 : 0C49;
    31559 : 0CE9;
    31560 : 0D35;
    31561 : 0D50;
    31562 : 0D33;
    31563 : 0CE4;
    31564 : 0C92;
    31565 : 0C53;
    31566 : 0C22;
    31567 : 0C21;
    31568 : 0C64;
    31569 : 0C94;
    31570 : 0C58;
    31571 : 0BE5;
    31572 : 0BB7;
    31573 : 0BC4;
    31574 : 0B9A;
    31575 : 0B16;
    31576 : 0A90;
    31577 : 0A4B;
    31578 : 0A2D;
    31579 : 0A0A;
    31580 : 09CA;
    31581 : 0961;
    31582 : 08ED;
    31583 : 08C3;
    31584 : 0901;
    31585 : 094B;
    31586 : 0941;
    31587 : 08DC;
    31588 : 0832;
    31589 : 073B;
    31590 : 0615;
    31591 : 051D;
    31592 : 0485;
    31593 : 0412;
    31594 : 0382;
    31595 : 02E9;
    31596 : 026D;
    31597 : 01F0;
    31598 : 014D;
    31599 : 00A0;
    31600 : 0000;
    31601 : FF58;
    31602 : FEB0;
    31603 : FE36;
    31604 : FDDD;
    31605 : FD55;
    31606 : FC91;
    31607 : FBD0;
    31608 : FB37;
    31609 : FAAD;
    31610 : FA15;
    31611 : F969;
    31612 : F8B0;
    31613 : F817;
    31614 : F7EF;
    31615 : F838;
    31616 : F878;
    31617 : F853;
    31618 : F820;
    31619 : F859;
    31620 : F8CD;
    31621 : F8E3;
    31622 : F884;
    31623 : F828;
    31624 : F819;
    31625 : F836;
    31626 : F857;
    31627 : F88C;
    31628 : F8EF;
    31629 : F991;
    31630 : FA60;
    31631 : FB2E;
    31632 : FBE0;
    31633 : FCA0;
    31634 : FD93;
    31635 : FE84;
    31636 : FF2A;
    31637 : FFA7;
    31638 : 0062;
    31639 : 0166;
    31640 : 024B;
    31641 : 02DA;
    31642 : 034F;
    31643 : 03D9;
    31644 : 0460;
    31645 : 04DC;
    31646 : 0569;
    31647 : 05F0;
    31648 : 0637;
    31649 : 064B;
    31650 : 0675;
    31651 : 06C5;
    31652 : 0707;
    31653 : 072A;
    31654 : 075B;
    31655 : 07AE;
    31656 : 07F1;
    31657 : 07DC;
    31658 : 0756;
    31659 : 068D;
    31660 : 05E2;
    31661 : 05A3;
    31662 : 05AD;
    31663 : 0593;
    31664 : 053D;
    31665 : 050D;
    31666 : 0539;
    31667 : 0574;
    31668 : 056D;
    31669 : 052A;
    31670 : 04C4;
    31671 : 043E;
    31672 : 03B0;
    31673 : 0344;
    31674 : 02ED;
    31675 : 0274;
    31676 : 01E6;
    31677 : 018F;
    31678 : 0183;
    31679 : 016F;
    31680 : 0121;
    31681 : 00C9;
    31682 : 0098;
    31683 : 006D;
    31684 : 001F;
    31685 : FFC1;
    31686 : FF89;
    31687 : FF97;
    31688 : FFCA;
    31689 : FFCC;
    31690 : FF6D;
    31691 : FF00;
    31692 : FF0F;
    31693 : FFB5;
    31694 : 0080;
    31695 : 0109;
    31696 : 014E;
    31697 : 016F;
    31698 : 015A;
    31699 : 0107;
    31700 : 00C4;
    31701 : 00E4;
    31702 : 0145;
    31703 : 0191;
    31704 : 01C3;
    31705 : 0204;
    31706 : 0251;
    31707 : 0288;
    31708 : 02A1;
    31709 : 029E;
    31710 : 027F;
    31711 : 0256;
    31712 : 023C;
    31713 : 0220;
    31714 : 01D4;
    31715 : 014B;
    31716 : 009D;
    31717 : FFE7;
    31718 : FF2C;
    31719 : FE5F;
    31720 : FD80;
    31721 : FC99;
    31722 : FBBC;
    31723 : FB10;
    31724 : FA9B;
    31725 : FA29;
    31726 : F9A1;
    31727 : F949;
    31728 : F94C;
    31729 : F949;
    31730 : F8C9;
    31731 : F7EA;
    31732 : F72D;
    31733 : F6CC;
    31734 : F690;
    31735 : F640;
    31736 : F5EE;
    31737 : F5D2;
    31738 : F5FC;
    31739 : F646;
    31740 : F67E;
    31741 : F68B;
    31742 : F694;
    31743 : F6CF;
    31744 : F72A;
    31745 : F768;
    31746 : F78E;
    31747 : F7E7;
    31748 : F887;
    31749 : F925;
    31750 : F987;
    31751 : F9C8;
    31752 : FA2B;
    31753 : FAC0;
    31754 : FB68;
    31755 : FC07;
    31756 : FC83;
    31757 : FCCF;
    31758 : FD13;
    31759 : FD91;
    31760 : FE4C;
    31761 : FF0D;
    31762 : FFC5;
    31763 : 0098;
    31764 : 0186;
    31765 : 0251;
    31766 : 02BC;
    31767 : 02C6;
    31768 : 029F;
    31769 : 029B;
    31770 : 0305;
    31771 : 03D1;
    31772 : 048F;
    31773 : 04EC;
    31774 : 0518;
    31775 : 056C;
    31776 : 05D4;
    31777 : 0600;
    31778 : 05EE;
    31779 : 05F0;
    31780 : 062F;
    31781 : 0682;
    31782 : 06A8;
    31783 : 068A;
    31784 : 0648;
    31785 : 0624;
    31786 : 064E;
    31787 : 0692;
    31788 : 0688;
    31789 : 062B;
    31790 : 05EA;
    31791 : 0600;
    31792 : 0626;
    31793 : 0603;
    31794 : 059B;
    31795 : 0529;
    31796 : 04CF;
    31797 : 047C;
    31798 : 040E;
    31799 : 0372;
    31800 : 02A9;
    31801 : 01E5;
    31802 : 0167;
    31803 : 011E;
    31804 : 00B8;
    31805 : 0011;
    31806 : FF43;
    31807 : FE43;
    31808 : FCF5;
    31809 : FB92;
    31810 : FA79;
    31811 : F9B6;
    31812 : F91A;
    31813 : F894;
    31814 : F831;
    31815 : F7E2;
    31816 : F785;
    31817 : F71B;
    31818 : F6B6;
    31819 : F642;
    31820 : F5B3;
    31821 : F536;
    31822 : F4E3;
    31823 : F475;
    31824 : F3B4;
    31825 : F2CE;
    31826 : F20E;
    31827 : F179;
    31828 : F0E8;
    31829 : F03E;
    31830 : EF7B;
    31831 : EEBA;
    31832 : EE2B;
    31833 : EDE9;
    31834 : EDCD;
    31835 : ED9B;
    31836 : ED66;
    31837 : ED79;
    31838 : EDC5;
    31839 : EDDA;
    31840 : EDA7;
    31841 : ED9E;
    31842 : EDF7;
    31843 : EE64;
    31844 : EEA0;
    31845 : EED5;
    31846 : EF59;
    31847 : F045;
    31848 : F16C;
    31849 : F284;
    31850 : F35C;
    31851 : F40B;
    31852 : F4E0;
    31853 : F5F1;
    31854 : F6E2;
    31855 : F76E;
    31856 : F7D6;
    31857 : F87C;
    31858 : F950;
    31859 : F9FF;
    31860 : FA6C;
    31861 : FAB5;
    31862 : FAF7;
    31863 : FB4E;
    31864 : FBC5;
    31865 : FC39;
    31866 : FC76;
    31867 : FC89;
    31868 : FCCC;
    31869 : FD69;
    31870 : FE1B;
    31871 : FE9A;
    31872 : FF00;
    31873 : FF7C;
    31874 : FFF0;
    31875 : 0020;
    31876 : FFFE;
    31877 : FFB4;
    31878 : FF83;
    31879 : FFA6;
    31880 : 0026;
    31881 : 00B5;
    31882 : 00EE;
    31883 : 00CE;
    31884 : 00AD;
    31885 : 00A9;
    31886 : 007E;
    31887 : 000E;
    31888 : FF91;
    31889 : FF33;
    31890 : FEE7;
    31891 : FEA0;
    31892 : FE4F;
    31893 : FDD7;
    31894 : FD51;
    31895 : FD07;
    31896 : FD02;
    31897 : FCED;
    31898 : FCA6;
    31899 : FC7E;
    31900 : FCBA;
    31901 : FD28;
    31902 : FD6B;
    31903 : FD78;
    31904 : FD92;
    31905 : FDE6;
    31906 : FE58;
    31907 : FEA8;
    31908 : FEAB;
    31909 : FE75;
    31910 : FE50;
    31911 : FE8A;
    31912 : FF1D;
    31913 : FFAF;
    31914 : FFEA;
    31915 : FFD1;
    31916 : FF88;
    31917 : FF14;
    31918 : FE82;
    31919 : FE0A;
    31920 : FDBF;
    31921 : FD7E;
    31922 : FD44;
    31923 : FD3A;
    31924 : FD5C;
    31925 : FD79;
    31926 : FD80;
    31927 : FD6E;
    31928 : FD35;
    31929 : FCEB;
    31930 : FCD6;
    31931 : FD05;
    31932 : FD23;
    31933 : FCD3;
    31934 : FC30;
    31935 : FB9E;
    31936 : FB4B;
    31937 : FAF9;
    31938 : FA56;
    31939 : F962;
    31940 : F872;
    31941 : F7D1;
    31942 : F778;
    31943 : F713;
    31944 : F65F;
    31945 : F585;
    31946 : F4E7;
    31947 : F490;
    31948 : F41D;
    31949 : F355;
    31950 : F282;
    31951 : F1FA;
    31952 : F1A9;
    31953 : F144;
    31954 : F0C6;
    31955 : F06C;
    31956 : F066;
    31957 : F0AD;
    31958 : F11B;
    31959 : F189;
    31960 : F1EB;
    31961 : F25F;
    31962 : F2ED;
    31963 : F36B;
    31964 : F3B8;
    31965 : F40A;
    31966 : F4A4;
    31967 : F566;
    31968 : F609;
    31969 : F681;
    31970 : F6F3;
    31971 : F764;
    31972 : F7C2;
    31973 : F809;
    31974 : F84F;
    31975 : F8A6;
    31976 : F90E;
    31977 : F98A;
    31978 : FA25;
    31979 : FACF;
    31980 : FB72;
    31981 : FC13;
    31982 : FCCA;
    31983 : FD93;
    31984 : FE51;
    31985 : FEEB;
    31986 : FF59;
    31987 : FFBC;
    31988 : 006F;
    31989 : 01A0;
    31990 : 02F8;
    31991 : 03F9;
    31992 : 0496;
    31993 : 0526;
    31994 : 05E0;
    31995 : 06A1;
    31996 : 071F;
    31997 : 0755;
    31998 : 0789;
    31999 : 07DD;
    32000 : 081F;
    32001 : 0821;
    32002 : 07F6;
    32003 : 07C9;
    32004 : 07B1;
    32005 : 07AF;
    32006 : 0790;
    32007 : 072E;
    32008 : 06C4;
    32009 : 06A8;
    32010 : 06C1;
    32011 : 06AE;
    32012 : 0655;
    32013 : 05EC;
    32014 : 05A8;
    32015 : 0595;
    32016 : 058A;
    32017 : 054B;
    32018 : 04D2;
    32019 : 046D;
    32020 : 0477;
    32021 : 04E7;
    32022 : 054E;
    32023 : 0544;
    32024 : 04BB;
    32025 : 03F1;
    32026 : 0326;
    32027 : 0269;
    32028 : 01A8;
    32029 : 00EE;
    32030 : 005E;
    32031 : 0001;
    32032 : FFAA;
    32033 : FF39;
    32034 : FEAC;
    32035 : FE0E;
    32036 : FD6E;
    32037 : FCDA;
    32038 : FC42;
    32039 : FBA2;
    32040 : FB29;
    32041 : FAF3;
    32042 : FAB8;
    32043 : FA23;
    32044 : F950;
    32045 : F89D;
    32046 : F820;
    32047 : F79B;
    32048 : F6F4;
    32049 : F65E;
    32050 : F601;
    32051 : F5D9;
    32052 : F5D1;
    32053 : F5C6;
    32054 : F5A4;
    32055 : F59F;
    32056 : F5DA;
    32057 : F60E;
    32058 : F5EE;
    32059 : F5AC;
    32060 : F59B;
    32061 : F5B9;
    32062 : F5D7;
    32063 : F5E0;
    32064 : F5EE;
    32065 : F63C;
    32066 : F6DD;
    32067 : F791;
    32068 : F83A;
    32069 : F917;
    32070 : FA34;
    32071 : FB49;
    32072 : FC36;
    32073 : FD14;
    32074 : FDEB;
    32075 : FEC6;
    32076 : FFC6;
    32077 : 00CD;
    32078 : 01A4;
    32079 : 0259;
    32080 : 0310;
    32081 : 03B2;
    32082 : 042C;
    32083 : 04B1;
    32084 : 0555;
    32085 : 05D9;
    32086 : 0619;
    32087 : 064A;
    32088 : 069F;
    32089 : 06F6;
    32090 : 0724;
    32091 : 073A;
    32092 : 0765;
    32093 : 07A2;
    32094 : 07AC;
    32095 : 0751;
    32096 : 06C7;
    32097 : 068C;
    32098 : 06D4;
    32099 : 0758;
    32100 : 07A3;
    32101 : 0780;
    32102 : 073D;
    32103 : 0761;
    32104 : 07DF;
    32105 : 0819;
    32106 : 07DD;
    32107 : 0797;
    32108 : 0788;
    32109 : 0781;
    32110 : 075B;
    32111 : 0711;
    32112 : 06B4;
    32113 : 0671;
    32114 : 0652;
    32115 : 0616;
    32116 : 0591;
    32117 : 04F1;
    32118 : 0494;
    32119 : 049A;
    32120 : 04A8;
    32121 : 0449;
    32122 : 03A3;
    32123 : 0348;
    32124 : 0358;
    32125 : 036F;
    32126 : 0350;
    32127 : 030B;
    32128 : 02E2;
    32129 : 0329;
    32130 : 03F0;
    32131 : 04D9;
    32132 : 0572;
    32133 : 058B;
    32134 : 054F;
    32135 : 04FD;
    32136 : 049F;
    32137 : 0448;
    32138 : 044D;
    32139 : 04C6;
    32140 : 0543;
    32141 : 0594;
    32142 : 05F1;
    32143 : 062A;
    32144 : 05E0;
    32145 : 0551;
    32146 : 04E7;
    32147 : 0485;
    32148 : 0413;
    32149 : 03C8;
    32150 : 0398;
    32151 : 033C;
    32152 : 029B;
    32153 : 01D2;
    32154 : 010D;
    32155 : 006F;
    32156 : FFCB;
    32157 : FEDE;
    32158 : FDD1;
    32159 : FD08;
    32160 : FC87;
    32161 : FC17;
    32162 : FBA1;
    32163 : FB28;
    32164 : FAD9;
    32165 : FAEC;
    32166 : FB12;
    32167 : FAA5;
    32168 : F9BA;
    32169 : F918;
    32170 : F8EC;
    32171 : F89B;
    32172 : F7F6;
    32173 : F77B;
    32174 : F76C;
    32175 : F78D;
    32176 : F7AD;
    32177 : F7CB;
    32178 : F7F6;
    32179 : F83C;
    32180 : F898;
    32181 : F8F9;
    32182 : F949;
    32183 : F980;
    32184 : F9BC;
    32185 : FA24;
    32186 : FA9D;
    32187 : FAEE;
    32188 : FB3E;
    32189 : FBCB;
    32190 : FC6C;
    32191 : FCF8;
    32192 : FDB0;
    32193 : FE9C;
    32194 : FF45;
    32195 : FF94;
    32196 : 0008;
    32197 : 00CC;
    32198 : 0175;
    32199 : 01D3;
    32200 : 0234;
    32201 : 02CE;
    32202 : 0373;
    32203 : 03EB;
    32204 : 0440;
    32205 : 049D;
    32206 : 0525;
    32207 : 05E0;
    32208 : 06A2;
    32209 : 071D;
    32210 : 073E;
    32211 : 0769;
    32212 : 0803;
    32213 : 08E0;
    32214 : 0976;
    32215 : 09A7;
    32216 : 09E9;
    32217 : 0A86;
    32218 : 0B2C;
    32219 : 0B7F;
    32220 : 0B98;
    32221 : 0BA0;
    32222 : 0B9C;
    32223 : 0BC1;
    32224 : 0C28;
    32225 : 0C55;
    32226 : 0BFB;
    32227 : 0BB7;
    32228 : 0BF6;
    32229 : 0C23;
    32230 : 0BCE;
    32231 : 0B61;
    32232 : 0B1D;
    32233 : 0ABC;
    32234 : 0A3B;
    32235 : 09B2;
    32236 : 08E1;
    32237 : 07C5;
    32238 : 06F6;
    32239 : 06C7;
    32240 : 06E3;
    32241 : 06D4;
    32242 : 065E;
    32243 : 0578;
    32244 : 0451;
    32245 : 0328;
    32246 : 0220;
    32247 : 015E;
    32248 : 00F7;
    32249 : 00AE;
    32250 : 0045;
    32251 : FFE4;
    32252 : FFA8;
    32253 : FF46;
    32254 : FEA3;
    32255 : FE04;
    32256 : FD70;
    32257 : FCBA;
    32258 : FC2C;
    32259 : FC0B;
    32260 : FBD2;
    32261 : FB0D;
    32262 : FA33;
    32263 : F9AA;
    32264 : F8FF;
    32265 : F7E9;
    32266 : F6E6;
    32267 : F63B;
    32268 : F594;
    32269 : F4D5;
    32270 : F43C;
    32271 : F3D7;
    32272 : F3A2;
    32273 : F3C4;
    32274 : F42F;
    32275 : F489;
    32276 : F4A6;
    32277 : F49F;
    32278 : F495;
    32279 : F49F;
    32280 : F4C0;
    32281 : F4DF;
    32282 : F520;
    32283 : F5D2;
    32284 : F6E0;
    32285 : F7F9;
    32286 : F90C;
    32287 : FA12;
    32288 : FAF1;
    32289 : FBDC;
    32290 : FCFE;
    32291 : FE02;
    32292 : FEB1;
    32293 : FF75;
    32294 : 008C;
    32295 : 0190;
    32296 : 022F;
    32297 : 02A0;
    32298 : 0340;
    32299 : 0416;
    32300 : 04D8;
    32301 : 055F;
    32302 : 05D6;
    32303 : 0647;
    32304 : 0686;
    32305 : 06A7;
    32306 : 06EB;
    32307 : 0744;
    32308 : 0797;
    32309 : 0804;
    32310 : 087D;
    32311 : 08BE;
    32312 : 08D9;
    32313 : 0910;
    32314 : 0931;
    32315 : 0908;
    32316 : 0912;
    32317 : 09B1;
    32318 : 0A38;
    32319 : 0A05;
    32320 : 09A1;
    32321 : 09AE;
    32322 : 09E7;
    32323 : 09F2;
    32324 : 09DF;
    32325 : 09A7;
    32326 : 0965;
    32327 : 096E;
    32328 : 097F;
    32329 : 090F;
    32330 : 085C;
    32331 : 07F1;
    32332 : 07D5;
    32333 : 07DB;
    32334 : 07C1;
    32335 : 0749;
    32336 : 06E8;
    32337 : 0730;
    32338 : 0793;
    32339 : 075E;
    32340 : 06FD;
    32341 : 06E7;
    32342 : 06D5;
    32343 : 06AE;
    32344 : 0699;
    32345 : 0656;
    32346 : 05D5;
    32347 : 0591;
    32348 : 05C5;
    32349 : 0627;
    32350 : 066E;
    32351 : 0679;
    32352 : 063E;
    32353 : 05B1;
    32354 : 04D1;
    32355 : 03F7;
    32356 : 038C;
    32357 : 0361;
    32358 : 031E;
    32359 : 02F8;
    32360 : 031B;
    32361 : 032C;
    32362 : 030D;
    32363 : 02F0;
    32364 : 02B2;
    32365 : 022B;
    32366 : 01B3;
    32367 : 01A4;
    32368 : 01DD;
    32369 : 01F9;
    32370 : 01B5;
    32371 : 0132;
    32372 : 00C5;
    32373 : 0073;
    32374 : 0007;
    32375 : FF6F;
    32376 : FEA1;
    32377 : FD91;
    32378 : FC96;
    32379 : FBFD;
    32380 : FB74;
    32381 : FAB6;
    32382 : FA1C;
    32383 : F9D5;
    32384 : F978;
    32385 : F8D4;
    32386 : F828;
    32387 : F781;
    32388 : F6C1;
    32389 : F5F5;
    32390 : F53E;
    32391 : F4B6;
    32392 : F479;
    32393 : F477;
    32394 : F496;
    32395 : F4F8;
    32396 : F5AA;
    32397 : F64E;
    32398 : F6C4;
    32399 : F764;
    32400 : F81F;
    32401 : F89E;
    32402 : F920;
    32403 : FA01;
    32404 : FADC;
    32405 : FB6F;
    32406 : FC23;
    32407 : FCF6;
    32408 : FD72;
    32409 : FDDD;
    32410 : FEB0;
    32411 : FF79;
    32412 : FFAE;
    32413 : FFAF;
    32414 : FFF2;
    32415 : 0065;
    32416 : 00F1;
    32417 : 0199;
    32418 : 022A;
    32419 : 028A;
    32420 : 02FE;
    32421 : 03B5;
    32422 : 0477;
    32423 : 0502;
    32424 : 057C;
    32425 : 0639;
    32426 : 0736;
    32427 : 0826;
    32428 : 08D8;
    32429 : 0964;
    32430 : 0A0B;
    32431 : 0AEC;
    32432 : 0BBE;
    32433 : 0C27;
    32434 : 0C5A;
    32435 : 0CCB;
    32436 : 0D65;
    32437 : 0DC7;
    32438 : 0DD7;
    32439 : 0DAC;
    32440 : 0D79;
    32441 : 0D82;
    32442 : 0D9D;
    32443 : 0D46;
    32444 : 0C97;
    32445 : 0C2C;
    32446 : 0C1A;
    32447 : 0C02;
    32448 : 0BD3;
    32449 : 0BAF;
    32450 : 0B87;
    32451 : 0B4B;
    32452 : 0B07;
    32453 : 0AC7;
    32454 : 0A6C;
    32455 : 09E3;
    32456 : 0965;
    32457 : 093C;
    32458 : 0947;
    32459 : 0946;
    32460 : 093E;
    32461 : 0901;
    32462 : 083C;
    32463 : 0737;
    32464 : 0660;
    32465 : 057F;
    32466 : 047B;
    32467 : 03B7;
    32468 : 0322;
    32469 : 0260;
    32470 : 01AD;
    32471 : 0138;
    32472 : 009C;
    32473 : FFBA;
    32474 : FEE7;
    32475 : FE38;
    32476 : FDB6;
    32477 : FD8A;
    32478 : FD66;
    32479 : FCD8;
    32480 : FC15;
    32481 : FB83;
    32482 : FB2E;
    32483 : FAFC;
    32484 : FABB;
    32485 : FA22;
    32486 : F965;
    32487 : F8FF;
    32488 : F8E4;
    32489 : F8B9;
    32490 : F881;
    32491 : F866;
    32492 : F85B;
    32493 : F857;
    32494 : F850;
    32495 : F816;
    32496 : F7AA;
    32497 : F75A;
    32498 : F741;
    32499 : F72A;
    32500 : F6FE;
    32501 : F707;
    32502 : F78E;
    32503 : F858;
    32504 : F8E6;
    32505 : F94D;
    32506 : FA1C;
    32507 : FB45;
    32508 : FC38;
    32509 : FCEE;
    32510 : FDC4;
    32511 : FECE;
    32512 : 0004;
    32513 : 016F;
    32514 : 02D6;
    32515 : 03E4;
    32516 : 0494;
    32517 : 0524;
    32518 : 05E8;
    32519 : 06E2;
    32520 : 07A7;
    32521 : 0803;
    32522 : 0838;
    32523 : 084F;
    32524 : 0831;
    32525 : 0837;
    32526 : 087B;
    32527 : 086B;
    32528 : 07F9;
    32529 : 07CF;
    32530 : 07FA;
    32531 : 07EC;
    32532 : 07A0;
    32533 : 077E;
    32534 : 07A1;
    32535 : 07E7;
    32536 : 0835;
    32537 : 087B;
    32538 : 089F;
    32539 : 0891;
    32540 : 088F;
    32541 : 08E0;
    32542 : 0920;
    32543 : 08E0;
    32544 : 0897;
    32545 : 08BA;
    32546 : 08E2;
    32547 : 08BA;
    32548 : 087A;
    32549 : 083A;
    32550 : 0809;
    32551 : 081C;
    32552 : 0826;
    32553 : 07AC;
    32554 : 06EB;
    32555 : 065E;
    32556 : 0606;
    32557 : 05C3;
    32558 : 0579;
    32559 : 0508;
    32560 : 04AA;
    32561 : 04A5;
    32562 : 04B0;
    32563 : 0478;
    32564 : 042F;
    32565 : 03FC;
    32566 : 03D1;
    32567 : 03ED;
    32568 : 0495;
    32569 : 0561;
    32570 : 05B6;
    32571 : 0594;
    32572 : 054A;
    32573 : 04EA;
    32574 : 0486;
    32575 : 0468;
    32576 : 048B;
    32577 : 0491;
    32578 : 0462;
    32579 : 041D;
    32580 : 03C9;
    32581 : 0380;
    32582 : 035B;
    32583 : 0326;
    32584 : 02C3;
    32585 : 026F;
    32586 : 024B;
    32587 : 022E;
    32588 : 01E9;
    32589 : 015E;
    32590 : 009C;
    32591 : FFDF;
    32592 : FF29;
    32593 : FE53;
    32594 : FD82;
    32595 : FCE6;
    32596 : FC59;
    32597 : FBCE;
    32598 : FB6E;
    32599 : FB2B;
    32600 : FAE9;
    32601 : FAB8;
    32602 : FA87;
    32603 : FA2B;
    32604 : F9C3;
    32605 : F959;
    32606 : F8AC;
    32607 : F7D1;
    32608 : F740;
    32609 : F6FA;
    32610 : F6B1;
    32611 : F67E;
    32612 : F691;
    32613 : F6C7;
    32614 : F70D;
    32615 : F76E;
    32616 : F7BE;
    32617 : F804;
    32618 : F88C;
    32619 : F925;
    32620 : F97E;
    32621 : F9F6;
    32622 : FADE;
    32623 : FBD8;
    32624 : FCA0;
    32625 : FD4A;
    32626 : FDD5;
    32627 : FE6A;
    32628 : FF28;
    32629 : FFBE;
    32630 : 001D;
    32631 : 0098;
    32632 : 00FA;
    32633 : 0101;
    32634 : 0139;
    32635 : 01DB;
    32636 : 024F;
    32637 : 0273;
    32638 : 02B3;
    32639 : 031F;
    32640 : 038C;
    32641 : 03E8;
    32642 : 0420;
    32643 : 044E;
    32644 : 04B2;
    32645 : 0558;
    32646 : 0615;
    32647 : 0698;
    32648 : 06C9;
    32649 : 0735;
    32650 : 081B;
    32651 : 08C8;
    32652 : 0908;
    32653 : 098D;
    32654 : 0A52;
    32655 : 0AD3;
    32656 : 0B2B;
    32657 : 0B64;
    32658 : 0B44;
    32659 : 0B42;
    32660 : 0BAD;
    32661 : 0BF5;
    32662 : 0BEB;
    32663 : 0BD5;
    32664 : 0B98;
    32665 : 0B54;
    32666 : 0B4A;
    32667 : 0B01;
    32668 : 0A47;
    32669 : 09BA;
    32670 : 0955;
    32671 : 08AB;
    32672 : 080E;
    32673 : 078A;
    32674 : 06AD;
    32675 : 05E9;
    32676 : 05D9;
    32677 : 0602;
    32678 : 05EA;
    32679 : 059E;
    32680 : 04FE;
    32681 : 040E;
    32682 : 031E;
    32683 : 0226;
    32684 : 0128;
    32685 : 0077;
    32686 : FFF9;
    32687 : FF82;
    32688 : FF46;
    32689 : FF15;
    32690 : FE86;
    32691 : FDD6;
    32692 : FD32;
    32693 : FC55;
    32694 : FB78;
    32695 : FB14;
    32696 : FAD5;
    32697 : FA30;
    32698 : F948;
    32699 : F888;
    32700 : F7F5;
    32701 : F73D;
    32702 : F64A;
    32703 : F582;
    32704 : F4EC;
    32705 : F402;
    32706 : F2F6;
    32707 : F287;
    32708 : F275;
    32709 : F21C;
    32710 : F1D4;
    32711 : F204;
    32712 : F261;
    32713 : F2BC;
    32714 : F310;
    32715 : F305;
    32716 : F2B7;
    32717 : F2C2;
    32718 : F32D;
    32719 : F394;
    32720 : F3FF;
    32721 : F49E;
    32722 : F564;
    32723 : F639;
    32724 : F714;
    32725 : F7F7;
    32726 : F8E8;
    32727 : F9D2;
    32728 : FA96;
    32729 : FB4C;
    32730 : FC25;
    32731 : FD37;
    32732 : FE65;
    32733 : FF4F;
    32734 : FFD6;
    32735 : 006F;
    32736 : 0143;
    32737 : 01EC;
    32738 : 0257;
    32739 : 02DD;
    32740 : 0378;
    32741 : 0402;
    32742 : 0477;
    32743 : 04BD;
    32744 : 04E0;
    32745 : 0524;
    32746 : 056E;
    32747 : 05A1;
    32748 : 0607;
    32749 : 0675;
    32750 : 0668;
    32751 : 0624;
    32752 : 0626;
    32753 : 0653;
    32754 : 06B2;
    32755 : 073D;
    32756 : 074C;
    32757 : 06D1;
    32758 : 06A0;
    32759 : 06C8;
    32760 : 06C4;
    32761 : 06AE;
    32762 : 0695;
    32763 : 0658;
    32764 : 0656;
    32765 : 0685;
    32766 : 063B;
    32767 : 05C1;
    32768 : 05B6;
    32769 : 05A1;
    32770 : 0549;
    32771 : 0549;
    32772 : 0560;
    32773 : 04EF;
    32774 : 0483;
    32775 : 0498;
    32776 : 0498;
    32777 : 042B;
    32778 : 03B8;
    32779 : 0389;
    32780 : 0394;
    32781 : 039C;
    32782 : 0353;
    32783 : 02C0;
    32784 : 0238;
    32785 : 0218;
    32786 : 0282;
    32787 : 02F5;
    32788 : 02D6;
    32789 : 0268;
    32790 : 0217;
    32791 : 0192;
    32792 : 00C5;
    32793 : 004A;
    32794 : 003D;
    32795 : 001F;
    32796 : FFD1;
    32797 : FF92;
    32798 : FF8D;
    32799 : FFC5;
    32800 : FFFA;
    32801 : FFDB;
    32802 : FF73;
    32803 : FF28;
    32804 : FF3E;
    32805 : FF74;
    32806 : FF61;
    32807 : FF16;
    32808 : FEA4;
    32809 : FDD4;
    32810 : FCF6;
    32811 : FC75;
    32812 : FBB3;
    32813 : FA76;
    32814 : F9B2;
    32815 : F944;
    32816 : F823;
    32817 : F6E6;
    32818 : F65F;
    32819 : F5CB;
    32820 : F501;
    32821 : F4D5;
    32822 : F4E3;
    32823 : F466;
    32824 : F3A2;
    32825 : F2CA;
    32826 : F206;
    32827 : F1CD;
    32828 : F1BA;
    32829 : F148;
    32830 : F132;
    32831 : F1AD;
    32832 : F1F8;
    32833 : F248;
    32834 : F2FA;
    32835 : F36B;
    32836 : F3B5;
    32837 : F47E;
    32838 : F542;
    32839 : F5B5;
    32840 : F679;
    32841 : F768;
    32842 : F7F8;
    32843 : F876;
    32844 : F8F2;
    32845 : F928;
    32846 : F97C;
    32847 : FA13;
    32848 : FA75;
    32849 : FAAF;
    32850 : FB02;
    32851 : FB37;
    32852 : FB67;
    32853 : FBE5;
    32854 : FC95;
    32855 : FD33;
    32856 : FD95;
    32857 : FDD8;
    32858 : FE72;
    32859 : FF50;
    32860 : FFD3;
    32861 : 0038;
    32862 : 0126;
    32863 : 024C;
    32864 : 0349;
    32865 : 0445;
    32866 : 04EC;
    32867 : 0515;
    32868 : 0594;
    32869 : 068B;
    32870 : 0716;
    32871 : 0758;
    32872 : 0826;
    32873 : 091A;
    32874 : 095F;
    32875 : 0943;
    32876 : 0963;
    32877 : 098A;
    32878 : 097A;
    32879 : 0979;
    32880 : 0985;
    32881 : 0954;
    32882 : 0937;
    32883 : 0986;
    32884 : 09B7;
    32885 : 0973;
    32886 : 0927;
    32887 : 08DD;
    32888 : 085D;
    32889 : 0815;
    32890 : 081B;
    32891 : 07CC;
    32892 : 0728;
    32893 : 06B5;
    32894 : 0688;
    32895 : 0694;
    32896 : 06C5;
    32897 : 069D;
    32898 : 05E9;
    32899 : 04EF;
    32900 : 03CF;
    32901 : 02A8;
    32902 : 018F;
    32903 : 004F;
    32904 : FF29;
    32905 : FE83;
    32906 : FDE4;
    32907 : FD18;
    32908 : FCB5;
    32909 : FC64;
    32910 : FB6C;
    32911 : FA76;
    32912 : F9FB;
    32913 : F959;
    32914 : F8BB;
    32915 : F8A0;
    32916 : F85E;
    32917 : F7A4;
    32918 : F716;
    32919 : F6B1;
    32920 : F610;
    32921 : F561;
    32922 : F4B3;
    32923 : F3D8;
    32924 : F2FF;
    32925 : F248;
    32926 : F1A6;
    32927 : F11B;
    32928 : F09B;
    32929 : F064;
    32930 : F0BF;
    32931 : F108;
    32932 : F0A1;
    32933 : F00E;
    32934 : EFB5;
    32935 : EF55;
    32936 : EF0B;
    32937 : EEEF;
    32938 : EECA;
    32939 : EEED;
    32940 : EFAB;
    32941 : F0BB;
    32942 : F1F1;
    32943 : F32D;
    32944 : F428;
    32945 : F527;
    32946 : F658;
    32947 : F74C;
    32948 : F850;
    32949 : F9D8;
    32950 : FB27;
    32951 : FBEC;
    32952 : FCD5;
    32953 : FDB3;
    32954 : FE57;
    32955 : FF65;
    32956 : 0056;
    32957 : 0064;
    32958 : 009C;
    32959 : 0159;
    32960 : 015E;
    32961 : 0101;
    32962 : 0149;
    32963 : 0172;
    32964 : 0120;
    32965 : 0137;
    32966 : 0181;
    32967 : 0162;
    32968 : 014B;
    32969 : 0160;
    32970 : 0170;
    32971 : 01D1;
    32972 : 025E;
    32973 : 02A2;
    32974 : 02C4;
    32975 : 02C1;
    32976 : 02A2;
    32977 : 0312;
    32978 : 03E0;
    32979 : 0425;
    32980 : 043F;
    32981 : 04BC;
    32982 : 051A;
    32983 : 054A;
    32984 : 058E;
    32985 : 0572;
    32986 : 04F4;
    32987 : 048C;
    32988 : 0415;
    32989 : 03A8;
    32990 : 038C;
    32991 : 033C;
    32992 : 02A9;
    32993 : 027D;
    32994 : 026C;
    32995 : 0221;
    32996 : 0206;
    32997 : 01D5;
    32998 : 017B;
    32999 : 01A7;
    33000 : 01A2;
    33001 : 00E4;
    33002 : 00DF;
    33003 : 0150;
    33004 : 00E4;
    33005 : 0187;
    33006 : 03C8;
    33007 : 040E;
    33008 : 02BD;
    33009 : 0368;
    33010 : 03F0;
    33011 : 01D0;
    33012 : 0075;
    33013 : 00AC;
    33014 : FF9D;
    33015 : FF65;
    33016 : 019A;
    33017 : 0176;
    33018 : FE40;
    33019 : FD1E;
    33020 : FE0B;
    33021 : FDDF;
    33022 : FD9A;
    33023 : FDB6;
    33024 : FC9B;
    33025 : FB91;
    33026 : FBB0;
    33027 : FB5C;
    33028 : FAFB;
    33029 : FBA7;
    33030 : FB64;
    33031 : F9AD;
    33032 : F8EA;
    33033 : F8EF;
    33034 : F7CE;
    33035 : F626;
    33036 : F579;
    33037 : F5D1;
    33038 : F668;
    33039 : F653;
    33040 : F581;
    33041 : F4B9;
    33042 : F421;
    33043 : F3C9;
    33044 : F3E2;
    33045 : F345;
    33046 : F1A8;
    33047 : F11F;
    33048 : F1F7;
    33049 : F257;
    33050 : F251;
    33051 : F26B;
    33052 : F201;
    33053 : F1FF;
    33054 : F321;
    33055 : F39F;
    33056 : F370;
    33057 : F433;
    33058 : F4D2;
    33059 : F4AF;
    33060 : F589;
    33061 : F699;
    33062 : F684;
    33063 : F75D;
    33064 : F953;
    33065 : F9D9;
    33066 : F9EE;
    33067 : FB3F;
    33068 : FBDB;
    33069 : FB75;
    33070 : FBEA;
    33071 : FC34;
    33072 : FB8E;
    33073 : FBFC;
    33074 : FD3B;
    33075 : FD3F;
    33076 : FCFD;
    33077 : FDCB;
    33078 : FE6D;
    33079 : FE42;
    33080 : FE9D;
    33081 : FFF9;
    33082 : 00FA;
    33083 : 00DA;
    33084 : 010A;
    33085 : 022D;
    33086 : 0290;
    33087 : 028E;
    33088 : 043C;
    33089 : 05E6;
    33090 : 05BA;
    33091 : 069A;
    33092 : 090E;
    33093 : 0985;
    33094 : 08CE;
    33095 : 09A0;
    33096 : 0A1E;
    33097 : 09BE;
    33098 : 0AE9;
    33099 : 0C1B;
    33100 : 0B37;
    33101 : 0A6A;
    33102 : 0A82;
    33103 : 0A3B;
    33104 : 0A86;
    33105 : 0B21;
    33106 : 0A1C;
    33107 : 08D0;
    33108 : 089C;
    33109 : 07DA;
    33110 : 06A1;
    33111 : 062F;
    33112 : 05D0;
    33113 : 05F3;
    33114 : 072D;
    33115 : 0729;
    33116 : 0582;
    33117 : 0494;
    33118 : 03F4;
    33119 : 02D2;
    33120 : 0285;
    33121 : 020F;
    33122 : 003B;
    33123 : FF7D;
    33124 : 0035;
    33125 : FFE1;
    33126 : FF69;
    33127 : 0002;
    33128 : FF66;
    33129 : FD93;
    33130 : FCF6;
    33131 : FCA3;
    33132 : FB10;
    33133 : F9A6;
    33134 : F924;
    33135 : F882;
    33136 : F79F;
    33137 : F716;
    33138 : F6C2;
    33139 : F5B4;
    33140 : F399;
    33141 : F1DF;
    33142 : F164;
    33143 : F0ED;
    33144 : F050;
    33145 : F087;
    33146 : F0B1;
    33147 : F086;
    33148 : F193;
    33149 : F2DF;
    33150 : F250;
    33151 : F120;
    33152 : F0B7;
    33153 : F05F;
    33154 : F022;
    33155 : F020;
    33156 : EFDF;
    33157 : F046;
    33158 : F179;
    33159 : F212;
    33160 : F2EE;
    33161 : F4DE;
    33162 : F5D2;
    33163 : F5FA;
    33164 : F751;
    33165 : F80C;
    33166 : F747;
    33167 : F7FB;
    33168 : F9C5;
    33169 : FA0C;
    33170 : FA8C;
    33171 : FC89;
    33172 : FDD2;
    33173 : FEBC;
    33174 : 0086;
    33175 : 013D;
    33176 : 00C2;
    33177 : 0172;
    33178 : 0245;
    33179 : 018F;
    33180 : 0180;
    33181 : 03B4;
    33182 : 0649;
    33183 : 0758;
    33184 : 06D1;
    33185 : 05AF;
    33186 : 04FA;
    33187 : 04CE;
    33188 : 04D2;
    33189 : 04E9;
    33190 : 04F4;
    33191 : 0534;
    33192 : 05AA;
    33193 : 0541;
    33194 : 03F8;
    33195 : 035C;
    33196 : 0396;
    33197 : 0434;
    33198 : 05EF;
    33199 : 07EF;
    33200 : 0843;
    33201 : 07D1;
    33202 : 081F;
    33203 : 083B;
    33204 : 079F;
    33205 : 0737;
    33206 : 0722;
    33207 : 0728;
    33208 : 0758;
    33209 : 0795;
    33210 : 0824;
    33211 : 0895;
    33212 : 077B;
    33213 : 056F;
    33214 : 03F0;
    33215 : 024D;
    33216 : 00A0;
    33217 : 0091;
    33218 : 0154;
    33219 : 01F9;
    33220 : 03DA;
    33221 : 059F;
    33222 : 0486;
    33223 : 0273;
    33224 : 019A;
    33225 : 008D;
    33226 : FF68;
    33227 : FF4F;
    33228 : FE9A;
    33229 : FD25;
    33230 : FD2E;
    33231 : FE17;
    33232 : FE66;
    33233 : FEBB;
    33234 : FEB0;
    33235 : FDDE;
    33236 : FDD2;
    33237 : FE43;
    33238 : FDCF;
    33239 : FD80;
    33240 : FD7E;
    33241 : FCDB;
    33242 : FD4C;
    33243 : FECC;
    33244 : FE3F;
    33245 : FD05;
    33246 : FE2A;
    33247 : FEA8;
    33248 : FC54;
    33249 : FAD6;
    33250 : FAD2;
    33251 : F94B;
    33252 : F762;
    33253 : F6EE;
    33254 : F612;
    33255 : F493;
    33256 : F48D;
    33257 : F54F;
    33258 : F4FF;
    33259 : F403;
    33260 : F339;
    33261 : F2D7;
    33262 : F2DC;
    33263 : F2AF;
    33264 : F21D;
    33265 : F1FF;
    33266 : F26C;
    33267 : F2A8;
    33268 : F2E8;
    33269 : F3AE;
    33270 : F457;
    33271 : F444;
    33272 : F425;
    33273 : F502;
    33274 : F673;
    33275 : F717;
    33276 : F6CC;
    33277 : F6CF;
    33278 : F785;
    33279 : F81E;
    33280 : F84D;
    33281 : F8C1;
    33282 : F9D8;
    33283 : FABA;
    33284 : FAAC;
    33285 : FA83;
    33286 : FAF5;
    33287 : FAFD;
    33288 : FA79;
    33289 : FB1D;
    33290 : FCB3;
    33291 : FD69;
    33292 : FDB8;
    33293 : FEAB;
    33294 : FF4D;
    33295 : FF8D;
    33296 : 008E;
    33297 : 01BC;
    33298 : 0279;
    33299 : 0399;
    33300 : 04B4;
    33301 : 0531;
    33302 : 065B;
    33303 : 0808;
    33304 : 0865;
    33305 : 0845;
    33306 : 0900;
    33307 : 0931;
    33308 : 08B4;
    33309 : 097B;
    33310 : 0AC3;
    33311 : 0AA4;
    33312 : 0A54;
    33313 : 0B40;
    33314 : 0C4D;
    33315 : 0C8D;
    33316 : 0C5D;
    33317 : 0C13;
    33318 : 0BE7;
    33319 : 0BDB;
    33320 : 0BA0;
    33321 : 0B64;
    33322 : 0B65;
    33323 : 0B5E;
    33324 : 0B50;
    33325 : 0B48;
    33326 : 0AF2;
    33327 : 0AA5;
    33328 : 0ACA;
    33329 : 0A8F;
    33330 : 09C8;
    33331 : 09CF;
    33332 : 0A91;
    33333 : 0A68;
    33334 : 094E;
    33335 : 087B;
    33336 : 07BF;
    33337 : 0649;
    33338 : 04A5;
    33339 : 03D0;
    33340 : 038A;
    33341 : 033C;
    33342 : 032C;
    33343 : 033B;
    33344 : 0269;
    33345 : 010E;
    33346 : 0080;
    33347 : 0056;
    33348 : FFB2;
    33349 : FF7D;
    33350 : FFED;
    33351 : FFBB;
    33352 : FF27;
    33353 : FF18;
    33354 : FEEC;
    33355 : FE53;
    33356 : FDB6;
    33357 : FCAA;
    33358 : FB94;
    33359 : FB92;
    33360 : FB89;
    33361 : FA4A;
    33362 : F944;
    33363 : F914;
    33364 : F89F;
    33365 : F868;
    33366 : F930;
    33367 : F9FA;
    33368 : FA65;
    33369 : FAC7;
    33370 : FABA;
    33371 : FA88;
    33372 : FAA2;
    33373 : FA39;
    33374 : F9B2;
    33375 : FA58;
    33376 : FB41;
    33377 : FBDC;
    33378 : FDB4;
    33379 : 002F;
    33380 : 0147;
    33381 : 01D7;
    33382 : 02D1;
    33383 : 02EF;
    33384 : 0281;
    33385 : 0320;
    33386 : 0439;
    33387 : 0501;
    33388 : 062D;
    33389 : 07DE;
    33390 : 09BC;
    33391 : 0BA0;
    33392 : 0CA4;
    33393 : 0C73;
    33394 : 0C4B;
    33395 : 0C97;
    33396 : 0C8B;
    33397 : 0C3F;
    33398 : 0C2A;
    33399 : 0C05;
    33400 : 0C1E;
    33401 : 0D9E;
    33402 : 1082;
    33403 : 130D;
    33404 : 141A;
    33405 : 1475;
    33406 : 148D;
    33407 : 134E;
    33408 : 10FD;
    33409 : 0F4F;
    33410 : 0E30;
    33411 : 0CEE;
    33412 : 0C88;
    33413 : 0D49;
    33414 : 0E49;
    33415 : 0FCF;
    33416 : 11BB;
    33417 : 12B4;
    33418 : 1335;
    33419 : 1456;
    33420 : 1511;
    33421 : 14E2;
    33422 : 1480;
    33423 : 138B;
    33424 : 1262;
    33425 : 1249;
    33426 : 11FD;
    33427 : 105B;
    33428 : 0F8D;
    33429 : 1064;
    33430 : 1103;
    33431 : 1124;
    33432 : 1131;
    33433 : 10A3;
    33434 : 1046;
    33435 : 106B;
    33436 : 0F39;
    33437 : 0D03;
    33438 : 0C23;
    33439 : 0C45;
    33440 : 0C54;
    33441 : 0D04;
    33442 : 0E07;
    33443 : 0E42;
    33444 : 0DE6;
    33445 : 0CF9;
    33446 : 0BAC;
    33447 : 0B55;
    33448 : 0B8D;
    33449 : 0AB9;
    33450 : 09E4;
    33451 : 0A77;
    33452 : 0B3B;
    33453 : 0B43;
    33454 : 0AF0;
    33455 : 09F7;
    33456 : 0885;
    33457 : 07B8;
    33458 : 0779;
    33459 : 070C;
    33460 : 06AC;
    33461 : 06CA;
    33462 : 0742;
    33463 : 0757;
    33464 : 067E;
    33465 : 05BB;
    33466 : 0607;
    33467 : 0613;
    33468 : 04F6;
    33469 : 03EE;
    33470 : 0339;
    33471 : 0207;
    33472 : 016A;
    33473 : 0227;
    33474 : 0283;
    33475 : 01A3;
    33476 : 00FC;
    33477 : 014B;
    33478 : 0188;
    33479 : 00A3;
    33480 : FEDA;
    33481 : FD83;
    33482 : FD44;
    33483 : FD89;
    33484 : FE09;
    33485 : FEC9;
    33486 : FF3C;
    33487 : FF2E;
    33488 : FEFE;
    33489 : FEB7;
    33490 : FEA9;
    33491 : FF25;
    33492 : FF72;
    33493 : FF91;
    33494 : 00A2;
    33495 : 0203;
    33496 : 0260;
    33497 : 02DA;
    33498 : 047A;
    33499 : 0619;
    33500 : 077F;
    33501 : 095A;
    33502 : 0A84;
    33503 : 0A2F;
    33504 : 09B4;
    33505 : 0970;
    33506 : 088B;
    33507 : 07CF;
    33508 : 0840;
    33509 : 091D;
    33510 : 09E7;
    33511 : 0AF0;
    33512 : 0BAC;
    33513 : 0BB0;
    33514 : 0BD1;
    33515 : 0C02;
    33516 : 0B42;
    33517 : 0A4E;
    33518 : 0A91;
    33519 : 0B64;
    33520 : 0BCC;
    33521 : 0C8A;
    33522 : 0DE7;
    33523 : 0EFF;
    33524 : 0FF1;
    33525 : 112E;
    33526 : 11E2;
    33527 : 11BC;
    33528 : 1197;
    33529 : 1189;
    33530 : 115C;
    33531 : 11A0;
    33532 : 1264;
    33533 : 132F;
    33534 : 13F7;
    33535 : 1422;
    33536 : 132F;
    33537 : 1273;
    33538 : 1285;
    33539 : 1199;
    33540 : 0FAB;
    33541 : 0F2A;
    33542 : 0FDE;
    33543 : 0F69;
    33544 : 0E22;
    33545 : 0DC7;
    33546 : 0D84;
    33547 : 0BC2;
    33548 : 0976;
    33549 : 0875;
    33550 : 0864;
    33551 : 07D3;
    33552 : 0707;
    33553 : 06FF;
    33554 : 0722;
    33555 : 06BD;
    33556 : 06AD;
    33557 : 0729;
    33558 : 071C;
    33559 : 0683;
    33560 : 05FA;
    33561 : 0511;
    33562 : 03D2;
    33563 : 030C;
    33564 : 026C;
    33565 : 0197;
    33566 : 0171;
    33567 : 01CC;
    33568 : 0157;
    33569 : 004A;
    33570 : FF73;
    33571 : FE2D;
    33572 : FC32;
    33573 : FAA2;
    33574 : F9E3;
    33575 : F936;
    33576 : F85A;
    33577 : F792;
    33578 : F6ED;
    33579 : F64D;
    33580 : F59D;
    33581 : F4E9;
    33582 : F456;
    33583 : F3FC;
    33584 : F406;
    33585 : F489;
    33586 : F51C;
    33587 : F55C;
    33588 : F562;
    33589 : F53F;
    33590 : F4E5;
    33591 : F4AC;
    33592 : F506;
    33593 : F60C;
    33594 : F75F;
    33595 : F835;
    33596 : F848;
    33597 : F867;
    33598 : F908;
    33599 : F9AA;
    33600 : FA20;
    33601 : FA82;
    33602 : FABA;
    33603 : FB7A;
    33604 : FD31;
    33605 : FE83;
    33606 : FEEF;
    33607 : FFFF;
    33608 : 019C;
    33609 : 0239;
    33610 : 0284;
    33611 : 0370;
    33612 : 03B7;
    33613 : 033E;
    33614 : 039B;
    33615 : 0453;
    33616 : 0456;
    33617 : 04B7;
    33618 : 05E8;
    33619 : 06B4;
    33620 : 070C;
    33621 : 0786;
    33622 : 07C5;
    33623 : 079B;
    33624 : 0718;
    33625 : 060B;
    33626 : 055C;
    33627 : 05FE;
    33628 : 06C9;
    33629 : 069E;
    33630 : 0653;
    33631 : 0690;
    33632 : 06C6;
    33633 : 0685;
    33634 : 05D9;
    33635 : 0542;
    33636 : 0517;
    33637 : 04A4;
    33638 : 03BA;
    33639 : 0392;
    33640 : 042D;
    33641 : 04A2;
    33642 : 05D5;
    33643 : 07D1;
    33644 : 07FB;
    33645 : 0664;
    33646 : 063A;
    33647 : 06FE;
    33648 : 05D1;
    33649 : 03FF;
    33650 : 03FE;
    33651 : 0478;
    33652 : 03F9;
    33653 : 0380;
    33654 : 02FD;
    33655 : 017D;
    33656 : 0009;
    33657 : FF9C;
    33658 : FF47;
    33659 : FEF2;
    33660 : FFA1;
    33661 : 0054;
    33662 : FF5E;
    33663 : FDDC;
    33664 : FD80;
    33665 : FD69;
    33666 : FCB9;
    33667 : FC9C;
    33668 : FD44;
    33669 : FD62;
    33670 : FD75;
    33671 : FEBD;
    33672 : FFE2;
    33673 : FF56;
    33674 : FE5B;
    33675 : FE27;
    33676 : FDC9;
    33677 : FD26;
    33678 : FD77;
    33679 : FDFE;
    33680 : FCFC;
    33681 : FB62;
    33682 : FB3A;
    33683 : FBE7;
    33684 : FBAD;
    33685 : FAC5;
    33686 : F9F0;
    33687 : F8B4;
    33688 : F6D3;
    33689 : F500;
    33690 : F391;
    33691 : F261;
    33692 : F183;
    33693 : F114;
    33694 : F116;
    33695 : F143;
    33696 : F10F;
    33697 : F0BC;
    33698 : F10E;
    33699 : F147;
    33700 : F039;
    33701 : EEFF;
    33702 : EF18;
    33703 : EFA2;
    33704 : EFB0;
    33705 : F047;
    33706 : F1CE;
    33707 : F2E3;
    33708 : F2FA;
    33709 : F31A;
    33710 : F389;
    33711 : F393;
    33712 : F3BB;
    33713 : F507;
    33714 : F669;
    33715 : F668;
    33716 : F607;
    33717 : F643;
    33718 : F5DD;
    33719 : F4D8;
    33720 : F51F;
    33721 : F688;
    33722 : F77A;
    33723 : F811;
    33724 : F8A0;
    33725 : F8AA;
    33726 : F8A6;
    33727 : F926;
    33728 : F9E9;
    33729 : FB04;
    33730 : FC0C;
    33731 : FBF2;
    33732 : FBBF;
    33733 : FCE0;
    33734 : FDE8;
    33735 : FDE1;
    33736 : FE64;
    33737 : FF8D;
    33738 : FFBE;
    33739 : FF5B;
    33740 : FFB8;
    33741 : 00BD;
    33742 : 01C1;
    33743 : 023F;
    33744 : 025E;
    33745 : 0324;
    33746 : 045C;
    33747 : 04C3;
    33748 : 04E0;
    33749 : 05AB;
    33750 : 063E;
    33751 : 0604;
    33752 : 055A;
    33753 : 03F1;
    33754 : 026C;
    33755 : 0258;
    33756 : 02CD;
    33757 : 0253;
    33758 : 0211;
    33759 : 0284;
    33760 : 0228;
    33761 : 0173;
    33762 : 020A;
    33763 : 02D5;
    33764 : 0214;
    33765 : 00BC;
    33766 : 00BB;
    33767 : 023A;
    33768 : 0385;
    33769 : 0304;
    33770 : 0130;
    33771 : FFCD;
    33772 : FF4E;
    33773 : FEC3;
    33774 : FDB7;
    33775 : FCB9;
    33776 : FC44;
    33777 : FBF7;
    33778 : FB6C;
    33779 : FB1C;
    33780 : FAF5;
    33781 : F9FC;
    33782 : F8D4;
    33783 : F8FA;
    33784 : F95B;
    33785 : F887;
    33786 : F7DC;
    33787 : F7F6;
    33788 : F701;
    33789 : F54C;
    33790 : F50A;
    33791 : F56A;
    33792 : F46E;
    33793 : F300;
    33794 : F252;
    33795 : F162;
    33796 : EFF9;
    33797 : EFA5;
    33798 : F06D;
    33799 : F077;
    33800 : EF35;
    33801 : EDC9;
    33802 : ECB4;
    33803 : EBE5;
    33804 : EBD3;
    33805 : EC18;
    33806 : EB4D;
    33807 : E9F4;
    33808 : EA10;
    33809 : EB60;
    33810 : EC02;
    33811 : EBCD;
    33812 : EBC5;
    33813 : EC54;
    33814 : ED68;
    33815 : EE32;
    33816 : EDF3;
    33817 : EDFB;
    33818 : EF9A;
    33819 : F138;
    33820 : F190;
    33821 : F294;
    33822 : F541;
    33823 : F758;
    33824 : F7AC;
    33825 : F7F0;
    33826 : F91F;
    33827 : FA28;
    33828 : FA53;
    33829 : FA32;
    33830 : FA5F;
    33831 : FAC0;
    33832 : FAF4;
    33833 : FAFF;
    33834 : FB89;
    33835 : FCE0;
    33836 : FE0C;
    33837 : FE0A;
    33838 : FD95;
    33839 : FDCD;
    33840 : FE0D;
    33841 : FD80;
    33842 : FD00;
    33843 : FD2A;
    33844 : FD58;
    33845 : FDBA;
    33846 : FF0F;
    33847 : 0069;
    33848 : 00C9;
    33849 : 0160;
    33850 : 0344;
    33851 : 0524;
    33852 : 05B2;
    33853 : 05F7;
    33854 : 072D;
    33855 : 083C;
    33856 : 079B;
    33857 : 0641;
    33858 : 05E0;
    33859 : 05D0;
    33860 : 0528;
    33861 : 052A;
    33862 : 065B;
    33863 : 0706;
    33864 : 0687;
    33865 : 05B5;
    33866 : 045C;
    33867 : 0247;
    33868 : 006E;
    33869 : FF08;
    33870 : FDC6;
    33871 : FD63;
    33872 : FDBB;
    33873 : FD67;
    33874 : FCEA;
    33875 : FDDD;
    33876 : FFA7;
    33877 : 00CD;
    33878 : 0157;
    33879 : 01D8;
    33880 : 0276;
    33881 : 02DB;
    33882 : 023C;
    33883 : 00E2;
    33884 : 0043;
    33885 : 0043;
    33886 : FFB2;
    33887 : FF5C;
    33888 : 0071;
    33889 : 01E2;
    33890 : 026A;
    33891 : 0202;
    33892 : 00AE;
    33893 : FEF7;
    33894 : FE11;
    33895 : FDD0;
    33896 : FD0A;
    33897 : FBB2;
    33898 : FA79;
    33899 : F9D8;
    33900 : F9B5;
    33901 : F902;
    33902 : F764;
    33903 : F672;
    33904 : F687;
    33905 : F5C0;
    33906 : F40B;
    33907 : F321;
    33908 : F2BF;
    33909 : F215;
    33910 : F241;
    33911 : F39E;
    33912 : F4BC;
    33913 : F513;
    33914 : F51A;
    33915 : F4E5;
    33916 : F48B;
    33917 : F410;
    33918 : F35E;
    33919 : F2E6;
    33920 : F25B;
    33921 : F0C6;
    33922 : EF63;
    33923 : F010;
    33924 : F11C;
    33925 : F058;
    33926 : EFA4;
    33927 : F120;
    33928 : F322;
    33929 : F3C2;
    33930 : F3D0;
    33931 : F446;
    33932 : F4CC;
    33933 : F554;
    33934 : F65C;
    33935 : F7A8;
    33936 : F8A9;
    33937 : F981;
    33938 : FA4E;
    33939 : FABB;
    33940 : FB66;
    33941 : FD2D;
    33942 : FEC5;
    33943 : FE95;
    33944 : FDE7;
    33945 : FE49;
    33946 : FEDB;
    33947 : FF19;
    33948 : FFE4;
    33949 : 0104;
    33950 : 01B9;
    33951 : 0232;
    33952 : 024E;
    33953 : 0209;
    33954 : 025C;
    33955 : 0319;
    33956 : 0335;
    33957 : 0360;
    33958 : 0471;
    33959 : 05A6;
    33960 : 06C4;
    33961 : 0812;
    33962 : 08DA;
    33963 : 0951;
    33964 : 0AB8;
    33965 : 0C87;
    33966 : 0D9E;
    33967 : 0E6B;
    33968 : 0F30;
    33969 : 0FBB;
    33970 : 1086;
    33971 : 1128;
    33972 : 10C7;
    33973 : 1072;
    33974 : 10EB;
    33975 : 10DB;
    33976 : 1014;
    33977 : 0FC2;
    33978 : 0F9B;
    33979 : 0F3E;
    33980 : 0F24;
    33981 : 0E5A;
    33982 : 0C29;
    33983 : 0A63;
    33984 : 09E1;
    33985 : 091C;
    33986 : 081D;
    33987 : 0813;
    33988 : 07F7;
    33989 : 06A5;
    33990 : 057C;
    33991 : 05A0;
    33992 : 05EE;
    33993 : 0571;
    33994 : 0526;
    33995 : 0617;
    33996 : 0752;
    33997 : 0723;
    33998 : 05E1;
    33999 : 053C;
    34000 : 051D;
    34001 : 042B;
    34002 : 02D5;
    34003 : 02B1;
    34004 : 035F;
    34005 : 030B;
    34006 : 0130;
    34007 : FECD;
    34008 : FCC5;
    34009 : FB6F;
    34010 : FA73;
    34011 : F8AF;
    34012 : F5FA;
    34013 : F3D0;
    34014 : F2A2;
    34015 : F165;
    34016 : F07B;
    34017 : F0BC;
    34018 : F0A7;
    34019 : EF51;
    34020 : EEAD;
    34021 : EF69;
    34022 : EFAD;
    34023 : EF3B;
    34024 : EF39;
    34025 : EF5A;
    34026 : EF20;
    34027 : EEDC;
    34028 : EE76;
    34029 : EE2C;
    34030 : EEA8;
    34031 : EF61;
    34032 : EFCC;
    34033 : F067;
    34034 : F0C5;
    34035 : F069;
    34036 : F099;
    34037 : F193;
    34038 : F1EC;
    34039 : F23E;
    34040 : F3D9;
    34041 : F56D;
    34042 : F5EC;
    34043 : F69D;
    34044 : F813;
    34045 : F996;
    34046 : FABD;
    34047 : FB1A;
    34048 : FB11;
    34049 : FC06;
    34050 : FD41;
    34051 : FCE6;
    34052 : FC61;
    34053 : FDEA;
    34054 : FFEC;
    34055 : 0062;
    34056 : 0087;
    34057 : 019C;
    34058 : 02AF;
    34059 : 0305;
    34060 : 0300;
    34061 : 02E0;
    34062 : 02BB;
    34063 : 02D7;
    34064 : 030D;
    34065 : 030C;
    34066 : 0347;
    34067 : 043C;
    34068 : 04FB;
    34069 : 04AA;
    34070 : 0479;
    34071 : 0553;
    34072 : 05CD;
    34073 : 0526;
    34074 : 04B6;
    34075 : 04CD;
    34076 : 0472;
    34077 : 03FA;
    34078 : 043D;
    34079 : 050A;
    34080 : 05BF;
    34081 : 05AF;
    34082 : 04E5;
    34083 : 04B7;
    34084 : 0542;
    34085 : 04E6;
    34086 : 03DE;
    34087 : 0376;
    34088 : 02E0;
    34089 : 0188;
    34090 : 009F;
    34091 : 0011;
    34092 : FF5E;
    34093 : FFAF;
    34094 : 00D1;
    34095 : 0106;
    34096 : 007F;
    34097 : FFD1;
    34098 : FE88;
    34099 : FD8B;
    34100 : FD73;
    34101 : FCDA;
    34102 : FC1F;
    34103 : FC9F;
    34104 : FCDD;
    34105 : FC6A;
    34106 : FD7D;
    34107 : FF1D;
    34108 : FF0F;
    34109 : FF50;
    34110 : 00D9;
    34111 : 00DD;
    34112 : FF77;
    34113 : FF0D;
    34114 : FEC7;
    34115 : FDD1;
    34116 : FDA9;
    34117 : FDD6;
    34118 : FCDF;
    34119 : FBB5;
    34120 : FB2B;
    34121 : FAB8;
    34122 : FA5F;
    34123 : F99C;
    34124 : F779;
    34125 : F50A;
    34126 : F3A6;
    34127 : F2BE;
    34128 : F1F9;
    34129 : F1B4;
    34130 : F17D;
    34131 : F0E5;
    34132 : F021;
    34133 : EF3C;
    34134 : EE8C;
    34135 : EE8A;
    34136 : EEBD;
    34137 : EE9A;
    34138 : EE58;
    34139 : EE32;
    34140 : EE50;
    34141 : EE93;
    34142 : EE68;
    34143 : EE12;
    34144 : EE71;
    34145 : EF32;
    34146 : EFC3;
    34147 : F046;
    34148 : F03B;
    34149 : EF6D;
    34150 : EF26;
    34151 : EFA4;
    34152 : EFC8;
    34153 : EFDD;
    34154 : F063;
    34155 : F06D;
    34156 : F02B;
    34157 : F0EE;
    34158 : F254;
    34159 : F331;
    34160 : F3AC;
    34161 : F468;
    34162 : F577;
    34163 : F624;
    34164 : F615;
    34165 : F688;
    34166 : F7EA;
    34167 : F84E;
    34168 : F7A0;
    34169 : F81C;
    34170 : F931;
    34171 : F97D;
    34172 : FAD8;
    34173 : FD77;
    34174 : FE3E;
    34175 : FD67;
    34176 : FDBB;
    34177 : FECB;
    34178 : FF65;
    34179 : 002E;
    34180 : 00E8;
    34181 : 0153;
    34182 : 0289;
    34183 : 03E7;
    34184 : 040A;
    34185 : 041A;
    34186 : 04E9;
    34187 : 0552;
    34188 : 057A;
    34189 : 0609;
    34190 : 05C6;
    34191 : 047F;
    34192 : 03F7;
    34193 : 0473;
    34194 : 04AA;
    34195 : 0457;
    34196 : 03F3;
    34197 : 03C4;
    34198 : 0432;
    34199 : 052F;
    34200 : 0578;
    34201 : 041B;
    34202 : 0219;
    34203 : 00DB;
    34204 : 000D;
    34205 : FF57;
    34206 : FFBF;
    34207 : 00B8;
    34208 : 002F;
    34209 : FEC0;
    34210 : FE3F;
    34211 : FDF1;
    34212 : FD2C;
    34213 : FCB3;
    34214 : FBB9;
    34215 : F9F6;
    34216 : F97E;
    34217 : F9F3;
    34218 : F91E;
    34219 : F844;
    34220 : F8C7;
    34221 : F8C2;
    34222 : F843;
    34223 : F911;
    34224 : F966;
    34225 : F799;
    34226 : F5ED;
    34227 : F583;
    34228 : F4A4;
    34229 : F2CC;
    34230 : F0FF;
    34231 : F006;
    34232 : EFEA;
    34233 : EFBC;
    34234 : EF4C;
    34235 : EF90;
    34236 : EFC0;
    34237 : EED8;
    34238 : EE76;
    34239 : EF05;
    34240 : EE85;
    34241 : ED89;
    34242 : EDC4;
    34243 : EDF1;
    34244 : ED65;
    34245 : ED48;
    34246 : ECE7;
    34247 : EBFD;
    34248 : EC99;
    34249 : EE64;
    34250 : EF3A;
    34251 : EFB4;
    34252 : F0AA;
    34253 : F149;
    34254 : F1E4;
    34255 : F2B8;
    34256 : F294;
    34257 : F268;
    34258 : F409;
    34259 : F5E0;
    34260 : F61C;
    34261 : F63B;
    34262 : F748;
    34263 : F7E7;
    34264 : F79A;
    34265 : F7A6;
    34266 : F889;
    34267 : F92F;
    34268 : F901;
    34269 : F91E;
    34270 : FA1A;
    34271 : FAE0;
    34272 : FB4A;
    34273 : FC68;
    34274 : FDE7;
    34275 : FF0B;
    34276 : 0030;
    34277 : 013F;
    34278 : 01D3;
    34279 : 024E;
    34280 : 0267;
    34281 : 01EC;
    34282 : 0224;
    34283 : 02EF;
    34284 : 02DB;
    34285 : 030B;
    34286 : 04B4;
    34287 : 05E6;
    34288 : 0618;
    34289 : 0727;
    34290 : 085D;
    34291 : 0827;
    34292 : 07B3;
    34293 : 0789;
    34294 : 06C0;
    34295 : 0650;
    34296 : 0703;
    34297 : 0772;
    34298 : 075C;
    34299 : 0790;
    34300 : 0759;
    34301 : 0689;
    34302 : 0669;
    34303 : 06CC;
    34304 : 0680;
    34305 : 05E5;
    34306 : 05F5;
    34307 : 068D;
    34308 : 06C0;
    34309 : 0607;
    34310 : 0545;
    34311 : 05AD;
    34312 : 067C;
    34313 : 0656;
    34314 : 05DE;
    34315 : 060C;
    34316 : 061D;
    34317 : 0573;
    34318 : 04C3;
    34319 : 0452;
    34320 : 03AC;
    34321 : 0321;
    34322 : 034F;
    34323 : 03DB;
    34324 : 044F;
    34325 : 0509;
    34326 : 05E9;
    34327 : 0602;
    34328 : 058D;
    34329 : 056D;
    34330 : 050E;
    34331 : 03F0;
    34332 : 0339;
    34333 : 032B;
    34334 : 02B6;
    34335 : 0267;
    34336 : 0308;
    34337 : 0318;
    34338 : 01C3;
    34339 : 00B8;
    34340 : 0083;
    34341 : FFDD;
    34342 : FE97;
    34343 : FD3C;
    34344 : FBAE;
    34345 : FA65;
    34346 : FA0F;
    34347 : F9EF;
    34348 : F948;
    34349 : F920;
    34350 : FA26;
    34351 : FAE7;
    34352 : FA0B;
    34353 : F899;
    34354 : F802;
    34355 : F7AA;
    34356 : F689;
    34357 : F55D;
    34358 : F522;
    34359 : F568;
    34360 : F5A3;
    34361 : F61E;
    34362 : F716;
    34363 : F83F;
    34364 : F911;
    34365 : F968;
    34366 : F9F2;
    34367 : FAFE;
    34368 : FB7B;
    34369 : FAE6;
    34370 : FA87;
    34371 : FB2C;
    34372 : FBFC;
    34373 : FC45;
    34374 : FC46;
    34375 : FC47;
    34376 : FC8D;
    34377 : FD61;
    34378 : FE44;
    34379 : FE5E;
    34380 : FDE4;
    34381 : FDC8;
    34382 : FDED;
    34383 : FD9F;
    34384 : FD9C;
    34385 : FF32;
    34386 : 018A;
    34387 : 02D2;
    34388 : 0319;
    34389 : 0399;
    34390 : 04BC;
    34391 : 065A;
    34392 : 0803;
    34393 : 091E;
    34394 : 09F7;
    34395 : 0B57;
    34396 : 0D0A;
    34397 : 0E55;
    34398 : 0F04;
    34399 : 0F92;
    34400 : 10DE;
    34401 : 12CE;
    34402 : 13DA;
    34403 : 13CE;
    34404 : 145D;
    34405 : 155C;
    34406 : 1518;
    34407 : 144B;
    34408 : 1459;
    34409 : 1421;
    34410 : 1324;
    34411 : 1337;
    34412 : 1464;
    34413 : 147F;
    34414 : 1387;
    34415 : 133B;
    34416 : 1392;
    34417 : 137F;
    34418 : 12F8;
    34419 : 11D1;
    34420 : 0FD2;
    34421 : 0EB4;
    34422 : 0FEF;
    34423 : 1150;
    34424 : 107F;
    34425 : 0F37;
    34426 : 0F21;
    34427 : 0E80;
    34428 : 0CC5;
    34429 : 0BED;
    34430 : 0BDF;
    34431 : 0B06;
    34432 : 09E3;
    34433 : 0920;
    34434 : 0813;
    34435 : 0721;
    34436 : 06EA;
    34437 : 0636;
    34438 : 0467;
    34439 : 02EA;
    34440 : 02BB;
    34441 : 0318;
    34442 : 0288;
    34443 : 008D;
    34444 : FE87;
    34445 : FD8D;
    34446 : FC92;
    34447 : FB02;
    34448 : F9E4;
    34449 : F936;
    34450 : F844;
    34451 : F799;
    34452 : F77C;
    34453 : F755;
    34454 : F726;
    34455 : F6E2;
    34456 : F64C;
    34457 : F628;
    34458 : F67A;
    34459 : F5EF;
    34460 : F50E;
    34461 : F559;
    34462 : F5E6;
    34463 : F599;
    34464 : F541;
    34465 : F51A;
    34466 : F4C8;
    34467 : F523;
    34468 : F64B;
    34469 : F70A;
    34470 : F769;
    34471 : F854;
    34472 : F96C;
    34473 : F9C6;
    34474 : F96A;
    34475 : F93A;
    34476 : FA01;
    34477 : FB65;
    34478 : FC86;
    34479 : FD74;
    34480 : FE98;
    34481 : FFA7;
    34482 : 0034;
    34483 : 0026;
    34484 : FFE6;
    34485 : 0018;
    34486 : 0057;
    34487 : 0019;
    34488 : 0080;
    34489 : 01F5;
    34490 : 02B0;
    34491 : 027D;
    34492 : 02F9;
    34493 : 03A8;
    34494 : 0376;
    34495 : 031F;
    34496 : 02CA;
    34497 : 023D;
    34498 : 0286;
    34499 : 033A;
    34500 : 031D;
    34501 : 03D8;
    34502 : 0616;
    34503 : 06F8;
    34504 : 0686;
    34505 : 07EF;
    34506 : 0A68;
    34507 : 0B4C;
    34508 : 0BB8;
    34509 : 0CF3;
    34510 : 0D80;
    34511 : 0CC6;
    34512 : 0BF5;
    34513 : 0B9D;
    34514 : 0B94;
    34515 : 0BBA;
    34516 : 0C02;
    34517 : 0C4D;
    34518 : 0C2C;
    34519 : 0BDB;
    34520 : 0C40;
    34521 : 0C6C;
    34522 : 0AC0;
    34523 : 08C9;
    34524 : 08C7;
    34525 : 0986;
    34526 : 0947;
    34527 : 08DA;
    34528 : 093E;
    34529 : 09F8;
    34530 : 0A1A;
    34531 : 0975;
    34532 : 091E;
    34533 : 09AD;
    34534 : 09E5;
    34535 : 0962;
    34536 : 092D;
    34537 : 08B3;
    34538 : 074C;
    34539 : 06AF;
    34540 : 0768;
    34541 : 07BE;
    34542 : 07B9;
    34543 : 0857;
    34544 : 08C9;
    34545 : 08A5;
    34546 : 08A1;
    34547 : 086C;
    34548 : 07A0;
    34549 : 069C;
    34550 : 0564;
    34551 : 0481;
    34552 : 0497;
    34553 : 045D;
    34554 : 0359;
    34555 : 039C;
    34556 : 04F0;
    34557 : 046A;
    34558 : 022D;
    34559 : 00E0;
    34560 : 00B3;
    34561 : 002D;
    34562 : FF3D;
    34563 : FE9E;
    34564 : FE62;
    34565 : FE2F;
    34566 : FE34;
    34567 : FEE4;
    34568 : FF90;
    34569 : FF50;
    34570 : FEA6;
    34571 : FE08;
    34572 : FD12;
    34573 : FC5E;
    34574 : FC3A;
    34575 : FB48;
    34576 : F9D7;
    34577 : F9C3;
    34578 : FA45;
    34579 : FA1F;
    34580 : FAC2;
    34581 : FC4D;
    34582 : FCA0;
    34583 : FC16;
    34584 : FC79;
    34585 : FD4F;
    34586 : FDA6;
    34587 : FD9B;
    34588 : FD39;
    34589 : FD1D;
    34590 : FE04;
    34591 : FF05;
    34592 : FF50;
    34593 : FFA4;
    34594 : 0055;
    34595 : 00F0;
    34596 : 014E;
    34597 : 012E;
    34598 : 00AA;
    34599 : 0074;
    34600 : 004F;
    34601 : FFB9;
    34602 : FF73;
    34603 : FFEE;
    34604 : 0093;
    34605 : 013A;
    34606 : 01AB;
    34607 : 016D;
    34608 : 011D;
    34609 : 0141;
    34610 : 015C;
    34611 : 01C3;
    34612 : 02D6;
    34613 : 035E;
    34614 : 034A;
    34615 : 044F;
    34616 : 063C;
    34617 : 077C;
    34618 : 0851;
    34619 : 09B4;
    34620 : 0B72;
    34621 : 0D01;
    34622 : 0E16;
    34623 : 0EE0;
    34624 : 0FDB;
    34625 : 1086;
    34626 : 100D;
    34627 : 0F16;
    34628 : 0E9E;
    34629 : 0EBE;
    34630 : 0F7A;
    34631 : 1038;
    34632 : 1003;
    34633 : 0FCE;
    34634 : 10D9;
    34635 : 11AA;
    34636 : 10CC;
    34637 : 0F61;
    34638 : 0E55;
    34639 : 0D51;
    34640 : 0CEC;
    34641 : 0DE2;
    34642 : 0F22;
    34643 : 0F4B;
    34644 : 0EA4;
    34645 : 0E5E;
    34646 : 0E9A;
    34647 : 0E7D;
    34648 : 0E23;
    34649 : 0E40;
    34650 : 0E12;
    34651 : 0CF9;
    34652 : 0C45;
    34653 : 0C3B;
    34654 : 0B40;
    34655 : 09AB;
    34656 : 0924;
    34657 : 0914;
    34658 : 0889;
    34659 : 0853;
    34660 : 0870;
    34661 : 0787;
    34662 : 057E;
    34663 : 037B;
    34664 : 022B;
    34665 : 0132;
    34666 : FFC4;
    34667 : FE23;
    34668 : FD4A;
    34669 : FCD8;
    34670 : FC21;
    34671 : FBF8;
    34672 : FC53;
    34673 : FBC6;
    34674 : FAD8;
    34675 : FB07;
    34676 : FBAA;
    34677 : FBE5;
    34678 : FC23;
    34679 : FC3B;
    34680 : FC1E;
    34681 : FCA6;
    34682 : FD57;
    34683 : FD36;
    34684 : FD37;
    34685 : FDFC;
    34686 : FE6C;
    34687 : FE7A;
    34688 : FEF2;
    34689 : FF60;
    34690 : FF88;
    34691 : FFDC;
    34692 : FFED;
    34693 : FFCF;
    34694 : 00FF;
    34695 : 034B;
    34696 : 04C4;
    34697 : 053F;
    34698 : 05E7;
    34699 : 06B5;
    34700 : 073D;
    34701 : 07AE;
    34702 : 07E8;
    34703 : 07C3;
    34704 : 07C2;
    34705 : 07E0;
    34706 : 0784;
    34707 : 0772;
    34708 : 08EA;
    34709 : 0AB8;
    34710 : 0AC7;
    34711 : 09F9;
    34712 : 0A47;
    34713 : 0AC2;
    34714 : 09CC;
    34715 : 0882;
    34716 : 0866;
    34717 : 08C9;
    34718 : 088D;
    34719 : 07CE;
    34720 : 0758;
    34721 : 07A5;
    34722 : 07FF;
    34723 : 07A2;
    34724 : 07AD;
    34725 : 08E5;
    34726 : 098C;
    34727 : 08E9;
    34728 : 08C0;
    34729 : 0918;
    34730 : 0883;
    34731 : 07FC;
    34732 : 08A9;
    34733 : 095C;
    34734 : 09F4;
    34735 : 0B73;
    34736 : 0C85;
    34737 : 0BE1;
    34738 : 0B11;
    34739 : 0AF4;
    34740 : 0A7B;
    34741 : 09CA;
    34742 : 099C;
    34743 : 092F;
    34744 : 0851;
    34745 : 083F;
    34746 : 0905;
    34747 : 095C;
    34748 : 0915;
    34749 : 092E;
    34750 : 09CA;
    34751 : 09C7;
    34752 : 08A6;
    34753 : 0790;
    34754 : 072A;
    34755 : 066A;
    34756 : 054D;
    34757 : 05B1;
    34758 : 07BD;
    34759 : 090C;
    34760 : 08AD;
    34761 : 0869;
    34762 : 0955;
    34763 : 0A33;
    34764 : 09E3;
    34765 : 0926;
    34766 : 0900;
    34767 : 0914;
    34768 : 08A6;
    34769 : 07CC;
    34770 : 06DB;
    34771 : 0632;
    34772 : 0632;
    34773 : 0643;
    34774 : 0587;
    34775 : 0487;
    34776 : 03A8;
    34777 : 01C1;
    34778 : FF13;
    34779 : FDD6;
    34780 : FDEC;
    34781 : FD0A;
    34782 : FB8C;
    34783 : FBA2;
    34784 : FCF4;
    34785 : FD8D;
    34786 : FD18;
    34787 : FC6B;
    34788 : FBE5;
    34789 : FB6F;
    34790 : FAD6;
    34791 : FA19;
    34792 : F9AA;
    34793 : F9A4;
    34794 : F9A5;
    34795 : FA07;
    34796 : FB60;
    34797 : FC9E;
    34798 : FC73;
    34799 : FC1D;
    34800 : FD36;
    34801 : FE53;
    34802 : FDC5;
    34803 : FCD6;
    34804 : FCBD;
    34805 : FC63;
    34806 : FB93;
    34807 : FBA3;
    34808 : FC92;
    34809 : FD71;
    34810 : FE2F;
    34811 : FEB3;
    34812 : FEF9;
    34813 : FFCE;
    34814 : 00F5;
    34815 : 0103;
    34816 : 003C;
    34817 : 0000;
    34818 : 0038;
    34819 : 005C;
    34820 : 00C8;
    34821 : 0199;
    34822 : 0276;
    34823 : 0346;
    34824 : 0411;
    34825 : 0508;
    34826 : 0617;
    34827 : 064B;
    34828 : 057D;
    34829 : 050E;
    34830 : 0549;
    34831 : 055C;
    34832 : 05E1;
    34833 : 0754;
    34834 : 081C;
    34835 : 07C6;
    34836 : 082F;
    34837 : 099C;
    34838 : 0A2D;
    34839 : 097B;
    34840 : 08E5;
    34841 : 0912;
    34842 : 0979;
    34843 : 098A;
    34844 : 0957;
    34845 : 0948;
    34846 : 0972;
    34847 : 09D2;
    34848 : 0A8E;
    34849 : 0B31;
    34850 : 0B1E;
    34851 : 0B07;
    34852 : 0BA5;
    34853 : 0C02;
    34854 : 0B70;
    34855 : 0AE5;
    34856 : 0A9B;
    34857 : 09A3;
    34858 : 08AB;
    34859 : 094C;
    34860 : 0AC8;
    34861 : 0B24;
    34862 : 0A4B;
    34863 : 0928;
    34864 : 07C5;
    34865 : 0639;
    34866 : 0522;
    34867 : 04A2;
    34868 : 048F;
    34869 : 04B0;
    34870 : 0431;
    34871 : 02F1;
    34872 : 0246;
    34873 : 024E;
    34874 : 0171;
    34875 : FFF7;
    34876 : FFC3;
    34877 : 00A4;
    34878 : 00F8;
    34879 : 0064;
    34880 : FF44;
    34881 : FDF1;
    34882 : FCDD;
    34883 : FBB6;
    34884 : FA0A;
    34885 : F8A6;
    34886 : F7F6;
    34887 : F72C;
    34888 : F663;
    34889 : F63D;
    34890 : F60E;
    34891 : F566;
    34892 : F4CE;
    34893 : F41E;
    34894 : F33F;
    34895 : F2E6;
    34896 : F29B;
    34897 : F19D;
    34898 : F129;
    34899 : F1F6;
    34900 : F26D;
    34901 : F200;
    34902 : F1F8;
    34903 : F299;
    34904 : F33E;
    34905 : F3F1;
    34906 : F4DE;
    34907 : F609;
    34908 : F773;
    34909 : F8A0;
    34910 : F958;
    34911 : FA51;
    34912 : FBBC;
    34913 : FD03;
    34914 : FE17;
    34915 : FEFB;
    34916 : FF5B;
    34917 : FFB5;
    34918 : 00BA;
    34919 : 019B;
    34920 : 0158;
    34921 : 0064;
    34922 : FFB3;
    34923 : FFD9;
    34924 : 00FD;
    34925 : 0244;
    34926 : 02B8;
    34927 : 02FC;
    34928 : 03C7;
    34929 : 0403;
    34930 : 036A;
    34931 : 03C8;
    34932 : 0503;
    34933 : 04BB;
    34934 : 0359;
    34935 : 0366;
    34936 : 0488;
    34937 : 052E;
    34938 : 05FD;
    34939 : 0730;
    34940 : 07DA;
    34941 : 08A7;
    34942 : 099D;
    34943 : 08E1;
    34944 : 0788;
    34945 : 0833;
    34946 : 0905;
    34947 : 07CB;
    34948 : 0704;
    34949 : 07A8;
    34950 : 06FB;
    34951 : 0560;
    34952 : 056A;
    34953 : 0617;
    34954 : 0598;
    34955 : 04A2;
    34956 : 03D2;
    34957 : 0335;
    34958 : 02FA;
    34959 : 0231;
    34960 : 00B4;
    34961 : 004F;
    34962 : 00BD;
    34963 : 003A;
    34964 : FFDD;
    34965 : 00D5;
    34966 : 0153;
    34967 : 00F7;
    34968 : 01A0;
    34969 : 02CF;
    34970 : 02E0;
    34971 : 0257;
    34972 : 01AE;
    34973 : 0079;
    34974 : FFBD;
    34975 : 0080;
    34976 : 01A0;
    34977 : 01F4;
    34978 : 01C7;
    34979 : 0173;
    34980 : 012B;
    34981 : 0164;
    34982 : 01CD;
    34983 : 0165;
    34984 : 0030;
    34985 : FF3F;
    34986 : FEE1;
    34987 : FE8E;
    34988 : FE2A;
    34989 : FDD0;
    34990 : FD6A;
    34991 : FD73;
    34992 : FE1F;
    34993 : FE05;
    34994 : FC57;
    34995 : FAA9;
    34996 : FA10;
    34997 : F97F;
    34998 : F870;
    34999 : F791;
    35000 : F730;
    35001 : F75D;
    35002 : F83A;
    35003 : F951;
    35004 : F9F7;
    35005 : F99B;
    35006 : F80B;
    35007 : F664;
    35008 : F5B6;
    35009 : F4F7;
    35010 : F378;
    35011 : F2CA;
    35012 : F385;
    35013 : F421;
    35014 : F3D8;
    35015 : F363;
    35016 : F3C1;
    35017 : F521;
    35018 : F5D0;
    35019 : F4DB;
    35020 : F4BC;
    35021 : F6A5;
    35022 : F7BF;
    35023 : F74E;
    35024 : F7C8;
    35025 : F8B3;
    35026 : F86F;
    35027 : F8B7;
    35028 : FA6D;
    35029 : FB83;
    35030 : FBBA;
    35031 : FC3A;
    35032 : FC6A;
    35033 : FBDA;
    35034 : FB1A;
    35035 : FA27;
    35036 : F992;
    35037 : FA35;
    35038 : FB0E;
    35039 : FBAF;
    35040 : FD87;
    35041 : FFDE;
    35042 : 003A;
    35043 : FF16;
    35044 : FEA2;
    35045 : FF0D;
    35046 : FF88;
    35047 : FFE1;
    35048 : 0036;
    35049 : 0108;
    35050 : 02AB;
    35051 : 042E;
    35052 : 04B0;
    35053 : 0520;
    35054 : 06BC;
    35055 : 08BA;
    35056 : 0946;
    35057 : 0887;
    35058 : 0848;
    35059 : 0894;
    35060 : 0848;
    35061 : 0804;
    35062 : 0884;
    35063 : 086F;
    35064 : 0743;
    35065 : 06B8;
    35066 : 0751;
    35067 : 07C2;
    35068 : 078B;
    35069 : 0703;
    35070 : 062B;
    35071 : 04DD;
    35072 : 0362;
    35073 : 0278;
    35074 : 0234;
    35075 : 01A3;
    35076 : 011C;
    35077 : 0208;
    35078 : 0354;
    35079 : 0329;
    35080 : 02BD;
    35081 : 02DA;
    35082 : 01A1;
    35083 : FF8B;
    35084 : FEF5;
    35085 : FECD;
    35086 : FD83;
    35087 : FCD8;
    35088 : FD5F;
    35089 : FD3B;
    35090 : FC95;
    35091 : FC9A;
    35092 : FC7B;
    35093 : FB61;
    35094 : F9F7;
    35095 : F91E;
    35096 : F922;
    35097 : F8F7;
    35098 : F75D;
    35099 : F574;
    35100 : F4A9;
    35101 : F3C5;
    35102 : F209;
    35103 : F0E4;
    35104 : F064;
    35105 : EF5A;
    35106 : EE5C;
    35107 : EE46;
    35108 : EE82;
    35109 : EE9C;
    35110 : EEAD;
    35111 : EE97;
    35112 : EE5C;
    35113 : EDF9;
    35114 : ED9C;
    35115 : EDF7;
    35116 : EEC0;
    35117 : EEC3;
    35118 : EE63;
    35119 : EE9B;
    35120 : EEA0;
    35121 : EE0D;
    35122 : EE2B;
    35123 : EF0C;
    35124 : EF5D;
    35125 : EF61;
    35126 : F06D;
    35127 : F20A;
    35128 : F259;
    35129 : F163;
    35130 : F1A1;
    35131 : F3EA;
    35132 : F5E1;
    35133 : F65F;
    35134 : F6F9;
    35135 : F7F1;
    35136 : F841;
    35137 : F8A0;
    35138 : F986;
    35139 : F9D8;
    35140 : F9F3;
    35141 : FAEE;
    35142 : FBD5;
    35143 : FBF7;
    35144 : FC5A;
    35145 : FD23;
    35146 : FDA1;
    35147 : FDEC;
    35148 : FDF8;
    35149 : FD8B;
    35150 : FD04;
    35151 : FC8C;
    35152 : FC3D;
    35153 : FCA3;
    35154 : FD6C;
    35155 : FDF1;
    35156 : FE8C;
    35157 : FEF8;
    35158 : FE89;
    35159 : FE7D;
    35160 : FF54;
    35161 : FF1E;
    35162 : FE1E;
    35163 : FEB6;
    35164 : FFC2;
    35165 : FECF;
    35166 : FD78;
    35167 : FDE9;
    35168 : FECB;
    35169 : FE8D;
    35170 : FDF1;
    35171 : FDEC;
    35172 : FE1F;
    35173 : FD85;
    35174 : FBEC;
    35175 : FA86;
    35176 : FA14;
    35177 : F9A1;
    35178 : F84A;
    35179 : F6A1;
    35180 : F5BB;
    35181 : F5C5;
    35182 : F5D3;
    35183 : F52F;
    35184 : F473;
    35185 : F417;
    35186 : F3A4;
    35187 : F342;
    35188 : F360;
    35189 : F366;
    35190 : F32C;
    35191 : F343;
    35192 : F332;
    35193 : F2BF;
    35194 : F2F2;
    35195 : F37F;
    35196 : F35A;
    35197 : F36B;
    35198 : F42C;
    35199 : F427;
    35200 : F3A8;
    35201 : F452;
    35202 : F501;
    35203 : F403;
    35204 : F2E4;
    35205 : F37D;
    35206 : F4B4;
    35207 : F4C5;
    35208 : F3FA;
    35209 : F39F;
    35210 : F384;
    35211 : F27A;
    35212 : F0E9;
    35213 : F024;
    35214 : EFD9;
    35215 : EF5C;
    35216 : EF00;
    35217 : EE64;
    35218 : ED77;
    35219 : EDFD;
    35220 : EFCC;
    35221 : F03C;
    35222 : EF95;
    35223 : EFEE;
    35224 : F00A;
    35225 : EEA1;
    35226 : ED9B;
    35227 : ED93;
    35228 : ED39;
    35229 : ED5E;
    35230 : EEC0;
    35231 : EF98;
    35232 : EF67;
    35233 : EF93;
    35234 : F026;
    35235 : F0CA;
    35236 : F1CB;
    35237 : F212;
    35238 : F10F;
    35239 : F0F3;
    35240 : F26E;
    35241 : F2FD;
    35242 : F240;
    35243 : F26C;
    35244 : F31C;
    35245 : F2B1;
    35246 : F2A5;
    35247 : F441;
    35248 : F533;
    35249 : F444;
    35250 : F3D9;
    35251 : F4E3;
    35252 : F57F;
    35253 : F55C;
    35254 : F5A6;
    35255 : F622;
    35256 : F671;
    35257 : F715;
    35258 : F7CA;
    35259 : F84E;
    35260 : F93E;
    35261 : F9F3;
    35262 : F989;
    35263 : F9A5;
    35264 : FB63;
    35265 : FC8D;
    35266 : FBEE;
    35267 : FB97;
    35268 : FCF6;
    35269 : FF2B;
    35270 : 0101;
    35271 : 01F3;
    35272 : 0290;
    35273 : 03A1;
    35274 : 0457;
    35275 : 03F4;
    35276 : 03E2;
    35277 : 04C4;
    35278 : 04FB;
    35279 : 0437;
    35280 : 03F3;
    35281 : 046D;
    35282 : 0527;
    35283 : 0648;
    35284 : 0757;
    35285 : 078A;
    35286 : 0728;
    35287 : 0687;
    35288 : 0584;
    35289 : 047A;
    35290 : 03B4;
    35291 : 02DC;
    35292 : 01DC;
    35293 : 00E0;
    35294 : 0030;
    35295 : 0069;
    35296 : 014C;
    35297 : 0175;
    35298 : 0091;
    35299 : FF6F;
    35300 : FE0F;
    35301 : FC76;
    35302 : FB7D;
    35303 : FB13;
    35304 : FA9C;
    35305 : FA96;
    35306 : FB0F;
    35307 : FAF6;
    35308 : FA6F;
    35309 : FA3F;
    35310 : F9A9;
    35311 : F842;
    35312 : F746;
    35313 : F6FC;
    35314 : F65E;
    35315 : F58F;
    35316 : F545;
    35317 : F4EF;
    35318 : F3EA;
    35319 : F295;
    35320 : F15D;
    35321 : F08C;
    35322 : F042;
    35323 : EFCE;
    35324 : EEC1;
    35325 : EE3C;
    35326 : EEEF;
    35327 : EF6B;
    35328 : EEC2;
    35329 : EE3C;
    35330 : EEB0;
    35331 : EF3C;
    35332 : EF61;
    35333 : EF85;
    35334 : EFA7;
    35335 : EFBA;
    35336 : F012;
    35337 : F095;
    35338 : F110;
    35339 : F1CC;
    35340 : F2A1;
    35341 : F321;
    35342 : F3C0;
    35343 : F4EB;
    35344 : F61F;
    35345 : F724;
    35346 : F857;
    35347 : F9BA;
    35348 : FB44;
    35349 : FCB2;
    35350 : FD2F;
    35351 : FD0D;
    35352 : FDBD;
    35353 : FEEA;
    35354 : FF31;
    35355 : FF1A;
    35356 : FF98;
    35357 : 001B;
    35358 : 005A;
    35359 : 00A6;
    35360 : 00D0;
    35361 : 0141;
    35362 : 0279;
    35363 : 0350;
    35364 : 0352;
    35365 : 03D3;
    35366 : 0468;
    35367 : 03BB;
    35368 : 0355;
    35369 : 0474;
    35370 : 050A;
    35371 : 0461;
    35372 : 04B4;
    35373 : 065F;
    35374 : 07A3;
    35375 : 07FE;
    35376 : 07D9;
    35377 : 07A3;
    35378 : 0801;
    35379 : 0881;
    35380 : 0830;
    35381 : 07EC;
    35382 : 08AF;
    35383 : 092E;
    35384 : 08AB;
    35385 : 089A;
    35386 : 0983;
    35387 : 0A2D;
    35388 : 0A34;
    35389 : 0A13;
    35390 : 09A8;
    35391 : 090A;
    35392 : 08FC;
    35393 : 0932;
    35394 : 086F;
    35395 : 0702;
    35396 : 0689;
    35397 : 0700;
    35398 : 06EC;
    35399 : 062B;
    35400 : 058F;
    35401 : 04EB;
    35402 : 0420;
    35403 : 03E9;
    35404 : 0420;
    35405 : 03D7;
    35406 : 0334;
    35407 : 02BF;
    35408 : 0225;
    35409 : 0130;
    35410 : 005A;
    35411 : 0003;
    35412 : 002A;
    35413 : 009A;
    35414 : 011B;
    35415 : 018A;
    35416 : 0184;
    35417 : 00DF;
    35418 : 0060;
    35419 : 008D;
    35420 : 00C6;
    35421 : 00BA;
    35422 : 009F;
    35423 : 0021;
    35424 : FF85;
    35425 : FFD7;
    35426 : 0084;
    35427 : 000C;
    35428 : FEE0;
    35429 : FE21;
    35430 : FDB1;
    35431 : FD30;
    35432 : FC51;
    35433 : FABD;
    35434 : F955;
    35435 : F90B;
    35436 : F8E3;
    35437 : F85D;
    35438 : F8DE;
    35439 : FA59;
    35440 : FADA;
    35441 : FA20;
    35442 : F991;
    35443 : F995;
    35444 : F99E;
    35445 : F950;
    35446 : F8C7;
    35447 : F87C;
    35448 : F8AF;
    35449 : F92E;
    35450 : F9D7;
    35451 : FA5C;
    35452 : FA79;
    35453 : FAEB;
    35454 : FC39;
    35455 : FD31;
    35456 : FD10;
    35457 : FCFE;
    35458 : FD9C;
    35459 : FDDE;
    35460 : FD32;
    35461 : FC7A;
    35462 : FCE6;
    35463 : FE75;
    35464 : FF92;
    35465 : FF42;
    35466 : FED5;
    35467 : FF6A;
    35468 : FFE2;
    35469 : FF46;
    35470 : FE60;
    35471 : FE00;
    35472 : FE2E;
    35473 : FEBE;
    35474 : FF4B;
    35475 : FFB1;
    35476 : 006E;
    35477 : 018B;
    35478 : 0253;
    35479 : 0271;
    35480 : 0212;
    35481 : 01CA;
    35482 : 02A0;
    35483 : 0475;
    35484 : 0573;
    35485 : 050F;
    35486 : 0545;
    35487 : 0727;
    35488 : 0933;
    35489 : 0A09;
    35490 : 0A05;
    35491 : 09F7;
    35492 : 0A4C;
    35493 : 0AF1;
    35494 : 0B2E;
    35495 : 0AB3;
    35496 : 0A86;
    35497 : 0B51;
    35498 : 0C32;
    35499 : 0C91;
    35500 : 0D0F;
    35501 : 0DAA;
    35502 : 0D9A;
    35503 : 0D1A;
    35504 : 0CE6;
    35505 : 0CDD;
    35506 : 0CB2;
    35507 : 0C42;
    35508 : 0B22;
    35509 : 098A;
    35510 : 088B;
    35511 : 086A;
    35512 : 08AE;
    35513 : 094D;
    35514 : 09ED;
    35515 : 09D7;
    35516 : 093A;
    35517 : 083D;
    35518 : 063B;
    35519 : 040A;
    35520 : 0372;
    35521 : 03A3;
    35522 : 02A7;
    35523 : 013D;
    35524 : 00F9;
    35525 : 0134;
    35526 : 00F1;
    35527 : 0058;
    35528 : FF57;
    35529 : FDC9;
    35530 : FC6D;
    35531 : FBCF;
    35532 : FB93;
    35533 : FB25;
    35534 : FA1E;
    35535 : F8AA;
    35536 : F78F;
    35537 : F6E4;
    35538 : F5EB;
    35539 : F481;
    35540 : F33D;
    35541 : F279;
    35542 : F232;
    35543 : F1F7;
    35544 : F127;
    35545 : F00A;
    35546 : EF57;
    35547 : EEF1;
    35548 : EEC9;
    35549 : EF4F;
    35550 : EFE4;
    35551 : EF78;
    35552 : EED5;
    35553 : EF4D;
    35554 : F04E;
    35555 : F0CC;
    35556 : F10C;
    35557 : F1B9;
    35558 : F2E3;
    35559 : F419;
    35560 : F4B1;
    35561 : F4BF;
    35562 : F55D;
    35563 : F6E0;
    35564 : F845;
    35565 : F926;
    35566 : FA3C;
    35567 : FB9D;
    35568 : FCBA;
    35569 : FDBA;
    35570 : FEE2;
    35571 : FF9C;
    35572 : FF97;
    35573 : FF7F;
    35574 : FFB5;
    35575 : 001D;
    35576 : 010F;
    35577 : 0273;
    35578 : 0330;
    35579 : 0348;
    35580 : 0414;
    35581 : 057C;
    35582 : 0623;
    35583 : 0620;
    35584 : 064A;
    35585 : 0657;
    35586 : 05EE;
    35587 : 0594;
    35588 : 0596;
    35589 : 05CE;
    35590 : 064B;
    35591 : 0721;
    35592 : 0810;
    35593 : 08A4;
    35594 : 08CE;
    35595 : 0943;
    35596 : 0A30;
    35597 : 0A72;
    35598 : 09CD;
    35599 : 099F;
    35600 : 0A11;
    35601 : 09E9;
    35602 : 0951;
    35603 : 0938;
    35604 : 096D;
    35605 : 09B8;
    35606 : 0A54;
    35607 : 0AB5;
    35608 : 0A3D;
    35609 : 0952;
    35610 : 0888;
    35611 : 082A;
    35612 : 083B;
    35613 : 0807;
    35614 : 073A;
    35615 : 06DD;
    35616 : 07AA;
    35617 : 08B0;
    35618 : 08C2;
    35619 : 07DE;
    35620 : 06FB;
    35621 : 06DB;
    35622 : 06E0;
    35623 : 0621;
    35624 : 0541;
    35625 : 0520;
    35626 : 0503;
    35627 : 045C;
    35628 : 0425;
    35629 : 04B9;
    35630 : 04DC;
    35631 : 0410;
    35632 : 03A3;
    35633 : 0431;
    35634 : 042C;
    35635 : 02A9;
    35636 : 0172;
    35637 : 01CC;
    35638 : 022C;
    35639 : 0194;
    35640 : 012F;
    35641 : 014C;
    35642 : 011A;
    35643 : 00C5;
    35644 : 007D;
    35645 : FFBB;
    35646 : FEA9;
    35647 : FD93;
    35648 : FC3E;
    35649 : FB3F;
    35650 : FB1A;
    35651 : FAD9;
    35652 : FA0F;
    35653 : F989;
    35654 : F95E;
    35655 : F973;
    35656 : FA44;
    35657 : FB0E;
    35658 : FAAD;
    35659 : F9CE;
    35660 : F926;
    35661 : F832;
    35662 : F73C;
    35663 : F6E7;
    35664 : F69F;
    35665 : F62A;
    35666 : F665;
    35667 : F77A;
    35668 : F8CB;
    35669 : F9EA;
    35670 : FA7D;
    35671 : FAA6;
    35672 : FAFF;
    35673 : FB7C;
    35674 : FB9F;
    35675 : FB7F;
    35676 : FB8A;
    35677 : FC3D;
    35678 : FD9D;
    35679 : FEAA;
    35680 : FEDD;
    35681 : FF47;
    35682 : 0043;
    35683 : 00B6;
    35684 : 009B;
    35685 : 00E1;
    35686 : 0118;
    35687 : 0093;
    35688 : 0035;
    35689 : 00C2;
    35690 : 0151;
    35691 : 0136;
    35692 : 01A9;
    35693 : 038B;
    35694 : 051B;
    35695 : 0489;
    35696 : 034E;
    35697 : 0381;
    35698 : 0471;
    35699 : 04EA;
    35700 : 054D;
    35701 : 05A3;
    35702 : 058A;
    35703 : 05DE;
    35704 : 075E;
    35705 : 095E;
    35706 : 0ACE;
    35707 : 0B0C;
    35708 : 0A90;
    35709 : 0AFF;
    35710 : 0CA2;
    35711 : 0D99;
    35712 : 0D1B;
    35713 : 0C45;
    35714 : 0C00;
    35715 : 0CCA;
    35716 : 0E73;
    35717 : 0F71;
    35718 : 0F56;
    35719 : 0F90;
    35720 : 0FFD;
    35721 : 0F4B;
    35722 : 0E58;
    35723 : 0E4C;
    35724 : 0E45;
    35725 : 0DE3;
    35726 : 0DE3;
    35727 : 0DB9;
    35728 : 0CD8;
    35729 : 0C80;
    35730 : 0D65;
    35731 : 0E40;
    35732 : 0DFC;
    35733 : 0D46;
    35734 : 0D52;
    35735 : 0DBB;
    35736 : 0CEE;
    35737 : 0B07;
    35738 : 09B3;
    35739 : 0919;
    35740 : 087D;
    35741 : 0879;
    35742 : 08F9;
    35743 : 085E;
    35744 : 06D7;
    35745 : 0618;
    35746 : 05D2;
    35747 : 04E6;
    35748 : 03DB;
    35749 : 0319;
    35750 : 0211;
    35751 : 00E8;
    35752 : FFF7;
    35753 : FED9;
    35754 : FD7F;
    35755 : FC20;
    35756 : FAA0;
    35757 : F97E;
    35758 : F935;
    35759 : F8C4;
    35760 : F778;
    35761 : F661;
    35762 : F5F6;
    35763 : F537;
    35764 : F423;
    35765 : F3B1;
    35766 : F3BC;
    35767 : F3A2;
    35768 : F384;
    35769 : F39E;
    35770 : F3EA;
    35771 : F46C;
    35772 : F4BB;
    35773 : F434;
    35774 : F327;
    35775 : F29A;
    35776 : F2CE;
    35777 : F317;
    35778 : F34A;
    35779 : F43B;
    35780 : F627;
    35781 : F7E1;
    35782 : F8CD;
    35783 : F9DA;
    35784 : FB4F;
    35785 : FC69;
    35786 : FD4F;
    35787 : FE34;
    35788 : FE23;
    35789 : FDB1;
    35790 : FF0D;
    35791 : 019F;
    35792 : 02D8;
    35793 : 0307;
    35794 : 03FF;
    35795 : 0529;
    35796 : 055B;
    35797 : 0530;
    35798 : 0554;
    35799 : 05B4;
    35800 : 0645;
    35801 : 06BE;
    35802 : 06D4;
    35803 : 06D0;
    35804 : 06B9;
    35805 : 0665;
    35806 : 068A;
    35807 : 0798;
    35808 : 08BE;
    35809 : 097B;
    35810 : 0A02;
    35811 : 0A0A;
    35812 : 09A9;
    35813 : 09CB;
    35814 : 0A3F;
    35815 : 0A16;
    35816 : 09E8;
    35817 : 0A92;
    35818 : 0B29;
    35819 : 0B0A;
    35820 : 0B1A;
    35821 : 0B70;
    35822 : 0B24;
    35823 : 0AA2;
    35824 : 0ACC;
    35825 : 0B06;
    35826 : 0AAD;
    35827 : 0A3D;
    35828 : 09F3;
    35829 : 0986;
    35830 : 08FB;
    35831 : 0840;
    35832 : 0749;
    35833 : 06BA;
    35834 : 06BA;
    35835 : 0657;
    35836 : 0531;
    35837 : 03FD;
    35838 : 0358;
    35839 : 0364;
    35840 : 03C8;
    35841 : 040F;
    35842 : 0480;
    35843 : 0550;
    35844 : 0598;
    35845 : 04FC;
    35846 : 0481;
    35847 : 0489;
    35848 : 04AF;
    35849 : 051F;
    35850 : 05B9;
    35851 : 05FF;
    35852 : 064C;
    35853 : 06A6;
    35854 : 0637;
    35855 : 0545;
    35856 : 04AB;
    35857 : 042B;
    35858 : 03E5;
    35859 : 0465;
    35860 : 04B3;
    35861 : 0413;
    35862 : 0379;
    35863 : 02CF;
    35864 : 0116;
    35865 : FF28;
    35866 : FDF5;
    35867 : FCBC;
    35868 : FB79;
    35869 : FB0E;
    35870 : FAF0;
    35871 : FA4B;
    35872 : F99F;
    35873 : F94E;
    35874 : F90C;
    35875 : F8C8;
    35876 : F87C;
    35877 : F7EE;
    35878 : F72A;
    35879 : F66C;
    35880 : F5D8;
    35881 : F548;
    35882 : F49D;
    35883 : F468;
    35884 : F523;
    35885 : F623;
    35886 : F6AA;
    35887 : F6D3;
    35888 : F697;
    35889 : F5F0;
    35890 : F582;
    35891 : F570;
    35892 : F549;
    35893 : F534;
    35894 : F564;
    35895 : F5C2;
    35896 : F6AE;
    35897 : F7C5;
    35898 : F7BA;
    35899 : F70F;
    35900 : F778;
    35901 : F89E;
    35902 : F942;
    35903 : F996;
    35904 : F9ED;
    35905 : FA17;
    35906 : FA56;
    35907 : FAD1;
    35908 : FB97;
    35909 : FD45;
    35910 : FF7E;
    35911 : 00A2;
    35912 : 0097;
    35913 : 00F9;
    35914 : 021D;
    35915 : 02AC;
    35916 : 0203;
    35917 : 014D;
    35918 : 01EB;
    35919 : 037B;
    35920 : 04A2;
    35921 : 055D;
    35922 : 06A7;
    35923 : 089F;
    35924 : 0A80;
    35925 : 0B7D;
    35926 : 0B7B;
    35927 : 0B71;
    35928 : 0BC3;
    35929 : 0B56;
    35930 : 0A3C;
    35931 : 0A6C;
    35932 : 0C3B;
    35933 : 0DE8;
    35934 : 0EB7;
    35935 : 0F39;
    35936 : 0FBB;
    35937 : 101B;
    35938 : 0FF2;
    35939 : 0F31;
    35940 : 0E9D;
    35941 : 0E56;
    35942 : 0DA3;
    35943 : 0D03;
    35944 : 0D37;
    35945 : 0D23;
    35946 : 0C1A;
    35947 : 0B58;
    35948 : 0B40;
    35949 : 0AEC;
    35950 : 0A8C;
    35951 : 0AAD;
    35952 : 0AA6;
    35953 : 09D1;
    35954 : 0860;
    35955 : 06C5;
    35956 : 05A2;
    35957 : 057F;
    35958 : 0604;
    35959 : 0661;
    35960 : 0673;
    35961 : 06C1;
    35962 : 0758;
    35963 : 0745;
    35964 : 062F;
    35965 : 0553;
    35966 : 0531;
    35967 : 0479;
    35968 : 02DA;
    35969 : 01BB;
    35970 : 0142;
    35971 : 0041;
    35972 : FEE4;
    35973 : FE1D;
    35974 : FD89;
    35975 : FC3C;
    35976 : FA50;
    35977 : F853;
    35978 : F662;
    35979 : F4A1;
    35980 : F39A;
    35981 : F355;
    35982 : F2EC;
    35983 : F20F;
    35984 : F195;
    35985 : F18F;
    35986 : F0F0;
    35987 : EFF3;
    35988 : EFE9;
    35989 : F091;
    35990 : F080;
    35991 : EFB5;
    35992 : EF6C;
    35993 : F020;
    35994 : F12E;
    35995 : F1DF;
    35996 : F25C;
    35997 : F355;
    35998 : F4B1;
    35999 : F5CE;
    36000 : F6BB;
    36001 : F7BA;
    36002 : F883;
    36003 : F929;
    36004 : F9E9;
    36005 : FA30;
    36006 : F9DE;
    36007 : FA17;
    36008 : FB05;
    36009 : FB95;
    36010 : FBE4;
    36011 : FCD8;
    36012 : FE09;
    36013 : FEA5;
    36014 : FEF2;
    36015 : FF72;
    36016 : 001B;
    36017 : 00C6;
    36018 : 0176;
    36019 : 025C;
    36020 : 0375;
    36021 : 0464;
    36022 : 0527;
    36023 : 05E4;
    36024 : 064F;
    36025 : 06DA;
    36026 : 088B;
    36027 : 0A83;
    36028 : 0B2F;
    36029 : 0B58;
    36030 : 0C1D;
    36031 : 0CA2;
    36032 : 0C9B;
    36033 : 0CE3;
    36034 : 0D1E;
    36035 : 0CF5;
    36036 : 0D72;
    36037 : 0E73;
    36038 : 0E8B;
    36039 : 0DA8;
    36040 : 0CAF;
    36041 : 0C27;
    36042 : 0C4C;
    36043 : 0C71;
    36044 : 0BB6;
    36045 : 0AEA;
    36046 : 0AC4;
    36047 : 0A3C;
    36048 : 0936;
    36049 : 08F4;
    36050 : 0927;
    36051 : 08E7;
    36052 : 08B6;
    36053 : 08B9;
    36054 : 0839;
    36055 : 0780;
    36056 : 06F9;
    36057 : 0654;
    36058 : 0604;
    36059 : 0687;
    36060 : 06D7;
    36061 : 064C;
    36062 : 05C2;
    36063 : 057C;
    36064 : 04CA;
    36065 : 03E4;
    36066 : 039B;
    36067 : 03CE;
    36068 : 03D0;
    36069 : 037E;
    36070 : 0322;
    36071 : 0306;
    36072 : 034E;
    36073 : 03A5;
    36074 : 0394;
    36075 : 036D;
    36076 : 03C7;
    36077 : 045F;
    36078 : 04D4;
    36079 : 0544;
    36080 : 0532;
    36081 : 0441;
    36082 : 038C;
    36083 : 0384;
    36084 : 02DB;
    36085 : 017F;
    36086 : 00C9;
    36087 : 00A5;
    36088 : 0042;
    36089 : FFAA;
    36090 : FEE6;
    36091 : FE2E;
    36092 : FDF4;
    36093 : FD56;
    36094 : FBCB;
    36095 : FAB2;
    36096 : FA15;
    36097 : F8A1;
    36098 : F769;
    36099 : F78B;
    36100 : F755;
    36101 : F676;
    36102 : F6AC;
    36103 : F74B;
    36104 : F6FD;
    36105 : F6F4;
    36106 : F7B3;
    36107 : F7FA;
    36108 : F7D9;
    36109 : F808;
    36110 : F84A;
    36111 : F89B;
    36112 : F934;
    36113 : F9FA;
    36114 : FACF;
    36115 : FB0F;
    36116 : FA75;
    36117 : FA8F;
    36118 : FBCC;
    36119 : FC0E;
    36120 : FAFB;
    36121 : FA90;
    36122 : FAFF;
    36123 : FB16;
    36124 : FABD;
    36125 : FA65;
    36126 : FAAB;
    36127 : FBCE;
    36128 : FC93;
    36129 : FC8F;
    36130 : FD41;
    36131 : FE8C;
    36132 : FED7;
    36133 : FEBE;
    36134 : FF93;
    36135 : 00EC;
    36136 : 026D;
    36137 : 0424;
    36138 : 0591;
    36139 : 06EA;
    36140 : 08A6;
    36141 : 09F8;
    36142 : 0AA5;
    36143 : 0B9A;
    36144 : 0CDC;
    36145 : 0DEF;
    36146 : 0EC6;
    36147 : 0EEA;
    36148 : 0E65;
    36149 : 0E50;
    36150 : 0EEA;
    36151 : 0FBA;
    36152 : 10C4;
    36153 : 118E;
    36154 : 11B1;
    36155 : 120A;
    36156 : 128A;
    36157 : 11E0;
    36158 : 1049;
    36159 : 0EEA;
    36160 : 0DC9;
    36161 : 0D0B;
    36162 : 0D03;
    36163 : 0CCF;
    36164 : 0BD4;
    36165 : 0ADF;
    36166 : 0ABE;
    36167 : 0B7D;
    36168 : 0C41;
    36169 : 0BDB;
    36170 : 0AC4;
    36171 : 0A48;
    36172 : 09E1;
    36173 : 08BE;
    36174 : 07B7;
    36175 : 070B;
    36176 : 0613;
    36177 : 056C;
    36178 : 05A3;
    36179 : 05BA;
    36180 : 0513;
    36181 : 0423;
    36182 : 0334;
    36183 : 0248;
    36184 : 013B;
    36185 : FFF9;
    36186 : FEF6;
    36187 : FE4E;
    36188 : FD8A;
    36189 : FD07;
    36190 : FD01;
    36191 : FC5A;
    36192 : FAD3;
    36193 : F9B5;
    36194 : F920;
    36195 : F80D;
    36196 : F67A;
    36197 : F556;
    36198 : F532;
    36199 : F567;
    36200 : F4B7;
    36201 : F3B5;
    36202 : F414;
    36203 : F501;
    36204 : F491;
    36205 : F3BB;
    36206 : F40B;
    36207 : F460;
    36208 : F36B;
    36209 : F1F4;
    36210 : F157;
    36211 : F1D3;
    36212 : F23B;
    36213 : F1A8;
    36214 : F137;
    36215 : F208;
    36216 : F35D;
    36217 : F48D;
    36218 : F56F;
    36219 : F555;
    36220 : F4CE;
    36221 : F55D;
    36222 : F66C;
    36223 : F6FF;
    36224 : F7C5;
    36225 : F857;
    36226 : F7FD;
    36227 : F881;
    36228 : FA6A;
    36229 : FB51;
    36230 : FB39;
    36231 : FC29;
    36232 : FD31;
    36233 : FCED;
    36234 : FCBB;
    36235 : FD30;
    36236 : FD3C;
    36237 : FD2F;
    36238 : FDD9;
    36239 : FEC2;
    36240 : FF5D;
    36241 : FF8B;
    36242 : FF61;
    36243 : FF92;
    36244 : 0082;
    36245 : 0196;
    36246 : 0268;
    36247 : 02FE;
    36248 : 0327;
    36249 : 033A;
    36250 : 0419;
    36251 : 05CD;
    36252 : 076A;
    36253 : 0848;
    36254 : 08C5;
    36255 : 09B6;
    36256 : 0AFD;
    36257 : 0B98;
    36258 : 0B3A;
    36259 : 0A91;
    36260 : 0A54;
    36261 : 0ABC;
    36262 : 0B05;
    36263 : 0A3B;
    36264 : 0946;
    36265 : 0989;
    36266 : 0A15;
    36267 : 09A7;
    36268 : 0920;
    36269 : 090F;
    36270 : 0878;
    36271 : 0723;
    36272 : 05AE;
    36273 : 0429;
    36274 : 02C2;
    36275 : 01FB;
    36276 : 01FD;
    36277 : 02E5;
    36278 : 0445;
    36279 : 049F;
    36280 : 0368;
    36281 : 01F8;
    36282 : 0137;
    36283 : 00D4;
    36284 : 00B6;
    36285 : 0115;
    36286 : 01C7;
    36287 : 0261;
    36288 : 0270;
    36289 : 01F0;
    36290 : 018B;
    36291 : 01A7;
    36292 : 01C2;
    36293 : 0154;
    36294 : 009C;
    36295 : 0042;
    36296 : 006A;
    36297 : 0050;
    36298 : FF53;
    36299 : FDFB;
    36300 : FD17;
    36301 : FC94;
    36302 : FBF2;
    36303 : FB0E;
    36304 : FA57;
    36305 : FA2B;
    36306 : FA3A;
    36307 : FA15;
    36308 : F9EE;
    36309 : F9AE;
    36310 : F901;
    36311 : F8A5;
    36312 : F93D;
    36313 : F9AD;
    36314 : F926;
    36315 : F88F;
    36316 : F865;
    36317 : F81F;
    36318 : F78F;
    36319 : F6C0;
    36320 : F5DD;
    36321 : F58F;
    36322 : F5DE;
    36323 : F60C;
    36324 : F5F6;
    36325 : F599;
    36326 : F4D4;
    36327 : F47D;
    36328 : F4EB;
    36329 : F4C7;
    36330 : F3F2;
    36331 : F3FE;
    36332 : F4A5;
    36333 : F48E;
    36334 : F43A;
    36335 : F46F;
    36336 : F487;
    36337 : F42E;
    36338 : F3DC;
    36339 : F3CE;
    36340 : F417;
    36341 : F46C;
    36342 : F46E;
    36343 : F486;
    36344 : F4F8;
    36345 : F565;
    36346 : F644;
    36347 : F7E0;
    36348 : F8CC;
    36349 : F8AF;
    36350 : F920;
    36351 : F9FD;
    36352 : F9EC;
    36353 : F9C9;
    36354 : FA93;
    36355 : FB2E;
    36356 : FB49;
    36357 : FC06;
    36358 : FD52;
    36359 : FE68;
    36360 : FF6D;
    36361 : 008D;
    36362 : 01C8;
    36363 : 0323;
    36364 : 03EB;
    36365 : 03DF;
    36366 : 048B;
    36367 : 0687;
    36368 : 080D;
    36369 : 0888;
    36370 : 0999;
    36371 : 0B7D;
    36372 : 0C94;
    36373 : 0C8A;
    36374 : 0C71;
    36375 : 0C8D;
    36376 : 0C5C;
    36377 : 0BCF;
    36378 : 0B71;
    36379 : 0BCE;
    36380 : 0C87;
    36381 : 0C58;
    36382 : 0B1D;
    36383 : 0A72;
    36384 : 0AF8;
    36385 : 0B2B;
    36386 : 0A32;
    36387 : 0926;
    36388 : 08E1;
    36389 : 08CD;
    36390 : 080B;
    36391 : 066C;
    36392 : 0478;
    36393 : 02CC;
    36394 : 01CC;
    36395 : 01FE;
    36396 : 032F;
    36397 : 039A;
    36398 : 029A;
    36399 : 0217;
    36400 : 0272;
    36401 : 016F;
    36402 : FF3A;
    36403 : FE78;
    36404 : FEDC;
    36405 : FE16;
    36406 : FC74;
    36407 : FB8D;
    36408 : FB21;
    36409 : FA1D;
    36410 : F858;
    36411 : F6A4;
    36412 : F5B4;
    36413 : F4B0;
    36414 : F282;
    36415 : F061;
    36416 : EFD8;
    36417 : EFF5;
    36418 : EF70;
    36419 : EEBE;
    36420 : EE80;
    36421 : EEE8;
    36422 : EFEC;
    36423 : F07F;
    36424 : EFE3;
    36425 : EF5D;
    36426 : EFD2;
    36427 : F026;
    36428 : EFF0;
    36429 : F073;
    36430 : F1C4;
    36431 : F263;
    36432 : F223;
    36433 : F2A3;
    36434 : F453;
    36435 : F592;
    36436 : F5A3;
    36437 : F5BE;
    36438 : F670;
    36439 : F6E7;
    36440 : F715;
    36441 : F776;
    36442 : F7C0;
    36443 : F7BA;
    36444 : F7A3;
    36445 : F796;
    36446 : F810;
    36447 : F943;
    36448 : F9EA;
    36449 : F971;
    36450 : F94B;
    36451 : FA01;
    36452 : FA5A;
    36453 : FA0E;
    36454 : F9F5;
    36455 : FA8E;
    36456 : FBD0;
    36457 : FCDB;
    36458 : FCF1;
    36459 : FD65;
    36460 : FF50;
    36461 : 00C9;
    36462 : 0072;
    36463 : 004B;
    36464 : 0199;
    36465 : 02B4;
    36466 : 02B9;
    36467 : 02BA;
    36468 : 02FC;
    36469 : 02DD;
    36470 : 02D0;
    36471 : 039B;
    36472 : 047B;
    36473 : 046A;
    36474 : 0435;
    36475 : 04E2;
    36476 : 057F;
    36477 : 0520;
    36478 : 04DF;
    36479 : 059D;
    36480 : 0662;
    36481 : 0677;
    36482 : 06A0;
    36483 : 0781;
    36484 : 087F;
    36485 : 088F;
    36486 : 07C8;
    36487 : 0770;
    36488 : 0800;
    36489 : 0867;
    36490 : 07EE;
    36491 : 0722;
    36492 : 06B8;
    36493 : 06C9;
    36494 : 06D9;
    36495 : 06BB;
    36496 : 0756;
    36497 : 08E7;
    36498 : 09AD;
    36499 : 08A2;
    36500 : 0709;
    36501 : 05E6;
    36502 : 050D;
    36503 : 047D;
    36504 : 0433;
    36505 : 0414;
    36506 : 0458;
    36507 : 0497;
    36508 : 0415;
    36509 : 036E;
    36510 : 0356;
    36511 : 0346;
    36512 : 0327;
    36513 : 0368;
    36514 : 0383;
    36515 : 030D;
    36516 : 0265;
    36517 : 01AC;
    36518 : 0118;
    36519 : 00AD;
    36520 : FF68;
    36521 : FD84;
    36522 : FCDA;
    36523 : FCF2;
    36524 : FBD4;
    36525 : FA50;
    36526 : F9D1;
    36527 : F940;
    36528 : F81A;
    36529 : F7BA;
    36530 : F804;
    36531 : F7A0;
    36532 : F6B5;
    36533 : F647;
    36534 : F642;
    36535 : F5E4;
    36536 : F53E;
    36537 : F547;
    36538 : F604;
    36539 : F675;
    36540 : F6DC;
    36541 : F809;
    36542 : F8F0;
    36543 : F89B;
    36544 : F840;
    36545 : F895;
    36546 : F8B4;
    36547 : F893;
    36548 : F904;
    36549 : FA22;
    36550 : FB77;
    36551 : FC2C;
    36552 : FBC2;
    36553 : FB17;
    36554 : FAF0;
    36555 : FA93;
    36556 : F98F;
    36557 : F892;
    36558 : F820;
    36559 : F849;
    36560 : F892;
    36561 : F840;
    36562 : F7F7;
    36563 : F8B7;
    36564 : F979;
    36565 : F94F;
    36566 : F97F;
    36567 : FA92;
    36568 : FB32;
    36569 : FB0B;
    36570 : FB11;
    36571 : FBBF;
    36572 : FD06;
    36573 : FE9D;
    36574 : 0042;
    36575 : 01E2;
    36576 : 02F2;
    36577 : 035C;
    36578 : 047E;
    36579 : 065F;
    36580 : 06EF;
    36581 : 0660;
    36582 : 06FB;
    36583 : 0869;
    36584 : 08DA;
    36585 : 0898;
    36586 : 0879;
    36587 : 086A;
    36588 : 08CF;
    36589 : 09D7;
    36590 : 0ABB;
    36591 : 0B31;
    36592 : 0B8B;
    36593 : 0BCB;
    36594 : 0BEB;
    36595 : 0BE9;
    36596 : 0BBC;
    36597 : 0BD6;
    36598 : 0C56;
    36599 : 0C98;
    36600 : 0C8E;
    36601 : 0CB9;
    36602 : 0D08;
    36603 : 0D95;
    36604 : 0EC3;
    36605 : 0FBC;
    36606 : 0F3D;
    36607 : 0DBF;
    36608 : 0CB2;
    36609 : 0C4D;
    36610 : 0BB4;
    36611 : 0AE6;
    36612 : 0AC5;
    36613 : 0B24;
    36614 : 0AE0;
    36615 : 0A18;
    36616 : 0961;
    36617 : 0817;
    36618 : 063B;
    36619 : 0509;
    36620 : 042F;
    36621 : 028B;
    36622 : 00D9;
    36623 : FFFC;
    36624 : FF6B;
    36625 : FECA;
    36626 : FDFB;
    36627 : FCB0;
    36628 : FB7D;
    36629 : FAC0;
    36630 : F9B8;
    36631 : F891;
    36632 : F7E3;
    36633 : F6D6;
    36634 : F556;
    36635 : F4A4;
    36636 : F44F;
    36637 : F382;
    36638 : F36F;
    36639 : F436;
    36640 : F42E;
    36641 : F385;
    36642 : F369;
    36643 : F34C;
    36644 : F2C8;
    36645 : F28F;
    36646 : F29B;
    36647 : F297;
    36648 : F2EE;
    36649 : F3DB;
    36650 : F519;
    36651 : F64B;
    36652 : F71D;
    36653 : F7EB;
    36654 : F933;
    36655 : FA58;
    36656 : FAE3;
    36657 : FBA9;
    36658 : FD0E;
    36659 : FE4F;
    36660 : FF02;
    36661 : FF90;
    36662 : 0055;
    36663 : 0113;
    36664 : 0126;
    36665 : 00D1;
    36666 : 0120;
    36667 : 01DE;
    36668 : 01F6;
    36669 : 0195;
    36670 : 0139;
    36671 : 007F;
    36672 : FFB8;
    36673 : FFD3;
    36674 : 00A0;
    36675 : 0161;
    36676 : 01BF;
    36677 : 018A;
    36678 : 0123;
    36679 : 012B;
    36680 : 0142;
    36681 : 00F0;
    36682 : 00E4;
    36683 : 01A5;
    36684 : 02B0;
    36685 : 0376;
    36686 : 03F8;
    36687 : 047F;
    36688 : 0512;
    36689 : 055A;
    36690 : 05B0;
    36691 : 06C5;
    36692 : 07CE;
    36693 : 07CB;
    36694 : 07A8;
    36695 : 0809;
    36696 : 07E8;
    36697 : 073A;
    36698 : 06FE;
    36699 : 06D0;
    36700 : 061D;
    36701 : 058E;
    36702 : 056E;
    36703 : 056C;
    36704 : 0596;
    36705 : 0594;
    36706 : 04F5;
    36707 : 047B;
    36708 : 04BC;
    36709 : 04F2;
    36710 : 0497;
    36711 : 043A;
    36712 : 0475;
    36713 : 0551;
    36714 : 0663;
    36715 : 073F;
    36716 : 07F1;
    36717 : 0866;
    36718 : 081E;
    36719 : 0768;
    36720 : 0740;
    36721 : 07A9;
    36722 : 07FC;
    36723 : 0860;
    36724 : 0943;
    36725 : 0A24;
    36726 : 0A3B;
    36727 : 09CF;
    36728 : 09A6;
    36729 : 09A6;
    36730 : 0945;
    36731 : 08B4;
    36732 : 081D;
    36733 : 06FE;
    36734 : 059C;
    36735 : 04C7;
    36736 : 03FF;
    36737 : 0289;
    36738 : 0138;
    36739 : 009B;
    36740 : FFC0;
    36741 : FE66;
    36742 : FDA5;
    36743 : FDB8;
    36744 : FD83;
    36745 : FC80;
    36746 : FB93;
    36747 : FB65;
    36748 : FB30;
    36749 : FA70;
    36750 : FA2A;
    36751 : FAAF;
    36752 : FAB8;
    36753 : FA1F;
    36754 : F9F4;
    36755 : F9E1;
    36756 : F932;
    36757 : F8AA;
    36758 : F8C6;
    36759 : F8F8;
    36760 : F911;
    36761 : F8E9;
    36762 : F84E;
    36763 : F82C;
    36764 : F917;
    36765 : F9DC;
    36766 : FA05;
    36767 : FAC2;
    36768 : FC2B;
    36769 : FD33;
    36770 : FDC1;
    36771 : FE17;
    36772 : FDF8;
    36773 : FDC5;
    36774 : FE11;
    36775 : FE84;
    36776 : FED2;
    36777 : FF4B;
    36778 : FFC7;
    36779 : 000F;
    36780 : 00B3;
    36781 : 01B4;
    36782 : 021C;
    36783 : 0200;
    36784 : 0267;
    36785 : 0311;
    36786 : 0331;
    36787 : 0349;
    36788 : 03BE;
    36789 : 03C6;
    36790 : 0387;
    36791 : 043F;
    36792 : 05A2;
    36793 : 0662;
    36794 : 06A8;
    36795 : 074B;
    36796 : 081A;
    36797 : 08AA;
    36798 : 0923;
    36799 : 09AC;
    36800 : 0A38;
    36801 : 0AC7;
    36802 : 0B7B;
    36803 : 0C69;
    36804 : 0D34;
    36805 : 0D93;
    36806 : 0E46;
    36807 : 0FC6;
    36808 : 10E4;
    36809 : 10D1;
    36810 : 1095;
    36811 : 10B7;
    36812 : 102E;
    36813 : 0EE5;
    36814 : 0E3A;
    36815 : 0E77;
    36816 : 0E64;
    36817 : 0D9C;
    36818 : 0D33;
    36819 : 0D70;
    36820 : 0D07;
    36821 : 0BD2;
    36822 : 0B9E;
    36823 : 0CC0;
    36824 : 0D38;
    36825 : 0C65;
    36826 : 0BC5;
    36827 : 0BC5;
    36828 : 0B82;
    36829 : 0AF4;
    36830 : 0AA6;
    36831 : 0AAF;
    36832 : 0B0D;
    36833 : 0BA0;
    36834 : 0BE5;
    36835 : 0BB5;
    36836 : 0B84;
    36837 : 0B5E;
    36838 : 0AC9;
    36839 : 09F1;
    36840 : 0994;
    36841 : 0987;
    36842 : 08C5;
    36843 : 075E;
    36844 : 0651;
    36845 : 059B;
    36846 : 048D;
    36847 : 0349;
    36848 : 0200;
    36849 : 0043;
    36850 : FE33;
    36851 : FC82;
    36852 : FB4A;
    36853 : FA54;
    36854 : F979;
    36855 : F880;
    36856 : F7B9;
    36857 : F7C6;
    36858 : F863;
    36859 : F8C3;
    36860 : F8B4;
    36861 : F858;
    36862 : F7ED;
    36863 : F7F5;
    36864 : F884;
    36865 : F920;
    36866 : F988;
    36867 : F9C4;
    36868 : FA0D;
    36869 : FAC0;
    36870 : FB89;
    36871 : FBD6;
    36872 : FC45;
    36873 : FD7B;
    36874 : FE96;
    36875 : FEFD;
    36876 : FF80;
    36877 : 0098;
    36878 : 01CE;
    36879 : 02AB;
    36880 : 02FE;
    36881 : 034E;
    36882 : 0480;
    36883 : 060D;
    36884 : 06B6;
    36885 : 06E9;
    36886 : 07AA;
    36887 : 0855;
    36888 : 080A;
    36889 : 077E;
    36890 : 07CA;
    36891 : 08E0;
    36892 : 09EC;
    36893 : 0A96;
    36894 : 0B60;
    36895 : 0C68;
    36896 : 0CD5;
    36897 : 0C64;
    36898 : 0C13;
    36899 : 0C63;
    36900 : 0C9F;
    36901 : 0C4F;
    36902 : 0C02;
    36903 : 0C3E;
    36904 : 0C96;
    36905 : 0C72;
    36906 : 0C1D;
    36907 : 0C0D;
    36908 : 0C1F;
    36909 : 0C55;
    36910 : 0CC4;
    36911 : 0CC7;
    36912 : 0C08;
    36913 : 0B24;
    36914 : 0A6F;
    36915 : 09FF;
    36916 : 0A37;
    36917 : 0A83;
    36918 : 0A25;
    36919 : 0A3E;
    36920 : 0B73;
    36921 : 0BE2;
    36922 : 0AC2;
    36923 : 09D1;
    36924 : 09A8;
    36925 : 092E;
    36926 : 084A;
    36927 : 0781;
    36928 : 06BF;
    36929 : 05FE;
    36930 : 0592;
    36931 : 05D1;
    36932 : 06A0;
    36933 : 0703;
    36934 : 065E;
    36935 : 05A1;
    36936 : 0554;
    36937 : 048F;
    36938 : 036A;
    36939 : 033F;
    36940 : 0431;
    36941 : 0528;
    36942 : 0575;
    36943 : 0559;
    36944 : 05B8;
    36945 : 06BF;
    36946 : 073A;
    36947 : 06DC;
    36948 : 06F4;
    36949 : 07AA;
    36950 : 07C3;
    36951 : 0744;
    36952 : 06F7;
    36953 : 0682;
    36954 : 0573;
    36955 : 0477;
    36956 : 0459;
    36957 : 04BB;
    36958 : 046D;
    36959 : 0314;
    36960 : 01C8;
    36961 : 00FC;
    36962 : FFBB;
    36963 : FDE3;
    36964 : FC97;
    36965 : FC39;
    36966 : FC34;
    36967 : FBF8;
    36968 : FB1A;
    36969 : F9D2;
    36970 : F90C;
    36971 : F8EA;
    36972 : F89D;
    36973 : F7EF;
    36974 : F777;
    36975 : F78D;
    36976 : F7D0;
    36977 : F7AB;
    36978 : F769;
    36979 : F7C0;
    36980 : F838;
    36981 : F80F;
    36982 : F80A;
    36983 : F8D2;
    36984 : F97B;
    36985 : F985;
    36986 : F9A8;
    36987 : F9F9;
    36988 : F9FA;
    36989 : F9BF;
    36990 : F99A;
    36991 : F9B1;
    36992 : F9F5;
    36993 : FA1C;
    36994 : FA43;
    36995 : FAC2;
    36996 : FB12;
    36997 : FACC;
    36998 : FAD0;
    36999 : FB95;
    37000 : FC78;
    37001 : FD67;
    37002 : FE8A;
    37003 : FF44;
    37004 : FF85;
    37005 : FFEA;
    37006 : 0047;
    37007 : 0090;
    37008 : 0198;
    37009 : 0343;
    37010 : 0473;
    37011 : 0521;
    37012 : 05FE;
    37013 : 06D3;
    37014 : 072E;
    37015 : 076D;
    37016 : 07FB;
    37017 : 088F;
    37018 : 08D6;
    37019 : 0922;
    37020 : 09C5;
    37021 : 0A3D;
    37022 : 0A15;
    37023 : 09F8;
    37024 : 0A8D;
    37025 : 0B26;
    37026 : 0AD9;
    37027 : 09EC;
    37028 : 0946;
    37029 : 091C;
    37030 : 08DE;
    37031 : 0857;
    37032 : 0809;
    37033 : 081C;
    37034 : 0815;
    37035 : 07FE;
    37036 : 083B;
    37037 : 084C;
    37038 : 078B;
    37039 : 067B;
    37040 : 05F5;
    37041 : 0608;
    37042 : 064C;
    37043 : 0644;
    37044 : 0590;
    37045 : 0463;
    37046 : 0341;
    37047 : 0263;
    37048 : 01D1;
    37049 : 0199;
    37050 : 01B8;
    37051 : 01FD;
    37052 : 01FF;
    37053 : 016B;
    37054 : 00A6;
    37055 : 004B;
    37056 : 0032;
    37057 : FFE5;
    37058 : FF8B;
    37059 : FF78;
    37060 : FF7D;
    37061 : FF1F;
    37062 : FE42;
    37063 : FD7A;
    37064 : FD2E;
    37065 : FCA9;
    37066 : FB59;
    37067 : FA1D;
    37068 : F9B2;
    37069 : F971;
    37070 : F8FD;
    37071 : F8D6;
    37072 : F8C2;
    37073 : F82F;
    37074 : F76F;
    37075 : F6FF;
    37076 : F6ED;
    37077 : F732;
    37078 : F73B;
    37079 : F661;
    37080 : F563;
    37081 : F531;
    37082 : F529;
    37083 : F4D2;
    37084 : F4D4;
    37085 : F4FC;
    37086 : F496;
    37087 : F487;
    37088 : F5AE;
    37089 : F6CF;
    37090 : F6D7;
    37091 : F6C4;
    37092 : F78B;
    37093 : F8A7;
    37094 : F970;
    37095 : F9F8;
    37096 : FA71;
    37097 : FAE4;
    37098 : FB66;
    37099 : FC07;
    37100 : FC9F;
    37101 : FD0B;
    37102 : FD6A;
    37103 : FDA7;
    37104 : FD76;
    37105 : FD24;
    37106 : FD79;
    37107 : FE6E;
    37108 : FF29;
    37109 : FF5A;
    37110 : FFA2;
    37111 : 0083;
    37112 : 019F;
    37113 : 0259;
    37114 : 02D4;
    37115 : 0370;
    37116 : 03E1;
    37117 : 03FE;
    37118 : 047A;
    37119 : 058A;
    37120 : 0669;
    37121 : 06BE;
    37122 : 06D5;
    37123 : 06E9;
    37124 : 073E;
    37125 : 07C4;
    37126 : 07E2;
    37127 : 07B3;
    37128 : 07D2;
    37129 : 07E4;
    37130 : 0787;
    37131 : 0756;
    37132 : 074D;
    37133 : 06BD;
    37134 : 062E;
    37135 : 0658;
    37136 : 0688;
    37137 : 0623;
    37138 : 0586;
    37139 : 04CE;
    37140 : 03D9;
    37141 : 02FC;
    37142 : 0263;
    37143 : 01C0;
    37144 : 00E2;
    37145 : FFFC;
    37146 : FF87;
    37147 : FF88;
    37148 : FF70;
    37149 : FF57;
    37150 : FFE8;
    37151 : 00AB;
    37152 : 00AE;
    37153 : 0041;
    37154 : FFD4;
    37155 : FF15;
    37156 : FE6C;
    37157 : FE82;
    37158 : FEA2;
    37159 : FE19;
    37160 : FDB0;
    37161 : FE29;
    37162 : FF09;
    37163 : FF6C;
    37164 : FEF5;
    37165 : FE29;
    37166 : FDE9;
    37167 : FE59;
    37168 : FEFE;
    37169 : FF8B;
    37170 : FFD3;
    37171 : FFA3;
    37172 : FF1A;
    37173 : FE95;
    37174 : FE3E;
    37175 : FDF2;
    37176 : FD7A;
    37177 : FD1B;
    37178 : FD33;
    37179 : FD39;
    37180 : FCA4;
    37181 : FC19;
    37182 : FBF5;
    37183 : FB9F;
    37184 : FB6A;
    37185 : FC19;
    37186 : FCDD;
    37187 : FCDB;
    37188 : FCCD;
    37189 : FCF4;
    37190 : FC81;
    37191 : FB9A;
    37192 : FB05;
    37193 : FA6F;
    37194 : F961;
    37195 : F876;
    37196 : F85B;
    37197 : F8A6;
    37198 : F891;
    37199 : F852;
    37200 : F8AE;
    37201 : F951;
    37202 : F944;
    37203 : F8CC;
    37204 : F8D8;
    37205 : F94A;
    37206 : F97D;
    37207 : F951;
    37208 : F909;
    37209 : F90C;
    37210 : F959;
    37211 : F945;
    37212 : F8C0;
    37213 : F898;
    37214 : F8D2;
    37215 : F8E7;
    37216 : F920;
    37217 : F99D;
    37218 : F9B0;
    37219 : F979;
    37220 : FA02;
    37221 : FB71;
    37222 : FCBD;
    37223 : FCD1;
    37224 : FBF5;
    37225 : FC03;
    37226 : FDEC;
    37227 : 0002;
    37228 : 00D1;
    37229 : 015B;
    37230 : 0283;
    37231 : 0383;
    37232 : 03FB;
    37233 : 047C;
    37234 : 051E;
    37235 : 05D2;
    37236 : 06E6;
    37237 : 080B;
    37238 : 08A4;
    37239 : 0911;
    37240 : 09C3;
    37241 : 0A0D;
    37242 : 09B0;
    37243 : 09BC;
    37244 : 0A44;
    37245 : 09F9;
    37246 : 08FE;
    37247 : 08DB;
    37248 : 096E;
    37249 : 096B;
    37250 : 08C2;
    37251 : 07E9;
    37252 : 06E2;
    37253 : 0616;
    37254 : 05AB;
    37255 : 04D8;
    37256 : 03B5;
    37257 : 0341;
    37258 : 0333;
    37259 : 02B4;
    37260 : 0211;
    37261 : 0186;
    37262 : 00BA;
    37263 : 000E;
    37264 : FFD5;
    37265 : FF52;
    37266 : FE41;
    37267 : FD64;
    37268 : FD1C;
    37269 : FD1E;
    37270 : FD14;
    37271 : FCC3;
    37272 : FC54;
    37273 : FC03;
    37274 : FB76;
    37275 : FA90;
    37276 : F9EF;
    37277 : F99C;
    37278 : F8D6;
    37279 : F7A4;
    37280 : F6C5;
    37281 : F645;
    37282 : F5AA;
    37283 : F4E5;
    37284 : F43E;
    37285 : F3D2;
    37286 : F370;
    37287 : F2CC;
    37288 : F1D7;
    37289 : F104;
    37290 : F0E7;
    37291 : F146;
    37292 : F159;
    37293 : F144;
    37294 : F1D5;
    37295 : F2A8;
    37296 : F2B0;
    37297 : F24E;
    37298 : F268;
    37299 : F2A5;
    37300 : F2BD;
    37301 : F353;
    37302 : F458;
    37303 : F514;
    37304 : F59A;
    37305 : F619;
    37306 : F64C;
    37307 : F67B;
    37308 : F712;
    37309 : F78F;
    37310 : F7AB;
    37311 : F812;
    37312 : F8E4;
    37313 : F98C;
    37314 : FA0E;
    37315 : FAA8;
    37316 : FAF3;
    37317 : FA9C;
    37318 : FA2E;
    37319 : FA5E;
    37320 : FB30;
    37321 : FBF7;
    37322 : FC15;
    37323 : FBC0;
    37324 : FBB5;
    37325 : FC23;
    37326 : FC6E;
    37327 : FC45;
    37328 : FC59;
    37329 : FD51;
    37330 : FE8D;
    37331 : FEF4;
    37332 : FEB3;
    37333 : FEC5;
    37334 : FF39;
    37335 : FF99;
    37336 : 0035;
    37337 : 0152;
    37338 : 0218;
    37339 : 0211;
    37340 : 0238;
    37341 : 0347;
    37342 : 047B;
    37343 : 051D;
    37344 : 0598;
    37345 : 0648;
    37346 : 06CF;
    37347 : 0727;
    37348 : 07A7;
    37349 : 07DC;
    37350 : 0748;
    37351 : 06C2;
    37352 : 0703;
    37353 : 072E;
    37354 : 06C6;
    37355 : 06BA;
    37356 : 0704;
    37357 : 0683;
    37358 : 058E;
    37359 : 0522;
    37360 : 049A;
    37361 : 037D;
    37362 : 02E3;
    37363 : 02DE;
    37364 : 0222;
    37365 : 00ED;
    37366 : 008D;
    37367 : 00CC;
    37368 : 00D0;
    37369 : 00BF;
    37370 : 00C9;
    37371 : 0090;
    37372 : FFE0;
    37373 : FECE;
    37374 : FD95;
    37375 : FCA8;
    37376 : FC42;
    37377 : FC30;
    37378 : FC43;
    37379 : FC65;
    37380 : FC7B;
    37381 : FCA2;
    37382 : FCED;
    37383 : FD14;
    37384 : FCEA;
    37385 : FC9C;
    37386 : FC3F;
    37387 : FBD4;
    37388 : FB76;
    37389 : FB06;
    37390 : FA42;
    37391 : F948;
    37392 : F883;
    37393 : F81B;
    37394 : F7E1;
    37395 : F791;
    37396 : F6F7;
    37397 : F61A;
    37398 : F559;
    37399 : F523;
    37400 : F56B;
    37401 : F5BD;
    37402 : F600;
    37403 : F66D;
    37404 : F6EE;
    37405 : F729;
    37406 : F701;
    37407 : F688;
    37408 : F5F0;
    37409 : F597;
    37410 : F5A1;
    37411 : F5CA;
    37412 : F5D0;
    37413 : F5D4;
    37414 : F632;
    37415 : F705;
    37416 : F7E7;
    37417 : F869;
    37418 : F89D;
    37419 : F8A8;
    37420 : F898;
    37421 : F8D5;
    37422 : F986;
    37423 : F9C1;
    37424 : F8EB;
    37425 : F808;
    37426 : F831;
    37427 : F8E1;
    37428 : F8F3;
    37429 : F835;
    37430 : F76C;
    37431 : F766;
    37432 : F807;
    37433 : F848;
    37434 : F7AE;
    37435 : F731;
    37436 : F7B4;
    37437 : F887;
    37438 : F8C4;
    37439 : F8CD;
    37440 : F935;
    37441 : F99E;
    37442 : F9C6;
    37443 : FA09;
    37444 : FA7F;
    37445 : FB3A;
    37446 : FC6D;
    37447 : FD8A;
    37448 : FE0C;
    37449 : FEC8;
    37450 : 001C;
    37451 : 00EB;
    37452 : 0137;
    37453 : 025A;
    37454 : 0420;
    37455 : 0552;
    37456 : 0630;
    37457 : 0753;
    37458 : 086F;
    37459 : 096D;
    37460 : 0A48;
    37461 : 0A8B;
    37462 : 0A9D;
    37463 : 0B6B;
    37464 : 0C7C;
    37465 : 0CDB;
    37466 : 0CDF;
    37467 : 0D05;
    37468 : 0CED;
    37469 : 0C95;
    37470 : 0C9A;
    37471 : 0CCC;
    37472 : 0C44;
    37473 : 0B03;
    37474 : 0A14;
    37475 : 09ED;
    37476 : 0A00;
    37477 : 09F8;
    37478 : 09EB;
    37479 : 09B0;
    37480 : 0945;
    37481 : 08F2;
    37482 : 086E;
    37483 : 075D;
    37484 : 0631;
    37485 : 0539;
    37486 : 0463;
    37487 : 0418;
    37488 : 0446;
    37489 : 03D6;
    37490 : 02A2;
    37491 : 01A5;
    37492 : 00DE;
    37493 : FFD4;
    37494 : FED6;
    37495 : FDED;
    37496 : FCF6;
    37497 : FC9F;
    37498 : FCDA;
    37499 : FC4F;
    37500 : FAE5;
    37501 : F9BD;
    37502 : F8C4;
    37503 : F76C;
    37504 : F643;
    37505 : F591;
    37506 : F4AF;
    37507 : F3AD;
    37508 : F33E;
    37509 : F336;
    37510 : F305;
    37511 : F2E0;
    37512 : F32B;
    37513 : F3AD;
    37514 : F40F;
    37515 : F462;
    37516 : F4B7;
    37517 : F4E7;
    37518 : F4F9;
    37519 : F512;
    37520 : F54B;
    37521 : F5D9;
    37522 : F6D0;
    37523 : F7C0;
    37524 : F86D;
    37525 : F952;
    37526 : FAA8;
    37527 : FBD0;
    37528 : FC3A;
    37529 : FC38;
    37530 : FCAC;
    37531 : FE10;
    37532 : FFB6;
    37533 : 00B3;
    37534 : 0153;
    37535 : 022C;
    37536 : 02B8;
    37537 : 02A5;
    37538 : 02C2;
    37539 : 0327;
    37540 : 02EB;
    37541 : 023F;
    37542 : 023C;
    37543 : 02DE;
    37544 : 0363;
    37545 : 03B5;
    37546 : 03E5;
    37547 : 03AD;
    37548 : 0338;
    37549 : 031C;
    37550 : 0374;
    37551 : 03DD;
    37552 : 0411;
    37553 : 0403;
    37554 : 03F3;
    37555 : 0465;
    37556 : 0550;
    37557 : 05DA;
    37558 : 0599;
    37559 : 0562;
    37560 : 05FC;
    37561 : 06FA;
    37562 : 077F;
    37563 : 077A;
    37564 : 0788;
    37565 : 07F0;
    37566 : 083F;
    37567 : 0832;
    37568 : 084B;
    37569 : 08CE;
    37570 : 0948;
    37571 : 099D;
    37572 : 0A2F;
    37573 : 0ACE;
    37574 : 0AD5;
    37575 : 0A48;
    37576 : 09D4;
    37577 : 09EC;
    37578 : 0A22;
    37579 : 09A9;
    37580 : 08B8;
    37581 : 084E;
    37582 : 083A;
    37583 : 079A;
    37584 : 06E1;
    37585 : 06B4;
    37586 : 066B;
    37587 : 05ED;
    37588 : 061A;
    37589 : 0680;
    37590 : 061B;
    37591 : 0579;
    37592 : 052F;
    37593 : 04AC;
    37594 : 0427;
    37595 : 0461;
    37596 : 049B;
    37597 : 0405;
    37598 : 03A8;
    37599 : 046E;
    37600 : 0554;
    37601 : 052A;
    37602 : 045C;
    37603 : 03CA;
    37604 : 032A;
    37605 : 0200;
    37606 : 010A;
    37607 : 00DD;
    37608 : 007C;
    37609 : FF62;
    37610 : FEAB;
    37611 : FE94;
    37612 : FDE1;
    37613 : FC91;
    37614 : FBCA;
    37615 : FB86;
    37616 : FB16;
    37617 : FA8E;
    37618 : FA0D;
    37619 : F962;
    37620 : F8DB;
    37621 : F8DA;
    37622 : F906;
    37623 : F8C6;
    37624 : F82D;
    37625 : F7DF;
    37626 : F830;
    37627 : F8B4;
    37628 : F8EE;
    37629 : F8DB;
    37630 : F8B4;
    37631 : F8F3;
    37632 : F9F0;
    37633 : FAD8;
    37634 : FAAF;
    37635 : FA64;
    37636 : FB58;
    37637 : FCD0;
    37638 : FD8A;
    37639 : FDE0;
    37640 : FE6C;
    37641 : FEDA;
    37642 : FF08;
    37643 : FF45;
    37644 : FF88;
    37645 : FFB5;
    37646 : FFF8;
    37647 : 004F;
    37648 : 00A4;
    37649 : 012A;
    37650 : 01F9;
    37651 : 027D;
    37652 : 020F;
    37653 : 0123;
    37654 : 00D4;
    37655 : 011E;
    37656 : 010F;
    37657 : 00C1;
    37658 : 0110;
    37659 : 01E5;
    37660 : 0296;
    37661 : 02FC;
    37662 : 0314;
    37663 : 0309;
    37664 : 039B;
    37665 : 04FA;
    37666 : 0616;
    37667 : 062F;
    37668 : 05E3;
    37669 : 060F;
    37670 : 06B6;
    37671 : 075A;
    37672 : 07D1;
    37673 : 0860;
    37674 : 0923;
    37675 : 09EF;
    37676 : 0AA6;
    37677 : 0B08;
    37678 : 0AD7;
    37679 : 0A87;
    37680 : 0AB9;
    37681 : 0B3D;
    37682 : 0BAD;
    37683 : 0C1E;
    37684 : 0C81;
    37685 : 0CAE;
    37686 : 0CF0;
    37687 : 0D4D;
    37688 : 0D35;
    37689 : 0CB5;
    37690 : 0C4E;
    37691 : 0BEB;
    37692 : 0B82;
    37693 : 0B8B;
    37694 : 0BCB;
    37695 : 0B8A;
    37696 : 0B18;
    37697 : 0B1C;
    37698 : 0B01;
    37699 : 0A28;
    37700 : 092A;
    37701 : 0863;
    37702 : 0735;
    37703 : 05B1;
    37704 : 04A4;
    37705 : 0403;
    37706 : 0380;
    37707 : 0376;
    37708 : 0386;
    37709 : 02B5;
    37710 : 0197;
    37711 : 0156;
    37712 : 0130;
    37713 : 000E;
    37714 : FECB;
    37715 : FE49;
    37716 : FDC7;
    37717 : FCA3;
    37718 : FB55;
    37719 : FA20;
    37720 : F8BA;
    37721 : F720;
    37722 : F5B9;
    37723 : F4B7;
    37724 : F3DC;
    37725 : F2F0;
    37726 : F20D;
    37727 : F15D;
    37728 : F131;
    37729 : F1EB;
    37730 : F2EB;
    37731 : F2F9;
    37732 : F258;
    37733 : F214;
    37734 : F1D8;
    37735 : F11A;
    37736 : F0C6;
    37737 : F13B;
    37738 : F16D;
    37739 : F157;
    37740 : F21E;
    37741 : F395;
    37742 : F484;
    37743 : F4EF;
    37744 : F5DC;
    37745 : F771;
    37746 : F8BF;
    37747 : F977;
    37748 : FA67;
    37749 : FBE5;
    37750 : FD5C;
    37751 : FEBD;
    37752 : 0046;
    37753 : 0150;
    37754 : 016B;
    37755 : 0145;
    37756 : 0152;
    37757 : 0195;
    37758 : 0275;
    37759 : 039F;
    37760 : 03EC;
    37761 : 03A9;
    37762 : 042C;
    37763 : 053E;
    37764 : 05D5;
    37765 : 0620;
    37766 : 06BC;
    37767 : 0763;
    37768 : 07A3;
    37769 : 078A;
    37770 : 0746;
    37771 : 06E1;
    37772 : 06A5;
    37773 : 072F;
    37774 : 0881;
    37775 : 098F;
    37776 : 0989;
    37777 : 0903;
    37778 : 08F3;
    37779 : 0971;
    37780 : 09CE;
    37781 : 0990;
    37782 : 0954;
    37783 : 0A13;
    37784 : 0B2D;
    37785 : 0B23;
    37786 : 0A42;
    37787 : 09CD;
    37788 : 0998;
    37789 : 0914;
    37790 : 08B2;
    37791 : 0876;
    37792 : 07DD;
    37793 : 074F;
    37794 : 0751;
    37795 : 076F;
    37796 : 074C;
    37797 : 0701;
    37798 : 0680;
    37799 : 0631;
    37800 : 06DD;
    37801 : 0812;
    37802 : 087D;
    37803 : 080A;
    37804 : 0800;
    37805 : 08FC;
    37806 : 0A1B;
    37807 : 0A53;
    37808 : 09F8;
    37809 : 09EC;
    37810 : 09DD;
    37811 : 08FF;
    37812 : 07CA;
    37813 : 0724;
    37814 : 06E5;
    37815 : 06B9;
    37816 : 06F3;
    37817 : 0773;
    37818 : 075D;
    37819 : 0692;
    37820 : 0608;
    37821 : 0636;
    37822 : 064B;
    37823 : 057E;
    37824 : 044D;
    37825 : 0388;
    37826 : 0300;
    37827 : 024B;
    37828 : 01A9;
    37829 : 0116;
    37830 : 000B;
    37831 : FED6;
    37832 : FE38;
    37833 : FDCB;
    37834 : FCCA;
    37835 : FB85;
    37836 : FA6D;
    37837 : F96D;
    37838 : F8D5;
    37839 : F8F0;
    37840 : F8F6;
    37841 : F86F;
    37842 : F811;
    37843 : F7FD;
    37844 : F76C;
    37845 : F679;
    37846 : F5D7;
    37847 : F544;
    37848 : F44D;
    37849 : F37A;
    37850 : F370;
    37851 : F40B;
    37852 : F4A9;
    37853 : F4D7;
    37854 : F4FF;
    37855 : F5E8;
    37856 : F728;
    37857 : F78F;
    37858 : F750;
    37859 : F7B4;
    37860 : F8ED;
    37861 : FA09;
    37862 : FA5D;
    37863 : FA0E;
    37864 : F9FB;
    37865 : FAE9;
    37866 : FC4E;
    37867 : FD11;
    37868 : FD49;
    37869 : FD98;
    37870 : FDD6;
    37871 : FDD6;
    37872 : FE0B;
    37873 : FE83;
    37874 : FEDA;
    37875 : FF32;
    37876 : FFE9;
    37877 : 00E1;
    37878 : 01CC;
    37879 : 0280;
    37880 : 02F8;
    37881 : 0360;
    37882 : 03D0;
    37883 : 042E;
    37884 : 049D;
    37885 : 0549;
    37886 : 05DF;
    37887 : 0642;
    37888 : 070B;
    37889 : 086C;
    37890 : 09B7;
    37891 : 0A97;
    37892 : 0B41;
    37893 : 0BA3;
    37894 : 0BBF;
    37895 : 0C07;
    37896 : 0C6B;
    37897 : 0C7C;
    37898 : 0C7C;
    37899 : 0CBF;
    37900 : 0CB8;
    37901 : 0C22;
    37902 : 0BB9;
    37903 : 0BAE;
    37904 : 0B50;
    37905 : 0AA7;
    37906 : 0A54;
    37907 : 0A23;
    37908 : 09B2;
    37909 : 096F;
    37910 : 0965;
    37911 : 08DD;
    37912 : 07FB;
    37913 : 07C1;
    37914 : 0850;
    37915 : 0917;
    37916 : 09D9;
    37917 : 0A4F;
    37918 : 0A22;
    37919 : 0998;
    37920 : 091C;
    37921 : 0884;
    37922 : 07B0;
    37923 : 0701;
    37924 : 06D3;
    37925 : 070F;
    37926 : 073C;
    37927 : 0700;
    37928 : 0689;
    37929 : 05E7;
    37930 : 04BF;
    37931 : 0363;
    37932 : 029D;
    37933 : 0209;
    37934 : 00DD;
    37935 : FF9D;
    37936 : FEE9;
    37937 : FE32;
    37938 : FCFA;
    37939 : FB91;
    37940 : FA59;
    37941 : F995;
    37942 : F925;
    37943 : F85D;
    37944 : F74F;
    37945 : F6D5;
    37946 : F6CF;
    37947 : F65E;
    37948 : F58C;
    37949 : F4EE;
    37950 : F48C;
    37951 : F423;
    37952 : F37E;
    37953 : F2C1;
    37954 : F259;
    37955 : F22A;
    37956 : F1C2;
    37957 : F187;
    37958 : F1FB;
    37959 : F297;
    37960 : F2E8;
    37961 : F33D;
    37962 : F3B2;
    37963 : F422;
    37964 : F49C;
    37965 : F509;
    37966 : F565;
    37967 : F5F7;
    37968 : F68D;
    37969 : F6D4;
    37970 : F749;
    37971 : F846;
    37972 : F963;
    37973 : FA62;
    37974 : FB26;
    37975 : FB6A;
    37976 : FBB5;
    37977 : FCBA;
    37978 : FDC4;
    37979 : FE26;
    37980 : FEBC;
    37981 : FFF5;
    37982 : 00E0;
    37983 : 0144;
    37984 : 01C4;
    37985 : 0219;
    37986 : 01D5;
    37987 : 01D1;
    37988 : 0294;
    37989 : 030B;
    37990 : 02CA;
    37991 : 0349;
    37992 : 051E;
    37993 : 06AF;
    37994 : 06FE;
    37995 : 0704;
    37996 : 0782;
    37997 : 080D;
    37998 : 0840;
    37999 : 0831;
    38000 : 0840;
    38001 : 08E9;
    38002 : 09D5;
    38003 : 09F1;
    38004 : 092A;
    38005 : 08A0;
    38006 : 08D8;
    38007 : 0912;
    38008 : 0872;
    38009 : 074F;
    38010 : 06F2;
    38011 : 079B;
    38012 : 07E6;
    38013 : 0708;
    38014 : 05CD;
    38015 : 04E4;
    38016 : 0454;
    38017 : 0435;
    38018 : 0429;
    38019 : 037E;
    38020 : 027A;
    38021 : 01DB;
    38022 : 01A4;
    38023 : 01A7;
    38024 : 01E6;
    38025 : 0213;
    38026 : 01FF;
    38027 : 01F2;
    38028 : 01F8;
    38029 : 01DF;
    38030 : 01DC;
    38031 : 0231;
    38032 : 02B8;
    38033 : 0357;
    38034 : 0431;
    38035 : 0515;
    38036 : 0559;
    38037 : 04CF;
    38038 : 042C;
    38039 : 03F6;
    38040 : 03DE;
    38041 : 03B8;
    38042 : 03B5;
    38043 : 036C;
    38044 : 0278;
    38045 : 0175;
    38046 : 00FD;
    38047 : 00A5;
    38048 : FFE5;
    38049 : FED3;
    38050 : FDD5;
    38051 : FD16;
    38052 : FC4A;
    38053 : FB3D;
    38054 : FA5F;
    38055 : F9F2;
    38056 : F98F;
    38057 : F922;
    38058 : F8DF;
    38059 : F89D;
    38060 : F873;
    38061 : F889;
    38062 : F82D;
    38063 : F6FD;
    38064 : F5E1;
    38065 : F542;
    38066 : F4AC;
    38067 : F457;
    38068 : F47D;
    38069 : F470;
    38070 : F3FF;
    38071 : F3CF;
    38072 : F41D;
    38073 : F4C3;
    38074 : F55F;
    38075 : F53F;
    38076 : F486;
    38077 : F450;
    38078 : F4B9;
    38079 : F4E2;
    38080 : F4D0;
    38081 : F50B;
    38082 : F579;
    38083 : F5DE;
    38084 : F624;
    38085 : F62C;
    38086 : F66A;
    38087 : F77B;
    38088 : F8B4;
    38089 : F8F4;
    38090 : F8CE;
    38091 : F9B6;
    38092 : FB68;
    38093 : FC73;
    38094 : FCDE;
    38095 : FDCA;
    38096 : FF18;
    38097 : FFE7;
    38098 : 006E;
    38099 : 014A;
    38100 : 0253;
    38101 : 0344;
    38102 : 0424;
    38103 : 04D7;
    38104 : 0593;
    38105 : 06DB;
    38106 : 0874;
    38107 : 0998;
    38108 : 0A26;
    38109 : 0AB9;
    38110 : 0BF1;
    38111 : 0D96;
    38112 : 0E77;
    38113 : 0E23;
    38114 : 0DCB;
    38115 : 0E09;
    38116 : 0DDD;
    38117 : 0D1A;
    38118 : 0CD7;
    38119 : 0D0E;
    38120 : 0CD9;
    38121 : 0C70;
    38122 : 0C57;
    38123 : 0BF8;
    38124 : 0ADB;
    38125 : 09B7;
    38126 : 094C;
    38127 : 0948;
    38128 : 08B9;
    38129 : 073E;
    38130 : 05B1;
    38131 : 053F;
    38132 : 05CC;
    38133 : 061A;
    38134 : 05A5;
    38135 : 0506;
    38136 : 048F;
    38137 : 03ED;
    38138 : 0314;
    38139 : 023D;
    38140 : 0169;
    38141 : 00B7;
    38142 : 0086;
    38143 : 00CC;
    38144 : 0107;
    38145 : 0109;
    38146 : 0130;
    38147 : 019C;
    38148 : 01B9;
    38149 : 012D;
    38150 : 00AB;
    38151 : 00BB;
    38152 : 007A;
    38153 : FF37;
    38154 : FDF3;
    38155 : FDA4;
    38156 : FDA6;
    38157 : FD10;
    38158 : FBF4;
    38159 : FAC8;
    38160 : F9B4;
    38161 : F899;
    38162 : F778;
    38163 : F6AD;
    38164 : F644;
    38165 : F5CC;
    38166 : F56F;
    38167 : F5B0;
    38168 : F616;
    38169 : F5E9;
    38170 : F574;
    38171 : F52A;
    38172 : F4E1;
    38173 : F47A;
    38174 : F410;
    38175 : F3E5;
    38176 : F45E;
    38177 : F527;
    38178 : F54E;
    38179 : F4FA;
    38180 : F51D;
    38181 : F5B9;
    38182 : F641;
    38183 : F69A;
    38184 : F6C0;
    38185 : F705;
    38186 : F7F6;
    38187 : F8FE;
    38188 : F913;
    38189 : F8E8;
    38190 : F99A;
    38191 : FA71;
    38192 : FA82;
    38193 : FA63;
    38194 : FA93;
    38195 : FAB4;
    38196 : FAF2;
    38197 : FBBD;
    38198 : FC80;
    38199 : FC83;
    38200 : FC40;
    38201 : FCAA;
    38202 : FDD5;
    38203 : FF0D;
    38204 : FFB0;
    38205 : 000A;
    38206 : 00FB;
    38207 : 0269;
    38208 : 0334;
    38209 : 0358;
    38210 : 040D;
    38211 : 0572;
    38212 : 069C;
    38213 : 0779;
    38214 : 084B;
    38215 : 08C7;
    38216 : 0919;
    38217 : 09BE;
    38218 : 0A64;
    38219 : 0ACA;
    38220 : 0B49;
    38221 : 0BB8;
    38222 : 0C00;
    38223 : 0CCE;
    38224 : 0DD5;
    38225 : 0DDE;
    38226 : 0D3D;
    38227 : 0D08;
    38228 : 0CD9;
    38229 : 0C09;
    38230 : 0B32;
    38231 : 0AE4;
    38232 : 0AC7;
    38233 : 0A59;
    38234 : 0985;
    38235 : 08CA;
    38236 : 0883;
    38237 : 081F;
    38238 : 0734;
    38239 : 0666;
    38240 : 0620;
    38241 : 061B;
    38242 : 065C;
    38243 : 06CC;
    38244 : 06B1;
    38245 : 05FB;
    38246 : 055B;
    38247 : 04B7;
    38248 : 03A1;
    38249 : 02A7;
    38250 : 0254;
    38251 : 0241;
    38252 : 021F;
    38253 : 022D;
    38254 : 0262;
    38255 : 0267;
    38256 : 0231;
    38257 : 01CA;
    38258 : 0135;
    38259 : 00E0;
    38260 : 0138;
    38261 : 01D2;
    38262 : 0202;
    38263 : 01CC;
    38264 : 014E;
    38265 : 0071;
    38266 : FFAA;
    38267 : FF64;
    38268 : FF1A;
    38269 : FE49;
    38270 : FD46;
    38271 : FC69;
    38272 : FBAB;
    38273 : FAF5;
    38274 : FA03;
    38275 : F8F3;
    38276 : F895;
    38277 : F90E;
    38278 : F94F;
    38279 : F8AE;
    38280 : F78D;
    38281 : F678;
    38282 : F5C4;
    38283 : F562;
    38284 : F4EE;
    38285 : F468;
    38286 : F422;
    38287 : F3FF;
    38288 : F3F7;
    38289 : F453;
    38290 : F4C9;
    38291 : F4DD;
    38292 : F4D0;
    38293 : F4ED;
    38294 : F4D8;
    38295 : F46E;
    38296 : F420;
    38297 : F432;
    38298 : F450;
    38299 : F417;
    38300 : F3E4;
    38301 : F45C;
    38302 : F4F6;
    38303 : F4AE;
    38304 : F428;
    38305 : F499;
    38306 : F545;
    38307 : F4EE;
    38308 : F449;
    38309 : F486;
    38310 : F557;
    38311 : F5FF;
    38312 : F689;
    38313 : F70F;
    38314 : F757;
    38315 : F797;
    38316 : F874;
    38317 : F9ED;
    38318 : FB52;
    38319 : FC70;
    38320 : FDB2;
    38321 : FF21;
    38322 : 006C;
    38323 : 01A7;
    38324 : 0319;
    38325 : 04C5;
    38326 : 067E;
    38327 : 07F5;
    38328 : 08FE;
    38329 : 09CF;
    38330 : 0AA5;
    38331 : 0B6C;
    38332 : 0BED;
    38333 : 0BF1;
    38334 : 0BB2;
    38335 : 0BF7;
    38336 : 0CDB;
    38337 : 0D6F;
    38338 : 0D8A;
    38339 : 0DFE;
    38340 : 0E97;
    38341 : 0E50;
    38342 : 0D52;
    38343 : 0C88;
    38344 : 0BFD;
    38345 : 0B40;
    38346 : 0A85;
    38347 : 0A36;
    38348 : 0A12;
    38349 : 0994;
    38350 : 08E5;
    38351 : 087E;
    38352 : 0842;
    38353 : 07E8;
    38354 : 076F;
    38355 : 068A;
    38356 : 0511;
    38357 : 03CA;
    38358 : 0321;
    38359 : 0260;
    38360 : 0157;
    38361 : 00AE;
    38362 : 006C;
    38363 : 0036;
    38364 : FFFD;
    38365 : FF49;
    38366 : FDCB;
    38367 : FC83;
    38368 : FC26;
    38369 : FBE5;
    38370 : FB2F;
    38371 : FA83;
    38372 : FA1D;
    38373 : F9C8;
    38374 : F994;
    38375 : F986;
    38376 : F969;
    38377 : F92A;
    38378 : F8C5;
    38379 : F848;
    38380 : F805;
    38381 : F812;
    38382 : F80C;
    38383 : F7E6;
    38384 : F806;
    38385 : F84E;
    38386 : F83D;
    38387 : F817;
    38388 : F856;
    38389 : F858;
    38390 : F75E;
    38391 : F634;
    38392 : F5D9;
    38393 : F5C0;
    38394 : F549;
    38395 : F523;
    38396 : F5DD;
    38397 : F6F9;
    38398 : F7E3;
    38399 : F850;
    38400 : F844;
    38401 : F869;
    38402 : F935;
    38403 : F9F6;
    38404 : FA26;
    38405 : FA63;
    38406 : FAF6;
    38407 : FB4D;
    38408 : FB64;
    38409 : FBAC;
    38410 : FBCB;
    38411 : FB61;
    38412 : FB12;
    38413 : FB3D;
    38414 : FB29;
    38415 : FAA1;
    38416 : FA72;
    38417 : FAAD;
    38418 : FABB;
    38419 : FAE9;
    38420 : FB86;
    38421 : FBC3;
    38422 : FB68;
    38423 : FB76;
    38424 : FBFC;
    38425 : FC0E;
    38426 : FBE0;
    38427 : FC4A;
    38428 : FD28;
    38429 : FDED;
    38430 : FE70;
    38431 : FED9;
    38432 : FFC4;
    38433 : 0190;
    38434 : 0341;
    38435 : 03DA;
    38436 : 040C;
    38437 : 04F3;
    38438 : 0666;
    38439 : 07A4;
    38440 : 0849;
    38441 : 0867;
    38442 : 086A;
    38443 : 08A3;
    38444 : 08CF;
    38445 : 0898;
    38446 : 0829;
    38447 : 07F4;
    38448 : 0813;
    38449 : 0816;
    38450 : 07BC;
    38451 : 077D;
    38452 : 07A1;
    38453 : 07A5;
    38454 : 0772;
    38455 : 079A;
    38456 : 07DF;
    38457 : 0764;
    38458 : 0671;
    38459 : 05F4;
    38460 : 05F1;
    38461 : 05F6;
    38462 : 0614;
    38463 : 0657;
    38464 : 0642;
    38465 : 0561;
    38466 : 03FD;
    38467 : 0308;
    38468 : 02F8;
    38469 : 0309;
    38470 : 0277;
    38471 : 01DE;
    38472 : 01F4;
    38473 : 0217;
    38474 : 019A;
    38475 : 00FC;
    38476 : 009F;
    38477 : FFEF;
    38478 : FEB7;
    38479 : FDB6;
    38480 : FD2F;
    38481 : FC84;
    38482 : FB97;
    38483 : FB05;
    38484 : FAC6;
    38485 : FA1C;
    38486 : F916;
    38487 : F891;
    38488 : F883;
    38489 : F81E;
    38490 : F78A;
    38491 : F790;
    38492 : F7E5;
    38493 : F7C8;
    38494 : F79A;
    38495 : F7F5;
    38496 : F865;
    38497 : F85B;
    38498 : F815;
    38499 : F7CA;
    38500 : F747;
    38501 : F68C;
    38502 : F5E8;
    38503 : F5A0;
    38504 : F5B9;
    38505 : F5CD;
    38506 : F579;
    38507 : F4FE;
    38508 : F4C4;
    38509 : F4B7;
    38510 : F4C5;
    38511 : F51A;
    38512 : F57B;
    38513 : F59F;
    38514 : F5C6;
    38515 : F60A;
    38516 : F604;
    38517 : F5CE;
    38518 : F5F6;
    38519 : F660;
    38520 : F693;
    38521 : F6AE;
    38522 : F6E5;
    38523 : F708;
    38524 : F71B;
    38525 : F74B;
    38526 : F73F;
    38527 : F6CA;
    38528 : F68F;
    38529 : F6FA;
    38530 : F788;
    38531 : F7D3;
    38532 : F828;
    38533 : F8C6;
    38534 : F964;
    38535 : F9C4;
    38536 : FA3E;
    38537 : FB23;
    38538 : FC00;
    38539 : FC72;
    38540 : FD1E;
    38541 : FE7E;
    38542 : FFCB;
    38543 : 006B;
    38544 : 00F3;
    38545 : 01DA;
    38546 : 02F5;
    38547 : 043E;
    38548 : 05B0;
    38549 : 06F4;
    38550 : 07DD;
    38551 : 088F;
    38552 : 0954;
    38553 : 0A7C;
    38554 : 0B8D;
    38555 : 0B9D;
    38556 : 0B2B;
    38557 : 0B8A;
    38558 : 0C9D;
    38559 : 0D45;
    38560 : 0D30;
    38561 : 0CAC;
    38562 : 0C28;
    38563 : 0BF9;
    38564 : 0BC0;
    38565 : 0B24;
    38566 : 0ACE;
    38567 : 0B0C;
    38568 : 0B1F;
    38569 : 0AF2;
    38570 : 0B2C;
    38571 : 0B81;
    38572 : 0B35;
    38573 : 0A53;
    38574 : 0941;
    38575 : 0867;
    38576 : 07E7;
    38577 : 072E;
    38578 : 0605;
    38579 : 0538;
    38580 : 04E9;
    38581 : 041D;
    38582 : 02D8;
    38583 : 0214;
    38584 : 01B4;
    38585 : 00DC;
    38586 : FFBB;
    38587 : FF1E;
    38588 : FECF;
    38589 : FDE7;
    38590 : FC55;
    38591 : FAF0;
    38592 : FA0E;
    38593 : F94C;
    38594 : F863;
    38595 : F741;
    38596 : F5F8;
    38597 : F4FA;
    38598 : F45C;
    38599 : F397;
    38600 : F2BE;
    38601 : F26F;
    38602 : F285;
    38603 : F292;
    38604 : F2C6;
    38605 : F31A;
    38606 : F32D;
    38607 : F32C;
    38608 : F375;
    38609 : F3C8;
    38610 : F3B1;
    38611 : F35D;
    38612 : F38A;
    38613 : F487;
    38614 : F57D;
    38615 : F5B9;
    38616 : F5E2;
    38617 : F69C;
    38618 : F793;
    38619 : F85E;
    38620 : F8AA;
    38621 : F85B;
    38622 : F854;
    38623 : F92E;
    38624 : F9ED;
    38625 : FA13;
    38626 : FA54;
    38627 : FA83;
    38628 : FA3E;
    38629 : FA72;
    38630 : FB33;
    38631 : FB6D;
    38632 : FB81;
    38633 : FC40;
    38634 : FCD8;
    38635 : FCCE;
    38636 : FCFA;
    38637 : FD65;
    38638 : FD6F;
    38639 : FD5B;
    38640 : FD6D;
    38641 : FD5F;
    38642 : FD45;
    38643 : FD55;
    38644 : FD78;
    38645 : FDCE;
    38646 : FE84;
    38647 : FF66;
    38648 : 0026;
    38649 : 009F;
    38650 : 00D9;
    38651 : 010A;
    38652 : 0149;
    38653 : 0195;
    38654 : 01FF;
    38655 : 0252;
    38656 : 0267;
    38657 : 02B8;
    38658 : 0355;
    38659 : 0362;
    38660 : 02D9;
    38661 : 02D1;
    38662 : 0388;
    38663 : 044D;
    38664 : 04D0;
    38665 : 0515;
    38666 : 0527;
    38667 : 0564;
    38668 : 0608;
    38669 : 06B2;
    38670 : 06DE;
    38671 : 067A;
    38672 : 0608;
    38673 : 0632;
    38674 : 06D0;
    38675 : 06DA;
    38676 : 0602;
    38677 : 055F;
    38678 : 05D1;
    38679 : 0692;
    38680 : 0686;
    38681 : 0636;
    38682 : 06C2;
    38683 : 0784;
    38684 : 0737;
    38685 : 0671;
    38686 : 0639;
    38687 : 05FA;
    38688 : 0548;
    38689 : 0509;
    38690 : 0575;
    38691 : 05AF;
    38692 : 0566;
    38693 : 04CD;
    38694 : 03FB;
    38695 : 033E;
    38696 : 02C6;
    38697 : 0234;
    38698 : 0159;
    38699 : 007A;
    38700 : FFB9;
    38701 : FF25;
    38702 : FED7;
    38703 : FE7F;
    38704 : FDBC;
    38705 : FCB4;
    38706 : FB9F;
    38707 : FA6F;
    38708 : F93A;
    38709 : F855;
    38710 : F7C9;
    38711 : F737;
    38712 : F65D;
    38713 : F58B;
    38714 : F541;
    38715 : F569;
    38716 : F557;
    38717 : F4A8;
    38718 : F3BE;
    38719 : F355;
    38720 : F3B3;
    38721 : F443;
    38722 : F46A;
    38723 : F484;
    38724 : F537;
    38725 : F631;
    38726 : F6AC;
    38727 : F6BC;
    38728 : F701;
    38729 : F7A9;
    38730 : F878;
    38731 : F92A;
    38732 : F979;
    38733 : F946;
    38734 : F8F3;
    38735 : F8F9;
    38736 : F92A;
    38737 : F918;
    38738 : F8D4;
    38739 : F8B8;
    38740 : F8CF;
    38741 : F90F;
    38742 : F97E;
    38743 : F9CF;
    38744 : F9A5;
    38745 : F93C;
    38746 : F923;
    38747 : F978;
    38748 : F9F8;
    38749 : FA70;
    38750 : FAD7;
    38751 : FB3E;
    38752 : FBB6;
    38753 : FC4F;
    38754 : FD0B;
    38755 : FDB3;
    38756 : FE18;
    38757 : FE81;
    38758 : FF56;
    38759 : 0059;
    38760 : 0115;
    38761 : 01AD;
    38762 : 0273;
    38763 : 0371;
    38764 : 0496;
    38765 : 059B;
    38766 : 060E;
    38767 : 0629;
    38768 : 0696;
    38769 : 0749;
    38770 : 07AE;
    38771 : 0793;
    38772 : 072A;
    38773 : 06F3;
    38774 : 078A;
    38775 : 0887;
    38776 : 08D3;
    38777 : 08B0;
    38778 : 0940;
    38779 : 0A31;
    38780 : 0A69;
    38781 : 0A3B;
    38782 : 0A8E;
    38783 : 0B1D;
    38784 : 0B41;
    38785 : 0B31;
    38786 : 0B5A;
    38787 : 0B87;
    38788 : 0B6A;
    38789 : 0B44;
    38790 : 0B70;
    38791 : 0BAD;
    38792 : 0B7C;
    38793 : 0AF1;
    38794 : 0A73;
    38795 : 09EE;
    38796 : 08F0;
    38797 : 07A7;
    38798 : 06F6;
    38799 : 0735;
    38800 : 0786;
    38801 : 0731;
    38802 : 06AD;
    38803 : 0673;
    38804 : 05F0;
    38805 : 04B1;
    38806 : 033F;
    38807 : 0216;
    38808 : 010D;
    38809 : 001E;
    38810 : FF7C;
    38811 : FEE3;
    38812 : FDD1;
    38813 : FC95;
    38814 : FC1A;
    38815 : FC3A;
    38816 : FBA5;
    38817 : FA1A;
    38818 : F8E9;
    38819 : F89D;
    38820 : F834;
    38821 : F72D;
    38822 : F648;
    38823 : F603;
    38824 : F5E9;
    38825 : F58B;
    38826 : F528;
    38827 : F4FF;
    38828 : F4B9;
    38829 : F437;
    38830 : F433;
    38831 : F4E6;
    38832 : F561;
    38833 : F563;
    38834 : F5E6;
    38835 : F722;
    38836 : F82A;
    38837 : F8BC;
    38838 : F96C;
    38839 : FA71;
    38840 : FB82;
    38841 : FC73;
    38842 : FD53;
    38843 : FE2F;
    38844 : FEF7;
    38845 : FFA6;
    38846 : 0043;
    38847 : 0089;
    38848 : 0042;
    38849 : FFF0;
    38850 : 0032;
    38851 : 00BD;
    38852 : 00F3;
    38853 : 00D2;
    38854 : 00B5;
    38855 : 00D0;
    38856 : 012C;
    38857 : 0197;
    38858 : 01A1;
    38859 : 0138;
    38860 : 0101;
    38861 : 0171;
    38862 : 020E;
    38863 : 0259;
    38864 : 02AC;
    38865 : 0362;
    38866 : 0435;
    38867 : 04EE;
    38868 : 0558;
    38869 : 0519;
    38870 : 0492;
    38871 : 0499;
    38872 : 0514;
    38873 : 059D;
    38874 : 064D;
    38875 : 06C4;
    38876 : 0681;
    38877 : 0628;
    38878 : 063B;
    38879 : 0627;
    38880 : 05D2;
    38881 : 05BB;
    38882 : 05C3;
    38883 : 05C0;
    38884 : 05AD;
    38885 : 0507;
    38886 : 03ED;
    38887 : 037D;
    38888 : 03A6;
    38889 : 0347;
    38890 : 0285;
    38891 : 026B;
    38892 : 030C;
    38893 : 03CA;
    38894 : 0432;
    38895 : 0426;
    38896 : 03F8;
    38897 : 0418;
    38898 : 04B9;
    38899 : 05B3;
    38900 : 065F;
    38901 : 0656;
    38902 : 0657;
    38903 : 06E1;
    38904 : 0700;
    38905 : 0634;
    38906 : 0582;
    38907 : 0587;
    38908 : 05B8;
    38909 : 05C3;
    38910 : 05E6;
    38911 : 062B;
    38912 : 0658;
    38913 : 0643;
    38914 : 0627;
    38915 : 0645;
    38916 : 0635;
    38917 : 0571;
    38918 : 0468;
    38919 : 03DD;
    38920 : 03C2;
    38921 : 0372;
    38922 : 027B;
    38923 : 011E;
    38924 : 001C;
    38925 : FFAC;
    38926 : FF25;
    38927 : FE20;
    38928 : FD12;
    38929 : FC8F;
    38930 : FC63;
    38931 : FBBE;
    38932 : FA8E;
    38933 : F9D8;
    38934 : F9E3;
    38935 : F985;
    38936 : F82E;
    38937 : F69F;
    38938 : F566;
    38939 : F491;
    38940 : F42C;
    38941 : F401;
    38942 : F3EA;
    38943 : F421;
    38944 : F480;
    38945 : F4A5;
    38946 : F4C6;
    38947 : F517;
    38948 : F55E;
    38949 : F5B1;
    38950 : F63A;
    38951 : F6BC;
    38952 : F739;
    38953 : F7EF;
    38954 : F8C1;
    38955 : F986;
    38956 : FA18;
    38957 : FA3D;
    38958 : FA6D;
    38959 : FB6A;
    38960 : FCB4;
    38961 : FD31;
    38962 : FCF5;
    38963 : FCCD;
    38964 : FD01;
    38965 : FD54;
    38966 : FD81;
    38967 : FD98;
    38968 : FDF7;
    38969 : FE9F;
    38970 : FF3E;
    38971 : FFC8;
    38972 : 004F;
    38973 : 00AA;
    38974 : 00CC;
    38975 : 0108;
    38976 : 01E1;
    38977 : 0356;
    38978 : 0485;
    38979 : 04EC;
    38980 : 0581;
    38981 : 06EB;
    38982 : 0845;
    38983 : 08ED;
    38984 : 0947;
    38985 : 096B;
    38986 : 094F;
    38987 : 097D;
    38988 : 0A17;
    38989 : 0A76;
    38990 : 0A4D;
    38991 : 09F9;
    38992 : 09FD;
    38993 : 0A68;
    38994 : 0AA6;
    38995 : 0A72;
    38996 : 0A54;
    38997 : 0A61;
    38998 : 0A1C;
    38999 : 09AB;
    39000 : 0967;
    39001 : 08F6;
    39002 : 0837;
    39003 : 0797;
    39004 : 073A;
    39005 : 070C;
    39006 : 06E9;
    39007 : 069A;
    39008 : 0688;
    39009 : 0739;
    39010 : 07DB;
    39011 : 0799;
    39012 : 074C;
    39013 : 078A;
    39014 : 0762;
    39015 : 06A4;
    39016 : 0674;
    39017 : 070D;
    39018 : 0787;
    39019 : 0767;
    39020 : 06DD;
    39021 : 064E;
    39022 : 0604;
    39023 : 05DB;
    39024 : 058E;
    39025 : 0521;
    39026 : 0489;
    39027 : 03C7;
    39028 : 0360;
    39029 : 0376;
    39030 : 0315;
    39031 : 01ED;
    39032 : 0123;
    39033 : 00F8;
    39034 : 0020;
    39035 : FE90;
    39036 : FDA7;
    39037 : FD3D;
    39038 : FC16;
    39039 : FAC7;
    39040 : FA85;
    39041 : FA9E;
    39042 : FA0D;
    39043 : F95D;
    39044 : F90D;
    39045 : F88C;
    39046 : F7B6;
    39047 : F732;
    39048 : F72A;
    39049 : F70E;
    39050 : F6B6;
    39051 : F6B6;
    39052 : F748;
    39053 : F7A5;
    39054 : F754;
    39055 : F725;
    39056 : F7CA;
    39057 : F8B1;
    39058 : F93E;
    39059 : F992;
    39060 : F9E3;
    39061 : FA3C;
    39062 : FABD;
    39063 : FB73;
    39064 : FC37;
    39065 : FCCE;
    39066 : FD36;
    39067 : FDDA;
    39068 : FEFE;
    39069 : 0018;
    39070 : 00C2;
    39071 : 0166;
    39072 : 022A;
    39073 : 02B5;
    39074 : 031F;
    39075 : 0395;
    39076 : 03BF;
    39077 : 03A2;
    39078 : 03CD;
    39079 : 045B;
    39080 : 04FA;
    39081 : 0565;
    39082 : 054A;
    39083 : 04F1;
    39084 : 0576;
    39085 : 06D8;
    39086 : 0786;
    39087 : 0712;
    39088 : 06F8;
    39089 : 07C7;
    39090 : 0862;
    39091 : 086A;
    39092 : 08A8;
    39093 : 092C;
    39094 : 097B;
    39095 : 09CB;
    39096 : 0A62;
    39097 : 0ABE;
    39098 : 0A7F;
    39099 : 09EC;
    39100 : 0958;
    39101 : 0903;
    39102 : 091C;
    39103 : 0924;
    39104 : 088E;
    39105 : 07EF;
    39106 : 081C;
    39107 : 08A9;
    39108 : 08A1;
    39109 : 07FB;
    39110 : 0766;
    39111 : 0741;
    39112 : 073A;
    39113 : 06C6;
    39114 : 05F7;
    39115 : 0575;
    39116 : 057B;
    39117 : 05A2;
    39118 : 05B2;
    39119 : 05BB;
    39120 : 05B5;
    39121 : 059F;
    39122 : 0588;
    39123 : 054E;
    39124 : 04FD;
    39125 : 050C;
    39126 : 05AA;
    39127 : 0678;
    39128 : 0721;
    39129 : 077F;
    39130 : 0789;
    39131 : 07A5;
    39132 : 082C;
    39133 : 0894;
    39134 : 0826;
    39135 : 0749;
    39136 : 06DD;
    39137 : 06E9;
    39138 : 06E8;
    39139 : 06B8;
    39140 : 0682;
    39141 : 0643;
    39142 : 05F9;
    39143 : 05D5;
    39144 : 05B5;
    39145 : 04FC;
    39146 : 0397;
    39147 : 026B;
    39148 : 01EE;
    39149 : 0173;
    39150 : 00A1;
    39151 : 0005;
    39152 : FFAB;
    39153 : FEE5;
    39154 : FDBD;
    39155 : FCE7;
    39156 : FC6B;
    39157 : FBBC;
    39158 : FAD4;
    39159 : FA3E;
    39160 : FA2C;
    39161 : FA40;
    39162 : FA26;
    39163 : F9F8;
    39164 : F9E2;
    39165 : F9DB;
    39166 : F9C9;
    39167 : F993;
    39168 : F93B;
    39169 : F8F9;
    39170 : F8D5;
    39171 : F879;
    39172 : F804;
    39173 : F827;
    39174 : F8D3;
    39175 : F8FA;
    39176 : F869;
    39177 : F85C;
    39178 : F963;
    39179 : FA6A;
    39180 : FAB0;
    39181 : FABE;
    39182 : FB06;
    39183 : FB74;
    39184 : FC53;
    39185 : FD95;
    39186 : FE45;
    39187 : FE4F;
    39188 : FEF3;
    39189 : 0076;
    39190 : 01C1;
    39191 : 0280;
    39192 : 0354;
    39193 : 047B;
    39194 : 05C1;
    39195 : 06DB;
    39196 : 0766;
    39197 : 0778;
    39198 : 07CF;
    39199 : 08DF;
    39200 : 0A31;
    39201 : 0B04;
    39202 : 0B53;
    39203 : 0BBA;
    39204 : 0C4C;
    39205 : 0C86;
    39206 : 0C9C;
    39207 : 0D15;
    39208 : 0D9B;
    39209 : 0DD6;
    39210 : 0E30;
    39211 : 0E98;
    39212 : 0E7D;
    39213 : 0E24;
    39214 : 0E1B;
    39215 : 0E28;
    39216 : 0DDA;
    39217 : 0D29;
    39218 : 0C62;
    39219 : 0BE9;
    39220 : 0BAB;
    39221 : 0B39;
    39222 : 0AAF;
    39223 : 0A45;
    39224 : 09BB;
    39225 : 0951;
    39226 : 0986;
    39227 : 09B5;
    39228 : 0932;
    39229 : 088A;
    39230 : 080B;
    39231 : 072C;
    39232 : 05DE;
    39233 : 048A;
    39234 : 0364;
    39235 : 02A6;
    39236 : 025B;
    39237 : 023D;
    39238 : 0237;
    39239 : 0239;
    39240 : 0212;
    39241 : 0202;
    39242 : 020E;
    39243 : 0186;
    39244 : 0081;
    39245 : 0005;
    39246 : 002D;
    39247 : 004C;
    39248 : 0028;
    39249 : FFAB;
    39250 : FED3;
    39251 : FE23;
    39252 : FDCC;
    39253 : FD58;
    39254 : FC97;
    39255 : FBC6;
    39256 : FB37;
    39257 : FB35;
    39258 : FB79;
    39259 : FB5C;
    39260 : FB0E;
    39261 : FB2D;
    39262 : FB72;
    39263 : FB22;
    39264 : FA34;
    39265 : F941;
    39266 : F8CF;
    39267 : F88F;
    39268 : F7E1;
    39269 : F74A;
    39270 : F7B9;
    39271 : F885;
    39272 : F88D;
    39273 : F850;
    39274 : F8B1;
    39275 : F954;
    39276 : F9B2;
    39277 : F9DE;
    39278 : F9C7;
    39279 : F977;
    39280 : F9A3;
    39281 : FA88;
    39282 : FB23;
    39283 : FAD8;
    39284 : FA94;
    39285 : FAED;
    39286 : FB0E;
    39287 : FACE;
    39288 : FB3A;
    39289 : FC0A;
    39290 : FBD9;
    39291 : FB1E;
    39292 : FB5B;
    39293 : FC59;
    39294 : FD08;
    39295 : FD56;
    39296 : FDAB;
    39297 : FE4B;
    39298 : FF6A;
    39299 : 00B7;
    39300 : 01AE;
    39301 : 0249;
    39302 : 02CB;
    39303 : 037B;
    39304 : 048A;
    39305 : 059B;
    39306 : 061A;
    39307 : 0647;
    39308 : 06BE;
    39309 : 0784;
    39310 : 0838;
    39311 : 088C;
    39312 : 089C;
    39313 : 08DA;
    39314 : 0931;
    39315 : 0929;
    39316 : 091A;
    39317 : 0977;
    39318 : 098B;
    39319 : 08EA;
    39320 : 0872;
    39321 : 0893;
    39322 : 08A0;
    39323 : 0841;
    39324 : 07E0;
    39325 : 07D1;
    39326 : 07D3;
    39327 : 0745;
    39328 : 063E;
    39329 : 05BA;
    39330 : 05E0;
    39331 : 05B1;
    39332 : 051E;
    39333 : 0501;
    39334 : 051E;
    39335 : 04C5;
    39336 : 045C;
    39337 : 0455;
    39338 : 0427;
    39339 : 0373;
    39340 : 02C2;
    39341 : 028D;
    39342 : 028D;
    39343 : 024D;
    39344 : 01E8;
    39345 : 01B2;
    39346 : 0172;
    39347 : 00EB;
    39348 : 009D;
    39349 : 00BF;
    39350 : 00AC;
    39351 : 003C;
    39352 : 0018;
    39353 : 0042;
    39354 : 0049;
    39355 : 0073;
    39356 : 00D4;
    39357 : 00B6;
    39358 : 0011;
    39359 : FFAF;
    39360 : FF84;
    39361 : FEEC;
    39362 : FE24;
    39363 : FDB3;
    39364 : FD6D;
    39365 : FD21;
    39366 : FCF5;
    39367 : FCD9;
    39368 : FC9D;
    39369 : FC5F;
    39370 : FC59;
    39371 : FC94;
    39372 : FCC2;
    39373 : FC66;
    39374 : FB73;
    39375 : FA81;
    39376 : FA03;
    39377 : F9C3;
    39378 : F96D;
    39379 : F922;
    39380 : F939;
    39381 : F983;
    39382 : F979;
    39383 : F93F;
    39384 : F95E;
    39385 : F980;
    39386 : F908;
    39387 : F878;
    39388 : F88F;
    39389 : F8E2;
    39390 : F8D1;
    39391 : F89F;
    39392 : F8AE;
    39393 : F8D9;
    39394 : F8D3;
    39395 : F884;
    39396 : F81E;
    39397 : F7E2;
    39398 : F7D5;
    39399 : F7CE;
    39400 : F7BC;
    39401 : F7C1;
    39402 : F821;
    39403 : F8D5;
    39404 : F974;
    39405 : F9D0;
    39406 : FA1C;
    39407 : FA75;
    39408 : FB16;
    39409 : FC34;
    39410 : FD5F;
    39411 : FE1F;
    39412 : FEEE;
    39413 : 0044;
    39414 : 01C5;
    39415 : 030C;
    39416 : 0426;
    39417 : 0553;
    39418 : 06D0;
    39419 : 0841;
    39420 : 0912;
    39421 : 09AE;
    39422 : 0A90;
    39423 : 0B17;
    39424 : 0B20;
    39425 : 0B8F;
    39426 : 0C44;
    39427 : 0C68;
    39428 : 0C52;
    39429 : 0C7C;
    39430 : 0C6E;
    39431 : 0C18;
    39432 : 0BE7;
    39433 : 0BB8;
    39434 : 0B61;
    39435 : 0B0F;
    39436 : 0A92;
    39437 : 09E6;
    39438 : 099D;
    39439 : 09C6;
    39440 : 099F;
    39441 : 08C8;
    39442 : 07CB;
    39443 : 075A;
    39444 : 0740;
    39445 : 06B1;
    39446 : 05B6;
    39447 : 0518;
    39448 : 04B7;
    39449 : 03CE;
    39450 : 0273;
    39451 : 0147;
    39452 : 0075;
    39453 : FFE6;
    39454 : FF97;
    39455 : FF66;
    39456 : FF0A;
    39457 : FE51;
    39458 : FD76;
    39459 : FCDC;
    39460 : FC59;
    39461 : FB6B;
    39462 : FA19;
    39463 : F8CD;
    39464 : F7DD;
    39465 : F77E;
    39466 : F77B;
    39467 : F744;
    39468 : F6AF;
    39469 : F5F0;
    39470 : F536;
    39471 : F4BD;
    39472 : F46B;
    39473 : F3D1;
    39474 : F349;
    39475 : F375;
    39476 : F3D3;
    39477 : F3CE;
    39478 : F3CE;
    39479 : F3E1;
    39480 : F3AD;
    39481 : F385;
    39482 : F385;
    39483 : F336;
    39484 : F2E3;
    39485 : F327;
    39486 : F3E3;
    39487 : F4E3;
    39488 : F5EF;
    39489 : F685;
    39490 : F6EC;
    39491 : F7B4;
    39492 : F83B;
    39493 : F823;
    39494 : F877;
    39495 : F97E;
    39496 : FA22;
    39497 : FA0E;
    39498 : F9EA;
    39499 : FA1F;
    39500 : FAA4;
    39501 : FB15;
    39502 : FB08;
    39503 : FAB8;
    39504 : FA95;
    39505 : FAAF;
    39506 : FB22;
    39507 : FBC4;
    39508 : FBCC;
    39509 : FB1F;
    39510 : FAB6;
    39511 : FB06;
    39512 : FB73;
    39513 : FB6A;
    39514 : FB10;
    39515 : FAF7;
    39516 : FB62;
    39517 : FBF1;
    39518 : FC4A;
    39519 : FC81;
    39520 : FCBC;
    39521 : FD38;
    39522 : FE2A;
    39523 : FF2F;
    39524 : FFD7;
    39525 : 007A;
    39526 : 016F;
    39527 : 0276;
    39528 : 0361;
    39529 : 0411;
    39530 : 0442;
    39531 : 0451;
    39532 : 04E0;
    39533 : 05B5;
    39534 : 064B;
    39535 : 06C2;
    39536 : 0733;
    39537 : 0763;
    39538 : 0774;
    39539 : 0799;
    39540 : 0776;
    39541 : 06E3;
    39542 : 0669;
    39543 : 064C;
    39544 : 05FB;
    39545 : 0545;
    39546 : 04E6;
    39547 : 0518;
    39548 : 050D;
    39549 : 048A;
    39550 : 0430;
    39551 : 03E8;
    39552 : 032E;
    39553 : 0296;
    39554 : 02CB;
    39555 : 030A;
    39556 : 029E;
    39557 : 024F;
    39558 : 029A;
    39559 : 026D;
    39560 : 0120;
    39561 : FFBC;
    39562 : FF0C;
    39563 : FE89;
    39564 : FDE8;
    39565 : FD94;
    39566 : FD87;
    39567 : FD73;
    39568 : FD69;
    39569 : FD30;
    39570 : FC67;
    39571 : FB7E;
    39572 : FB03;
    39573 : FAC6;
    39574 : FA9B;
    39575 : FA69;
    39576 : F9AF;
    39577 : F879;
    39578 : F796;
    39579 : F707;
    39580 : F624;
    39581 : F522;
    39582 : F497;
    39583 : F45F;
    39584 : F43E;
    39585 : F460;
    39586 : F4AF;
    39587 : F4B3;
    39588 : F457;
    39589 : F41F;
    39590 : F453;
    39591 : F463;
    39592 : F3CE;
    39593 : F328;
    39594 : F329;
    39595 : F380;
    39596 : F39E;
    39597 : F3B0;
    39598 : F418;
    39599 : F4CF;
    39600 : F595;
    39601 : F62F;
    39602 : F691;
    39603 : F6E2;
    39604 : F741;
    39605 : F7B1;
    39606 : F83F;
    39607 : F8DB;
    39608 : F94B;
    39609 : F98F;
    39610 : F9DC;
    39611 : FA18;
    39612 : F9F6;
    39613 : F99F;
    39614 : F990;
    39615 : F9CA;
    39616 : F9F4;
    39617 : F9FA;
    39618 : F9DA;
    39619 : F979;
    39620 : F947;
    39621 : F9B1;
    39622 : FA05;
    39623 : F9AD;
    39624 : F97D;
    39625 : F9FA;
    39626 : FA52;
    39627 : FA60;
    39628 : FAED;
    39629 : FBBD;
    39630 : FC15;
    39631 : FC74;
    39632 : FD84;
    39633 : FEAD;
    39634 : FF3F;
    39635 : FF86;
    39636 : 0018;
    39637 : 010F;
    39638 : 0240;
    39639 : 0370;
    39640 : 045F;
    39641 : 051A;
    39642 : 05FF;
    39643 : 0709;
    39644 : 07B4;
    39645 : 080E;
    39646 : 08D3;
    39647 : 09EE;
    39648 : 0A7A;
    39649 : 0A83;
    39650 : 0AE9;
    39651 : 0BA1;
    39652 : 0BE7;
    39653 : 0BA8;
    39654 : 0B3E;
    39655 : 0AA0;
    39656 : 09FC;
    39657 : 09FF;
    39658 : 0A7E;
    39659 : 0A57;
    39660 : 0955;
    39661 : 0883;
    39662 : 0832;
    39663 : 07BF;
    39664 : 0714;
    39665 : 06BE;
    39666 : 06D0;
    39667 : 06EB;
    39668 : 06B9;
    39669 : 0611;
    39670 : 0507;
    39671 : 03BD;
    39672 : 0276;
    39673 : 01BF;
    39674 : 019D;
    39675 : 012F;
    39676 : 003B;
    39677 : FF87;
    39678 : FF1D;
    39679 : FE5E;
    39680 : FD66;
    39681 : FC5F;
    39682 : FB19;
    39683 : FA37;
    39684 : FA53;
    39685 : FA6A;
    39686 : F977;
    39687 : F818;
    39688 : F712;
    39689 : F62D;
    39690 : F51D;
    39691 : F3F0;
    39692 : F2BE;
    39693 : F1C3;
    39694 : F151;
    39695 : F161;
    39696 : F17D;
    39697 : F132;
    39698 : F0B8;
    39699 : F0B9;
    39700 : F11A;
    39701 : F120;
    39702 : F0D7;
    39703 : F0F3;
    39704 : F171;
    39705 : F1EC;
    39706 : F280;
    39707 : F326;
    39708 : F371;
    39709 : F39A;
    39710 : F450;
    39711 : F554;
    39712 : F5E7;
    39713 : F651;
    39714 : F73C;
    39715 : F848;
    39716 : F8DC;
    39717 : F949;
    39718 : F9FF;
    39719 : FACC;
    39720 : FB6A;
    39721 : FBF5;
    39722 : FCA0;
    39723 : FD64;
    39724 : FE05;
    39725 : FE72;
    39726 : FED2;
    39727 : FEFC;
    39728 : FEC2;
    39729 : FE9A;
    39730 : FED3;
    39731 : FEF5;
    39732 : FEDE;
    39733 : FEE1;
    39734 : FED9;
    39735 : FEC8;
    39736 : FF43;
    39737 : FFFC;
    39738 : 0000;
    39739 : FF8E;
    39740 : FF98;
    39741 : 0021;
    39742 : 0082;
    39743 : 0088;
    39744 : 00A6;
    39745 : 0138;
    39746 : 01BA;
    39747 : 0196;
    39748 : 0158;
    39749 : 019A;
    39750 : 01F8;
    39751 : 0241;
    39752 : 02C6;
    39753 : 033C;
    39754 : 0363;
    39755 : 03C9;
    39756 : 0476;
    39757 : 04B1;
    39758 : 0477;
    39759 : 0474;
    39760 : 04DC;
    39761 : 053E;
    39762 : 0537;
    39763 : 0512;
    39764 : 053F;
    39765 : 0564;
    39766 : 053A;
    39767 : 0562;
    39768 : 05CE;
    39769 : 058A;
    39770 : 04BB;
    39771 : 0442;
    39772 : 0405;
    39773 : 03BA;
    39774 : 03A2;
    39775 : 03A3;
    39776 : 0383;
    39777 : 0364;
    39778 : 030C;
    39779 : 0249;
    39780 : 01AD;
    39781 : 0177;
    39782 : 0149;
    39783 : 011E;
    39784 : 010F;
    39785 : 00EC;
    39786 : 00DB;
    39787 : 00F3;
    39788 : 00BA;
    39789 : FFFC;
    39790 : FF20;
    39791 : FE82;
    39792 : FE4A;
    39793 : FE4D;
    39794 : FE08;
    39795 : FD4A;
    39796 : FC40;
    39797 : FB02;
    39798 : F9E4;
    39799 : F934;
    39800 : F885;
    39801 : F793;
    39802 : F6FE;
    39803 : F70F;
    39804 : F709;
    39805 : F653;
    39806 : F51D;
    39807 : F3F9;
    39808 : F34D;
    39809 : F2EC;
    39810 : F270;
    39811 : F1E5;
    39812 : F19F;
    39813 : F1C3;
    39814 : F23D;
    39815 : F2B8;
    39816 : F2E5;
    39817 : F2E9;
    39818 : F330;
    39819 : F3FA;
    39820 : F4F9;
    39821 : F568;
    39822 : F544;
    39823 : F591;
    39824 : F66C;
    39825 : F6D2;
    39826 : F6DE;
    39827 : F774;
    39828 : F83F;
    39829 : F8B0;
    39830 : F91B;
    39831 : F979;
    39832 : F984;
    39833 : F9CC;
    39834 : FAAB;
    39835 : FB94;
    39836 : FC2C;
    39837 : FC82;
    39838 : FCAD;
    39839 : FCE7;
    39840 : FD38;
    39841 : FD79;
    39842 : FDEB;
    39843 : FE9B;
    39844 : FF0D;
    39845 : FF64;
    39846 : 000E;
    39847 : 00AE;
    39848 : 0108;
    39849 : 0178;
    39850 : 01EF;
    39851 : 0243;
    39852 : 02D1;
    39853 : 0382;
    39854 : 03FC;
    39855 : 0497;
    39856 : 057B;
    39857 : 061F;
    39858 : 0668;
    39859 : 0698;
    39860 : 0699;
    39861 : 067E;
    39862 : 068E;
    39863 : 06B1;
    39864 : 06C6;
    39865 : 06F5;
    39866 : 074B;
    39867 : 07A5;
    39868 : 07D5;
    39869 : 07D7;
    39870 : 07F5;
    39871 : 083F;
    39872 : 085B;
    39873 : 0854;
    39874 : 0881;
    39875 : 08B3;
    39876 : 08C1;
    39877 : 08E0;
    39878 : 08D0;
    39879 : 084E;
    39880 : 07E6;
    39881 : 0800;
    39882 : 0849;
    39883 : 088E;
    39884 : 08C4;
    39885 : 08B6;
    39886 : 0858;
    39887 : 0790;
    39888 : 0639;
    39889 : 04DE;
    39890 : 0425;
    39891 : 03A9;
    39892 : 02FA;
    39893 : 0263;
    39894 : 01FE;
    39895 : 0182;
    39896 : 0104;
    39897 : 0097;
    39898 : 0008;
    39899 : FF52;
    39900 : FEA3;
    39901 : FE18;
    39902 : FDC3;
    39903 : FD54;
    39904 : FC66;
    39905 : FB49;
    39906 : FA82;
    39907 : F9D8;
    39908 : F8DA;
    39909 : F7A6;
    39910 : F69B;
    39911 : F5F8;
    39912 : F5C7;
    39913 : F5B0;
    39914 : F55A;
    39915 : F4C9;
    39916 : F424;
    39917 : F395;
    39918 : F34D;
    39919 : F31B;
    39920 : F283;
    39921 : F1B1;
    39922 : F163;
    39923 : F196;
    39924 : F194;
    39925 : F15D;
    39926 : F193;
    39927 : F244;
    39928 : F313;
    39929 : F3FC;
    39930 : F4CA;
    39931 : F523;
    39932 : F59A;
    39933 : F6E6;
    39934 : F85A;
    39935 : F90D;
    39936 : F988;
    39937 : FA93;
    39938 : FBDF;
    39939 : FCD2;
    39940 : FD53;
    39941 : FD95;
    39942 : FE03;
    39943 : FED7;
    39944 : FFB3;
    39945 : 0040;
    39946 : 00B0;
    39947 : 0145;
    39948 : 01F4;
    39949 : 0275;
    39950 : 0299;
    39951 : 02BB;
    39952 : 0350;
    39953 : 0429;
    39954 : 0505;
    39955 : 05F0;
    39956 : 0684;
    39957 : 0671;
    39958 : 068D;
    39959 : 0768;
    39960 : 0823;
    39961 : 0825;
    39962 : 07F3;
    39963 : 07F6;
    39964 : 084D;
    39965 : 091E;
    39966 : 09E7;
    39967 : 09F1;
    39968 : 098E;
    39969 : 0988;
    39970 : 09EB;
    39971 : 0A22;
    39972 : 09A6;
    39973 : 08B6;
    39974 : 084E;
    39975 : 0891;
    39976 : 0882;
    39977 : 07EB;
    39978 : 0775;
    39979 : 0708;
    39980 : 0652;
    39981 : 05EB;
    39982 : 0624;
    39983 : 064D;
    39984 : 0615;
    39985 : 05E4;
    39986 : 05E3;
    39987 : 05DA;
    39988 : 05B2;
    39989 : 0587;
    39990 : 0596;
    39991 : 05F3;
    39992 : 068B;
    39993 : 0749;
    39994 : 07D5;
    39995 : 07B4;
    39996 : 072E;
    39997 : 06EC;
    39998 : 06C5;
    39999 : 0650;
    40000 : 05DE;
    40001 : 05A6;
    40002 : 0565;
    40003 : 054A;
    40004 : 059F;
    40005 : 05C4;
    40006 : 051E;
    40007 : 0435;
    40008 : 03BD;
    40009 : 038C;
    40010 : 0333;
    40011 : 02BC;
    40012 : 0255;
    40013 : 01D2;
    40014 : 00FA;
    40015 : FFFB;
    40016 : FF3F;
    40017 : FED4;
    40018 : FE55;
    40019 : FD7F;
    40020 : FC85;
    40021 : FBB9;
    40022 : FB29;
    40023 : FABE;
    40024 : FA4F;
    40025 : F9A6;
    40026 : F8E5;
    40027 : F87B;
    40028 : F831;
    40029 : F75A;
    40030 : F64F;
    40031 : F600;
    40032 : F621;
    40033 : F5C4;
    40034 : F511;
    40035 : F4B5;
    40036 : F4A8;
    40037 : F490;
    40038 : F45D;
    40039 : F437;
    40040 : F44D;
    40041 : F4A9;
    40042 : F517;
    40043 : F578;
    40044 : F5E9;
    40045 : F69B;
    40046 : F78F;
    40047 : F84F;
    40048 : F87A;
    40049 : F88A;
    40050 : F914;
    40051 : F9D3;
    40052 : FA73;
    40053 : FB1C;
    40054 : FBBE;
    40055 : FC33;
    40056 : FCC1;
    40057 : FD7A;
    40058 : FE1A;
    40059 : FEC0;
    40060 : FF95;
    40061 : 004F;
    40062 : 00FE;
    40063 : 0220;
    40064 : 039F;
    40065 : 04DF;
    40066 : 05AC;
    40067 : 067F;
    40068 : 07BB;
    40069 : 08F7;
    40070 : 09A6;
    40071 : 0A3A;
    40072 : 0B53;
    40073 : 0C73;
    40074 : 0D00;
    40075 : 0D72;
    40076 : 0E44;
    40077 : 0F07;
    40078 : 0F39;
    40079 : 0F1C;
    40080 : 0F61;
    40081 : 100D;
    40082 : 1045;
    40083 : 0FC4;
    40084 : 0F59;
    40085 : 0F45;
    40086 : 0F06;
    40087 : 0EBD;
    40088 : 0EA6;
    40089 : 0E4A;
    40090 : 0DC5;
    40091 : 0DA6;
    40092 : 0D67;
    40093 : 0C7D;
    40094 : 0BC0;
    40095 : 0BB0;
    40096 : 0B8D;
    40097 : 0B00;
    40098 : 0A6E;
    40099 : 09FF;
    40100 : 09CF;
    40101 : 09FC;
    40102 : 0A2B;
    40103 : 0A10;
    40104 : 09F1;
    40105 : 09E8;
    40106 : 099C;
    40107 : 08D8;
    40108 : 07C4;
    40109 : 06CE;
    40110 : 0673;
    40111 : 06B9;
    40112 : 0727;
    40113 : 0759;
    40114 : 0736;
    40115 : 06C4;
    40116 : 0621;
    40117 : 0550;
    40118 : 043F;
    40119 : 032C;
    40120 : 027C;
    40121 : 0205;
    40122 : 015B;
    40123 : 009F;
    40124 : 001D;
    40125 : FFA6;
    40126 : FF0D;
    40127 : FE84;
    40128 : FDE3;
    40129 : FCD5;
    40130 : FBD1;
    40131 : FB61;
    40132 : FB11;
    40133 : FA6A;
    40134 : F9C3;
    40135 : F948;
    40136 : F8C7;
    40137 : F862;
    40138 : F822;
    40139 : F7BC;
    40140 : F74A;
    40141 : F70E;
    40142 : F6F0;
    40143 : F6FE;
    40144 : F753;
    40145 : F775;
    40146 : F73E;
    40147 : F75E;
    40148 : F7F2;
    40149 : F84B;
    40150 : F853;
    40151 : F881;
    40152 : F8F5;
    40153 : F98F;
    40154 : FA20;
    40155 : FA78;
    40156 : FAC7;
    40157 : FB32;
    40158 : FB50;
    40159 : FB23;
    40160 : FB91;
    40161 : FCCE;
    40162 : FDE2;
    40163 : FE4A;
    40164 : FE8C;
    40165 : FF16;
    40166 : FFAB;
    40167 : 0006;
    40168 : 0031;
    40169 : 0068;
    40170 : 00E7;
    40171 : 01C6;
    40172 : 02D6;
    40173 : 03C7;
    40174 : 049A;
    40175 : 0590;
    40176 : 06A3;
    40177 : 0789;
    40178 : 0822;
    40179 : 089F;
    40180 : 0961;
    40181 : 0AAB;
    40182 : 0C2E;
    40183 : 0D47;
    40184 : 0DC6;
    40185 : 0E02;
    40186 : 0E47;
    40187 : 0EA9;
    40188 : 0F09;
    40189 : 0F21;
    40190 : 0EF0;
    40191 : 0EB0;
    40192 : 0E61;
    40193 : 0E01;
    40194 : 0DAF;
    40195 : 0D3C;
    40196 : 0C8F;
    40197 : 0C1C;
    40198 : 0BEA;
    40199 : 0B59;
    40200 : 0A81;
    40201 : 0A09;
    40202 : 09B7;
    40203 : 08FE;
    40204 : 0826;
    40205 : 0796;
    40206 : 0715;
    40207 : 0647;
    40208 : 0535;
    40209 : 0476;
    40210 : 04B7;
    40211 : 0578;
    40212 : 057D;
    40213 : 04D2;
    40214 : 047C;
    40215 : 0462;
    40216 : 03CB;
    40217 : 031A;
    40218 : 030D;
    40219 : 0376;
    40220 : 03D8;
    40221 : 0413;
    40222 : 0432;
    40223 : 045A;
    40224 : 0490;
    40225 : 0491;
    40226 : 0454;
    40227 : 0422;
    40228 : 03E3;
    40229 : 0367;
    40230 : 0306;
    40231 : 02E8;
    40232 : 028F;
    40233 : 01C6;
    40234 : 00DC;
    40235 : 0008;
    40236 : FF99;
    40237 : FFBA;
    40238 : FF88;
    40239 : FE2B;
    40240 : FCAC;
    40241 : FC66;
    40242 : FCBA;
    40243 : FC7D;
    40244 : FBE4;
    40245 : FB77;
    40246 : FB10;
    40247 : FAA2;
    40248 : FA40;
    40249 : F9A9;
    40250 : F8EC;
    40251 : F893;
    40252 : F8AA;
    40253 : F8AE;
    40254 : F862;
    40255 : F804;
    40256 : F7DC;
    40257 : F7F8;
    40258 : F829;
    40259 : F855;
    40260 : F8A0;
    40261 : F90F;
    40262 : F966;
    40263 : F97C;
    40264 : F952;
    40265 : F908;
    40266 : F8DE;
    40267 : F8E5;
    40268 : F8DD;
    40269 : F8CF;
    40270 : F914;
    40271 : F97C;
    40272 : F990;
    40273 : F99B;
    40274 : FA33;
    40275 : FB09;
    40276 : FB6F;
    40277 : FB90;
    40278 : FBFB;
    40279 : FCB9;
    40280 : FDA7;
    40281 : FED9;
    40282 : 0036;
    40283 : 016B;
    40284 : 0266;
    40285 : 0343;
    40286 : 041A;
    40287 : 050F;
    40288 : 0613;
    40289 : 06F3;
    40290 : 07E9;
    40291 : 093A;
    40292 : 0A85;
    40293 : 0B9E;
    40294 : 0CEE;
    40295 : 0E47;
    40296 : 0EFE;
    40297 : 0F52;
    40298 : 0FE0;
    40299 : 108D;
    40300 : 111E;
    40301 : 1189;
    40302 : 1191;
    40303 : 115E;
    40304 : 1150;
    40305 : 1106;
    40306 : 1061;
    40307 : 1056;
    40308 : 10E4;
    40309 : 10B6;
    40310 : 0FC9;
    40311 : 0F35;
    40312 : 0EDB;
    40313 : 0E25;
    40314 : 0D62;
    40315 : 0C98;
    40316 : 0B86;
    40317 : 0AC1;
    40318 : 0A8F;
    40319 : 0A1B;
    40320 : 092A;
    40321 : 0870;
    40322 : 07F6;
    40323 : 0741;
    40324 : 0638;
    40325 : 04E8;
    40326 : 038A;
    40327 : 02B8;
    40328 : 0285;
    40329 : 026F;
    40330 : 0262;
    40331 : 0280;
    40332 : 026A;
    40333 : 01DC;
    40334 : 011A;
    40335 : 0083;
    40336 : 0058;
    40337 : 0073;
    40338 : 0042;
    40339 : FFB7;
    40340 : FF51;
    40341 : FEE9;
    40342 : FE2B;
    40343 : FD90;
    40344 : FD2D;
    40345 : FC41;
    40346 : FAFD;
    40347 : FA41;
    40348 : F9B8;
    40349 : F8F7;
    40350 : F8A5;
    40351 : F8A4;
    40352 : F801;
    40353 : F738;
    40354 : F73A;
    40355 : F751;
    40356 : F6AE;
    40357 : F5E5;
    40358 : F574;
    40359 : F547;
    40360 : F56C;
    40361 : F5A2;
    40362 : F5B6;
    40363 : F646;
    40364 : F757;
    40365 : F7D2;
    40366 : F7AC;
    40367 : F7F2;
    40368 : F87A;
    40369 : F88A;
    40370 : F899;
    40371 : F92B;
    40372 : F9BD;
    40373 : F9FE;
    40374 : FA3E;
    40375 : FAA3;
    40376 : FB18;
    40377 : FB78;
    40378 : FB8A;
    40379 : FB74;
    40380 : FBA2;
    40381 : FBF6;
    40382 : FBF7;
    40383 : FBAA;
    40384 : FB60;
    40385 : FB3A;
    40386 : FB51;
    40387 : FBB9;
    40388 : FC51;
    40389 : FD05;
    40390 : FDFD;
    40391 : FF51;
    40392 : 00B9;
    40393 : 01BF;
    40394 : 0251;
    40395 : 02F8;
    40396 : 0407;
    40397 : 04FD;
    40398 : 057A;
    40399 : 060A;
    40400 : 071C;
    40401 : 083E;
    40402 : 0910;
    40403 : 09AF;
    40404 : 0A04;
    40405 : 0A16;
    40406 : 0A79;
    40407 : 0B45;
    40408 : 0BCD;
    40409 : 0BFA;
    40410 : 0C42;
    40411 : 0C84;
    40412 : 0C86;
    40413 : 0C8E;
    40414 : 0C94;
    40415 : 0C48;
    40416 : 0BF9;
    40417 : 0BE8;
    40418 : 0BB9;
    40419 : 0B69;
    40420 : 0B35;
    40421 : 0ACB;
    40422 : 0A19;
    40423 : 09B9;
    40424 : 097F;
    40425 : 089C;
    40426 : 0769;
    40427 : 06EF;
    40428 : 0708;
    40429 : 06C4;
    40430 : 05F9;
    40431 : 0519;
    40432 : 042B;
    40433 : 02FF;
    40434 : 01FA;
    40435 : 018A;
    40436 : 0125;
    40437 : 0025;
    40438 : FF2B;
    40439 : FEFA;
    40440 : FEDF;
    40441 : FE25;
    40442 : FD9D;
    40443 : FDD1;
    40444 : FDC3;
    40445 : FCFA;
    40446 : FC87;
    40447 : FCF7;
    40448 : FD63;
    40449 : FD2B;
    40450 : FCBD;
    40451 : FC83;
    40452 : FC51;
    40453 : FBED;
    40454 : FB5C;
    40455 : FAB4;
    40456 : FA11;
    40457 : F99F;
    40458 : F978;
    40459 : F978;
    40460 : F948;
    40461 : F8D8;
    40462 : F876;
    40463 : F833;
    40464 : F7B7;
    40465 : F6F6;
    40466 : F63F;
    40467 : F5AA;
    40468 : F548;
    40469 : F561;
    40470 : F5C6;
    40471 : F5EB;
    40472 : F5E4;
    40473 : F625;
    40474 : F697;
    40475 : F6DD;
    40476 : F6F6;
    40477 : F71F;
    40478 : F794;
    40479 : F845;
    40480 : F8BC;
    40481 : F8CF;
    40482 : F8E8;
    40483 : F91E;
    40484 : F91F;
    40485 : F906;
    40486 : F920;
    40487 : F94B;
    40488 : F95D;
    40489 : F983;
    40490 : F9D4;
    40491 : FA1A;
    40492 : FA18;
    40493 : F9CE;
    40494 : F990;
    40495 : F992;
    40496 : F997;
    40497 : F983;
    40498 : F9B8;
    40499 : FA6C;
    40500 : FB5D;
    40501 : FC36;
    40502 : FCC7;
    40503 : FD39;
    40504 : FE09;
    40505 : FF6A;
    40506 : 00E5;
    40507 : 01F5;
    40508 : 0292;
    40509 : 0334;
    40510 : 0468;
    40511 : 0603;
    40512 : 0733;
    40513 : 07D4;
    40514 : 088C;
    40515 : 096E;
    40516 : 0A0A;
    40517 : 0A8A;
    40518 : 0B2C;
    40519 : 0B85;
    40520 : 0B83;
    40521 : 0BCD;
    40522 : 0C6F;
    40523 : 0CAA;
    40524 : 0C60;
    40525 : 0C5D;
    40526 : 0D03;
    40527 : 0DC6;
    40528 : 0DFE;
    40529 : 0D98;
    40530 : 0CEB;
    40531 : 0C57;
    40532 : 0C09;
    40533 : 0BE0;
    40534 : 0B84;
    40535 : 0ACD;
    40536 : 0A15;
    40537 : 09D4;
    40538 : 09E6;
    40539 : 0995;
    40540 : 0890;
    40541 : 074E;
    40542 : 064A;
    40543 : 0558;
    40544 : 0423;
    40545 : 02EC;
    40546 : 023C;
    40547 : 01F7;
    40548 : 0178;
    40549 : 00A3;
    40550 : 0000;
    40551 : FF9C;
    40552 : FEDD;
    40553 : FD98;
    40554 : FC42;
    40555 : FB42;
    40556 : FAB0;
    40557 : FA42;
    40558 : F983;
    40559 : F8A5;
    40560 : F839;
    40561 : F7E1;
    40562 : F6E9;
    40563 : F5EB;
    40564 : F5C4;
    40565 : F5C3;
    40566 : F501;
    40567 : F426;
    40568 : F422;
    40569 : F4A4;
    40570 : F4EE;
    40571 : F4E6;
    40572 : F4DC;
    40573 : F4E8;
    40574 : F4C1;
    40575 : F431;
    40576 : F39F;
    40577 : F38F;
    40578 : F3C9;
    40579 : F3E0;
    40580 : F405;
    40581 : F493;
    40582 : F54C;
    40583 : F5AB;
    40584 : F5A2;
    40585 : F5C0;
    40586 : F66F;
    40587 : F735;
    40588 : F769;
    40589 : F77B;
    40590 : F844;
    40591 : F96C;
    40592 : FA0F;
    40593 : FA44;
    40594 : FA98;
    40595 : FADA;
    40596 : FAB2;
    40597 : FA7B;
    40598 : FAC1;
    40599 : FB6B;
    40600 : FBC5;
    40601 : FB7B;
    40602 : FB22;
    40603 : FB55;
    40604 : FBBB;
    40605 : FBDF;
    40606 : FC0F;
    40607 : FC8B;
    40608 : FD0E;
    40609 : FD81;
    40610 : FDF0;
    40611 : FE18;
    40612 : FE07;
    40613 : FE3A;
    40614 : FEA5;
    40615 : FED8;
    40616 : FEF6;
    40617 : FF58;
    40618 : FFF1;
    40619 : 00B7;
    40620 : 01B5;
    40621 : 0297;
    40622 : 030D;
    40623 : 0352;
    40624 : 03CD;
    40625 : 0492;
    40626 : 055D;
    40627 : 05C8;
    40628 : 05D2;
    40629 : 0602;
    40630 : 0686;
    40631 : 06CB;
    40632 : 068A;
    40633 : 064D;
    40634 : 066D;
    40635 : 0697;
    40636 : 069B;
    40637 : 06A1;
    40638 : 06A1;
    40639 : 0683;
    40640 : 0665;
    40641 : 064D;
    40642 : 0614;
    40643 : 05CB;
    40644 : 05A9;
    40645 : 05B4;
    40646 : 05C2;
    40647 : 05B3;
    40648 : 0595;
    40649 : 0588;
    40650 : 0558;
    40651 : 04A1;
    40652 : 039B;
    40653 : 02E9;
    40654 : 0272;
    40655 : 01BD;
    40656 : 012C;
    40657 : 0154;
    40658 : 019A;
    40659 : 011B;
    40660 : 004B;
    40661 : 0019;
    40662 : 0044;
    40663 : FFE7;
    40664 : FF19;
    40665 : FE90;
    40666 : FE20;
    40667 : FD2D;
    40668 : FBF8;
    40669 : FB0D;
    40670 : FA2C;
    40671 : F912;
    40672 : F824;
    40673 : F771;
    40674 : F6A4;
    40675 : F606;
    40676 : F5F2;
    40677 : F5FC;
    40678 : F5DD;
    40679 : F5EB;
    40680 : F61B;
    40681 : F612;
    40682 : F5F1;
    40683 : F5DC;
    40684 : F594;
    40685 : F547;
    40686 : F56D;
    40687 : F5D5;
    40688 : F601;
    40689 : F611;
    40690 : F659;
    40691 : F6C3;
    40692 : F71D;
    40693 : F763;
    40694 : F793;
    40695 : F7D1;
    40696 : F866;
    40697 : F927;
    40698 : F986;
    40699 : F9A5;
    40700 : FA3E;
    40701 : FB27;
    40702 : FB78;
    40703 : FB37;
    40704 : FB2E;
    40705 : FB66;
    40706 : FB5E;
    40707 : FB51;
    40708 : FBAC;
    40709 : FC05;
    40710 : FBD0;
    40711 : FB73;
    40712 : FB90;
    40713 : FBFD;
    40714 : FC3E;
    40715 : FC72;
    40716 : FCEE;
    40717 : FD97;
    40718 : FE4B;
    40719 : FF24;
    40720 : FFF5;
    40721 : 0074;
    40722 : 00CD;
    40723 : 0156;
    40724 : 0218;
    40725 : 02EA;
    40726 : 0386;
    40727 : 03CD;
    40728 : 0429;
    40729 : 04EB;
    40730 : 0594;
    40731 : 05CD;
    40732 : 0601;
    40733 : 0660;
    40734 : 06B4;
    40735 : 0732;
    40736 : 07EE;
    40737 : 085D;
    40738 : 0882;
    40739 : 08EF;
    40740 : 0961;
    40741 : 093E;
    40742 : 0903;
    40743 : 0961;
    40744 : 09FA;
    40745 : 0A3C;
    40746 : 0A42;
    40747 : 0A3F;
    40748 : 0A2A;
    40749 : 0A2B;
    40750 : 0A5E;
    40751 : 0A76;
    40752 : 0A2A;
    40753 : 09C3;
    40754 : 09BB;
    40755 : 0A18;
    40756 : 0A63;
    40757 : 0A4A;
    40758 : 09F4;
    40759 : 099C;
    40760 : 0912;
    40761 : 082D;
    40762 : 072F;
    40763 : 0651;
    40764 : 0591;
    40765 : 052D;
    40766 : 054D;
    40767 : 054D;
    40768 : 0497;
    40769 : 03B8;
    40770 : 0352;
    40771 : 02F5;
    40772 : 01F9;
    40773 : 009D;
    40774 : FF98;
    40775 : FF25;
    40776 : FEDA;
    40777 : FE3A;
    40778 : FD50;
    40779 : FC51;
    40780 : FB2A;
    40781 : F9EF;
    40782 : F8E7;
    40783 : F7D8;
    40784 : F683;
    40785 : F570;
    40786 : F4FA;
    40787 : F492;
    40788 : F3FB;
    40789 : F3B8;
    40790 : F3C0;
    40791 : F380;
    40792 : F2F5;
    40793 : F2A0;
    40794 : F2BE;
    40795 : F31B;
    40796 : F345;
    40797 : F325;
    40798 : F34C;
    40799 : F413;
    40800 : F506;
    40801 : F5B6;
    40802 : F62F;
    40803 : F69D;
    40804 : F757;
    40805 : F88F;
    40806 : F9A4;
    40807 : FA0C;
    40808 : FA61;
    40809 : FB1A;
    40810 : FBB3;
    40811 : FC24;
    40812 : FCD1;
    40813 : FD38;
    40814 : FD16;
    40815 : FD67;
    40816 : FE59;
    40817 : FEC2;
    40818 : FE81;
    40819 : FE74;
    40820 : FE8E;
    40821 : FE86;
    40822 : FECE;
    40823 : FF5F;
    40824 : FFA6;
    40825 : FFE1;
    40826 : 007D;
    40827 : 0121;
    40828 : 0190;
    40829 : 01F2;
    40830 : 0245;
    40831 : 02AD;
    40832 : 0375;
    40833 : 0448;
    40834 : 04AD;
    40835 : 04D6;
    40836 : 051F;
    40837 : 05B8;
    40838 : 06A4;
    40839 : 074F;
    40840 : 0743;
    40841 : 0725;
    40842 : 077B;
    40843 : 07A1;
    40844 : 0754;
    40845 : 070E;
    40846 : 06C4;
    40847 : 0664;
    40848 : 0677;
    40849 : 06AF;
    40850 : 063B;
    40851 : 05AB;
    40852 : 05C6;
    40853 : 05E9;
    40854 : 05AF;
    40855 : 05A0;
    40856 : 0589;
    40857 : 051C;
    40858 : 0509;
    40859 : 054F;
    40860 : 0505;
    40861 : 0468;
    40862 : 042A;
    40863 : 03EF;
    40864 : 03B5;
    40865 : 0421;
    40866 : 049D;
    40867 : 044A;
    40868 : 03D9;
    40869 : 03EA;
    40870 : 03DF;
    40871 : 0381;
    40872 : 033B;
    40873 : 0300;
    40874 : 02EC;
    40875 : 0345;
    40876 : 035D;
    40877 : 02B4;
    40878 : 023A;
    40879 : 0283;
    40880 : 029E;
    40881 : 01E7;
    40882 : 00EF;
    40883 : 003F;
    40884 : FFBA;
    40885 : FF0C;
    40886 : FE30;
    40887 : FD67;
    40888 : FC93;
    40889 : FB66;
    40890 : FA5C;
    40891 : FA1A;
    40892 : FA0B;
    40893 : F95E;
    40894 : F859;
    40895 : F766;
    40896 : F689;
    40897 : F605;
    40898 : F5CB;
    40899 : F51A;
    40900 : F409;
    40901 : F37C;
    40902 : F35A;
    40903 : F2F5;
    40904 : F26D;
    40905 : F205;
    40906 : F1C7;
    40907 : F20A;
    40908 : F29D;
    40909 : F2B9;
    40910 : F2BF;
    40911 : F375;
    40912 : F3F5;
    40913 : F38B;
    40914 : F3A1;
    40915 : F4EA;
    40916 : F5DE;
    40917 : F5EA;
    40918 : F652;
    40919 : F74E;
    40920 : F7D7;
    40921 : F7E1;
    40922 : F81E;
    40923 : F89C;
    40924 : F918;
    40925 : F996;
    40926 : FA30;
    40927 : FAD8;
    40928 : FB31;
    40929 : FAF2;
    40930 : FA7E;
    40931 : FA52;
    40932 : FA47;
    40933 : FA59;
    40934 : FAF5;
    40935 : FBDD;
    40936 : FC7C;
    40937 : FD1C;
    40938 : FDF9;
    40939 : FE6C;
    40940 : FE75;
    40941 : FEF3;
    40942 : FFB9;
    40943 : 000E;
    40944 : 007B;
    40945 : 0199;
    40946 : 0296;
    40947 : 02E3;
    40948 : 0343;
    40949 : 0426;
    40950 : 04F5;
    40951 : 0556;
    40952 : 058D;
    40953 : 05EA;
    40954 : 067A;
    40955 : 06FA;
    40956 : 0719;
    40957 : 06F0;
    40958 : 06CB;
    40959 : 0692;
    40960 : 0621;
    40961 : 05CB;
    40962 : 05ED;
    40963 : 0638;
    40964 : 060E;
    40965 : 0570;
    40966 : 04EE;
    40967 : 04CA;
    40968 : 04CB;
    40969 : 04B5;
    40970 : 044F;
    40971 : 038D;
    40972 : 02FF;
    40973 : 0324;
    40974 : 0375;
    40975 : 0353;
    40976 : 031A;
    40977 : 0317;
    40978 : 02DD;
    40979 : 0266;
    40980 : 0232;
    40981 : 020C;
    40982 : 0194;
    40983 : 0162;
    40984 : 01EA;
    40985 : 0258;
    40986 : 0204;
    40987 : 0198;
    40988 : 01A6;
    40989 : 01A5;
    40990 : 0133;
    40991 : 00B9;
    40992 : 0052;
    40993 : FFBB;
    40994 : FF2C;
    40995 : FED9;
    40996 : FE3D;
    40997 : FD02;
    40998 : FB9F;
    40999 : FA77;
    41000 : F970;
    41001 : F87C;
    41002 : F78F;
    41003 : F68B;
    41004 : F59A;
    41005 : F50A;
    41006 : F4D8;
    41007 : F4D0;
    41008 : F4A0;
    41009 : F409;
    41010 : F354;
    41011 : F2EF;
    41012 : F285;
    41013 : F1A6;
    41014 : F0E7;
    41015 : F100;
    41016 : F182;
    41017 : F19B;
    41018 : F162;
    41019 : F178;
    41020 : F204;
    41021 : F2A5;
    41022 : F31C;
    41023 : F397;
    41024 : F446;
    41025 : F4FF;
    41026 : F58E;
    41027 : F620;
    41028 : F6FF;
    41029 : F807;
    41030 : F8B2;
    41031 : F8D9;
    41032 : F908;
    41033 : F9C2;
    41034 : FAC2;
    41035 : FB75;
    41036 : FBCF;
    41037 : FC0A;
    41038 : FC1A;
    41039 : FC16;
    41040 : FC66;
    41041 : FCFF;
    41042 : FD7A;
    41043 : FE20;
    41044 : FF52;
    41045 : 0055;
    41046 : 0099;
    41047 : 0107;
    41048 : 020E;
    41049 : 028F;
    41050 : 0255;
    41051 : 02A6;
    41052 : 0390;
    41053 : 0403;
    41054 : 0444;
    41055 : 0511;
    41056 : 05CD;
    41057 : 05FE;
    41058 : 0633;
    41059 : 0688;
    41060 : 069F;
    41061 : 06C9;
    41062 : 0741;
    41063 : 0798;
    41064 : 07B2;
    41065 : 07C7;
    41066 : 07CD;
    41067 : 07BC;
    41068 : 076F;
    41069 : 0692;
    41070 : 05B4;
    41071 : 05BB;
    41072 : 0601;
    41073 : 0565;
    41074 : 0472;
    41075 : 0415;
    41076 : 03FA;
    41077 : 03AB;
    41078 : 0335;
    41079 : 026F;
    41080 : 018D;
    41081 : 0164;
    41082 : 0211;
    41083 : 02BD;
    41084 : 02D4;
    41085 : 026A;
    41086 : 01CD;
    41087 : 014D;
    41088 : 00DE;
    41089 : 0052;
    41090 : FFEE;
    41091 : FFE7;
    41092 : FFFE;
    41093 : 0026;
    41094 : 0095;
    41095 : 011B;
    41096 : 0180;
    41097 : 01EA;
    41098 : 0238;
    41099 : 0226;
    41100 : 020C;
    41101 : 022A;
    41102 : 021B;
    41103 : 01CA;
    41104 : 01B4;
    41105 : 01C7;
    41106 : 016A;
    41107 : 00A0;
    41108 : FFF7;
    41109 : FF84;
    41110 : FED7;
    41111 : FDDB;
    41112 : FD18;
    41113 : FCE1;
    41114 : FCA7;
    41115 : FBDC;
    41116 : FAF9;
    41117 : FAAE;
    41118 : FAAA;
    41119 : FA6E;
    41120 : FA18;
    41121 : F9B0;
    41122 : F910;
    41123 : F899;
    41124 : F86B;
    41125 : F7E8;
    41126 : F72A;
    41127 : F6FC;
    41128 : F72A;
    41129 : F729;
    41130 : F74E;
    41131 : F7B0;
    41132 : F7E5;
    41133 : F844;
    41134 : F904;
    41135 : F968;
    41136 : F975;
    41137 : F9D8;
    41138 : FA1C;
    41139 : F9E5;
    41140 : FA24;
    41141 : FAF4;
    41142 : FB66;
    41143 : FBB6;
    41144 : FC68;
    41145 : FCDB;
    41146 : FCED;
    41147 : FD3D;
    41148 : FD6E;
    41149 : FD24;
    41150 : FD44;
    41151 : FE3E;
    41152 : FF46;
    41153 : FFFC;
    41154 : 00B9;
    41155 : 0198;
    41156 : 0272;
    41157 : 0336;
    41158 : 0406;
    41159 : 0509;
    41160 : 05D3;
    41161 : 05E4;
    41162 : 05DA;
    41163 : 069A;
    41164 : 07BE;
    41165 : 088F;
    41166 : 094A;
    41167 : 0A3C;
    41168 : 0B21;
    41169 : 0BBD;
    41170 : 0C08;
    41171 : 0C21;
    41172 : 0C5F;
    41173 : 0CC8;
    41174 : 0CEB;
    41175 : 0CC9;
    41176 : 0CCB;
    41177 : 0CC4;
    41178 : 0C5A;
    41179 : 0BE9;
    41180 : 0BE2;
    41181 : 0BEB;
    41182 : 0B7E;
    41183 : 0AC3;
    41184 : 0A56;
    41185 : 0A63;
    41186 : 0A5C;
    41187 : 09B5;
    41188 : 08C2;
    41189 : 0838;
    41190 : 0813;
    41191 : 07DE;
    41192 : 0789;
    41193 : 0733;
    41194 : 06B2;
    41195 : 05FB;
    41196 : 0543;
    41197 : 049B;
    41198 : 0410;
    41199 : 03BA;
    41200 : 035B;
    41201 : 02DC;
    41202 : 02A5;
    41203 : 02A6;
    41204 : 0253;
    41205 : 01EA;
    41206 : 01E0;
    41207 : 01A2;
    41208 : 00DF;
    41209 : 0061;
    41210 : 006A;
    41211 : 0056;
    41212 : 0011;
    41213 : FFDA;
    41214 : FF7D;
    41215 : FEEC;
    41216 : FE57;
    41217 : FDA5;
    41218 : FCF6;
    41219 : FCAA;
    41220 : FC84;
    41221 : FC2C;
    41222 : FBEA;
    41223 : FBC4;
    41224 : FB5A;
    41225 : FAE3;
    41226 : FACA;
    41227 : FAA6;
    41228 : F9F9;
    41229 : F918;
    41230 : F882;
    41231 : F81F;
    41232 : F7A9;
    41233 : F743;
    41234 : F754;
    41235 : F7D7;
    41236 : F83E;
    41237 : F847;
    41238 : F858;
    41239 : F89D;
    41240 : F8A3;
    41241 : F85D;
    41242 : F892;
    41243 : F97E;
    41244 : FA33;
    41245 : FA2D;
    41246 : FA1A;
    41247 : FA6C;
    41248 : FAC0;
    41249 : FB0C;
    41250 : FBA2;
    41251 : FC4B;
    41252 : FCDD;
    41253 : FDB4;
    41254 : FE90;
    41255 : FEAA;
    41256 : FE5D;
    41257 : FEBA;
    41258 : FF97;
    41259 : FFFF;
    41260 : 0020;
    41261 : 00DC;
    41262 : 0215;
    41263 : 0302;
    41264 : 039F;
    41265 : 0450;
    41266 : 04E7;
    41267 : 0544;
    41268 : 05F0;
    41269 : 0706;
    41270 : 07CA;
    41271 : 07FB;
    41272 : 0865;
    41273 : 099C;
    41274 : 0B04;
    41275 : 0BA5;
    41276 : 0B97;
    41277 : 0BEC;
    41278 : 0CD8;
    41279 : 0D57;
    41280 : 0D3A;
    41281 : 0D6E;
    41282 : 0DE0;
    41283 : 0DBA;
    41284 : 0D4F;
    41285 : 0D49;
    41286 : 0D23;
    41287 : 0C91;
    41288 : 0C4A;
    41289 : 0C67;
    41290 : 0C2B;
    41291 : 0B96;
    41292 : 0B15;
    41293 : 0A79;
    41294 : 09A6;
    41295 : 090C;
    41296 : 08B0;
    41297 : 081A;
    41298 : 074D;
    41299 : 06C5;
    41300 : 06C5;
    41301 : 070B;
    41302 : 06FB;
    41303 : 0636;
    41304 : 0519;
    41305 : 041B;
    41306 : 0336;
    41307 : 0271;
    41308 : 0219;
    41309 : 0215;
    41310 : 0217;
    41311 : 0222;
    41312 : 0216;
    41313 : 01AE;
    41314 : 013F;
    41315 : 0122;
    41316 : 00E8;
    41317 : 004B;
    41318 : FFC8;
    41319 : FF83;
    41320 : FF34;
    41321 : FF00;
    41322 : FF11;
    41323 : FEF9;
    41324 : FE83;
    41325 : FE0D;
    41326 : FDCC;
    41327 : FD88;
    41328 : FD27;
    41329 : FCE6;
    41330 : FCF7;
    41331 : FD14;
    41332 : FCDA;
    41333 : FC79;
    41334 : FC63;
    41335 : FCB1;
    41336 : FD2B;
    41337 : FD59;
    41338 : FCDE;
    41339 : FC42;
    41340 : FC3C;
    41341 : FC45;
    41342 : FBBA;
    41343 : FB52;
    41344 : FB9D;
    41345 : FBE2;
    41346 : FBB1;
    41347 : FB84;
    41348 : FB9A;
    41349 : FBFC;
    41350 : FCAC;
    41351 : FD19;
    41352 : FCEE;
    41353 : FCE3;
    41354 : FD49;
    41355 : FD76;
    41356 : FD49;
    41357 : FD2C;
    41358 : FCF8;
    41359 : FCAC;
    41360 : FCEC;
    41361 : FDB1;
    41362 : FE4C;
    41363 : FEAA;
    41364 : FEEA;
    41365 : FEBC;
    41366 : FE5C;
    41367 : FE75;
    41368 : FED8;
    41369 : FF22;
    41370 : FFB7;
    41371 : 00BF;
    41372 : 01B8;
    41373 : 0298;
    41374 : 038D;
    41375 : 0426;
    41376 : 045E;
    41377 : 0510;
    41378 : 065E;
    41379 : 075E;
    41380 : 07BE;
    41381 : 0827;
    41382 : 0912;
    41383 : 0A49;
    41384 : 0B4D;
    41385 : 0BF8;
    41386 : 0C9A;
    41387 : 0D52;
    41388 : 0DDA;
    41389 : 0E2C;
    41390 : 0E98;
    41391 : 0F18;
    41392 : 0F51;
    41393 : 0F39;
    41394 : 0F2F;
    41395 : 0F47;
    41396 : 0F1C;
    41397 : 0EA7;
    41398 : 0E89;
    41399 : 0EC9;
    41400 : 0E83;
    41401 : 0D9D;
    41402 : 0D04;
    41403 : 0CDB;
    41404 : 0C63;
    41405 : 0B82;
    41406 : 0A9F;
    41407 : 09DF;
    41408 : 0989;
    41409 : 09D6;
    41410 : 0A17;
    41411 : 098C;
    41412 : 0898;
    41413 : 07ED;
    41414 : 0765;
    41415 : 0692;
    41416 : 05A6;
    41417 : 0512;
    41418 : 04C3;
    41419 : 043D;
    41420 : 0371;
    41421 : 02DC;
    41422 : 029A;
    41423 : 021F;
    41424 : 0131;
    41425 : 0044;
    41426 : FFA0;
    41427 : FF22;
    41428 : FECF;
    41429 : FE99;
    41430 : FDF6;
    41431 : FCDF;
    41432 : FC19;
    41433 : FBBB;
    41434 : FAFA;
    41435 : F9DF;
    41436 : F941;
    41437 : F917;
    41438 : F8B1;
    41439 : F819;
    41440 : F7D5;
    41441 : F7E5;
    41442 : F7E5;
    41443 : F7C2;
    41444 : F7BE;
    41445 : F7EC;
    41446 : F812;
    41447 : F822;
    41448 : F856;
    41449 : F8B5;
    41450 : F8FE;
    41451 : F909;
    41452 : F90F;
    41453 : F986;
    41454 : FA54;
    41455 : FABE;
    41456 : FAC4;
    41457 : FB26;
    41458 : FBBE;
    41459 : FBF9;
    41460 : FC3E;
    41461 : FCA9;
    41462 : FCA8;
    41463 : FCDE;
    41464 : FDFF;
    41465 : FEDA;
    41466 : FED1;
    41467 : FF1A;
    41468 : FFAE;
    41469 : FF7C;
    41470 : FF5B;
    41471 : 002B;
    41472 : 008D;
    41473 : FFC6;
    41474 : FF2D;
    41475 : FF6F;
    41476 : FFCE;
    41477 : 0004;
    41478 : 0071;
    41479 : 0137;
    41480 : 0209;
    41481 : 0290;
    41482 : 02F8;
    41483 : 03BD;
    41484 : 04C1;
    41485 : 0564;
    41486 : 05A4;
    41487 : 0625;
    41488 : 0713;
    41489 : 07C2;
    41490 : 07E2;
    41491 : 0820;
    41492 : 08D4;
    41493 : 0984;
    41494 : 0A39;
    41495 : 0B23;
    41496 : 0B70;
    41497 : 0AE4;
    41498 : 0AD1;
    41499 : 0B98;
    41500 : 0C01;
    41501 : 0BBE;
    41502 : 0B92;
    41503 : 0BA6;
    41504 : 0B9F;
    41505 : 0B55;
    41506 : 0AF0;
    41507 : 0AC7;
    41508 : 0AA4;
    41509 : 09EB;
    41510 : 0907;
    41511 : 08BC;
    41512 : 0892;
    41513 : 07F3;
    41514 : 0735;
    41515 : 067F;
    41516 : 05CF;
    41517 : 0580;
    41518 : 0573;
    41519 : 053E;
    41520 : 051F;
    41521 : 0506;
    41522 : 0460;
    41523 : 035C;
    41524 : 0278;
    41525 : 01A7;
    41526 : 0121;
    41527 : 0122;
    41528 : 0110;
    41529 : 009A;
    41530 : 0057;
    41531 : 005B;
    41532 : 0001;
    41533 : FF33;
    41534 : FE90;
    41535 : FE5A;
    41536 : FE0E;
    41537 : FD5A;
    41538 : FCCF;
    41539 : FCC5;
    41540 : FC99;
    41541 : FC07;
    41542 : FB7A;
    41543 : FAD1;
    41544 : F9D3;
    41545 : F8F8;
    41546 : F87A;
    41547 : F820;
    41548 : F7EA;
    41549 : F7BD;
    41550 : F773;
    41551 : F753;
    41552 : F775;
    41553 : F799;
    41554 : F7CD;
    41555 : F7EC;
    41556 : F79F;
    41557 : F766;
    41558 : F7C3;
    41559 : F81D;
    41560 : F80A;
    41561 : F802;
    41562 : F851;
    41563 : F8EF;
    41564 : F9B5;
    41565 : FA4E;
    41566 : FAD2;
    41567 : FB89;
    41568 : FC12;
    41569 : FC6C;
    41570 : FD2F;
    41571 : FDDB;
    41572 : FDAC;
    41573 : FD7A;
    41574 : FDF8;
    41575 : FE51;
    41576 : FE1D;
    41577 : FDF1;
    41578 : FDF3;
    41579 : FE12;
    41580 : FE60;
    41581 : FE7F;
    41582 : FE3F;
    41583 : FE0A;
    41584 : FDF2;
    41585 : FDB6;
    41586 : FD8E;
    41587 : FDC3;
    41588 : FE17;
    41589 : FE68;
    41590 : FF00;
    41591 : FFD5;
    41592 : 0058;
    41593 : 007C;
    41594 : 00DA;
    41595 : 0190;
    41596 : 0252;
    41597 : 0344;
    41598 : 042D;
    41599 : 046F;
    41600 : 04D2;
    41601 : 064D;
    41602 : 07B8;
    41603 : 0827;
    41604 : 08C1;
    41605 : 09CD;
    41606 : 0A47;
    41607 : 0AB0;
    41608 : 0BA7;
    41609 : 0C05;
    41610 : 0BA1;
    41611 : 0BD0;
    41612 : 0C4B;
    41613 : 0BED;
    41614 : 0B4F;
    41615 : 0B5D;
    41616 : 0BBA;
    41617 : 0BE1;
    41618 : 0BD2;
    41619 : 0B9A;
    41620 : 0B5D;
    41621 : 0B49;
    41622 : 0B29;
    41623 : 0AAB;
    41624 : 09F8;
    41625 : 0986;
    41626 : 096A;
    41627 : 0962;
    41628 : 0975;
    41629 : 0975;
    41630 : 08C2;
    41631 : 0796;
    41632 : 06CD;
    41633 : 0629;
    41634 : 0544;
    41635 : 04CE;
    41636 : 04A8;
    41637 : 03DA;
    41638 : 02FF;
    41639 : 02FC;
    41640 : 02CA;
    41641 : 01CA;
    41642 : 011E;
    41643 : 0105;
    41644 : 008D;
    41645 : FFA8;
    41646 : FEC5;
    41647 : FDDA;
    41648 : FD0B;
    41649 : FC88;
    41650 : FBEB;
    41651 : FADA;
    41652 : F999;
    41653 : F89A;
    41654 : F7F8;
    41655 : F764;
    41656 : F695;
    41657 : F5C7;
    41658 : F55B;
    41659 : F542;
    41660 : F51A;
    41661 : F4E6;
    41662 : F516;
    41663 : F56A;
    41664 : F4E3;
    41665 : F3CD;
    41666 : F38F;
    41667 : F3FE;
    41668 : F3E7;
    41669 : F3A1;
    41670 : F3EA;
    41671 : F44E;
    41672 : F4C4;
    41673 : F5BA;
    41674 : F691;
    41675 : F6F3;
    41676 : F7C6;
    41677 : F92D;
    41678 : FA61;
    41679 : FB4B;
    41680 : FC20;
    41681 : FCCB;
    41682 : FD61;
    41683 : FDE8;
    41684 : FE43;
    41685 : FEB7;
    41686 : FF5A;
    41687 : FFAB;
    41688 : FF7F;
    41689 : FF68;
    41690 : FFD6;
    41691 : 0046;
    41692 : FFDF;
    41693 : FF3D;
    41694 : FFE1;
    41695 : 012D;
    41696 : 015F;
    41697 : 00FB;
    41698 : 0146;
    41699 : 01AC;
    41700 : 01B9;
    41701 : 0202;
    41702 : 024E;
    41703 : 0282;
    41704 : 034E;
    41705 : 0427;
    41706 : 0437;
    41707 : 045A;
    41708 : 0502;
    41709 : 054E;
    41710 : 0570;
    41711 : 0614;
    41712 : 06C1;
    41713 : 0755;
    41714 : 083E;
    41715 : 08F0;
    41716 : 08EB;
    41717 : 08CA;
    41718 : 08EA;
    41719 : 0913;
    41720 : 093E;
    41721 : 0947;
    41722 : 08EB;
    41723 : 084D;
    41724 : 07E4;
    41725 : 07FF;
    41726 : 082B;
    41727 : 078E;
    41728 : 0683;
    41729 : 0629;
    41730 : 0646;
    41731 : 05F8;
    41732 : 0574;
    41733 : 0507;
    41734 : 0482;
    41735 : 0430;
    41736 : 045C;
    41737 : 049A;
    41738 : 049B;
    41739 : 0462;
    41740 : 03DC;
    41741 : 032F;
    41742 : 026B;
    41743 : 016E;
    41744 : 00B3;
    41745 : 00BE;
    41746 : 0128;
    41747 : 0164;
    41748 : 0147;
    41749 : 00B2;
    41750 : 0011;
    41751 : FFC9;
    41752 : FF50;
    41753 : FE72;
    41754 : FDD4;
    41755 : FD64;
    41756 : FCEF;
    41757 : FD02;
    41758 : FD2B;
    41759 : FC54;
    41760 : FB14;
    41761 : FA47;
    41762 : F945;
    41763 : F7F2;
    41764 : F748;
    41765 : F718;
    41766 : F68D;
    41767 : F5D6;
    41768 : F571;
    41769 : F556;
    41770 : F562;
    41771 : F567;
    41772 : F524;
    41773 : F49B;
    41774 : F41E;
    41775 : F407;
    41776 : F420;
    41777 : F3C2;
    41778 : F31B;
    41779 : F31D;
    41780 : F3B9;
    41781 : F3FE;
    41782 : F3E3;
    41783 : F41A;
    41784 : F4B6;
    41785 : F54B;
    41786 : F5A9;
    41787 : F5FB;
    41788 : F67D;
    41789 : F746;
    41790 : F852;
    41791 : F94E;
    41792 : F9BC;
    41793 : F9ED;
    41794 : FA9A;
    41795 : FB5D;
    41796 : FB9D;
    41797 : FBEC;
    41798 : FC74;
    41799 : FC9F;
    41800 : FCD5;
    41801 : FD65;
    41802 : FD79;
    41803 : FD58;
    41804 : FDF3;
    41805 : FE76;
    41806 : FE4C;
    41807 : FE89;
    41808 : FF11;
    41809 : FF0F;
    41810 : FF53;
    41811 : FFFA;
    41812 : FFE3;
    41813 : FFCF;
    41814 : 00B0;
    41815 : 0133;
    41816 : 011C;
    41817 : 01BF;
    41818 : 0287;
    41819 : 02BB;
    41820 : 037D;
    41821 : 0472;
    41822 : 044A;
    41823 : 0449;
    41824 : 0574;
    41825 : 0632;
    41826 : 0630;
    41827 : 06B5;
    41828 : 073B;
    41829 : 071B;
    41830 : 0744;
    41831 : 078C;
    41832 : 070B;
    41833 : 06C0;
    41834 : 0769;
    41835 : 07D1;
    41836 : 0776;
    41837 : 070C;
    41838 : 06AA;
    41839 : 066F;
    41840 : 0696;
    41841 : 0647;
    41842 : 052F;
    41843 : 0476;
    41844 : 046D;
    41845 : 0472;
    41846 : 04BC;
    41847 : 0525;
    41848 : 04B6;
    41849 : 03D9;
    41850 : 035F;
    41851 : 029F;
    41852 : 018F;
    41853 : 0144;
    41854 : 014F;
    41855 : 00DE;
    41856 : 00C2;
    41857 : 0118;
    41858 : 00B0;
    41859 : FFE4;
    41860 : FFBB;
    41861 : FF78;
    41862 : FE8A;
    41863 : FDE1;
    41864 : FDB8;
    41865 : FD14;
    41866 : FBD0;
    41867 : FAD2;
    41868 : FA70;
    41869 : F9DB;
    41870 : F87C;
    41871 : F6FE;
    41872 : F60C;
    41873 : F54E;
    41874 : F495;
    41875 : F425;
    41876 : F3B8;
    41877 : F329;
    41878 : F2CE;
    41879 : F272;
    41880 : F1EE;
    41881 : F1C5;
    41882 : F193;
    41883 : F09A;
    41884 : EFB8;
    41885 : EFBE;
    41886 : EFD1;
    41887 : EF83;
    41888 : EF7E;
    41889 : EFDB;
    41890 : F051;
    41891 : F0ED;
    41892 : F18B;
    41893 : F211;
    41894 : F2AE;
    41895 : F343;
    41896 : F3C0;
    41897 : F470;
    41898 : F544;
    41899 : F601;
    41900 : F6BC;
    41901 : F787;
    41902 : F863;
    41903 : F92F;
    41904 : F99F;
    41905 : FA13;
    41906 : FB07;
    41907 : FBC4;
    41908 : FBFB;
    41909 : FCAA;
    41910 : FDB2;
    41911 : FE43;
    41912 : FEFB;
    41913 : 0003;
    41914 : 0058;
    41915 : 00A1;
    41916 : 01D1;
    41917 : 02A4;
    41918 : 0292;
    41919 : 02F0;
    41920 : 03BC;
    41921 : 041A;
    41922 : 045C;
    41923 : 04AB;
    41924 : 04EC;
    41925 : 05A2;
    41926 : 069E;
    41927 : 0737;
    41928 : 07A3;
    41929 : 07D8;
    41930 : 07B0;
    41931 : 07FE;
    41932 : 0882;
    41933 : 0802;
    41934 : 076B;
    41935 : 07D0;
    41936 : 07CE;
    41937 : 06FA;
    41938 : 06D0;
    41939 : 0705;
    41940 : 066F;
    41941 : 05B0;
    41942 : 0581;
    41943 : 05B8;
    41944 : 061F;
    41945 : 0605;
    41946 : 04FF;
    41947 : 043A;
    41948 : 0468;
    41949 : 0499;
    41950 : 044D;
    41951 : 03E0;
    41952 : 0371;
    41953 : 031E;
    41954 : 02F8;
    41955 : 02CE;
    41956 : 02A4;
    41957 : 0244;
    41958 : 0148;
    41959 : 003A;
    41960 : FFBF;
    41961 : FF6D;
    41962 : FF26;
    41963 : FF54;
    41964 : FF99;
    41965 : FF91;
    41966 : FF87;
    41967 : FF4A;
    41968 : FEA8;
    41969 : FE48;
    41970 : FE38;
    41971 : FDBE;
    41972 : FD1C;
    41973 : FD0F;
    41974 : FD26;
    41975 : FCB4;
    41976 : FC24;
    41977 : FBF5;
    41978 : FBAC;
    41979 : FADA;
    41980 : F9EB;
    41981 : F911;
    41982 : F809;
    41983 : F760;
    41984 : F797;
    41985 : F7B5;
    41986 : F720;
    41987 : F6A2;
    41988 : F666;
    41989 : F608;
    41990 : F5CB;
    41991 : F55D;
    41992 : F43A;
    41993 : F354;
    41994 : F323;
    41995 : F299;
    41996 : F1CA;
    41997 : F1A1;
    41998 : F1CF;
    41999 : F208;
    42000 : F276;
    42001 : F2BB;
    42002 : F321;
    42003 : F42A;
    42004 : F4DA;
    42005 : F4D2;
    42006 : F554;
    42007 : F675;
    42008 : F776;
    42009 : F84F;
    42010 : F890;
    42011 : F877;
    42012 : F91F;
    42013 : F962;
    42014 : F85C;
    42015 : F88B;
    42016 : FA03;
    42017 : F9F9;
    42018 : F9FD;
    42019 : FBEC;
    42020 : FC48;
    42021 : FAF1;
    42022 : FC71;
    42023 : FF1B;
    42024 : FEC0;
    42025 : FE2C;
    42026 : FFF5;
    42027 : 0168;
    42028 : 01E9;
    42029 : 02CF;
    42030 : 032C;
    42031 : 03A3;
    42032 : 05E7;
    42033 : 07B7;
    42034 : 073B;
    42035 : 069C;
    42036 : 06F2;
    42037 : 0787;
    42038 : 08B9;
    42039 : 09E1;
    42040 : 09B5;
    42041 : 09A1;
    42042 : 0AC4;
    42043 : 0B42;
    42044 : 0A83;
    42045 : 0A59;
    42046 : 0AEE;
    42047 : 0AF3;
    42048 : 0A86;
    42049 : 0A6F;
    42050 : 0A4C;
    42051 : 0986;
    42052 : 08BE;
    42053 : 08AD;
    42054 : 089C;
    42055 : 07DC;
    42056 : 074F;
    42057 : 0773;
    42058 : 0729;
    42059 : 05F8;
    42060 : 04D9;
    42061 : 0470;
    42062 : 0474;
    42063 : 045A;
    42064 : 03FC;
    42065 : 03C5;
    42066 : 03AC;
    42067 : 02F7;
    42068 : 01FD;
    42069 : 0199;
    42070 : 013D;
    42071 : 0054;
    42072 : FF9D;
    42073 : FF62;
    42074 : FF3D;
    42075 : FF3A;
    42076 : FEF3;
    42077 : FDFC;
    42078 : FD58;
    42079 : FD83;
    42080 : FD57;
    42081 : FCA5;
    42082 : FC43;
    42083 : FBFC;
    42084 : FB9B;
    42085 : FB69;
    42086 : FAC4;
    42087 : F98F;
    42088 : F900;
    42089 : F8D5;
    42090 : F7C7;
    42091 : F6B1;
    42092 : F6B2;
    42093 : F6C6;
    42094 : F66B;
    42095 : F68C;
    42096 : F6CD;
    42097 : F648;
    42098 : F5B1;
    42099 : F5B0;
    42100 : F597;
    42101 : F50C;
    42102 : F472;
    42103 : F409;
    42104 : F419;
    42105 : F48D;
    42106 : F466;
    42107 : F388;
    42108 : F387;
    42109 : F4D5;
    42110 : F5B1;
    42111 : F54D;
    42112 : F51A;
    42113 : F600;
    42114 : F70E;
    42115 : F787;
    42116 : F7DE;
    42117 : F865;
    42118 : F8E1;
    42119 : F977;
    42120 : FA71;
    42121 : FB64;
    42122 : FBE7;
    42123 : FC42;
    42124 : FCB1;
    42125 : FD23;
    42126 : FD9F;
    42127 : FDD9;
    42128 : FDA0;
    42129 : FDDA;
    42130 : FF08;
    42131 : 0007;
    42132 : 003F;
    42133 : 0094;
    42134 : 0169;
    42135 : 0280;
    42136 : 03DC;
    42137 : 04D8;
    42138 : 0500;
    42139 : 0580;
    42140 : 06F5;
    42141 : 084C;
    42142 : 0954;
    42143 : 0A86;
    42144 : 0B43;
    42145 : 0BA0;
    42146 : 0CCA;
    42147 : 0E61;
    42148 : 0F3B;
    42149 : 0F78;
    42150 : 0F31;
    42151 : 0E36;
    42152 : 0D4F;
    42153 : 0D04;
    42154 : 0CE3;
    42155 : 0CD8;
    42156 : 0CD1;
    42157 : 0C66;
    42158 : 0C09;
    42159 : 0C12;
    42160 : 0BD1;
    42161 : 0B5C;
    42162 : 0B23;
    42163 : 0A69;
    42164 : 0948;
    42165 : 08C9;
    42166 : 0800;
    42167 : 061D;
    42168 : 04EF;
    42169 : 04BB;
    42170 : 035E;
    42171 : 01C3;
    42172 : 0282;
    42173 : 0416;
    42174 : 03EF;
    42175 : 0335;
    42176 : 02FC;
    42177 : 01FB;
    42178 : 0082;
    42179 : 001A;
    42180 : FFF9;
    42181 : FF6E;
    42182 : 000B;
    42183 : 01C3;
    42184 : 0260;
    42185 : 01C3;
    42186 : 012E;
    42187 : 0050;
    42188 : FF33;
    42189 : FEDA;
    42190 : FE84;
    42191 : FD55;
    42192 : FCDD;
    42193 : FDAE;
    42194 : FD88;
    42195 : FB8A;
    42196 : F9D2;
    42197 : FA0E;
    42198 : FB6A;
    42199 : FC06;
    42200 : FB77;
    42201 : FAEA;
    42202 : FAC9;
    42203 : FA8C;
    42204 : FA6C;
    42205 : FA6F;
    42206 : FA05;
    42207 : F9D9;
    42208 : FA4B;
    42209 : FA24;
    42210 : F9C7;
    42211 : FA42;
    42212 : F9E4;
    42213 : F80F;
    42214 : F6FC;
    42215 : F61A;
    42216 : F3C5;
    42217 : F2AF;
    42218 : F46D;
    42219 : F635;
    42220 : F7A6;
    42221 : FA22;
    42222 : FB84;
    42223 : FA93;
    42224 : F992;
    42225 : F8EB;
    42226 : F7DA;
    42227 : F777;
    42228 : F794;
    42229 : F73A;
    42230 : F7D3;
    42231 : F9B4;
    42232 : FABF;
    42233 : FACB;
    42234 : FB08;
    42235 : FB25;
    42236 : FB04;
    42237 : FAFD;
    42238 : FAD2;
    42239 : FB22;
    42240 : FC6B;
    42241 : FD4D;
    42242 : FD77;
    42243 : FE55;
    42244 : FFEF;
    42245 : 0164;
    42246 : 0278;
    42247 : 02EC;
    42248 : 0372;
    42249 : 0552;
    42250 : 0798;
    42251 : 08D3;
    42252 : 09C9;
    42253 : 0AC3;
    42254 : 0AB2;
    42255 : 0A57;
    42256 : 0B5A;
    42257 : 0D61;
    42258 : 0EF1;
    42259 : 0F68;
    42260 : 0F8B;
    42261 : 1067;
    42262 : 112F;
    42263 : 109F;
    42264 : 0FCD;
    42265 : 1023;
    42266 : 1109;
    42267 : 1199;
    42268 : 115F;
    42269 : 1079;
    42270 : 104D;
    42271 : 10D7;
    42272 : 1004;
    42273 : 0E61;
    42274 : 0DFB;
    42275 : 0DAB;
    42276 : 0C99;
    42277 : 0C40;
    42278 : 0B90;
    42279 : 0920;
    42280 : 0787;
    42281 : 07C6;
    42282 : 0765;
    42283 : 0677;
    42284 : 05FD;
    42285 : 04B8;
    42286 : 037A;
    42287 : 03BE;
    42288 : 032F;
    42289 : 013B;
    42290 : 010D;
    42291 : 01ED;
    42292 : 00B5;
    42293 : FECA;
    42294 : FE69;
    42295 : FE64;
    42296 : FDF0;
    42297 : FDB3;
    42298 : FD71;
    42299 : FCA2;
    42300 : FB39;
    42301 : F9CB;
    42302 : F990;
    42303 : FA27;
    42304 : F9BF;
    42305 : F8C9;
    42306 : F897;
    42307 : F81F;
    42308 : F6DD;
    42309 : F627;
    42310 : F5AF;
    42311 : F49B;
    42312 : F434;
    42313 : F4F7;
    42314 : F549;
    42315 : F4BF;
    42316 : F43D;
    42317 : F406;
    42318 : F408;
    42319 : F3DB;
    42320 : F2C1;
    42321 : F160;
    42322 : F12E;
    42323 : F1A7;
    42324 : F0FD;
    42325 : EF4F;
    42326 : EEA8;
    42327 : EFF1;
    42328 : F1C8;
    42329 : F2D9;
    42330 : F392;
    42331 : F491;
    42332 : F57E;
    42333 : F619;
    42334 : F665;
    42335 : F63F;
    42336 : F630;
    42337 : F6ED;
    42338 : F7DE;
    42339 : F857;
    42340 : F90B;
    42341 : FA82;
    42342 : FC13;
    42343 : FCF7;
    42344 : FCF4;
    42345 : FC68;
    42346 : FC01;
    42347 : FBFB;
    42348 : FC40;
    42349 : FD01;
    42350 : FE00;
    42351 : FE99;
    42352 : FF03;
    42353 : FFC6;
    42354 : 007A;
    42355 : 00CB;
    42356 : 0141;
    42357 : 0221;
    42358 : 030A;
    42359 : 03CF;
    42360 : 0485;
    42361 : 0526;
    42362 : 05BB;
    42363 : 0688;
    42364 : 07DC;
    42365 : 0980;
    42366 : 0ADB;
    42367 : 0BD2;
    42368 : 0CA5;
    42369 : 0D4D;
    42370 : 0DDC;
    42371 : 0E70;
    42372 : 0E82;
    42373 : 0DE8;
    42374 : 0D9A;
    42375 : 0DC4;
    42376 : 0D73;
    42377 : 0CDD;
    42378 : 0D18;
    42379 : 0DED;
    42380 : 0E63;
    42381 : 0E20;
    42382 : 0D3D;
    42383 : 0C2C;
    42384 : 0B53;
    42385 : 0A45;
    42386 : 08DA;
    42387 : 07F7;
    42388 : 07E2;
    42389 : 081A;
    42390 : 08BF;
    42391 : 099A;
    42392 : 096A;
    42393 : 0824;
    42394 : 0712;
    42395 : 0618;
    42396 : 0431;
    42397 : 01D0;
    42398 : 0035;
    42399 : FFBC;
    42400 : 002B;
    42401 : 0178;
    42402 : 03A3;
    42403 : 0625;
    42404 : 07FD;
    42405 : 08C7;
    42406 : 08D9;
    42407 : 080D;
    42408 : 0615;
    42409 : 03A3;
    42410 : 017D;
    42411 : FFD3;
    42412 : FF10;
    42413 : FF26;
    42414 : FEFE;
    42415 : FE81;
    42416 : FEC6;
    42417 : FF91;
    42418 : FFC2;
    42419 : FF7C;
    42420 : FF79;
    42421 : FFD4;
    42422 : 0027;
    42423 : FFB3;
    42424 : FE61;
    42425 : FD6C;
    42426 : FD5B;
    42427 : FD04;
    42428 : FBE0;
    42429 : FAE3;
    42430 : FAFC;
    42431 : FC4C;
    42432 : FDB5;
    42433 : FDE1;
    42434 : FDB8;
    42435 : FEC5;
    42436 : FFAA;
    42437 : FEB1;
    42438 : FD5A;
    42439 : FD3B;
    42440 : FD96;
    42441 : FDFC;
    42442 : FEA9;
    42443 : FEE4;
    42444 : FE9F;
    42445 : FED7;
    42446 : FF1E;
    42447 : FE70;
    42448 : FDA2;
    42449 : FDB2;
    42450 : FE05;
    42451 : FE37;
    42452 : FEBA;
    42453 : FF1F;
    42454 : FEAC;
    42455 : FE00;
    42456 : FDBE;
    42457 : FD4A;
    42458 : FCB9;
    42459 : FD06;
    42460 : FD8F;
    42461 : FD80;
    42462 : FE73;
    42463 : 0117;
    42464 : 02E8;
    42465 : 0311;
    42466 : 03A3;
    42467 : 04B9;
    42468 : 050C;
    42469 : 055D;
    42470 : 061D;
    42471 : 0678;
    42472 : 0742;
    42473 : 0936;
    42474 : 0A9F;
    42475 : 0B07;
    42476 : 0BE2;
    42477 : 0CB3;
    42478 : 0C5E;
    42479 : 0BCF;
    42480 : 0B94;
    42481 : 0B11;
    42482 : 0AF2;
    42483 : 0C78;
    42484 : 0F42;
    42485 : 11C6;
    42486 : 12E3;
    42487 : 1322;
    42488 : 13A5;
    42489 : 13BE;
    42490 : 12C0;
    42491 : 125F;
    42492 : 12FC;
    42493 : 1281;
    42494 : 117E;
    42495 : 11E0;
    42496 : 11EB;
    42497 : 1074;
    42498 : 1028;
    42499 : 1172;
    42500 : 11D7;
    42501 : 11CC;
    42502 : 1259;
    42503 : 1193;
    42504 : 0F3F;
    42505 : 0D78;
    42506 : 0BF8;
    42507 : 0A0B;
    42508 : 0941;
    42509 : 0982;
    42510 : 090F;
    42511 : 089B;
    42512 : 091B;
    42513 : 0926;
    42514 : 086D;
    42515 : 07EA;
    42516 : 06E3;
    42517 : 0537;
    42518 : 04A2;
    42519 : 0482;
    42520 : 0300;
    42521 : 01E1;
    42522 : 030B;
    42523 : 03FB;
    42524 : 02AE;
    42525 : 0125;
    42526 : 00AB;
    42527 : FFF9;
    42528 : FEC5;
    42529 : FDE5;
    42530 : FD07;
    42531 : FBB3;
    42532 : FA99;
    42533 : FA7C;
    42534 : FB2B;
    42535 : FC01;
    42536 : FCA5;
    42537 : FCF0;
    42538 : FC4E;
    42539 : FA93;
    42540 : F8E8;
    42541 : F843;
    42542 : F841;
    42543 : F8B4;
    42544 : F9F4;
    42545 : FB9B;
    42546 : FCF7;
    42547 : FD8E;
    42548 : FCDD;
    42549 : FBBD;
    42550 : FBE9;
    42551 : FCBF;
    42552 : FCB5;
    42553 : FD0F;
    42554 : FF17;
    42555 : 0123;
    42556 : 022A;
    42557 : 0303;
    42558 : 0361;
    42559 : 0312;
    42560 : 0375;
    42561 : 0424;
    42562 : 0358;
    42563 : 0212;
    42564 : 0234;
    42565 : 02D0;
    42566 : 02E2;
    42567 : 0381;
    42568 : 04D8;
    42569 : 0573;
    42570 : 0541;
    42571 : 0560;
    42572 : 0593;
    42573 : 0527;
    42574 : 052F;
    42575 : 06CB;
    42576 : 08BD;
    42577 : 0977;
    42578 : 099E;
    42579 : 0A16;
    42580 : 0A7A;
    42581 : 0AD3;
    42582 : 0B95;
    42583 : 0C06;
    42584 : 0BB4;
    42585 : 0BA9;
    42586 : 0C28;
    42587 : 0C1F;
    42588 : 0B71;
    42589 : 0AE3;
    42590 : 0A63;
    42591 : 09AD;
    42592 : 098A;
    42593 : 0A6E;
    42594 : 0B21;
    42595 : 0AA1;
    42596 : 0A20;
    42597 : 0AB2;
    42598 : 0B14;
    42599 : 0A6A;
    42600 : 09CE;
    42601 : 0964;
    42602 : 0899;
    42603 : 0889;
    42604 : 093D;
    42605 : 0880;
    42606 : 06CE;
    42607 : 06DB;
    42608 : 0802;
    42609 : 0836;
    42610 : 07EB;
    42611 : 074F;
    42612 : 057F;
    42613 : 03A7;
    42614 : 02C9;
    42615 : 018A;
    42616 : FFDC;
    42617 : FF62;
    42618 : FFA6;
    42619 : FF52;
    42620 : FECC;
    42621 : FE98;
    42622 : FE4D;
    42623 : FD77;
    42624 : FBE0;
    42625 : FA59;
    42626 : FA18;
    42627 : FA4E;
    42628 : F9BB;
    42629 : F973;
    42630 : FA50;
    42631 : FB13;
    42632 : FB31;
    42633 : FB06;
    42634 : FA21;
    42635 : F8CF;
    42636 : F81D;
    42637 : F78F;
    42638 : F6A9;
    42639 : F656;
    42640 : F670;
    42641 : F60C;
    42642 : F602;
    42643 : F6DC;
    42644 : F74F;
    42645 : F702;
    42646 : F6C4;
    42647 : F661;
    42648 : F5BF;
    42649 : F5A0;
    42650 : F59E;
    42651 : F4DC;
    42652 : F444;
    42653 : F4F0;
    42654 : F5FB;
    42655 : F633;
    42656 : F62A;
    42657 : F717;
    42658 : F8C5;
    42659 : F9E7;
    42660 : FA18;
    42661 : FA19;
    42662 : FA78;
    42663 : FB45;
    42664 : FC2F;
    42665 : FC73;
    42666 : FC15;
    42667 : FC47;
    42668 : FD26;
    42669 : FD9B;
    42670 : FDCD;
    42671 : FE6A;
    42672 : FEBD;
    42673 : FE47;
    42674 : FDB3;
    42675 : FD3B;
    42676 : FCE4;
    42677 : FD24;
    42678 : FD8F;
    42679 : FDA5;
    42680 : FE20;
    42681 : FEFD;
    42682 : FF45;
    42683 : FF78;
    42684 : 002A;
    42685 : 0067;
    42686 : 0082;
    42687 : 01BF;
    42688 : 02DE;
    42689 : 0293;
    42690 : 0293;
    42691 : 03B6;
    42692 : 0471;
    42693 : 04A9;
    42694 : 0550;
    42695 : 05C7;
    42696 : 05D8;
    42697 : 0688;
    42698 : 0772;
    42699 : 0755;
    42700 : 0692;
    42701 : 063E;
    42702 : 0692;
    42703 : 072D;
    42704 : 078C;
    42705 : 077C;
    42706 : 0719;
    42707 : 0663;
    42708 : 05D2;
    42709 : 061B;
    42710 : 06AF;
    42711 : 06C4;
    42712 : 06EC;
    42713 : 071D;
    42714 : 065A;
    42715 : 0570;
    42716 : 05CE;
    42717 : 06BA;
    42718 : 075C;
    42719 : 0821;
    42720 : 087A;
    42721 : 0776;
    42722 : 05C4;
    42723 : 0451;
    42724 : 0353;
    42725 : 0325;
    42726 : 038A;
    42727 : 038C;
    42728 : 032B;
    42729 : 02E2;
    42730 : 0286;
    42731 : 01FB;
    42732 : 010A;
    42733 : FF3D;
    42734 : FD34;
    42735 : FBF8;
    42736 : FB51;
    42737 : FAA8;
    42738 : F9D4;
    42739 : F8C4;
    42740 : F807;
    42741 : F806;
    42742 : F7DC;
    42743 : F715;
    42744 : F628;
    42745 : F498;
    42746 : F2A5;
    42747 : F255;
    42748 : F35F;
    42749 : F358;
    42750 : F266;
    42751 : F1F8;
    42752 : F1C9;
    42753 : F1D2;
    42754 : F230;
    42755 : F1A2;
    42756 : F037;
    42757 : EF48;
    42758 : EE5A;
    42759 : ED36;
    42760 : ED57;
    42761 : EE42;
    42762 : EEAD;
    42763 : EFB8;
    42764 : F183;
    42765 : F224;
    42766 : F1E4;
    42767 : F210;
    42768 : F21B;
    42769 : F219;
    42770 : F2E2;
    42771 : F3AD;
    42772 : F423;
    42773 : F54E;
    42774 : F6D9;
    42775 : F7E8;
    42776 : F8E9;
    42777 : F9FF;
    42778 : FAD4;
    42779 : FB93;
    42780 : FC1E;
    42781 : FC73;
    42782 : FCE2;
    42783 : FCD2;
    42784 : FC5E;
    42785 : FCF8;
    42786 : FE25;
    42787 : FE9E;
    42788 : FF4E;
    42789 : 000D;
    42790 : FF5C;
    42791 : FF07;
    42792 : 0096;
    42793 : 016F;
    42794 : 014A;
    42795 : 02C1;
    42796 : 0430;
    42797 : 0357;
    42798 : 02FD;
    42799 : 0497;
    42800 : 05C8;
    42801 : 067D;
    42802 : 07E1;
    42803 : 08AD;
    42804 : 0834;
    42805 : 0797;
    42806 : 0786;
    42807 : 0863;
    42808 : 0971;
    42809 : 08D9;
    42810 : 0780;
    42811 : 07A8;
    42812 : 081F;
    42813 : 075B;
    42814 : 070B;
    42815 : 07D7;
    42816 : 07E9;
    42817 : 06BA;
    42818 : 0536;
    42819 : 03FB;
    42820 : 0369;
    42821 : 0344;
    42822 : 0312;
    42823 : 030D;
    42824 : 030E;
    42825 : 02C3;
    42826 : 02F1;
    42827 : 0385;
    42828 : 0329;
    42829 : 0227;
    42830 : 0188;
    42831 : 00F6;
    42832 : 0072;
    42833 : 006B;
    42834 : 0048;
    42835 : 001F;
    42836 : 0093;
    42837 : 00D2;
    42838 : 00A8;
    42839 : 0106;
    42840 : 00F5;
    42841 : FFA3;
    42842 : FEAC;
    42843 : FE2D;
    42844 : FCC9;
    42845 : FB8B;
    42846 : FB67;
    42847 : FB20;
    42848 : FAA3;
    42849 : FA34;
    42850 : F897;
    42851 : F690;
    42852 : F606;
    42853 : F5B8;
    42854 : F44F;
    42855 : F343;
    42856 : F336;
    42857 : F36C;
    42858 : F3BF;
    42859 : F36D;
    42860 : F252;
    42861 : F22E;
    42862 : F2E1;
    42863 : F28D;
    42864 : F1D9;
    42865 : F1FF;
    42866 : F23D;
    42867 : F265;
    42868 : F28E;
    42869 : F200;
    42870 : F1E1;
    42871 : F355;
    42872 : F442;
    42873 : F3D4;
    42874 : F41B;
    42875 : F4DF;
    42876 : F4D7;
    42877 : F501;
    42878 : F54A;
    42879 : F4AA;
    42880 : F4A6;
    42881 : F5F2;
    42882 : F69B;
    42883 : F6C2;
    42884 : F7B7;
    42885 : F86A;
    42886 : F872;
    42887 : F929;
    42888 : FA30;
    42889 : FA80;
    42890 : FA74;
    42891 : FA58;
    42892 : FA89;
    42893 : FB86;
    42894 : FC45;
    42895 : FC1A;
    42896 : FC13;
    42897 : FC21;
    42898 : FBD7;
    42899 : FC6B;
    42900 : FD5C;
    42901 : FCCF;
    42902 : FC3D;
    42903 : FD7C;
    42904 : FE9B;
    42905 : FE66;
    42906 : FE48;
    42907 : FE62;
    42908 : FE56;
    42909 : FF03;
    42910 : 0012;
    42911 : 008D;
    42912 : 00F6;
    42913 : 015A;
    42914 : 014C;
    42915 : 01B6;
    42916 : 0299;
    42917 : 02B7;
    42918 : 02DE;
    42919 : 0426;
    42920 : 0507;
    42921 : 04AF;
    42922 : 04B9;
    42923 : 0582;
    42924 : 05A8;
    42925 : 04F4;
    42926 : 043D;
    42927 : 03D0;
    42928 : 03A0;
    42929 : 03AE;
    42930 : 03A4;
    42931 : 02D8;
    42932 : 0182;
    42933 : 00F5;
    42934 : 0174;
    42935 : 01C0;
    42936 : 01AC;
    42937 : 01F4;
    42938 : 0208;
    42939 : 0169;
    42940 : 00C7;
    42941 : 000E;
    42942 : FF26;
    42943 : FF67;
    42944 : 00B7;
    42945 : 0137;
    42946 : 0140;
    42947 : 025F;
    42948 : 03CA;
    42949 : 0447;
    42950 : 0436;
    42951 : 03E8;
    42952 : 0346;
    42953 : 026F;
    42954 : 014D;
    42955 : 0051;
    42956 : 003B;
    42957 : 003B;
    42958 : FF7A;
    42959 : FEE5;
    42960 : FE8F;
    42961 : FD41;
    42962 : FB72;
    42963 : FA46;
    42964 : F955;
    42965 : F86F;
    42966 : F818;
    42967 : F7D9;
    42968 : F757;
    42969 : F752;
    42970 : F7E1;
    42971 : F81F;
    42972 : F7A2;
    42973 : F6E4;
    42974 : F6C4;
    42975 : F72E;
    42976 : F6DB;
    42977 : F5F6;
    42978 : F602;
    42979 : F67C;
    42980 : F650;
    42981 : F6D7;
    42982 : F865;
    42983 : F8DC;
    42984 : F879;
    42985 : F927;
    42986 : F9DA;
    42987 : F954;
    42988 : F957;
    42989 : FA7F;
    42990 : FB0B;
    42991 : FAC2;
    42992 : FA99;
    42993 : FA70;
    42994 : FA53;
    42995 : FAC1;
    42996 : FB4B;
    42997 : FBA6;
    42998 : FC24;
    42999 : FC6E;
    43000 : FC50;
    43001 : FC7D;
    43002 : FD00;
    43003 : FD54;
    43004 : FDC3;
    43005 : FE84;
    43006 : FF24;
    43007 : FFA7;
    43008 : 001B;
    43009 : 0016;
    43010 : FFF3;
    43011 : 006C;
    43012 : 0131;
    43013 : 01EF;
    43014 : 02DB;
    43015 : 036F;
    43016 : 037B;
    43017 : 0439;
    43018 : 05C7;
    43019 : 0696;
    43020 : 0674;
    43021 : 0665;
    43022 : 064A;
    43023 : 05DA;
    43024 : 05B5;
    43025 : 05FA;
    43026 : 065D;
    43027 : 06E8;
    43028 : 0729;
    43029 : 06D5;
    43030 : 06B6;
    43031 : 06DD;
    43032 : 0670;
    43033 : 0608;
    43034 : 067C;
    43035 : 06A7;
    43036 : 05BC;
    43037 : 04D4;
    43038 : 045B;
    43039 : 03BA;
    43040 : 0350;
    43041 : 035F;
    43042 : 02EC;
    43043 : 01C0;
    43044 : 0109;
    43045 : 0117;
    43046 : 00D0;
    43047 : FFB3;
    43048 : FE8C;
    43049 : FDDC;
    43050 : FD1E;
    43051 : FC23;
    43052 : FBA1;
    43053 : FBBF;
    43054 : FBD2;
    43055 : FBB3;
    43056 : FBC4;
    43057 : FC18;
    43058 : FC72;
    43059 : FC97;
    43060 : FC7C;
    43061 : FC64;
    43062 : FC63;
    43063 : FC7B;
    43064 : FD23;
    43065 : FE59;
    43066 : FF4A;
    43067 : FFB7;
    43068 : FFBA;
    43069 : FEDE;
    43070 : FD92;
    43071 : FD09;
    43072 : FCD5;
    43073 : FBFA;
    43074 : FB03;
    43075 : FA4E;
    43076 : F98A;
    43077 : F96E;
    43078 : FA43;
    43079 : FAA4;
    43080 : FA19;
    43081 : F98C;
    43082 : F911;
    43083 : F870;
    43084 : F82E;
    43085 : F86E;
    43086 : F8AE;
    43087 : F8A8;
    43088 : F8B1;
    43089 : F97C;
    43090 : FAAC;
    43091 : FAEC;
    43092 : FAE9;
    43093 : FC6B;
    43094 : FE31;
    43095 : FE2F;
    43096 : FDAB;
    43097 : FE13;
    43098 : FE86;
    43099 : FEE4;
    43100 : FFBF;
    43101 : 004E;
    43102 : 005C;
    43103 : 0088;
    43104 : 0030;
    43105 : FF4F;
    43106 : FF58;
    43107 : FFDA;
    43108 : FF48;
    43109 : FE6F;
    43110 : FE98;
    43111 : FF33;
    43112 : FFC4;
    43113 : 006E;
    43114 : 00A1;
    43115 : 006B;
    43116 : 010A;
    43117 : 027C;
    43118 : 0317;
    43119 : 0266;
    43120 : 01E3;
    43121 : 0273;
    43122 : 034F;
    43123 : 03A6;
    43124 : 0392;
    43125 : 039F;
    43126 : 048E;
    43127 : 063F;
    43128 : 072E;
    43129 : 0717;
    43130 : 079C;
    43131 : 08A7;
    43132 : 089E;
    43133 : 0809;
    43134 : 07E2;
    43135 : 0763;
    43136 : 06BA;
    43137 : 06D5;
    43138 : 069D;
    43139 : 0575;
    43140 : 04CD;
    43141 : 04A2;
    43142 : 0402;
    43143 : 0394;
    43144 : 0349;
    43145 : 0211;
    43146 : 00E9;
    43147 : 0103;
    43148 : 0135;
    43149 : 005E;
    43150 : FEE2;
    43151 : FDAD;
    43152 : FDA8;
    43153 : FE4A;
    43154 : FDF8;
    43155 : FD13;
    43156 : FCB0;
    43157 : FBDA;
    43158 : FA34;
    43159 : F8F3;
    43160 : F7EA;
    43161 : F6C8;
    43162 : F699;
    43163 : F6CD;
    43164 : F621;
    43165 : F5A7;
    43166 : F600;
    43167 : F5D9;
    43168 : F51D;
    43169 : F487;
    43170 : F3BD;
    43171 : F2ED;
    43172 : F2B9;
    43173 : F2C6;
    43174 : F2E8;
    43175 : F326;
    43176 : F31C;
    43177 : F335;
    43178 : F377;
    43179 : F29D;
    43180 : F13B;
    43181 : F0F4;
    43182 : F0F9;
    43183 : F0C6;
    43184 : F184;
    43185 : F206;
    43186 : F114;
    43187 : F0BB;
    43188 : F10D;
    43189 : EFA8;
    43190 : EDFD;
    43191 : EE40;
    43192 : EE61;
    43193 : ED25;
    43194 : EC41;
    43195 : EBF8;
    43196 : EBD6;
    43197 : EC2C;
    43198 : EC39;
    43199 : EBF4;
    43200 : ECCF;
    43201 : EDF9;
    43202 : EDF6;
    43203 : EDF2;
    43204 : EE62;
    43205 : EE2C;
    43206 : EE2D;
    43207 : EF65;
    43208 : F100;
    43209 : F2DB;
    43210 : F4C4;
    43211 : F581;
    43212 : F5E5;
    43213 : F755;
    43214 : F870;
    43215 : F87D;
    43216 : F8BF;
    43217 : F8EA;
    43218 : F89E;
    43219 : F925;
    43220 : F9FC;
    43221 : F9CF;
    43222 : F9DB;
    43223 : FAC4;
    43224 : FB4A;
    43225 : FBD1;
    43226 : FCF1;
    43227 : FD58;
    43228 : FD47;
    43229 : FE39;
    43230 : FF4A;
    43231 : FF8E;
    43232 : 002E;
    43233 : 017D;
    43234 : 02B5;
    43235 : 03DF;
    43236 : 0501;
    43237 : 060C;
    43238 : 076C;
    43239 : 0865;
    43240 : 081B;
    43241 : 07F1;
    43242 : 08E3;
    43243 : 098D;
    43244 : 0987;
    43245 : 09F4;
    43246 : 0A91;
    43247 : 0A8F;
    43248 : 0A64;
    43249 : 0A44;
    43250 : 09C0;
    43251 : 091A;
    43252 : 08A1;
    43253 : 082A;
    43254 : 07E2;
    43255 : 07CE;
    43256 : 074F;
    43257 : 067C;
    43258 : 0615;
    43259 : 05F6;
    43260 : 059C;
    43261 : 059C;
    43262 : 0676;
    43263 : 0726;
    43264 : 0679;
    43265 : 04CF;
    43266 : 0360;
    43267 : 0296;
    43268 : 01DC;
    43269 : 00D3;
    43270 : FFF8;
    43271 : FFBA;
    43272 : FFB1;
    43273 : FF8B;
    43274 : FF90;
    43275 : FF93;
    43276 : FF25;
    43277 : FEC0;
    43278 : FE8F;
    43279 : FD8D;
    43280 : FBEC;
    43281 : FB4D;
    43282 : FB4D;
    43283 : FA45;
    43284 : F921;
    43285 : F955;
    43286 : F967;
    43287 : F81E;
    43288 : F6FE;
    43289 : F6C2;
    43290 : F683;
    43291 : F69E;
    43292 : F72C;
    43293 : F6A3;
    43294 : F5D4;
    43295 : F74B;
    43296 : F968;
    43297 : F939;
    43298 : F8BE;
    43299 : F9F8;
    43300 : FA01;
    43301 : F7DD;
    43302 : F6EE;
    43303 : F790;
    43304 : F72B;
    43305 : F652;
    43306 : F67F;
    43307 : F6C7;
    43308 : F6F2;
    43309 : F788;
    43310 : F783;
    43311 : F6EC;
    43312 : F746;
    43313 : F7F5;
    43314 : F7E6;
    43315 : F80C;
    43316 : F882;
    43317 : F865;
    43318 : F890;
    43319 : F99D;
    43320 : FA69;
    43321 : FAC9;
    43322 : FB2F;
    43323 : FB1C;
    43324 : FAF7;
    43325 : FBB2;
    43326 : FC95;
    43327 : FCF3;
    43328 : FD63;
    43329 : FDCC;
    43330 : FDEB;
    43331 : FE6B;
    43332 : FF24;
    43333 : FF53;
    43334 : FF6E;
    43335 : FFFC;
    43336 : 0077;
    43337 : 0077;
    43338 : 0030;
    43339 : 0044;
    43340 : 012B;
    43341 : 0200;
    43342 : 01FD;
    43343 : 0288;
    43344 : 0478;
    43345 : 0620;
    43346 : 0682;
    43347 : 0673;
    43348 : 0650;
    43349 : 0677;
    43350 : 07CD;
    43351 : 09B8;
    43352 : 0AB5;
    43353 : 0AFB;
    43354 : 0BD6;
    43355 : 0D69;
    43356 : 0EA7;
    43357 : 0EF9;
    43358 : 0F1B;
    43359 : 0FB5;
    43360 : 102E;
    43361 : 1011;
    43362 : 0FC1;
    43363 : 0F49;
    43364 : 0EBB;
    43365 : 0E8E;
    43366 : 0E3A;
    43367 : 0D39;
    43368 : 0C86;
    43369 : 0C83;
    43370 : 0C44;
    43371 : 0C04;
    43372 : 0C67;
    43373 : 0CB0;
    43374 : 0C4E;
    43375 : 0B86;
    43376 : 0A9B;
    43377 : 0A1C;
    43378 : 09F6;
    43379 : 0942;
    43380 : 08DB;
    43381 : 09E2;
    43382 : 0A79;
    43383 : 0978;
    43384 : 08F2;
    43385 : 0949;
    43386 : 08DA;
    43387 : 082D;
    43388 : 07DB;
    43389 : 06AB;
    43390 : 0525;
    43391 : 04D7;
    43392 : 04E7;
    43393 : 043B;
    43394 : 0318;
    43395 : 019E;
    43396 : 0062;
    43397 : FFF4;
    43398 : FF0B;
    43399 : FD39;
    43400 : FC37;
    43401 : FC03;
    43402 : FB69;
    43403 : FB46;
    43404 : FBE7;
    43405 : FBBF;
    43406 : FB3F;
    43407 : FBF4;
    43408 : FCD1;
    43409 : FC51;
    43410 : FB4D;
    43411 : FAFA;
    43412 : FAFE;
    43413 : FA5E;
    43414 : F956;
    43415 : F968;
    43416 : FAAE;
    43417 : FB3A;
    43418 : FAD0;
    43419 : FB35;
    43420 : FC45;
    43421 : FCAE;
    43422 : FD02;
    43423 : FDBE;
    43424 : FDB7;
    43425 : FCF4;
    43426 : FD01;
    43427 : FDDD;
    43428 : FE2B;
    43429 : FDA9;
    43430 : FD2A;
    43431 : FD0E;
    43432 : FD0D;
    43433 : FCFD;
    43434 : FCE8;
    43435 : FCD5;
    43436 : FCEF;
    43437 : FD3D;
    43438 : FD57;
    43439 : FD5B;
    43440 : FE19;
    43441 : FF58;
    43442 : 0002;
    43443 : 004A;
    43444 : 00FB;
    43445 : 019C;
    43446 : 0198;
    43447 : 0183;
    43448 : 01EB;
    43449 : 02A9;
    43450 : 0348;
    43451 : 0348;
    43452 : 02D8;
    43453 : 02E3;
    43454 : 0397;
    43455 : 0414;
    43456 : 0400;
    43457 : 040F;
    43458 : 04D0;
    43459 : 05AF;
    43460 : 05C7;
    43461 : 058C;
    43462 : 0619;
    43463 : 06F6;
    43464 : 06F5;
    43465 : 0677;
    43466 : 066B;
    43467 : 06A6;
    43468 : 06CF;
    43469 : 06ED;
    43470 : 0700;
    43471 : 0742;
    43472 : 07A5;
    43473 : 0776;
    43474 : 06E0;
    43475 : 06B3;
    43476 : 0679;
    43477 : 059F;
    43478 : 0515;
    43479 : 0555;
    43480 : 0597;
    43481 : 0595;
    43482 : 054C;
    43483 : 0464;
    43484 : 0356;
    43485 : 02F0;
    43486 : 02E5;
    43487 : 02A7;
    43488 : 0227;
    43489 : 016D;
    43490 : 00EF;
    43491 : 00FE;
    43492 : 00DA;
    43493 : 0082;
    43494 : 0114;
    43495 : 01EC;
    43496 : 0160;
    43497 : 0045;
    43498 : 0058;
    43499 : 014C;
    43500 : 0233;
    43501 : 029D;
    43502 : 0212;
    43503 : 0145;
    43504 : 0158;
    43505 : 0126;
    43506 : FF80;
    43507 : FE22;
    43508 : FE21;
    43509 : FDD1;
    43510 : FCA0;
    43511 : FBBC;
    43512 : FB2B;
    43513 : FAA6;
    43514 : FABD;
    43515 : FAFD;
    43516 : FABF;
    43517 : FAF9;
    43518 : FBFA;
    43519 : FC70;
    43520 : FC36;
    43521 : FC58;
    43522 : FCFC;
    43523 : FDE9;
    43524 : FF28;
    43525 : 0061;
    43526 : 0172;
    43527 : 0291;
    43528 : 036C;
    43529 : 03F0;
    43530 : 04DB;
    43531 : 0613;
    43532 : 06B3;
    43533 : 06CE;
    43534 : 06FC;
    43535 : 0740;
    43536 : 078F;
    43537 : 0808;
    43538 : 0894;
    43539 : 08DE;
    43540 : 0899;
    43541 : 0822;
    43542 : 084B;
    43543 : 0896;
    43544 : 07D6;
    43545 : 06EA;
    43546 : 0750;
    43547 : 07F9;
    43548 : 077D;
    43549 : 06EE;
    43550 : 0784;
    43551 : 0894;
    43552 : 0965;
    43553 : 0A19;
    43554 : 0AA1;
    43555 : 0A82;
    43556 : 09E2;
    43557 : 09D4;
    43558 : 0AD6;
    43559 : 0BAD;
    43560 : 0B8A;
    43561 : 0BBB;
    43562 : 0CF2;
    43563 : 0DD4;
    43564 : 0DD2;
    43565 : 0DF7;
    43566 : 0E74;
    43567 : 0EA2;
    43568 : 0E85;
    43569 : 0E6B;
    43570 : 0E3E;
    43571 : 0DC5;
    43572 : 0D00;
    43573 : 0C6C;
    43574 : 0C4E;
    43575 : 0C16;
    43576 : 0BA6;
    43577 : 0BB2;
    43578 : 0C0B;
    43579 : 0BFB;
    43580 : 0BAC;
    43581 : 0B00;
    43582 : 0992;
    43583 : 0897;
    43584 : 090C;
    43585 : 0976;
    43586 : 08B5;
    43587 : 07E6;
    43588 : 07DB;
    43589 : 083C;
    43590 : 08C4;
    43591 : 08CB;
    43592 : 07B4;
    43593 : 065A;
    43594 : 0592;
    43595 : 04C1;
    43596 : 039C;
    43597 : 02BC;
    43598 : 023B;
    43599 : 01E2;
    43600 : 01BC;
    43601 : 0186;
    43602 : 011C;
    43603 : 00E1;
    43604 : 00BE;
    43605 : 003D;
    43606 : FF93;
    43607 : FEFC;
    43608 : FE30;
    43609 : FD36;
    43610 : FC4D;
    43611 : FB77;
    43612 : FB11;
    43613 : FB3D;
    43614 : FAFB;
    43615 : F9EF;
    43616 : F922;
    43617 : F8BC;
    43618 : F7FD;
    43619 : F74D;
    43620 : F71E;
    43621 : F6BF;
    43622 : F64D;
    43623 : F677;
    43624 : F644;
    43625 : F4CA;
    43626 : F357;
    43627 : F304;
    43628 : F310;
    43629 : F2D7;
    43630 : F293;
    43631 : F276;
    43632 : F2A7;
    43633 : F323;
    43634 : F399;
    43635 : F41E;
    43636 : F51C;
    43637 : F672;
    43638 : F7AF;
    43639 : F889;
    43640 : F92D;
    43641 : FA44;
    43642 : FBD3;
    43643 : FD05;
    43644 : FE00;
    43645 : FFA7;
    43646 : 0156;
    43647 : 0210;
    43648 : 0285;
    43649 : 034D;
    43650 : 03BB;
    43651 : 03C4;
    43652 : 040D;
    43653 : 0460;
    43654 : 0437;
    43655 : 03D3;
    43656 : 03D3;
    43657 : 047A;
    43658 : 055E;
    43659 : 05E9;
    43660 : 0614;
    43661 : 0621;
    43662 : 062F;
    43663 : 066A;
    43664 : 06CE;
    43665 : 0776;
    43666 : 08F5;
    43667 : 0ACD;
    43668 : 0B9A;
    43669 : 0BEA;
    43670 : 0D2C;
    43671 : 0E94;
    43672 : 0F3B;
    43673 : 1003;
    43674 : 10F5;
    43675 : 1179;
    43676 : 1242;
    43677 : 1311;
    43678 : 12C4;
    43679 : 125E;
    43680 : 12F3;
    43681 : 1381;
    43682 : 13D8;
    43683 : 142E;
    43684 : 1355;
    43685 : 1211;
    43686 : 125E;
    43687 : 12B2;
    43688 : 1177;
    43689 : 10A7;
    43690 : 1072;
    43691 : 0F0D;
    43692 : 0E11;
    43693 : 0EC4;
    43694 : 0E7E;
    43695 : 0CFA;
    43696 : 0CD7;
    43697 : 0D46;
    43698 : 0CA3;
    43699 : 0C74;
    43700 : 0CBE;
    43701 : 0B57;
    43702 : 0925;
    43703 : 082F;
    43704 : 0786;
    43705 : 0663;
    43706 : 0619;
    43707 : 06C0;
    43708 : 06FA;
    43709 : 069D;
    43710 : 0654;
    43711 : 0627;
    43712 : 05EB;
    43713 : 05A5;
    43714 : 050E;
    43715 : 03E0;
    43716 : 02A5;
    43717 : 020D;
    43718 : 0199;
    43719 : 0083;
    43720 : FF53;
    43721 : FEBD;
    43722 : FE17;
    43723 : FCB9;
    43724 : FB18;
    43725 : F9CB;
    43726 : F90A;
    43727 : F8DB;
    43728 : F8AE;
    43729 : F82A;
    43730 : F7EB;
    43731 : F805;
    43732 : F791;
    43733 : F6B8;
    43734 : F6AD;
    43735 : F737;
    43736 : F70A;
    43737 : F647;
    43738 : F617;
    43739 : F66B;
    43740 : F653;
    43741 : F5DA;
    43742 : F5AE;
    43743 : F5AE;
    43744 : F586;
    43745 : F5BE;
    43746 : F68D;
    43747 : F725;
    43748 : F773;
    43749 : F86B;
    43750 : F9DC;
    43751 : FA8F;
    43752 : FA85;
    43753 : FAAE;
    43754 : FB16;
    43755 : FB6A;
    43756 : FBE9;
    43757 : FCC2;
    43758 : FDB6;
    43759 : FE8A;
    43760 : FEF2;
    43761 : FEC8;
    43762 : FEB8;
    43763 : FF6A;
    43764 : 0048;
    43765 : 0086;
    43766 : 007D;
    43767 : 00DC;
    43768 : 0175;
    43769 : 01B6;
    43770 : 01B8;
    43771 : 0210;
    43772 : 02C7;
    43773 : 034D;
    43774 : 037F;
    43775 : 03C0;
    43776 : 041C;
    43777 : 0485;
    43778 : 0540;
    43779 : 0630;
    43780 : 06BC;
    43781 : 070C;
    43782 : 07E5;
    43783 : 0921;
    43784 : 09E5;
    43785 : 0A4E;
    43786 : 0B6C;
    43787 : 0D3C;
    43788 : 0E59;
    43789 : 0E6B;
    43790 : 0ED5;
    43791 : 1001;
    43792 : 10BD;
    43793 : 10C8;
    43794 : 10D9;
    43795 : 10D2;
    43796 : 10A4;
    43797 : 10F4;
    43798 : 1155;
    43799 : 10D1;
    43800 : 0FDF;
    43801 : 0F57;
    43802 : 0F15;
    43803 : 0ECF;
    43804 : 0E3C;
    43805 : 0D45;
    43806 : 0CD4;
    43807 : 0D60;
    43808 : 0DC6;
    43809 : 0D8B;
    43810 : 0D49;
    43811 : 0C8C;
    43812 : 0AFB;
    43813 : 09EB;
    43814 : 09D3;
    43815 : 0999;
    43816 : 093B;
    43817 : 0956;
    43818 : 0986;
    43819 : 09BA;
    43820 : 0A39;
    43821 : 0A15;
    43822 : 08E4;
    43823 : 07F5;
    43824 : 07A5;
    43825 : 0711;
    43826 : 069D;
    43827 : 06B7;
    43828 : 0613;
    43829 : 048E;
    43830 : 03ED;
    43831 : 03FB;
    43832 : 02FE;
    43833 : 0188;
    43834 : 00B7;
    43835 : FF76;
    43836 : FD8C;
    43837 : FC96;
    43838 : FC42;
    43839 : FB47;
    43840 : FAA4;
    43841 : FB02;
    43842 : FB0D;
    43843 : FABE;
    43844 : FAB7;
    43845 : F9BA;
    43846 : F78F;
    43847 : F62B;
    43848 : F5C7;
    43849 : F55B;
    43850 : F553;
    43851 : F592;
    43852 : F543;
    43853 : F57C;
    43854 : F6DC;
    43855 : F769;
    43856 : F6A9;
    43857 : F66B;
    43858 : F6BC;
    43859 : F698;
    43860 : F695;
    43861 : F727;
    43862 : F798;
    43863 : F7B2;
    43864 : F7AD;
    43865 : F795;
    43866 : F7CC;
    43867 : F863;
    43868 : F8A5;
    43869 : F876;
    43870 : F889;
    43871 : F8FA;
    43872 : F950;
    43873 : F989;
    43874 : FA1D;
    43875 : FB07;
    43876 : FBB5;
    43877 : FC4E;
    43878 : FD8D;
    43879 : FEE1;
    43880 : FF28;
    43881 : FF0A;
    43882 : FF99;
    43883 : 0040;
    43884 : 007C;
    43885 : 00CF;
    43886 : 00F7;
    43887 : 0091;
    43888 : 0083;
    43889 : 0145;
    43890 : 0208;
    43891 : 0287;
    43892 : 0308;
    43893 : 0346;
    43894 : 035A;
    43895 : 03E1;
    43896 : 0463;
    43897 : 03FB;
    43898 : 0349;
    43899 : 038D;
    43900 : 045F;
    43901 : 047A;
    43902 : 040B;
    43903 : 043B;
    43904 : 04EB;
    43905 : 0516;
    43906 : 04BF;
    43907 : 0476;
    43908 : 03FC;
    43909 : 030D;
    43910 : 023B;
    43911 : 01F4;
    43912 : 01C9;
    43913 : 011F;
    43914 : 0005;
    43915 : FF66;
    43916 : FFE1;
    43917 : 007D;
    43918 : 0001;
    43919 : FF0B;
    43920 : FEA1;
    43921 : FE3F;
    43922 : FD60;
    43923 : FCA9;
    43924 : FC3B;
    43925 : FBBF;
    43926 : FBD7;
    43927 : FCAA;
    43928 : FCF5;
    43929 : FC70;
    43930 : FC3B;
    43931 : FC82;
    43932 : FCE2;
    43933 : FD8E;
    43934 : FE19;
    43935 : FE07;
    43936 : FE52;
    43937 : FF30;
    43938 : FF1D;
    43939 : FE26;
    43940 : FDD8;
    43941 : FDFA;
    43942 : FD99;
    43943 : FD22;
    43944 : FCD0;
    43945 : FC32;
    43946 : FB99;
    43947 : FB4E;
    43948 : FAE9;
    43949 : FA6B;
    43950 : FA2A;
    43951 : FA60;
    43952 : FB2F;
    43953 : FBE0;
    43954 : FB7D;
    43955 : FA9E;
    43956 : FA5A;
    43957 : FA82;
    43958 : FAC3;
    43959 : FB2B;
    43960 : FB84;
    43961 : FC00;
    43962 : FCBF;
    43963 : FD14;
    43964 : FD46;
    43965 : FE52;
    43966 : FF5B;
    43967 : FF6D;
    43968 : FF88;
    43969 : 000B;
    43970 : 004F;
    43971 : 00DE;
    43972 : 01A9;
    43973 : 0175;
    43974 : 0126;
    43975 : 022F;
    43976 : 0342;
    43977 : 0355;
    43978 : 0386;
    43979 : 03F1;
    43980 : 03D3;
    43981 : 03D2;
    43982 : 0470;
    43983 : 0518;
    43984 : 05C2;
    43985 : 06BE;
    43986 : 07E6;
    43987 : 0906;
    43988 : 09CA;
    43989 : 09E5;
    43990 : 09AE;
    43991 : 0982;
    43992 : 0993;
    43993 : 0A58;
    43994 : 0B77;
    43995 : 0BEC;
    43996 : 0BF7;
    43997 : 0C6B;
    43998 : 0D2B;
    43999 : 0E03;
    44000 : 0EB3;
    44001 : 0E96;
    44002 : 0E34;
    44003 : 0EA3;
    44004 : 0F38;
    44005 : 0F0B;
    44006 : 0E99;
    44007 : 0E00;
    44008 : 0D10;
    44009 : 0C86;
    44010 : 0C4C;
    44011 : 0B81;
    44012 : 0AE5;
    44013 : 0B50;
    44014 : 0B8A;
    44015 : 0ABD;
    44016 : 09CC;
    44017 : 092C;
    44018 : 0892;
    44019 : 0802;
    44020 : 0761;
    44021 : 068F;
    44022 : 05E0;
    44023 : 056F;
    44024 : 052A;
    44025 : 056D;
    44026 : 0636;
    44027 : 06B4;
    44028 : 065A;
    44029 : 0544;
    44030 : 03D2;
    44031 : 0274;
    44032 : 017B;
    44033 : 00DD;
    44034 : 0067;
    44035 : FFFC;
    44036 : FFBF;
    44037 : FFDD;
    44038 : FFFC;
    44039 : FF88;
    44040 : FE8E;
    44041 : FD76;
    44042 : FC87;
    44043 : FC01;
    44044 : FBB9;
    44045 : FB16;
    44046 : FA45;
    44047 : F9E2;
    44048 : F994;
    44049 : F8EF;
    44050 : F88F;
    44051 : F874;
    44052 : F7A1;
    44053 : F634;
    44054 : F549;
    44055 : F4D8;
    44056 : F433;
    44057 : F385;
    44058 : F33B;
    44059 : F353;
    44060 : F3A0;
    44061 : F3B2;
    44062 : F32A;
    44063 : F26C;
    44064 : F1DA;
    44065 : F140;
    44066 : F0AE;
    44067 : F070;
    44068 : F049;
    44069 : F037;
    44070 : F0AB;
    44071 : F148;
    44072 : F178;
    44073 : F1B3;
    44074 : F275;
    44075 : F35E;
    44076 : F42C;
    44077 : F4D5;
    44078 : F54C;
    44079 : F60A;
    44080 : F75E;
    44081 : F8A0;
    44082 : F970;
    44083 : FA24;
    44084 : FAC6;
    44085 : FB61;
    44086 : FC31;
    44087 : FCC8;
    44088 : FCCC;
    44089 : FCCE;
    44090 : FD15;
    44091 : FD62;
    44092 : FDCF;
    44093 : FE6B;
    44094 : FF25;
    44095 : 0045;
    44096 : 01A6;
    44097 : 02DC;
    44098 : 0425;
    44099 : 0532;
    44100 : 0534;
    44101 : 0528;
    44102 : 0658;
    44103 : 07A6;
    44104 : 0829;
    44105 : 08EB;
    44106 : 0A0D;
    44107 : 0AC2;
    44108 : 0B81;
    44109 : 0C91;
    44110 : 0D37;
    44111 : 0D9C;
    44112 : 0E1F;
    44113 : 0E31;
    44114 : 0DE9;
    44115 : 0DF7;
    44116 : 0DF1;
    44117 : 0D74;
    44118 : 0D19;
    44119 : 0CF1;
    44120 : 0C73;
    44121 : 0BC4;
    44122 : 0B46;
    44123 : 0AC6;
    44124 : 09DD;
    44125 : 089C;
    44126 : 0793;
    44127 : 0700;
    44128 : 067B;
    44129 : 05F3;
    44130 : 05AD;
    44131 : 0526;
    44132 : 040E;
    44133 : 034E;
    44134 : 0363;
    44135 : 037F;
    44136 : 0326;
    44137 : 0297;
    44138 : 01D6;
    44139 : 00F8;
    44140 : 0055;
    44141 : FFFB;
    44142 : FFC3;
    44143 : FF96;
    44144 : FF3C;
    44145 : FEBD;
    44146 : FEB1;
    44147 : FF27;
    44148 : FF19;
    44149 : FE13;
    44150 : FD49;
    44151 : FD50;
    44152 : FCDB;
    44153 : FB70;
    44154 : FA59;
    44155 : F9A1;
    44156 : F85A;
    44157 : F75D;
    44158 : F738;
    44159 : F687;
    44160 : F55E;
    44161 : F513;
    44162 : F4A1;
    44163 : F33B;
    44164 : F2A8;
    44165 : F2F1;
    44166 : F23B;
    44167 : F175;
    44168 : F208;
    44169 : F25D;
    44170 : F1C1;
    44171 : F1AC;
    44172 : F1EB;
    44173 : F179;
    44174 : F0DB;
    44175 : F034;
    44176 : EF42;
    44177 : EEE5;
    44178 : EF27;
    44179 : EEE3;
    44180 : EE7F;
    44181 : EEC8;
    44182 : EF18;
    44183 : EF59;
    44184 : F004;
    44185 : F027;
    44186 : EF76;
    44187 : EF72;
    44188 : F030;
    44189 : F066;
    44190 : F06F;
    44191 : F110;
    44192 : F19C;
    44193 : F1ED;
    44194 : F29E;
    44195 : F312;
    44196 : F2CA;
    44197 : F2E4;
    44198 : F3CA;
    44199 : F457;
    44200 : F44C;
    44201 : F48B;
    44202 : F522;
    44203 : F592;
    44204 : F5FC;
    44205 : F6A3;
    44206 : F759;
    44207 : F7F1;
    44208 : F879;
    44209 : F917;
    44210 : F9C5;
    44211 : FA55;
    44212 : FAF6;
    44213 : FBF5;
    44214 : FCBF;
    44215 : FCDB;
    44216 : FD5B;
    44217 : FEFD;
    44218 : 0064;
    44219 : 00B1;
    44220 : 0129;
    44221 : 026E;
    44222 : 0381;
    44223 : 0446;
    44224 : 057F;
    44225 : 06AC;
    44226 : 072E;
    44227 : 07AE;
    44228 : 0845;
    44229 : 0802;
    44230 : 075D;
    44231 : 07C0;
    44232 : 0895;
    44233 : 0845;
    44234 : 0733;
    44235 : 0692;
    44236 : 060E;
    44237 : 051B;
    44238 : 043E;
    44239 : 03B3;
    44240 : 02FA;
    44241 : 0226;
    44242 : 01C8;
    44243 : 01F7;
    44244 : 0267;
    44245 : 02A6;
    44246 : 0240;
    44247 : 015E;
    44248 : 00BA;
    44249 : 0079;
    44250 : FFFC;
    44251 : FF1A;
    44252 : FE95;
    44253 : FEE0;
    44254 : FF3F;
    44255 : FF0D;
    44256 : FEB7;
    44257 : FE92;
    44258 : FE50;
    44259 : FDFA;
    44260 : FD9E;
    44261 : FCCE;
    44262 : FBE4;
    44263 : FBAB;
    44264 : FB6B;
    44265 : FA49;
    44266 : F940;
    44267 : F8EE;
    44268 : F857;
    44269 : F759;
    44270 : F699;
    44271 : F5B2;
    44272 : F47F;
    44273 : F3CB;
    44274 : F367;
    44275 : F2CC;
    44276 : F2AB;
    44277 : F2FE;
    44278 : F273;
    44279 : F146;
    44280 : F0D7;
    44281 : F0C1;
    44282 : F019;
    44283 : EFB3;
    44284 : F032;
    44285 : F08E;
    44286 : F034;
    44287 : EFEF;
    44288 : F038;
    44289 : F0F2;
    44290 : F210;
    44291 : F305;
    44292 : F347;
    44293 : F39A;
    44294 : F485;
    44295 : F4C9;
    44296 : F402;
    44297 : F3C9;
    44298 : F450;
    44299 : F421;
    44300 : F3A4;
    44301 : F424;
    44302 : F4C5;
    44303 : F4A2;
    44304 : F4A6;
    44305 : F4F2;
    44306 : F4AC;
    44307 : F47A;
    44308 : F51B;
    44309 : F59A;
    44310 : F59D;
    44311 : F641;
    44312 : F798;
    44313 : F8AA;
    44314 : F968;
    44315 : FA25;
    44316 : FAB6;
    44317 : FB18;
    44318 : FB39;
    44319 : FAD5;
    44320 : FAAC;
    44321 : FBB4;
    44322 : FCEE;
    44323 : FD0D;
    44324 : FD28;
    44325 : FE72;
    44326 : FFBD;
    44327 : 002B;
    44328 : 00A7;
    44329 : 0157;
    44330 : 0181;
    44331 : 019C;
    44332 : 0209;
    44333 : 01F7;
    44334 : 018B;
    44335 : 01DE;
    44336 : 02B0;
    44337 : 0323;
    44338 : 033E;
    44339 : 0323;
    44340 : 02F2;
    44341 : 0337;
    44342 : 0395;
    44343 : 0302;
    44344 : 01CA;
    44345 : 0113;
    44346 : 00EC;
    44347 : 0079;
    44348 : FF3E;
    44349 : FDB8;
    44350 : FCDA;
    44351 : FCA7;
    44352 : FC6C;
    44353 : FC46;
    44354 : FC49;
    44355 : FBA3;
    44356 : FA65;
    44357 : F94C;
    44358 : F7F0;
    44359 : F682;
    44360 : F67D;
    44361 : F73D;
    44362 : F6D9;
    44363 : F617;
    44364 : F64F;
    44365 : F677;
    44366 : F62A;
    44367 : F66E;
    44368 : F6DE;
    44369 : F6DA;
    44370 : F713;
    44371 : F74C;
    44372 : F6C5;
    44373 : F67F;
    44374 : F730;
    44375 : F7D1;
    44376 : F7D5;
    44377 : F75B;
    44378 : F655;
    44379 : F580;
    44380 : F552;
    44381 : F4C4;
    44382 : F3F4;
    44383 : F43A;
    44384 : F4BA;
    44385 : F3F9;
    44386 : F332;
    44387 : F39B;
    44388 : F411;
    44389 : F404;
    44390 : F430;
    44391 : F47C;
    44392 : F4A5;
    44393 : F51D;
    44394 : F5A0;
    44395 : F58C;
    44396 : F57D;
    44397 : F63F;
    44398 : F74F;
    44399 : F7E8;
    44400 : F846;
    44401 : F8F1;
    44402 : F9B0;
    44403 : FA1A;
    44404 : FA70;
    44405 : FAFE;
    44406 : FB81;
    44407 : FBED;
    44408 : FC6E;
    44409 : FC95;
    44410 : FC39;
    44411 : FC10;
    44412 : FC40;
    44413 : FC53;
    44414 : FC7C;
    44415 : FCC0;
    44416 : FC7E;
    44417 : FC16;
    44418 : FC47;
    44419 : FC81;
    44420 : FC73;
    44421 : FCDF;
    44422 : FD5F;
    44423 : FD09;
    44424 : FCB3;
    44425 : FD28;
    44426 : FD87;
    44427 : FD80;
    44428 : FDE9;
    44429 : FEB2;
    44430 : FF38;
    44431 : FFAB;
    44432 : 0049;
    44433 : 00EB;
    44434 : 01B1;
    44435 : 02BD;
    44436 : 03AB;
    44437 : 042B;
    44438 : 0472;
    44439 : 04CC;
    44440 : 0525;
    44441 : 0536;
    44442 : 050F;
    44443 : 0508;
    44444 : 0536;
    44445 : 0564;
    44446 : 0544;
    44447 : 04AE;
    44448 : 041B;
    44449 : 043D;
    44450 : 04BA;
    44451 : 04BD;
    44452 : 045E;
    44453 : 0421;
    44454 : 0424;
    44455 : 0451;
    44456 : 040A;
    44457 : 02CD;
    44458 : 01CF;
    44459 : 0225;
    44460 : 026C;
    44461 : 01AD;
    44462 : 016D;
    44463 : 0204;
    44464 : 01A1;
    44465 : 0012;
    44466 : FED6;
    44467 : FE2B;
    44468 : FD7A;
    44469 : FCB3;
    44470 : FBD1;
    44471 : FB05;
    44472 : FAB0;
    44473 : FA7B;
    44474 : F9FF;
    44475 : F999;
    44476 : F948;
    44477 : F896;
    44478 : F7D0;
    44479 : F75D;
    44480 : F6DE;
    44481 : F635;
    44482 : F5E4;
    44483 : F605;
    44484 : F609;
    44485 : F587;
    44486 : F4F5;
    44487 : F4E2;
    44488 : F483;
    44489 : F2F0;
    44490 : F176;
    44491 : F162;
    44492 : F155;
    44493 : F03B;
    44494 : EF7C;
    44495 : EFB9;
    44496 : EFE4;
    44497 : F00E;
    44498 : F0A0;
    44499 : F089;
    44500 : EF86;
    44501 : EF05;
    44502 : EF54;
    44503 : EF5D;
    44504 : EEEA;
    44505 : EE95;
    44506 : EE8A;
    44507 : EEB0;
    44508 : EEFA;
    44509 : EF79;
    44510 : F06E;
    44511 : F1D2;
    44512 : F30E;
    44513 : F3CB;
    44514 : F475;
    44515 : F574;
    44516 : F674;
    44517 : F6FD;
    44518 : F769;
    44519 : F856;
    44520 : F997;
    44521 : FA9F;
    44522 : FB37;
    44523 : FB2A;
    44524 : FA99;
    44525 : FA5F;
    44526 : FAA2;
    44527 : FA75;
    44528 : F9FB;
    44529 : FA67;
    44530 : FB91;
    44531 : FC69;
    44532 : FCF1;
    44533 : FDA5;
    44534 : FE70;
    44535 : FF44;
    44536 : 0011;
    44537 : 0081;
    44538 : 00CE;
    44539 : 018F;
    44540 : 0296;
    44541 : 0355;
    44542 : 03DB;
    44543 : 0487;
    44544 : 0588;
    44545 : 06B8;
    44546 : 0785;
    44547 : 0793;
    44548 : 0791;
    44549 : 085D;
    44550 : 0978;
    44551 : 09B2;
    44552 : 094F;
    44553 : 09A1;
    44554 : 0A9A;
    44555 : 0AF2;
    44556 : 0AA3;
    44557 : 0A9B;
    44558 : 0AD4;
    44559 : 0AE7;
    44560 : 0AE7;
    44561 : 0A83;
    44562 : 0988;
    44563 : 08D6;
    44564 : 08BC;
    44565 : 0858;
    44566 : 078A;
    44567 : 06F0;
    44568 : 0677;
    44569 : 0618;
    44570 : 061A;
    44571 : 061B;
    44572 : 05F3;
    44573 : 05FB;
    44574 : 059C;
    44575 : 0453;
    44576 : 0345;
    44577 : 031C;
    44578 : 0306;
    44579 : 02EF;
    44580 : 0344;
    44581 : 037D;
    44582 : 0365;
    44583 : 035E;
    44584 : 02E1;
    44585 : 0199;
    44586 : 0058;
    44587 : FF6F;
    44588 : FE87;
    44589 : FDC8;
    44590 : FD2C;
    44591 : FC89;
    44592 : FC47;
    44593 : FC3D;
    44594 : FBB9;
    44595 : FB10;
    44596 : FA69;
    44597 : F907;
    44598 : F7A6;
    44599 : F79A;
    44600 : F7DB;
    44601 : F741;
    44602 : F6F7;
    44603 : F781;
    44604 : F7AD;
    44605 : F785;
    44606 : F7C7;
    44607 : F7A2;
    44608 : F67C;
    44609 : F591;
    44610 : F5BC;
    44611 : F627;
    44612 : F60F;
    44613 : F5E8;
    44614 : F62A;
    44615 : F671;
    44616 : F687;
    44617 : F6CB;
    44618 : F719;
    44619 : F73F;
    44620 : F7F3;
    44621 : F92B;
    44622 : F992;
    44623 : F948;
    44624 : F9C5;
    44625 : FADD;
    44626 : FB83;
    44627 : FC00;
    44628 : FCAA;
    44629 : FD2D;
    44630 : FDA3;
    44631 : FE13;
    44632 : FE2E;
    44633 : FE37;
    44634 : FE40;
    44635 : FDF2;
    44636 : FE0B;
    44637 : FEF9;
    44638 : FF71;
    44639 : FF5B;
    44640 : 0024;
    44641 : 010B;
    44642 : 00A1;
    44643 : 003F;
    44644 : 011F;
    44645 : 01F4;
    44646 : 0216;
    44647 : 024E;
    44648 : 02A3;
    44649 : 02F3;
    44650 : 036D;
    44651 : 0382;
    44652 : 0354;
    44653 : 0447;
    44654 : 05FD;
    44655 : 06AC;
    44656 : 06C8;
    44657 : 07CE;
    44658 : 0932;
    44659 : 09F8;
    44660 : 0A8D;
    44661 : 0B2C;
    44662 : 0B68;
    44663 : 0B8B;
    44664 : 0C19;
    44665 : 0CB9;
    44666 : 0CD0;
    44667 : 0C6E;
    44668 : 0C25;
    44669 : 0C4B;
    44670 : 0C68;
    44671 : 0BF1;
    44672 : 0B4E;
    44673 : 0B0D;
    44674 : 0AD5;
    44675 : 0A57;
    44676 : 0A00;
    44677 : 09F2;
    44678 : 09E4;
    44679 : 0A16;
    44680 : 0AB3;
    44681 : 0B07;
    44682 : 0AB4;
    44683 : 0A4B;
    44684 : 09DB;
    44685 : 0906;
    44686 : 085B;
    44687 : 0888;
    44688 : 08E0;
    44689 : 08B8;
    44690 : 0888;
    44691 : 08A3;
    44692 : 08A1;
    44693 : 086F;
    44694 : 0827;
    44695 : 0783;
    44696 : 06A4;
    44697 : 05E2;
    44698 : 0502;
    44699 : 0406;
    44700 : 0376;
    44701 : 02E2;
    44702 : 0197;
    44703 : 0054;
    44704 : FFAF;
    44705 : FECD;
    44706 : FD8F;
    44707 : FCD8;
    44708 : FC53;
    44709 : FB77;
    44710 : FB0C;
    44711 : FB09;
    44712 : FA4E;
    44713 : F94D;
    44714 : F906;
    44715 : F8DD;
    44716 : F84A;
    44717 : F7BF;
    44718 : F72B;
    44719 : F68D;
    44720 : F687;
    44721 : F6C2;
    44722 : F6C4;
    44723 : F75A;
    44724 : F854;
    44725 : F835;
    44726 : F77C;
    44727 : F7D6;
    44728 : F8EC;
    44729 : F9A1;
    44730 : F9E7;
    44731 : F9C4;
    44732 : F95E;
    44733 : F93F;
    44734 : F923;
    44735 : F8B5;
    44736 : F8AA;
    44737 : F92B;
    44738 : F982;
    44739 : F9C6;
    44740 : FA25;
    44741 : FA30;
    44742 : FA38;
    44743 : FAAD;
    44744 : FAE1;
    44745 : FAD7;
    44746 : FB86;
    44747 : FC8F;
    44748 : FD29;
    44749 : FDDE;
    44750 : FEEA;
    44751 : FFA1;
    44752 : 0030;
    44753 : 011E;
    44754 : 0218;
    44755 : 02CB;
    44756 : 0342;
    44757 : 036F;
    44758 : 0396;
    44759 : 03F6;
    44760 : 0448;
    44761 : 04B4;
    44762 : 05B5;
    44763 : 06C5;
    44764 : 073D;
    44765 : 078A;
    44766 : 07F2;
    44767 : 0806;
    44768 : 07E5;
    44769 : 0802;
    44770 : 0828;
    44771 : 0830;
    44772 : 0890;
    44773 : 094C;
    44774 : 099D;
    44775 : 0955;
    44776 : 092F;
    44777 : 0955;
    44778 : 0915;
    44779 : 086A;
    44780 : 07F7;
    44781 : 079F;
    44782 : 0716;
    44783 : 06BE;
    44784 : 068E;
    44785 : 05FC;
    44786 : 057A;
    44787 : 05D0;
    44788 : 0687;
    44789 : 06D9;
    44790 : 06DC;
    44791 : 06B0;
    44792 : 060B;
    44793 : 04E9;
    44794 : 03EB;
    44795 : 039C;
    44796 : 03B4;
    44797 : 03BD;
    44798 : 03F2;
    44799 : 046F;
    44800 : 04C2;
    44801 : 051A;
    44802 : 05B6;
    44803 : 05B2;
    44804 : 04FB;
    44805 : 04F4;
    44806 : 0592;
    44807 : 05A6;
    44808 : 0591;
    44809 : 05D8;
    44810 : 05BF;
    44811 : 056B;
    44812 : 0554;
    44813 : 049A;
    44814 : 0337;
    44815 : 025A;
    44816 : 0196;
    44817 : 0036;
    44818 : FF3E;
    44819 : FEF2;
    44820 : FE73;
    44821 : FE49;
    44822 : FF0E;
    44823 : FF9F;
    44824 : FF3F;
    44825 : FE8E;
    44826 : FE0C;
    44827 : FDEB;
    44828 : FDFB;
    44829 : FDBA;
    44830 : FD8D;
    44831 : FE18;
    44832 : FE9B;
    44833 : FE6B;
    44834 : FE42;
    44835 : FE9A;
    44836 : FF31;
    44837 : FFFC;
    44838 : 00D2;
    44839 : 017B;
    44840 : 0206;
    44841 : 0216;
    44842 : 0181;
    44843 : 0126;
    44844 : 0164;
    44845 : 019B;
    44846 : 01C0;
    44847 : 01FA;
    44848 : 01F3;
    44849 : 01EB;
    44850 : 020B;
    44851 : 0198;
    44852 : 00CD;
    44853 : 00C1;
    44854 : 012B;
    44855 : 015B;
    44856 : 019D;
    44857 : 01E7;
    44858 : 01F9;
    44859 : 025D;
    44860 : 02FB;
    44861 : 0322;
    44862 : 033C;
    44863 : 03BD;
    44864 : 042B;
    44865 : 04C5;
    44866 : 060E;
    44867 : 073A;
    44868 : 07AB;
    44869 : 0804;
    44870 : 089B;
    44871 : 0940;
    44872 : 09F9;
    44873 : 0A6F;
    44874 : 0A35;
    44875 : 09C3;
    44876 : 09AB;
    44877 : 09AC;
    44878 : 095E;
    44879 : 08CA;
    44880 : 083F;
    44881 : 0805;
    44882 : 0802;
    44883 : 07DA;
    44884 : 078A;
    44885 : 0756;
    44886 : 0745;
    44887 : 070C;
    44888 : 0691;
    44889 : 0646;
    44890 : 0653;
    44891 : 0617;
    44892 : 055D;
    44893 : 04C7;
    44894 : 0473;
    44895 : 042A;
    44896 : 044D;
    44897 : 04D1;
    44898 : 04F8;
    44899 : 04DB;
    44900 : 04D3;
    44901 : 0467;
    44902 : 038A;
    44903 : 02BC;
    44904 : 01E7;
    44905 : 0148;
    44906 : 0191;
    44907 : 022C;
    44908 : 0244;
    44909 : 0248;
    44910 : 023E;
    44911 : 019E;
    44912 : 0116;
    44913 : 0141;
    44914 : 015F;
    44915 : 0130;
    44916 : 0119;
    44917 : 00BD;
    44918 : 0014;
    44919 : FFCD;
    44920 : FFB4;
    44921 : FF3E;
    44922 : FEA4;
    44923 : FDEF;
    44924 : FCFE;
    44925 : FC23;
    44926 : FB5B;
    44927 : FA55;
    44928 : F95E;
    44929 : F8AD;
    44930 : F837;
    44931 : F84E;
    44932 : F893;
    44933 : F7FB;
    44934 : F6FD;
    44935 : F6C3;
    44936 : F6C8;
    44937 : F63D;
    44938 : F5B7;
    44939 : F5A7;
    44940 : F5A3;
    44941 : F58A;
    44942 : F56A;
    44943 : F548;
    44944 : F595;
    44945 : F682;
    44946 : F784;
    44947 : F85D;
    44948 : F95E;
    44949 : FA86;
    44950 : FB82;
    44951 : FC44;
    44952 : FCE4;
    44953 : FD6B;
    44954 : FDF2;
    44955 : FEA7;
    44956 : FF86;
    44957 : 0028;
    44958 : 0030;
    44959 : FFEB;
    44960 : FFF5;
    44961 : 0053;
    44962 : 0081;
    44963 : 005A;
    44964 : 0048;
    44965 : 00AF;
    44966 : 0199;
    44967 : 02CA;
    44968 : 03D4;
    44969 : 048A;
    44970 : 055F;
    44971 : 0682;
    44972 : 0760;
    44973 : 07F2;
    44974 : 08EF;
    44975 : 0A04;
    44976 : 0A5A;
    44977 : 0A8E;
    44978 : 0B7A;
    44979 : 0C94;
    44980 : 0D7A;
    44981 : 0E81;
    44982 : 0F6D;
    44983 : 102A;
    44984 : 1126;
    44985 : 11C3;
    44986 : 115C;
    44987 : 10F2;
    44988 : 1107;
    44989 : 10E1;
    44990 : 10CC;
    44991 : 112A;
    44992 : 10D8;
    44993 : 0FD7;
    44994 : 0F8E;
    44995 : 0F91;
    44996 : 0EC6;
    44997 : 0DFD;
    44998 : 0DA9;
    44999 : 0CEF;
    45000 : 0C27;
    45001 : 0BEA;
    45002 : 0B47;
    45003 : 09F8;
    45004 : 0920;
    45005 : 08EB;
    45006 : 08D6;
    45007 : 0901;
    45008 : 0916;
    45009 : 0881;
    45010 : 07DD;
    45011 : 07A0;
    45012 : 0716;
    45013 : 062B;
    45014 : 05BF;
    45015 : 05F7;
    45016 : 066C;
    45017 : 06E7;
    45018 : 06D9;
    45019 : 05EA;
    45020 : 0507;
    45021 : 04E4;
    45022 : 04AD;
    45023 : 03C6;
    45024 : 02EC;
    45025 : 02AC;
    45026 : 028D;
    45027 : 0224;
    45028 : 017A;
    45029 : 00C0;
    45030 : 002C;
    45031 : FFA5;
    45032 : FED2;
    45033 : FDDA;
    45034 : FD29;
    45035 : FCB4;
    45036 : FC55;
    45037 : FC20;
    45038 : FBFC;
    45039 : FBDC;
    45040 : FBED;
    45041 : FBEF;
    45042 : FBA2;
    45043 : FB5C;
    45044 : FB2C;
    45045 : FAB9;
    45046 : FA35;
    45047 : F9D1;
    45048 : F94E;
    45049 : F900;
    45050 : F942;
    45051 : F958;
    45052 : F90B;
    45053 : F94C;
    45054 : FA0A;
    45055 : FA68;
    45056 : FAA0;
    45057 : FB1C;
    45058 : FB76;
    45059 : FBCB;
    45060 : FC97;
    45061 : FD69;
    45062 : FDB8;
    45063 : FDDA;
    45064 : FE38;
    45065 : FECE;
    45066 : FF69;
    45067 : FFD9;
    45068 : 003C;
    45069 : 00BE;
    45070 : 0111;
    45071 : 00F0;
    45072 : 00AF;
    45073 : 00C4;
    45074 : 0162;
    45075 : 0256;
    45076 : 0309;
    45077 : 034A;
    45078 : 0388;
    45079 : 03D9;
    45080 : 03FC;
    45081 : 042E;
    45082 : 04A7;
    45083 : 051F;
    45084 : 0574;
    45085 : 05CE;
    45086 : 0647;
    45087 : 0701;
    45088 : 07EE;
    45089 : 08B0;
    45090 : 0941;
    45091 : 0A0B;
    45092 : 0B4D;
    45093 : 0CBA;
    45094 : 0DAF;
    45095 : 0E26;
    45096 : 0EEA;
    45097 : 1000;
    45098 : 1074;
    45099 : 1056;
    45100 : 1066;
    45101 : 1073;
    45102 : 1063;
    45103 : 1095;
    45104 : 106E;
    45105 : 0F8A;
    45106 : 0EEA;
    45107 : 0EA9;
    45108 : 0DED;
    45109 : 0D23;
    45110 : 0CAF;
    45111 : 0BD5;
    45112 : 0AE0;
    45113 : 0A8B;
    45114 : 0A4D;
    45115 : 0A39;
    45116 : 0B0F;
    45117 : 0BBB;
    45118 : 0B15;
    45119 : 09F5;
    45120 : 08F5;
    45121 : 07FD;
    45122 : 0795;
    45123 : 0779;
    45124 : 06E4;
    45125 : 06B3;
    45126 : 075B;
    45127 : 078B;
    45128 : 0730;
    45129 : 0728;
    45130 : 06B8;
    45131 : 0592;
    45132 : 04F2;
    45133 : 04C5;
    45134 : 043E;
    45135 : 03DC;
    45136 : 03A1;
    45137 : 02CA;
    45138 : 01EB;
    45139 : 018C;
    45140 : 00C0;
    45141 : FF6F;
    45142 : FE99;
    45143 : FE02;
    45144 : FCE5;
    45145 : FBA9;
    45146 : FAE7;
    45147 : FA62;
    45148 : F9D7;
    45149 : F96D;
    45150 : F93D;
    45151 : F910;
    45152 : F8BF;
    45153 : F865;
    45154 : F805;
    45155 : F7A1;
    45156 : F764;
    45157 : F71D;
    45158 : F67D;
    45159 : F61B;
    45160 : F67E;
    45161 : F6E5;
    45162 : F6BD;
    45163 : F685;
    45164 : F676;
    45165 : F65A;
    45166 : F648;
    45167 : F643;
    45168 : F652;
    45169 : F6C0;
    45170 : F713;
    45171 : F6A5;
    45172 : F63C;
    45173 : F69A;
    45174 : F708;
    45175 : F711;
    45176 : F733;
    45177 : F77A;
    45178 : F79F;
    45179 : F7AE;
    45180 : F7B3;
    45181 : F7D9;
    45182 : F854;
    45183 : F8D3;
    45184 : F943;
    45185 : FA07;
    45186 : FAE4;
    45187 : FB71;
    45188 : FBCD;
    45189 : FBDE;
    45190 : FBA8;
    45191 : FBEB;
    45192 : FCAC;
    45193 : FD0F;
    45194 : FD47;
    45195 : FDEF;
    45196 : FE9D;
    45197 : FF24;
    45198 : FFE1;
    45199 : 0086;
    45200 : 00E0;
    45201 : 015E;
    45202 : 01F2;
    45203 : 0264;
    45204 : 0314;
    45205 : 03E6;
    45206 : 045F;
    45207 : 04BC;
    45208 : 0533;
    45209 : 0582;
    45210 : 05B1;
    45211 : 05C2;
    45212 : 0579;
    45213 : 0529;
    45214 : 051B;
    45215 : 04C0;
    45216 : 03F4;
    45217 : 0358;
    45218 : 02F7;
    45219 : 026D;
    45220 : 01C3;
    45221 : 0110;
    45222 : 005B;
    45223 : FFDD;
    45224 : FF94;
    45225 : FF41;
    45226 : FED6;
    45227 : FE57;
    45228 : FDB8;
    45229 : FCEC;
    45230 : FBF0;
    45231 : FB25;
    45232 : FB00;
    45233 : FB16;
    45234 : FADC;
    45235 : FAD0;
    45236 : FB40;
    45237 : FB7F;
    45238 : FB6B;
    45239 : FB9B;
    45240 : FBFB;
    45241 : FC35;
    45242 : FC86;
    45243 : FCE8;
    45244 : FCEE;
    45245 : FC93;
    45246 : FC21;
    45247 : FBC0;
    45248 : FB76;
    45249 : FAF7;
    45250 : FA03;
    45251 : F902;
    45252 : F86E;
    45253 : F82B;
    45254 : F805;
    45255 : F7E9;
    45256 : F7C2;
    45257 : F7B1;
    45258 : F7ED;
    45259 : F86B;
    45260 : F8FB;
    45261 : F93D;
    45262 : F8E4;
    45263 : F885;
    45264 : F8DD;
    45265 : F958;
    45266 : F943;
    45267 : F939;
    45268 : F9A2;
    45269 : F9D4;
    45270 : F9C2;
    45271 : FA24;
    45272 : FAD2;
    45273 : FB2D;
    45274 : FB50;
    45275 : FB8B;
    45276 : FBF2;
    45277 : FC98;
    45278 : FD2B;
    45279 : FD1B;
    45280 : FCC7;
    45281 : FD06;
    45282 : FD72;
    45283 : FCFC;
    45284 : FC17;
    45285 : FC33;
    45286 : FD2E;
    45287 : FD76;
    45288 : FCAB;
    45289 : FBE1;
    45290 : FBA4;
    45291 : FBAF;
    45292 : FC00;
    45293 : FCA6;
    45294 : FD5B;
    45295 : FDED;
    45296 : FE51;
    45297 : FE94;
    45298 : FF1D;
    45299 : 0019;
    45300 : 00DC;
    45301 : 0116;
    45302 : 018F;
    45303 : 02A3;
    45304 : 038F;
    45305 : 03EC;
    45306 : 0453;
    45307 : 050C;
    45308 : 058F;
    45309 : 059D;
    45310 : 05AE;
    45311 : 0603;
    45312 : 0653;
    45313 : 0686;
    45314 : 06B0;
    45315 : 0682;
    45316 : 05F5;
    45317 : 0598;
    45318 : 0574;
    45319 : 0516;
    45320 : 04D4;
    45321 : 051E;
    45322 : 0575;
    45323 : 058A;
    45324 : 05B4;
    45325 : 05C2;
    45326 : 055F;
    45327 : 04FC;
    45328 : 04AD;
    45329 : 03D8;
    45330 : 02DA;
    45331 : 02BB;
    45332 : 034D;
    45333 : 039B;
    45334 : 039B;
    45335 : 03C7;
    45336 : 03C4;
    45337 : 02CE;
    45338 : 0114;
    45339 : FF91;
    45340 : FEB2;
    45341 : FE33;
    45342 : FE02;
    45343 : FE00;
    45344 : FDB0;
    45345 : FD18;
    45346 : FCB4;
    45347 : FC58;
    45348 : FBC0;
    45349 : FB60;
    45350 : FB62;
    45351 : FB61;
    45352 : FB64;
    45353 : FB4F;
    45354 : FA8B;
    45355 : F97C;
    45356 : F93A;
    45357 : F96A;
    45358 : F8EE;
    45359 : F7F1;
    45360 : F722;
    45361 : F682;
    45362 : F601;
    45363 : F598;
    45364 : F4FF;
    45365 : F45C;
    45366 : F41A;
    45367 : F40B;
    45368 : F410;
    45369 : F457;
    45370 : F47C;
    45371 : F423;
    45372 : F3D4;
    45373 : F39C;
    45374 : F2E9;
    45375 : F240;
    45376 : F25E;
    45377 : F28C;
    45378 : F245;
    45379 : F240;
    45380 : F2C9;
    45381 : F394;
    45382 : F4A3;
    45383 : F5B3;
    45384 : F671;
    45385 : F762;
    45386 : F892;
    45387 : F930;
    45388 : F96F;
    45389 : FA0B;
    45390 : FA8C;
    45391 : FA86;
    45392 : FA98;
    45393 : FAEB;
    45394 : FB27;
    45395 : FB5D;
    45396 : FB44;
    45397 : FA88;
    45398 : F9F8;
    45399 : FA2F;
    45400 : FA80;
    45401 : FAAE;
    45402 : FB74;
    45403 : FCD0;
    45404 : FE01;
    45405 : FEBF;
    45406 : FF59;
    45407 : 000F;
    45408 : 00B6;
    45409 : 011B;
    45410 : 01A0;
    45411 : 029C;
    45412 : 0377;
    45413 : 03D2;
    45414 : 045F;
    45415 : 056D;
    45416 : 0658;
    45417 : 06FB;
    45418 : 07C7;
    45419 : 0897;
    45420 : 091A;
    45421 : 0993;
    45422 : 0A1A;
    45423 : 0A35;
    45424 : 09DF;
    45425 : 09B0;
    45426 : 09B7;
    45427 : 0986;
    45428 : 0932;
    45429 : 08F5;
    45430 : 08AC;
    45431 : 0871;
    45432 : 084B;
    45433 : 07A6;
    45434 : 06B6;
    45435 : 068D;
    45436 : 06C9;
    45437 : 062F;
    45438 : 0528;
    45439 : 0481;
    45440 : 03EA;
    45441 : 039C;
    45442 : 042D;
    45443 : 04C2;
    45444 : 0490;
    45445 : 0412;
    45446 : 0343;
    45447 : 01ED;
    45448 : 0112;
    45449 : 0134;
    45450 : 0151;
    45451 : 00D9;
    45452 : 0049;
    45453 : 001B;
    45454 : 0053;
    45455 : 0046;
    45456 : FF46;
    45457 : FDF0;
    45458 : FD3B;
    45459 : FCFE;
    45460 : FCAB;
    45461 : FBF5;
    45462 : FAD7;
    45463 : FA08;
    45464 : F9FE;
    45465 : F9D5;
    45466 : F916;
    45467 : F88F;
    45468 : F85B;
    45469 : F805;
    45470 : F7D5;
    45471 : F7AD;
    45472 : F704;
    45473 : F66B;
    45474 : F67D;
    45475 : F6C2;
    45476 : F723;
    45477 : F7AF;
    45478 : F7B1;
    45479 : F746;
    45480 : F76C;
    45481 : F7C5;
    45482 : F780;
    45483 : F73D;
    45484 : F796;
    45485 : F7FE;
    45486 : F82B;
    45487 : F843;
    45488 : F821;
    45489 : F804;
    45490 : F892;
    45491 : F99B;
    45492 : FA55;
    45493 : FADA;
    45494 : FBD2;
    45495 : FCF7;
    45496 : FD98;
    45497 : FE00;
    45498 : FE95;
    45499 : FEBE;
    45500 : FE8C;
    45501 : FF1C;
    45502 : 0029;
    45503 : 0069;
    45504 : 0029;
    45505 : 0049;
    45506 : 0065;
    45507 : 005C;
    45508 : 00B7;
    45509 : 010B;
    45510 : 00E4;
    45511 : 0108;
    45512 : 01C8;
    45513 : 027F;
    45514 : 030A;
    45515 : 0382;
    45516 : 0397;
    45517 : 0398;
    45518 : 042D;
    45519 : 050B;
    45520 : 05BF;
    45521 : 0667;
    45522 : 06CE;
    45523 : 06BF;
    45524 : 071E;
    45525 : 0891;
    45526 : 0A2B;
    45527 : 0B2D;
    45528 : 0C2B;
    45529 : 0D64;
    45530 : 0E52;
    45531 : 0F15;
    45532 : 0FF2;
    45533 : 105D;
    45534 : 106B;
    45535 : 1103;
    45536 : 11BD;
    45537 : 117A;
    45538 : 10C7;
    45539 : 109F;
    45540 : 1097;
    45541 : 1041;
    45542 : 0FE2;
    45543 : 0F4E;
    45544 : 0E83;
    45545 : 0E42;
    45546 : 0E64;
    45547 : 0DCF;
    45548 : 0CAB;
    45549 : 0C2A;
    45550 : 0C8D;
    45551 : 0D3D;
    45552 : 0DC7;
    45553 : 0DDF;
    45554 : 0D74;
    45555 : 0CDE;
    45556 : 0C3B;
    45557 : 0B56;
    45558 : 0A7C;
    45559 : 0A28;
    45560 : 0A17;
    45561 : 0A00;
    45562 : 0A56;
    45563 : 0B0B;
    45564 : 0B21;
    45565 : 0A75;
    45566 : 09D6;
    45567 : 0949;
    45568 : 086B;
    45569 : 07B0;
    45570 : 075A;
    45571 : 06D1;
    45572 : 05E6;
    45573 : 04FB;
    45574 : 0430;
    45575 : 0379;
    45576 : 02AC;
    45577 : 017B;
    45578 : 0028;
    45579 : FF3E;
    45580 : FE8C;
    45581 : FDA9;
    45582 : FCC0;
    45583 : FC09;
    45584 : FB7D;
    45585 : FB11;
    45586 : FAAC;
    45587 : FA5C;
    45588 : FA41;
    45589 : FA1D;
    45590 : F9F1;
    45591 : FA40;
    45592 : FAE1;
    45593 : FB0B;
    45594 : FABC;
    45595 : FA77;
    45596 : FA73;
    45597 : FACA;
    45598 : FB4E;
    45599 : FB8C;
    45600 : FBAD;
    45601 : FC18;
    45602 : FC7E;
    45603 : FC99;
    45604 : FCAB;
    45605 : FCC2;
    45606 : FCB0;
    45607 : FC83;
    45608 : FC70;
    45609 : FCB3;
    45610 : FD3A;
    45611 : FDA5;
    45612 : FE15;
    45613 : FEC1;
    45614 : FEE7;
    45615 : FE32;
    45616 : FDDE;
    45617 : FE8A;
    45618 : FF4C;
    45619 : FF9F;
    45620 : FFD8;
    45621 : 004C;
    45622 : 013C;
    45623 : 025E;
    45624 : 030A;
    45625 : 0364;
    45626 : 03B8;
    45627 : 03AE;
    45628 : 038A;
    45629 : 03DC;
    45630 : 0422;
    45631 : 042F;
    45632 : 04B6;
    45633 : 0560;
    45634 : 0598;
    45635 : 05FA;
    45636 : 0695;
    45637 : 06CA;
    45638 : 0726;
    45639 : 0810;
    45640 : 08BB;
    45641 : 092B;
    45642 : 09D4;
    45643 : 0A15;
    45644 : 0A09;
    45645 : 0ABA;
    45646 : 0B98;
    45647 : 0B96;
    45648 : 0B58;
    45649 : 0B85;
    45650 : 0BA2;
    45651 : 0B53;
    45652 : 0A8A;
    45653 : 0989;
    45654 : 0922;
    45655 : 092F;
    45656 : 0880;
    45657 : 0746;
    45658 : 0698;
    45659 : 065B;
    45660 : 064C;
    45661 : 06C3;
    45662 : 0744;
    45663 : 0705;
    45664 : 0640;
    45665 : 0510;
    45666 : 0372;
    45667 : 0267;
    45668 : 026F;
    45669 : 0287;
    45670 : 0268;
    45671 : 02E3;
    45672 : 03A7;
    45673 : 03DC;
    45674 : 03CC;
    45675 : 03CE;
    45676 : 03B2;
    45677 : 03AD;
    45678 : 03D0;
    45679 : 03A5;
    45680 : 036E;
    45681 : 039C;
    45682 : 036C;
    45683 : 0263;
    45684 : 013D;
    45685 : 0024;
    45686 : FEBF;
    45687 : FD96;
    45688 : FCDC;
    45689 : FBD6;
    45690 : FACD;
    45691 : FA88;
    45692 : FA49;
    45693 : F959;
    45694 : F8BA;
    45695 : F924;
    45696 : F9C2;
    45697 : F9DB;
    45698 : F9A4;
    45699 : F985;
    45700 : F99E;
    45701 : F9B0;
    45702 : F98A;
    45703 : F975;
    45704 : F9A0;
    45705 : F9C0;
    45706 : F9DF;
    45707 : FA55;
    45708 : FB23;
    45709 : FC15;
    45710 : FCF2;
    45711 : FD6D;
    45712 : FD98;
    45713 : FDD2;
    45714 : FE11;
    45715 : FE2C;
    45716 : FE5C;
    45717 : FEBB;
    45718 : FEF2;
    45719 : FEBE;
    45720 : FE61;
    45721 : FE59;
    45722 : FEAA;
    45723 : FECF;
    45724 : FEBB;
    45725 : FEDC;
    45726 : FF03;
    45727 : FED5;
    45728 : FEC8;
    45729 : FF11;
    45730 : FF30;
    45731 : FF4F;
    45732 : FFFC;
    45733 : 00D6;
    45734 : 0175;
    45735 : 022E;
    45736 : 02DF;
    45737 : 031F;
    45738 : 0344;
    45739 : 03A1;
    45740 : 040A;
    45741 : 04AC;
    45742 : 059B;
    45743 : 0629;
    45744 : 0625;
    45745 : 063F;
    45746 : 069B;
    45747 : 06D8;
    45748 : 070D;
    45749 : 074E;
    45750 : 074C;
    45751 : 06FD;
    45752 : 069F;
    45753 : 064F;
    45754 : 0646;
    45755 : 0685;
    45756 : 06A0;
    45757 : 06B6;
    45758 : 074E;
    45759 : 07EB;
    45760 : 07BD;
    45761 : 0745;
    45762 : 0739;
    45763 : 0732;
    45764 : 06CD;
    45765 : 0647;
    45766 : 05AE;
    45767 : 0525;
    45768 : 0534;
    45769 : 05D4;
    45770 : 066A;
    45771 : 06A1;
    45772 : 0653;
    45773 : 0577;
    45774 : 045D;
    45775 : 0335;
    45776 : 022D;
    45777 : 01C8;
    45778 : 01F7;
    45779 : 01F1;
    45780 : 019C;
    45781 : 015A;
    45782 : 0127;
    45783 : 0123;
    45784 : 015F;
    45785 : 0112;
    45786 : 001C;
    45787 : FF98;
    45788 : FFBC;
    45789 : FFC6;
    45790 : FF99;
    45791 : FF45;
    45792 : FE9D;
    45793 : FE03;
    45794 : FD90;
    45795 : FCAF;
    45796 : FBA9;
    45797 : FB05;
    45798 : FA2E;
    45799 : F90B;
    45800 : F865;
    45801 : F7E7;
    45802 : F6FF;
    45803 : F660;
    45804 : F64F;
    45805 : F617;
    45806 : F5CD;
    45807 : F5BF;
    45808 : F58B;
    45809 : F544;
    45810 : F537;
    45811 : F4E4;
    45812 : F442;
    45813 : F412;
    45814 : F444;
    45815 : F464;
    45816 : F4DE;
    45817 : F5FC;
    45818 : F744;
    45819 : F864;
    45820 : F952;
    45821 : FA18;
    45822 : FAF4;
    45823 : FBD8;
    45824 : FC4A;
    45825 : FC5D;
    45826 : FCAD;
    45827 : FD67;
    45828 : FE30;
    45829 : FE97;
    45830 : FE92;
    45831 : FEA1;
    45832 : FED9;
    45833 : FE9B;
    45834 : FE11;
    45835 : FE3D;
    45836 : FF0C;
    45837 : FF9E;
    45838 : 0011;
    45839 : 0103;
    45840 : 0269;
    45841 : 03F2;
    45842 : 052C;
    45843 : 05B1;
    45844 : 05F6;
    45845 : 0682;
    45846 : 06CD;
    45847 : 06B1;
    45848 : 0715;
    45849 : 07FF;
    45850 : 08AD;
    45851 : 0962;
    45852 : 0A71;
    45853 : 0B2A;
    45854 : 0B8E;
    45855 : 0C44;
    45856 : 0CD5;
    45857 : 0CB0;
    45858 : 0C75;
    45859 : 0C81;
    45860 : 0C6A;
    45861 : 0C42;
    45862 : 0C39;
    45863 : 0C05;
    45864 : 0BA7;
    45865 : 0B63;
    45866 : 0B1A;
    45867 : 0AAC;
    45868 : 0A3F;
    45869 : 09E0;
    45870 : 098A;
    45871 : 0910;
    45872 : 084D;
    45873 : 0786;
    45874 : 06CB;
    45875 : 05B0;
    45876 : 04B3;
    45877 : 04D7;
    45878 : 0592;
    45879 : 05C3;
    45880 : 05A2;
    45881 : 0584;
    45882 : 04E5;
    45883 : 03B4;
    45884 : 0265;
    45885 : 0141;
    45886 : 00D0;
    45887 : 0129;
    45888 : 0143;
    45889 : 00B1;
    45890 : 0055;
    45891 : 0065;
    45892 : 0007;
    45893 : FEF9;
    45894 : FDDC;
    45895 : FD26;
    45896 : FCAF;
    45897 : FC0D;
    45898 : FB31;
    45899 : FA62;
    45900 : F9AB;
    45901 : F916;
    45902 : F8E1;
    45903 : F8CF;
    45904 : F864;
    45905 : F7C1;
    45906 : F718;
    45907 : F643;
    45908 : F570;
    45909 : F4E0;
    45910 : F449;
    45911 : F3BC;
    45912 : F3DE;
    45913 : F486;
    45914 : F4BE;
    45915 : F432;
    45916 : F36A;
    45917 : F2E9;
    45918 : F2AB;
    45919 : F258;
    45920 : F1DB;
    45921 : F18B;
    45922 : F189;
    45923 : F15E;
    45924 : F0B5;
    45925 : F01F;
    45926 : F06A;
    45927 : F16A;
    45928 : F23C;
    45929 : F2A3;
    45930 : F314;
    45931 : F3A2;
    45932 : F414;
    45933 : F46E;
    45934 : F4BC;
    45935 : F516;
    45936 : F5C3;
    45937 : F6B3;
    45938 : F77D;
    45939 : F800;
    45940 : F863;
    45941 : F8B2;
    45942 : F8D9;
    45943 : F8D3;
    45944 : F8D7;
    45945 : F92C;
    45946 : F9AE;
    45947 : FA2F;
    45948 : FAD7;
    45949 : FB7C;
    45950 : FBFB;
    45951 : FCEF;
    45952 : FE4B;
    45953 : FEE7;
    45954 : FEDC;
    45955 : FF71;
    45956 : 0074;
    45957 : 00D6;
    45958 : 00B5;
    45959 : 00BC;
    45960 : 0159;
    45961 : 02BC;
    45962 : 0438;
    45963 : 0511;
    45964 : 05B5;
    45965 : 0694;
    45966 : 0763;
    45967 : 082B;
    45968 : 08FD;
    45969 : 0965;
    45970 : 097D;
    45971 : 09A7;
    45972 : 09B3;
    45973 : 09BC;
    45974 : 09E9;
    45975 : 09BF;
    45976 : 097A;
    45977 : 09B9;
    45978 : 098E;
    45979 : 085E;
    45980 : 0791;
    45981 : 07BA;
    45982 : 07B7;
    45983 : 073D;
    45984 : 06BA;
    45985 : 0635;
    45986 : 061A;
    45987 : 06A1;
    45988 : 0727;
    45989 : 0796;
    45990 : 080F;
    45991 : 07D4;
    45992 : 06DC;
    45993 : 0618;
    45994 : 0594;
    45995 : 0529;
    45996 : 0543;
    45997 : 0574;
    45998 : 0531;
    45999 : 0521;
    46000 : 0542;
    46001 : 04D7;
    46002 : 0478;
    46003 : 049E;
    46004 : 044B;
    46005 : 0370;
    46006 : 02F4;
    46007 : 0258;
    46008 : 0107;
    46009 : FFE4;
    46010 : FF58;
    46011 : FED5;
    46012 : FE50;
    46013 : FDBA;
    46014 : FCB2;
    46015 : FB95;
    46016 : FACA;
    46017 : F9EB;
    46018 : F8EE;
    46019 : F84E;
    46020 : F7E4;
    46021 : F784;
    46022 : F79A;
    46023 : F7FF;
    46024 : F7F5;
    46025 : F78A;
    46026 : F739;
    46027 : F6F0;
    46028 : F687;
    46029 : F618;
    46030 : F5A5;
    46031 : F568;
    46032 : F5A4;
    46033 : F5D9;
    46034 : F584;
    46035 : F53D;
    46036 : F575;
    46037 : F59E;
    46038 : F57B;
    46039 : F55F;
    46040 : F53E;
    46041 : F517;
    46042 : F51F;
    46043 : F50D;
    46044 : F4EC;
    46045 : F567;
    46046 : F626;
    46047 : F663;
    46048 : F6AC;
    46049 : F771;
    46050 : F810;
    46051 : F870;
    46052 : F8BD;
    46053 : F8A8;
    46054 : F8E1;
    46055 : FA24;
    46056 : FB39;
    46057 : FB81;
    46058 : FC61;
    46059 : FDEC;
    46060 : FEE4;
    46061 : FF8E;
    46062 : 003E;
    46063 : 006E;
    46064 : 00BC;
    46065 : 01B8;
    46066 : 0260;
    46067 : 0295;
    46068 : 032F;
    46069 : 03C0;
    46070 : 0411;
    46071 : 04FE;
    46072 : 0628;
    46073 : 06BC;
    46074 : 0736;
    46075 : 07D0;
    46076 : 0846;
    46077 : 090E;
    46078 : 09E3;
    46079 : 09F1;
    46080 : 09F3;
    46081 : 0A9F;
    46082 : 0AF4;
    46083 : 0A8D;
    46084 : 0A3A;
    46085 : 0A2F;
    46086 : 0A3D;
    46087 : 0A45;
    46088 : 09E2;
    46089 : 093D;
    46090 : 08C1;
    46091 : 080B;
    46092 : 0719;
    46093 : 0680;
    46094 : 05E1;
    46095 : 053A;
    46096 : 05A0;
    46097 : 069E;
    46098 : 06BE;
    46099 : 064C;
    46100 : 05C9;
    46101 : 04A9;
    46102 : 0374;
    46103 : 0313;
    46104 : 02FB;
    46105 : 02F6;
    46106 : 0388;
    46107 : 0440;
    46108 : 04CE;
    46109 : 059A;
    46110 : 0621;
    46111 : 05F3;
    46112 : 05C5;
    46113 : 05AD;
    46114 : 0557;
    46115 : 054A;
    46116 : 054B;
    46117 : 04A6;
    46118 : 041E;
    46119 : 0412;
    46120 : 0380;
    46121 : 02AF;
    46122 : 024E;
    46123 : 016D;
    46124 : 0009;
    46125 : FF58;
    46126 : FEE0;
    46127 : FE23;
    46128 : FE49;
    46129 : FF02;
    46130 : FF12;
    46131 : FF58;
    46132 : 003D;
    46133 : 0026;
    46134 : FF55;
    46135 : FF8B;
    46136 : 0041;
    46137 : 001D;
    46138 : FF9B;
    46139 : FF71;
    46140 : FF8C;
    46141 : FFBE;
    46142 : FFBF;
    46143 : FF8B;
    46144 : FF9F;
    46145 : 0006;
    46146 : 007A;
    46147 : 0105;
    46148 : 0161;
    46149 : 014A;
    46150 : 0142;
    46151 : 017F;
    46152 : 0182;
    46153 : 0146;
    46154 : 010D;
    46155 : 00DC;
    46156 : 00EE;
    46157 : 0128;
    46158 : 0102;
    46159 : 00E5;
    46160 : 0149;
    46161 : 014F;
    46162 : 00B3;
    46163 : 00B8;
    46164 : 0182;
    46165 : 01EF;
    46166 : 021E;
    46167 : 0305;
    46168 : 0474;
    46169 : 058E;
    46170 : 0607;
    46171 : 062D;
    46172 : 0651;
    46173 : 069E;
    46174 : 072F;
    46175 : 07DD;
    46176 : 0836;
    46177 : 086F;
    46178 : 093B;
    46179 : 0A28;
    46180 : 0A84;
    46181 : 0AFF;
    46182 : 0BD4;
    46183 : 0BEC;
    46184 : 0B97;
    46185 : 0BFD;
    46186 : 0C5F;
    46187 : 0BFD;
    46188 : 0BE5;
    46189 : 0C5D;
    46190 : 0C84;
    46191 : 0C7B;
    46192 : 0C7A;
    46193 : 0C25;
    46194 : 0BF5;
    46195 : 0C38;
    46196 : 0BE9;
    46197 : 0AD6;
    46198 : 0A1C;
    46199 : 0A02;
    46200 : 09FD;
    46201 : 09A1;
    46202 : 08AF;
    46203 : 07B9;
    46204 : 07A1;
    46205 : 07F3;
    46206 : 07E7;
    46207 : 07C0;
    46208 : 077B;
    46209 : 067F;
    46210 : 0522;
    46211 : 040A;
    46212 : 0300;
    46213 : 01D8;
    46214 : 0116;
    46215 : 00F5;
    46216 : 0126;
    46217 : 017E;
    46218 : 01F6;
    46219 : 0224;
    46220 : 01BC;
    46221 : 0149;
    46222 : 0136;
    46223 : 0118;
    46224 : 00DE;
    46225 : 00D4;
    46226 : 0082;
    46227 : FFD4;
    46228 : FF87;
    46229 : FF35;
    46230 : FE2B;
    46231 : FD51;
    46232 : FCEB;
    46233 : FBDB;
    46234 : FA6E;
    46235 : F980;
    46236 : F890;
    46237 : F7DC;
    46238 : F811;
    46239 : F808;
    46240 : F746;
    46241 : F72D;
    46242 : F777;
    46243 : F6DD;
    46244 : F624;
    46245 : F5FF;
    46246 : F59F;
    46247 : F506;
    46248 : F4AE;
    46249 : F470;
    46250 : F49B;
    46251 : F54A;
    46252 : F5A8;
    46253 : F5E1;
    46254 : F6C8;
    46255 : F7EF;
    46256 : F8E7;
    46257 : F9F6;
    46258 : FAAA;
    46259 : FAB1;
    46260 : FADE;
    46261 : FB54;
    46262 : FB4C;
    46263 : FAF1;
    46264 : FAE8;
    46265 : FB03;
    46266 : FAE6;
    46267 : FAED;
    46268 : FB62;
    46269 : FBB5;
    46270 : FB8A;
    46271 : FB92;
    46272 : FC18;
    46273 : FC82;
    46274 : FD0D;
    46275 : FE38;
    46276 : FF2B;
    46277 : FFAA;
    46278 : 00B5;
    46279 : 01C5;
    46280 : 01DF;
    46281 : 0230;
    46282 : 036E;
    46283 : 045E;
    46284 : 04DE;
    46285 : 05C4;
    46286 : 06A4;
    46287 : 0737;
    46288 : 07F5;
    46289 : 089D;
    46290 : 0923;
    46291 : 0A1F;
    46292 : 0B2A;
    46293 : 0B9C;
    46294 : 0BEA;
    46295 : 0C48;
    46296 : 0C5D;
    46297 : 0C6E;
    46298 : 0CCC;
    46299 : 0D26;
    46300 : 0D15;
    46301 : 0C8C;
    46302 : 0C21;
    46303 : 0C4F;
    46304 : 0C60;
    46305 : 0BC5;
    46306 : 0B1A;
    46307 : 0A7B;
    46308 : 098C;
    46309 : 08D8;
    46310 : 0865;
    46311 : 075F;
    46312 : 062E;
    46313 : 05AB;
    46314 : 0596;
    46315 : 05CD;
    46316 : 063D;
    46317 : 0629;
    46318 : 05A0;
    46319 : 050F;
    46320 : 03E4;
    46321 : 0257;
    46322 : 0192;
    46323 : 0139;
    46324 : 009A;
    46325 : 001F;
    46326 : FFB3;
    46327 : FF2C;
    46328 : FF0E;
    46329 : FEAF;
    46330 : FD57;
    46331 : FC3D;
    46332 : FBCB;
    46333 : FB07;
    46334 : FA71;
    46335 : FA91;
    46336 : FA74;
    46337 : FA44;
    46338 : FA81;
    46339 : FA08;
    46340 : F8BB;
    46341 : F7DB;
    46342 : F71D;
    46343 : F5F7;
    46344 : F52F;
    46345 : F4CD;
    46346 : F44E;
    46347 : F3F9;
    46348 : F3C5;
    46349 : F390;
    46350 : F3BE;
    46351 : F3D0;
    46352 : F331;
    46353 : F2A0;
    46354 : F266;
    46355 : F215;
    46356 : F1EB;
    46357 : F1CA;
    46358 : F14F;
    46359 : F11B;
    46360 : F114;
    46361 : F06C;
    46362 : F038;
    46363 : F146;
    46364 : F23A;
    46365 : F2DD;
    46366 : F3F4;
    46367 : F491;
    46368 : F48B;
    46369 : F53B;
    46370 : F5F6;
    46371 : F5C7;
    46372 : F605;
    46373 : F6E6;
    46374 : F6FC;
    46375 : F6CC;
    46376 : F768;
    46377 : F812;
    46378 : F844;
    46379 : F857;
    46380 : F832;
    46381 : F7DB;
    46382 : F7AE;
    46383 : F7B8;
    46384 : F827;
    46385 : F913;
    46386 : F9E9;
    46387 : FA70;
    46388 : FAE5;
    46389 : FB2A;
    46390 : FB3F;
    46391 : FB6D;
    46392 : FBB5;
    46393 : FC2E;
    46394 : FCEA;
    46395 : FD91;
    46396 : FE5B;
    46397 : FFB8;
    46398 : 00FF;
    46399 : 01CD;
    46400 : 030C;
    46401 : 04C4;
    46402 : 05E4;
    46403 : 0685;
    46404 : 076F;
    46405 : 084B;
    46406 : 0893;
    46407 : 08B9;
    46408 : 091D;
    46409 : 095B;
    46410 : 0940;
    46411 : 0950;
    46412 : 09B1;
    46413 : 09EA;
    46414 : 09F5;
    46415 : 09E5;
    46416 : 094A;
    46417 : 0872;
    46418 : 0822;
    46419 : 07E2;
    46420 : 0741;
    46421 : 0709;
    46422 : 0753;
    46423 : 079F;
    46424 : 0855;
    46425 : 0939;
    46426 : 0946;
    46427 : 08F2;
    46428 : 08DE;
    46429 : 085D;
    46430 : 0799;
    46431 : 0737;
    46432 : 06AC;
    46433 : 0628;
    46434 : 0676;
    46435 : 06A4;
    46436 : 061F;
    46437 : 05E6;
    46438 : 05A4;
    46439 : 0497;
    46440 : 03DF;
    46441 : 03CF;
    46442 : 034A;
    46443 : 0299;
    46444 : 0244;
    46445 : 0197;
    46446 : 00C6;
    46447 : 007F;
    46448 : 0015;
    46449 : FF25;
    46450 : FE41;
    46451 : FD3C;
    46452 : FBD0;
    46453 : FA92;
    46454 : F9E9;
    46455 : F9A9;
    46456 : F980;
    46457 : F924;
    46458 : F8DB;
    46459 : F903;
    46460 : F93C;
    46461 : F928;
    46462 : F8C9;
    46463 : F826;
    46464 : F7A8;
    46465 : F784;
    46466 : F718;
    46467 : F674;
    46468 : F641;
    46469 : F605;
    46470 : F581;
    46471 : F594;
    46472 : F626;
    46473 : F675;
    46474 : F6B2;
    46475 : F6D4;
    46476 : F6C0;
    46477 : F71A;
    46478 : F777;
    46479 : F72E;
    46480 : F765;
    46481 : F85A;
    46482 : F8A8;
    46483 : F8B7;
    46484 : F960;
    46485 : F99B;
    46486 : F976;
    46487 : F9E5;
    46488 : FA0F;
    46489 : F9BC;
    46490 : FA18;
    46491 : FAC9;
    46492 : FB4A;
    46493 : FC0A;
    46494 : FC67;
    46495 : FC79;
    46496 : FD8A;
    46497 : FE6B;
    46498 : FDEF;
    46499 : FDEF;
    46500 : FE89;
    46501 : FE48;
    46502 : FE88;
    46503 : FF84;
    46504 : FF28;
    46505 : FEC6;
    46506 : 0039;
    46507 : 01B0;
    46508 : 02BC;
    46509 : 041F;
    46510 : 0464;
    46511 : 0474;
    46512 : 062E;
    46513 : 06D1;
    46514 : 05F7;
    46515 : 075C;
    46516 : 08BD;
    46517 : 0729;
    46518 : 075D;
    46519 : 09DA;
    46520 : 08E8;
    46521 : 071D;
    46522 : 0964;
    46523 : 0B06;
    46524 : 0919;
    46525 : 081F;
    46526 : 08AB;
    46527 : 0891;
    46528 : 08D7;
    46529 : 088E;
    46530 : 0684;
    46531 : 0619;
    46532 : 07E8;
    46533 : 0862;
    46534 : 07E8;
    46535 : 07E3;
    46536 : 06CC;
    46537 : 05A4;
    46538 : 05FC;
    46539 : 053C;
    46540 : 0330;
    46541 : 0347;
    46542 : 04C6;
    46543 : 0517;
    46544 : 0550;
    46545 : 0602;
    46546 : 05EE;
    46547 : 05DE;
    46548 : 068B;
    46549 : 06CD;
    46550 : 06A1;
    46551 : 068B;
    46552 : 05D6;
    46553 : 04E0;
    46554 : 04A8;
    46555 : 045D;
    46556 : 0357;
    46557 : 0275;
    46558 : 01C1;
    46559 : 007C;
    46560 : FF23;
    46561 : FE8B;
    46562 : FE5C;
    46563 : FDE2;
    46564 : FD34;
    46565 : FCDC;
    46566 : FCE0;
    46567 : FCD4;
    46568 : FCD5;
    46569 : FD41;
    46570 : FDA5;
    46571 : FD8F;
    46572 : FD7C;
    46573 : FDB0;
    46574 : FDB8;
    46575 : FD90;
    46576 : FD6A;
    46577 : FCFB;
    46578 : FC6E;
    46579 : FC83;
    46580 : FD01;
    46581 : FD25;
    46582 : FD5F;
    46583 : FE34;
    46584 : FF02;
    46585 : FF85;
    46586 : 002F;
    46587 : 0091;
    46588 : 004B;
    46589 : 0032;
    46590 : 008C;
    46591 : 00C0;
    46592 : 00FF;
    46593 : 0172;
    46594 : 019F;
    46595 : 01FE;
    46596 : 02D4;
    46597 : 02DA;
    46598 : 020D;
    46599 : 0213;
    46600 : 02CF;
    46601 : 0332;
    46602 : 0395;
    46603 : 0432;
    46604 : 04C6;
    46605 : 05AD;
    46606 : 0655;
    46607 : 05EF;
    46608 : 05F0;
    46609 : 071F;
    46610 : 0775;
    46611 : 06B7;
    46612 : 071B;
    46613 : 0872;
    46614 : 0919;
    46615 : 0951;
    46616 : 098D;
    46617 : 0967;
    46618 : 0952;
    46619 : 09B2;
    46620 : 09FC;
    46621 : 0A46;
    46622 : 0AE6;
    46623 : 0B11;
    46624 : 0A96;
    46625 : 0AB6;
    46626 : 0BA2;
    46627 : 0BDA;
    46628 : 0B13;
    46629 : 0AD2;
    46630 : 0B83;
    46631 : 0BE5;
    46632 : 0B98;
    46633 : 0B49;
    46634 : 0B12;
    46635 : 0B04;
    46636 : 0B5A;
    46637 : 0B59;
    46638 : 0A90;
    46639 : 09E4;
    46640 : 096D;
    46641 : 08B6;
    46642 : 08BC;
    46643 : 09CE;
    46644 : 0A53;
    46645 : 09FB;
    46646 : 09BC;
    46647 : 0948;
    46648 : 087B;
    46649 : 07F2;
    46650 : 0702;
    46651 : 0573;
    46652 : 04E6;
    46653 : 055B;
    46654 : 0538;
    46655 : 04C8;
    46656 : 04D0;
    46657 : 048E;
    46658 : 0409;
    46659 : 03EB;
    46660 : 0390;
    46661 : 02C2;
    46662 : 026A;
    46663 : 025F;
    46664 : 01FB;
    46665 : 016A;
    46666 : 006F;
    46667 : FF00;
    46668 : FE35;
    46669 : FDDE;
    46670 : FC9C;
    46671 : FB32;
    46672 : FAE8;
    46673 : FA96;
    46674 : F96E;
    46675 : F8CB;
    46676 : F8DB;
    46677 : F86C;
    46678 : F7E7;
    46679 : F818;
    46680 : F825;
    46681 : F7A0;
    46682 : F789;
    46683 : F82D;
    46684 : F890;
    46685 : F7D4;
    46686 : F636;
    46687 : F515;
    46688 : F55E;
    46689 : F640;
    46690 : F6CA;
    46691 : F730;
    46692 : F796;
    46693 : F80D;
    46694 : F8DD;
    46695 : F929;
    46696 : F85E;
    46697 : F87A;
    46698 : FA8C;
    46699 : FC34;
    46700 : FC2A;
    46701 : FBFC;
    46702 : FC2B;
    46703 : FC3D;
    46704 : FCB7;
    46705 : FD6C;
    46706 : FD7F;
    46707 : FD6C;
    46708 : FDAF;
    46709 : FE08;
    46710 : FEE4;
    46711 : FFFB;
    46712 : 0005;
    46713 : FFB7;
    46714 : 0054;
    46715 : 0097;
    46716 : FFBE;
    46717 : FFA0;
    46718 : 012C;
    46719 : 03A3;
    46720 : 067F;
    46721 : 08BC;
    46722 : 091E;
    46723 : 081D;
    46724 : 0712;
    46725 : 06B4;
    46726 : 071A;
    46727 : 0789;
    46728 : 0762;
    46729 : 0787;
    46730 : 08CE;
    46731 : 0A6F;
    46732 : 0B69;
    46733 : 0B67;
    46734 : 0AB4;
    46735 : 0A3E;
    46736 : 0A1F;
    46737 : 0993;
    46738 : 091E;
    46739 : 0983;
    46740 : 09AE;
    46741 : 092D;
    46742 : 0936;
    46743 : 0998;
    46744 : 0950;
    46745 : 08FB;
    46746 : 091D;
    46747 : 0903;
    46748 : 08B1;
    46749 : 0883;
    46750 : 084A;
    46751 : 0853;
    46752 : 08DC;
    46753 : 0915;
    46754 : 0898;
    46755 : 07D5;
    46756 : 070F;
    46757 : 069B;
    46758 : 0658;
    46759 : 0581;
    46760 : 049E;
    46761 : 04A0;
    46762 : 0436;
    46763 : 0298;
    46764 : 01C3;
    46765 : 0249;
    46766 : 023B;
    46767 : 013F;
    46768 : 0048;
    46769 : FF5C;
    46770 : FECF;
    46771 : FECD;
    46772 : FE37;
    46773 : FD1E;
    46774 : FC9A;
    46775 : FC04;
    46776 : FAF2;
    46777 : FA57;
    46778 : F978;
    46779 : F7A2;
    46780 : F6CE;
    46781 : F73F;
    46782 : F6D1;
    46783 : F5F6;
    46784 : F5B4;
    46785 : F4E8;
    46786 : F480;
    46787 : F5EC;
    46788 : F627;
    46789 : F3D9;
    46790 : F2EA;
    46791 : F3BF;
    46792 : F2CD;
    46793 : F142;
    46794 : F1D7;
    46795 : F263;
    46796 : F12F;
    46797 : F05E;
    46798 : F0E7;
    46799 : F1BA;
    46800 : F268;
    46801 : F2E9;
    46802 : F385;
    46803 : F48C;
    46804 : F52D;
    46805 : F52B;
    46806 : F5A1;
    46807 : F641;
    46808 : F639;
    46809 : F67E;
    46810 : F72C;
    46811 : F716;
    46812 : F705;
    46813 : F7C4;
    46814 : F7E7;
    46815 : F74E;
    46816 : F76B;
    46817 : F7C9;
    46818 : F7A7;
    46819 : F7B8;
    46820 : F7B0;
    46821 : F715;
    46822 : F732;
    46823 : F858;
    46824 : F907;
    46825 : F8FB;
    46826 : F8DE;
    46827 : F8C6;
    46828 : F94E;
    46829 : FAD5;
    46830 : FC2B;
    46831 : FCA2;
    46832 : FD2A;
    46833 : FE42;
    46834 : FF7D;
    46835 : 0050;
    46836 : 0063;
    46837 : 0065;
    46838 : 0177;
    46839 : 0343;
    46840 : 04C3;
    46841 : 05D9;
    46842 : 0639;
    46843 : 057F;
    46844 : 04BA;
    46845 : 04CA;
    46846 : 0499;
    46847 : 0381;
    46848 : 02DA;
    46849 : 0387;
    46850 : 049C;
    46851 : 0503;
    46852 : 04BB;
    46853 : 0442;
    46854 : 03D4;
    46855 : 03A5;
    46856 : 03DB;
    46857 : 03EC;
    46858 : 0357;
    46859 : 02FF;
    46860 : 039F;
    46861 : 043B;
    46862 : 0450;
    46863 : 04C3;
    46864 : 052D;
    46865 : 0468;
    46866 : 0394;
    46867 : 03F5;
    46868 : 0425;
    46869 : 0368;
    46870 : 0374;
    46871 : 046D;
    46872 : 048D;
    46873 : 0400;
    46874 : 03EF;
    46875 : 03A7;
    46876 : 02B3;
    46877 : 0256;
    46878 : 02AF;
    46879 : 0292;
    46880 : 021F;
    46881 : 01CF;
    46882 : 00E2;
    46883 : FF47;
    46884 : FE08;
    46885 : FD1D;
    46886 : FBCA;
    46887 : FA4A;
    46888 : F926;
    46889 : F8A0;
    46890 : F8E5;
    46891 : F93B;
    46892 : F886;
    46893 : F749;
    46894 : F6AE;
    46895 : F65D;
    46896 : F5B9;
    46897 : F546;
    46898 : F542;
    46899 : F4FE;
    46900 : F461;
    46901 : F464;
    46902 : F5C7;
    46903 : F7BA;
    46904 : F8B5;
    46905 : F8A4;
    46906 : F865;
    46907 : F78B;
    46908 : F596;
    46909 : F3D4;
    46910 : F303;
    46911 : F21F;
    46912 : F149;
    46913 : F1A7;
    46914 : F2B1;
    46915 : F377;
    46916 : F48E;
    46917 : F652;
    46918 : F7F6;
    46919 : F8E0;
    46920 : F933;
    46921 : F9BA;
    46922 : FAFF;
    46923 : FBD7;
    46924 : FB2A;
    46925 : FA32;
    46926 : F9F0;
    46927 : F9BB;
    46928 : F9FD;
    46929 : FB70;
    46930 : FCC7;
    46931 : FD7A;
    46932 : FED5;
    46933 : 004D;
    46934 : 008F;
    46935 : 00A2;
    46936 : 0106;
    46937 : 0098;
    46938 : 0032;
    46939 : 0120;
    46940 : 01F1;
    46941 : 01F0;
    46942 : 02B1;
    46943 : 0422;
    46944 : 052A;
    46945 : 0659;
    46946 : 078C;
    46947 : 079D;
    46948 : 07B9;
    46949 : 095F;
    46950 : 0AD4;
    46951 : 0A82;
    46952 : 09F0;
    46953 : 0A7D;
    46954 : 0B36;
    46955 : 0B0A;
    46956 : 0A4A;
    46957 : 09C8;
    46958 : 09B8;
    46959 : 098A;
    46960 : 08E8;
    46961 : 0846;
    46962 : 0801;
    46963 : 07E1;
    46964 : 07C9;
    46965 : 07DF;
    46966 : 07EB;
    46967 : 077D;
    46968 : 06C8;
    46969 : 069F;
    46970 : 073E;
    46971 : 07E0;
    46972 : 07EA;
    46973 : 079A;
    46974 : 073C;
    46975 : 06B9;
    46976 : 060F;
    46977 : 0590;
    46978 : 0566;
    46979 : 0528;
    46980 : 047F;
    46981 : 03FB;
    46982 : 0451;
    46983 : 0560;
    46984 : 06E0;
    46985 : 0864;
    46986 : 08A4;
    46987 : 0757;
    46988 : 062F;
    46989 : 05CC;
    46990 : 0526;
    46991 : 047D;
    46992 : 0458;
    46993 : 0398;
    46994 : 021C;
    46995 : 0123;
    46996 : 005D;
    46997 : FF70;
    46998 : FF77;
    46999 : FFF0;
    47000 : FF8E;
    47001 : FFA2;
    47002 : 00CF;
    47003 : 00F8;
    47004 : 0004;
    47005 : FFA1;
    47006 : FF11;
    47007 : FDEB;
    47008 : FDF2;
    47009 : FE98;
    47010 : FDEF;
    47011 : FD59;
    47012 : FE49;
    47013 : FF03;
    47014 : FE8F;
    47015 : FDF1;
    47016 : FD6B;
    47017 : FD2E;
    47018 : FDBC;
    47019 : FE08;
    47020 : FD9F;
    47021 : FE4E;
    47022 : 0014;
    47023 : 0083;
    47024 : FFDE;
    47025 : 00A6;
    47026 : 023F;
    47027 : 0223;
    47028 : 00E3;
    47029 : 00AA;
    47030 : 0114;
    47031 : 00B7;
    47032 : 0055;
    47033 : 00EA;
    47034 : 017A;
    47035 : 0184;
    47036 : 020F;
    47037 : 02DD;
    47038 : 02AB;
    47039 : 022B;
    47040 : 0283;
    47041 : 02D7;
    47042 : 029E;
    47043 : 030B;
    47044 : 0441;
    47045 : 04FE;
    47046 : 052A;
    47047 : 0561;
    47048 : 054B;
    47049 : 04CD;
    47050 : 04AF;
    47051 : 050B;
    47052 : 0538;
    47053 : 0569;
    47054 : 064D;
    47055 : 0780;
    47056 : 084E;
    47057 : 092B;
    47058 : 0AA1;
    47059 : 0BF3;
    47060 : 0C48;
    47061 : 0BD8;
    47062 : 0B2C;
    47063 : 0A9D;
    47064 : 0A76;
    47065 : 0A84;
    47066 : 0A8B;
    47067 : 0AF2;
    47068 : 0B98;
    47069 : 0BB1;
    47070 : 0B76;
    47071 : 0B63;
    47072 : 0A95;
    47073 : 08F3;
    47074 : 084F;
    47075 : 08E5;
    47076 : 08AC;
    47077 : 074D;
    47078 : 067A;
    47079 : 069D;
    47080 : 06CE;
    47081 : 06F7;
    47082 : 0726;
    47083 : 0681;
    47084 : 04D7;
    47085 : 0377;
    47086 : 031D;
    47087 : 02D8;
    47088 : 0238;
    47089 : 020A;
    47090 : 0226;
    47091 : 01A6;
    47092 : 0133;
    47093 : 01B2;
    47094 : 023E;
    47095 : 023C;
    47096 : 0270;
    47097 : 029B;
    47098 : 01DC;
    47099 : 00E5;
    47100 : 005A;
    47101 : FF7B;
    47102 : FE87;
    47103 : FEA1;
    47104 : FF14;
    47105 : FE80;
    47106 : FD6E;
    47107 : FCDE;
    47108 : FC7C;
    47109 : FBEA;
    47110 : FB6D;
    47111 : FAF2;
    47112 : FA27;
    47113 : F930;
    47114 : F86B;
    47115 : F80F;
    47116 : F806;
    47117 : F7CC;
    47118 : F6F2;
    47119 : F605;
    47120 : F609;
    47121 : F6FE;
    47122 : F7BA;
    47123 : F75C;
    47124 : F658;
    47125 : F5F4;
    47126 : F6BB;
    47127 : F7CF;
    47128 : F84A;
    47129 : F884;
    47130 : F914;
    47131 : F9C0;
    47132 : FA34;
    47133 : FA90;
    47134 : FAB9;
    47135 : FA4B;
    47136 : F95D;
    47137 : F8C0;
    47138 : F919;
    47139 : F9DA;
    47140 : FA15;
    47141 : FA46;
    47142 : FB65;
    47143 : FCAB;
    47144 : FD03;
    47145 : FD2C;
    47146 : FDCD;
    47147 : FE35;
    47148 : FE73;
    47149 : FF3C;
    47150 : FFD8;
    47151 : FFAC;
    47152 : FFD3;
    47153 : 00B1;
    47154 : 011C;
    47155 : 0105;
    47156 : 019B;
    47157 : 02D3;
    47158 : 03AA;
    47159 : 03F8;
    47160 : 041C;
    47161 : 0439;
    47162 : 04C1;
    47163 : 0603;
    47164 : 06FA;
    47165 : 06A7;
    47166 : 0631;
    47167 : 072C;
    47168 : 08CE;
    47169 : 096A;
    47170 : 092D;
    47171 : 0939;
    47172 : 099E;
    47173 : 09B1;
    47174 : 0928;
    47175 : 0861;
    47176 : 07E7;
    47177 : 0783;
    47178 : 0697;
    47179 : 058D;
    47180 : 053D;
    47181 : 0557;
    47182 : 0524;
    47183 : 04AF;
    47184 : 0406;
    47185 : 0331;
    47186 : 02FA;
    47187 : 039A;
    47188 : 03CE;
    47189 : 031B;
    47190 : 02AF;
    47191 : 02B4;
    47192 : 01FE;
    47193 : 00C0;
    47194 : 0003;
    47195 : FF43;
    47196 : FE2B;
    47197 : FDFD;
    47198 : FE74;
    47199 : FD98;
    47200 : FBF1;
    47201 : FB99;
    47202 : FC04;
    47203 : FBD6;
    47204 : FB99;
    47205 : FB4B;
    47206 : FA4C;
    47207 : F9DB;
    47208 : FAB1;
    47209 : FB05;
    47210 : FA49;
    47211 : F9E2;
    47212 : F994;
    47213 : F871;
    47214 : F777;
    47215 : F780;
    47216 : F7A0;
    47217 : F71F;
    47218 : F669;
    47219 : F61D;
    47220 : F65B;
    47221 : F677;
    47222 : F5FE;
    47223 : F59F;
    47224 : F5AA;
    47225 : F569;
    47226 : F4F8;
    47227 : F4EE;
    47228 : F4C6;
    47229 : F444;
    47230 : F448;
    47231 : F490;
    47232 : F3FA;
    47233 : F312;
    47234 : F2FA;
    47235 : F34C;
    47236 : F38D;
    47237 : F416;
    47238 : F48B;
    47239 : F471;
    47240 : F494;
    47241 : F54B;
    47242 : F5CC;
    47243 : F63D;
    47244 : F71F;
    47245 : F798;
    47246 : F75D;
    47247 : F790;
    47248 : F833;
    47249 : F878;
    47250 : F89D;
    47251 : F895;
    47252 : F806;
    47253 : F818;
    47254 : F926;
    47255 : F97A;
    47256 : F900;
    47257 : F93D;
    47258 : F9E4;
    47259 : FA66;
    47260 : FB6F;
    47261 : FC53;
    47262 : FC11;
    47263 : FBC5;
    47264 : FC3F;
    47265 : FD20;
    47266 : FE9D;
    47267 : 001D;
    47268 : 0062;
    47269 : 008A;
    47270 : 01CF;
    47271 : 02DB;
    47272 : 0330;
    47273 : 03E6;
    47274 : 049C;
    47275 : 0500;
    47276 : 0606;
    47277 : 0710;
    47278 : 071B;
    47279 : 073B;
    47280 : 07E4;
    47281 : 07F6;
    47282 : 077C;
    47283 : 073D;
    47284 : 0747;
    47285 : 079F;
    47286 : 0804;
    47287 : 081B;
    47288 : 083F;
    47289 : 0820;
    47290 : 0723;
    47291 : 0692;
    47292 : 072A;
    47293 : 075A;
    47294 : 06F8;
    47295 : 0732;
    47296 : 0749;
    47297 : 06E1;
    47298 : 0743;
    47299 : 07D5;
    47300 : 0758;
    47301 : 0707;
    47302 : 0761;
    47303 : 06BE;
    47304 : 0502;
    47305 : 03B0;
    47306 : 0361;
    47307 : 03B9;
    47308 : 03C3;
    47309 : 02FF;
    47310 : 0297;
    47311 : 02F9;
    47312 : 02BB;
    47313 : 01DB;
    47314 : 017D;
    47315 : 00FC;
    47316 : FFC6;
    47317 : FF25;
    47318 : FF76;
    47319 : FF7B;
    47320 : FEAD;
    47321 : FDAF;
    47322 : FD3A;
    47323 : FD01;
    47324 : FBFE;
    47325 : FA90;
    47326 : F9E7;
    47327 : F969;
    47328 : F855;
    47329 : F7B6;
    47330 : F7B6;
    47331 : F762;
    47332 : F758;
    47333 : F803;
    47334 : F80C;
    47335 : F756;
    47336 : F6FD;
    47337 : F6CF;
    47338 : F662;
    47339 : F5F0;
    47340 : F54B;
    47341 : F48A;
    47342 : F408;
    47343 : F350;
    47344 : F2A3;
    47345 : F302;
    47346 : F3C7;
    47347 : F416;
    47348 : F47F;
    47349 : F49D;
    47350 : F3E1;
    47351 : F403;
    47352 : F5A0;
    47353 : F68F;
    47354 : F632;
    47355 : F5E9;
    47356 : F616;
    47357 : F6CB;
    47358 : F811;
    47359 : F8BA;
    47360 : F885;
    47361 : F8BB;
    47362 : F944;
    47363 : F948;
    47364 : F952;
    47365 : F9C3;
    47366 : FA3C;
    47367 : FAE5;
    47368 : FB86;
    47369 : FB8C;
    47370 : FBA1;
    47371 : FC4E;
    47372 : FCDF;
    47373 : FD2A;
    47374 : FD7E;
    47375 : FDBE;
    47376 : FE79;
    47377 : FFE6;
    47378 : 008A;
    47379 : 004A;
    47380 : 0131;
    47381 : 0339;
    47382 : 0466;
    47383 : 0490;
    47384 : 04D6;
    47385 : 058F;
    47386 : 06A8;
    47387 : 0783;
    47388 : 075A;
    47389 : 06BA;
    47390 : 066B;
    47391 : 064F;
    47392 : 06BA;
    47393 : 07AB;
    47394 : 07BD;
    47395 : 06FD;
    47396 : 06E1;
    47397 : 06B2;
    47398 : 0583;
    47399 : 04EB;
    47400 : 0513;
    47401 : 042F;
    47402 : 031F;
    47403 : 0355;
    47404 : 0342;
    47405 : 025F;
    47406 : 024F;
    47407 : 029B;
    47408 : 0238;
    47409 : 0242;
    47410 : 02B9;
    47411 : 0273;
    47412 : 0241;
    47413 : 02AA;
    47414 : 029A;
    47415 : 023A;
    47416 : 01EF;
    47417 : 012B;
    47418 : 00F1;
    47419 : 01E6;
    47420 : 01CB;
    47421 : 0048;
    47422 : FFCF;
    47423 : FFFC;
    47424 : FF32;
    47425 : FE87;
    47426 : FE66;
    47427 : FDE1;
    47428 : FDD9;
    47429 : FE56;
    47430 : FD80;
    47431 : FC08;
    47432 : FB9B;
    47433 : FB50;
    47434 : FABF;
    47435 : FAAC;
    47436 : FA20;
    47437 : F8F6;
    47438 : F90D;
    47439 : F9F5;
    47440 : F9EE;
    47441 : F9A4;
    47442 : F9E8;
    47443 : FA18;
    47444 : FA03;
    47445 : F98C;
    47446 : F8C6;
    47447 : F90C;
    47448 : FA37;
    47449 : FA25;
    47450 : F92A;
    47451 : F944;
    47452 : F9E0;
    47453 : F9B0;
    47454 : F95F;
    47455 : F99A;
    47456 : FA00;
    47457 : FA46;
    47458 : FA9C;
    47459 : FB4C;
    47460 : FBF0;
    47461 : FBD6;
    47462 : FBB5;
    47463 : FC57;
    47464 : FCB0;
    47465 : FC5E;
    47466 : FC96;
    47467 : FD33;
    47468 : FD59;
    47469 : FD89;
    47470 : FDD3;
    47471 : FDB1;
    47472 : FDA1;
    47473 : FDB5;
    47474 : FD92;
    47475 : FE09;
    47476 : FEDC;
    47477 : FEC8;
    47478 : FED8;
    47479 : FFF2;
    47480 : 0053;
    47481 : FFD3;
    47482 : 0021;
    47483 : 00B9;
    47484 : 011A;
    47485 : 0241;
    47486 : 02FC;
    47487 : 0210;
    47488 : 01BB;
    47489 : 0319;
    47490 : 042C;
    47491 : 0456;
    47492 : 048A;
    47493 : 04FA;
    47494 : 05C3;
    47495 : 0694;
    47496 : 06C3;
    47497 : 06F8;
    47498 : 0774;
    47499 : 0732;
    47500 : 06F1;
    47501 : 07B7;
    47502 : 07E6;
    47503 : 0708;
    47504 : 0705;
    47505 : 078B;
    47506 : 0727;
    47507 : 06AE;
    47508 : 0693;
    47509 : 061D;
    47510 : 0602;
    47511 : 0686;
    47512 : 062F;
    47513 : 0524;
    47514 : 04E6;
    47515 : 052B;
    47516 : 051A;
    47517 : 052F;
    47518 : 05D0;
    47519 : 063E;
    47520 : 0597;
    47521 : 0414;
    47522 : 02E2;
    47523 : 024F;
    47524 : 01B4;
    47525 : 016A;
    47526 : 01F9;
    47527 : 026D;
    47528 : 0222;
    47529 : 01F3;
    47530 : 022C;
    47531 : 0202;
    47532 : 0128;
    47533 : 0053;
    47534 : 0046;
    47535 : 007B;
    47536 : FFCB;
    47537 : FEDD;
    47538 : FEDC;
    47539 : FE97;
    47540 : FCF1;
    47541 : FB56;
    47542 : FAA5;
    47543 : FA07;
    47544 : F972;
    47545 : F905;
    47546 : F810;
    47547 : F6D1;
    47548 : F63B;
    47549 : F664;
    47550 : F6E4;
    47551 : F6F5;
    47552 : F61B;
    47553 : F576;
    47554 : F5A5;
    47555 : F56A;
    47556 : F4D2;
    47557 : F4F7;
    47558 : F4F5;
    47559 : F485;
    47560 : F54C;
    47561 : F679;
    47562 : F61C;
    47563 : F5C1;
    47564 : F6EB;
    47565 : F809;
    47566 : F892;
    47567 : F96A;
    47568 : F9D1;
    47569 : F986;
    47570 : F9C3;
    47571 : FA3C;
    47572 : FA23;
    47573 : FA46;
    47574 : FABE;
    47575 : FAA6;
    47576 : FA96;
    47577 : FB51;
    47578 : FC07;
    47579 : FC46;
    47580 : FC70;
    47581 : FC45;
    47582 : FBDC;
    47583 : FC4C;
    47584 : FD9F;
    47585 : FE70;
    47586 : FE58;
    47587 : FE6E;
    47588 : FF60;
    47589 : 00A2;
    47590 : 0160;
    47591 : 0169;
    47592 : 018E;
    47593 : 02B9;
    47594 : 0453;
    47595 : 0508;
    47596 : 0514;
    47597 : 0578;
    47598 : 05F1;
    47599 : 0640;
    47600 : 0711;
    47601 : 081D;
    47602 : 088C;
    47603 : 08D4;
    47604 : 0957;
    47605 : 0980;
    47606 : 0964;
    47607 : 094F;
    47608 : 08E3;
    47609 : 0882;
    47610 : 0894;
    47611 : 0828;
    47612 : 075D;
    47613 : 077C;
    47614 : 07AF;
    47615 : 06DA;
    47616 : 065D;
    47617 : 0684;
    47618 : 0599;
    47619 : 0439;
    47620 : 0419;
    47621 : 0448;
    47622 : 03A0;
    47623 : 02CF;
    47624 : 023A;
    47625 : 0238;
    47626 : 0358;
    47627 : 041A;
    47628 : 0313;
    47629 : 0209;
    47630 : 021F;
    47631 : 015A;
    47632 : FF38;
    47633 : FDBD;
    47634 : FD66;
    47635 : FD45;
    47636 : FD14;
    47637 : FC8C;
    47638 : FBCE;
    47639 : FBE7;
    47640 : FC6C;
    47641 : FBBE;
    47642 : FA61;
    47643 : F9DA;
    47644 : F9BA;
    47645 : F949;
    47646 : F909;
    47647 : F8F9;
    47648 : F884;
    47649 : F7CD;
    47650 : F725;
    47651 : F6A3;
    47652 : F64C;
    47653 : F5A2;
    47654 : F496;
    47655 : F41C;
    47656 : F426;
    47657 : F39C;
    47658 : F2DB;
    47659 : F2BF;
    47660 : F2D6;
    47661 : F2EF;
    47662 : F341;
    47663 : F2F0;
    47664 : F1E1;
    47665 : F179;
    47666 : F1AD;
    47667 : F155;
    47668 : F0D6;
    47669 : F0D0;
    47670 : F0B2;
    47671 : F064;
    47672 : F09D;
    47673 : F1C0;
    47674 : F363;
    47675 : F447;
    47676 : F409;
    47677 : F450;
    47678 : F593;
    47679 : F605;
    47680 : F5BF;
    47681 : F668;
    47682 : F745;
    47683 : F74E;
    47684 : F798;
    47685 : F845;
    47686 : F856;
    47687 : F870;
    47688 : F928;
    47689 : F973;
    47690 : F8ED;
    47691 : F869;
    47692 : F88D;
    47693 : F960;
    47694 : FA1A;
    47695 : FA55;
    47696 : FAEB;
    47697 : FBA5;
    47698 : FB76;
    47699 : FBA7;
    47700 : FD3B;
    47701 : FE0D;
    47702 : FD9D;
    47703 : FE48;
    47704 : FFD8;
    47705 : 0077;
    47706 : 00E2;
    47707 : 01C9;
    47708 : 0247;
    47709 : 02C1;
    47710 : 03EE;
    47711 : 050B;
    47712 : 05BC;
    47713 : 064B;
    47714 : 0691;
    47715 : 06D1;
    47716 : 0723;
    47717 : 0700;
    47718 : 06E3;
    47719 : 0732;
    47720 : 06EE;
    47721 : 0651;
    47722 : 069D;
    47723 : 0744;
    47724 : 079F;
    47725 : 07FD;
    47726 : 0784;
    47727 : 064E;
    47728 : 0689;
    47729 : 076B;
    47730 : 0636;
    47731 : 0457;
    47732 : 0472;
    47733 : 057E;
    47734 : 063C;
    47735 : 06DD;
    47736 : 06A7;
    47737 : 05D3;
    47738 : 05F9;
    47739 : 064C;
    47740 : 0536;
    47741 : 03EA;
    47742 : 039E;
    47743 : 038F;
    47744 : 036C;
    47745 : 034A;
    47746 : 02AB;
    47747 : 0218;
    47748 : 0269;
    47749 : 029A;
    47750 : 01C0;
    47751 : 00E4;
    47752 : 00CA;
    47753 : 00B0;
    47754 : 001D;
    47755 : FF49;
    47756 : FE17;
    47757 : FCBF;
    47758 : FC20;
    47759 : FC08;
    47760 : FB54;
    47761 : FA62;
    47762 : FA4B;
    47763 : FA1E;
    47764 : F890;
    47765 : F6B9;
    47766 : F600;
    47767 : F5F3;
    47768 : F5FD;
    47769 : F622;
    47770 : F622;
    47771 : F5F5;
    47772 : F5C5;
    47773 : F548;
    47774 : F488;
    47775 : F3F7;
    47776 : F381;
    47777 : F313;
    47778 : F2AB;
    47779 : F1CF;
    47780 : F0F6;
    47781 : F162;
    47782 : F271;
    47783 : F2BD;
    47784 : F2E9;
    47785 : F386;
    47786 : F3BA;
    47787 : F3C1;
    47788 : F456;
    47789 : F4C4;
    47790 : F4FA;
    47791 : F5D6;
    47792 : F691;
    47793 : F685;
    47794 : F72F;
    47795 : F8D2;
    47796 : F9A7;
    47797 : F984;
    47798 : F994;
    47799 : F992;
    47800 : F928;
    47801 : F925;
    47802 : F9A7;
    47803 : FA0F;
    47804 : FA80;
    47805 : FB08;
    47806 : FB2C;
    47807 : FB4A;
    47808 : FBEF;
    47809 : FC6F;
    47810 : FC87;
    47811 : FD35;
    47812 : FE70;
    47813 : FF20;
    47814 : FF81;
    47815 : 0035;
    47816 : 00C2;
    47817 : 0159;
    47818 : 02BA;
    47819 : 0404;
    47820 : 046A;
    47821 : 04DA;
    47822 : 057D;
    47823 : 059D;
    47824 : 0603;
    47825 : 06FB;
    47826 : 06FE;
    47827 : 0641;
    47828 : 069A;
    47829 : 0788;
    47830 : 0782;
    47831 : 0716;
    47832 : 071C;
    47833 : 070C;
    47834 : 06A4;
    47835 : 066B;
    47836 : 0675;
    47837 : 0627;
    47838 : 054D;
    47839 : 04C5;
    47840 : 0504;
    47841 : 04E6;
    47842 : 03F1;
    47843 : 0378;
    47844 : 03E2;
    47845 : 0447;
    47846 : 049C;
    47847 : 04B7;
    47848 : 03E7;
    47849 : 0325;
    47850 : 0353;
    47851 : 02F6;
    47852 : 01C5;
    47853 : 01BC;
    47854 : 02A3;
    47855 : 029C;
    47856 : 0213;
    47857 : 0226;
    47858 : 0252;
    47859 : 0215;
    47860 : 0185;
    47861 : 00D4;
    47862 : 00A2;
    47863 : 00C3;
    47864 : 000B;
    47865 : FEFC;
    47866 : FF10;
    47867 : FF79;
    47868 : FEF5;
    47869 : FE6E;
    47870 : FE73;
    47871 : FDEF;
    47872 : FD0C;
    47873 : FCF0;
    47874 : FCF5;
    47875 : FC16;
    47876 : FB75;
    47877 : FC1F;
    47878 : FCDD;
    47879 : FCCD;
    47880 : FCF8;
    47881 : FD88;
    47882 : FD25;
    47883 : FC0B;
    47884 : FB99;
    47885 : FB74;
    47886 : FAE7;
    47887 : FACB;
    47888 : FB5E;
    47889 : FB8D;
    47890 : FB84;
    47891 : FC3A;
    47892 : FD2D;
    47893 : FD71;
    47894 : FD6C;
    47895 : FDD8;
    47896 : FE84;
    47897 : FEAE;
    47898 : FE30;
    47899 : FE0B;
    47900 : FEED;
    47901 : FFF0;
    47902 : 0038;
    47903 : 003B;
    47904 : 0060;
    47905 : 0081;
    47906 : 00D1;
    47907 : 0145;
    47908 : 0151;
    47909 : 0120;
    47910 : 0141;
    47911 : 0191;
    47912 : 0202;
    47913 : 02CF;
    47914 : 037A;
    47915 : 03A3;
    47916 : 03CF;
    47917 : 040F;
    47918 : 03F0;
    47919 : 03F6;
    47920 : 04AF;
    47921 : 057F;
    47922 : 05F3;
    47923 : 063C;
    47924 : 0623;
    47925 : 05CA;
    47926 : 061C;
    47927 : 0729;
    47928 : 0818;
    47929 : 08AD;
    47930 : 08FB;
    47931 : 092B;
    47932 : 09CF;
    47933 : 0A91;
    47934 : 0A5A;
    47935 : 09EE;
    47936 : 0AB2;
    47937 : 0B88;
    47938 : 0B2F;
    47939 : 0AD8;
    47940 : 0B36;
    47941 : 0B54;
    47942 : 0B3F;
    47943 : 0B72;
    47944 : 0B31;
    47945 : 0A61;
    47946 : 09EC;
    47947 : 09CA;
    47948 : 09B2;
    47949 : 09F9;
    47950 : 0A0E;
    47951 : 0929;
    47952 : 0865;
    47953 : 0910;
    47954 : 0A33;
    47955 : 0A36;
    47956 : 094A;
    47957 : 0891;
    47958 : 0841;
    47959 : 07D1;
    47960 : 072F;
    47961 : 06CF;
    47962 : 06D9;
    47963 : 0719;
    47964 : 0746;
    47965 : 0741;
    47966 : 075F;
    47967 : 07C1;
    47968 : 07A3;
    47969 : 06C7;
    47970 : 063D;
    47971 : 0659;
    47972 : 0644;
    47973 : 05D2;
    47974 : 053C;
    47975 : 0446;
    47976 : 0351;
    47977 : 02FD;
    47978 : 02BF;
    47979 : 0218;
    47980 : 017E;
    47981 : 00D7;
    47982 : FFAD;
    47983 : FEA2;
    47984 : FE4E;
    47985 : FE39;
    47986 : FE02;
    47987 : FDE2;
    47988 : FE02;
    47989 : FE3A;
    47990 : FE37;
    47991 : FDE5;
    47992 : FDAE;
    47993 : FDB9;
    47994 : FD97;
    47995 : FD0F;
    47996 : FC76;
    47997 : FC31;
    47998 : FC6A;
    47999 : FD10;
END;
