F487
F376
F311
F34F
F319
F30C
F3A1
F3EA
F43D
F56F
F660
F685
F742
F89E
F97B
FA58
FB9B
FC61
FCEB
FDFE
FEB7
FEB0
FF0C
FFCD
0012
003C
009C
0098
0053
0030
FFC6
FF4D
FF89
FFFB
FFFC
001A
00AE
0162
0216
02A3
0316
040A
0547
05DB
061D
06C6
072E
06FA
06DF
06DF
068F
0634
05D2
050F
041F
032E
0223
0144
0079
FF3E
FDEE
FD06
FBFC
FAA6
F9B1
F90E
F84E
F7E5
F814
F821
F7A9
F740
F758
F7A6
F7CE
F7D8
F7DB
F7E3
F81D
F870
F88A
F8AA
F905
F900
F8AB
F8E2
F939
F8C8
F83D
F857
F8A4
F909
F9AC
FA3F
FB16
FC65
FD23
FD2C
FDC3
FEE3
FFC2
00B3
01D9
02B1
035D
03F9
042E
0450
04C2
0516
0516
04D6
045B
040F
03F0
0338
0231
01A4
011F
007A
0046
FFED
FEFD
FE83
FE95
FE51
FE2F
FE7F
FE6D
FE53
FEDB
FF25
FEF9
FF3F
FF86
FF38
FF20
FF31
FE9A
FDE7
FD97
FCD9
FB9C
FAD2
FA8A
FA1F
F96B
F8A5
F806
F7AA
F78E
F7B5
F7FE
F83E
F8AC
F965
FA0C
FAB6
FBC8
FCDA
FD84
FE57
FF91
00A2
016D
024A
031E
03C8
0472
0517
0594
05E4
05E3
0599
057A
05A9
05AA
055C
052D
053C
0550
0571
05C8
0643
06D5
0773
07EF
0854
08EC
09A7
0A34
0A8A
0AE9
0B74
0BE8
0BDA
0B77
0B4A
0B0E
0A34
0942
08D8
085E
074C
0619
0513
0418
033B
025F
0133
FFFE
FF30
FE8D
FDC4
FD0E
FCA0
FC5E
FC3F
FC61
FCBC
FD06
FD0D
FCE8
FCBE
FCA2
FCB7
FD12
FD87
FDCA
FDCA
FDC4
FDC8
FD81
FD05
FCDF
FCE7
FC97
FC73
FD0D
FDD7
FE85
FF7F
0061
00B0
011E
020A
02E3
03A6
04A2
0594
0681
07AB
08A1
0906
0942
0976
0967
092D
08DD
085D
07D2
0762
06F8
0685
0608
057A
04D7
041C
038C
036A
0343
02B2
024B
0269
029B
02D8
034D
0383
036B
0395
03C7
0391
0358
035B
0335
02C9
0224
013D
004E
FF75
FE82
FDAF
FD3A
FCBD
FBEF
FB25
FAA1
FA6C
FA6D
FA80
FADB
FBAB
FC6E
FCF2
FDCA
FEFF
0008
00EB
01DD
02BA
03B2
04F2
0611
06D7
076F
07BA
07CD
0834
08CE
08F2
08AC
087D
0870
084B
080F
07E0
07DA
07EC
0817
0895
094D
09C7
0A12
0ABF
0BAB
0C3B
0C9A
0D4B
0E08
0E66
0EA5
0ECC
0E69
0DC9
0D8B
0D36
0C4B
0B6C
0AC0
09A4
0874
07B2
067B
04A2
0385
0331
0262
0145
00A7
0040
FFDC
FFA7
FF54
FF05
FF56
FFDB
FFF3
0015
0075
008E
0078
008F
00B1
00D3
0110
012A
0105
00B5
0034
FFBF
FF7E
FF27
FEEB
FF46
FFC7
FFF5
0053
011D
01E6
02A1
035D
0416
0550
06F5
07EE
085C
0989
0B1D
0BD6
0C1A
0CC8
0D60
0D5A
0D18
0CC0
0C21
0B62
0AAE
09FE
096D
08D1
07B6
067A
05DA
0561
045B
0371
0334
030D
02E2
030A
0311
0311
03CF
0480
043E
043B
04DF
04AA
03EA
03F3
03CB
02B3
01FD
01A1
0087
FF84
FF10
FDF4
FC7C
FBDC
FB5E
FA5A
F9BE
F9B7
F9B8
FA07
FAA0
FAF7
FB4E
FC07
FCF2
FE14
FF53
0041
0129
028B
0403
0519
05D2
0639
06AD
0784
082A
0820
07E9
07E6
07EE
07E3
078E
06F9
06BC
06D0
069D
067E
06E6
0733
0750
07FB
08D3
0912
094C
0A1C
0B12
0BE0
0C6A
0C5A
0C1F
0C61
0C62
0B7B
0A9C
0A25
0923
07A3
068B
057A
03D5
023D
0110
FFBD
FE38
FCEC
FBBE
FAAD
F9FC
F966
F8A5
F834
F852
F885
F891
F8C5
F916
F90C
F89D
F85F
F8B3
F946
F9AF
F9DC
F9C7
F97F
F945
F910
F89F
F801
F767
F6FE
F722
F7BE
F826
F856
F8FA
FA06
FAFB
FBDB
FCBA
FD95
FEC1
003D
0173
0266
0394
04B8
0568
0601
06B3
06EE
067C
05E9
058E
053B
04D0
0450
03A3
02C1
01D2
00CA
FFA2
FEB1
FE0A
FD44
FC7F
FC4A
FC6E
FC74
FC8D
FCDB
FD23
FD7E
FDEA
FE07
FE0F
FE6E
FE8C
FDEC
FD57
FD41
FCCF
FBA4
FA8A
F9D1
F8EE
F7DA
F712
F65C
F53B
F43C
F41D
F456
F429
F3FD
F467
F53B
F627
F706
F7C3
F8A5
F9F6
FB4B
FC29
FCF2
FE31
FF94
0081
011E
01D4
0267
028B
02A2
02DD
02B4
0228
01DB
01C3
0174
0115
00EA
00EE
0120
0160
01A2
0228
02D7
0349
03C8
04A4
056F
061C
06F8
079F
07E3
083F
087C
082F
07D6
078F
06CA
05B3
0499
0334
01CC
00CC
FFAB
FE39
FCFA
FBDE
FAC7
F9F7
F8FE
F7CA
F76F
F7C5
F784
F721
F7A2
F84E
F87D
F8A6
F8DA
F908
F96C
F99E
F96F
F9B3
FA54
FA47
F9D2
F9C0
F9A2
F8FE
F838
F796
F733
F731
F760
F79A
F809
F8A2
F952
FA3F
FB49
FC51
FDAF
FF54
00BC
01EA
0329
0458
0558
062A
069B
06D1
072E
0753
06CB
061E
05B2
0504
03F7
0324
027B
017F
005A
FF50
FE34
FD28
FC7E
FC01
FB81
FB3F
FB3A
FB4A
FBA7
FC3B
FC8E
FCB3
FD06
FD64
FDAB
FDF0
FE0C
FDE6
FD89
FCCD
FBD5
FAF7
F9EF
F88A
F749
F654
F573
F4DD
F46D
F3B7
F343
F381
F3DB
F44D
F52F
F5F1
F69C
F80E
F99E
FA56
FB39
FD05
FECC
0018
012E
0223
0362
04C9
0542
0529
05BE
0641
05CC
057A
05C2
058E
04CE
0430
03CA
03D0
0443
046C
046B
04FE
05C2
062D
06A8
0763
0824
0903
09DE
0A6D
0ADA
0B25
0B29
0B21
0AEA
0A0C
08F8
083A
0750
05F2
049A
0366
0235
010C
FFAC
FE25
FD09
FC2D
FAF4
F9A7
F8D6
F878
F869
F874
F866
F89F
F93F
F98A
F977
F9D8
FA6D
FA6B
FA31
FA5C
FAA7
FAC7
FAB7
FA49
F98C
F8C4
F806
F780
F74F
F721
F6EE
F70F
F766
F7D5
F8A4
F985
FA0A
FAD8
FC48
FD8D
FE9D
002E
01CD
02E9
0413
0561
0638
06C6
073E
0733
06F8
070D
06C3
05D9
0539
04F4
043D
0309
01AC
0056
FF5D
FEA1
FDB7
FD01
FCC9
FC83
FC40
FC7E
FCC5
FCD8
FD4E
FDCE
FDB9
FDC6
FE68
FED6
FECA
FE8D
FE04
FD5D
FCD8
FBEF
FA9D
F99F
F8C1
F77B
F653
F58B
F498
F39C
F317
F2EB
F312
F3A6
F42D
F460
F4B4
F574
F675
F791
F8B8
FA02
FB6C
FC89
FD3E
FE18
FF2B
0000
009B
0128
0175
0194
01C3
01C1
016B
0116
00CB
0051
FFED
FFF1
0013
000F
002A
0095
0125
01CB
0281
02FB
0345
03E8
04BE
0532
0594
0644
0683
0605
05A3
056D
04AB
038C
0283
015D
0039
FF56
FE2F
FCAF
FB8B
FA8B
F8FE
F774
F690
F5BA
F4A7
F407
F3F7
F3EB
F3F4
F442
F47A
F49D
F51E
F5C3
F611
F641
F680
F67D
F640
F612
F5F3
F5FF
F632
F5D7
F4DE
F43F
F40D
F388
F2F5
F2EB
F325
F390
F469
F558
F637
F764
F8A3
F9A6
FAF9
FCD2
FE92
FFFE
0161
02B4
03BB
0469
04DE
052E
053D
0511
04E4
0499
0401
035E
029C
015E
0028
FF50
FE0F
FC92
FBFB
FBD9
FB3B
FAD7
FB09
FAE6
FA94
FAFD
FBC7
FC57
FCEB
FD94
FE1F
FE98
FEE6
FEEC
FEDB
FE8E
FDC6
FCD6
FC14
FB51
FA56
F926
F802
F73F
F69C
F5A5
F4C0
F46B
F45C
F478
F509
F5D6
F696
F78D
F8C0
F9EC
FB46
FCD8
FE2A
FF5A
00EE
028C
03AA
04A9
05E1
06D2
0743
0799
07CC
07B8
07CB
0802
07AB
06EF
06AC
06BA
068B
0684
06F7
0777
080A
08F8
09D6
0A6A
0B3E
0C64
0D3E
0DCF
0E8C
0F53
0FB2
0FBC
0FCB
0FD2
0F81
0ED0
0DF9
0D19
0C2E
0B1D
09C2
0851
071F
0605
04C9
03A3
02A3
01A9
00EE
007C
FFFC
FF8E
FF83
FFAD
FFF6
006F
00BD
00E3
0168
0210
024A
024B
0239
01ED
01E6
024F
0246
0192
00DD
0049
FFBC
FF58
FEF4
FEA8
FEF4
FF8B
FFEF
0088
0172
0241
034D
04D2
062D
0774
0946
0B15
0C50
0D79
0EB4
0FA0
1074
1157
11D8
11E4
11B8
1152
10B8
0FFA
0EFE
0DE3
0CDA
0BD2
0ACA
09C8
08A0
0790
070C
06D0
0682
0660
067A
06A6
0714
07A8
07F2
0850
0914
096B
0915
0903
0926
088C
079B
0722
0673
0505
039B
0278
012A
0003
FF3B
FE26
FCED
FC7A
FC7A
FC36
FC44
FD0B
FDC9
FE40
FF09
0035
017E
02D6
0427
0575
06EB
0848
0934
09EE
0ACA
0BA2
0C26
0C34
0C1F
0C67
0CCC
0C9F
0BF4
0B70
0B45
0B2C
0AE2
0A82
0A7F
0AE8
0B56
0BD9
0CAE
0D61
0DC1
0E57
0F26
0FCA
106E
1116
1150
1151
116F
112C
104B
0F5F
0EA1
0DBC
0C8D
0B17
0991
084F
0731
05E3
048E
036C
0268
018A
00E5
004E
FFCE
FF9B
FFA2
FFBA
FFFD
0071
00EA
0143
0178
01B0
0207
023A
0205
01AE
0186
015A
00F1
0076
FFF9
FF4F
FE81
FDB8
FD04
FC9E
FCAD
FCE6
FD29
FDDB
FEE1
FFB9
00B7
024A
03DB
0521
06AA
0834
0934
0A4D
0BC4
0CB0
0D29
0DF9
0E76
0DF6
0D5B
0D04
0C2F
0AEF
09B7
0844
06C9
05EA
0529
03C4
023F
0143
00AE
005E
004E
002D
FFF0
FFFB
0062
00D7
0142
01B3
0213
025A
0291
029D
025A
01E0
0144
0072
FF6C
FE48
FD08
FBCD
FAB7
F985
F819
F6E8
F62D
F59D
F53A
F536
F551
F57D
F623
F740
F86F
F9AF
FB18
FC81
FE08
FFC8
0162
029F
03CD
0501
05FB
06BC
0748
0774
076B
078B
07A1
0740
06AE
0675
0665
060B
058D
054B
054D
0587
05FA
068D
072A
07BB
0818
0860
08EE
09A5
0A1F
0A72
0AE1
0B42
0B43
0AC9
0A03
094A
08A3
079B
060F
046D
0314
01E6
009A
FF23
FDBB
FC81
FB59
FA4A
F973
F8A6
F7D5
F75B
F744
F74A
F76D
F7C0
F826
F89D
F907
F92E
F949
F973
F93E
F8C1
F8A6
F8D6
F8CD
F8A9
F87D
F806
F767
F6D1
F62E
F5D9
F61F
F684
F6C9
F764
F865
F977
FAA1
FBEB
FD3F
FEC1
0066
01D9
032C
0497
05DB
06CC
0793
083D
08B1
08E1
08B8
084C
07D7
0734
061D
04BF
037E
027C
019B
00A2
FF89
FEAF
FE2B
FD8B
FCCC
FC7F
FCAC
FCEE
FD62
FE2D
FED3
FF1C
FF5D
FFA6
FFC5
FFD1
FFC3
FF68
FEF6
FE9D
FDF2
FCBB
FB6F
FA60
F95F
F837
F6E3
F5A7
F4D8
F447
F39E
F32E
F34F
F3AC
F410
F4C1
F5C5
F6E7
F82B
F985
FAE2
FC6E
FE16
FF67
0044
0105
01EC
02DC
0368
0373
0395
040A
0428
03BA
0356
0315
02B3
024E
01EA
0180
0191
0226
0276
0288
0316
03D9
0440
04B8
058E
064B
06D6
0760
07B5
07D3
07F3
07C9
0719
0663
05CA
04C2
0350
01F0
0094
FF16
FDC5
FCA0
FB5B
FA2E
F941
F838
F721
F66F
F5F3
F55F
F524
F576
F5D1
F5FE
F63E
F698
F712
F7A1
F7CB
F77B
F762
F7A2
F797
F735
F6FD
F6E4
F685
F5E4
F53D
F4B2
F44B
F3F9
F3C9
F3F5
F485
F53E
F618
F73A
F896
F9F2
FB40
FCBA
FE75
0019
0155
025C
0390
04EA
0613
06BB
06D7
06B1
068A
063C
059D
04BD
03A0
0253
0120
001F
FF07
FDC3
FCA4
FBD2
FB22
FA79
F9E3
F977
F949
F95D
F9A1
F9FD
FA57
FAA3
FAF7
FB5B
FBA3
FBAD
FB88
FB42
FAC8
FA16
F937
F82B
F6FB
F5BE
F472
F323
F1F8
F0F7
F00F
EF4D
EEC0
EE5A
EE3A
EEA0
EF7A
F070
F163
F280
F3EF
F5A6
F765
F8F9
FA63
FBAB
FCE0
FE1D
FF55
0042
00DA
0159
01D0
0215
021C
0209
0201
01EC
018B
00F6
0092
0070
0059
0057
009D
0110
0186
020B
02A9
035B
0426
04E9
056E
05D0
0659
06F0
0733
0708
06A6
0629
0586
04A9
036B
01C9
001F
FEC6
FD9D
FC5A
FAF7
F9A0
F881
F7A3
F6CE
F5E8
F539
F4DC
F48D
F461
F4B4
F553
F5BE
F5F4
F647
F6BD
F71C
F743
F749
F74A
F730
F6DF
F67C
F64C
F645
F60E
F56F
F4A5
F41E
F3E4
F3A7
F369
F385
F418
F4F7
F601
F725
F85D
F9B3
FB2B
FCBB
FE5E
FFF8
015E
02A4
0407
0571
0685
071B
075B
0771
0753
06D9
0609
0526
0449
0345
0219
010B
002E
FF3C
FE26
FD35
FC87
FC02
FBA6
FB83
FB94
FBD4
FC35
FC95
FCF3
FD60
FDC2
FE05
FE41
FE68
FE53
FE13
FDBA
FD26
FC4A
FB48
FA28
F8EC
F7B0
F686
F572
F480
F3B5
F312
F2AD
F297
F2CC
F34B
F410
F50A
F62E
F77F
F8FC
FA8E
FC15
FD85
FEF7
0069
01B5
02C9
03AD
0468
050F
05A1
05E6
05E0
05ED
061F
0616
05A9
0527
04D1
049A
046A
045F
04A5
0523
05A5
062C
06D1
077C
0803
086E
08DE
096B
0A15
0AAD
0AED
0ACD
0A75
09F1
0930
083F
0736
05FA
0478
02ED
0190
004B
FF08
FDE0
FCDF
FBF3
FB23
FA7A
F9F2
F996
F96B
F95C
F97A
F9E8
FA80
FAF4
FB3D
FB91
FC08
FC71
FC8F
FC68
FC30
FBFC
FBC9
FB9F
FB6B
FB08
FA81
FA08
F9A6
F948
F8F6
F8D4
F900
F97C
FA48
FB5F
FCA8
FE02
FF71
0101
029B
0431
05D9
0784
0900
0A49
0B7F
0C91
0D49
0D9B
0DA1
0D69
0CE4
0C12
0B15
0A0E
0901
07D0
066D
0512
040A
033B
0265
01A1
012D
00ED
00BB
00B4
00F1
014B
01A1
0209
02A2
034B
03B6
03D8
03F1
0404
03D4
0357
02B1
01EE
010B
FFF9
FE9E
FD20
FBD3
FAB8
F99D
F8A8
F824
F80E
F825
F850
F8B8
F988
FAAF
FBFE
FD6D
FF06
00BE
028E
0467
0612
076B
0899
09B3
0A9C
0B4A
0BE6
0C82
0CF7
0D18
0CF3
0CC3
0C9B
0C5C
0C02
0BAD
0B6B
0B3E
0B3F
0B6F
0BAE
0BF6
0C64
0D05
0DC7
0E91
0F4C
0FEF
1093
1131
1194
11B5
11BF
11A2
111F
1037
0F21
0DE8
0C78
0AD5
091C
076A
05D9
047B
0350
0246
0135
000E
FEFF
FE47
FDED
FDD6
FDDB
FDDE
FDE8
FE25
FE99
FF12
FF6C
FFBC
001D
0074
008F
0060
0005
FFB4
FF8D
FF6E
FF1C
FE97
FE18
FDA8
FD20
FC97
FC55
FC70
FCD6
FD81
FE70
FF87
00BB
0225
03CC
0582
0725
08C2
0A65
0BED
0D3A
0E3C
0EF9
0F87
0FF0
1008
0FA8
0EF5
0E2D
0D4D
0C37
0AF2
0994
082D
06D4
059F
0493
039C
02BA
01FF
016F
0104
00CD
00DC
0125
0181
01E9
0262
02D7
0324
0340
0339
0314
02C8
0251
01AA
00C6
FFB2
FE8D
FD57
FBF7
FA83
F933
F81D
F731
F676
F60C
F5F8
F61E
F681
F72F
F824
F950
FAB0
FC2D
FDB1
FF4A
00F8
0288
03E6
0535
0669
0759
080F
08A6
0904
091A
091A
091F
08F5
0883
0814
07E8
07C3
0755
06C9
0685
0695
06C7
0714
0789
0811
0898
091E
09A4
0A32
0AD1
0B62
0BB9
0BE0
0BF5
0BD7
0B4C
0A6D
097B
086F
0721
059D
0407
026F
00EF
FFA7
FE88
FD68
FC4D
FB6A
FAD3
FA6F
FA21
F9E3
F9C2
F9D7
FA2C
FAAC
FB3A
FBCE
FC59
FCBD
FCFF
FD3A
FD53
FD24
FCD3
FCA1
FC90
FC7B
FC55
FC19
FBB4
FB26
FAA4
FA5D
FA48
FA59
FABA
FB83
FC80
FD89
FECD
0066
0219
03B3
053C
06C5
0842
09A2
0ADA
0BE1
0CB2
0D4C
0DA5
0DA5
0D48
0CAA
0BD6
0AC5
0993
0870
0751
0613
04D1
03BD
02C6
01BD
00B0
FFE2
FF7C
FF60
FF4D
FF2F
FF3F
FFA5
002F
0097
00E3
0133
0171
0178
0158
0127
00C4
0009
FEFE
FDC8
FC7C
FB1C
F9AB
F846
F714
F628
F570
F4D0
F451
F423
F460
F4E9
F5A5
F6B0
F80E
F997
FB35
FCF7
FEC5
006F
01F1
0361
04B8
05E0
06DC
07BB
0872
08E5
091A
092B
0914
08D3
0885
0846
07FF
0797
0715
06A1
0662
0665
0698
06EA
075A
07ED
089A
0948
09E1
0A70
0B11
0BB6
0C2D
0C56
0C43
0BFB
0B59
0A4C
0907
07BF
065C
04BF
0306
015E
FFCA
FE51
FCF7
FBAB
FA71
F979
F8CC
F836
F7A1
F73B
F72E
F75C
F795
F7D7
F83B
F8A5
F8F0
F934
F992
F9E5
F9F0
F9B2
F958
F900
F8B7
F880
F851
F813
F7B9
F741
F6B3
F628
F5D3
F5D1
F612
F691
F76B
F8AD
FA29
FBB3
FD48
FEE5
006F
01E1
034E
04B5
05EC
06E3
07A5
0828
0857
083D
0803
07A8
0706
061A
0513
0409
02DE
0186
0037
FF26
FE42
FD6F
FCB5
FC1F
FBA3
FB3B
FAF8
FAF3
FB29
FB79
FBD3
FC4B
FCE7
FD77
FDC4
FDC3
FD8B
FD31
FCB5
FC0F
FB35
FA23
F8D4
F75F
F5F3
F4B2
F397
F290
F1A4
F0F1
F08D
F070
F093
F0FD
F1B3
F2A6
F3CA
F521
F6AC
F859
F9FD
FB77
FCD9
FE50
FFCA
00FE
01D6
0279
0305
036E
03A9
03B4
038D
034A
030A
02C0
023F
019A
0116
00D0
00AC
00A5
00DA
0148
01C2
0238
02C9
037F
042C
04B4
0527
0598
05F6
0631
0634
05E5
0545
0471
0369
021C
009B
FF09
FD68
FBB3
FA0D
F8A6
F77D
F677
F591
F4CF
F41A
F362
F2D3
F29A
F2A3
F2C5
F30E
F398
F43A
F4C0
F540
F5DA
F663
F69A
F686
F65D
F645
F641
F646
F645
F631
F609
F5CD
F578
F515
F4D0
F4D5
F51B
F588
F630
F737
F887
F9EF
FB68
FCF7
FE8E
001F
01AF
0326
0466
0575
066A
0731
07A9
07D7
07D0
078F
06FA
0613
04F1
03A5
024C
010B
FFF2
FEED
FDE4
FCD9
FBDB
FAF9
FA41
F9BA
F964
F945
F96C
F9CC
FA3A
FA99
FAEE
FB43
FB93
FBCF
FBED
FBDA
FB88
FAFA
FA35
F942
F827
F6EA
F599
F44D
F323
F225
F14A
F092
F00D
EFBB
EFA5
EFE8
F090
F17F
F2A1
F40C
F5B9
F76A
F90C
FACB
FCA3
FE4A
FFA4
00E8
022B
033A
03FB
0488
04F2
0539
0571
059D
058C
052C
04B2
0447
03D7
0369
0334
0339
033D
0342
0387
040F
049C
0521
05C1
0672
0716
07B0
0833
086D
0861
0848
081A
078C
0699
058F
047C
0328
018E
FFE9
FE53
FCC1
FB53
FA2E
F92D
F82B
F752
F6C9
F65E
F5DE
F573
F553
F56A
F598
F5F1
F682
F71D
F79F
F819
F898
F8F6
F912
F8FC
F8DB
F8CF
F8E0
F8FD
F905
F8E8
F8B2
F869
F814
F7DA
F7E5
F833
F8A0
F92F
FA10
FB4D
FCC0
FE4B
FFEA
018E
0318
048A
05F6
0746
0858
092C
09D7
0A53
0A8B
0A83
0A43
09BD
08ED
07F0
06DE
05B9
0494
038F
029E
0198
0081
FF90
FEDE
FE50
FDD3
FD7D
FD61
FD6C
FD7E
FD95
FDD6
FE5B
FEF9
FF5F
FF74
FF70
FF6C
FF28
FE79
FD95
FCB2
FBB5
FA84
F948
F82A
F714
F5F9
F507
F45A
F3E0
F396
F39D
F3EE
F46C
F522
F631
F781
F8E5
FA64
FC11
FDCB
FF66
00EB
0263
03A9
04A0
0562
060A
068E
06DE
06FF
06F8
06D1
069F
066A
0617
0597
050D
049D
043D
03E0
03A3
03AA
03EC
0447
04AF
052D
05B8
063A
06A5
06FB
073E
076B
077C
0769
0718
0678
0594
0484
034F
01F3
007E
FF00
FD79
FBF0
FA8A
F964
F866
F777
F6A2
F5FC
F576
F508
F4CE
F4DD
F51A
F56D
F5D3
F640
F69D
F6F8
F769
F7D8
F815
F829
F842
F86C
F890
F8A9
F8B5
F89F
F86B
F83E
F823
F801
F7E3
F803
F873
F90A
F9BD
FAAF
FBE5
FD34
FE84
FFEF
0178
0300
0467
05A7
06BD
07A7
086C
0904
0952
094B
0904
0891
07EB
0710
061A
051C
040C
02E8
01C7
00B8
FFAE
FEAA
FDD1
FD36
FCC7
FC6B
FC2C
FC1E
FC38
FC68
FCAF
FD15
FD86
FDE3
FE25
FE56
FE74
FE6A
FE22
FD95
FCD2
FBED
FAE9
F9C0
F884
F75A
F650
F55E
F48F
F40C
F3E3
F3F7
F435
F4B1
F586
F6A5
F7E9
F94C
FAE2
FCAF
FE8D
0050
01EF
037C
04FA
0651
0777
0879
0955
09F6
0A57
0A94
0ABD
0ACC
0ABD
0A95
0A55
0A00
09AD
0973
0954
094B
095F
098F
09D5
0A31
0AA2
0B18
0B8C
0C15
0CB8
0D4C
0DAA
0DD8
0DE0
0DA9
0D20
0C5B
0B76
0A71
0941
07E7
066E
04E3
035E
01F2
00A3
FF74
FE71
FD9F
FCF4
FC63
FBDB
FB58
FAF2
FACE
FAED
FB32
FB93
FC14
FC98
FCFA
FD4E
FDBE
FE36
FE7E
FE98
FEBA
FEFC
FF42
FF6A
FF6A
FF57
FF55
FF70
FF8E
FFA5
FFDC
005D
0119
01F2
02F0
042B
059B
0728
08B6
0A31
0B97
0D03
0E72
0FA6
107E
1128
11BE
1214
120E
11D8
1188
10F4
101B
0F3B
0E6B
0D72
0C3C
0B07
09FE
0912
083B
078F
06FF
0666
05CB
0561
053E
054C
0573
05AE
05FA
0652
06A9
06EE
0717
0722
0703
06A4
0609
054E
047A
037D
0264
0153
0051
FF4A
FE4C
FD81
FD02
FCC2
FCB8
FCEC
FD63
FE11
FEF0
FFFB
0133
0294
041A
05B5
074F
08CB
0A1B
0B4A
0C72
0D92
0E82
0F24
0F8C
0FD3
0FFC
1001
0FEB
0FC1
0F7A
0F10
0E96
0E21
0DB8
0D5E
0D1C
0CF9
0CF4
0CFF
0D12
0D3D
0D98
0E1E
0EA3
0F06
0F53
0F91
0FAA
0F81
0F1D
0E87
0DBF
0CC6
0BAE
0A7D
092F
07CF
0672
051C
03CD
0290
0164
0038
FF21
FE50
FDC2
FD38
FCA5
FC4E
FC53
FC77
FC89
FCA7
FCF0
FD44
FD86
FDC7
FE11
FE47
FE5C
FE72
FEA3
FEDE
FF09
FF14
FEF9
FEC5
FEA3
FEA5
FEAE
FEB1
FED6
FF45
FFEC
00B4
01A9
02D7
041C
0553
0681
07BC
08FF
0A2F
0B35
0C02
0C9C
0D18
0D80
0DB9
0DA7
0D47
0CA9
0BD7
0ADD
09CB
08A6
0775
0647
0531
042B
0321
0216
011A
003A
FF78
FED8
FE5B
FE09
FDEA
FDF7
FE1B
FE49
FE86
FEBF
FEC7
FE8D
FE34
FDD7
FD59
FC9F
FBBC
FAC9
F9BA
F88B
F762
F668
F596
F4D2
F41D
F394
F353
F35B
F3A1
F41D
F4E1
F5F3
F732
F877
F9CC
FB54
FCFF
FE92
FFF7
014B
0299
03CA
04D9
05DB
06C4
0766
07B0
07BF
07B3
078D
074A
06F6
0697
0625
05AA
0545
050E
04FC
04F6
04F1
04F9
051E
0561
05B8
0615
0665
0699
06B0
06AC
068F
0649
05CC
0513
0428
0315
01DF
008A
FF1C
FD9F
FC1F
FAB0
F962
F836
F71C
F609
F502
F41B
F367
F2E7
F28F
F255
F247
F26E
F2A9
F2D4
F309
F37F
F427
F4AE
F4E5
F4F9
F520
F566
F5C3
F62B
F679
F684
F664
F64F
F64E
F650
F66B
F6C7
F74F
F7D7
F876
F961
FA8B
FBB6
FCD6
FE06
FF47
0081
01B9
02F4
0407
04C4
053C
0593
05BD
0598
0534
04BE
0433
036D
0271
016A
0063
FF41
FE04
FCE1
FBF2
FB14
FA27
F94C
F8A5
F818
F782
F700
F6CD
F6DF
F703
F728
F75F
F79A
F7B9
F7BC
F7B0
F78A
F739
F6C5
F632
F570
F481
F389
F2A1
F1C3
F0F5
F04D
EFBF
EF25
EE98
EE6C
EECB
EF7B
F03D
F11F
F244
F397
F4E8
F636
F7A2
F92A
FAA2
FBF4
FD3D
FE92
FFD3
00D2
019F
0265
0319
0388
03A4
039E
0399
037D
032B
02BB
0254
01FE
01AE
0170
0153
0147
013D
014E
0195
01F0
0222
0229
023B
0269
0284
0273
0248
020C
019D
00E8
0000
FEF9
FDD9
FCAB
FB80
FA53
F91E
F7EA
F6C0
F59C
F482
F381
F297
F1BD
F114
F0C7
F0BC
F0B5
F0B1
F0DB
F130
F184
F1DA
F254
F2DA
F335
F364
F39E
F404
F493
F536
F5BF
F60A
F62C
F65B
F69A
F6C9
F6FC
F75F
F7F0
F893
F951
FA38
FB2C
FC19
FD23
FE5A
FF91
00AC
01C0
02CE
03A9
0452
04F4
0586
05D3
05D1
05A4
0548
04A8
03E2
0317
022E
010F
FFE6
FEDC
FDDB
FCD1
FBE9
FB32
FA78
F99F
F8D6
F844
F7DE
F795
F776
F779
F785
F79C
F7D0
F809
F814
F7E4
F799
F749
F6EA
F672
F5E1
F539
F47D
F3B7
F2EE
F22B
F176
F0DF
F076
F042
F03A
F05C
F0C4
F190
F2A2
F3BD
F4E0
F637
F7C1
F941
FA9D
FBF8
FD5E
FEAD
FFE2
0123
0272
0398
0469
04F4
055B
05AC
05DB
05D5
0593
0531
04D6
048E
0450
0421
040C
0403
03ED
03D4
03D7
03FA
0421
0443
046C
04A1
04D1
04E8
04E3
04C7
0490
0427
0388
02CA
0200
0114
FFF0
FEB2
FD8D
FC7C
FB59
FA21
F8F2
F7DB
F6D1
F5D5
F4F3
F437
F3AE
F365
F354
F368
F39B
F3E9
F43D
F484
F4D1
F540
F5C7
F642
F6A0
F6ED
F740
F7B2
F84C
F8ED
F96A
F9BD
F9FF
FA3B
FA75
FAC8
FB4E
FC03
FCD3
FDBF
FEC5
FFDF
0108
0237
0353
0454
055E
0688
07AA
0892
0946
09EC
0A78
0AC3
0AC4
0A87
0A0F
0967
08A9
07DB
06F4
0603
0525
0450
0365
026A
0189
00C9
0013
FF61
FEC5
FE51
FE0B
FDF6
FDFC
FDFA
FDF0
FE09
FE50
FE8C
FE87
FE4D
FE01
FDA7
FD2E
FC9A
FC04
FB71
FAD0
FA1E
F975
F8E3
F861
F7ED
F799
F77E
F7A3
F80F
F8C9
F9C6
FAE9
FC25
FD7E
FEEF
0063
01DB
0361
04E3
0637
0765
08A4
0A00
0B41
0C39
0CF8
0D9C
0E21
0E70
0E8C
0E88
0E73
0E4A
0E0B
0DC6
0D90
0D66
0D3F
0D26
0D31
0D51
0D5F
0D5D
0D79
0DBD
0DF7
0E06
0E02
0E01
0DF2
0DBE
0D5E
0CCA
0C02
0B1F
0A35
092F
07FD
06C4
05B0
04B7
03B8
02B6
01C3
00D0
FFD8
FEF8
FE44
FDA5
FD18
FCCD
FCE7
FD33
FD6C
FD95
FDE0
FE59
FED1
FF27
FF71
FFCC
0030
008E
00FD
019E
025F
02F9
0345
036E
03B1
041A
0497
0526
05DB
06C0
07C0
08C7
09CE
0AD6
0BDE
0CDD
0DCD
0EBB
0FAF
1093
1144
11B7
120D
125F
129B
1297
1245
11C1
1126
106F
0F8A
0E78
0D55
0C3C
0B37
0A41
0956
086D
0786
06AF
05F9
055B
04C8
044A
03F7
03C2
038A
0352
033E
0355
0364
0342
02FA
02A7
023C
01A1
00E3
0026
FF79
FED1
FE26
FD86
FCFA
FC81
FC16
FBC2
FB94
FB9A
FBD3
FC3E
FCE1
FDC1
FED9
000B
0141
0282
03DB
053B
0683
07AF
08D6
09FB
0B0D
0C09
0CFB
0DD7
0E78
0ED7
0F13
0F3C
0F3E
0F0A
0EB1
0E51
0DF9
0DAD
0D6B
0D33
0D0A
0CF0
0CE0
0CCE
0CC0
0CC0
0CC5
0CB9
0C9C
0C82
0C72
0C51
0C07
0B91
0AF4
0A31
0943
082A
06F2
05B6
048B
0375
0266
0158
0048
FF35
FE29
FD2C
FC3D
FB55
FA7D
F9C7
F93A
F8DE
F8C5
F8E3
F908
F91D
F945
F99F
FA05
FA43
FA64
FA9E
FB05
FB88
FC13
FC9D
FD13
FD70
FDBE
FE06
FE4D
FEA9
FF38
FFF6
00CD
01BC
02D2
0404
0529
062B
071B
080C
08F8
09CC
0A7F
0B12
0B87
0BDE
0C14
0C2B
0C20
0BEA
0B84
0AF6
0A48
0977
088A
0797
06A7
05A9
0498
038C
029C
01BD
00D7
FFE9
FF13
FE70
FE00
FDA3
FD3D
FCD5
FC8A
FC69
FC55
FC2F
FBF8
FBB8
FB5F
FAD9
FA2A
F96D
F8B0
F7F3
F737
F68E
F609
F5A9
F55A
F508
F4B8
F47F
F470
F497
F4F5
F58B
F656
F750
F866
F982
FAA1
FBCE
FD0A
FE3F
FF61
0079
018F
0296
038A
0471
0543
05EB
0668
06C0
06E8
06D2
0694
0652
060E
05BB
056B
0539
0518
04ED
04BE
04A4
0497
0478
0448
0425
041A
0409
03D7
038C
033F
02E5
0260
01A7
00D7
FFFF
FF0A
FDF1
FCD3
FBC8
FAC4
F9BB
F8C0
F7E0
F70A
F62E
F552
F47A
F3A0
F2D4
F232
F1B7
F159
F12E
F146
F177
F18D
F19D
F1D5
F216
F222
F20A
F226
F29E
F34A
F3F3
F480
F4EB
F546
F5A8
F615
F679
F6E4
F78C
F886
F9A4
FAB8
FBCF
FD03
FE43
FF66
0061
014C
0233
0306
03B0
0435
04A7
0507
0544
0555
053D
04FD
0489
03E6
0331
0287
01E5
0130
0056
FF67
FE83
FDB4
FCE2
FBFB
FB0A
FA2F
F97E
F8F9
F894
F843
F7FB
F7B6
F775
F73C
F70B
F6D4
F68B
F635
F5D7
F561
F4BA
F3F0
F32B
F277
F1C2
F111
F084
F028
EFDF
EF96
EF64
EF5B
EF74
EFB6
F039
F0FC
F1DC
F2C9
F3D7
F508
F644
F77A
F8B3
F9ED
FB1C
FC48
FD7D
FEA8
FFB4
00AD
01A4
0287
033F
03D0
043D
0472
0468
043C
040F
03ED
03DC
03D6
03C7
03AA
039D
03B8
03E2
03ED
03D3
03BB
03C7
03E6
03E3
0398
031E
02B0
024A
01B1
00CF
FFD9
FEF0
FDF9
FCDE
FBC9
FADE
FA03
F915
F819
F727
F647
F577
F4AF
F3DE
F30A
F259
F1E0
F17E
F11D
F0DB
F0CF
F0E3
F0FE
F131
F173
F192
F184
F191
F1F8
F2A1
F34A
F3CD
F42A
F478
F4D6
F552
F5DE
F675
F730
F825
F94D
FA92
FBE7
FD35
FE69
FF90
00C0
01F2
0302
03E4
049E
052E
058F
05CF
05F9
060A
05FE
05D9
0589
04F4
042F
0372
02C7
0209
0133
0078
FFE8
FF4C
FE78
FD85
FC9F
FBCA
FB0C
FA88
FA51
FA3B
FA0B
F9BF
F97B
F941
F8F0
F87F
F80C
F7AE
F74D
F6C7
F612
F53C
F456
F36E
F291
F1C6
F118
F096
F045
F01A
F004
F007
F031
F088
F108
F1B1
F287
F385
F49E
F5C8
F6F9
F82D
F95B
FA81
FBA3
FCC6
FDE2
FEE6
FFD4
00BB
01A0
026F
0319
03A5
041A
0467
0477
0463
0456
0455
0445
0426
041D
0438
0457
045D
045B
0467
0478
0472
044F
0421
03F0
03B4
035F
02E8
024E
0195
00C7
FFE8
FEF8
FE00
FD0C
FC19
FB17
FA16
F93A
F881
F7C1
F6E3
F603
F536
F476
F3C7
F33D
F2D1
F26C
F20B
F1C1
F195
F18A
F1A4
F1CE
F1DA
F1C4
F1B9
F1D4
F208
F25E
F2F2
F3A6
F43C
F4B2
F534
F5C5
F648
F6D2
F79C
F8B8
FA05
FB6F
FCEF
FE79
FFFD
016F
02B7
03C5
04B0
0597
0667
06F6
0752
07AA
07F6
0807
07D9
0782
06F9
063F
0586
04F8
0476
03D1
031C
027B
01E6
0140
0087
FFC8
FF0B
FE5E
FDD7
FD76
FD2C
FCF7
FCD5
FCB3
FC7D
FC3A
FBF4
FBA5
FB3F
FAC1
FA2E
F98F
F8E5
F825
F745
F657
F579
F4B4
F406
F382
F33D
F32A
F334
F368
F3E4
F4A8
F590
F681
F77A
F891
F9D7
FB47
FCBF
FE1A
FF51
0076
01A7
02EC
042D
0550
065B
076D
0882
0974
0A35
0AD9
0B66
0BC8
0BFE
0C23
0C3E
0C40
0C3D
0C59
0C8A
0CAC
0CC9
0D01
0D42
0D6C
0D87
0DA8
0DC0
0DBF
0DB0
0D94
0D46
0CB6
0BFA
0B2D
0A4E
095E
0862
0751
062E
0515
0417
032D
025C
01B2
0119
0068
FF9C
FED4
FE16
FD5E
FCBE
FC4E
FBFD
FBB2
FB6A
FB28
FAEB
FACA
FADE
FB0F
FB27
FB19
FB12
FB34
FB8D
FC20
FCD6
FD7D
FDFE
FE77
FF0A
FFB8
007B
0165
0283
03D9
0565
0710
08AB
0A21
0B8D
0CFB
0E4E
0F74
1080
116E
1218
1275
12A7
12BE
12AA
1268
1205
1186
10EA
1049
0FB4
0F21
0E83
0DE0
0D3B
0C9D
0C14
0BA2
0B20
0A71
09B1
090D
0890
0831
07E7
079D
0740
06E4
069C
0644
05B6
0506
045B
03AD
02E4
020D
0135
0042
FF2B
FE24
FD5C
FCC1
FC30
FBB4
FB6F
FB67
FB96
FBFB
FC98
FD6C
FE6C
FF7B
0088
019F
02D0
0406
0528
063C
0757
086F
0976
0A74
0B69
0C41
0CFF
0DC4
0E90
0F3B
0FBC
1030
109E
10EC
111B
1138
1140
112A
110D
110A
1126
1146
1155
115B
116C
1187
1193
117A
114A
1117
10D3
1057
0FA3
0ED9
0DFC
0CFF
0BEE
0AE2
09D5
08B7
079A
069D
05C4
0501
0450
03B5
0318
0268
01AD
00F9
004C
FFB1
FF43
FF07
FED9
FE98
FE45
FDFE
FDD9
FDCC
FDB5
FD85
FD4D
FD31
FD54
FDB8
FE43
FECA
FF2A
FF6D
FFC8
0057
00F5
0188
023C
0346
049E
061E
07B1
0948
0AD0
0C3B
0D85
0EA8
0F9C
1061
10FD
1172
11B7
11CC
11BD
1192
1139
109B
0FC5
0EE9
0E22
0D57
0C78
0BA6
0AFF
0A79
09F8
0968
08C3
0810
0761
06BA
0623
05A9
054C
04FD
04B0
045E
0402
039C
0329
02A8
020C
0141
0052
FF6D
FE95
FD9F
FC83
FB6E
FA6A
F95F
F866
F7C1
F777
F753
F735
F735
F772
F7F7
F8C7
F9D0
FAE4
FBE2
FCE2
FDFD
FF1E
002F
0136
0239
0334
0426
050E
05E9
06BC
0792
0869
092C
09C4
0A36
0A93
0AE3
0B22
0B52
0B6E
0B75
0B84
0BA9
0BC0
0BB0
0BA5
0BC4
0BEA
0BEE
0BE1
0BE2
0BE9
0BD7
0BA5
0B58
0ADB
0A19
092A
0842
0764
0664
052E
03DC
0298
0178
007C
FF99
FEC8
FE03
FD44
FC89
FBD5
FB22
FA69
F9B9
F926
F8A6
F82B
F7C4
F77B
F72F
F6D1
F67F
F63C
F5D8
F557
F4FF
F4FD
F539
F591
F5F8
F65E
F6AE
F6F1
F740
F7A4
F81B
F8C2
F9BC
FB08
FC86
FE24
FFCA
0163
02EE
0473
05E5
0735
0860
0960
0A1D
0A91
0AD7
0B09
0B18
0AEA
0A85
09F2
092F
0856
0794
06E7
062C
0573
04E9
0481
03FB
0348
02AC
0250
01F6
0165
00D3
007F
0041
FFEA
FF91
FF4B
FEFE
FE9C
FE2E
FDB2
FD1F
FC71
FBAE
FAC6
F99E
F84B
F716
F619
F521
F427
F35D
F2C7
F247
F1F2
F1E5
F218
F284
F339
F434
F554
F678
F79A
F8C7
F9F9
FB17
FC1D
FD1B
FE14
FF07
0001
00F0
01BD
0282
0357
0418
04B0
0545
05E2
0656
068D
06BD
070C
0754
0769
076B
078B
07BB
07D4
07E7
0816
0852
087B
0891
089F
08A1
0886
0844
07DE
0756
06A0
05C0
04CA
03C2
02A2
016D
002D
FEEC
FDCC
FCE0
FC0E
FB3B
FA7A
F9DA
F940
F896
F7DC
F722
F673
F5D3
F544
F4D8
F48D
F434
F3C4
F367
F327
F2D9
F26C
F1EF
F176
F12B
F13B
F194
F1F8
F23B
F266
F297
F2DC
F331
F3AD
F475
F580
F6B3
F819
F9B5
FB61
FCFC
FE85
FFF6
0142
026E
0379
0455
04F8
055F
0595
05AE
05AC
0579
0500
0449
036B
027E
018E
00B0
FFFE
FF6D
FED9
FE43
FDBD
FD44
FCCC
FC51
FBCB
FB45
FADC
FA9E
FA78
FA56
FA29
F9DE
F96C
F8E4
F85B
F7CA
F70F
F62E
F550
F46E
F354
F213
F0EB
EFDF
EECB
EDC9
ED03
EC6C
EBF3
EBAD
EBAC
EBEB
EC5F
ED10
EDF6
EEEE
EFEA
F103
F236
F351
F44A
F549
F652
F731
F7E6
F8A3
F96F
FA22
FAC0
FB6D
FC21
FCBB
FD43
FDC6
FE32
FE81
FECA
FF0F
FF46
FF79
FFB7
0005
0057
00A4
00EA
0132
017E
01C6
0200
021B
021C
0219
01FC
0191
00F5
0068
FFD3
FEF4
FDD4
FCA7
FB84
FA72
F96B
F869
F781
F6CA
F62B
F581
F4D7
F445
F3C3
F32F
F28D
F206
F1A8
F159
F10B
F0BC
F05E
EFFD
EFBC
EF86
EF26
EE9E
EE1F
EDCA
EDBD
EE03
EE70
EEC0
EEDF
EEFB
EF4E
EFCD
F047
F0CB
F194
F2A0
F3DC
F55F
F731
F90C
FABD
FC4C
FDC2
FF26
007F
01B9
02B2
0369
03F8
0464
049D
04A1
047C
0424
038A
02CA
0214
0176
00D6
0035
FFB1
FF51
FEF4
FE8F
FE39
FDEE
FD8C
FD1C
FCCE
FCAC
FC9C
FC94
FC80
FC4B
FC14
FBF4
FBB1
FB1A
FA6E
F9D7
F91D
F825
F71A
F616
F503
F3D6
F2A0
F179
F082
EFC8
EF3D
EED4
EE94
EE90
EED8
EF5F
F00E
F0E3
F1E1
F308
F458
F5BC
F70B
F840
F96E
FA7C
FB56
FC2F
FD2E
FE31
FF11
FFD8
0099
015C
0217
02BB
0347
03BA
040E
0458
04B2
0510
0560
05BC
062F
06A3
0714
0789
0800
0876
08E0
0924
0947
0965
0977
0962
0917
0896
07F7
074F
0685
058A
048B
0395
0286
0187
00CD
0021
FF49
FE7C
FDE8
FD5F
FCC9
FC3C
FBAD
FB17
FA9D
FA55
FA26
F9E2
F97E
F91C
F8D7
F89B
F854
F805
F7A4
F736
F6F2
F6F5
F71A
F742
F773
F79B
F7B7
F7FD
F887
F929
F9C8
FA96
FBB4
FD0B
FE89
003B
020E
03CC
0568
06FA
0887
09F8
0B35
0C24
0CCC
0D6A
0E13
0E95
0ECA
0EC3
0E8A
0E20
0D99
0D00
0C58
0BAD
0B15
0AA1
0A46
09E5
097A
0923
08D0
085E
07F7
07C8
07A1
0772
076F
0785
0767
0724
06EA
068E
05F6
0548
0491
03C1
02DC
01DD
00BC
FF90
FE67
FD41
FC3A
FB59
FA77
F99F
F90B
F8C0
F8A8
F8DB
F958
F9EC
FA93
FB7E
FC9D
FDB8
FEC9
FFEA
0107
0208
0301
040A
0508
05DE
06A0
0756
07F0
0885
0935
09E7
0A81
0B20
0BC1
0C29
0C5E
0CA1
0CF7
0D3F
0D8A
0DE8
0E48
0EAE
0F28
0F9E
0FF2
1027
104D
1073
1096
1095
105B
0FED
0F62
0ECC
0E1A
0D25
0C07
0AFF
0A00
08E5
07E2
0716
0641
055E
04AF
0427
0392
02F5
025F
01C8
0143
00D5
006E
001B
FFD1
FF51
FEA5
FE23
FDCC
FD56
FCC2
FC39
FBB0
FB2D
FAE6
FAE5
FAE9
FAD1
FAB3
FA9B
FA99
FAED
FB9B
FC3D
FCBF
FD8B
FECB
0039
01BC
035F
050B
06A1
0811
0953
0A8A
0BC1
0CB7
0D55
0DDB
0E53
0E92
0E9F
0E83
0E33
0DBC
0D27
0C6F
0BC4
0B3F
0AA7
0A04
09A4
0978
0939
08E6
0891
0832
07DF
07A3
076F
074C
073B
071A
06EF
06D0
06A3
0643
05A4
04D2
03F0
0309
01FB
00DC
FFD9
FECC
FD8E
FC57
FB41
FA39
F966
F8D3
F83F
F7CD
F7CE
F806
F834
F8A1
F962
FA24
FAE1
FBC4
FCA9
FD71
FE4A
FF45
003B
0126
0216
02F3
03A4
0433
04B1
0530
05BE
0650
06D6
0757
07D6
0843
08A5
0902
0941
0977
09E3
0A6C
0AC9
0B20
0BB3
0C3F
0C7C
0CA4
0CE8
0D19
0D13
0CED
0CC1
0C85
0C16
0B64
0A8F
09AE
08B9
07B6
06C8
05F1
0504
03F4
02FE
0240
017F
00B9
003C
FFE2
FF36
FE65
FDD8
FD5C
FCC9
FC66
FC16
FB8E
FB0E
FAC6
FA64
F9D1
F936
F88B
F7EF
F7AB
F79B
F776
F759
F756
F747
F738
F752
F788
F7D1
F84D
F904
F9F3
FB2D
FCAC
FE2A
FF7F
00D7
024A
03A2
04D5
0617
0747
0817
08AC
0947
09C3
09EC
09CB
0977
091B
08D7
0883
07FE
0771
06F0
0665
05D0
0554
0508
04D6
0488
041D
03D2
03A0
0359
031E
0309
02DE
0289
0242
0220
0200
01A2
00FA
0054
FFB6
FEBA
FD87
FC83
FB5A
F9DF
F8B6
F7E3
F6CF
F5B9
F504
F459
F3CB
F3C5
F3EF
F3F5
F432
F4A6
F52C
F610
F72C
F7FA
F8B5
F99F
FA61
FB0D
FBFB
FCE5
FD98
FE5F
FF1C
FF8F
FFFE
008D
0118
01AE
0255
02E2
035A
03C0
040B
0470
04EC
0534
058D
0647
06D0
06E9
0741
07E2
0820
0832
08A2
08FA
08D2
089C
0885
0837
07B9
0735
066D
0558
0457
0384
02AA
01C7
00E5
FFED
FEF9
FE50
FDE8
FD5A
FC8B
FBE1
FB8E
FB32
FA87
F9DA
F968
F901
F89B
F845
F7C3
F71C
F692
F5DD
F4DB
F43F
F42A
F3D1
F358
F364
F36C
F2FF
F2D2
F2F9
F2ED
F318
F3B9
F423
F484
F59C
F6F8
F818
F96F
FAFC
FC51
FDB5
FF45
0092
019F
0293
0347
03FE
04E4
0566
0558
054A
0551
053C
051E
04D1
0439
03B8
0359
02CF
026F
027E
0261
01CE
0159
0147
0134
00EE
00AE
0091
0074
004B
003A
0034
0000
FF9B
FF23
FE91
FDE7
FD30
FC5A
FB69
FA72
F95F
F838
F72F
F636
F53F
F45C
F364
F26A
F203
F237
F271
F299
F2D5
F316
F3A0
F489
F542
F5BE
F678
F734
F7B8
F88C
F9A6
FA60
FADA
FB81
FC21
FCA1
FD3F
FDEF
FE76
FEE3
FF96
00B2
019F
01F0
0238
02C2
030C
0343
03CE
0433
0484
0572
0649
0652
069F
0781
07CA
078E
078F
075C
06D3
068C
0643
05B0
0526
045C
0329
0258
01E2
010F
0027
FF6E
FE90
FDF3
FDD4
FD6A
FCAC
FC38
FBC2
FB28
FAF3
FABC
F9FB
F948
F8E0
F854
F7CB
F760
F6B9
F611
F5AB
F527
F49E
F464
F417
F39B
F361
F33F
F301
F307
F349
F384
F3FB
F4B2
F552
F610
F72F
F881
FA05
FB97
FCCF
FE02
FFAD
0131
01FD
02A2
0381
0443
04EB
05A5
0619
060A
05C0
0574
0512
04A1
0443
03E7
0367
02F4
02E5
0307
02CE
0245
01FA
020F
01FD
0185
0121
012D
014E
014F
015E
013A
00A2
0020
FFF1
FF78
FEB2
FE23
FD73
FC45
FB33
FA71
F96A
F826
F731
F67E
F5BC
F4E1
F405
F361
F328
F338
F360
F3A7
F425
F4DC
F5A9
F675
F766
F864
F8FE
F965
FA2C
FAF7
FB4E
FBCE
FCC2
FD84
FE0D
FECF
FF62
FF9F
0051
017B
023E
02A6
0348
03E7
0434
049F
0562
0608
0667
06D4
0776
0818
0895
08F5
0948
0990
09CE
0A0E
0A40
0A31
09C9
0932
0898
07FD
0757
0689
058C
049E
03CD
02E6
021D
01BF
0159
00B0
0066
0060
FFC5
FEEB
FE99
FE62
FDCF
FD41
FCB4
FC0D
FBCE
FBCF
FB3E
FA58
F9BD
F919
F837
F797
F73A
F6B9
F644
F64D
F6BD
F703
F6DF
F6B7
F6C8
F6E9
F76C
F8A6
F9DC
FAA7
FBE9
FDC3
FF35
0044
01A3
0325
0473
0597
0651
06BD
076D
083E
08CE
095A
09BE
0992
0948
0920
087F
07BD
07CE
0812
0795
0716
073D
073D
06D9
06DB
0715
06C1
0650
0678
06BA
069D
0689
0697
066E
0639
0627
05ED
056D
04A2
0368
0223
014C
006C
FF29
FE02
FD06
FBD6
FAC8
FA14
F958
F8B8
F878
F83D
F81E
F891
F914
F943
F9D4
FAD4
FB8A
FC3D
FD40
FDBF
FDAC
FE26
FF1E
FFAC
000A
00B0
013B
01A5
0247
02B9
02CE
0352
0456
04E0
04D7
0506
05AD
0697
0784
0808
0837
08A3
0948
09E0
0A80
0B06
0B4E
0BDF
0CB5
0CFB
0CC5
0CA6
0C66
0C1C
0C37
0BF8
0AD4
09CD
0939
0860
0786
070D
064B
054E
04E1
04A8
03F5
031B
0285
0240
0225
01B4
00F0
0099
0098
0032
FFA2
FF38
FE76
FD88
FD32
FD0A
FC1E
FAC4
F9E0
F97A
F930
F90D
F91C
F8F7
F899
F878
F888
F886
F8D1
F977
FA09
FAED
FC5C
FD6D
FE4B
0010
01E0
0293
0366
0516
066A
0730
0808
0861
0848
08D2
098B
095B
08C7
088E
086D
081D
0797
06EF
067B
0649
0645
06A1
06F3
068A
05EE
05CF
05C0
058F
0595
059A
058A
05CC
05EA
0547
049B
0477
0426
034D
0283
01E8
0112
001F
FF56
FE67
FD27
FBFB
FAEE
F9C1
F8E9
F8A7
F835
F794
F79D
F7F9
F81C
F8A7
F975
F9AA
FA05
FB10
FB77
FB38
FBD3
FCDD
FD33
FD6A
FDE9
FE13
FE1C
FE94
FF35
FFA6
000A
00B6
0196
01FC
0211
02C8
03AF
0418
04D4
059A
0575
0617
0807
0853
078C
091F
0B26
0AA1
09D0
0991
080F
07B2
0A58
0BCB
0A7B
0A07
0AAE
0A6F
0A17
097E
0759
0571
04E1
0379
0125
000C
FFC9
FF15
FE9A
FECF
FED8
FE47
FDD1
FE26
FE8C
FDFA
FD36
FD10
FCD5
FCB8
FD5D
FD4A
FBFA
FB50
FB1F
FA18
F99F
FA21
F991
F8C9
F9E3
FAC0
F8FB
F6A4
F6B4
F989
FD14
FE92
FDF9
FD9F
FDA6
FCF0
FCB2
FDA4
FE76
FF71
0177
0319
03D8
0590
07F9
08CC
0857
08BB
09D0
09C6
08BC
082C
07A7
0633
0527
0501
03C6
0235
02C2
0325
00DB
FF33
FFB9
FEC5
FCA1
FD0B
FE7E
FE2E
FE81
0101
0276
00E2
FE70
FDE5
FF61
0075
FFA7
FE4E
FD51
FC12
FB1D
FB01
FA7A
F8FF
F775
F665
F678
F7BF
F877
F834
F851
F81A
F70B
F78C
F95B
F937
F861
FA0B
FC2E
FC93
FD83
FF7D
FFFD
FFAC
0084
010C
0039
0030
0180
01F8
0141
00F3
0116
00E0
00FE
022F
03EE
05D2
07D2
0924
0913
083C
07E3
08AE
0A13
0B4D
0CC5
0E7E
0E87
0C7C
0AF2
0A9E
0A34
0ABD
0C65
0BFC
09AF
0931
0987
07C0
05E0
05E0
05EB
05AA
060A
05EA
0595
06D5
080C
072F
060E
05E5
050B
0301
011B
FFF6
FF1E
FDA0
FBAE
FB78
FD91
FF33
FEDA
FE17
FD80
FB76
F742
F2BA
F09C
F15C
F2AE
F35E
F495
F652
F716
F740
F80E
F8B9
F847
F7B7
F7D4
F7FD
F814
F87C
F88B
F82D
F8EE
FAAA
FB3E
FB09
FC2F
FDE1
FE4E
FE36
FE3E
FDA0
FD07
FD89
FE44
FE42
FDD2
FD8A
FE1C
FF43
FF85
FF3A
FFF3
00F7
0181
02D9
0489
04CE
04C1
0569
0540
0494
0514
0509
02B6
006B
FFDD
FF77
FE60
FD6A
FC80
FB2E
F9B7
F7F6
F5C4
F433
F3FD
F3FA
F2F8
F133
EF4A
EDE4
EDBA
EE5E
EF15
F055
F189
F0D0
EF4E
EFE0
F181
F1AD
F100
F0CA
F13B
F28A
F3A2
F35F
F378
F4B0
F4E8
F461
F4D5
F527
F51A
F666
F7D3
F815
F90D
FA52
F9FE
F9FD
FB39
FB4E
FAFE
FBF1
FC13
FBAF
FDB4
001C
0019
FFEA
0051
FF36
FE06
FE9B
FEE8
FE12
FDD4
FE2A
FE1A
FDD1
FD7D
FD54
FD92
FD55
FC1E
FAC7
F9F0
FA2F
FC0B
FE03
FE28
FD0C
FBEF
FB0C
FAF3
FBD8
FC7F
FC55
FC10
FBD8
FB42
FA25
F893
F6EF
F55C
F37B
F1CC
F188
F28A
F3A5
F478
F52C
F5E0
F6A1
F714
F761
F8B5
FAF6
FCA6
FDDD
FF8D
00E6
0177
02B3
04C1
0620
06EC
085A
0A2F
0B99
0C8D
0D2E
0D6B
0D18
0C3C
0B69
0B0D
0AEC
0AF7
0B34
0B06
0A77
0A6D
0AAB
0A5E
09FB
0A2E
0AD9
0BC3
0C51
0BE2
0B12
0A66
0993
0942
0A05
0AC0
0B4B
0C96
0D6F
0CAD
0BC9
0AF4
084C
0488
0211
0107
0071
001E
000D
0088
0187
01F5
0195
0185
01D3
01A8
011E
00E3
0147
01F2
0251
02B7
038C
03D8
0318
0243
01C6
01B8
0286
032D
02E9
0370
0510
05DC
061C
06BA
06AB
06A6
0817
0900
0867
0890
0962
0999
0AAD
0C5B
0C46
0B80
0BA0
0B56
0AE2
0BA8
0C3E
0BE0
0C0C
0C51
0B7D
0A3D
08E0
0791
076F
07AE
0671
049B
03AB
02D8
0132
FF52
FEB4
FFE4
00B2
FF45
FD92
FD31
FCB4
FC17
FC9B
FCED
FBFA
FB19
FABC
FA6F
FA58
F9E6
F903
F8BE
F80B
F57A
F31B
F274
F1EF
F13A
F147
F17D
F192
F1B1
F119
F0A7
F1CE
F2F0
F30E
F419
F5D5
F691
F79E
F988
FA53
FA94
FBEA
FCF6
FD23
FDCD
FE4F
FE07
FE56
FED8
FE41
FDDF
FE63
FE6A
FE45
FE9D
FE1C
FCE6
FC6D
FB92
F993
F8AF
F964
F9AE
F9E4
FB65
FCDB
FD0C
FD03
FD45
FD40
FD15
FCFD
FCFA
FDD6
FFAC
00AA
0022
FFF7
0098
FFBC
FD04
FB2D
FB38
FB4B
FAA6
FA28
F9C7
F918
F89F
F88B
F881
F8CD
F9A3
FA6A
FB23
FC5C
FD80
FDBF
FDE0
FEB2
FF5D
FF69
0030
021E
035C
0328
0305
0365
0331
02CA
0328
0366
02D3
028E
02F2
0318
034F
0466
05A8
0668
076E
0905
0A74
0BD1
0D6D
0E12
0D03
0C0A
0CC1
0E56
0FB6
10B7
10F4
1052
0F84
0EBB
0DA8
0C53
0AE4
0A30
0ADE
0B0E
094B
0810
08DC
0993
0A09
0B6C
0B9B
09E8
0950
093B
06F6
04C2
0514
05E3
0642
074C
0855
08EE
0972
08C6
0746
06DA
0642
03F6
01E5
00BB
FF18
FDCD
FD8E
FD1E
FCCF
FD0D
FC33
FA94
FA36
FA6A
FA17
FA40
FAFC
FB56
FB72
FB5C
FB0D
FB53
FBBE
FB24
FAAD
FBA5
FC62
FB41
F99A
F943
F9D0
F9D0
F925
F8BA
F90B
FA45
FBE8
FC30
FABD
F9D1
FA37
FA56
FA61
FBC3
FD90
FE71
FF21
0042
00F1
00CE
014C
0323
03EA
0213
00C1
01B4
0193
FFC2
FFC7
00BE
FF74
FD7E
FC70
FA79
F7D4
F632
F547
F562
F6F7
F846
F91F
FAF2
FC2A
FB4D
FA5D
FA47
F9EA
F9C7
FAC5
FC61
FDD1
FE52
FE34
FED7
FF89
FEDE
FE43
FEAC
FEB7
FE95
FF09
FEFC
FECC
FF99
FFC7
FED7
FECD
FEF0
FD93
FC92
FD32
FDB5
FDB8
FE5F
FF53
FFC4
FFD2
0006
0089
00B7
0087
0128
022A
01C0
007E
FFF6
FFDB
FFED
0055
001A
FF3E
FF10
FF51
FF75
0013
009C
0078
00EB
01AD
00B2
FED7
FE7B
FEF9
FE97
FDCD
FDAF
FDDF
FD74
FCB2
FCBD
FD7D
FD71
FC40
FB3B
FB06
FAA5
F933
F76D
F667
F55A
F379
F220
F1FF
F1A7
F0D9
F0A8
F0FF
F1E7
F3C5
F57D
F6B2
F8CC
FB4C
FC8C
FD3D
FE2C
FE95
FE99
FED4
FEF7
FF47
0068
022E
03FE
0470
02E0
01EB
031B
03C3
0358
04BC
0749
0840
0855
08A2
088A
08BE
0988
097A
08FF
096D
09E9
09FA
0AA3
0BD4
0D2C
0EE3
1081
11F2
139B
141B
1294
110E
1094
0F8D
0D5C
0ADA
08A5
073F
065B
056E
0587
06B0
0676
04E6
04C3
056F
04B4
03F8
048E
04ED
04F9
05C2
05F2
0509
054D
06AC
068B
053C
0507
05B8
05DF
05B0
063C
07A5
08DE
090D
089C
0809
0731
06A3
06CE
06AB
0620
0668
06DE
0696
0745
0962
0A84
0A88
0B79
0CFD
0DDD
0E8E
0F11
0EE6
0EA5
0E82
0E0F
0DBC
0D8E
0CA4
0B17
0977
07C4
0662
0591
0482
0311
0214
018B
00D3
FFC0
FEA3
FE1D
FE4C
FE55
FDE9
FD8F
FD1D
FC0C
FA90
F944
F8E4
F984
F9B3
F899
F76C
F6C1
F5A0
F415
F323
F2E3
F2DA
F2B0
F251
F220
F22C
F1EA
F16F
F16F
F252
F468
F770
FA2E
FBF2
FD14
FDE2
FEAE
FF77
FF8C
FF67
004D
0167
0184
0206
03D8
0515
0484
0381
0328
029C
00DE
FF07
FEC8
FF3C
FEAB
FDFC
FE49
FE4A
FD60
FCB4
FC98
FC76
FC12
FBA6
FC38
FE11
FF70
FFE1
010F
0282
028D
020F
01C1
0087
FF10
FED6
FED1
FE16
FD70
FCA5
FB02
F97B
F906
F934
F930
F888
F78A
F6DA
F6A7
F743
F8F0
FA39
F9D3
F94C
FA24
FB11
FAF9
FAC0
FB19
FBD7
FCCE
FDA3
FE46
FF5A
00C7
019F
0202
02AF
0340
0335
033C
0393
034C
0229
010B
00AC
0115
0177
0114
00FC
0269
040A
0499
057C
077D
091B
09C9
0A84
0BAD
0CE5
0D67
0CB0
0BAA
0B1F
0A50
08EE
073A
04FF
0377
03F8
04A7
041F
042A
04F0
04EB
04E8
054F
04DA
0491
0540
04B8
033D
035E
0412
0393
032B
035D
0353
036F
035B
0255
019D
0195
0094
FEF1
FE9D
FF7E
0017
FFB5
FF28
FF72
FF77
FE19
FD80
FF0E
008F
0131
023C
0327
0381
0463
053B
0515
050A
05AB
06B2
08A2
0A99
0AC0
099A
0868
070E
0571
03D0
02DC
036C
0434
03D1
03FE
050E
0488
0344
032C
0204
FF73
FEBE
FF2A
FE67
FE18
FE6F
FD69
FCDE
FE70
FF6C
FF2C
FFFE
015E
0196
0134
00FA
00D4
008A
FFD5
FF1B
FE9B
FD8C
FC4D
FBC0
FA89
F822
F6A9
F664
F5F2
F60D
F73F
F820
F88C
F959
FA39
FB2B
FC85
FD86
FDA7
FD6E
FD69
FDF5
FED7
FF4A
FF64
FF64
FF08
FEF6
FF61
FEC6
FD5D
FCEA
FCB2
FBEC
FBF6
FC29
FB02
FA7B
FB94
FBFE
FBEB
FD24
FE3B
FE3B
FE95
FEE5
FE7C
FEFC
0032
0012
FF55
FFA9
007B
00A4
FF96
FDC6
FCEB
FCD1
FB38
F922
F92E
F9ED
F97F
F9B3
FAEE
FAF4
FA3B
FAA2
FB5F
FB65
FB43
FAF9
FA5D
FA55
FAD9
FA95
F964
F899
F8FA
F9CE
F9F0
F967
F8FE
F89A
F7C1
F6F4
F6A4
F64F
F579
F3F9
F1B1
EF1D
ED23
EC1C
EBBD
EBAB
EBE3
EC77
ECF7
ED43
EE53
F039
F18C
F247
F39C
F546
F6C5
F87C
F9DD
FA49
FA55
F993
F78B
F61B
F5CF
F4C1
F39D
F444
F53E
F574
F649
F70C
F638
F545
F52B
F4E8
F4E6
F5AC
F62E
F6C6
F883
FA30
FA66
F997
F8D9
F91D
FA18
FA51
FA1F
FA92
FA16
F7EC
F68C
F662
F544
F37D
F23E
F0CB
EF65
EF2D
EEF1
ED98
ECDD
EE13
EFEF
F0E6
F136
F1E8
F2E6
F33A
F2D7
F237
F181
F192
F33E
F556
F678
F703
F763
F76D
F728
F629
F468
F333
F2D9
F276
F2B3
F442
F5BB
F664
F70E
F771
F707
F6A8
F6BA
F6F6
F7B1
F8FD
FA68
FBFD
FDA0
FF03
008D
0236
0330
03A3
0422
0469
04B6
05C5
06F1
0731
06E2
06DB
0736
0757
0680
050D
0417
037F
02D2
02FF
03EF
035C
00D5
FED3
FE4E
FDFB
FDD1
FEBB
FFFA
006A
0087
010D
01C5
027A
0313
031C
02B0
0256
0197
0028
FF8C
0081
0138
00EA
0107
00F5
FE5D
FA7E
F8B1
F8B0
F898
F952
FB6B
FCBA
FCD2
FDBC
FF5F
001E
0084
019A
02C8
03B7
04E1
0641
0796
087F
0849
0739
0653
055A
03A5
023C
0249
02F7
02FD
02E1
03B3
04CD
0530
0586
05E6
04C7
0310
0371
0458
02B7
00F2
020C
037C
034A
03EF
060E
0729
06C1
0618
0546
03FD
023E
001D
FE4D
FD72
FCE4
FB72
F901
F6E1
F613
F5AE
F515
F5B7
F7C9
F949
F9F9
FAF1
FB8B
FB82
FBF5
FC83
FC9B
FD84
FF40
0028
0037
004F
0098
0121
0112
FF91
FE51
FE97
FED4
FEF4
0079
01F7
01BB
0165
023F
0376
0470
04A9
0420
0439
0516
05A0
06CF
096D
0BB7
0CF9
0E2E
0F28
0FDF
10EA
1160
10D8
10A8
108E
0F63
0E1F
0D9A
0D0F
0C59
0BA7
0A98
0976
0874
0727
0629
0616
0656
06F4
0838
091D
0986
0A5F
0AEA
0A8E
0A8E
0B1D
0B25
0A9C
096E
0736
04F4
03CA
03C2
047A
0493
02E7
010C
0082
001F
FF38
FE57
FD00
FB6C
FB08
FBBE
FD03
FEFA
006C
00B7
01B9
03CB
054F
0689
07E8
0860
08BD
0A58
0BBC
0BDE
0C11
0CD8
0D90
0DC6
0D1A
0C64
0CCA
0CDA
0B3D
09B8
0955
08D1
0830
0839
084D
07F8
0791
0776
0827
0922
0945
093A
09A7
097A
095A
0A86
0A64
074A
04B9
047B
03AE
0177
0018
0004
FFCC
FEDC
FDE9
FD8C
FCD8
FB39
FA92
FBC1
FCA4
FC88
FD01
FE35
FF69
004B
0002
FF44
0039
01FC
02A6
03A8
057F
05A9
0492
0503
0664
06BD
067C
06E9
085D
09E0
0A1D
09DC
0A7C
0AB0
09A6
0915
08D2
0778
06D9
087E
0A52
0B21
0BEA
0C94
0C91
0C33
0BA9
0B67
0C1B
0D7D
0F42
1130
11FC
116A
10FC
10CB
0FFC
0F1E
0E6C
0D47
0C3C
0BAA
0B0D
0ACF
0AEE
0A35
093F
0954
0958
089A
0818
0763
05FF
055F
059C
0575
05D1
0761
07EA
05FB
0350
01EA
01C0
01D6
0229
0321
0383
024B
013E
0188
019F
0122
00DB
FFCC
FE00
FD7E
FDBC
FD09
FC83
FCAC
FBF4
FB3C
FCA5
FF36
012E
02BA
0412
04CF
04D7
046C
0447
049F
043E
02B2
0157
00EE
00D2
0028
FE86
FCE6
FCB0
FCFA
FC48
FBAF
FC47
FCEE
FCCD
FC1B
FB0E
FA80
FACD
FAD0
FAA5
FB8A
FC7E
FC1C
FBB9
FC6D
FD1D
FD37
FD57
FDAB
FE24
FE93
FE2F
FC8A
FA5D
F8C6
F807
F74A
F610
F4FE
F44F
F3D1
F472
F66D
F7C4
F79D
F797
F877
F980
FA43
FA6C
FA52
FB71
FD8A
FE76
FE36
FE79
FEFA
FF0B
FFCB
015A
01D7
00D3
0003
FFED
FF61
FE43
FDBA
FDB8
FD60
FD16
FD67
FDBB
FE1F
FF2A
002A
00CC
0241
0431
04CF
048D
04E0
0528
04B7
049D
056F
066A
06CF
0662
0588
04E1
043B
0353
02CD
0306
0384
03F9
0430
0401
0425
051D
0608
0621
05CC
057E
057F
0643
07B4
0921
0A37
0B1F
0BD5
0BF4
0B50
0A83
0A03
091E
0767
05FB
0573
049B
02F8
01FB
0213
0154
FEBF
FC57
FC25
FD5E
FE4D
FEC3
FF2E
FF8F
0013
010C
0281
0438
0565
055A
04EC
0508
0508
04C7
05AF
07FF
0A66
0C43
0D91
0E43
0E7F
0E08
0CF1
0CC3
0DA1
0D01
0A63
083D
0717
061C
06A8
093A
0AFA
0AA6
0A9E
0BE8
0C77
0B60
0A4D
0A30
09FC
0942
0915
09AC
09FF
09A2
0897
06D7
0534
042D
0298
0082
0057
025B
0364
01F9
001B
FF48
FECF
FE42
FE52
FEED
FF1C
FED7
FEDC
FF47
0008
0131
01FC
020E
0285
036B
032F
01F0
013D
013C
0179
020B
02C2
038F
044D
03E1
029B
0259
022A
001E
FE61
FF21
001B
FFF7
006E
0119
0047
FF1D
FF1F
FFD8
0109
02A8
03C5
040C
03F8
039D
0345
039C
046D
04DE
0475
037A
02CE
02C6
029A
01FC
0179
00E6
FFCA
FE96
FDB2
FCAE
FB47
F9ED
F919
F8B3
F859
F845
F900
F9F5
F9C2
F82E
F69D
F670
F722
F6DC
F588
F509
F5C1
F65B
F674
F623
F552
F4CC
F467
F290
F05E
F018
F029
EF13
EF59
F16A
F22C
F1D0
F2DF
F4B6
F5DE
F68B
F6AD
F695
F789
F959
FB25
FCEF
FDE6
FD60
FCD4
FCA6
FB5B
F9E4
FA5D
FBD2
FCBE
FDC3
FEEA
FF01
FE24
FD56
FCAD
FBAE
FA4E
F92F
F8F5
F963
F9C7
F9F3
FA3F
FB20
FC7F
FD5A
FD5A
FDC3
FF1A
000B
FFBF
FEBE
FD4F
FB54
F96C
F84E
F746
F515
F26E
F15C
F1E4
F267
F2A7
F32E
F3BF
F466
F4D3
F3C0
F20B
F22E
F36F
F3AC
F399
F3F4
F3E6
F402
F4E3
F549
F57F
F6D9
F831
F91E
FB54
FD89
FD59
FCD8
FDE6
FE18
FC9E
FBDA
FBC2
FAAD
F993
FA05
FB45
FBD8
FB88
FB68
FC4C
FD3A
FCC2
FB52
FA54
FA3B
FA81
FA93
FABD
FC09
FE19
FEEE
FE27
FD99
FDF2
FE28
FE1E
FE9B
FF38
FEE5
FDCF
FCEB
FC97
FCD3
FD82
FDFC
FDC9
FD68
FD13
FC61
FB9A
FB55
FB86
FC7D
FE5D
FF90
FF0D
FE31
FDD2
FD0D
FB95
F9C1
F818
F7C9
F835
F6B5
F3EF
F316
F331
F15C
EF08
EE74
EEA4
EF0E
F066
F1C5
F28C
F3AF
F4F5
F5BE
F71D
F93B
FA65
FA4D
FA14
F9E9
F9AB
F9EF
FB3B
FD69
FF33
FF3B
FE4F
FE44
FEBA
FE5C
FDA1
FD33
FC7B
FB61
FA76
F995
F870
F728
F58D
F3C0
F2B5
F286
F234
F1E8
F2D9
F4B1
F5E2
F65B
F736
F84C
F891
F7FF
F739
F65D
F588
F540
F58F
F5A7
F50F
F498
F549
F66E
F647
F4BA
F2EF
F12A
EFB5
EFB2
F0F9
F23F
F34E
F3FD
F35E
F22B
F203
F298
F38F
F5B6
F7E9
F856
F86A
F9D7
FB4E
FBF4
FCE4
FE1C
FF0C
0045
01A3
0234
0233
01C3
FFE4
FCF5
FB4D
FC2E
FE59
FFAD
FF75
FEE6
FEF4
FEE8
FE25
FD82
FDF7
FF51
0070
006A
FFCA
FFFE
015F
0307
0405
03D8
02FC
0286
024D
0152
0056
00F4
0284
030A
0266
01EA
019E
0040
FDDD
FC18
FB69
FA9A
F948
F857
F81B
F846
F8B1
F93B
F9CB
F9FE
F94B
F8D7
FA5E
FC70
FC9E
FC3C
FD2C
FD9C
FC0B
FA2F
F955
F92A
F972
F975
F8A7
F82B
F882
F85C
F7A1
F762
F732
F689
F6B3
F879
FAC0
FC7C
FDA1
FE3E
FE58
FE3E
FE16
FDAE
FD5B
FDD9
FE90
FDEE
FC5A
FB9E
FBB6
FBDC
FCDE
FECE
FFAE
FED9
FE22
FE9B
FF79
0005
008D
013E
0147
0040
FF8F
003B
00F9
00DA
0142
02FF
0479
040D
0275
01F8
0300
02AB
FF82
FC94
FC11
FBB4
F9FF
F8A9
F859
F805
F7D1
F852
F925
F9FD
FAD4
FBA7
FC9F
FD49
FD00
FCB0
FD76
FE8E
FF30
001F
01BA
0354
04B2
05EC
06D8
0767
07A2
07AE
0808
08B0
08DC
088A
0888
0884
0766
058B
0444
03C4
03B8
0465
0539
04E6
0429
04C4
0596
04B6
03AD
0447
04AD
0347
01B6
011C
00B0
00A3
01AD
02C0
02B3
026D
0334
0457
0432
02E7
0222
025A
0284
0243
01FB
01BE
01C4
020B
01B7
00F2
011A
01C0
0192
0169
01F7
01AA
008A
00AA
0151
0026
FE51
FE64
FF99
FFBA
FEC8
FE0A
FD9F
FC7B
FA40
F82D
F73F
F6BE
F644
F6B4
F7FD
F913
FA27
FB69
FB88
FA93
FABE
FC54
FD55
FD8F
FE98
0058
0175
01B7
0168
008F
0012
00DD
01DD
01A5
0120
01A7
025E
021C
019E
01EE
02E1
03E3
045F
03B6
01F4
FFF0
FE53
FD6A
FD71
FE37
FEC9
FE6F
FDE5
FE6E
FFA7
0055
0101
0283
036E
02AE
01CF
01A2
00D0
FF55
FE9B
FE85
FE13
FD4A
FCD1
FD33
FE06
FDB4
FC2C
FB82
FC1C
FC94
FD7B
FFE1
0230
02EE
0300
0310
02E5
0331
04A2
069C
0866
09A2
0A11
0A46
0B54
0D2A
0E79
0E7E
0DF4
0DE8
0E3C
0E42
0E40
0EC7
0F41
0EC3
0DC3
0D80
0E0F
0E79
0EAD
0F56
101D
10B8
1237
1450
14C6
13DD
1435
1598
15C9
14DA
140C
13B6
143A
1538
151D
141F
140B
1487
13DA
1257
117E
110D
0F5A
0C67
0A83
0A5D
099B
07B5
06FE
076A
06F8
0640
065A
0643
0627
0737
081A
076E
067D
065B
06B5
072A
0689
043A
0281
02C9
02CF
013B
FFE2
FFCC
0017
0048
003D
FFD2
FFB9
0051
0063
FF42
FE54
FE88
FEEE
FF53
00E7
0312
03CE
037D
03CC
045F
0476
04CC
0553
0501
041E
036F
02B6
01A5
0079
FFD6
0080
01BD
01A4
0058
FFB4
0009
0097
013F
01DD
0258
02F2
035D
0382
0445
057C
05B0
04BF
03CE
0373
0334
01C4
FEEB
FCCA
FC56
FBBB
FAA1
FA52
F9E2
F898
F84B
F8B8
F773
F5AB
F61F
F7B7
F83B
F7DF
F730
F639
F5BD
F620
F6C9
F7A6
F944
FB7D
FD38
FDAD
FD67
FD83
FE42
FF55
007F
0142
0181
01DA
0235
01BD
00C4
0048
0016
FF16
FCFA
FB0B
FB03
FC74
FD21
FC9E
FC79
FCF8
FD25
FD00
FCFE
FCE2
FC58
FB99
FB51
FBD9
FC90
FCF2
FD74
FE30
FE68
FDF7
FD87
FDAF
FE7B
FF0A
FE78
FD5C
FC83
FBBE
FB8C
FCB4
FE15
FE79
FEA3
FEF4
FEAA
FE0B
FDC0
FD69
FCC5
FC20
FB94
FB23
FA65
F8B2
F6DD
F693
F7C8
F91F
F9AD
F922
F801
F767
F78B
F7E5
F824
F7C5
F6C2
F649
F68E
F692
F6F5
F8BC
FA7E
FAF9
FB58
FC50
FD14
FDBC
FF0B
00AA
01CE
027A
0343
047A
05C4
06A4
0720
0744
0707
06C7
0699
05E8
04EC
04AD
0514
04FB
041D
0364
0399
0473
04AD
0328
0054
FDF9
FD77
FE5B
FF1D
FEF9
FE6E
FE23
FE33
FE51
FE4D
FE93
FF65
FFDE
FF1A
FDA6
FC60
FB41
FA25
F966
F998
FAB2
FB43
FA36
F929
F996
F9AD
F828
F70C
F73A
F710
F6DA
F86D
FB0E
FCBB
FD7F
FEA4
0075
01F8
0269
02A2
038B
040D
0384
03B1
054A
067B
068B
069B
06E2
06FA
071C
0724
06A0
0611
063B
0705
07B6
07AC
06F3
0621
0568
04F8
05B1
078B
08DC
08CC
0852
0843
08D5
0A1D
0B7F
0C2E
0C46
0B9E
0988
070E
0656
0718
070B
0577
03A7
02A1
023B
01C0
00C7
FFB7
FF4B
FFBB
00BE
0175
00D8
FF5F
FED7
FF74
FFBC
FF8C
FFAC
FF70
FE9D
FEA6
FF41
FE60
FCC0
FCAD
FD2B
FC44
FB37
FB78
FB9F
FA80
F951
F963
FA6B
FB35
FB28
FAE5
FAF8
FAEA
FAD4
FB9D
FCEE
FDC3
FE55
FF06
FF7D
FFF5
00CE
0193
0227
02D2
02E6
01F0
00EB
0094
00A9
00E8
013E
01E8
0355
0490
0424
02E8
024B
0168
FF84
FE31
FE57
FEDB
FEDD
FE55
FD9A
FD6D
FDB1
FD52
FCBB
FD61
FE9D
FE93
FD6B
FCA0
FC74
FC0C
FB09
FA1B
F9FF
FA1E
F944
F7D4
F731
F736
F6D7
F66C
F6B8
F71F
F714
F741
F7D1
F839
F8FB
FA8E
FBC1
FBF6
FC73
FD90
FE4B
FEEB
004D
01A6
0217
025A
0316
03E7
0450
0429
03C4
03E3
048D
04B9
03E9
02D9
024E
01F9
0101
FFB4
FF95
0108
02AE
0395
0404
047E
0561
065D
0682
0637
06E5
0802
081B
07E7
088B
0958
09D4
0A87
0B04
0A77
0955
08BF
091B
0996
08F0
07AA
079C
0897
08B9
0809
07C3
0773
0647
04F9
0439
0386
0281
017F
00BF
0040
000C
FFEB
FF80
FF49
FFF7
0096
FFF6
FF48
FFAA
FF2E
FCA4
FA7F
FA61
FAA5
FA42
FA11
FA48
FA97
FB2A
FBB7
FBEA
FCBA
FED6
00CD
011D
00C4
01A5
0363
0467
04D6
05A2
0665
06CC
078A
0880
08DA
0898
07A8
05D1
0437
03CA
0377
0250
00D9
FF97
FF11
FFAB
0034
FF73
FE69
FE18
FDA2
FC9A
FC26
FCD0
FD99
FDAE
FDBB
FE96
FFA6
0021
0087
00FA
00B1
FFDD
FEE9
FD1F
FB18
FAB6
FB21
FA0B
F834
F76E
F702
F5F9
F522
F518
F586
F63E
F70A
F76D
F783
F822
F980
FA98
FAD1
FB44
FCCD
FE57
FEE6
FF3C
0055
021B
03B7
044F
044B
04F3
05F2
05BE
049F
0446
0519
0628
06A5
0697
06B1
0737
078A
0781
0798
07C2
07CD
07DA
07E4
0843
0978
0AC8
0B4B
0B6F
0B6E
0ADA
0A27
0997
085D
06CB
05D8
04CE
031F
020B
01FD
01C3
00FA
0057
0023
FFE2
FED9
FD3F
FC43
FC30
FC66
FCD7
FD40
FCF6
FCBA
FD7E
FE11
FDA7
FD95
FDFF
FD43
FBCD
FBCE
FD2E
FD9E
FC79
FBA4
FC17
FC1B
FA4B
F80A
F75A
F83F
F93A
F936
F8CE
F939
FA19
FA7E
FB20
FCB5
FE6A
003B
02E2
0540
061F
0677
0704
0730
0756
0842
095E
099B
08BE
0750
0640
0615
06B5
0805
096C
09D8
0938
082A
06CC
0590
04FF
0482
03D2
03A1
035E
021D
00D8
0050
FFBA
FF50
FFE4
00A0
00C7
0133
0257
036A
0385
0262
00E8
0044
001D
FFBD
FF8D
FF58
FE0F
FC49
FB92
FB95
FB0F
FA46
FA4C
FB09
FBA6
FC10
FC92
FD04
FDDD
0029
02EC
03C1
0323
03B6
0590
0677
05A7
046D
0441
04FF
04FE
03BB
02A5
0214
00DE
FF2E
FE06
FD03
FB8A
FA54
FA46
FB2A
FBD0
FB8D
FB55
FBFB
FCAD
FCE8
FD53
FE12
FF43
017A
03EF
0569
065C
06E3
0614
052B
061A
0790
0777
0690
0627
0605
05E1
05B2
051B
0447
0408
046D
045F
032F
01B7
00F2
0048
FF03
FDF4
FDC4
FDBD
FDA3
FDF0
FE23
FD4F
FBDC
FAE6
FAB9
FAD8
FAE5
FAAE
F9BA
F806
F6B3
F66B
F666
F663
F708
F7A0
F6E1
F58C
F543
F623
F749
F84A
F963
FAD2
FC22
FCF8
FE1E
0002
01BA
02FD
046B
05B7
0657
0686
061D
04F5
03D0
029B
006E
FE66
FE2A
FE56
FCD9
FAE1
FAAC
FBD6
FC7F
FC05
FAEB
F98C
F850
F80F
F8DB
F99B
FA02
FB00
FC84
FD39
FCD9
FC8A
FD2D
FE8F
FFAF
FF67
FDB8
FBED
FAB3
F941
F74A
F5E7
F548
F406
F217
F130
F156
F103
F097
F149
F21E
F1DB
F196
F26B
F396
F460
F540
F6A0
F83F
F9C7
FB24
FC46
FD2E
FE45
FFA2
0047
FFCA
FFA9
00BA
0192
0184
01DF
02E2
035C
0354
035E
02BF
0141
004A
005F
005E
0018
00B5
0238
0336
031F
02DA
0332
03DD
0437
044A
048E
04D2
0451
02E0
011B
FF96
FE88
FD92
FC3E
FB2A
FB22
FAF2
F938
F74D
F700
F78A
F7B1
F79F
F743
F63D
F52F
F48B
F3AF
F28A
F22D
F32D
F4A5
F513
F440
F371
F329
F2A5
F216
F270
F332
F367
F39C
F459
F485
F2ED
EFFC
ED65
EC73
EC99
EC3E
EB68
EBE5
EE2F
F06E
F165
F24D
F486
F742
F8B5
F89C
F896
F9F9
FBF0
FD10
FE29
00B0
0343
03B5
02E2
029F
0298
0205
015E
0133
016B
014C
FFE4
FD7C
FB3B
F965
F811
F7B0
F77C
F6A3
F650
F745
F862
F942
FA38
FA9A
FA6E
FAC3
FB5B
FB8B
FBEE
FCA2
FCCF
FC75
FBEA
FAE1
F96A
F7F7
F6B9
F5D3
F514
F426
F39A
F3D6
F413
F427
F4D6
F5BE
F605
F64E
F76F
F8FB
FA8E
FC87
FEB8
FFEC
FFA7
FF13
FF01
FEF8
FF23
0031
0145
017E
01A6
01B7
00A5
FF63
FF50
FF3B
FE0C
FCFD
FCF6
FD20
FC9B
FBDC
FC25
FD80
FE61
FE85
FF53
00A3
013B
017D
023F
0396
058D
072D
074D
073B
0815
080F
06D5
06CB
07AC
071E
05C8
0555
04E1
0365
0187
FFAB
FD8B
FB88
FA7B
FA74
FA70
F99A
F84C
F71A
F61D
F5A4
F5D6
F627
F664
F6E0
F773
F7D6
F818
F81F
F7CF
F75B
F6FE
F6FB
F736
F6C8
F56F
F417
F350
F31A
F374
F3B6
F372
F3CF
F56A
F70F
F801
F8C4
FA0D
FC46
FE89
FF58
FF9E
013D
037C
0517
0666
0733
0750
07E9
0865
06E7
04DA
0487
04A0
037D
01DD
0031
FE0A
FBFB
FB04
FB3A
FB8A
FAEF
FA6C
FB72
FC9D
FC34
FB87
FBDA
FC2F
FC44
FCFD
FE20
FF1F
0023
00F1
00E7
0011
FF4B
FF5C
FFBD
FF3B
FE1A
FD63
FCF4
FC6D
FBC4
FA71
F8E6
F8D8
F9E3
F9F7
F95B
F9C3
FAF3
FBBC
FC13
FCBE
FE34
000A
01B3
036E
0527
0634
071B
08A4
09DF
0A3B
0ABF
0BB1
0C88
0D6F
0E2A
0E0A
0D77
0CC9
0BB4
0AEB
0B18
0B58
0B4E
0BA9
0C20
0C31
0C68
0CED
0D51
0E05
0F77
10B7
1095
0F63
0E73
0E09
0D1C
0BB0
0AE3
0A80
09D2
09AA
0A5E
0AA5
0A42
0A1A
09DA
08BF
0712
053D
037C
0238
015F
0072
FF63
FE9F
FEB0
FF87
0005
FF59
FE19
FD1C
FCE5
FDD7
FF38
FF90
FECC
FDDD
FCF2
FBFB
FB3E
FAB1
FA2A
F9A7
F90C
F883
F825
F73F
F5D9
F54C
F5AC
F5AA
F57C
F66C
F83E
F9F2
FB84
FD4A
FF24
00D8
0252
03A0
04DB
05F6
06FA
0825
0971
0A57
0A85
0A5F
0A41
09D4
08DB
07CF
06E6
05D0
04B5
038A
0157
FE52
FC5B
FBE8
FBC6
FC14
FDAB
FF8A
001B
FFA5
FF79
FFE8
004A
0098
018D
02D1
0302
0223
016D
00F2
001D
FF45
FEE7
FF16
FFD5
0046
FF3C
FD70
FC7C
FC2C
FB81
FABF
FA6A
FA44
FA43
FAD2
FBF5
FD68
FF3E
0196
03F5
0588
061C
063D
066D
06C0
072B
07CF
08B1
0955
0948
0902
0910
0905
08A1
0887
08B7
085E
07BD
07C8
0821
07B9
06D9
06DF
0831
09AF
0A73
0B16
0C35
0D42
0E0B
0F5A
1126
128D
138B
1445
13FC
12B6
11F8
1238
1210
1115
10A2
10D0
0FC6
0D53
0B91
0B05
0A2E
08FD
0893
0875
07C8
0749
0775
0779
0724
0729
075C
070E
067F
0632
0600
0611
0709
0852
088D
07FC
07C3
0786
06A1
05D0
0566
048C
0352
02A3
027C
0238
01BF
0190
0214
02D9
0356
045B
066C
081A
08C7
0A29
0CCA
0F0D
1052
114D
123C
12F2
1343
132F
1328
1326
1281
1186
10E5
100D
0EAD
0D94
0CCB
0BCD
0AE1
0A1D
093A
08AF
08B6
089C
0811
0774
073D
07C4
0887
08DB
0966
0A70
0A8E
0978
08E4
0977
0A68
0B0E
0ABE
0965
07EA
0666
044A
021B
0094
FFE2
003E
00E3
006E
FF63
FEDC
FE21
FCD0
FBD3
FB67
FBE1
FDEA
001A
00EB
01D1
03FE
0627
07B6
0936
0A55
0B22
0C4D
0D3C
0D34
0CD3
0C92
0C7E
0CF7
0D8E
0D2F
0C2A
0B79
0ADD
09CA
08E2
0912
0A0D
0ABB
0AE9
0B47
0BAF
0B77
0B09
0AE7
0A64
097B
09BA
0B89
0CD2
0BFC
0A2B
08F4
07EB
0658
0508
048A
041D
036D
029E
010C
FE65
FB9B
F98E
F86C
F7D6
F6F1
F59F
F4E3
F541
F650
F748
F716
F5FC
F5CB
F64F
F58A
F423
F3FA
F43E
F3C0
F31F
F2A7
F273
F305
F372
F2C5
F22C
F207
F0FB
EF5C
EE93
EE9A
EEFF
EF79
EFB1
F093
F2AF
F45B
F51D
F6AC
F8CC
FA0E
FB51
FD9F
0018
01EB
0313
03F6
0545
0653
05BE
0456
0338
0169
FF18
FDFC
FD6C
FBFB
FABD
FA5B
F94F
F718
F510
F42A
F402
F3B2
F365
F42E
F594
F5EA
F549
F4ED
F533
F642
F7B8
F82B
F7B1
F7E8
F865
F781
F5B9
F48A
F425
F404
F3AF
F313
F2A2
F218
F0AA
EF04
EE78
EEAC
EEB4
EEE8
EFC3
F0BD
F138
F16C
F208
F352
F50C
F6D7
F84C
F987
FB3D
FD2E
FE16
FE05
FE2F
FEAC
FF4C
0094
01D2
01A9
00BA
0065
0053
FFD3
FF67
FFD1
00D1
014A
011D
01FC
0462
065F
0769
0925
0B7E
0D14
0E73
107D
124F
1307
12EA
1283
125B
12A4
12DA
1280
117A
0FE9
0E4D
0CD3
0B0C
0934
07F0
06F1
05C2
047B
02F0
014D
0051
FF80
FDFE
FCCB
FCD1
FD01
FCD2
FD2A
FE18
FEFD
FFDC
00A9
0123
0189
01DC
017B
0061
FF66
FEED
FE72
FD9C
FD11
FD61
FDD9
FDD5
FDE6
FE34
FDFF
FDC9
FEF6
012F
0316
0477
05AA
068B
073C
0808
089A
08F3
0A24
0C6D
0E59
0F0D
0F49
0F2D
0DE6
0C06
0AF1
0A48
08F1
075A
065C
05C9
052D
045C
0351
0252
017B
0086
FF9F
FEF7
FE04
FCDF
FCD9
FE3D
FFB0
005B
00A0
00EB
0142
019B
01F7
021B
019E
00B5
0035
0015
FF8F
FED6
FE57
FD52
FB68
F992
F848
F74C
F6CB
F6AA
F679
F69F
F765
F81D
F8DA
FA7B
FCBF
FEEB
00FC
02CE
0416
0533
0683
0802
09AB
0AE3
0B38
0BC0
0D15
0DAE
0CE1
0C2D
0C20
0BD1
0B15
0A59
09DD
09F1
0A23
0989
08C7
08F4
0942
08C5
0868
08E2
0999
0A24
0A9D
0B0E
0BAC
0C64
0C6A
0B81
0A9C
0A5B
0A09
08B2
06C7
0593
04FD
03A7
0169
FF5C
FDCE
FC8B
FB92
FA46
F856
F725
F77F
F7CE
F70E
F6AC
F7A4
F897
F81C
F722
F780
F8F7
F99F
F92C
F8F6
F916
F896
F79B
F6C8
F622
F58D
F4A5
F2D3
F0D4
F006
F013
EFEF
F005
F114
F299
F3B4
F44A
F4ED
F648
F851
FA72
FC9B
FED7
0072
0130
01FB
0347
049F
0613
07B6
087D
07DF
070E
06D3
0627
0433
01A7
FF84
FE45
FE01
FE20
FD72
FBB1
F9F3
F8F7
F80F
F6C7
F62E
F6F3
F7D7
F7EA
F84A
F9AE
FAEF
FB68
FBC0
FBED
FB61
FA5B
F92E
F7BB
F656
F58D
F55D
F574
F56A
F4DF
F3E5
F2A7
F129
EFE7
EF60
EF4B
EF90
F05D
F0EF
F0EA
F185
F323
F493
F5AD
F72C
F8C4
FA08
FB19
FBCD
FC53
FD38
FDBC
FD09
FC38
FC2D
FC00
FB61
FB30
FB56
FB2B
FADE
FAA1
FA27
F9B4
F9E5
FA96
FB4C
FC48
FE0D
002A
01E0
0365
0515
0666
073B
0874
09EC
0A6F
0A22
0A15
0A19
09C0
09C4
0A4A
09CB
077A
04BA
02CB
0101
FE8A
FC07
FA27
F8B6
F7C0
F774
F723
F63A
F539
F4A3
F488
F51B
F61E
F6E7
F785
F843
F880
F7DD
F734
F725
F73F
F703
F688
F661
F6F9
F799
F71B
F5DA
F527
F516
F4D2
F46E
F482
F4FB
F5A7
F6C8
F861
FA0C
FBB1
FD5E
FEC7
FFE1
0105
0219
02EC
0425
0629
07EA
085A
07E0
073A
064D
04EB
0382
0282
01E0
0157
00AB
FF9F
FE2D
FCAB
FB38
F9BD
F8BF
F8CE
F8FB
F825
F748
F7EC
F95F
F9F5
F98D
F92E
F999
FAC4
FBE3
FC3A
FBE0
FB3C
FA75
F9E2
F9CF
F9E1
F983
F876
F6D0
F50B
F396
F21B
F054
EED1
EDBC
EC79
EB65
EB99
ECB6
EDB6
EF17
F142
F2EB
F394
F4E4
F777
F9A4
FA7B
FAEF
FBE3
FD61
FF28
00B3
0198
01F7
01FA
01AC
0147
00E8
0080
0039
FFF8
FF57
FE9F
FE23
FD45
FBFE
FB87
FC01
FC67
FCEA
FE20
FF31
FFC7
0129
0352
0455
03E1
03C6
0478
046D
0335
0229
01A5
007B
FE65
FC79
FB2B
FA07
F8CD
F755
F5A1
F473
F41E
F37D
F205
F0E0
F088
F024
EFF0
F0F7
F27D
F302
F2F3
F395
F483
F47F
F39C
F30A
F357
F3BA
F354
F2A5
F299
F2A6
F1BD
F05A
EF64
EE74
ED4C
ECF4
EDC4
EED3
EFD7
F125
F260
F36D
F510
F729
F8D8
FAB6
FDE7
0163
0356
041D
051E
0634
0694
06B3
0759
081D
081E
0751
063D
052B
0421
0306
0199
FFD0
FE4D
FD87
FCE2
FBB0
FA82
FA40
FAD0
FBBB
FCEF
FE0D
FE7D
FEAE
FFA1
0139
025D
027E
01DA
00DB
FFF7
FFA3
FF82
FE9F
FD2E
FCA2
FCF5
FC25
F9C1
F7DE
F73B
F633
F47E
F3CB
F45A
F4DD
F53A
F64B
F7EE
F960
FA45
FABA
FB5F
FCC3
FE5A
FF37
FFA3
0093
021B
036E
03F6
0408
045A
04D6
04D4
047A
0455
0417
037B
0315
030A
02DF
02F7
03E5
050E
05D3
0696
078D
088C
0A02
0C4E
0EB1
1034
10CE
1129
11E2
12F6
13BA
1389
126B
10E8
0F87
0E55
0CF7
0B79
0A3D
08FE
073A
0577
045C
0338
013F
FF2A
FDEE
FD33
FC76
FC1C
FC3A
FC03
FB9A
FC5B
FE31
FF1A
FE6C
FDEA
FEA3
FF9B
0022
00AB
013B
0134
007A
FF73
FEA0
FE53
FE05
FCDC
FBA6
FC2E
FDF1
FE73
FD6C
FD0F
FDF1
FEB3
FF7F
01A0
044C
05C1
0682
0803
09DC
0B17
0C23
0D4E
0DE0
0E0A
0EF9
107C
1138
112B
114C
115D
1084
0F35
0E68
0DE6
0CE6
0B3D
0913
06C7
053E
04D6
0497
03DC
03A3
04A7
05F1
06BE
07AC
08DF
0957
08F6
08E5
096D
097E
08B7
080B
07E0
0753
05F6
04B3
03F4
02B3
0064
FDE7
FBF6
FA91
F9BD
F952
F8F4
F907
FA0E
FB45
FBDF
FCA1
FE4D
002D
01B3
039A
062E
084A
093D
0A14
0BB4
0D22
0D8E
0E11
0F62
1054
1065
10A0
10F3
1040
0EEF
0E0E
0D3C
0C02
0B43
0B93
0C31
0C3F
0BB6
0B1A
0B05
0BBE
0D29
0ED5
0FFD
1058
10C6
1207
1340
133F
122B
10DE
0FC5
0EE2
0DE8
0C86
0B09
09B8
07D2
04F0
024C
0097
FEB5
FC79
FB6F
FB94
FB15
F9C7
F91B
F950
F9C4
FA4B
FA82
FA42
FA91
FBE1
FCDF
FCCD
FC8A
FC8A
FC41
FB7F
FA9A
F9DA
F960
F8E9
F81C
F772
F7A2
F832
F819
F772
F748
F810
F942
FA5C
FB9E
FD58
FF4A
012B
0316
0512
06EF
08B4
0A86
0C70
0E7A
101F
1070
0FBA
0F6F
0FA6
0F17
0DC1
0CC5
0C2D
0B5C
0A37
0874
05E2
039A
027C
0199
002F
FF1B
FEF3
FF06
FEE9
FF2B
0056
0210
0352
0387
0314
026D
01BE
0174
01B8
01FF
021A
023F
01F3
00CB
FF69
FE12
FC35
FA18
F8BA
F833
F7CB
F704
F5BC
F449
F355
F32A
F3B0
F4D1
F63A
F762
F842
F933
FA2E
FB0C
FC3C
FE38
0062
01B0
0266
037F
0499
04C4
049A
050E
0582
051B
0439
0391
036A
03AB
03E5
0410
04E1
0640
0738
0800
0996
0B89
0CD0
0DA5
0E7A
0EF0
0F24
0FEC
10F5
1106
1069
10B0
11EA
1284
11DA
107A
0E86
0C09
09A2
075E
04C7
0270
0131
007A
FF86
FEC4
FE65
FD66
FB60
F991
F919
F96E
F9AE
FA15
FB01
FC00
FCE5
FE01
FED5
FEE2
FF18
0000
0049
FF1C
FD7E
FC5B
FBA4
FB3F
FB01
FA87
F9EB
F9A8
F9C6
FA06
FA61
FAFB
FBC8
FC5F
FC97
FD18
FE5F
FFCC
00D9
0234
0464
069C
07F2
0890
0919
099E
09D2
09DB
0A36
0AC1
0AB3
09C6
0887
0752
05F7
046E
0303
01B9
0063
FF2A
FE43
FD68
FC6B
FBC1
FBC5
FC3E
FCDC
FD69
FDD8
FE80
FF6E
FFE0
FF8A
FF4B
FF8C
FFB0
FF92
FF72
FEDF
FDA7
FC7F
FB8D
FA30
F88A
F72A
F5B1
F3EB
F2DF
F30A
F362
F34B
F36B
F400
F490
F541
F690
F844
FA18
FC4F
FEED
0182
03C3
0588
06CE
07E5
08E2
0975
09D2
0A6A
0AEB
0ADE
0A7C
09D9
0894
06F4
05EC
05BA
0572
044C
02F2
02A7
0369
043F
04FB
0608
072C
0808
08B2
0918
090C
08E9
0941
0A28
0B0F
0B0A
09BB
07D0
060A
0485
0326
01BF
0020
FE91
FD43
FBAE
F9B0
F7F4
F693
F540
F477
F46F
F436
F35E
F2B3
F281
F231
F1E3
F26D
F3B8
F4B9
F531
F5DA
F6C1
F70C
F68F
F5D5
F4F7
F3F9
F377
F3BD
F447
F49D
F4CC
F502
F531
F524
F50C
F567
F623
F6E1
F7F4
F9C2
FBDB
FDCC
FFB6
01A5
0389
0562
06DE
07C5
087D
0951
0A06
0A4E
09E1
08EE
0860
085C
07B7
0607
041C
0243
0061
FEF8
FE45
FDC0
FD0E
FC3C
FB86
FB42
FB4F
FB59
FBC4
FCBB
FD3C
FCE0
FCC3
FD7D
FE5A
FEFF
FFC3
0098
00F7
00C3
007D
005A
FFB9
FE4D
FCC8
FB7A
F9D6
F803
F6DB
F64A
F590
F492
F3B6
F361
F3D6
F4DA
F5E5
F701
F896
FA70
FBDD
FC9B
FD26
FE21
FF89
00DB
01F3
0309
0410
04DB
0594
063C
064F
058E
0495
041F
0443
04C1
0571
0627
06E2
07F5
0948
0A23
0A62
0AB6
0B56
0BF4
0CB9
0DE0
0F03
0FB9
1011
1032
1041
1047
0FF4
0F07
0DCB
0CC3
0C01
0AFB
0912
067C
0424
024B
0059
FE2C
FC94
FC43
FCD5
FD18
FC70
FB80
FAF8
FAA3
FA54
FA74
FB2D
FC11
FCD6
FD91
FE5F
FF15
FF6D
FF81
FFAA
FFC4
FF69
FED7
FEA9
FEFF
FF87
FFE4
FFE2
FF7E
FEC5
FDEB
FD75
FD97
FDEB
FE49
FEF6
FFCA
0083
019A
0347
04CF
05B7
0678
075F
0835
0912
0A50
0B61
0B5B
0AD1
0B23
0BD7
0B28
0935
0793
067E
0536
03EF
0332
02AB
01EB
012A
00B6
0041
FF56
FE63
FE3F
FEB3
FF1E
FFD5
0116
0233
0305
03E6
044F
03DE
0366
0358
032B
0290
016F
FFC2
FE2F
FD2F
FC20
FA5C
F827
F671
F641
F765
F835
F81F
F831
F88D
F8A6
F95B
FB4F
FD3D
FE6E
FFEF
0237
0483
0674
0838
09BC
0AE0
0BE3
0CFA
0DB2
0D95
0D29
0D2E
0D49
0D00
0C9F
0BFE
0A98
091A
0869
07F9
0756
074A
0847
099A
0A7F
0AC0
0ABC
0B07
0B78
0B8C
0BAB
0C60
0CF9
0CA4
0BF8
0BE0
0C12
0BA5
0A6A
08F0
079E
0657
04DF
0335
019A
004A
FF2D
FE19
FD17
FC06
FAB3
F999
F954
F96E
F94B
F932
F948
F933
F941
F9E7
FA99
FACA
FAE2
FB15
FADB
F9F0
F8C4
F804
F80A
F894
F923
F976
F95E
F8DC
F84D
F7C9
F71E
F6CC
F791
F8FC
FA07
FAA6
FB95
FD30
FF14
00AC
01FB
0389
0553
06B5
078C
0850
0917
0981
0966
08D9
07FF
072B
068B
05BB
0439
024D
00D0
FFF6
FF35
FE64
FDB8
FCDE
FB67
F9CA
F8CB
F871
F85C
F84C
F826
F813
F833
F836
F80D
F87A
F9C7
FB17
FBD3
FC3F
FC62
FC05
FB75
FAE4
FA0E
F903
F7F7
F686
F4C0
F393
F324
F290
F19D
F0C6
F058
F0CF
F25F
F3F9
F4B0
F558
F6DD
F8A8
FA04
FB31
FC84
FDCD
FEDC
FFE6
0123
0226
025E
0251
02EF
03F7
049D
0510
05D4
068C
0696
0619
05D0
0604
0638
064B
06E5
07D4
07E3
0738
076B
08E2
0A97
0BEC
0CD6
0D66
0DCF
0DF8
0DA2
0D31
0CED
0C57
0B65
0ACC
0A6D
094D
070C
0443
0202
00DB
000A
FEA5
FD40
FCA1
FC2F
FB4A
FA6A
F9D0
F919
F862
F846
F8D1
F966
F98B
F969
F970
F9C3
FA4E
FAF1
FB7D
FC0A
FCC6
FD3A
FCD5
FC23
FBE3
FBBF
FB5F
FB16
FAB2
F9CA
F924
F97E
F9F7
F9C3
F9C7
FAC8
FC0B
FCF8
FE1E
FFAE
00E1
0162
01D0
029F
0396
0452
04CD
0580
068A
0711
067B
056E
0463
02EA
015C
00BE
00B7
002F
FF1B
FDC7
FC35
FAF4
FA81
FA42
F9C9
F9A3
FA08
FA9D
FB43
FBBE
FBB7
FB95
FC01
FCA3
FCC0
FC4D
FB7E
FA4A
F8F7
F848
F85C
F834
F727
F5E0
F4FD
F41A
F2F7
F1E4
F0E8
F025
F02C
F0C6
F11B
F153
F227
F394
F55D
F762
F92A
FABD
FCCB
FF00
0059
012F
0258
0377
0442
0549
065A
067A
05BC
04FC
0466
03A1
0296
0181
00C6
0089
006D
0038
0017
0000
FFAE
FF57
FF54
FF9E
0037
0148
0277
0325
0360
038E
0376
02BA
01D1
017F
01A7
0197
0100
FFEA
FE38
FC25
FA88
F9A6
F8CB
F7AC
F6D7
F662
F5DC
F574
F560
F508
F458
F44A
F4E8
F507
F4A2
F4D0
F591
F618
F689
F75C
F831
F8A2
F8FF
F972
F9AE
F9AD
F9C1
F9EA
F9F0
FA0A
FA86
FB0A
FB1A
FB1C
FB9E
FC3A
FC9C
FD7E
FF31
00C6
01DF
0330
04B0
0597
0620
0701
07F2
0886
0924
09D7
09F0
0959
0898
07A9
0678
0570
0490
0363
0229
0166
00BC
FFAA
FE79
FD7E
FCA2
FBD7
FB1D
FA6D
F9F5
F9BA
F972
F92B
F928
F945
F97B
FA0C
FAB8
FB24
FBB7
FC84
FCAC
FBFF
FB59
FAC7
F971
F77B
F604
F54B
F45C
F2C7
F16E
F102
F0FE
F0E3
F0FA
F122
F0C1
F036
F06A
F155
F27E
F3E7
F583
F706
F855
F96D
FA5B
FB5D
FC5F
FD04
FD9A
FE97
FF79
FFBD
0009
00E7
01A5
01A9
0171
0182
0194
015A
0114
0122
01BA
02C9
03E3
04BD
05A8
06D5
07AB
07CA
07C3
0821
089C
08B3
0847
0790
06DC
0640
05A1
04ED
03E7
023E
004F
FEEF
FE44
FDA7
FC92
FB1F
F9D2
F8EF
F82D
F783
F74D
F744
F6EE
F6B5
F6DB
F6BB
F659
F67E
F722
F7F9
F92A
FA3A
FA9A
FAF4
FB96
FBA5
FB74
FC33
FD58
FDAC
FD80
FD4D
FCAD
FBAF
FADB
FA3B
F9DB
F9F7
FA5C
FAD9
FB8C
FC42
FCD2
FDB6
FF07
0017
00DF
020F
0369
040E
0448
0510
062B
06A4
066A
05EB
0514
03E6
02C5
01B7
008D
FF73
FE6F
FD2C
FBE2
FB3C
FB42
FB58
FB35
FB2F
FB75
FB89
FB2F
FB22
FBBF
FC31
FC2E
FC8C
FD64
FDD9
FDB5
FD3E
FC80
FBCA
FB76
FB1C
FA4A
F952
F8A0
F826
F785
F692
F5B1
F531
F4DF
F4FB
F609
F75A
F820
F932
FB41
FD4C
FECF
0076
0233
038E
04FC
06B4
0812
0900
09E6
0A93
0ADA
0B33
0BC5
0BF4
0B5B
0A99
0A67
0A55
098D
087F
0831
0874
0867
07F1
0771
0713
06FE
0762
081A
08B5
08CE
0867
07E3
07A0
07BA
07E2
078B
06DC
06BE
0716
067A
0490
02AA
0191
00BE
FFAD
FE57
FCD7
FB6E
FA80
FA11
F986
F86B
F739
F66D
F597
F4AF
F4AC
F580
F605
F64C
F719
F7E3
F7EB
F786
F734
F76A
F891
F9F6
FACF
FBBD
FD0E
FDC0
FDD6
FE75
FF85
0030
008E
0106
01AC
0294
0380
042C
04FE
0657
0805
09CF
0B4D
0BFC
0C68
0D89
0EFA
0FC9
102D
10BB
1118
10B1
0FA6
0E65
0D17
0BF3
0B6E
0B63
0AF4
09FB
092A
0876
075A
0639
0580
0492
0336
0244
0225
025D
027E
026E
0253
028E
0342
03F6
0429
0406
0412
044B
0425
0386
02FA
02B1
0261
0205
01BD
014F
006D
FF14
FDAB
FCCD
FC83
FC41
FBF7
FC1A
FCA9
FD6F
FE63
FF47
FFF8
00C3
01A5
026C
0371
04C9
05DF
06B8
07E8
094D
0A89
0BBB
0CD2
0D73
0DC4
0E4B
0F35
0FFE
0FEE
0F43
0F05
0F4D
0F68
0F82
1006
1062
1030
1012
106A
10DC
1130
1177
11C4
1208
11F0
1145
1072
0FF5
0FA4
0F01
0DCE
0C39
0AAA
0976
08C6
0853
074E
057B
03E4
0335
02AB
01B7
00A8
FF9F
FEC3
FEA6
FF15
FF51
FF8A
0024
009C
00C7
014C
0237
02EC
0387
0498
05DB
067B
0699
073A
087C
0955
0970
0953
0902
0886
08B8
0993
09E4
0991
09B2
0A74
0B45
0C1B
0CEA
0D3B
0D3C
0DAC
0EA7
0FB1
109A
1176
122A
12A1
12F8
1329
12FD
1281
11E9
1124
1023
0F0C
0DF0
0CD3
0BD9
0B18
0AA8
0A83
0A16
08FD
07DA
0719
0636
0535
04C4
0494
03F9
0368
0387
0409
0466
046C
0429
03C6
0344
02A2
0223
01C1
0126
0096
0048
FF85
FE1B
FCEE
FC3B
FBAC
FB8E
FBE1
FBFE
FC34
FD27
FE2A
FEA4
FF73
013F
0386
05D0
0805
09DC
0B3D
0C81
0DC5
0EC1
0F5E
0FDD
104F
1072
1056
104D
1016
0F34
0E24
0DCF
0E27
0E69
0E2C
0D6A
0C6B
0BC2
0BA7
0B9B
0B4F
0B29
0B48
0B2C
0AD8
0AE0
0B07
0A85
09AB
0957
0963
091E
0857
071E
05D0
04F1
041D
0291
00CF
FFAF
FEDA
FDE7
FCFE
FBE0
FA58
F8F6
F801
F70C
F605
F529
F493
F45E
F46E
F46F
F498
F52E
F5BF
F607
F664
F6E0
F75B
F80D
F8E0
F960
F9A6
FA2D
FB19
FC42
FD4F
FDF3
FE60
FEE1
FF63
FFE7
00A5
0187
0276
0399
04BB
056F
060E
0745
08D0
09B6
09C6
09C0
09FD
0A0B
09DC
09D1
09B7
093D
08A5
07FE
0709
061C
057B
049D
035B
023D
0145
001E
FF09
FE5E
FDF7
FD8D
FCED
FC2A
FBA0
FB3D
FAA5
FA32
FA7E
FB17
FB3B
FB31
FBC8
FCE4
FD87
FD47
FCE9
FCFA
FCD6
FC09
FB38
FAC1
FA05
F8B6
F77B
F70C
F755
F7A5
F79C
F780
F795
F7CB
F80B
F83F
F887
F96B
FB03
FC72
FD14
FD39
FD88
FE76
FFDE
00F8
0189
0231
031D
03E5
0475
04C5
04E0
0547
05DB
05DC
05BB
063B
06A0
0690
072F
085B
08A6
0847
0842
0851
0810
07CA
076A
06F9
0707
074F
071E
06DA
0703
06E9
05FB
04CD
03F1
0303
016F
FF8C
FE36
FD73
FC7D
FB19
F9B9
F88D
F78F
F6EB
F699
F643
F5D2
F56C
F506
F4B3
F4DB
F568
F59E
F58C
F62B
F76B
F82C
F87B
F957
FA9E
FB82
FC0D
FC80
FCCC
FD14
FD6A
FDA0
FDD9
FE16
FDEB
FD97
FDC0
FE24
FE5C
FED3
FFC5
00E3
01F6
02B1
02F6
037A
048E
0559
0594
0618
070E
0785
06C9
055D
0497
04F9
055F
04FA
0470
03F2
02D0
0151
0041
FF66
FE7D
FDE6
FD86
FCE6
FC2F
FB8A
FAB5
F9E1
F982
F971
F95B
F966
F9B3
F9F3
F9C0
F917
F86B
F83E
F87E
F87D
F7C7
F6D5
F64C
F5FF
F57E
F503
F4D1
F4A3
F471
F494
F4E8
F504
F513
F592
F6A1
F804
F984
FB1B
FCD0
FE85
000C
0130
01D3
0277
03BA
04F9
0563
05D1
070A
07E3
078E
0714
06F5
0671
0584
04C7
043E
03D8
039D
0327
026E
0216
0218
01A5
00AB
FFEB
FFBD
FFBD
FF6F
FEC1
FDF5
FD5D
FD0F
FCCC
FC40
FB8F
FAFA
FA20
F89E
F716
F651
F5DA
F4B0
F2F4
F1D0
F1C3
F1DE
F13D
F036
EF45
EE3E
ED2D
EC72
EBF2
EB7E
EB1B
EA92
E9F6
E9EC
EA5C
EA8A
EAC1
EBAC
ECD1
ED80
EDD7
EE4A
EF4E
F0CC
F1E3
F27B
F395
F507
F5B1
F5D8
F65A
F6FF
F7C2
F934
FACC
FBC6
FCC3
FE49
FF85
FFE0
FFBF
FF82
FF58
FF8D
0026
00C8
013E
01A1
0209
022A
018A
0051
FF4C
FEAB
FDD3
FCC8
FC5D
FC9F
FC8A
FB6E
F9A1
F809
F763
F762
F6E8
F5CF
F52F
F52A
F4C1
F400
F3C3
F401
F468
F52D
F609
F669
F686
F6A4
F664
F5D9
F57F
F536
F4AC
F435
F436
F467
F412
F318
F252
F24E
F274
F27A
F2F3
F39F
F3B8
F3CF
F4BD
F5D4
F65C
F6F2
F821
F977
FA7D
FB4A
FC23
FD0C
FDC9
FE6D
FF64
00B7
021B
0370
0455
0453
03E5
03E3
0421
0430
047C
054B
05F9
061B
0634
06AD
0711
06DF
0675
066B
0692
0686
0696
06FD
06F5
05D5
0445
0331
0264
0149
FFFF
FEBF
FD5E
FC24
FB9C
FB43
FA41
F908
F85F
F7D8
F6E4
F60E
F5B9
F540
F43C
F34B
F2F8
F307
F32E
F39F
F437
F476
F4A3
F569
F632
F615
F5DA
F6AC
F7DF
F869
F8D7
F9EE
FB0B
FB4E
FB18
FB40
FBB2
FBE7
FC1D
FCBF
FD38
FD16
FD35
FE31
FF42
FFEC
00B2
01B1
028E
0363
042E
046F
0435
043B
0489
0476
040B
03F4
0418
03C5
0320
02BC
0222
00D3
FFBB
FF90
FF66
FE9A
FDD3
FD43
FC6C
FB8E
FAF5
F9FD
F88E
F7C2
F805
F86D
F847
F7BB
F71F
F6A1
F65C
F63B
F610
F5DD
F5DD
F606
F5BE
F4A6
F373
F300
F2FD
F2D3
F2DD
F38A
F476
F54E
F630
F6DE
F73B
F80C
F9C1
FB90
FCD9
FE07
FF62
0092
019D
02F9
048C
05A3
0611
067D
073A
07CD
0809
086E
08FD
0921
0905
0966
0A02
09FA
094B
0898
0819
07CE
07E7
0840
0867
0878
08D1
0907
086C
0771
06FB
06D1
0661
0610
0639
0613
04F0
0360
022A
013A
0019
FED2
FDFA
FDB3
FD48
FC54
FB66
FAA9
F96A
F7A8
F652
F5B6
F545
F4AA
F3F6
F357
F2F8
F29B
F1DB
F0F8
F071
F03D
F039
F066
F087
F097
F110
F1F1
F2C3
F398
F4AF
F5C4
F6D0
F81B
F960
FA56
FB6A
FCD0
FE25
FF6D
010F
0309
0500
0696
077A
07BD
07C9
07DA
081B
08B3
0949
0977
0998
09FD
0A1D
09B5
0964
0969
0939
08AE
0820
0774
0668
0557
04B2
0451
03D2
032F
02A3
0234
019B
00B2
FFBF
FEEF
FE1B
FD5F
FCFC
FCA7
FC38
FC55
FD26
FDB2
FD7F
FD28
FCDC
FC27
FB29
FA6F
F9F6
F94D
F866
F7D7
F80C
F873
F85D
F842
F8BA
F929
F905
F8EE
F94C
F9A0
F9C9
FA57
FB76
FCB6
FDB1
FE5D
FEE7
FF8F
007C
0177
021C
028B
036D
04B8
05A6
0649
0760
0891
0916
099B
0B00
0C6B
0CD5
0CF9
0DD0
0EDB
0F4C
0F65
0F95
0FAA
0F8B
0F84
0F76
0F05
0E82
0E73
0E83
0E1E
0D6D
0CAA
0B77
09D0
0881
07C7
06CA
0538
03E9
033D
029A
01F5
01D0
01C6
010C
FFE5
FEF4
FE15
FD0F
FC2F
FBA0
FB32
FB08
FB76
FC3A
FCAC
FCC1
FD04
FD81
FDC6
FDFB
FEBE
FFFA
0118
01DE
0252
026D
026B
02B3
035E
0433
050D
05F5
06DE
07C3
08E5
0A3F
0B31
0BAF
0C8E
0DA3
0DDC
0DB5
0E8D
0FDB
103D
0FFA
0FF1
0FF0
0F9C
0F2A
0EDC
0EB8
0E65
0D8F
0CA2
0C2A
0BD9
0B40
0A9D
0A3A
0A0C
09D7
0932
0820
0732
068F
0603
05B1
0564
048C
038C
0319
02CC
0232
01C3
018F
0106
002B
FF46
FE2B
FCFB
FC32
FBA3
FAD1
FA07
F9D6
FA23
FA61
FA64
FA7C
FAFE
FBEB
FCF7
FDE8
FED6
0007
01A4
037B
0505
060B
0705
083C
092B
0990
09F7
0A86
0AF0
0B91
0CAC
0D78
0D8C
0DA6
0E0A
0E0E
0D7C
0CCC
0C67
0C6B
0CC1
0D38
0DA2
0DCA
0DBB
0DD7
0E1A
0E1B
0DFE
0E2D
0E4F
0DD5
0CD6
0BC6
0AFE
0A7A
09BF
08B2
07D7
071E
05DE
0429
02A4
0193
00E4
0074
FFFB
FF5F
FEBA
FDF5
FCE8
FBB4
FAAB
F9EB
F925
F82E
F771
F718
F69A
F5E5
F56A
F4F5
F452
F409
F421
F42C
F483
F558
F607
F67F
F72D
F7E9
F8C4
FA17
FB4C
FBFB
FD17
FEFF
00B7
01A6
021E
02C7
045A
068E
083C
0960
0AC4
0BED
0C1A
0BEE
0C00
0BDF
0B6B
0B1F
0B07
0AC2
0A0E
0904
0817
077A
06BB
05A8
04C7
0438
0363
0239
0153
00C8
0051
0003
FFC6
FF0D
FDF4
FD3F
FD02
FCCB
FC8B
FC45
FBD4
FB75
FB36
FA8B
F97C
F8D7
F8A1
F819
F723
F646
F5C2
F55B
F4BE
F3FD
F37E
F362
F365
F34C
F300
F2C4
F32C
F428
F4EC
F54E
F5D2
F685
F724
F7D1
F8A8
F985
FA48
FACB
FB17
FBBA
FD08
FE68
FF25
FF94
007C
0199
0213
024D
0328
0423
04A3
0575
06BD
075D
07A7
08BC
09E0
0A15
0A27
0A95
0AA7
0A40
09B6
0902
087D
086B
0847
07DE
076F
0699
0519
0382
0226
00F5
FFFA
FED4
FD4B
FC3B
FC0C
FBBF
FADF
FA15
F98B
F8E3
F811
F700
F5C1
F500
F501
F519
F4DD
F49B
F498
F4C1
F4FF
F563
F606
F6A2
F6A0
F5FF
F586
F5A9
F62E
F6CA
F739
F751
F770
F7EB
F856
F880
F8F3
F9BF
FA8A
FBC2
FDA4
FF52
0073
01AD
02F5
03E5
04EB
0619
06A3
068E
069D
06DB
070C
0746
075A
06F0
0620
0551
0506
053F
050A
0417
0377
0362
02DB
020E
01A9
00E6
FF77
FEC7
FF16
FEDE
FDCA
FD08
FD02
FD18
FCD4
FC49
FBCE
FB73
FAE7
FA1F
F95D
F89E
F7E2
F75A
F6DB
F61E
F555
F49C
F3A0
F285
F1D6
F1AA
F1F0
F2D9
F41D
F51E
F615
F78B
F8F8
F9B8
FA83
FC20
FDF1
FF43
0088
021B
0375
0442
04CF
0549
0591
05D0
0653
0716
07ED
08D1
097C
0958
088E
0835
0882
0872
07F2
07E6
07EA
0733
06C0
0774
0800
079C
07A7
0885
08AB
07C2
070A
06A7
05C9
04AF
03F5
0335
020B
0100
007D
FFF0
FECC
FD85
FCC9
FC5A
FB84
FA5E
F997
F955
F928
F8D3
F85E
F7D3
F75B
F723
F6F0
F65A
F57A
F4CF
F482
F441
F3FB
F3F1
F404
F3CF
F396
F3F4
F4BF
F549
F57C
F5BE
F63A
F6E5
F7B7
F8B8
FA02
FB6A
FC94
FDD0
FFC2
020E
03DD
0577
077C
095B
0A4A
0AA8
0B24
0BB5
0C20
0C7C
0CE3
0D4C
0DA6
0DD7
0DC0
0D3C
0C53
0B5E
0AB2
0A2F
098E
08DF
0855
07E1
0744
0662
0587
052B
0540
0528
04A5
0403
0375
0314
02F4
02AB
01C6
00C7
0067
0036
FF80
FEA1
FE25
FD92
FC47
FAB1
F99D
F8FF
F847
F776
F6DF
F662
F5FA
F607
F654
F661
F68E
F739
F7B7
F7D6
F858
F911
F943
F998
FAE3
FC56
FD2F
FE08
FF39
0036
00E4
01B7
02B4
037A
03F9
048A
056C
0669
074D
083E
092D
09BD
0A0A
0A85
0B23
0BCC
0CC6
0DDA
0E58
0E53
0E73
0EBA
0ECC
0EE3
0F55
0FBA
0F7C
0EB9
0E08
0D80
0CA1
0B4C
0A1F
0963
0898
077F
0673
057A
0461
0373
02D3
0211
015D
0148
0134
003A
FF24
FF13
FF62
FF10
FE78
FE3C
FE23
FDD9
FD80
FD4D
FD33
FD07
FCD7
FCEA
FD41
FD9D
FE0F
FE9D
FED1
FEA2
FEB5
FEFB
FEC3
FE6E
FF04
004C
0160
0261
03CD
052D
05FC
06BA
0807
09A7
0AFB
0BDE
0C84
0D02
0D3A
0D44
0D85
0E1E
0E7C
0DEB
0C82
0B13
0A0E
0935
0883
0869
08AE
0886
0807
07D1
078D
06B5
05E4
0584
04EA
03FF
0380
033F
02A3
0224
0242
0263
01FD
0142
0065
FF7B
FE8F
FD81
FC71
FBAE
FAEC
F9D4
F8FA
F8A6
F80A
F6FE
F66E
F67E
F684
F68E
F70C
F7D8
F8CC
FA16
FB85
FCB9
FDE6
FF7B
0152
02D6
03C7
0484
0565
062C
0685
06B7
071E
077F
07AD
0811
08F1
09C6
09EB
0998
0992
09F0
09FB
0974
08F6
08D9
08ED
092E
098B
09A2
0984
09AE
09F7
09DE
09A4
099C
0959
089F
07E7
0763
06B9
05C1
0495
0341
01DD
008A
FF5F
FE67
FD7F
FC6B
FB63
FAC9
FA3F
F94F
F868
F7F6
F76E
F671
F563
F46C
F37D
F30C
F31F
F2CE
F1F2
F183
F1B8
F1AD
F0D9
EF84
EE57
EE0C
EEAC
EF6F
EFFE
F0A3
F145
F1B3
F265
F39E
F4E6
F618
F779
F8DA
FA18
FBB6
FDF4
002C
01C6
02F4
0440
05D0
0729
07D1
0817
08A6
095F
098A
090B
0888
0866
086A
0835
079E
06B5
05BE
0513
04B0
0435
038B
0315
02E3
027A
01C1
011C
008B
FFE3
FF96
FFE8
0039
0019
FFD7
FF8E
FF12
FE95
FE2A
FD84
FCB0
FBD2
FA91
F911
F820
F793
F684
F525
F45E
F426
F3F0
F3AE
F37E
F33E
F2DC
F2AE
F331
F43D
F4E5
F4E3
F50F
F5CC
F6B0
F7CE
F950
FA86
FB18
FB95
FBFB
FBFA
FC5B
FDA1
FEB4
FEF6
FF61
007A
01A2
029C
0382
0416
0471
0507
05BC
0643
06AE
06F5
0714
0792
08AD
09BC
0A3A
0A6A
0A91
0A8B
0A23
0957
086A
0792
06AF
05BF
0516
04AD
03F7
02BF
0144
FFD4
FEC2
FE0E
FD2A
FBDA
FAAA
FA11
F9EE
F9C4
F926
F850
F805
F840
F839
F7EE
F7BC
F736
F651
F60D
F695
F6F1
F6EC
F6E2
F690
F620
F66F
F749
F7A7
F78C
F790
F7AE
F7DC
F84F
F8D0
F920
F97E
FA2E
FB44
FCCF
FE7B
FFE3
0137
029B
03B4
048D
057D
0634
0672
06ED
07E6
0852
07A7
06CF
068C
0664
05AF
04C4
0459
0447
03DB
0325
02B7
026E
01E7
0171
014B
0105
0084
0041
004C
004B
001D
FFC6
FF59
FF00
FE9D
FDD6
FCBE
FBAA
FAAF
F9EB
F957
F87D
F758
F69A
F623
F50D
F3A8
F2F0
F27D
F188
F0BF
F0D4
F126
F14B
F1C6
F2B0
F3A6
F4C3
F632
F7A1
F8EB
FA52
FBC9
FCFC
FDE3
FEAA
FF5F
0013
00EB
01DC
028C
02D6
031B
03B7
0476
04F5
052D
053F
0537
0535
054F
0565
057A
05DB
0687
0702
070D
0715
076B
0794
071F
06B2
0704
0754
069E
0590
053F
0500
03CF
0249
014A
006C
FF63
FEAE
FE37
FD76
FCA6
FC05
FB15
F9EA
F951
F90D
F834
F713
F66F
F5FA
F55A
F50E
F516
F4C4
F421
F3B3
F341
F281
F1DC
F17D
F0E0
EFFA
EF7F
EFCD
F070
F0B8
F070
F033
F0CA
F22C
F39C
F4B0
F594
F6A9
F830
F9ED
FB50
FC63
FDDF
FFEC
01CC
0308
03EA
04D9
05D9
06A1
06FC
0729
0784
07DE
07BA
06F7
05F3
053A
0501
04C7
0406
0322
02B0
026E
01E7
0163
0132
0107
009F
0018
FF88
FEEE
FE8D
FEBB
FF48
FF8B
FF38
FEBA
FE68
FE0B
FD8D
FD1F
FC90
FB9B
FA8C
F99F
F890
F76D
F68B
F5C2
F4F9
F494
F47A
F419
F39B
F38F
F3C6
F3D9
F3E0
F40F
F489
F55A
F624
F6A7
F757
F869
F96F
FA75
FBBE
FCA2
FCCF
FD54
FEA8
FFB4
000A
007F
0150
0200
0297
035B
040A
045C
0488
0506
0608
072C
0809
08E4
0A1A
0B46
0BE6
0C35
0C9E
0D22
0D8A
0D93
0D1E
0C84
0C0D
0B70
0A79
0985
08C6
07E6
06C5
05BB
04EB
0407
02D3
01A3
00E0
004B
FF6D
FE71
FDB4
FD06
FC3C
FB9E
FB38
FAAF
F9FD
F96C
F91E
F923
F955
F943
F8F5
F902
F971
F999
F956
F923
F927
F920
F8F1
F8B4
F891
F897
F8B8
F8FA
F96F
F9F2
FA71
FB2A
FC28
FD25
FE29
FF6F
00D1
0228
039D
0500
05D3
062F
069A
0731
07B9
0805
07ED
0794
0764
0743
06AB
05E2
05B3
05F8
05CB
050F
046B
041C
03D0
034D
02A7
0219
01D7
01CD
01B7
019C
01A6
01A0
015E
0141
0163
011E
003F
FF7B
FF05
FE30
FCDE
FBAF
FAC6
F9CA
F8C5
F7F4
F75A
F6DE
F657
F59D
F4DE
F468
F436
F44E
F4F7
F617
F730
F837
F986
FB25
FCC8
FE2F
FF34
0003
0107
0253
0375
0426
04A4
0544
05F0
0653
0670
06AD
0716
0741
0718
0701
0717
072A
0744
0779
07A5
07C6
07FB
0822
0810
07F7
081D
0882
08EF
0928
092B
0918
08E0
0862
07B7
06FD
0622
052C
0447
0362
026D
0193
00DF
001E
FF55
FEAA
FE09
FD59
FC90
FBA6
FAC1
FA21
F9A4
F8F6
F81F
F770
F706
F6B9
F645
F5B0
F553
F512
F468
F38F
F32B
F2FA
F28A
F26E
F2D4
F2CB
F24C
F283
F37D
F447
F50A
F672
F82E
F9C2
FB43
FCAE
FDF5
FF67
0103
0262
0396
04DF
05FA
06BA
0759
07E0
083E
08C1
0981
0A01
09FC
09B4
0953
08CD
0839
07B2
0726
0695
062D
05E6
056E
04AE
0408
03B4
0377
033A
032B
032D
02FD
02D4
02F0
02F9
029F
021E
01B2
0156
00F3
005C
FF74
FE87
FDD3
FD0C
FBF5
FACA
F9C3
F8FE
F895
F848
F7A6
F6CE
F62B
F5BD
F56A
F56A
F5E3
F6AE
F78B
F829
F873
F8C3
F942
F9BC
FA4A
FB36
FC40
FD1A
FDFE
FF00
FFDB
0099
0162
01FB
0264
0309
03EB
04D1
05E9
0727
0809
08A3
0989
0A94
0B49
0BEB
0CD4
0DC4
0E8E
0F53
0FE5
101E
105C
10C4
10DD
1099
1079
105E
0FAF
0E9B
0DC9
0D13
0C03
0AE7
0A25
096A
088A
07F8
07AF
070B
0607
0544
04D3
043E
036A
029A
020A
01E4
0209
020B
01B5
013B
00E7
00E7
0117
00E5
0026
FFA8
FFF5
006D
007A
007C
00BE
00DF
00BD
00A1
0084
0040
002E
00AF
019C
029F
03A5
04C3
0610
0780
08C2
0984
09FF
0AAD
0B85
0C25
0CA3
0D5C
0E30
0EB9
0EF3
0EF9
0E9F
0DDC
0D00
0C33
0B7A
0B1A
0B29
0B1B
0A84
09C5
096B
0972
097B
0945
08C2
081A
0798
075B
0730
06E7
069A
066F
0636
059F
04AF
03B6
02DD
0206
011D
0033
FF4D
FE3F
FD08
FC1A
FBC3
FB85
FAD8
FA1C
F9E7
F9F1
F9D3
F9F4
FAB5
FBB3
FC97
FDA0
FEE6
000B
00E7
01C7
02E5
0401
04BD
0536
05D8
06AC
0764
07FE
08B4
0975
0A1D
0ABC
0B45
0B92
0BB4
0BC6
0BC6
0BEB
0C69
0CCB
0CA0
0C62
0CB6
0D53
0D98
0DB6
0E44
0F2B
0FBB
0FAA
0F49
0EBF
0DD9
0CB3
0BCF
0B52
0ACF
0A02
090C
080A
06FE
0611
0579
051A
049E
03FD
038D
035E
030E
0262
0166
0028
FEE5
FE14
FDA4
FD07
FC33
FB7B
FABE
F9E5
F950
F8E4
F7FF
F6C4
F5EA
F569
F4D3
F447
F3FF
F3F5
F44F
F510
F5C2
F64B
F729
F84C
F91E
F9CA
FB0A
FCCD
FE63
FFBB
0145
02FA
0471
05A0
06B2
0782
07EE
0830
0856
0820
07CC
07EF
084B
07FE
071B
06A8
06EE
0712
068A
05EE
05D8
05EB
0586
04EC
04BA
04CF
04A2
0440
041E
044C
0478
046A
0440
043E
0460
0438
0389
02A3
01CE
00FA
0020
FF52
FE86
FDA4
FC9E
FB78
FA79
F9D2
F918
F7E8
F6CF
F67C
F697
F67D
F651
F651
F646
F62B
F661
F6EC
F75D
F780
F78F
F7C9
F83D
F8BE
F900
F91A
F99F
FAAF
FB92
FBE1
FC5C
FD9D
FEFA
FFB3
000B
006D
00D0
0160
025D
0375
044E
0520
0610
06EE
07B7
086F
08EB
0955
09F7
0A85
0AB0
0AC1
0AC7
0A6A
09DF
097B
08D9
07D0
070B
0689
0578
03FF
031E
02BE
0209
0136
00FD
0111
00B4
FFFB
FF50
FEA8
FDFC
FD82
FD11
FC6B
FC0E
FC57
FC80
FBEF
FB66
FB6D
FB42
FA76
F9CC
F9B7
F9BA
F98A
F966
F974
F990
F97A
F912
F8A3
F892
F8CC
F91F
F9A6
FA68
FB3B
FC4C
FDC6
FF56
00B9
0208
032D
03F1
047C
04F2
0529
0538
0571
05CC
0606
0605
05AF
050E
0484
0438
03DA
035F
0318
0305
02E6
02D9
030E
0342
0314
028C
01FD
018E
0133
00F1
00E6
00FA
00FD
0107
0118
00AF
FF8D
FE4C
FD7A
FCD9
FC04
FB02
F9E1
F88C
F723
F5F9
F517
F41E
F2E8
F1F0
F198
F174
F136
F15B
F213
F2B1
F317
F3FD
F543
F60D
F679
F745
F84D
F8F9
F963
F9E7
FA7E
FB0B
FB92
FC28
FCDF
FD8D
FDF4
FE39
FE9D
FEE7
FECD
FE8C
FE90
FF00
FFC1
007C
00F4
0161
020A
02B9
0333
039F
041B
047F
04BA
04D6
04CD
049C
0442
03CB
0361
02EF
0221
0118
0057
FFCC
FF0A
FE3D
FDBD
FD5A
FCF7
FCCB
FCB3
FC66
FC20
FC04
FB94
FA9D
F9B9
F946
F8E9
F86E
F83B
F86B
F844
F733
F5C8
F4DC
F452
F389
F27E
F188
F0BA
F029
EFFA
EFF1
EFCF
EFCE
F021
F08B
F107
F1F6
F359
F49E
F597
F6D4
F8B5
FAAC
FC0E
FD19
FE75
0002
0128
01E2
027E
02EE
031C
034A
0392
03A9
0364
02E1
024E
01DC
019A
014D
00ED
00CD
00F4
00F1
009C
0048
0019
FFE4
FFA1
FF73
FF74
FFB4
002E
00AB
00FE
0131
0168
018E
014F
0091
FFB9
FF11
FE4D
FD3A
FC46
FBB5
FB02
F9D4
F8A0
F7C8
F709
F625
F555
F4DC
F4AD
F47B
F408
F37B
F34B
F39D
F416
F468
F4C8
F566
F5F6
F623
F624
F643
F650
F636
F670
F724
F7B2
F7C2
F7D7
F84F
F8D4
F90C
F91D
F973
FA3A
FB1B
FBCD
FCA8
FDF8
FF35
FFDF
005F
011E
01E4
0294
0358
040E
047F
04D0
0517
054A
058D
05BA
0546
0451
039E
0323
022E
00F6
0036
FFB4
FEE3
FE2B
FE14
FE24
FDB2
FCE5
FC41
FBF6
FBE4
FBBA
FB4B
FAED
FAE9
FAD2
FA57
F9F4
F9EB
F9A8
F8FB
F889
F872
F820
F76E
F6B5
F616
F5AA
F58B
F551
F4A4
F404
F3F5
F413
F40E
F454
F509
F5AC
F62A
F6FB
F832
F984
FAF3
FC8C
FDFD
FF13
FFFF
00D1
016A
01FB
02BE
0363
0382
0348
0313
02CA
0234
019C
0166
0156
00F9
007F
006E
00A5
0094
003F
0033
0095
0109
0153
0185
01B4
01CE
01C9
01D4
0220
0270
0250
01D5
016F
010C
005B
FFA3
FF42
FECE
FDBA
FC43
FAED
F9C7
F8AE
F7A1
F69A
F5AF
F52F
F526
F532
F542
F5C5
F6B7
F781
F80D
F8DF
F9F9
FAD6
FB6D
FC22
FD03
FDC4
FE34
FE57
FE72
FED7
FF6D
FFD0
FFF0
0004
0019
0031
005B
007D
0083
0095
00BF
00E1
0130
01EE
02C9
0360
03FA
04DD
05A2
05F5
0630
0697
06EC
070F
0726
0708
0676
05B4
051A
046A
0372
0296
020E
0170
008B
FFB6
FF2B
FEDF
FEC4
FEA4
FE37
FD9D
FD26
FCB9
FC20
FB93
FB63
FB7D
FB8F
FB5C
FAE8
FA5D
F9C4
F901
F81B
F72A
F625
F518
F43A
F37F
F2B3
F20A
F1D7
F1E3
F1CC
F1A5
F1A6
F1D4
F249
F310
F3EE
F4DF
F63C
F7F5
F999
FB41
FD34
FEF8
0013
0115
0284
03C7
0435
0437
0477
04C7
04A4
0425
03BA
035E
02BF
0216
01D8
01D3
019E
0164
015D
0141
010C
0117
0140
0149
0186
0224
02C4
034C
03EF
0468
0472
0465
0480
0492
0470
0402
034B
02A2
0215
0121
FFC9
FEB4
FDF3
FD10
FC24
FB79
FAD9
FA1F
F97D
F8E1
F832
F7D7
F817
F89D
F91D
F9B6
FA7A
FB31
FBB5
FC23
FC73
FC67
FC33
FC66
FCED
FD25
FD0A
FD1D
FD5C
FDA6
FE3C
FF06
FF8B
FFF7
00A2
0122
015C
0221
0390
04C4
0598
06AD
07EA
08E6
09F5
0B58
0C91
0D74
0E61
0F44
0FAD
0FBE
0FD1
0FE0
0FD8
0FB5
0F2F
0E38
0D61
0CF6
0C78
0BA6
0AEE
0A77
09ED
0965
0939
0932
08FB
08C4
08AE
085E
07DB
07B2
07D1
07A3
0748
0742
0733
0694
05DF
05AE
05A2
053A
04A6
0432
03D5
036F
02DE
0212
014D
00CD
005D
FFC1
FF47
FF53
FFC3
002B
008F
0173
0309
04AC
05B7
066B
075D
088E
09A7
0AA0
0B84
0C12
0C26
0C19
0C4B
0C74
0C00
0B0E
0A69
0A4A
0A00
0916
0807
077D
0788
07D1
0815
0846
085F
083F
07E4
07AC
07DE
0839
0882
0916
0A0A
0AA2
0A8E
0A7B
0A94
0A1F
091A
0859
07D5
06D9
0588
0457
030F
01A4
009C
FFD0
FEA0
FD63
FCD9
FCAE
FC29
FB95
FBB4
FC7D
FD50
FDE7
FE89
FF54
FFFD
007F
014D
0256
0302
0365
0412
04DC
053D
056A
05A9
05A2
053C
0507
052B
0534
0502
04EB
0508
0524
053B
0586
0610
069C
0707
0771
07FA
089D
0941
09D8
0A7F
0B4C
0BD8
0BB5
0B44
0B20
0AFC
0A3A
091F
0857
07EA
076F
06AE
05BC
04CA
0406
0389
0350
032A
02DA
0273
0227
01E5
0199
0154
0101
0092
0067
009D
00A7
002E
FF7D
FEE3
FE4E
FD5B
FBBF
FA10
F926
F8A1
F7C1
F715
F736
F736
F66A
F5B3
F5A1
F5A9
F5AE
F61B
F6E3
F7DD
F93D
FAFE
FCD3
FE9B
0027
0136
01FE
0302
0462
05CB
06E5
07A9
0837
087D
0857
07FC
079C
0707
0664
0646
064D
057F
043A
03CA
0405
03CB
033C
0316
0308
02AB
0295
02FF
0349
035B
03AE
0423
0460
04A3
0512
054A
0533
0517
04EE
0479
03C7
032C
02BD
0214
00EE
FFC5
FF04
FE33
FD15
FC49
FBD7
FB10
FA2C
F9F0
FA2A
FA6D
FAEC
FB90
FBF2
FC42
FCAE
FCDE
FCCD
FCCD
FCE1
FD18
FD93
FE00
FE35
FE70
FE7C
FE2F
FE38
FEB7
FEC4
FE38
FDD5
FDC3
FDE5
FE6E
FF37
001B
0162
02C1
03A2
046F
0590
068C
0780
08F2
0A3E
0ACC
0B39
0BBE
0BE5
0BE2
0BDD
0B70
0AD4
0A42
0905
0759
0667
05B0
041C
0283
01E2
01A5
016C
0175
0167
013F
017C
01B6
016C
0131
0132
010A
012B
01CB
01F4
0185
015A
0139
006E
FF53
FE56
FD79
FD08
FCF5
FCB0
FC5A
FC1D
FB4E
FA0E
F96B
F93C
F8BD
F88D
F950
FA4A
FAF9
FBAD
FC59
FCF8
FDFC
FF33
FFF0
0081
0188
029D
0326
034A
0367
0397
03E2
0433
0444
03E9
0322
01F9
00A0
FF70
FEB8
FE7D
FE7B
FE80
FEBE
FF4F
FFCF
0015
0094
015A
01DA
0243
0344
0473
0507
056A
0607
0613
0552
04D1
04B4
03FD
02D1
0215
017B
0039
FE8E
FD01
FB82
F9F2
F878
F73D
F65F
F5DE
F596
F597
F5FF
F693
F6E0
F6B2
F64E
F657
F727
F857
F97A
FA9C
FBB4
FC92
FD53
FDEF
FE24
FE2B
FE4B
FE35
FDE8
FDDD
FDC8
FD12
FC25
FB80
FAF4
FAA8
FACB
FA9E
F9E4
F9C5
FAA9
FB76
FBB9
FC2C
FD1B
FDFD
FE6F
FEC5
FF89
007E
00CA
005E
000B
0013
001D
0013
FFEF
FF83
FEE4
FE0F
FCEA
FBFB
FBBF
FB96
FB05
FABB
FAFE
FB04
FA86
FA1A
FA10
FA4C
FAB9
FB2A
FB71
FB86
FB6A
FB2E
FAF0
FA77
F97B
F84D
F768
F6D1
F653
F5D7
F53D
F462
F348
F214
F102
F05C
F041
F06B
F066
F03E
F0BD
F24B
F430
F5CB
F77F
F98F
FB7C
FCF7
FE2A
FF36
004C
017F
0255
02A1
02E3
0320
02DE
026F
024D
01E0
008D
FEE6
FDA7
FCB8
FBCD
FB10
FAC1
FAA3
FA4D
FA00
FA3A
FA6D
F9EE
F998
FA52
FB31
FB38
FB1E
FBA0
FC35
FC69
FC91
FCE1
FD0C
FCBF
FC18
FBBB
FBD5
FB91
FA67
F911
F81F
F705
F555
F3A7
F2AA
F23D
F1B7
F0EA
F08B
F12F
F256
F34D
F443
F58D
F6CD
F789
F7CD
F7D6
F7BC
F7A3
F7D1
F85C
F8EF
F934
F946
F980
FA0A
FAD7
FBA2
FBFA
FBDE
FBC5
FBE5
FC2D
FCCD
FDC8
FEB0
FF91
00FB
02B7
03E4
0473
050E
05F9
070B
0835
095D
0A4B
0AF4
0B72
0BB7
0BAE
0B7E
0B5B
0B1D
0A7D
09A7
08DB
07D0
0646
04D5
0419
03C1
0340
02B8
0269
0216
0189
00EF
0081
0059
0091
00FB
00FB
0043
FF6D
FF19
FEF1
FE57
FD73
FCBD
FC31
FB9D
FB09
FA6C
F9BD
F929
F8BA
F828
F776
F718
F734
F775
F7CB
F88E
F9D7
FB4B
FCB5
FE4D
0024
01D8
0326
0447
057C
06A9
078C
082E
08DA
09A1
0A22
0A13
09C3
097D
090D
0858
07B6
0741
06BB
0641
062A
0650
064A
0637
0667
06A5
0691
0677
070C
0858
09AA
0A84
0AEE
0B18
0B38
0B64
0B6B
0B24
0AB5
0A2C
095F
085F
074F
060B
048A
0310
01B1
0082
FFD8
FF97
FF32
FEC7
FEF4
FFA3
0039
0094
00F9
01A6
02B0
03D1
04B0
0587
06B2
07E3
08AB
0919
0949
0934
0906
08DE
0892
080D
0764
06AE
061E
05D0
057B
04DF
0427
0393
033F
0327
0318
0321
03C7
051C
0663
0748
0845
097A
0A96
0B92
0C5D
0C93
0C4D
0C26
0C3D
0C30
0BBD
0AD3
099B
0883
07A9
06AC
059C
0515
051F
050C
04A5
0453
0431
03EC
037D
0335
0319
02D5
0261
0231
028C
0323
0388
03C4
0415
0452
0408
0349
02AF
0261
01F5
0166
012A
0126
00C9
001E
FFB6
FF94
FF4C
FEE5
FECD
FF30
FFF4
00F6
0216
0331
0448
0565
0689
07C8
092C
0A5D
0AE8
0AEC
0B05
0B4E
0B32
0A72
0988
08CB
081F
0773
06DE
0642
057B
04B9
0435
03CF
0347
02A2
020B
017C
00C0
FFF1
FF76
FF62
FF52
FF27
FF34
FF93
FFFD
003E
0051
0044
0039
0042
0026
FFCA
FF79
FF42
FE99
FD42
FBEA
FB2C
FAB6
F9F6
F8F5
F7F9
F710
F65A
F60F
F610
F627
F681
F739
F7D6
F802
F80F
F842
F867
F86C
F8A6
F946
FA1D
FAE4
FB6B
FBA2
FBAC
FBBC
FBD4
FBE5
FBFA
FC26
FC44
FC26
FBE5
FBB8
FBA5
FBAB
FC01
FCAF
FD6B
FE24
FF22
004D
012A
01A1
0221
02EA
03C3
0459
04AA
0501
0584
05F4
061F
0630
064D
064C
0605
0583
04CD
03E9
0313
029D
0297
02B1
0277
01C8
0109
0096
0043
FFCE
FF63
FF58
FF91
FF9D
FF46
FEBC
FE32
FDA6
FD12
FC8E
FC29
FBE2
FBAE
FB6D
FAFE
FA67
F9C9
F929
F87F
F7F7
F7D6
F809
F81D
F7CE
F772
F798
F84B
F929
FA16
FB37
FC5C
FD1B
FD73
FDC2
FE25
FE78
FEC8
FF41
FFC8
0018
002F
003C
0040
000A
FF8C
FEEC
FE5B
FDF0
FDA4
FD69
FD45
FD37
FD1B
FCE7
FCEC
FD6E
FE2C
FEC6
FF69
007C
01EC
035D
04BA
0618
0746
07ED
07FD
07B8
0760
0709
06AD
0639
059D
04CD
03BC
0249
0088
FEED
FDE3
FD44
FCAC
FC1A
FBC9
FBA5
FB72
FB35
FB10
FB02
FB2C
FBE4
FD2B
FE87
FF9E
00A6
01D7
02EE
038B
03C2
03F7
0451
0493
046D
03DF
0330
0294
01FC
0142
006E
FF96
FEBA
FDF3
FD8D
FD99
FDBB
FDB9
FDE0
FE84
FF73
004C
0105
01C5
027E
0309
037A
0404
04AB
0528
0540
0509
04C3
0477
0400
0367
02E2
0290
0247
01CC
0117
0057
FFAF
FF0D
FE84
FE65
FEC1
FF30
FF62
FF7C
FF9B
FF91
FF4B
FF10
FF01
FEC9
FE11
FD0F
FC35
FB8F
FACD
F9EC
F948
F904
F8C3
F817
F6FF
F5EB
F52E
F4A9
F425
F3BE
F3AA
F3F0
F490
F59B
F705
F89C
FA46
FC12
FDE9
FF83
00BF
01D2
02F2
03F3
0498
0500
055B
0581
0533
048F
03DD
0329
025F
0179
008C
FFA5
FEC1
FDE5
FD2A
FC88
FBD8
FB1B
FA83
FA34
FA2B
FA68
FADE
FB58
FB95
FB91
FB93
FBE0
FC62
FCD6
FD1B
FD32
FD04
FC8C
FBF2
FB5C
FAB5
F9C7
F875
F6EB
F57D
F446
F31E
F1F8
F0F8
F02B
EF97
EF52
EF57
EF76
EFB2
F042
F11B
F1D7
F233
F252
F276
F2A5
F2B7
F298
F271
F289
F2FC
F37F
F39C
F34C
F318
F359
F3D4
F43F
F4AD
F545
F5EF
F684
F70F
F7BE
F8A7
F9B5
FAD3
FC12
FD77
FEC8
FFBD
0060
0101
01CF
0293
0306
0345
03A2
0414
042A
039C
028C
011F
FF59
FD61
FBA3
FA73
F9C2
F945
F8BA
F801
F72F
F68B
F630
F5E5
F581
F538
F530
F533
F500
F4A5
F468
F46C
F482
F448
F39B
F2BB
F1ED
F12E
F06D
EFC1
EF3D
EEBA
EDFB
ED00
EC16
EB81
EB3A
EB17
EB27
EBA2
EC95
EDC7
EEF0
F00C
F145
F2A4
F3F5
F528
F663
F7A9
F8B7
F957
F9A2
F9E2
FA3D
FA7F
FA56
F9D0
F95C
F938
F942
F949
F940
F92C
F928
F94E
F988
F9A5
F99B
F996
F9C7
FA4F
FB25
FC09
FCCA
FD7F
FE4A
FEF8
FF2E
FEE2
FE6F
FE1F
FDEC
FDA5
FD1F
FC3F
FB11
F9CA
F88D
F747
F5F6
F4E5
F451
F414
F3E6
F3C6
F3D3
F402
F43B
F495
F547
F65C
F7A5
F8FA
FA60
FBE3
FD48
FE3C
FED4
FF8F
00AA
01C2
0260
0297
02BE
02D4
0291
01FC
0171
0111
00B0
003B
FFD4
FF76
FEFF
FE9B
FEA8
FF29
FFC2
0035
008C
00EC
017B
0259
0371
0475
0538
05ED
06D4
07B5
0810
07C1
0734
06C9
0666
05C9
04FA
042E
0371
02BA
0222
01C8
0180
00F0
0020
FF76
FF1E
FEC0
FE15
FD5F
FD05
FD03
FD0D
FCFF
FCED
FCEC
FCF5
FCF7
FCED
FCE2
FCE5
FD0D
FD6C
FDEA
FE4D
FE83
FEA5
FEC2
FED9
FF02
FF61
FFEF
0076
00CF
011E
01AE
029F
03C3
04E7
0606
0726
083A
0932
0A04
0AA0
0AF4
0B07
0B07
0B19
0B21
0AEA
0A73
09E8
0950
089D
07E1
0725
0652
0571
04BE
0445
03C8
0320
026E
01DF
0172
0123
0108
0132
0180
01CC
0214
0258
027B
0273
0262
026D
028C
0299
0281
0243
01DE
0144
006E
FF74
FE7D
FDA0
FCE6
FC50
FBCB
FB49
FADE
FAB9
FAEC
FB4B
FBA0
FBF8
FC85
FD55
FE3C
FF1C
000A
0114
0220
0314
03FB
04E8
05C1
0665
06DE
074B
079B
07BB
07D2
081B
0889
08D8
08E9
08E5
08FF
0931
095E
0989
09CD
0A1B
0A4D
0A74
0AD1
0B7B
0C36
0CC8
0D44
0DE9
0EBD
0F83
100B
1056
107E
1097
10A3
1081
1020
0FAE
0F6C
0F54
0F28
0ED1
0E67
0DE8
0D43
0C90
0BFB
0B78
0ADB
0A43
0A0E
0A48
0A6B
0A01
0925
085A
07FC
07F6
07EC
0798
0706
066E
05F4
059F
0567
052E
04C5
0429
0392
0323
02B0
0213
0194
0193
01FC
027A
0300
03C6
04C6
05A2
0617
0638
0653
06A4
0723
0794
07D1
07F4
0825
0854
0846
07D7
071D
0658
05C5
0568
0503
0466
03AD
0319
02B5
0255
01FC
01E9
024A
02F9
03B4
046D
0548
0651
075B
083B
0906
09EA
0AF4
0C05
0CF0
0D98
0DF5
0E09
0DE1
0D89
0CFA
0C24
0B14
09F2
08E9
0802
072E
0665
05A9
0504
0475
03F3
037A
032F
0347
03C9
0475
051D
05E3
06F2
082A
0950
0A5E
0B5D
0C2F
0CC7
0D5F
0E14
0E8C
0E6C
0DF4
0DB1
0DB5
0D92
0D0A
0C5E
0BD2
0B4D
0A9C
09D8
094E
091D
091C
0925
0946
099A
0A0C
0A69
0AA7
0ADE
0B19
0B4E
0B9A
0C1E
0CB9
0D25
0D61
0DA0
0DD1
0D97
0CE9
0C3D
0BED
0BC0
0B53
0AA8
0A00
0976
08F7
0880
0824
07FA
07FF
080A
07E5
078D
073D
071F
071B
06F9
06B5
0674
0639
05D7
0539
0489
03F0
036B
02F1
028C
0239
01CF
012F
0076
FFD4
FF4F
FED3
FE85
FEBA
FF80
007D
0168
0260
0392
04CF
05CC
069B
078E
08AF
09B1
0A69
0B08
0BBF
0C66
0CA5
0C62
0BE3
0B88
0B6B
0B4F
0AEA
0A32
0954
087C
07BD
071F
069E
0622
0599
0520
04E3
04ED
051F
0559
058F
05C0
05F2
062D
0673
06BE
06FB
071C
071D
0708
06F0
06D5
069F
0644
05C2
0504
03EA
0289
0132
0007
FEDA
FD8C
FC5B
FB89
FB02
FA98
FA55
FA54
FA85
FACE
FB38
FBBB
FC24
FC63
FCAD
FD2A
FDAA
FDE8
FDE5
FDD1
FDC4
FDC4
FDEC
FE57
FEF2
FF8C
0004
0058
0099
00DD
0139
01B4
0256
0326
0429
0557
0688
077B
080D
0872
0905
09DA
0AB0
0B5A
0BFD
0CBB
0D67
0DBE
0DB4
0D60
0CB8
0BB8
0A96
0997
08BA
07BE
067E
051F
03E8
02F8
0232
0173
00C7
0047
FFE5
FF77
FEFC
FE9F
FE69
FE31
FDD9
FD7D
FD40
FD09
FC9D
FBE5
FB0D
FA56
F9D6
F974
F90D
F890
F7F5
F738
F677
F5EA
F5A0
F564
F513
F4D9
F4D8
F4E2
F4D6
F4FC
F5AD
F6C2
F7CF
F8BD
F9BC
FACF
FBB7
FC5B
FCD2
FD27
FD57
FD72
FD77
FD2D
FC82
FBBE
FB29
FAA8
FA05
F962
F903
F8ED
F8FB
F92F
F993
F9F3
FA19
FA26
FA67
FAD7
FB1E
FB06
FAB9
FA7C
FA5C
FA35
F9F5
F9B2
F97B
F928
F88C
F7A7
F69B
F57A
F453
F34B
F279
F1B2
F0C5
EFD2
EF16
EE80
EDD6
ED3B
ED23
EDB9
EEB4
EFCB
F0F3
F234
F37A
F4BA
F5FE
F737
F832
F8D0
F92A
F973
F9C0
F9FD
FA12
FA02
F9DE
F9AC
F971
F946
F92C
F8EF
F865
F7CD
F785
F77D
F75E
F716
F6E8
F6E1
F6D4
F6C5
F6E8
F741
F7A4
F81E
F8ED
FA09
FB16
FBD1
FC35
FC3F
FBEB
FB54
FAA0
F9D4
F8F3
F81A
F75E
F6BA
F62A
F5B5
F552
F4E2
F454
F3A7
F2E8
F23B
F1CB
F189
F12B
F084
EFB7
EEF8
EE50
EDB6
ED27
EC9C
EC26
EBEF
EBE5
EBB2
EB46
EB24
EBBF
ECDE
EDF7
EED4
EF74
EFCD
EFEC
F013
F059
F08C
F0AD
F11C
F202
F316
F41E
F533
F654
F73E
F7DF
F87D
F930
F9A4
F98E
F910
F894
F860
F863
F846
F7CA
F714
F67B
F612
F59F
F513
F4A8
F475
F43E
F3DB
F373
F329
F2DA
F259
F1CB
F18C
F1C5
F23C
F297
F2B7
F2BF
F2D4
F2E9
F2EC
F2EE
F30B
F343
F38C
F3E5
F439
F450
F401
F353
F268
F171
F0AD
F032
EFCD
EF50
EED6
EE81
EE2F
EDC6
ED86
EDA0
EDD4
EDE6
EE1B
EECA
EFBA
F077
F104
F1AA
F26A
F31F
F3DC
F4BC
F586
F611
F6A7
F792
F893
F93B
F987
F9C1
F9FA
F9FB
F9AA
F929
F8A9
F845
F809
F7F3
F7FB
F80E
F80E
F7EA
F7C5
F7E7
F85F
F8FE
F9A7
FA79
FB74
FC4C
FCBF
FCD9
FCD2
FCD4
FCF5
FD25
FD28
FCD3
FC53
FC01
FBE5
FBCA
FB9F
FB85
FB7A
FB46
FAC2
FA03
F92C
F85D
F7B3
F735
F6D3
F67D
F63A
F614
F5FB
F5D8
F5A9
F57D
F571
F597
F5E0
F625
F64F
F661
F65C
F63D
F61A
F619
F63E
F673
F6B1
F704
F76F
F7F0
F898
F959
F9F4
FA4F
FAB2
FB5A
FC12
FC84
FCC3
FD27
FDCB
FE78
FEF4
FF25
FF0E
FED4
FEA8
FE95
FE6E
FE14
FD93
FD17
FCC9
FCB4
FCB3
FC9D
FC8A
FCB5
FD10
FD4F
FD6A
FDBA
FE72
FF68
006E
0189
02B5
03DE
04FB
05F6
0683
0689
0666
066A
064A
059F
04A4
03E4
0371
02F1
0243
019E
0123
00B9
0041
FFAF
FF0C
FE86
FE51
FE70
FEC0
FF48
0010
00E9
019B
0248
032C
0428
04ED
0578
0600
067C
06AE
0695
068A
06CA
0726
0745
0717
06E3
06DA
06C2
0644
0581
04F1
04C2
04AC
0478
0456
0479
04BC
04E3
04EB
04F7
051D
055E
05AD
05EE
0612
0627
0640
0665
06AB
071C
077A
0775
071E
06D6
06C3
06A7
065B
0607
05E2
05F0
061F
064C
0642
05F9
05C2
05EB
064D
0681
065C
0608
05AF
0556
04F3
0480
03FA
0363
02CB
0250
0227
0262
02AC
028E
0205
0186
0144
00E8
004C
FFEC
003E
0103
01AB
0233
0300
0419
0510
05AB
0642
0734
0855
0921
0967
0985
09DE
0A60
0AC3
0AFB
0B2D
0B4E
0B36
0AED
0A9C
0A2E
096D
087B
07B8
0735
06A9
05FE
0581
0553
0527
04C2
045A
0438
0439
040D
03B8
038D
03BF
042B
0492
04D0
04F4
052E
05A2
062E
0672
0639
05B7
0547
04FF
04AF
0426
0362
0277
0185
00AD
0000
FF7C
FF18
FED4
FEAF
FE9C
FE93
FE9A
FEB7
FEE4
FF1C
FF62
FFAD
FFE8
000D
003A
008E
010B
019D
023C
02F9
03DD
04D3
05B0
0663
070D
07DC
08D2
09BC
0A80
0B47
0C35
0D0C
0D6B
0D63
0D74
0DE9
0E84
0EFF
0F72
1004
1093
10F5
114E
11BB
1209
1200
11B5
1147
10A3
0FC8
0EFC
0E59
0D9C
0CA5
0BCA
0B59
0B1D
0AB6
0A1A
096A
08AA
07DF
0734
06C2
0665
05F3
0578
050F
04AC
0431
0398
02FC
0283
023C
01F7
0176
00C2
002B
FFDF
FFB1
FF6D
FF1E
FEDB
FE9B
FE51
FE1A
FE1F
FE5D
FEB8
FF24
FFAA
004F
0107
01CA
0299
0373
0446
04FB
0582
05DA
0612
0651
06C4
0768
07F7
0832
082D
082C
0854
089B
08EC
093A
097D
09C4
0A20
0A78
0AA1
0A98
0A88
0A81
0A6A
0A3E
0A1C
0A0C
09F8
09D0
098C
0922
0898
0815
07A5
071E
066A
05AF
050E
046F
03B6
02F6
023E
017D
00B3
0004
FF8A
FF46
FF43
FF8C
FFFF
0070
00F0
01AE
02A4
03A1
0498
059C
06A7
0794
084F
08D6
0926
0953
098B
09DD
0A13
0A02
09D0
09BD
09C5
09B3
097C
094C
093C
0935
091E
08FB
08D8
08B2
0887
0863
0855
0867
08A9
091F
09A1
09EE
09F5
09E3
09DE
09E1
09E4
09EA
09DF
09B1
0988
0994
09A6
094D
0879
0796
06F7
067F
05F2
054A
04A5
040F
037D
02D4
01EC
00C9
FFA5
FEAF
FDD7
FD11
FC8B
FC50
FC0F
FB8D
FB0B
FAE9
FB25
FB8A
FC1E
FD00
FDFF
FEC9
FF57
FFDD
0061
00BD
00F8
0158
0203
02D5
0397
0431
04B0
052B
05B9
065A
06EA
0751
07A2
07FD
084D
0855
0804
079C
0763
0767
078E
07B3
07B8
078A
0734
06CF
0665
05F1
0586
053B
0502
04BD
046B
0421
03D9
0374
02F1
0267
01DD
0141
0090
FFE1
FF49
FED2
FE7E
FE44
FE14
FDED
FDDC
FDDB
FDC8
FD8A
FD1D
FC86
FBD8
FB3A
FAB8
FA2A
F970
F8B2
F829
F7C7
F74B
F6AC
F628
F5EB
F5DC
F5D8
F5DE
F5F6
F611
F627
F64F
F6A7
F735
F7E7
F8AC
F98A
FA94
FBBE
FCD6
FDAD
FE53
FF01
FFC9
0075
00D1
00ED
00F8
00F8
00D2
008F
005F
004C
0023
FFB6
FF19
FE89
FE31
FE10
FE15
FE28
FE47
FE89
FF00
FF90
FFF5
000E
0004
001D
0064
00A4
00AE
0099
0095
009D
0079
001B
FFBB
FF7E
FF32
FEA2
FDE5
FD2E
FC5D
FB39
F9EE
F8EC
F849
F7A5
F6CE
F600
F56C
F4E9
F453
F3D9
F39D
F361
F2EA
F26E
F247
F26B
F28D
F2A2
F2D5
F31E
F33F
F32A
F316
F325
F33F
F347
F347
F361
F3B0
F438
F4D2
F546
F58E
F5E3
F666
F6EE
F74A
F794
F802
F888
F8E6
F8F9
F8E0
F8C4
F8B0
F896
F86A
F82C
F7F4
F7E2
F7F4
F7FC
F7CD
F77A
F745
F750
F779
F797
F7C8
F855
F944
FA44
FB0E
FBB6
FC64
FCFF
FD55
FD7A
FDAD
FDF6
FE24
FE2F
FE46
FE73
FE6E
FE00
FD59
FCC3
FC39
FB84
FAAA
F9F5
F986
F92C
F8C3
F876
F87A
F8B9
F900
F94E
F9C6
FA6D
FB18
FBAA
FC33
FCD5
FD98
FE66
FF1E
FFB9
0053
00FF
01AE
0240
02AC
02EC
02EB
02A2
0243
01FF
01CF
019A
016A
0150
012B
00D6
006F
0041
006F
00CA
0111
0137
015F
01B3
0234
02B9
031D
0363
03AA
03FB
043C
043E
03E7
0362
030A
0319
0351
0345
02EC
02A6
029F
0291
0238
01C1
017A
0149
00E5
0054
FFE2
FF96
FF1B
FE55
FDA3
FD64
FD6C
FD44
FCD1
FC5B
FC0D
FBC3
FB66
FB14
FAE3
FAB1
FA5E
F9FA
F9A7
F970
F95E
F984
F9EE
FA86
FB26
FBBD
FC54
FCFD
FDB3
FE5A
FEE8
FF82
0051
0142
0220
02E4
03A2
0444
049D
04B8
04CF
04F1
04F6
04D4
04A1
0460
0403
039F
0351
02FE
027C
01DF
0151
00C2
000F
FF51
FEC7
FE80
FE53
FE25
FDFC
FDEE
FE12
FE78
FF06
FF7E
FFC5
FFEF
0006
FFEB
FF92
FF27
FEC6
FE4F
FD97
FCAF
FBC9
FAF4
FA16
F935
F884
F822
F7E6
F795
F73C
F713
F717
F6FE
F69F
F62F
F5F1
F5EC
F608
F644
F6A0
F716
F7B1
F88E
F9A5
FAC2
FBBF
FCB1
FDBF
FEEF
0023
013A
0231
0324
0429
0525
05F0
0687
0703
0768
07B6
0815
08A4
0943
09C8
0A4F
0B07
0BCB
0C49
0C75
0C89
0CA5
0CBB
0CB5
0C82
0C18
0B87
0AFE
0A8A
0A1A
09B0
095B
08F2
083F
0769
06BD
0620
0530
03FC
02FE
0262
01CE
010D
005A
FFDF
FF67
FEC0
FE0E
FD7A
FCEB
FC48
FBBA
FB6F
FB46
FAF6
FA8A
FA5A
FA7E
FA88
FA13
F959
F8E8
F8D9
F8CB
F894
F880
F8D0
F965
FA15
FADD
FBA5
FC33
FC85
FCDF
FD64
FDF5
FE7E
FF0D
FFA8
003B
00CC
0162
01E7
024A
02BD
037C
046E
053C
05A9
05BB
05A2
058C
057C
054E
04E4
0455
03CE
035C
02F2
0281
01FC
016A
00FD
00D1
00A1
0019
FF5E
FEE8
FEC2
FE84
FE0E
FDAF
FD82
FD3A
FCA2
FBDE
FB11
FA36
F964
F8D2
F88C
F86B
F85D
F868
F886
F8BE
F932
F9E0
FA7D
FADA
FB2F
FBC0
FC7A
FD18
FD87
FDF8
FE96
FF65
004B
0123
01D7
0264
02CD
031F
036F
03BB
03DB
03BD
038E
0374
0344
02D0
0250
021E
0233
0245
0248
0265
0297
02C3
02FD
0364
03CF
0401
040B
0432
048A
04EB
052E
054D
055D
0577
0592
0571
04F2
0448
03C1
0364
02FA
0258
017C
0073
FF5D
FE51
FD36
FBE5
FA85
F96E
F8B7
F82B
F7C0
F7A4
F7DE
F840
F8B7
F956
FA0B
FAA4
FB18
FB88
FC02
FC88
FD27
FDD7
FE69
FECF
FF35
FFBA
0040
00BA
014B
020A
02D0
036F
03E4
043A
047B
04B8
04FA
0537
0571
05BE
0610
063B
064A
0681
06EE
0748
0766
0780
07C6
0814
0833
0819
07DC
078C
0744
0709
06AA
0600
0531
0480
03E2
0319
022F
0181
0154
018E
01DD
0209
0217
022B
023F
0227
01D8
017B
0136
0104
00EB
00FB
0106
00B0
FFF5
FF46
FEDF
FE77
FDC4
FCF7
FC60
FBF6
FB7A
FAE9
FA64
F9F8
F9A6
F98E
F9DA
FA83
FB51
FC13
FCD4
FDCD
FF0E
005A
0177
027A
0397
04BC
05B1
0672
071D
07AA
0808
085B
08CA
0927
0920
08BA
0839
07C0
0747
06D7
0687
065D
0665
06A9
0704
0734
073E
077A
080A
08A9
0912
0950
0996
09FF
0A8F
0B33
0BAF
0BD9
0BD5
0BDE
0BDF
0B95
0AFB
0A54
09C5
0928
0852
0745
0625
050D
03FB
02E5
01CA
00C5
FFED
FF43
FEC8
FE84
FE6A
FE44
FDF5
FD9A
FD4F
FD10
FCD7
FCBE
FCC4
FCC0
FCA4
FC90
FC8F
FC71
FC1A
FBBA
FB82
FB6A
FB52
FB42
FB5A
FBA6
FC16
FC95
FD17
FDA3
FE40
FEE4
FF7A
FFF8
0066
00D2
013E
01A6
01FA
022F
0254
0284
02A8
0280
01FC
015A
00D3
0064
0001
FFBD
FFA6
FFAE
FFCE
FFFF
0018
FFEF
FFB7
FFD9
0061
00E6
011C
012D
0161
01C3
0232
0295
02E4
0319
0326
02F8
027B
01BB
00DF
FFFC
FF0F
FE24
FD4F
FC81
FBA3
FACE
FA30
F9BC
F948
F8EA
F8EA
F94C
F9C5
FA27
FA9A
FB47
FC1C
FCEA
FD94
FE27
FEC2
FF75
0027
00A4
00D8
00E7
00F7
010B
0112
00F8
00A3
000E
FF5B
FEB8
FE2E
FDB0
FD41
FCE9
FC98
FC46
FC1C
FC42
FCAA
FD2A
FDC3
FE8C
FF70
002D
009E
00E1
012F
0199
01F6
020B
01D4
018B
0157
0116
008C
FFBD
FEEE
FE53
FDDF
FD65
FCC2
FBF1
FB07
FA2E
F989
F919
F8B4
F838
F7B3
F761
F757
F75C
F729
F6CB
F687
F667
F627
F59F
F50A
F4B8
F4AE
F4BA
F4AF
F481
F435
F3E3
F3A9
F382
F358
F32A
F318
F33D
F3A2
F446
F51A
F600
F6F8
F828
F98D
FADD
FBD3
FC82
FD2F
FDFB
FECD
FF80
0003
006A
00E8
0195
0234
0261
0203
0164
00D0
005C
FFF2
FF7B
FEE9
FE46
FDAA
FD23
FCAC
FC4F
FC2C
FC48
FC88
FCD7
FD33
FD8C
FDD2
FE13
FE65
FEAD
FEC5
FEBB
FEB0
FE95
FE3F
FDB1
FD02
FC2D
FB2D
FA3A
F993
F922
F892
F7BE
F6CB
F5DE
F4F4
F415
F367
F309
F2E8
F2DC
F2DA
F302
F36A
F404
F4B6
F579
F654
F74C
F871
F9D5
FB64
FCD7
FE0E
FF35
007B
01C3
02D8
03B4
046C
04F6
0552
05B0
063E
06E2
0777
0813
08DA
09A1
0A14
0A2A
0A35
0A7C
0AED
0B47
0B68
0B6D
0B76
0B78
0B50
0B0F
0AF4
0B14
0B29
0AEE
0A78
0A14
09D5
098B
0909
084E
0779
06A2
05C5
04C4
038D
0241
0113
001B
FF5C
FEE0
FEA5
FE75
FE11
FD81
FCFF
FCAC
FC7B
FC4B
FBFF
FB86
FB07
FAC8
FAC8
FAB6
FA6F
FA3A
FA46
FA4F
FA05
F99A
F985
F9E4
FA6E
FAE3
FB47
FBB8
FC49
FCFF
FDD7
FEB5
FF7A
002E
0114
0268
040F
059F
06D8
07DE
08EC
09F0
0AB0
0B26
0B7B
0BB2
0BAE
0B6A
0B07
0A99
0A20
0992
08DF
07EF
06CD
05A9
04A3
03C1
030D
0295
023A
01C4
0137
00CE
009D
006E
0019
FFC0
FF99
FFA0
FF91
FF42
FED1
FE82
FE58
FE12
FD89
FCF2
FC8E
FC4F
FBFB
FB8A
FB1B
FABE
FA7C
FA77
FABD
FB22
FB79
FBCB
FC42
FCED
FDCA
FED8
FFFD
00FF
01B3
022C
0299
030E
0381
03D8
0408
0426
0455
048E
04A2
047D
0445
041F
03F5
03AE
0364
034A
036C
03B4
040F
047A
04E4
053C
058D
05FB
0694
073C
07CA
082D
0869
0878
084B
07DD
0736
065F
055F
043F
030F
01D4
008E
FF3F
FDE6
FC78
FAFC
F99A
F874
F789
F6C5
F631
F5E4
F5DC
F606
F661
F6FB
F7C7
F895
F941
F9CF
FA51
FAC4
FB22
FB88
FC1D
FCDF
FD92
FE0A
FE59
FE93
FE95
FE33
FD9F
FD3A
FD13
FCE1
FC93
FC89
FD05
FDC5
FE5C
FEC3
FF45
0005
00E7
01CD
02AE
0385
0459
054E
066B
076E
0809
0831
0816
07D7
0772
06E8
064C
059E
04D5
03FD
033E
02A8
021F
017A
00B5
FFEF
FF50
FEE0
FE93
FE5E
FE50
FE76
FEBB
FEF0
FEFA
FEEF
FEF8
FF22
FF52
FF68
FF62
FF50
FF31
FED4
FE06
FCCD
FB6F
FA35
F934
F859
F79E
F714
F6CC
F6C5
F6F1
F73C
F79B
F81C
F8EC
FA2C
FBC0
FD59
FEBC
FFF2
012A
027D
03D5
050C
060C
06D7
077F
0811
0881
08B9
08C1
08C2
08D1
08D4
08A8
0852
07F6
07A6
0764
0735
0721
0728
074C
0797
0812
08AD
094D
09E3
0A7A
0B22
0BE6
0CB7
0D78
0E0D
0E67
0E7C
0E50
0DF6
0D81
0CE3
0C00
0AEC
09E8
0910
082F
0714
05DF
04D3
03F5
030F
0205
00FD
002B
FF98
FF29
FEC0
FE5B
FE19
FE16
FE4B
FE86
FE97
FE7C
FE55
FE42
FE50
FE75
FE96
FEA3
FE9E
FE80
FE25
FD7B
FCBA
FC41
FC3F
FC8A
FCE6
FD43
FDAD
FE25
FEAD
FF5B
0042
014B
024E
0349
045E
058E
06A2
0773
0816
08AB
0922
0958
095A
0951
093D
08F5
087A
0806
07C7
07AA
0784
074B
070C
06C5
0666
05FA
05AD
05AB
05F8
0678
070B
0792
07F8
0840
0884
08CC
08FF
0909
08F8
08EC
08E2
08AB
0812
0706
05B2
0463
0342
023B
0128
000C
FF09
FE33
FD87
FD03
FCAF
FCA0
FCE2
FD6C
FE17
FEC7
FF83
0059
0138
0205
02BB
0366
0413
04CB
058D
063F
06BF
0701
070F
06F8
06D2
06B8
0696
0635
0596
0506
04B1
046A
0415
03F6
0450
04FF
05B4
0652
06E4
0773
0814
08DC
09AC
0A41
0A89
0AB9
0AF5
0B1B
0AFB
0A8C
09EF
0943
0886
07A0
068F
0585
04AF
0402
0359
02B0
0212
0167
008F
FF9B
FEBB
FE05
FD70
FCF4
FC8D
FC3A
FBFB
FBD3
FBB0
FB7D
FB3F
FB15
FB0E
FB12
FB09
FAE9
FAB1
FA5D
F9ED
F96D
F8E5
F848
F796
F707
F6F0
F75B
F807
F8C8
F9B4
FAD1
FBE2
FCCA
FDCB
FF1C
0092
01F0
033D
0491
05D1
06D9
07A9
0846
089D
08AC
088E
0862
0838
0811
07BE
0704
05F8
0500
0446
038B
029F
01B5
0109
0091
0030
FFE6
FFB9
FFAA
FFCB
001F
0072
0093
0092
0096
009A
0081
004E
000F
FFB8
FF31
FE6C
FD63
FC1A
FAA0
F900
F73F
F58E
F42F
F31F
F213
F0EA
EFEB
EF5A
EF2E
EF3D
EF71
EFC7
F046
F106
F227
F3A2
F54C
F6F5
F883
FA0B
FBBA
FD93
FF52
00BB
01E0
02F5
0403
04F2
05C1
066E
06EA
0733
075D
0765
073C
06FE
06E3
06F4
0713
0735
0761
078A
07A8
07D9
083A
08AE
090B
0950
098E
09C0
09CB
0994
0927
08B3
084C
07C0
06D4
05A8
048F
038E
0263
00FE
FF8F
FE2A
FCCE
FB8E
FA72
F94D
F7FE
F6C2
F5E8
F578
F544
F51E
F4D8
F462
F3EE
F3BE
F3B2
F376
F2FD
F28C
F25E
F26F
F297
F29D
F258
F1EF
F1B2
F1A0
F170
F115
F0DB
F0F3
F140
F1AA
F249
F326
F42E
F564
F6E4
F8A7
FA80
FC4C
FE03
FFB3
016E
0326
04A3
05AE
0656
06D1
072D
074A
0715
069A
05E2
04ED
03C6
0282
012C
FFB7
FE1E
FC7A
FB0B
F9FD
F93F
F8A3
F827
F7EB
F7E9
F7ED
F7E8
F80A
F86D
F8E7
F937
F958
F976
F9A9
F9C9
F99E
F925
F89A
F81D
F78E
F6CA
F5EC
F516
F433
F32C
F231
F18D
F149
F133
F12E
F14B
F1A6
F249
F327
F427
F53B
F672
F7CD
F916
FA1B
FAEF
FBCB
FCBC
FDAA
FE85
FF3A
FFAB
FFE8
0031
008B
00AA
0065
0002
FFD9
FFE9
0004
0015
0017
0005
FFF9
0027
009B
013A
01F2
02BA
0370
03F9
0470
04F2
055C
0573
0539
04D2
0436
0344
0200
0096
FF22
FDB4
FC6C
FB54
FA46
F91C
F7EE
F6F4
F63A
F59C
F508
F496
F464
F482
F4EA
F57D
F615
F6A5
F745
F803
F8C9
F983
FA37
FADB
FB46
FB70
FB8D
FBB9
FBBF
FB67
FACF
FA39
F9AC
F908
F85C
F7E5
F7C1
F7D0
F800
F86B
F93B
FA63
FBA8
FCDD
FE11
FF70
00FE
028B
03E3
0501
0600
06EE
07B1
0824
0841
0821
07D6
0763
06CD
0626
0564
046E
034F
0236
0124
FFE1
FE66
FD03
FBFC
FB38
FA89
FA01
F9CC
F9D3
F9DC
F9E4
FA2C
FACD
FB85
FBF3
FC00
FBDF
FBB8
FB74
FAE8
FA11
F905
F7D8
F69A
F553
F401
F2A0
F14D
F03E
EF90
EF35
EF0D
EF12
EF66
F01F
F11B
F216
F30F
F454
F601
F7C7
F956
FAC0
FC23
FD69
FE85
FF9A
00B1
019B
024B
02E2
035B
0391
0391
0383
0350
02D7
0250
01F4
0194
0103
0094
009C
00EE
013F
01C1
02B8
03E8
04F1
05E3
06F1
07F7
08BA
094F
09DB
0A3C
0A3F
09F0
0983
0901
0853
076D
0659
0527
03DE
0283
011C
FFAD
FE3D
FCCC
FB58
F9F0
F8B8
F7D3
F737
F6BF
F65A
F625
F63E
F68E
F6EB
F74B
F7B7
F81E
F864
F87E
F867
F821
F7D6
F7C6
F7EE
F7F2
F792
F6F6
F667
F5F4
F593
F550
F543
F57E
F617
F713
F848
F982
FABF
FC10
FD62
FE9D
FFD9
012F
027F
03A1
04AD
05D1
06F0
07CB
085D
08D6
0943
0985
0989
0955
08F2
086B
07D0
071E
0647
0553
0473
03D6
0380
0357
0344
0346
0370
03CB
043D
0497
04D1
0507
053B
0553
0545
051D
04DD
0479
03EC
0330
0236
0117
0005
FEFC
FDBE
FC4B
FB03
FA1A
F94E
F86A
F7A1
F742
F749
F77E
F7CB
F838
F8DB
F9C9
FAF9
FC40
FD7D
FEB7
FFF6
011D
0217
02EE
03A9
043E
04AE
04F7
04FC
04B1
0456
0432
0436
041C
03D4
0397
039A
03D3
0415
0449
0480
04E5
058D
0661
0739
07F7
0897
092E
09D7
0A8C
0B1F
0B6E
0B82
0B7C
0B6B
0B4A
0AF4
0A37
0917
07E4
06D3
05B9
046A
031E
0218
0132
0024
FEEE
FDBB
FC8D
FB69
FA8C
FA14
F9DD
F9C2
F9DB
FA31
FAA0
FB07
FB6A
FBBA
FBCA
FB8C
FB1D
FAAE
FA6B
FA5F
FA5F
FA32
F9E3
F9A6
F986
F95C
F933
F94E
F9C9
FA81
FB59
FC5C
FD99
FF07
0097
0240
03FE
05CF
0795
091E
0A52
0B65
0C8E
0DAA
0E6C
0ECC
0F02
0F17
0EE1
0E5D
0DB0
0CD3
0BA0
0A3A
0906
082B
076E
06A9
05F9
0572
04F2
0469
0401
03E8
0412
0457
04A0
04EB
053A
0584
05A8
0583
0526
04B5
0424
0335
01DD
0068
FF14
FDC7
FC44
FA8C
F8CF
F727
F590
F410
F2C8
F1D7
F142
F110
F158
F222
F348
F498
F60F
F7CC
F9D8
FC11
FE53
0086
029C
048D
0663
081C
09AD
0B0E
0C39
0D17
0DA5
0E0E
0E6E
0E98
0E5A
0DD7
0D5B
0CF3
0C8E
0C47
0C42
0C5C
0C6B
0C97
0D17
0DCA
0E5F
0ECF
0F57
1014
10E5
1194
11FC
1213
11F3
11B6
1147
1070
0F24
0D9A
0C0A
0A73
08BC
06EB
0526
038A
0211
00A6
FF32
FDB4
FC4A
FB26
FA5A
F9B9
F915
F889
F85A
F88D
F8D4
F8EB
F8DC
F8DE
F903
F928
F922
F8EE
F8B3
F898
F899
F891
F85B
F7E5
F737
F68B
F62C
F637
F682
F6E8
F790
F8B4
FA51
FC20
FDE8
FFBA
01C9
041F
0681
08A5
0A72
0C04
0D82
0EFA
104E
1142
11AC
11A6
1165
10F3
1029
0EFA
0D7F
0BD3
0A11
086B
0702
05B7
045E
0306
01DF
00F8
0042
FFBF
FF81
FF85
FFC0
002C
00BC
0144
01A0
01D6
0201
022B
0235
0203
019E
0122
0089
FFB7
FEB5
FDA4
FC82
FB3A
F9ED
F8DA
F7FC
F71A
F637
F5A3
F585
F5BC
F622
F6BC
F792
F8A3
F9ED
FB5D
FCD4
FE46
FFBC
012A
0275
0397
0493
0553
05D2
0643
06C5
0724
0734
071E
0723
0733
070F
06BB
0679
0678
06A8
06E3
0719
075A
07BB
083A
08BA
0926
097C
09C2
09FB
0A25
0A34
0A16
09BE
0923
0841
071C
05C8
045B
02E6
0181
0045
FF26
FE06
FCEC
FBF7
FB2A
FA69
F9C6
F96E
F969
F98F
F9CC
FA36
FADA
FBAA
FC8F
FD6F
FE3B
FEF4
FF88
FFC7
FFA6
FF60
FF23
FED4
FE65
FE09
FDD2
FD6C
FC9F
FBB7
FB11
FA97
FA1F
F9E0
FA1F
FAC9
FBA3
FCAA
FDED
FF5B
00E6
0295
045A
060C
07A3
092F
0AAB
0C03
0D3D
0E55
0F0D
0F3B
0F08
0EAC
0E16
0D22
0BEC
0AAA
0962
080B
06BE
0588
043F
02CC
0166
004C
FF77
FECE
FE5F
FE38
FE45
FE6E
FEAF
FEFD
FF38
FF59
FF66
FF4E
FEFC
FE86
FE04
FD62
FC8E
FBAD
FADD
F9F3
F8C3
F773
F647
F543
F44E
F387
F324
F332
F395
F437
F50C
F5FF
F708
F836
F98E
FB00
FC7C
FE04
FF9D
0142
02DA
043E
0553
062B
06F2
07AB
0829
084D
0833
0803
07C9
0776
0708
0691
0627
05E9
05EF
063F
06C3
075B
07FF
08B7
0986
0A6C
0B65
0C5D
0D3D
0DFE
0EAA
0F36
0F80
0F81
0F57
0F08
0E70
0D6D
0C07
0A64
089F
06CC
04F1
0311
0144
FFAC
FE44
FCE4
FB85
FA53
F957
F86C
F78F
F6FD
F6CB
F6CC
F6DC
F70A
F75A
F7AF
F7F9
F846
F88E
F8B1
F8A0
F861
F802
F7A5
F76D
F74F
F719
F6B7
F647
F5D7
F55C
F4EC
F4C4
F50B
F5B8
F6B1
F7E1
F92C
FA7C
FBC8
FD17
FE79
0000
01B2
0377
0533
06D5
084B
097D
0A64
0B07
0B5C
0B56
0B03
0A87
09EE
092E
085A
0799
06F5
0651
0595
04CF
041D
0383
02E1
0234
01BC
01B3
01F0
021E
023B
0286
02F1
031C
02EB
02A8
0276
021D
0173
0099
FFB6
FEC7
FDBE
FC8F
FB23
F983
F7E3
F66E
F51D
F3EF
F301
F258
F1E0
F1AB
F1E4
F279
F325
F3E5
F4F6
F65E
F7DD
F94A
FAB0
FC05
FD17
FDE1
FE92
FF4C
0000
0095
0106
015E
01A3
01CE
01D2
01AD
0179
0150
0132
0116
0107
010C
0115
0116
012D
0178
01F0
027E
032B
03FB
04C4
0558
05C6
0643
06CE
072D
073C
070D
06A9
05F0
04C4
033F
019C
0000
FE69
FCD4
FB4D
F9DB
F871
F703
F5AF
F49F
F3D9
F343
F2D4
F29A
F294
F2AD
F2E0
F330
F37C
F399
F396
F3AA
F3D7
F3D9
F381
F300
F2B5
F2CC
F316
F339
F30A
F2BD
F29F
F2AB
F29D
F27B
F2AC
F378
F4AA
F5F0
F73D
F8B1
FA4D
FBED
FD7F
FF05
0084
01F9
0360
04B0
05E0
06E3
0792
07C9
0793
0725
0694
05C8
04BE
0396
0263
011F
FFDA
FEB9
FDAD
FC95
FB90
FADC
FA64
F9E3
F964
F934
F953
F972
F97C
F9AB
FA04
FA3A
FA20
F9E7
F9C1
F9A0
F952
F8B8
F7D1
F6BC
F599
F464
F2F6
F147
EF90
EE1C
ED0A
EC48
EBB7
EB61
EB76
EC14
ED0F
EE2E
EF7D
F12B
F322
F516
F6F0
F8D6
FAD9
FCDC
FEC3
0078
01E8
0324
0455
056D
0622
0657
064A
0634
0617
05EF
05D4
05BB
0582
0535
0505
04F9
04FA
0512
0563
05EB
068F
0743
07FE
08B7
097B
0A59
0B2C
0BBC
0C07
0C24
0BF7
0B50
0A3F
08FB
0787
05C5
03D0
01E7
001A
FE5B
FCB8
FB49
F9FE
F8B0
F767
F642
F54C
F472
F3B2
F328
F2F1
F306
F33A
F363
F37D
F3A6
F3E7
F42E
F45F
F45F
F41E
F3B5
F36A
F35F
F361
F332
F2E2
F2B1
F2AB
F2AD
F2AF
F2D9
F34A
F40B
F52B
F6B6
F897
FAA5
FCCB
FF07
014D
0387
05B3
07BD
0970
0AA4
0B79
0C2F
0CC3
0CF5
0CA9
0C04
0B36
0A4E
0952
0849
0726
05D4
045B
02E7
0196
0066
FF53
FE66
FDA7
FD21
FCDE
FCD2
FCDD
FCF9
FD4E
FDF2
FEB5
FF4F
FFB4
0003
004A
006F
0054
FFFD
FF7E
FEE4
FE24
FD24
FBDE
FA6F
F8FC
F79A
F65A
F559
F4AE
F44D
F418
F40E
F448
F4D2
F599
F691
F7CD
F952
FAFB
FC97
FE22
FFAB
0126
0273
038D
0489
0565
0613
0698
070A
0769
07A4
07BE
07BF
0797
0731
06A2
061F
05CD
05B0
05BE
05E5
0612
064A
069F
0707
075E
0794
07C2
0802
084B
0878
0865
080A
0780
06E1
062B
054D
0448
032D
01F8
009F
FF41
FE14
FD33
FC8A
FBFB
FB76
FB09
FAD3
FAD9
FAF7
FB13
FB52
FBD1
FC63
FCCD
FD25
FDA3
FE31
FE91
FEC1
FEE1
FEE4
FEA6
FE2F
FDAB
FD38
FCEC
FCC9
FCA5
FC4D
FBD5
FB73
FB2A
FAE7
FADB
FB46
FC14
FD04
FE1C
FF7F
0106
0279
03EE
0592
0750
08F8
0A85
0BF8
0D2E
0E17
0EC8
0F39
0F42
0EE4
0E47
0D73
0C58
0B11
09CD
087E
070C
05A8
048B
039B
029A
019A
00D7
0057
FFF2
FFA1
FF77
FF6A
FF68
FF79
FFAB
FFE6
000C
0025
0046
005D
0042
FFE4
FF52
FEA5
FDE4
FD0A
FC13
FB05
F9F7
F908
F84D
F7C5
F76C
F73F
F740
F770
F7D4
F879
F962
FA7D
FBC5
FD4E
FF19
00FB
02C1
045E
05E0
073F
085B
092A
09C0
0A35
0A90
0ACB
0AE1
0ADB
0ACB
0AB7
0A9C
0A82
0A72
0A65
0A51
0A48
0A6A
0AB9
0B1F
0B9B
0C41
0D0D
0DE6
0EBB
0F8E
1062
1136
11ED
124E
1236
11C2
1127
105F
0F47
0DDF
0C47
0A80
0889
0691
04C5
031C
0188
002A
FF1E
FE3B
FD52
FC7B
FBDE
FB6F
FB0E
FACB
FAC6
FAFC
FB4F
FBB1
FC12
FC54
FC6B
FC71
FC83
FC94
FC7E
FC31
FBD3
FB97
FB90
FB99
FB73
FB00
FA56
F9B1
F93D
F8FF
F8F8
F93D
F9E4
FACE
FBCE
FCF0
FE64
0029
0207
03D8
05A5
0772
091A
0A73
0B76
0C33
0CC4
0D33
0D71
0D6E
0D32
0CD3
0C51
0BA4
0AD7
0A04
092E
084D
076B
068A
0592
0486
039D
0308
02B8
0280
0254
024C
0272
02A9
02BF
02A4
027F
0282
02A4
02A5
0258
01C0
00E4
FFC9
FE8B
FD49
FBF9
FA7A
F8E4
F77C
F661
F57E
F4BD
F437
F40C
F43E
F4B0
F541
F5F3
F6E2
F818
F96C
FAAC
FBDB
FD1F
FE83
FFD6
00EA
01C6
028F
0357
040B
0492
04ED
0524
0535
0529
0518
0509
04DA
047A
0411
03D2
03BB
03B6
03D6
043D
04E5
05A9
0675
0746
0811
08D1
0989
0A34
0ABC
0B1D
0B68
0B8B
0B54
0AAF
09B6
0884
0716
056A
039B
01D9
0044
FEE3
FDAC
FC9C
FBBB
FB09
FA6E
F9C8
F911
F86B
F7F9
F7C1
F7B5
F7CD
F804
F843
F86C
F885
F8B8
F90B
F94B
F946
F918
F8FC
F901
F90C
F90B
F905
F8F7
F8D4
F8A1
F86F
F851
F867
F8D7
F9A8
FAC1
FC16
FDB1
FF87
0156
02E4
0439
058E
0703
087B
09C1
0ABC
0B76
0BF4
0C27
0BFD
0B7E
0ACE
0A0D
093E
0851
073D
0618
04FC
03F5
02F6
01ED
00DA
FFD2
FEF1
FE3C
FD9C
FD03
FC8F
FC6D
FC9A
FCE7
FD2D
FD67
FD92
FD8E
FD31
FC76
FB89
FA95
F990
F841
F695
F4CD
F337
F1DF
F0A9
EFA4
EEF2
EE88
EE3B
EE13
EE4B
EEF9
EFF7
F12B
F2B2
F4A9
F6EC
F928
FB33
FD2C
FF44
0173
037D
0531
068F
07AE
089D
0968
0A0D
0A6A
0A66
0A1F
09D8
09A8
096F
0913
08A1
0831
07D8
07AB
07BD
080D
0882
0908
09A0
0A53
0B14
0BC2
0C47
0CA3
0CD3
0CC4
0C6E
0BE3
0B32
0A4C
0927
07CF
064C
049B
02C8
00EE
FF15
FD35
FB5D
F9AC
F832
F6E9
F5D7
F4F8
F42E
F361
F2A9
F236
F20C
F211
F23D
F297
F317
F39A
F405
F460
F4B9
F4FE
F506
F4D3
F4A0
F4A4
F4D4
F507
F52D
F54D
F566
F576
F597
F5ED
F694
F79E
F8F8
FA6F
FBF3
FDB2
FFC2
01E2
03C0
055B
06DA
082E
0933
09EE
0A83
0B03
0B6C
0BA5
0B7A
0AD1
09E4
08FD
0813
06F3
05A2
0452
030E
01C0
006E
FF31
FE18
FD30
FC94
FC3B
FBF2
FBAA
FB92
FBC3
FC1A
FC6C
FCBF
FD28
FDA1
FE06
FE30
FE01
FD79
FCB9
FBEC
FB1D
FA37
F927
F7F7
F6BA
F57B
F44E
F35F
F2C1
F255
F1F9
F1C9
F1F1
F268
F308
F3D8
F4F7
F654
F7C5
F942
FAD4
FC67
FDE6
FF57
00B2
01D4
02B8
038C
045C
04FF
0561
059F
05C7
05C3
0592
0550
050E
04C5
0473
0425
03E1
03B2
03A2
03AB
03C8
03F7
0427
0435
0423
0426
0453
0478
0469
043D
0410
03CB
0354
02B0
01EC
0105
0000
FEED
FDD7
FCCE
FBEF
FB48
FAC8
FA62
FA13
F9CE
F986
F94E
F937
F930
F92C
F94C
F9A6
FA16
FA75
FACC
FB1C
FB4B
FB61
FB94
FBEE
FC37
FC4D
FC4E
FC58
FC66
FC72
FC81
FC7F
FC5D
FC3D
FC4F
FC8A
FCC8
FD15
FDA9
FE9A
FFBF
00E8
0210
034C
04A6
0614
0784
08D8
09F2
0AC9
0B71
0BF5
0C43
0C46
0C0C
0BA7
0B10
0A3E
0943
083C
072D
0615
0506
0412
032A
0230
011A
FFFA
FEEE
FE12
FD69
FCDA
FC5A
FC05
FBF7
FC28
FC6F
FCAC
FCCC
FCD4
FCD2
FCCB
FCA7
FC59
FBFE
FBB4
FB6C
FB02
FA71
F9D7
F950
F8E2
F87D
F81A
F7CD
F7B8
F7DF
F831
F8B4
F986
FA9D
FBCA
FD00
FE53
FFBE
0123
0282
03E3
0524
061A
06D9
0794
084C
08DC
0942
098E
09C4
09E4
09F9
09FF
09E8
09C2
09B0
09B0
09AE
09BA
09EC
0A2B
0A58
0A95
0B10
0BB1
0C3C
0CB4
0D3E
0DC4
0DFF
0DE6
0DB4
0D90
0D51
0CB8
0BBB
0A82
092D
07C0
0637
0497
02EA
0142
FFBF
FE74
FD52
FC41
FB4B
FA7D
F9C3
F90B
F875
F82A
F81A
F823
F84C
F8AA
F91F
F97D
F9C9
FA21
FA87
FAE7
FB34
FB6A
FB7F
FB82
FB9C
FBDD
FC27
FC4B
FC33
FBEB
FB91
FB44
FB1C
FB32
FBAA
FC8F
FDB7
FEFF
006C
0208
03A8
051B
0667
07AA
08E9
0A14
0B33
0C4B
0D3E
0DE9
0E4A
0E6C
0E4A
0DDD
0D36
0C6E
0B9B
0AC7
09EC
0903
0813
0728
0634
052B
0421
0341
0297
0219
01C4
019B
018E
0196
01BF
0204
023B
0248
0235
0203
0199
00F5
0031
FF5E
FE69
FD43
FBF1
FA86
F925
F7FD
F725
F68A
F615
F5CB
F5AD
F5BB
F605
F6A8
F798
F8AF
F9D1
FAF8
FC1E
FD53
FEB6
003D
01AC
02E7
041D
0566
0689
0751
07D3
0837
086E
0861
0825
07D7
0771
06EA
065D
05E9
058C
0535
04E9
04B9
04B6
04ED
0568
061B
06E6
07B7
0890
0966
0A18
0A7F
0A96
0A6D
0A18
099F
08FD
0827
0710
05C8
0472
031A
01B2
0040
FEEE
FDCE
FCB1
FB6D
FA1E
F900
F821
F767
F6CC
F658
F60E
F5F0
F60D
F664
F6CE
F72C
F78C
F808
F896
F910
F95C
F988
F9BA
FA12
FA85
FAEC
FB2D
FB58
FB85
FBAF
FBC7
FBD8
FC14
FCA7
FD93
FEA9
FFBD
00D0
0203
035D
04BB
0602
073C
0870
0986
0A57
0ADB
0B23
0B44
0B50
0B43
0B04
0A70
098C
0882
0775
065E
0525
03D7
0296
016F
0043
FF02
FDC9
FCC2
FBE6
FB0F
FA44
F9C0
F99E
F9BB
F9E2
FA03
FA18
FA11
F9E4
F99C
F93E
F8BA
F80A
F73F
F665
F57A
F473
F357
F244
F160
F0C8
F07A
F05D
F066
F0A9
F13B
F222
F354
F4C5
F661
F816
F9DB
FBAE
FD85
FF5F
0142
031F
04D1
064B
079E
08CD
09BF
0A62
0ACB
0B07
0B13
0AFF
0AF3
0AEB
0AA8
0A13
0971
0914
08F9
08DF
08AD
088C
089E
08D3
090C
0947
098A
09C7
09EB
09F1
09DB
0996
091C
0885
07E6
071F
0606
04AA
0344
01E5
006E
FECF
FD1D
FB71
F9D6
F85A
F706
F5D9
F4D7
F40E
F374
F2E4
F25B
F209
F213
F266
F2D5
F34B
F3C8
F457
F501
F5BD
F660
F6CC
F70A
F738
F770
F7C3
F830
F892
F8CF
F907
F967
F9E3
FA60
FAFA
FBE3
FD0C
FE3F
FF72
00BE
021A
0375
04D8
0649
079D
08B5
09A9
0A92
0B50
0BBF
0BF1
0C05
0BF4
0B9F
0AEB
09DE
089F
075E
061C
04B3
0325
01B4
0080
FF59
FE1A
FCE7
FBE9
FB1E
FA7C
FA14
F9F1
FA01
FA31
FA6C
FA9B
FAC5
FB06
FB5C
FB92
FB96
FB8A
FB7B
FB47
FADA
FA4A
F996
F8AB
F7A7
F6CA
F612
F54A
F47B
F3EE
F3C1
F3C6
F3D5
F404
F477
F535
F639
F775
F8D9
FA58
FBEB
FD84
FF19
00AD
0233
037C
046F
053A
0615
06EA
0770
078B
0767
0735
0707
06D3
068D
0627
05AD
0540
04E7
0486
040F
0399
0340
02FE
02CE
02BF
02D0
02E5
02E7
02D2
02A1
0254
020D
01E6
01AD
0119
003B
FF69
FEBF
FDFE
FD01
FBF2
FB00
FA27
F965
F8D1
F862
F7EE
F767
F6F4
F6AE
F687
F66F
F669
F681
F6C1
F72B
F7A5
F80A
F85C
F8B2
F907
F93E
F95B
F986
F9D9
FA53
FAEE
FB91
FC05
FC25
FC0B
FBE5
FBCD
FBD8
FC1F
FC97
FD2A
FDE0
FEC1
FFA5
0071
0152
0268
0379
0450
051B
060D
06E9
0757
076D
076B
0747
06DB
063A
057C
048E
0370
0252
0141
0016
FECF
FDA1
FC91
FB72
FA42
F935
F856
F778
F68F
F5C8
F547
F511
F512
F529
F534
F538
F554
F583
F5A5
F5B7
F5C4
F5C4
F5B1
F5A6
F5A7
F57F
F517
F4A7
F45B
F411
F3B2
F36D
F36B
F393
F3DE
F475
F569
F687
F7AF
F8EE
FA44
FB99
FCF0
FE57
FFB1
00E3
020B
0347
046B
0551
0618
06E2
0788
07DD
07FF
0819
0823
080E
07F7
07EC
07D5
07A8
077A
0755
0727
06F7
06E8
070E
0758
07A8
07E5
0805
0821
084E
0870
0858
080D
07B9
0758
06BA
05D4
04CC
03B1
026E
00FE
FF7A
FDFC
FC90
FB3F
FA0D
F8EE
F7D8
F6DA
F60A
F56A
F4F6
F4A2
F467
F445
F44C
F47E
F4C5
F512
F57C
F621
F6E9
F791
F7F8
F83E
F896
F90D
F98A
F9FB
FA5B
FA9E
FAB0
FA99
FA85
FA8D
FAA5
FACA
FB21
FBCD
FCAF
FD85
FE3D
FF0D
0023
016A
02AD
03D2
04E5
05EA
06D6
07AB
0873
0924
0999
09CB
09D4
09C7
0980
08D8
07E8
06F5
0621
055A
0480
038F
028D
017F
0070
FF75
FE9F
FDE8
FD50
FCE8
FCBF
FCCA
FCEC
FD11
FD2B
FD30
FD19
FCF4
FCD0
FCA7
FC60
FBE4
FB32
FA5A
F977
F89C
F7CF
F708
F642
F586
F4DF
F45B
F408
F3F5
F421
F47D
F505
F5C7
F6D2
F811
F95E
FAAB
FC10
FD9C
FF38
00B8
020B
033E
0458
0554
0624
06C2
0727
074B
0731
06F5
06BC
0683
061B
0579
04DB
0480
044D
03FF
03A4
0384
03B1
03FC
0451
04CB
0561
05E5
064C
06AE
06FB
070B
06E1
06A0
064E
05CE
051A
0448
036B
0282
0184
0061
FF17
FDBB
FC66
FB22
F9F7
F8F0
F818
F766
F6CF
F64C
F5D9
F58D
F592
F5E5
F641
F67E
F6D7
F77E
F83E
F8C3
F917
F979
F9FE
FA97
FB4B
FC17
FCCA
FD38
FD7D
FDCE
FE3F
FEC9
FF70
0040
0131
0223
030D
0400
050C
061E
0723
0820
091D
0A07
0AC8
0B71
0C1B
0CB0
0D0A
0D2A
0D1A
0CC6
0C26
0B55
0A67
0949
0806
06DA
05D2
04B9
037E
024A
0137
0029
FF13
FE0A
FD22
FC6F
FC10
FBFC
FBF8
FBDB
FBB6
FB9A
FB76
FB3E
FAFB
FAA9
FA3F
F9CB
F951
F8B1
F7EE
F73F
F6B8
F62C
F59A
F53D
F519
F4EF
F4B6
F4AB
F4ED
F576
F666
F7CF
F96A
FAFA
FCAC
FEA8
00A8
026E
042C
0619
07FF
09A7
0B33
0CB5
0DF3
0ED6
0F95
104B
10C6
10E8
10D8
10BC
1094
1056
100F
0FD1
0FB0
0FA4
0F7C
0F20
0ECD
0EC5
0EDC
0EBC
0E6E
0E41
0E3C
0E24
0DEB
0DB1
0D74
0D0D
0C7B
0BDF
0B2F
0A3D
08F9
0786
0611
04A8
0342
01D5
0066
FF04
FDB6
FC7E
FB58
FA46
F950
F88E
F81C
F7FA
F803
F818
F82F
F84F
F88E
F8FB
F98C
FA17
FA7F
FAD6
FB39
FBAD
FC32
FCDB
FDA1
FE4D
FEC3
FF2D
FFC1
0077
0134
01FF
02F4
041D
056C
06D6
0841
098B
0AA3
0B97
0C81
0D72
0E60
0F2A
0FBB
102D
10A1
1101
1111
10C5
104F
0FBF
0EE2
0DA6
0C41
0AEB
099C
0846
06FF
05D2
04A5
036F
0258
0185
00E1
003F
FFA1
FF30
FEFF
FEF6
FEFC
FF15
FF4C
FF89
FFA4
FF93
FF77
FF6B
FF5B
FF28
FED3
FE6C
FDF5
FD69
FCD7
FC51
FBCF
FB38
FA97
FA19
F9DB
F9DA
FA09
FA70
FB16
FBEF
FCE5
FDF5
FF26
0071
01D0
0348
04D6
0651
079D
08D5
0A13
0B3A
0C1D
0CD4
0D84
0E0F
0E3B
0E1C
0E00
0DF8
0DCD
0D66
0CF1
0C97
0C4C
0BE4
0B4A
0A92
09EE
097E
0931
08DF
0887
0848
081F
07E3
0778
06EE
0663
05DB
054F
04BD
042B
0396
02F4
024A
01B2
0131
00A5
FFF3
FF3B
FEA5
FE1D
FD7E
FCD1
FC3A
FBBC
FB54
FB23
FB48
FBA2
FBF8
FC3B
FC83
FCD5
FD1C
FD4F
FD7C
FDBF
FE2E
FEC1
FF5A
FFEA
0074
00F9
0175
01F2
0275
02E1
0331
03A2
045F
0539
05F6
06B3
079C
088D
0950
09FA
0AB8
0B7D
0C27
0CB6
0D2C
0D77
0D94
0D9A
0D87
0D49
0CE3
0C63
0BB3
0ABF
09AD
08A1
078B
064B
04F2
03A2
025B
0115
FFE4
FEDA
FDF2
FD1B
FC4B
FB8C
FAFC
FA9D
FA45
F9D6
F97A
F968
F981
F974
F937
F904
F8E9
F8BE
F881
F867
F883
F8A8
F8B3
F8BA
F8D3
F8E8
F8D7
F8B2
F8AA
F8DC
F942
F9D2
FA8B
FB6A
FC6C
FD8F
FECA
FFFB
010C
0214
032C
0439
051D
05F0
06D7
07B2
084A
08AE
091A
099B
09FF
0A1A
09E8
0997
095F
0946
092D
090D
0908
0917
090E
08F0
08F3
090B
08ED
0891
084B
0842
083B
080B
07CB
0788
0725
069C
0601
0543
0450
034B
024F
0133
FFE5
FEA0
FD8B
FC6F
FB22
F9D6
F8B9
F7B2
F6A8
F5AD
F4D5
F41E
F39F
F36F
F370
F371
F377
F39F
F3E4
F428
F459
F47D
F4AA
F50A
F5C3
F6B9
F7A4
F852
F8D0
F940
F9AD
FA08
FA4D
FA9F
FB3A
FC2B
FD2B
FDEA
FE75
FF16
FFE2
009E
0125
01A5
0254
031C
03C5
0440
04B5
0543
05CE
0621
063B
063A
0617
05B3
0524
0494
03FB
033A
0265
01AD
0123
00A1
FFF8
FF20
FE40
FD83
FCF6
FC8E
FC34
FBDF
FB9A
FB68
FB37
FAF8
FAAD
FA55
F9EE
F988
F92D
F8C8
F841
F790
F6BB
F5D9
F511
F477
F401
F39E
F344
F2EF
F2AE
F28D
F282
F284
F2A6
F306
F3A9
F478
F55C
F659
F773
F891
F9AA
FAD5
FC0F
FD2B
FE1D
FF0D
0005
00D5
0156
019D
01DE
0232
0279
0289
0261
021D
01D7
0191
0137
00C8
0062
001B
FFEC
FFD5
FFE0
FFEC
FFD4
FFB2
FFC9
0010
0032
0005
FFBB
FF85
FF53
FF04
FE90
FDFA
FD4B
FCA0
FC07
FB68
FA9E
F9BB
F8F1
F849
F79A
F6CD
F5E5
F4DE
F3CC
F2DE
F222
F17B
F0F4
F0B1
F0A5
F09B
F07F
F06A
F06A
F061
F044
F03B
F073
F0F0
F1A9
F292
F384
F45A
F51B
F5D7
F68F
F74B
F821
F926
FA70
FBF5
FD7C
FECF
FFF1
010C
0224
030F
03BF
046D
0535
05D2
060E
0611
0610
0612
0607
05D9
0573
04D4
0405
0316
021F
013A
0066
FF9C
FED5
FE04
FD2C
FC50
FB64
FA66
F972
F8A7
F810
F7AB
F757
F6F6
F694
F63D
F5CF
F532
F489
F404
F39D
F327
F288
F1D1
F11B
F064
EFA8
EEFC
EE6A
EDEE
ED9D
ED9A
EDDE
EE35
EE7E
EEDD
EF94
F0B1
F1FF
F348
F48A
F5D4
F735
F8B4
FA47
FBCC
FD29
FE75
FFDC
015C
02C9
0406
0519
0601
06BF
0760
07EB
084E
0886
08A9
08C7
08E0
08FB
0916
091B
090A
0901
0905
08FE
08E2
08B7
087C
0827
07B8
0739
06A6
05F4
052C
046E
03BA
02F0
0208
010A
FFF1
FED1
FDD1
FCE6
FBDD
FABB
F9BC
F8F4
F833
F74A
F645
F553
F488
F3DB
F347
F2C6
F255
F201
F1D5
F1C6
F1CD
F1EC
F20D
F20F
F1FA
F1F5
F219
F270
F2FC
F3C1
F4A6
F56E
F5F9
F680
F74C
F857
F977
FAAC
FC18
FDCD
FFAC
017E
0326
04A5
05EA
06F2
07EA
08EE
09D6
0A77
0AD4
0B0E
0B44
0B75
0B6B
0B06
0A6A
09C7
0915
0843
0756
0662
057F
04C1
0415
034B
024E
014D
007F
FFDE
FF42
FEAD
FE45
FE0F
FDE2
FDA3
FD6D
FD4B
FD10
FCA7
FC36
FBD9
FB88
FB2E
FAB6
FA1A
F97E
F8F5
F865
F7D1
F771
F75C
F772
F792
F7B0
F7D8
F81D
F883
F908
F9B1
FA72
FB3A
FC10
FCFC
FDFC
FF20
0058
016C
0260
0370
049B
05A6
067C
0735
07DE
0884
0929
09BC
0A29
0A77
0AC5
0B25
0B6E
0B73
0B4E
0B3C
0B40
0B42
0B47
0B48
0B22
0AD2
0A7C
0A2C
09C4
0928
0861
0794
06E5
0643
0576
0467
0347
0240
0150
0072
FFB5
FF19
FE8F
FE17
FDB8
FD6F
FD31
FCEE
FCA0
FC54
FC13
FBD1
FB8E
FB55
FB31
FB33
FB57
FB68
FB3C
FAEE
FABE
FAC1
FAD9
FADC
FAC4
FAC3
FB00
FB6E
FBEE
FC87
FD38
FDE7
FE9A
FF7D
007F
0164
0257
03B1
0557
06D9
0823
0962
0A92
0B8A
0C4D
0D04
0DC0
0E51
0E89
0E9B
0EBC
0ECC
0E95
0E1E
0D7F
0CC8
0C02
0B12
09F7
08F3
0837
07A4
0715
0682
05E2
052C
046F
03C4
0321
0264
0195
0100
00B8
0070
FFF5
FF4C
FE7A
FDA3
FCFF
FC79
FBD4
FB14
FA5E
F9CB
F96A
F91C
F8B0
F838
F7E3
F7BB
F7CA
F80C
F854
F8A4
F936
F9FC
FACF
FBC7
FCE4
FDFC
FF17
004E
018B
02BC
03DD
04CC
0585
0635
06F3
07B7
0872
0905
0972
09EA
0A72
0AE8
0B48
0BAD
0C17
0C76
0CBA
0CEC
0D2B
0D7D
0DC4
0DF3
0E0F
0E1F
0E3F
0E81
0EBA
0ECE
0EC9
0E9C
0E30
0DA8
0D31
0CB7
0C1C
0B56
0A70
0980
0881
075E
063B
0544
0451
0348
026B
01CB
011B
0047
FF8F
FEFE
FE6C
FDDD
FD62
FCED
FC80
FC36
FBFE
FBA2
FB2A
FAD3
FAB4
FAA5
FA88
FA68
FA4F
FA42
FA5A
FAB1
FB41
FBDA
FC4F
FCB4
FD32
FDC6
FE63
FF1C
FFF9
00E5
01ED
0324
0468
059F
06D7
0802
08FC
09D4
0AA8
0B5F
0BD8
0C23
0C5F
0C8D
0C92
0C5B
0C01
0BA7
0B4A
0ACB
0A28
097F
08F1
0880
0820
07C9
0780
0743
0710
06D1
0669
05E4
0566
04F6
049B
046A
0443
03E4
0363
0306
02C6
0274
01FC
0150
006D
FF77
FE95
FDCF
FD18
FC44
FB46
FA5A
F9B2
F933
F8C8
F882
F86B
F884
F8E2
F979
FA20
FAD1
FBA6
FC86
FD3F
FDE8
FECA
FFDF
00F5
0203
02F9
03B3
0456
0517
05C7
0643
06BC
073D
07AB
0816
086D
088D
08B4
08F5
08FA
08D2
08D7
08E7
08D7
08DC
08EA
08D8
08DA
08EB
08BE
0897
08C5
08E7
08BB
087A
0820
0789
06DC
062E
0567
0497
03C4
02E7
0226
018B
00E4
0038
FFBA
FF58
FEDE
FE3C
FD82
FCD8
FC3F
FB9B
FAFF
FA80
F9F2
F94C
F8BB
F826
F76D
F6C1
F637
F5A1
F4FC
F460
F3EB
F3CE
F406
F451
F4A7
F523
F5A7
F61E
F6A0
F72E
F7E1
F8F7
FA6C
FC0A
FDC9
FFA9
0187
0335
0495
05B0
06B8
07C8
08C1
0976
09CE
09EF
0A14
0A12
0999
08E2
084B
079E
069C
0592
04CD
042C
037B
02B2
01F3
0173
011F
00A8
0011
FFA8
FF5C
FEE4
FE5B
FDF7
FDA0
FD4E
FD0A
FCA2
FC08
FB7B
FAE6
FA0D
F93E
F897
F78D
F611
F4AD
F35A
F201
F10E
F06C
EFA2
EEFF
EEC4
EE69
EDFE
EE24
EEA6
EF38
F035
F182
F2B0
F40C
F5AA
F6FB
F81D
F985
FAE9
FC1B
FD5D
FE80
FF5C
005D
0176
0239
02F2
03E8
04B7
054D
05F9
0691
06F9
0793
084B
08A3
08C4
091C
0984
09D0
0A3D
0ACE
0B2C
0B41
0B3D
0B36
0B22
0AE1
0A56
09A8
090C
0859
0766
0662
0564
0433
02C9
016B
0033
FF0D
FDF8
FD05
FC3A
FB73
FA97
F9D4
F94C
F8C6
F816
F765
F6D2
F663
F61D
F5E3
F59B
F551
F4E5
F43F
F3BC
F371
F2E9
F22A
F1B1
F17B
F162
F19E
F212
F259
F27E
F2B9
F31B
F3D4
F4E3
F5F9
F71E
F8A9
FA91
FC94
FE89
0054
0201
03B6
0565
06F0
0843
094B
0A0D
0A90
0ACB
0AEA
0B0A
0AF7
0AA4
0A2D
095C
084A
0795
0722
0658
0571
04C5
0412
0375
0320
02A0
0202
01CF
018C
00BD
0019
FFE4
FF77
FEE4
FE88
FE0E
FD6C
FCF6
FC72
FBC2
FB2F
FA87
F992
F8BC
F813
F736
F64D
F5A1
F4F3
F440
F3E0
F3BF
F39F
F3B9
F436
F4C2
F538
F5FF
F722
F81F
F8F1
FA0C
FB53
FC5E
FD54
FE50
FF21
FFF4
00E3
018F
01FA
0279
02E7
0347
03F3
04AA
0519
05AD
0678
06E8
070F
075C
07BE
0821
0887
08B7
08C6
0907
093C
0924
0909
08FF
08CB
087D
0838
07E4
0761
069B
05A0
0495
0370
0239
013C
0061
FF4F
FE41
FD89
FD07
FCBC
FCA2
FC51
FBD5
FBAD
FBB5
FB93
FB83
FB96
FB86
FB70
FB82
FB7E
FB42
FAF7
FAC3
FAA8
FA5F
F9B0
F903
F8D0
F8E3
F8F8
F939
F9AB
F9FB
FA0D
FA30
FAB7
FB77
FC0B
FC9C
FD8B
FECB
0049
021B
03E8
0565
06E0
085F
098D
0A8D
0B75
0BF6
0C48
0CDA
0D57
0D6C
0D4A
0CE1
0C18
0B3E
0A62
0963
0869
0786
06BA
0657
063F
05D3
0523
04AA
0444
03A5
02EA
0237
01AA
0152
0110
00D3
0097
0022
FF78
FED3
FDE8
FC99
FB82
FAC6
F9E0
F8D6
F7EC
F6FC
F615
F55C
F48F
F3D3
F3AA
F3C9
F3C8
F3FC
F474
F4F4
F5C8
F6F2
F7E1
F8C4
FA24
FBA9
FD09
FE81
FFCE
00A3
017D
0274
0303
0380
0463
0510
0537
0597
0638
067C
06A4
0719
077B
07B3
0808
0828
07F6
0833
0900
099E
09E4
0A32
0A98
0B16
0BB0
0C07
0C05
0C13
0C27
0BE1
0B6D
0B07
0A6F
0992
08BB
07F2
06F7
05DD
04E8
03FD
02D2
0197
00AE
FFED
FF10
FE4F
FDBC
FD11
FC64
FBDF
FB4D
FABB
FA6B
FA2B
F9CF
F97F
F916
F88D
F858
F855
F7DD
F707
F634
F575
F523
F564
F596
F597
F5F6
F68D
F6E6
F72E
F77F
F7CC
F877
F9AC
FB0B
FC6C
FDDA
FF3E
00B4
023D
0368
0435
052D
064F
0718
0761
0783
07D7
0833
0828
07D7
07AD
0769
06BD
0620
05D0
055A
04C7
048F
0479
041C
03D3
03E3
03D7
0379
0339
032F
0316
0319
0348
032E
02CD
0291
024C
01C9
014C
00A3
FFA5
FEE2
FE48
FD29
FBF7
FB2E
FA37
F924
F876
F779
F612
F553
F505
F489
F49B
F530
F561
F5BF
F6A5
F736
F7E5
F94C
FA33
FA8B
FBAA
FCE7
FD62
FE27
FF44
FFD2
007F
0186
01E2
0214
02E5
037A
03AF
0440
04B9
04E4
0565
05D2
05C4
05FB
0670
067E
0684
06BB
06D3
06EE
070B
0703
0737
0764
06E2
065A
0656
061F
05BD
05AD
0543
045A
03C2
0343
0264
01A5
011D
0084
001B
FFC3
FF5A
FF5D
FF77
FEDB
FE1F
FDCF
FD55
FCBF
FC73
FC01
FB69
FB16
FA91
F9C4
F959
F8F5
F7E4
F6AB
F5DD
F559
F507
F4E1
F4DE
F50A
F52E
F542
F5A6
F635
F6A6
F75E
F874
F987
FAC1
FC56
FE13
000C
0226
03F0
0579
06CA
07D3
0921
0A7D
0B00
0B57
0C19
0C15
0B85
0BC4
0BC5
0AB6
09FA
095B
081A
079B
076D
05D2
04AE
0584
05FF
057C
0519
041D
032D
0380
02E7
0154
01C8
026C
0107
0120
0284
00C6
FEAA
FFE3
0014
FD8C
FC90
FC96
FB24
FA0B
F929
F6F0
F5E5
F682
F584
F3A1
F2BF
F187
F0DB
F259
F301
F1DD
F287
F4D4
F5D8
F661
F799
F8A5
F9FE
FBFA
FD3C
FDD3
FECA
FFD6
00BD
01B2
0273
0353
0475
04D6
0489
04BB
053A
0587
061C
06EE
0761
0761
0737
077A
084B
08CD
08FA
09A6
0A3C
0A4B
0ACE
0B46
0A8A
09E4
0A30
09F0
08EE
0812
06E3
0596
0537
04D8
0382
023E
017D
00A9
FFED
FF57
FEB2
FE48
FDD5
FCFC
FC64
FC17
FB72
FB02
FAF5
FA6F
F9F4
FA29
F9BA
F84E
F77A
F78E
F77F
F6C2
F56B
F494
F532
F5EC
F568
F4B5
F474
F3FD
F3CD
F471
F525
F5B3
F668
F727
F860
FA32
FB87
FC98
FE95
00A8
01C6
02D4
0433
0559
06A7
07FB
086A
0897
0959
09B2
0938
08F5
08D3
081A
076F
0783
07BE
07A2
0752
0685
0519
0404
03B3
02FE
0193
00E3
0123
00F5
006F
0090
00C4
006C
0047
0067
FFD4
FE7C
FD31
FC5D
FB9F
FA73
F93A
F8B3
F861
F77C
F666
F56B
F45B
F3A1
F359
F303
F316
F40E
F512
F5C3
F643
F600
F589
F63D
F742
F774
F7EB
F913
F9ED
FA6F
FA75
F9C6
FA5F
FD1D
FF1C
FF18
FF40
001E
008D
00D3
014F
01A2
01F0
0239
0288
038A
0481
03F8
02FA
02EC
02B0
01CC
01C8
032F
0555
0790
08BB
082E
06BA
052D
03F0
0352
026C
0093
FF46
FF6A
FF6B
FE5D
FD0E
FBEC
FAF6
FA52
F9D0
F94F
F8F0
F873
F7E7
F7F3
F86E
F8A1
F8BB
F952
FA59
FB43
FB8E
FB54
FB1C
FADB
FA42
F96C
F86C
F7A2
F7CF
F85E
F816
F7AE
F82F
F88E
F80F
F7A4
F7D1
F87F
F994
FA2F
FA47
FB7B
FDC7
FF5A
0026
0126
023C
0364
047D
04B7
04DD
062D
0746
0737
077A
07E7
076A
0781
0857
0737
04E0
048C
0509
03E5
02CA
031C
0321
025B
020A
020B
0191
00CA
004B
008B
0147
015B
009A
FFEE
FF59
FE7A
FDBD
FD1D
FC3E
FBB1
FB6E
FA3B
F889
F7FC
F7E0
F683
F48D
F344
F239
F139
F0F3
F0D9
F00C
EF9D
F098
F1D9
F260
F304
F445
F58B
F6BC
F7E0
F866
F89A
F99D
FB53
FCC8
FDF8
FF1C
FFEA
0083
0139
01A4
0179
013A
0178
0270
03E7
04F1
0535
05A5
068B
0711
0769
085C
0955
09C0
0A32
0AA0
0AC4
0B8C
0CDD
0D1B
0CC8
0D7E
0E20
0DA3
0D9F
0E1D
0D4B
0BDE
0B21
0A0F
08E2
091D
098C
08D3
082C
07A9
062B
04C4
03ED
0220
0014
FF8E
FFBB
002C
017B
01CF
0017
FEFD
FF1C
FDDA
FB8D
FA8B
FA61
F9BE
F8EF
F8BE
F9FA
FC52
FDCE
FDEB
FDE6
FD30
FADD
F870
F711
F658
F6A8
F81E
F986
FAFD
FD6E
001B
0219
039A
04C1
05F9
0796
0864
07D2
076B
07B7
07E0
0831
08D8
0918
0963
0A28
0A4E
09F8
0A40
09F2
082A
0717
07B3
0842
0879
0927
0985
096F
0A0D
0AAC
09FC
0936
09A8
0A33
09E9
0987
0973
0931
089E
07E4
06FE
05F2
04E2
03EA
032F
02B7
0259
01E7
0149
0088
FFCA
FF16
FE52
FD8C
FD05
FCD9
FCBA
FC57
FBFC
FC30
FCB2
FCDF
FCB3
FC7B
FC8B
FD79
FF52
0122
0243
02FB
0354
0323
02DD
02F5
033B
0373
03D1
04AA
059A
05BB
056B
0615
0794
08B6
09A7
0A8C
0A59
0974
092E
08D9
0809
0845
094F
0972
0976
0A5B
0A9C
09BE
092B
08CA
0800
076E
06F2
063F
0686
0791
0748
063B
06C2
080F
07D6
0687
05B1
0538
04A2
0460
0484
0471
0422
0418
03CD
0232
FFDA
FE58
FDCF
FD62
FCF6
FC78
FB61
FA13
F92D
F7F5
F627
F523
F527
F4D6
F481
F53C
F601
F635
F777
F9A0
FAAF
FB45
FCD1
FDF7
FE2E
FF53
0122
0212
0336
0532
0665
06E2
07DC
0856
0800
089A
09D5
09E8
0953
0930
091C
090F
0943
08F0
0818
07D8
0814
07DE
0775
0768
0743
0695
0603
061F
0651
061A
0630
06C8
06CB
0618
05C0
0592
04B1
03C4
038A
031E
01EE
0129
0178
016F
FFFB
FE4D
FD5F
FC30
FA95
FA0E
FA5B
F9F0
F948
F93D
F8F9
F8C3
F9DF
FB08
FA98
FA01
FAAD
FB80
FBB7
FC22
FD4D
FEFF
00A0
01A9
0264
0321
034A
02E0
0329
0479
059E
060B
067B
0770
0893
09A8
0AE0
0C0A
0CB4
0D1C
0D75
0D01
0BC8
0B63
0C5A
0D53
0D74
0D1C
0CDF
0D46
0DD6
0CFF
0B0E
0A41
0A5F
0920
071A
0693
06F7
06A6
060F
0585
0461
0371
0383
032F
01AF
0053
FF56
FDCC
FC48
FBBB
FBE8
FC7E
FCD8
FBFD
FAA8
FA34
F9EA
F8C5
F745
F5B1
F429
F3A1
F3D9
F383
F331
F3E3
F48B
F43D
F3BB
F3A5
F3F9
F49D
F579
F6F4
F8D7
F9B0
F9F3
FBC7
FE02
FDFD
FD72
FEDA
0067
00D5
020A
03CF
0408
03C1
04ED
064C
0654
061E
06B9
0771
07B0
07DF
0809
07A6
071E
077C
0887
091B
0922
094F
09B3
09B9
08BE
0710
0644
06DF
0723
0651
059F
04FC
0399
027C
023B
01E2
01C4
0204
009C
FE2F
FE81
00C8
007F
FDC9
FBE5
FB0E
FA74
FA71
FA3A
F932
F8D7
F9AE
FA63
FAA9
FAD5
FAAB
FAA3
FB0E
FAEB
FA25
F9FC
FA7E
FB03
FBE1
FD09
FD9E
FDED
FEF2
002A
0094
00E7
01F3
0275
01B9
01F6
0424
05B3
05D6
06A2
0784
0695
05C7
06D7
074C
0607
0598
06D1
07D8
0824
08BA
09F2
0ADD
0AB8
0A6B
0AAE
09EA
079D
0638
065E
0614
0589
062A
06F1
068C
057B
0452
0329
01DA
0012
FE73
FDCA
FD42
FC9D
FD2D
FE64
FE46
FD50
FD16
FD56
FD37
FC8C
FB96
FACB
FA10
F921
F8D7
F991
FA57
FAE5
FB16
F9F0
F849
F7F3
F80A
F78F
F7EE
F900
F8F9
F8A8
F9A4
FB27
FC20
FC37
FB88
FB70
FC56
FC7A
FC3C
FDA4
FF54
FF42
FEFA
FF96
FFE4
FFE4
FFC5
FE55
FC70
FC67
FD6D
FD51
FC85
FC95
FD7A
FE0B
FD99
FCF1
FD27
FDB8
FDBA
FD95
FD84
FCF5
FC48
FC55
FCAF
FC96
FC3F
FBE0
FB03
F994
F88A
F862
F7DA
F640
F557
F5DA
F576
F363
F220
F261
F226
F13F
F0F6
F0D1
F01D
EFE3
F0E8
F258
F367
F463
F5CE
F710
F745
F730
F810
F8EA
F86C
F7D0
F86C
F940
F98F
FA37
FB63
FC25
FC46
FC57
FC7D
FC82
FCBF
FDB5
FEBC
FEF3
FF69
0142
0334
0425
053C
06B1
0712
0676
062A
0689
0798
0945
0ADD
0BF7
0C4D
0B67
0A32
09DD
094F
0782
05B6
04BF
043B
043B
0449
0397
02F7
02F5
0273
0167
00EA
00E0
00AF
0038
FF81
FF1E
FEF4
FDD7
FC94
FCCB
FCDC
FB38
F9BC
F91F
F803
F707
F6F7
F6CD
F6A9
F6E8
F657
F58B
F62F
F712
F700
F70B
F75F
F7C2
F917
FAA2
FB47
FC61
FE2E
FEEB
FF2C
0012
007C
0066
00DC
00F1
0077
00DD
0169
0107
0115
01BE
017C
00F5
0121
00B6
FF9B
FFD2
0165
024B
01F0
019A
0201
0295
02DF
0312
0340
0379
03ED
041C
03C3
03DF
049C
04C3
0431
038E
02CF
025D
026B
01D4
00E8
0129
01A6
015F
01DF
02F2
02A3
0221
02FA
036A
02A1
01EF
014B
00D8
01CC
030D
0306
031C
044E
0536
0554
054B
04D3
03C6
02E8
02D0
033C
031C
0214
01A4
027A
031B
0325
0398
03EC
038D
0395
042E
0453
042A
042A
043D
04B8
0554
0505
042C
038A
029C
01DA
023C
024A
00D9
FFF1
00B9
018A
01A1
018E
0128
008D
0039
FF90
FE41
FD41
FCD1
FC80
FCBB
FDBF
FE97
FE7A
FD97
FCA5
FC4C
FC56
FBFD
FB44
FADC
FAE2
FAC8
FA19
F920
F88F
F828
F701
F533
F374
F1E4
F0AA
EFF2
EF50
EED6
EF00
EF31
EECD
EE2D
ED1C
EBB1
EB3E
EB93
EB5F
EB94
ECED
EDB2
EDCB
EEE1
F037
F0AC
F118
F160
F0DA
F08E
F0C7
F0C3
F144
F290
F370
F414
F4EF
F4FD
F485
F49A
F48B
F443
F493
F477
F3E8
F51E
F771
F84D
F865
F8F9
F8CE
F7C7
F77E
F7F5
F7D0
F682
F532
F57D
F670
F5F7
F531
F5C1
F60B
F53B
F4BA
F43E
F34E
F32C
F33A
F1F0
F0A6
F07F
F025
EF32
EE82
EE6C
EED4
EE95
ED43
ED4E
EF40
EFF8
EF9C
F0EC
F25E
F214
F24D
F394
F3FA
F41D
F4C6
F4EF
F522
F61D
F6C2
F761
F8E3
F9FB
FA41
FADF
FB52
FB38
FBD4
FD02
FDED
FEFF
FFC8
FFF5
00F0
0246
01EA
0102
0188
027B
02F8
035A
034A
0342
040F
043C
0316
0262
020D
00A8
FF44
FEDA
FE3D
FD77
FD7E
FD88
FD08
FCE3
FD21
FD3E
FD51
FCD4
FB3B
F9BD
F98E
FA0D
FA68
FAE0
FB8A
FBA3
FAB1
F967
F897
F7D6
F652
F453
F2DA
F25D
F26B
F248
F1E3
F1AA
F16D
F0D5
F03D
EF78
EE08
ED0D
ED73
EDCB
ED60
EDC4
EF37
F06A
F160
F267
F2FD
F359
F381
F2CB
F25C
F385
F489
F43C
F454
F4ED
F464
F393
F3C7
F3ED
F36E
F2F4
F280
F27E
F3A1
F4CF
F52C
F5EB
F7A2
F96E
FAD0
FB9A
FBFB
FC98
FCEA
FC4C
FC30
FD39
FDC9
FDF6
FF1C
FFFE
FF41
FE64
FE57
FE0A
FD61
FD4A
FDBD
FDE8
FD9B
FDD5
FF0B
FF9C
FEC9
FE90
FF65
FF52
FEB9
FF45
0005
004B
013D
0217
018C
0139
0207
0226
0169
0173
01F3
01A7
00C5
0008
FFC5
0015
009E
011D
01AA
01D6
013D
00D0
017B
027C
02EB
0360
0484
05BD
06B3
07ED
0915
0933
08D9
08EB
08AA
07B5
0726
072D
071B
073C
07A8
0796
06FF
0639
04FD
03AE
02EF
021D
00D3
FFFA
FFFB
0076
0115
0111
0015
FF6D
FFC0
FFD1
FF02
FE19
FD7E
FD33
FD49
FD42
FC8C
FB9E
FB2E
FAF3
FA1C
F891
F732
F692
F64D
F615
F63B
F6B5
F734
F7E0
F8CA
F98C
FA02
FA6B
FAFA
FBA8
FC10
FC1D
FCD6
FEE0
010F
023A
02F6
03FC
04E3
0535
052F
0556
05E9
06A0
074F
0855
097B
09C9
095C
0947
099C
09ED
0A52
0A82
0A41
0A95
0BD1
0C78
0C2F
0C76
0DA3
0E9E
0EF8
0EE0
0E9E
0E72
0DFD
0D3C
0D7B
0EDF
0F6F
0E8B
0DB3
0D60
0CEE
0C4C
0B7E
0A98
0A30
0A13
0982
090A
0941
0962
090E
08B9
0852
080E
0882
08D5
081E
0790
081F
0898
088B
095E
0B1C
0BDC
0B29
0A99
0AB5
0A6E
0991
08E4
0892
08AF
0965
09E5
09C5
0A08
0A95
09F7
0889
07C4
07B4
081A
08D5
08E5
087F
0932
0A2A
0991
08B6
0927
0975
08D4
08A9
095E
0A2C
0AF7
0BCC
0C8E
0D79
0E62
0E9C
0DF9
0D10
0C8D
0C3D
0B76
0AD7
0B84
0CC1
0D86
0E60
0F24
0EAD
0DAE
0D4E
0CE7
0C5D
0CA6
0D6E
0E05
0EAF
0F2E
0F08
0E9A
0E14
0D73
0CFD
0C37
0AE9
0A29
09DA
08F9
088A
0937
093E
085F
07F8
0758
05ED
0537
052C
04C4
04F8
0645
0785
08B6
09E3
0A2E
0A56
0B0E
0AE3
0A0B
0A75
0B17
0A3F
0963
0991
09AF
0997
0992
08F4
0809
07B4
0791
071F
0698
0654
06C2
0799
07CD
07C0
088A
096B
0998
09DD
0A5A
0A5F
0A19
09B7
0964
0A04
0B37
0B7B
0B15
0ACD
09D6
082A
06FC
0626
0527
048B
040D
02DF
01AA
0151
0160
0112
0066
0042
0133
01F0
0165
00FF
01DF
02E4
039E
04C5
0600
06D0
0782
07B5
0715
0673
0622
05D7
0612
0707
0804
08CE
0947
08E0
07DC
070E
06AD
06F3
0814
0973
0A7E
0B56
0C41
0D8C
0EFF
0FD9
1084
11E8
1305
12A2
11AB
113B
114B
11A7
119D
10F2
1104
1198
1071
0E44
0D78
0D19
0BDE
0B4D
0BA7
0BA0
0BFF
0CFC
0C88
0ADE
0A5E
0B02
0B90
0C23
0CA7
0CB5
0CA7
0C6A
0BAD
0B20
0B08
0A86
096B
084C
0720
0575
032A
00E3
FFBE
FFB3
FF81
FEC6
FE18
FD98
FD2A
FCC0
FC13
FB76
FB57
FB29
FAF0
FBCF
FD58
FE21
FE91
FF61
FFE0
FFF0
000C
FFCD
FF87
0033
0099
FF59
FE33
FE9E
FF04
FE6B
FE01
FDF7
FD6D
FCC9
FCE2
FD55
FD90
FE19
FFAA
01BF
0323
03EA
0528
069E
0708
069C
0697
0710
0767
07A7
080F
086F
0870
07E5
073F
074A
07C9
0790
068F
0603
0660
06AE
0616
0529
053D
0680
078E
0799
0785
07E9
0815
07C8
07B4
0808
087F
095A
0A86
0AF9
0A46
094E
0894
07C1
06CE
0605
056B
0533
056E
055F
04D7
04C4
0516
04CC
0450
04A8
056E
05FD
066B
069E
06B1
0739
07E3
083A
08E1
09DE
0A28
09C3
0953
08CF
088A
08D8
0911
0953
0A40
0A96
096E
088C
0892
07BE
061E
0532
048D
03A1
0364
03DD
0410
03E6
0357
0212
00CD
000F
FF22
FDE8
FD23
FC8F
FB95
FAD7
FADE
FAC9
F9D5
F877
F742
F635
F558
F49C
F39F
F2D1
F360
F4E2
F58B
F539
F52A
F518
F42E
F34B
F34B
F378
F35D
F3BB
F4E2
F61F
F6E0
F73A
F78D
F829
F91B
FA10
FAB3
FB12
FB55
FB78
FBE3
FCF9
FDF6
FE45
FEFE
0070
00FB
00AA
014A
0233
01BC
0137
024B
03D2
04BF
0573
05B8
0584
05BF
0609
0547
045C
0492
0517
04DE
0479
046B
041A
0348
02BB
02C5
0287
0161
FFF8
FF25
FED2
FE3D
FCEF
FB93
FB22
FB08
FA2A
F90E
F882
F803
F765
F70D
F6B0
F6A2
F7D4
F934
F947
F8FA
F919
F8E3
F8AE
F917
F924
F8A5
F88C
F86F
F7ED
F7F8
F856
F7E8
F705
F659
F5E0
F5A2
F518
F3E3
F337
F374
F351
F32A
F434
F585
F640
F6F8
F75C
F73A
F7B5
F8C9
F9B7
FB11
FCA4
FD5D
FE2E
FFD2
00AE
004E
FFD0
FF0F
FE20
FE12
FE37
FD99
FD5A
FDD0
FDA4
FD0D
FD2C
FDAF
FDEE
FDF5
FDEC
FE14
FE7C
FED9
FF71
00A2
01E1
02B4
032B
0348
0353
0360
02D7
020A
01DA
01B2
013B
017E
01B6
0035
FE57
FDC8
FD1C
FB94
FACA
FAFC
FB07
FADF
FAAD
FA60
FAA8
FBB0
FC7A
FC95
FC72
FC72
FC9B
FC69
FBB6
FB9C
FCA6
FD96
FD88
FCD2
FBBA
FA7A
F93E
F79D
F5FA
F591
F604
F603
F5B5
F58C
F548
F55A
F600
F63A
F5EB
F5FB
F634
F629
F63D
F64B
F63A
F6B6
F728
F6A7
F671
F702
F659
F473
F36C
F2AB
F0BA
EF0B
EE92
EDBE
EC57
EBA6
EB42
EA59
E99E
E99B
EA11
EAEA
EBC8
EC4E
ED0B
EE55
EF94
F0B1
F222
F3B3
F4DC
F56C
F555
F500
F537
F5D0
F5DC
F569
F552
F5BB
F63B
F6C5
F748
F78D
F7C9
F847
F8D4
F961
FA42
FB5A
FC5B
FD90
FF0B
0023
00AE
0137
01E2
02A1
039B
049C
058B
06D0
080F
0857
0810
0804
078D
0658
0587
0541
046B
0330
0270
01CC
0105
00E2
013D
00FE
0043
FFDC
FF69
FE32
FCBA
FC1D
FC9A
FD48
FD45
FCC6
FC4A
FB6E
F9F6
F87D
F711
F55F
F42C
F40F
F407
F373
F2D5
F24F
F1EC
F1F3
F1A6
F064
EF5C
EF3F
EF22
EEFC
EF66
EFBC
EFCC
F08B
F1A1
F1F3
F1D4
F1CB
F17C
F0E1
F037
EF5D
EE92
EE46
EE4C
EE78
EEA1
EE2C
ED24
EC9C
ED0E
EDD1
EE4A
EE8F
EF29
F058
F18C
F243
F2DE
F3CD
F4E2
F5D5
F695
F736
F7C9
F834
F88D
F947
FA67
FB6D
FC26
FCA1
FCDB
FD0B
FD6E
FDD4
FE16
FE51
FE8F
FEDE
FF55
FFC9
0030
00DB
01AE
01FB
0181
0105
018F
02D1
036A
032B
0347
03DD
03E1
0330
027F
0214
01CE
0162
00AB
003C
0090
00DD
0045
FF60
FF35
FF83
FF49
FE80
FDCF
FD06
FBCB
FAFC
FB2B
FB98
FBFC
FCA2
FCCC
FC0C
FB41
FAA1
F9BC
F909
F8E5
F918
F9DA
FAD8
FB24
FB3A
FBF1
FC7F
FC71
FC90
FCF4
FD19
FCDA
FC3E
FBF7
FCAF
FD6A
FD50
FD27
FCF6
FC2D
FB91
FB46
FA3E
F912
F8BF
F875
F7FF
F803
F7CB
F74F
F7E6
F8BF
F828
F741
F767
F7DB
F820
F859
F824
F806
F8F2
F9F6
F9CC
F950
F9A7
FA09
F96E
F894
F87E
F88D
F837
F884
F9BA
FAA6
FB30
FBDC
FC18
FC1B
FD24
FEA8
FF79
0046
01D6
03AC
052E
05E5
0625
0767
095F
09E1
091F
0931
0A0D
0A93
0AF7
0B75
0BD5
0C35
0C5B
0BEA
0B45
0AC6
0A3D
099B
08F4
0894
08EB
098B
0993
093E
091D
08F7
0898
0817
0749
061E
04EB
0420
03F1
03E1
0349
0269
018D
003A
FE5A
FC5C
FA77
F904
F82C
F794
F79D
F871
F87D
F772
F761
F84A
F85C
F823
F89C
F8A9
F7FD
F792
F732
F6C6
F6FF
F74B
F6CE
F5E5
F4CF
F3C2
F35D
F30D
F220
F1B0
F21F
F1FE
F122
F0B3
F0CF
F11C
F182
F1B5
F1F7
F2E7
F419
F4FE
F5FE
F776
F92F
FADE
FC3E
FD5E
FE90
FFA0
0022
000C
FF6C
FEB0
FE92
FEF4
FF59
FFBE
FFBF
FEF8
FE5B
FE85
FE98
FE30
FDDE
FDF1
FEC4
0053
015D
0168
01AD
02A2
038B
041F
0435
03A8
034D
03AF
03F3
03BA
03D2
045F
049B
0431
0358
0224
00A6
FF26
FDD0
FCA9
FBF6
FBEF
FC07
FBC0
FBA7
FC11
FC44
FBF8
FBBC
FBBB
FBC9
FBE4
FBC2
FB44
FB29
FBE3
FC8B
FC11
FAAA
F950
F837
F6E2
F5AA
F570
F5F6
F67B
F6E3
F70A
F6F2
F75A
F824
F836
F7EF
F870
F92D
F958
F965
F974
F952
F989
F9FD
F9A5
F898
F7C4
F72E
F66F
F59C
F4D5
F428
F390
F2BD
F173
EFF0
EE96
ED91
ECDA
EC61
EC41
EC89
ED0C
ED91
EDF6
EE64
EF64
F10C
F2B9
F407
F4F9
F577
F5DC
F690
F6EB
F6A2
F6CE
F7AE
F83F
F8A7
F981
F9FD
F99B
F92B
F8EC
F8A3
F8C1
F974
FA50
FB66
FCBF
FDB9
FE32
FED4
FFF5
0152
027F
0343
03F4
0511
068E
0820
09A6
0AEB
0BC0
0C2D
0C31
0BBE
0AF4
0A05
0924
0889
0841
0827
0810
07D1
075D
06EF
0696
05F7
04F0
0404
0384
02F0
01FA
0165
01B6
0207
01A5
011E
0074
FEF8
FD72
FCF0
FC8D
FBAD
FB88
FC2C
FC24
FBB0
FBC7
FBA9
FACA
F9FB
F961
F8CC
F8CA
F915
F8E2
F8D3
F968
F9A4
F932
F8B6
F812
F73C
F6CD
F6B3
F6C7
F780
F859
F852
F7EB
F7BE
F73C
F691
F68C
F6B2
F670
F65C
F6A3
F6C3
F70F
F7DC
F88A
F903
FA29
FBC5
FC80
FC5A
FC93
FD28
FD4C
FD81
FE66
FF3F
FFC1
009E
0191
01E9
020D
0231
01F2
01A4
019D
01B5
024D
034C
039C
0390
045F
053E
053A
0555
05F3
062B
05FB
05C9
05B1
0667
07D5
08A3
0909
0A29
0B26
0AFA
0A70
0A0C
09AB
09C0
09FD
0973
08C7
08F3
093E
08FD
08C3
08C2
088B
080D
075D
066C
0568
048B
03E3
0378
0368
039B
037B
0289
0143
006F
FFF6
FF84
FF59
FFA1
003B
0117
01DF
023E
0270
0291
026F
0271
02D8
02EE
0299
02C6
0357
0347
02A0
01F8
012D
000C
FED1
FDB5
FCF2
FC98
FC46
FBBF
FB1D
FA54
F991
F93E
F8FC
F84E
F7D2
F7E4
F7B4
F75A
F7CA
F87B
F893
F908
FA5C
FB30
FB14
FB1D
FB59
FB27
FB00
FB60
FBC2
FBE0
FC19
FCA1
FD64
FE3C
FEEB
FF47
FF4F
FF36
FF81
0093
020C
033A
040C
050B
066A
07A6
085B
08C2
0921
0997
0A3A
0AA2
0A60
0A43
0B3A
0C92
0D61
0DF0
0E4E
0DFD
0D5F
0D0C
0CCC
0CB5
0D36
0DE1
0E1F
0E3B
0E7A
0EA8
0EC1
0EBD
0E6C
0DF4
0DB3
0DBB
0DC7
0D64
0C5C
0B1F
0A30
0990
091C
08A0
078E
05BD
03E2
028A
0178
00AA
0099
00FD
00F6
00B8
0121
01D3
01D3
0155
010B
00E5
00E7
0147
0179
0109
009C
0092
003D
FF46
FE12
FCF6
FC21
FB7E
FA89
F949
F874
F808
F77F
F737
F776
F741
F62A
F558
F578
F5EF
F661
F712
F828
F9A9
FB47
FC72
FD66
FEBB
FFE6
002E
003C
00C1
0164
01EA
024C
0241
024A
035F
04D8
055F
053E
054D
053E
04F7
054A
0661
0785
088E
09DA
0B59
0CDA
0E44
0F18
0F16
0F18
0FCF
108E
10DC
118A
12E1
13D1
13DF
13B9
138F
12D2
117C
101A
0F04
0E56
0E12
0DF1
0DAB
0D5E
0D28
0CE1
0C9C
0C82
0C40
0BB8
0B94
0BFB
0C1A
0BB8
0B5E
0B19
0ADD
0B04
0B60
0B46
0AA8
09DF
0903
081B
0730
0658
05C8
0572
0539
0555
05B1
05C5
0589
052C
04A4
0469
04E5
0563
055D
0547
052F
04DF
04AA
0487
03FB
031D
0231
0150
00D1
0091
FFE8
FEF1
FE2F
FDAC
FD46
FC69
FAB8
F987
F9C9
F9FB
F95E
F95B
F9F7
F9FB
F9FF
FAD9
FBE3
FCC5
FDA1
FE14
FE48
FEF7
0022
0157
0225
025D
029B
0340
03A9
03E6
048C
04E8
04A0
04CF
057C
05E2
06A3
080C
092F
0A36
0BAE
0C86
0C3B
0C31
0D1D
0E39
0F09
0FCA
10C0
1207
139D
152A
15F1
15A3
1502
14C6
14D6
150F
152B
14B8
1442
145F
141A
1322
1283
1209
1111
1072
1019
0EEA
0DB9
0D44
0C4E
0AF6
0A5A
0987
0843
082C
086A
0706
051F
03F6
029F
014F
00FF
00BE
FFEC
FF89
FFAD
FF9C
FF78
FF33
FE3F
FD18
FC8D
FC1E
FB2F
FA69
FA53
FA14
F917
F84A
F827
F7B8
F696
F582
F4D8
F491
F4C3
F505
F4F1
F4F1
F512
F49F
F39D
F2F4
F31D
F3AA
F40A
F468
F531
F617
F6E4
F811
F964
FA38
FAFC
FBF0
FC6A
FCE1
FE25
FF59
FFEA
00A8
0182
020B
02F4
042A
04CD
052D
0593
058D
05D0
06F5
07C7
07F9
08E0
0A60
0B52
0BD0
0C13
0BB4
0B2A
0B53
0BFD
0C91
0D0A
0DA9
0E7E
0F4E
0FD7
1012
0FE1
0F2F
0E89
0E8E
0EF5
0F22
0F29
0F6B
0FB1
0F75
0EBE
0E0D
0DB2
0D8D
0D46
0CA8
0BF3
0B55
0A76
095A
0875
0790
067C
05F1
05E7
0583
04F9
0481
0348
0190
00B7
00C7
013E
020B
027A
0260
02CD
0380
0371
035D
03AA
0336
0251
021D
0205
018B
0137
00A8
FF82
FE51
FCD3
FADF
F990
F8E3
F7A8
F659
F5EF
F5D8
F594
F570
F51A
F40A
F2A0
F1A4
F156
F143
F131
F1A4
F297
F34A
F3CD
F497
F544
F5A5
F616
F658
F63C
F63F
F67D
F6E0
F782
F7ED
F804
F88B
F955
F994
F9B2
FA11
FA2E
FA62
FB4C
FC7B
FDC1
FF60
00DB
01F4
0301
03B7
03F6
0458
04ED
059D
06A0
0774
07CD
0878
0958
097E
0946
0936
08E9
089C
088C
080D
075D
073A
0703
0681
0694
06B7
0611
0598
05C9
05A9
052D
04F2
0495
03CD
02EB
01E2
00B0
FFC7
FF47
FEE5
FE4C
FD2B
FBA6
FA43
F91A
F810
F742
F698
F603
F5E2
F62B
F653
F64A
F649
F60D
F589
F541
F562
F59C
F5E6
F651
F65C
F5B2
F504
F4F6
F4F1
F42B
F2FE
F227
F1C8
F1B8
F1C7
F1B1
F17D
F16F
F14A
F089
EF7D
EEEC
EED1
EEA9
EEBB
EFA3
F10C
F23F
F341
F448
F533
F617
F708
F7C4
F873
F9A1
FB22
FC5E
FD57
FE30
FEC6
FF53
0013
00A0
00C2
00F2
0152
0192
01E1
0296
0366
03FE
0496
054C
05E9
0646
062B
05B3
05BC
06A7
077F
07C0
0820
08BE
08FB
0903
0935
090D
085D
07CB
079A
0771
071A
0686
05B9
04F2
044A
038C
02B2
0218
01E4
019D
00E4
002D
FFDF
FF75
FE9E
FDE3
FD5B
FC9F
FC06
FC16
FC57
FC19
FB77
FAD5
FA1E
F92B
F867
F83F
F83A
F80F
F869
F919
F903
F87D
F87A
F84A
F774
F6F8
F6F2
F6AA
F677
F66E
F5D1
F50F
F4ED
F4A7
F3C4
F30E
F2C4
F290
F27C
F250
F1C8
F167
F15E
F107
F039
EF8B
EF30
EED7
EE6F
EE44
EE77
EEC7
EF25
EFA1
EFD0
EFA1
EFE7
F0B9
F133
F15A
F1DC
F283
F2FF
F3A5
F485
F584
F6C9
F7EE
F892
F965
FAA6
FB4C
FB3A
FBB4
FCD9
FDA6
FE1F
FEE1
FFA8
002F
00C7
0132
0107
00FF
01C6
02AF
034E
0402
046D
0427
040F
0483
047F
03E4
03A5
03C1
03B3
03AC
03BE
0398
0373
036F
02FA
022A
01E5
0202
0167
0038
FF6C
FEB4
FD7E
FC95
FC42
FB48
F9B0
F8F5
F8FA
F8B6
F899
F8CF
F837
F6E8
F61A
F5B2
F52B
F510
F58F
F5E3
F5D4
F5C8
F5AC
F538
F4A4
F443
F3FB
F3A1
F34D
F2DC
F21A
F177
F127
F074
EF3B
EE4B
EDC4
ED49
ED05
ECCE
EC56
EC50
ED13
EDB6
EDF6
EE51
EEA0
EEC2
EEF4
EEFC
EF17
F025
F1BB
F2BE
F361
F40F
F486
F521
F631
F6D2
F6BD
F6F6
F7AC
F816
F853
F903
F9CC
FA0F
FA4C
FB5E
FCE5
FDED
FE83
FF28
FFCD
0085
01B2
0304
03F7
04DE
060E
0723
07B7
07D0
07DC
0886
09BA
0A90
0AC4
0AE7
0B0B
0AE0
0AB0
0AB9
0A8C
0A0B
09BA
098A
0909
089D
08B9
08A2
0800
07DA
086F
08AD
085F
082D
0801
07A3
0770
077A
0784
0768
06CE
05C6
0529
0532
0558
0583
0592
04FB
0416
03A3
0362
0309
031A
0394
03E0
0410
047E
04F8
053F
056D
05A4
05DF
0614
0652
068E
066C
05E2
0561
04D3
03AF
021B
008E
FF27
FE39
FDD9
FD1A
FBBE
FAF3
FAE5
FA69
F965
F875
F73D
F5CD
F545
F59D
F5C8
F5D4
F648
F6C0
F6FF
F764
F7E6
F855
F8EB
F9A7
FA2A
FA5C
FA8B
FB27
FC1F
FC9C
FC79
FCD3
FDE6
FE9A
FEB6
FEBC
FE80
FE4B
FF13
006A
0134
01EE
0366
0506
0624
06F5
07B4
0882
09A0
0AFC
0C39
0D11
0D81
0DE4
0E93
0F4B
0FB9
100D
1064
1081
1064
103E
0FF8
0F6D
0EB2
0DFA
0D83
0D52
0D09
0C63
0BBF
0B71
0B15
0A4A
096E
08EE
0897
07FB
070A
063C
062F
06B8
06F8
069D
05FF
0550
048C
038B
022A
0112
00F5
011C
00D8
00CB
00EF
006F
FFBB
FF5A
FEA5
FDE1
FDF2
FE0E
FD79
FD0A
FCEB
FC84
FC16
FBAF
FB07
FACD
FB0C
FAA7
F9DC
F990
F93E
F8B9
F8C6
F8FF
F897
F7DB
F716
F66B
F666
F6CE
F6EF
F709
F75A
F7B5
F891
FA03
FB1A
FBE3
FD1F
FE6A
FF61
0095
01F7
0301
040A
0552
0659
0727
083F
0966
0A16
0A61
0A96
0AB5
0ABC
0ADB
0B1D
0B5C
0B83
0B7F
0B2E
0ACF
0AF7
0BC1
0C9C
0CE7
0CA3
0C91
0D30
0DF6
0E4D
0E6D
0E99
0EC8
0EE7
0EB9
0E4F
0E32
0E39
0DAC
0CDF
0C66
0BD4
0AE7
09FD
0914
0814
0712
05D7
04B2
0446
03E4
02C6
01C2
0169
013F
0190
02A6
0387
03B6
03A8
0379
0363
03C3
0413
0416
0495
0561
057A
0511
04D3
0488
03EC
0336
0290
0203
016D
0098
FFB5
FF02
FE4F
FD7D
FCBD
FC35
FBDE
FB76
FAD1
FA64
FA85
FACD
FB00
FB3D
FB4D
FB2D
FB34
FB16
FAA6
FAA2
FAF5
FAAA
FA2C
FA6A
FABB
FA8B
FAB5
FB5A
FB7B
FB39
FB92
FC67
FD26
FE0D
FF51
0070
014A
0286
0465
0651
07D9
090C
09E1
0A68
0B29
0C55
0D4C
0DC7
0E48
0EFA
0F79
0FC1
0FF2
0FE7
0FE2
104C
10B0
1090
107A
10DE
114D
117E
118C
1172
117F
121F
12F3
135A
136D
1394
13FC
1484
14BA
1482
145F
1468
1421
1378
12A3
11BB
10FA
1050
0F3A
0DD7
0C97
0B41
0A05
09D9
0A66
0A3D
094E
0871
07A2
06AF
05F6
05A2
05A3
05FE
0655
0648
062A
0620
059D
04AC
040E
03D9
037B
02C7
01CA
0090
FF65
FE4D
FCD9
FB30
F9ED
F8E6
F797
F63C
F543
F49E
F40C
F385
F370
F3EF
F40F
F343
F2B6
F31C
F381
F38F
F3EF
F475
F4DA
F578
F61B
F684
F741
F834
F8A8
F8FD
F9C4
FAAE
FBAC
FCB1
FD32
FDAC
FF13
00BB
01BD
0298
03A4
046A
04F4
05A1
066E
0735
07E0
08AE
0A08
0B8D
0C81
0D15
0DCC
0E9A
0F6E
1025
1048
0FF1
0FB6
0FA6
0F81
0F28
0EA5
0E61
0E84
0E4C
0D6C
0CA9
0C4B
0BF2
0BB2
0B98
0B46
0AC1
0A4E
09F2
09AB
094C
089F
0807
07DE
0794
06AF
05B1
053C
0540
0554
0560
059A
05CB
056C
04A0
03E1
0325
0290
029E
02E8
02C6
02A9
02EF
02FD
02C8
0309
0394
039A
0339
031C
0340
0342
0316
02BD
0227
019E
0158
00DA
FFD4
FED4
FE2F
FD8E
FCCA
FC1D
FBAD
FB78
FB25
FA5C
F985
F90F
F898
F811
F7E2
F7BA
F74A
F726
F787
F807
F8B3
F962
F988
F985
F9FC
FA7C
FAB0
FB09
FBA1
FC2F
FC9D
FCE3
FD27
FD9E
FDE2
FD99
FD30
FCDA
FC66
FC3F
FCCB
FDA1
FE6A
FF40
0025
012C
0261
0381
048B
05C4
06D2
075E
07F0
08F1
09F2
0A9E
0B18
0B7F
0BC8
0BD2
0B87
0B14
0AAC
0A47
0A01
09CC
092B
081A
074D
06E3
0649
058C
050F
049D
03FE
0376
030F
02A4
0281
0304
0401
0505
05B5
05F2
05CC
054A
047B
03D7
03B1
038F
02F8
0249
01F7
01C1
012B
002D
FF09
FDE3
FCC1
FBCC
FB1D
FA77
F9C4
F959
F936
F8F4
F88D
F826
F79E
F719
F706
F73D
F757
F77F
F7EA
F85B
F89B
F89B
F86D
F863
F898
F89E
F85E
F864
F8CC
F911
F92D
F9A6
FA82
FB51
FC06
FCD8
FDBB
FEAE
FFF4
018E
0337
04CE
063F
0792
091C
0AC6
0BE6
0C6F
0D06
0DB2
0DFC
0DEC
0DDB
0DE6
0E06
0E2A
0E3A
0E31
0E20
0E1B
0E24
0E2B
0E45
0E61
0DFE
0D3E
0D3C
0E0F
0E76
0E53
0E9F
0F1B
0EE8
0E4F
0DEF
0DB0
0D6C
0D24
0C9B
0B9D
0A4E
08F8
07D7
06E6
05DF
0473
02A7
0100
FFEB
FEF5
FD9C
FC74
FC43
FCE5
FDD3
FEA0
FEED
FEBE
FE68
FE41
FE9F
FF69
0007
008E
0189
02AC
035F
03BB
03D4
0394
033D
02C3
01F0
013D
00D4
001A
FF25
FE6D
FD87
FC3A
FB1A
FA35
F94E
F8A2
F81D
F77E
F725
F747
F770
F77B
F784
F762
F729
F719
F716
F700
F6F1
F6E3
F6D3
F6D6
F6D7
F6CD
F6E0
F6FF
F6EF
F6A9
F67F
F6CC
F774
F7E6
F7FE
F856
F93D
FA4A
FB27
FBF1
FCC3
FD74
FDF9
FE99
FF6E
002E
00E3
01D9
02E6
03EF
052A
0635
069E
0707
07D4
0842
0818
0801
0821
085B
08E3
0974
09A2
09B0
09DB
09EE
09E4
09E6
0A0A
0A81
0B35
0BA9
0BA8
0B63
0B0D
0AE2
0AD6
0A6F
09AE
0905
0855
0747
061A
0510
0412
0351
0322
035D
037B
0325
0244
00EE
FF66
FE0B
FD17
FC8B
FC64
FC84
FC90
FC55
FC05
FBAF
FB23
FA77
F9DE
F951
F8D1
F866
F7D5
F701
F631
F56E
F462
F307
F1B8
F08F
EF5B
EE31
ED4D
EC90
EBDA
EB7F
EBA6
EBB6
EB54
EAF9
EAF2
EAF5
EB0A
EB81
EC41
ED02
EDAF
EE34
EE9D
EF4D
F062
F15D
F1F5
F292
F397
F4BE
F585
F5E4
F649
F6F7
F7AB
F81C
F86F
F8D3
F920
F940
F96B
F9A5
F9C1
F9F1
FA9E
FBB9
FCD7
FDCC
FEB8
FFA4
006F
010B
0171
0186
0168
0189
0205
027F
02B0
0291
0244
021B
0214
01AB
00D2
002C
0001
FFF5
FF95
FEA9
FDA8
FD70
FDC5
FD91
FCDD
FC92
FCAF
FC95
FC39
FBD7
FB90
FB9D
FC30
FD3F
FE88
FF96
0004
FFCF
FF28
FE4E
FDB5
FD99
FDC1
FDE3
FDF2
FE04
FE2E
FE55
FE42
FDEC
FD6A
FCEC
FCBF
FCCF
FCA3
FC49
FC35
FC51
FC47
FC4B
FC7F
FC65
FBA6
FAC1
FA33
F99F
F88F
F782
F70E
F6BE
F605
F50A
F3EF
F2C0
F1EA
F173
F0DE
F03F
EFEA
EFA3
EF67
EF91
EFF3
F03A
F08F
F107
F18B
F24B
F34B
F42C
F4D9
F57D
F61A
F6BE
F76B
F7FA
F868
F8BA
F8B7
F84A
F7D3
F796
F77C
F76B
F793
F836
F932
FA06
FA82
FB09
FBF9
FD06
FD8D
FD9C
FE10
FF50
00AF
01A5
027E
037E
0466
04E6
04F6
04F6
054B
05B8
05D6
05B0
055C
04DB
0476
042C
037F
0280
01B1
0111
0082
001E
FFAD
FF07
FEA5
FEF7
FFF6
0154
026E
02D9
02E7
02D3
0282
0259
02A1
02DB
02C1
028E
0218
0143
007A
FFBE
FEB6
FD9E
FCC6
FBE2
FAD0
F9E0
F922
F856
F764
F66F
F5A6
F500
F451
F3B9
F37F
F376
F334
F2E6
F32E
F420
F4EB
F4ED
F490
F499
F505
F542
F52C
F51E
F554
F59E
F5AB
F580
F57B
F5EB
F6A5
F742
F7AD
F852
F995
FB36
FCA9
FDCF
FEFF
0061
01C9
032C
04B4
0638
073A
07A4
07EE
085F
08DF
0971
0A37
0B1F
0BF6
0C9D
0D08
0D2A
0D06
0CB4
0C56
0BE1
0B39
0A93
0A5B
0A93
0AD8
0AE4
0AB2
0A78
0A74
0A8D
0A4B
0991
08E2
08AB
08A3
0836
0752
0674
05FA
059F
04D5
036C
01D2
00A2
FFF2
FF32
FE0E
FD11
FD03
FDE0
FEE7
FF87
FFB8
FFAC
FF8A
FF88
FFE8
00BA
01AE
0260
02D8
0374
0442
04E1
050B
04DA
048C
0450
0424
03E0
0375
02E5
0233
0189
010E
0063
FF28
FDC1
FCC7
FC13
FB30
FA36
F997
F984
F9CE
FA0C
F9EB
F98C
F962
F992
F9CB
F9E1
F9F7
FA10
F9F7
F9AB
F96F
F96C
F998
F9C7
F9C8
F9AB
F9AC
F9E1
FA34
FA85
FAA6
FA9D
FAD0
FB73
FC36
FCCF
FD47
FDB0
FE10
FE6E
FECF
FF5D
0051
019C
0300
0470
05FE
0796
08F0
09DC
0AA2
0B89
0C2D
0C22
0BFE
0C8B
0D7A
0E1B
0E7C
0EF9
0F8D
1008
1051
106A
106F
1089
10C2
10FD
1108
10E1
10D4
110D
1135
10EF
1064
0FDF
0F6E
0F07
0E95
0DEE
0D2F
0CE0
0D44
0DED
0E38
0DDB
0CE8
0BAD
0A90
09C4
092A
0880
07B2
06F1
066F
0613
05A4
0518
0473
03C0
0327
02B7
022C
015B
0075
FFA2
FECE
FDE9
FCF8
FBFA
FAE4
F9B2
F878
F75B
F65A
F563
F4AA
F47E
F49D
F460
F3A0
F304
F311
F368
F36A
F339
F372
F439
F53A
F643
F766
F8A7
F9F5
FB2A
FC29
FD1E
FE74
0047
0214
0351
041F
0504
0614
0705
07C3
0846
084B
07EA
07C0
080A
0850
085E
08A9
098A
0AB9
0BB4
0C52
0CC3
0D2E
0D8A
0DBC
0DB5
0D9A
0DC0
0E44
0EDB
0F48
0F92
0FA0
0F55
0EED
0E99
0E16
0D33
0C56
0BE1
0B92
0AE6
09D6
08E1
0854
07E2
073D
0688
05F3
057C
0532
0505
04BB
0483
0508
0665
07ED
0902
0983
0986
0940
08F4
08CB
08D4
08FA
0903
08E5
08BE
0876
07F0
0769
0714
06C6
065D
05F6
05AF
0595
0592
0558
04CD
0434
03B2
0321
027C
01D8
0124
0050
FF73
FEBD
FE64
FE5F
FE46
FDC9
FD0F
FC44
FB5E
FA63
F96C
F884
F7BA
F714
F683
F609
F5BF
F5B4
F5F3
F652
F67E
F6A4
F769
F8D2
FA16
FACE
FB5E
FC2E
FD34
FE2C
FEDC
FF39
FF43
FEF8
FE8F
FE5F
FE7C
FEE2
FFAA
00B2
0197
0236
02A8
02E2
02F8
032B
0362
0343
02F7
032E
0429
0562
0650
070A
07E8
08E8
09C2
0A42
0A60
0A4D
0A56
0A97
0AD4
0AB6
0A29
098C
093F
08FB
0836
06FC
05CF
04F5
0462
03D5
0322
029F
02C7
0363
03EE
0458
0492
043A
035A
028D
0226
01FF
01E5
01C9
01C0
01CA
01AB
0146
00BC
0003
FF02
FE0D
FD6F
FCDF
FC11
FB24
FA44
F98F
F912
F88A
F7A2
F694
F5CA
F53D
F49A
F3C7
F314
F308
F3B9
F49F
F53F
F598
F5D2
F607
F62B
F600
F59C
F58E
F5FB
F666
F6A1
F709
F7C3
F8AA
F99C
FA72
FB21
FBD9
FCC4
FDE2
FF15
0017
00D5
01AF
02E1
041A
0514
05C9
0627
064E
069D
072E
07DD
08B3
09A5
0A75
0B0B
0B6C
0B6D
0B10
0AAB
0A5A
09DC
0926
0892
084E
082A
07EC
0783
0706
06B1
06AC
06A7
063D
05A1
0550
0552
0548
04ED
044F
03B8
035A
0306
0289
01F4
0143
0089
0029
0018
FFA8
FED8
FE82
FEE7
FF75
FFC8
FFD9
FFB0
FF63
FEEE
FE4E
FDEF
FE38
FEC7
FEFE
FEF2
FF16
FF8E
0008
002C
001E
0060
00F3
0158
0166
0149
0109
00C4
009E
003F
FF4A
FE0D
FCF6
FBFD
FAFC
F9FF
F925
F89A
F869
F86B
F874
F848
F7C2
F734
F6EF
F6AA
F62F
F5E0
F5EF
F61F
F65F
F6B0
F6E4
F724
F7AD
F834
F87E
F8DF
F980
FA2A
FABE
FB1F
FB26
FB0F
FB1A
FB26
FB1F
FB15
FAE0
FA81
FA75
FAF9
FBC4
FCB7
FDEF
FF4E
0086
017B
0230
02BB
0343
03D8
0467
04E0
055A
05EC
068C
0724
0799
07D5
07F2
0825
0857
084C
0812
07D1
0792
077C
0784
072F
0684
064A
069B
06AA
0626
0592
0551
0566
058F
058B
0591
0611
06F3
07E6
08C5
0925
089E
0784
064A
050B
0415
0397
0309
0213
0121
0070
FFBC
FEE4
FDE2
FCB1
FB91
FAC8
FA4B
F9EA
F970
F8C9
F844
F805
F7A3
F6E3
F5FB
F4F2
F3DC
F31B
F2A1
F1FC
F153
F11E
F14A
F168
F129
F09E
F03A
F023
EFD7
EF44
EF03
EF30
EF6C
EFDA
F0B4
F1CC
F328
F4E1
F683
F7BD
F8F8
FA94
FC5E
FDF5
FF1C
FFF2
00DA
01D5
027C
02CF
030A
0305
02AD
027F
02BB
0307
0348
03D9
04AD
0540
056E
0577
055E
0525
052B
0598
05F1
05F0
05FD
0675
0721
078B
078B
0782
07BB
07D3
0767
06CB
063A
0578
048C
0394
024F
00F1
0034
FFE5
FF25
FE03
FD1B
FC99
FC81
FCC7
FD0D
FD45
FDE6
FF08
005F
01B6
02CC
037A
03F9
045A
046F
0480
04F0
0579
05BF
05CA
05AE
0578
054A
050E
04A0
041A
037F
02C1
0217
01A1
0146
011B
011D
00D7
0015
FF28
FE4E
FDB0
FD5F
FD03
FC69
FC15
FC51
FCB9
FCEB
FC97
FB90
FA65
F9B3
F90E
F80C
F71E
F67A
F5C7
F520
F4D7
F4D0
F4ED
F522
F525
F505
F54C
F625
F734
F82F
F8F2
F983
FA16
FAAA
FAF9
FB0E
FB24
FB31
FB35
FB7B
FC00
FC5A
FC8B
FD1E
FE1D
FEE7
FF21
FEFA
FE9F
FE50
FE7D
FEFD
FF27
FF2A
FFD0
0117
025E
035E
041F
04CB
05B6
06DA
07CF
0882
0915
098B
0A10
0A92
0A81
09F9
09C6
09C8
0937
0839
0758
0698
0603
05B4
0557
04C2
0461
047D
0516
05F9
068E
0669
05DB
053A
0496
043D
046A
04BF
04DF
04C2
047B
043B
0420
03E4
0350
0274
0169
007E
0006
FF96
FEAA
FDAB
FCF1
FBF3
FA7A
F8FB
F7AE
F697
F5DC
F560
F508
F51D
F5AC
F656
F6D2
F6DB
F67A
F66A
F6FB
F764
F74D
F762
F7D2
F841
F8D8
F9B7
FA78
FB22
FC16
FD11
FDA0
FE10
FEE1
FFF8
00F8
01CC
0292
033B
0398
03C6
0411
047D
04C4
04E6
0537
05DA
069B
0762
084B
092D
09A8
09CB
09D1
098C
08FD
08A9
0883
07EF
0726
06D4
06D5
06C5
06BC
06A6
0656
0605
05B8
051D
0466
03F2
039B
0357
0347
0322
02CC
02AF
02CC
02B6
025D
01E4
016E
0160
01C2
01FF
01FB
0229
02A7
035A
0438
04D2
04B9
0427
0379
02E7
02C7
0328
0391
03A5
036E
0332
0354
03C5
03FC
03E1
03D9
03F4
0435
04BB
050C
04AF
042F
040E
03D9
033A
025D
0143
0013
FF2A
FE5E
FD60
FC7F
FBFC
FBA6
FB4F
FAC1
F9D9
F90E
F8BA
F85F
F7B5
F734
F6F6
F6B9
F6B8
F734
F7E2
F88D
F949
F9F6
FA74
FAF8
FBAB
FC5B
FCE0
FD41
FD7A
FD87
FD81
FD79
FD57
FD22
FD01
FCF8
FD07
FD61
FDFF
FE97
FF45
004D
015D
021A
02BA
036E
0428
04FF
05C7
0614
0629
069B
0761
083C
0911
098D
09A3
09D1
0A11
09DF
096F
092B
08DD
0872
0820
07BB
0735
06FD
0705
06C6
064D
0609
0625
0685
06D7
06D8
06CC
0717
07AE
087D
094F
098E
0901
081D
071E
0608
0532
04B9
0424
0327
01E2
0094
FF7C
FE81
FD4F
FC15
FB3E
FAAE
FA4A
FA41
FA3E
F9CD
F93E
F8CF
F81A
F717
F636
F583
F4F1
F492
F42A
F39D
F359
F385
F3B4
F394
F2F7
F1D0
F0B1
F02F
EFF8
EF8E
EF29
EF0E
EF1E
EF5A
EFEC
F0C9
F1D2
F2FB
F435
F57D
F6FE
F8BD
FA6E
FBD3
FD07
FE30
FF2E
FFE3
0060
00A5
00AF
009F
008A
007F
00AC
0107
0146
017D
01DC
0212
01DE
017F
0110
009E
008D
00C9
00B1
006E
00C2
0197
024F
02C1
02E7
02CA
02BF
02E5
02DC
0263
0191
00AA
0007
FF88
FE9F
FD61
FC6D
FBC2
FAFA
FA28
F96B
F8B4
F840
F838
F83D
F825
F86A
F96D
FAEB
FC39
FCF1
FD54
FDA8
FDBE
FDAA
FDE2
FE57
FEAD
FEFE
FF4B
FF25
FE9A
FE1B
FD9F
FCE9
FC21
FB88
FB53
FB81
FB9B
FB49
FAD7
FA72
F9DC
F91F
F862
F781
F6AB
F650
F631
F5E0
F5BA
F62D
F6D7
F714
F6AB
F5E7
F545
F4D5
F426
F316
F208
F123
F03D
EF73
EF0A
EEEB
EEE3
EEFD
EF3F
EF7B
EFB4
F02C
F0D4
F156
F1B2
F237
F2E1
F378
F3FE
F47E
F4D6
F509
F54E
F5D0
F692
F75D
F812
F8F1
FA01
FAB1
FAC9
FAD2
FB14
FB61
FBC5
FC35
FC51
FC43
FCAA
FD90
FE8B
FF68
0019
00A4
014E
022B
02F0
036C
03B0
03F0
046B
04F9
0521
04EB
04CF
04D9
04C7
048F
0437
03D3
03A5
03AB
0383
0315
02B3
0299
02CB
0318
033A
0318
02AF
01EB
011B
00BB
00B3
00A0
0086
0067
0010
FF98
FF2D
FEA2
FDE4
FD3C
FCC0
FC4B
FBDD
FB61
FAB1
F9D8
F8D2
F77D
F601
F4A6
F37A
F28E
F1FD
F18F
F11A
F100
F193
F27D
F335
F389
F396
F395
F3BC
F414
F485
F4FE
F578
F5F7
F69A
F777
F877
F980
FA90
FB94
FC64
FD1A
FDFC
FEEB
FF88
FFDE
003D
00A3
00FA
016A
01EE
0240
025B
027D
02D1
0357
0401
04BE
0584
0633
069B
06C9
06DE
06A7
0620
05C2
05A4
053A
0469
03C4
038B
0362
02FF
026D
01DE
017D
013B
00D6
0026
FF50
FEBB
FEA6
FEB8
FE69
FDD9
FD88
FD81
FD73
FD4C
FD27
FD16
FD39
FD99
FE06
FE5A
FEA3
FF11
FFB2
0055
00C1
00F5
00F0
0089
FFDC
FF65
FF61
FFAF
002E
00BB
011C
0156
019C
01E9
0218
0237
027C
030C
03D4
0483
04CE
04B4
0462
03EC
0348
025C
012E
0013
FF5C
FEDD
FE3E
FD97
FD38
FD1B
FCDA
FC38
FB52
FA6C
F9A3
F8E4
F822
F775
F70F
F70A
F751
F7CA
F87D
F96A
FA6C
FB53
FC14
FCD2
FDA5
FE68
FEDA
FF03
FF1B
FF35
FF40
FF4A
FF66
FF80
FF7A
FF66
FF7D
FFDF
006B
00F5
0191
026C
0363
0426
0494
04D7
0542
0617
072D
0808
0882
08FF
09D5
0ACD
0B74
0BBC
0BF5
0C50
0CAF
0CE7
0CE2
0C9D
0C4A
0C33
0C41
0BFC
0B4D
0AC4
0ACE
0B26
0B3F
0B02
0AD6
0B09
0B82
0BEB
0C11
0C17
0C4E
0CDA
0D7E
0DEB
0E11
0DEA
0D43
0C1A
0AD8
09EE
0963
08EE
085C
07A9
06E3
060B
051F
0431
0365
02E1
02A9
0292
0264
01FE
016F
00E2
0074
FFF5
FF21
FE25
FD91
FD9C
FDE0
FDF7
FDF1
FE08
FE3F
FE70
FE84
FE6F
FE2E
FDDE
FD8D
FD27
FCB0
FC6E
FC96
FCFF
FD7F
FE46
FF84
0100
0260
0393
04B4
05C9
06DD
0808
0937
0A2B
0ADB
0B78
0C13
0C8D
0CDD
0D1F
0D68
0DAC
0DE0
0E0B
0E38
0E6B
0E9B
0EB3
0EA0
0E56
0DE9
0D89
0D5E
0D5B
0D51
0D2E
0D1E
0D44
0D80
0D93
0D76
0D57
0D5A
0D8B
0DBF
0DA0
0D13
0C89
0C6D
0C71
0BF7
0B07
0A36
09C8
0974
090C
08C3
08C5
0900
0946
096D
0961
0961
09DA
0ADC
0BFE
0CED
0D9F
0E08
0E0F
0DED
0E0F
0E87
0EF6
0F23
0F37
0F49
0F36
0EF0
0E9C
0E48
0DE7
0D96
0D81
0D8D
0D5F
0CC0
0BD2
0ADD
09F8
08FB
07D0
06A7
05CE
055C
0522
04E5
04A1
0481
0494
04A3
0460
03BD
02F0
0225
014F
005D
FF6E
FEB0
FE17
FD81
FD01
FCD1
FD00
FD61
FDB2
FDCB
FDC4
FDE8
FE58
FED2
FF02
FF01
FF2E
FFA1
001F
0084
00ED
0176
0219
02CD
038E
0444
04E1
0581
064B
0728
07C9
07F8
07CB
0798
07AA
07F0
080F
07DD
07A8
07D4
0854
08CB
0909
092C
0955
0989
09C3
09FF
0A41
0A9A
0B0A
0B66
0B7B
0B57
0B43
0B66
0B9C
0BA6
0B76
0B3F
0B39
0B65
0B77
0B1C
0A5F
09C0
09AC
0A09
0A6C
0A7D
0A06
08FB
07B0
06B4
0655
0666
068B
0684
063E
05CA
054F
04E7
048A
0428
03D2
0397
034D
02B7
01DA
00E4
FFD2
FE77
FCDA
FB38
F9CA
F8AB
F7E4
F755
F6C7
F63E
F60A
F652
F6C9
F702
F6ED
F6C4
F6B6
F6C6
F6E7
F715
F76A
F804
F8E0
F9C7
FA92
FB59
FC3C
FD18
FDB1
FE26
FEC4
FF81
0006
0038
0050
007B
00B1
00E6
011C
014D
0174
01AA
021B
02CC
0391
0440
04DC
057C
0620
069D
06B3
065C
05FD
05FE
0634
0613
0578
04D7
0494
047D
0426
036B
027C
0191
00CF
0031
FF85
FEB1
FE01
FDCE
FDDF
FDA3
FD17
FCD0
FD1B
FD8D
FDA6
FD7D
FD87
FDFF
FEB0
FF2C
FF34
FF0B
FF47
0019
010C
01A8
01F9
021F
01D7
0106
002E
FFE2
0011
004C
0078
00AD
00DF
00FC
011E
014C
015F
0164
01A5
021E
0260
022F
01BC
0132
0079
FF87
FE7C
FD75
FC85
FBBF
FB0A
FA20
F90F
F857
F836
F81E
F768
F624
F4E7
F403
F355
F2B2
F21F
F1C9
F1D5
F230
F28E
F2CC
F323
F3C7
F487
F50C
F563
F5DE
F68E
F724
F759
F732
F6E9
F6B5
F6AA
F6B9
F6C5
F6C5
F6CB
F6F6
F75E
F7FE
F8BF
F98C
FA5A
FB1B
FBC2
FC4B
FCBD
FD38
FDE2
FEC1
FF95
0022
0090
0144
0241
0303
0328
02EC
02CD
02F7
0336
033D
02F0
0282
024F
025B
0238
01AA
0114
00E6
0108
0123
012D
014E
018B
01CB
01F4
01DC
0175
0111
0123
01A4
0217
0218
0199
00A9
FF6D
FE32
FD2B
FC4A
FB78
FAC5
FA38
F9BA
F944
F8DD
F85A
F793
F6C9
F667
F669
F65D
F5FE
F568
F4C7
F433
F3B2
F32B
F282
F1DA
F16F
F139
F0FE
F0C2
F0CD
F139
F1BD
F1F3
F1B6
F12F
F0AA
F05C
F03E
F02C
F038
F0A7
F185
F286
F36D
F463
F5A2
F715
F869
F97E
FA8C
FBD0
FD24
FE1E
FEA0
FEFD
FF8B
003C
00D1
012B
015D
0181
01A8
01D9
020B
0233
0255
0271
0280
0280
0268
021F
01B3
017A
01A8
01F2
01E5
0191
0172
01B7
020F
0227
0205
01DE
01CF
01CA
01A3
0147
00E8
00C3
00B8
0068
FFC5
FF30
FEF3
FEF3
FEE8
FEB1
FE6C
FE64
FEBF
FF33
FF38
FEC7
FE85
FF09
0025
012C
01B4
01CC
01A4
015B
011B
0106
011A
0148
0199
020F
027C
02A1
0272
0212
01AA
0159
0136
0136
0126
00DB
005C
FFB2
FED1
FDC9
FCCB
FBE4
FAF2
FA04
F95E
F909
F8B8
F851
F81C
F820
F7E8
F71F
F607
F50D
F441
F37F
F2C4
F226
F1C0
F1AD
F1E6
F228
F23E
F246
F26B
F296
F2B1
F2EC
F370
F404
F44F
F454
F468
F4BE
F54C
F5F2
F696
F723
F79E
F824
F8C7
F981
FA42
FB11
FC01
FD0A
FDFA
FE98
FEE0
FF0B
FF65
0009
00B7
0114
011A
0136
01C0
0278
02DA
02C6
029A
029C
02BC
02D0
02C3
029C
0281
029A
02C3
02A9
025B
024B
0293
02C7
02A2
0264
024B
023C
020C
01B1
0125
0082
0030
006C
00D8
00E6
0077
FFA0
FE5E
FCEE
FBEA
FB8E
FB68
FB17
FABF
FA90
FA5B
F9FA
F990
F92D
F8B8
F844
F80E
F808
F7E1
F778
F6E3
F629
F53B
F42D
F325
F23F
F194
F136
F10B
F0F2
F108
F180
F22D
F284
F236
F18B
F110
F105
F130
F14C
F16E
F1E8
F2CB
F3D1
F4C5
F5B5
F6B2
F7A2
F867
F8FF
F97F
FA0B
FAB4
FB4D
FB9B
FBB5
FBEF
FC62
FCD1
FD20
FD6A
FDB6
FDF0
FE2B
FE95
FF1C
FF92
FFF9
0069
00C6
00F3
00FD
00F5
00D7
00AF
008A
0043
FFC5
FF65
FF78
FFB6
FF8D
FEEF
FE50
FDEF
FD99
FD11
FC54
FB91
FB13
FB06
FB28
FB10
FACE
FAD8
FB57
FBEB
FC4E
FCAE
FD45
FDEF
FE5A
FE68
FE52
FE82
FF3A
004E
0140
01B2
019F
012D
0086
FFE9
FF9E
FFB5
FFF5
002C
0063
00BB
011B
013D
00FE
0099
0071
00B1
0123
016A
014E
00D7
0040
FFC1
FF54
FEB5
FDBC
FC98
FBA4
FAFF
FA79
F9E5
F95F
F921
F920
F8F6
F84E
F74F
F664
F5B8
F526
F4A1
F463
F490
F50A
F59C
F635
F6E0
F7A0
F862
F8F5
F93D
F967
F9B9
FA33
FA8E
FAB1
FAD6
FB2C
FBA4
FC1A
FC7C
FCB8
FCD4
FD0B
FD8C
FE32
FEBF
FF42
FFF8
00F3
01FD
02DD
0379
03DD
044B
0502
05E5
068C
06D0
0707
078D
0845
08C6
08E3
08C8
08AD
0893
085D
07FA
078D
074B
0742
0740
071F
06FA
0705
072E
072C
06ED
06B5
06B8
06D1
06BD
066F
0616
05F4
0630
06B5
0726
0715
0664
0546
0403
02E4
0229
01D0
018D
011D
0099
002B
FFBC
FF29
FE7F
FDE6
FD6A
FD16
FCFE
FD01
FCC6
FC2E
FB7E
FAF0
FA66
F9AD
F8D9
F822
F7AE
F77C
F767
F74F
F750
F7B9
F88A
F937
F945
F8E2
F896
F88B
F896
F8BB
F936
FA0C
FAFF
FBEB
FCED
FE18
FF4D
005E
013A
01EB
028A
0332
03DD
0462
04AA
04DE
0534
05AF
0626
0675
0699
06A6
06C2
070A
076F
07C1
07FF
085D
08EE
0974
09A7
098C
095C
0944
0951
0979
0994
097A
0942
092C
0946
0948
08F3
085E
07CC
074E
06BE
0603
0549
04DC
04CC
04C8
0472
03E2
0393
03CF
0450
04A4
04B8
04D3
0527
0598
05F0
0627
0673
070F
07F2
08C1
0914
08D6
0850
07DF
07AC
07B7
07F6
0850
0892
088E
0846
07F0
07B9
07A9
07AF
07C4
07F5
0845
0889
0877
07F1
072E
067B
05D1
04E5
03AB
0286
01CD
0164
00E9
0045
FFB5
FF5C
FEFF
FE3D
FD05
FBA9
FA8D
F9C7
F924
F888
F81B
F80C
F843
F875
F881
F88C
F8C1
F916
F96E
F9C2
FA1E
FA7B
FAC5
FB06
FB51
FBA1
FBE2
FC20
FC70
FCC7
FD04
FD2B
FD6D
FDF3
FEBE
FFB4
00C0
01CC
02C9
03AA
045A
04D0
0531
05C3
0691
075B
07F2
0873
0917
09E4
0AB7
0B6A
0BE3
0C24
0C47
0C5A
0C40
0BE6
0B84
0B67
0B8A
0BA2
0B8E
0B7D
0B98
0BB6
0B91
0B25
0AC2
0AAD
0ACB
0AB4
0A39
09AF
099A
0A09
0A85
0A98
0A2C
0959
082A
06C7
0596
04F9
04EB
050D
0508
04BA
042D
037F
02D9
0252
01E1
017E
013A
0120
010F
00D5
005F
FFBF
FF11
FE5E
FD8E
FC8E
FB80
FABF
FA71
FA4E
FA05
F9BC
F9C5
FA08
FA0D
F9A5
F915
F8A5
F856
F826
F840
F8C5
F995
FA66
FB04
FB78
FBFD
FCC1
FDAD
FE83
FF32
FFE1
009E
0143
01B9
0220
0298
0311
0371
03B6
03E3
03ED
03DB
03D3
03EC
0413
043A
0479
04E1
054A
057A
0557
04F9
048F
044B
0439
0429
03E2
0371
031D
0303
02F6
02C6
0277
0223
01C3
0148
00A8
FFEF
FF48
FEEA
FED3
FEBE
FE8A
FE6B
FE8E
FEC2
FEC0
FE98
FE92
FEBE
FEF5
FF20
FF47
FF80
FFF5
00CC
01E2
02D0
0348
0345
02DE
023C
01AD
0185
01CA
0237
029A
02E7
030F
030B
02F6
02E8
02CF
0295
0258
023C
0224
01CC
0121
0051
FF7F
FEA6
FDB3
FCA5
FB99
FAC4
FA3F
F9DA
F957
F8CB
F882
F875
F834
F76F
F667
F589
F4F4
F483
F42D
F413
F43B
F47F
F4B2
F4CF
F4F7
F54D
F5CB
F640
F68D
F6D0
F72F
F797
F7DF
F817
F86C
F8E0
F95D
F9ED
FA98
FB36
FBAA
FC28
FCF7
FE12
FF3B
005B
017D
0295
0378
040D
0461
04A1
0502
0597
0635
06AE
0716
07A5
0856
08E9
0938
0955
0956
0940
091A
08E7
08A5
0868
0863
0899
08C8
08BC
089E
08A7
08B9
088D
081E
07B3
0783
077C
075F
0707
0689
062C
061A
062C
0610
059F
04DA
03BE
024F
00D8
FFCD
FF59
FF39
FF10
FEB2
FE27
FD8F
FD10
FCAA
FC2D
FB86
FAEC
FA98
FA5E
F9F4
F95E
F8D6
F860
F7C3
F6E7
F5F7
F53A
F4D6
F4B1
F482
F431
F405
F453
F4F0
F54E
F534
F4F7
F4F6
F535
F596
F616
F6B3
F76A
F843
F93B
FA2C
FB03
FBE6
FCF1
FDF9
FEBF
FF4E
FFDD
007E
011E
01AC
021B
0263
029B
02EF
034D
0377
036D
0383
03F1
0490
0528
05BD
066C
0727
07C0
080E
0800
07BE
07A7
07F5
0866
0899
0892
08AA
08FF
0954
096C
093F
08DE
085B
07DD
077A
0719
06AF
066D
0666
0655
0600
05A6
05A2
05DD
05F8
05D5
05B5
05DB
064D
06D3
0718
06FE
06DC
0728
07D3
0859
0869
0829
07C1
072F
0699
065A
0682
06AF
0699
0662
0638
0622
062D
065B
0672
0637
05D3
05A3
05A7
0584
0505
0444
0366
0281
01AD
00F0
0037
FF84
FEF1
FE6B
FDB8
FCF2
FC76
FC3F
FBBF
FAAB
F976
F8AF
F847
F7DB
F760
F717
F713
F740
F794
F7F5
F83B
F872
F8C4
F923
F95E
F983
F9D2
FA48
FAAD
FAF6
FB44
FB9A
FBED
FC58
FCE0
FD3A
FD3A
FD3D
FDB7
FE90
FF68
003E
0151
0289
038A
0433
04A1
04F5
0564
0631
074F
085F
093B
0A26
0B44
0C49
0CE9
0D35
0D50
0D33
0CE4
0C92
0C53
0C22
0C21
0C64
0C94
0C58
0BE5
0BB7
0BC4
0B9A
0B16
0A90
0A4B
0A2D
0A0A
09CA
0961
08ED
08C3
0901
094B
0941
08DC
0832
073B
0615
051D
0485
0412
0382
02E9
026D
01F0
014D
00A0
0000
FF58
FEB0
FE36
FDDD
FD55
FC91
FBD0
FB37
FAAD
FA15
F969
F8B0
F817
F7EF
F838
F878
F853
F820
F859
F8CD
F8E3
F884
F828
F819
F836
F857
F88C
F8EF
F991
FA60
FB2E
FBE0
FCA0
FD93
FE84
FF2A
FFA7
0062
0166
024B
02DA
034F
03D9
0460
04DC
0569
05F0
0637
064B
0675
06C5
0707
072A
075B
07AE
07F1
07DC
0756
068D
05E2
05A3
05AD
0593
053D
050D
0539
0574
056D
052A
04C4
043E
03B0
0344
02ED
0274
01E6
018F
0183
016F
0121
00C9
0098
006D
001F
FFC1
FF89
FF97
FFCA
FFCC
FF6D
FF00
FF0F
FFB5
0080
0109
014E
016F
015A
0107
00C4
00E4
0145
0191
01C3
0204
0251
0288
02A1
029E
027F
0256
023C
0220
01D4
014B
009D
FFE7
FF2C
FE5F
FD80
FC99
FBBC
FB10
FA9B
FA29
F9A1
F949
F94C
F949
F8C9
F7EA
F72D
F6CC
F690
F640
F5EE
F5D2
F5FC
F646
F67E
F68B
F694
F6CF
F72A
F768
F78E
F7E7
F887
F925
F987
F9C8
FA2B
FAC0
FB68
FC07
FC83
FCCF
FD13
FD91
FE4C
FF0D
FFC5
0098
0186
0251
02BC
02C6
029F
029B
0305
03D1
048F
04EC
0518
056C
05D4
0600
05EE
05F0
062F
0682
06A8
068A
0648
0624
064E
0692
0688
062B
05EA
0600
0626
0603
059B
0529
04CF
047C
040E
0372
02A9
01E5
0167
011E
00B8
0011
FF43
FE43
FCF5
FB92
FA79
F9B6
F91A
F894
F831
F7E2
F785
F71B
F6B6
F642
F5B3
F536
F4E3
F475
F3B4
F2CE
F20E
F179
F0E8
F03E
EF7B
EEBA
EE2B
EDE9
EDCD
ED9B
ED66
ED79
EDC5
EDDA
EDA7
ED9E
EDF7
EE64
EEA0
EED5
EF59
F045
F16C
F284
F35C
F40B
F4E0
F5F1
F6E2
F76E
F7D6
F87C
F950
F9FF
FA6C
FAB5
FAF7
FB4E
FBC5
FC39
FC76
FC89
FCCC
FD69
FE1B
FE9A
FF00
FF7C
FFF0
0020
FFFE
FFB4
FF83
FFA6
0026
00B5
00EE
00CE
00AD
00A9
007E
000E
FF91
FF33
FEE7
FEA0
FE4F
FDD7
FD51
FD07
FD02
FCED
FCA6
FC7E
FCBA
FD28
FD6B
FD78
FD92
FDE6
FE58
FEA8
FEAB
FE75
FE50
FE8A
FF1D
FFAF
FFEA
FFD1
FF88
FF14
FE82
FE0A
FDBF
FD7E
FD44
FD3A
FD5C
FD79
FD80
FD6E
FD35
FCEB
FCD6
FD05
FD23
FCD3
FC30
FB9E
FB4B
FAF9
FA56
F962
F872
F7D1
F778
F713
F65F
F585
F4E7
F490
F41D
F355
F282
F1FA
F1A9
F144
F0C6
F06C
F066
F0AD
F11B
F189
F1EB
F25F
F2ED
F36B
F3B8
F40A
F4A4
F566
F609
F681
F6F3
F764
F7C2
F809
F84F
F8A6
F90E
F98A
FA25
FACF
FB72
FC13
FCCA
FD93
FE51
FEEB
FF59
FFBC
006F
01A0
02F8
03F9
0496
0526
05E0
06A1
071F
0755
0789
07DD
081F
0821
07F6
07C9
07B1
07AF
0790
072E
06C4
06A8
06C1
06AE
0655
05EC
05A8
0595
058A
054B
04D2
046D
0477
04E7
054E
0544
04BB
03F1
0326
0269
01A8
00EE
005E
0001
FFAA
FF39
FEAC
FE0E
FD6E
FCDA
FC42
FBA2
FB29
FAF3
FAB8
FA23
F950
F89D
F820
F79B
F6F4
F65E
F601
F5D9
F5D1
F5C6
F5A4
F59F
F5DA
F60E
F5EE
F5AC
F59B
F5B9
F5D7
F5E0
F5EE
F63C
F6DD
F791
F83A
F917
FA34
FB49
FC36
FD14
FDEB
FEC6
FFC6
00CD
01A4
0259
0310
03B2
042C
04B1
0555
05D9
0619
064A
069F
06F6
0724
073A
0765
07A2
07AC
0751
06C7
068C
06D4
0758
07A3
0780
073D
0761
07DF
0819
07DD
0797
0788
0781
075B
0711
06B4
0671
0652
0616
0591
04F1
0494
049A
04A8
0449
03A3
0348
0358
036F
0350
030B
02E2
0329
03F0
04D9
0572
058B
054F
04FD
049F
0448
044D
04C6
0543
0594
05F1
062A
05E0
0551
04E7
0485
0413
03C8
0398
033C
029B
01D2
010D
006F
FFCB
FEDE
FDD1
FD08
FC87
FC17
FBA1
FB28
FAD9
FAEC
FB12
FAA5
F9BA
F918
F8EC
F89B
F7F6
F77B
F76C
F78D
F7AD
F7CB
F7F6
F83C
F898
F8F9
F949
F980
F9BC
FA24
FA9D
FAEE
FB3E
FBCB
FC6C
FCF8
FDB0
FE9C
FF45
FF94
0008
00CC
0175
01D3
0234
02CE
0373
03EB
0440
049D
0525
05E0
06A2
071D
073E
0769
0803
08E0
0976
09A7
09E9
0A86
0B2C
0B7F
0B98
0BA0
0B9C
0BC1
0C28
0C55
0BFB
0BB7
0BF6
0C23
0BCE
0B61
0B1D
0ABC
0A3B
09B2
08E1
07C5
06F6
06C7
06E3
06D4
065E
0578
0451
0328
0220
015E
00F7
00AE
0045
FFE4
FFA8
FF46
FEA3
FE04
FD70
FCBA
FC2C
FC0B
FBD2
FB0D
FA33
F9AA
F8FF
F7E9
F6E6
F63B
F594
F4D5
F43C
F3D7
F3A2
F3C4
F42F
F489
F4A6
F49F
F495
F49F
F4C0
F4DF
F520
F5D2
F6E0
F7F9
F90C
FA12
FAF1
FBDC
FCFE
FE02
FEB1
FF75
008C
0190
022F
02A0
0340
0416
04D8
055F
05D6
0647
0686
06A7
06EB
0744
0797
0804
087D
08BE
08D9
0910
0931
0908
0912
09B1
0A38
0A05
09A1
09AE
09E7
09F2
09DF
09A7
0965
096E
097F
090F
085C
07F1
07D5
07DB
07C1
0749
06E8
0730
0793
075E
06FD
06E7
06D5
06AE
0699
0656
05D5
0591
05C5
0627
066E
0679
063E
05B1
04D1
03F7
038C
0361
031E
02F8
031B
032C
030D
02F0
02B2
022B
01B3
01A4
01DD
01F9
01B5
0132
00C5
0073
0007
FF6F
FEA1
FD91
FC96
FBFD
FB74
FAB6
FA1C
F9D5
F978
F8D4
F828
F781
F6C1
F5F5
F53E
F4B6
F479
F477
F496
F4F8
F5AA
F64E
F6C4
F764
F81F
F89E
F920
FA01
FADC
FB6F
FC23
FCF6
FD72
FDDD
FEB0
FF79
FFAE
FFAF
FFF2
0065
00F1
0199
022A
028A
02FE
03B5
0477
0502
057C
0639
0736
0826
08D8
0964
0A0B
0AEC
0BBE
0C27
0C5A
0CCB
0D65
0DC7
0DD7
0DAC
0D79
0D82
0D9D
0D46
0C97
0C2C
0C1A
0C02
0BD3
0BAF
0B87
0B4B
0B07
0AC7
0A6C
09E3
0965
093C
0947
0946
093E
0901
083C
0737
0660
057F
047B
03B7
0322
0260
01AD
0138
009C
FFBA
FEE7
FE38
FDB6
FD8A
FD66
FCD8
FC15
FB83
FB2E
FAFC
FABB
FA22
F965
F8FF
F8E4
F8B9
F881
F866
F85B
F857
F850
F816
F7AA
F75A
F741
F72A
F6FE
F707
F78E
F858
F8E6
F94D
FA1C
FB45
FC38
FCEE
FDC4
FECE
0004
016F
02D6
03E4
0494
0524
05E8
06E2
07A7
0803
0838
084F
0831
0837
087B
086B
07F9
07CF
07FA
07EC
07A0
077E
07A1
07E7
0835
087B
089F
0891
088F
08E0
0920
08E0
0897
08BA
08E2
08BA
087A
083A
0809
081C
0826
07AC
06EB
065E
0606
05C3
0579
0508
04AA
04A5
04B0
0478
042F
03FC
03D1
03ED
0495
0561
05B6
0594
054A
04EA
0486
0468
048B
0491
0462
041D
03C9
0380
035B
0326
02C3
026F
024B
022E
01E9
015E
009C
FFDF
FF29
FE53
FD82
FCE6
FC59
FBCE
FB6E
FB2B
FAE9
FAB8
FA87
FA2B
F9C3
F959
F8AC
F7D1
F740
F6FA
F6B1
F67E
F691
F6C7
F70D
F76E
F7BE
F804
F88C
F925
F97E
F9F6
FADE
FBD8
FCA0
FD4A
FDD5
FE6A
FF28
FFBE
001D
0098
00FA
0101
0139
01DB
024F
0273
02B3
031F
038C
03E8
0420
044E
04B2
0558
0615
0698
06C9
0735
081B
08C8
0908
098D
0A52
0AD3
0B2B
0B64
0B44
0B42
0BAD
0BF5
0BEB
0BD5
0B98
0B54
0B4A
0B01
0A47
09BA
0955
08AB
080E
078A
06AD
05E9
05D9
0602
05EA
059E
04FE
040E
031E
0226
0128
0077
FFF9
FF82
FF46
FF15
FE86
FDD6
FD32
FC55
FB78
FB14
FAD5
FA30
F948
F888
F7F5
F73D
F64A
F582
F4EC
F402
F2F6
F287
F275
F21C
F1D4
F204
F261
F2BC
F310
F305
F2B7
F2C2
F32D
F394
F3FF
F49E
F564
F639
F714
F7F7
F8E8
F9D2
FA96
FB4C
FC25
FD37
FE65
FF4F
FFD6
006F
0143
01EC
0257
02DD
0378
0402
0477
04BD
04E0
0524
056E
05A1
0607
0675
0668
0624
0626
0653
06B2
073D
074C
06D1
06A0
06C8
06C4
06AE
0695
0658
0656
0685
063B
05C1
05B6
05A1
0549
0549
0560
04EF
0483
0498
0498
042B
03B8
0389
0394
039C
0353
02C0
0238
0218
0282
02F5
02D6
0268
0217
0192
00C5
004A
003D
001F
FFD1
FF92
FF8D
FFC5
FFFA
FFDB
FF73
FF28
FF3E
FF74
FF61
FF16
FEA4
FDD4
FCF6
FC75
FBB3
FA76
F9B2
F944
F823
F6E6
F65F
F5CB
F501
F4D5
F4E3
F466
F3A2
F2CA
F206
F1CD
F1BA
F148
F132
F1AD
F1F8
F248
F2FA
F36B
F3B5
F47E
F542
F5B5
F679
F768
F7F8
F876
F8F2
F928
F97C
FA13
FA75
FAAF
FB02
FB37
FB67
FBE5
FC95
FD33
FD95
FDD8
FE72
FF50
FFD3
0038
0126
024C
0349
0445
04EC
0515
0594
068B
0716
0758
0826
091A
095F
0943
0963
098A
097A
0979
0985
0954
0937
0986
09B7
0973
0927
08DD
085D
0815
081B
07CC
0728
06B5
0688
0694
06C5
069D
05E9
04EF
03CF
02A8
018F
004F
FF29
FE83
FDE4
FD18
FCB5
FC64
FB6C
FA76
F9FB
F959
F8BB
F8A0
F85E
F7A4
F716
F6B1
F610
F561
F4B3
F3D8
F2FF
F248
F1A6
F11B
F09B
F064
F0BF
F108
F0A1
F00E
EFB5
EF55
EF0B
EEEF
EECA
EEED
EFAB
F0BB
F1F1
F32D
F428
F527
F658
F74C
F850
F9D8
FB27
FBEC
FCD5
FDB3
FE57
FF65
0056
0064
009C
0159
015E
0101
0149
0172
0120
0137
0181
0162
014B
0160
0170
01D1
025E
02A2
02C4
02C1
02A2
0312
03E0
0425
043F
04BC
051A
054A
058E
0572
04F4
048C
0415
03A8
038C
033C
02A9
027D
026C
0221
0206
01D5
017B
01A7
01A2
00E4
00DF
0150
00E4
0187
03C8
040E
02BD
0368
03F0
01D0
0075
00AC
FF9D
FF65
019A
0176
FE40
FD1E
FE0B
FDDF
FD9A
FDB6
FC9B
FB91
FBB0
FB5C
FAFB
FBA7
FB64
F9AD
F8EA
F8EF
F7CE
F626
F579
F5D1
F668
F653
F581
F4B9
F421
F3C9
F3E2
F345
F1A8
F11F
F1F7
F257
F251
F26B
F201
F1FF
F321
F39F
F370
F433
F4D2
F4AF
F589
F699
F684
F75D
F953
F9D9
F9EE
FB3F
FBDB
FB75
FBEA
FC34
FB8E
FBFC
FD3B
FD3F
FCFD
FDCB
FE6D
FE42
FE9D
FFF9
00FA
00DA
010A
022D
0290
028E
043C
05E6
05BA
069A
090E
0985
08CE
09A0
0A1E
09BE
0AE9
0C1B
0B37
0A6A
0A82
0A3B
0A86
0B21
0A1C
08D0
089C
07DA
06A1
062F
05D0
05F3
072D
0729
0582
0494
03F4
02D2
0285
020F
003B
FF7D
0035
FFE1
FF69
0002
FF66
FD93
FCF6
FCA3
FB10
F9A6
F924
F882
F79F
F716
F6C2
F5B4
F399
F1DF
F164
F0ED
F050
F087
F0B1
F086
F193
F2DF
F250
F120
F0B7
F05F
F022
F020
EFDF
F046
F179
F212
F2EE
F4DE
F5D2
F5FA
F751
F80C
F747
F7FB
F9C5
FA0C
FA8C
FC89
FDD2
FEBC
0086
013D
00C2
0172
0245
018F
0180
03B4
0649
0758
06D1
05AF
04FA
04CE
04D2
04E9
04F4
0534
05AA
0541
03F8
035C
0396
0434
05EF
07EF
0843
07D1
081F
083B
079F
0737
0722
0728
0758
0795
0824
0895
077B
056F
03F0
024D
00A0
0091
0154
01F9
03DA
059F
0486
0273
019A
008D
FF68
FF4F
FE9A
FD25
FD2E
FE17
FE66
FEBB
FEB0
FDDE
FDD2
FE43
FDCF
FD80
FD7E
FCDB
FD4C
FECC
FE3F
FD05
FE2A
FEA8
FC54
FAD6
FAD2
F94B
F762
F6EE
F612
F493
F48D
F54F
F4FF
F403
F339
F2D7
F2DC
F2AF
F21D
F1FF
F26C
F2A8
F2E8
F3AE
F457
F444
F425
F502
F673
F717
F6CC
F6CF
F785
F81E
F84D
F8C1
F9D8
FABA
FAAC
FA83
FAF5
FAFD
FA79
FB1D
FCB3
FD69
FDB8
FEAB
FF4D
FF8D
008E
01BC
0279
0399
04B4
0531
065B
0808
0865
0845
0900
0931
08B4
097B
0AC3
0AA4
0A54
0B40
0C4D
0C8D
0C5D
0C13
0BE7
0BDB
0BA0
0B64
0B65
0B5E
0B50
0B48
0AF2
0AA5
0ACA
0A8F
09C8
09CF
0A91
0A68
094E
087B
07BF
0649
04A5
03D0
038A
033C
032C
033B
0269
010E
0080
0056
FFB2
FF7D
FFED
FFBB
FF27
FF18
FEEC
FE53
FDB6
FCAA
FB94
FB92
FB89
FA4A
F944
F914
F89F
F868
F930
F9FA
FA65
FAC7
FABA
FA88
FAA2
FA39
F9B2
FA58
FB41
FBDC
FDB4
002F
0147
01D7
02D1
02EF
0281
0320
0439
0501
062D
07DE
09BC
0BA0
0CA4
0C73
0C4B
0C97
0C8B
0C3F
0C2A
0C05
0C1E
0D9E
1082
130D
141A
1475
148D
134E
10FD
0F4F
0E30
0CEE
0C88
0D49
0E49
0FCF
11BB
12B4
1335
1456
1511
14E2
1480
138B
1262
1249
11FD
105B
0F8D
1064
1103
1124
1131
10A3
1046
106B
0F39
0D03
0C23
0C45
0C54
0D04
0E07
0E42
0DE6
0CF9
0BAC
0B55
0B8D
0AB9
09E4
0A77
0B3B
0B43
0AF0
09F7
0885
07B8
0779
070C
06AC
06CA
0742
0757
067E
05BB
0607
0613
04F6
03EE
0339
0207
016A
0227
0283
01A3
00FC
014B
0188
00A3
FEDA
FD83
FD44
FD89
FE09
FEC9
FF3C
FF2E
FEFE
FEB7
FEA9
FF25
FF72
FF91
00A2
0203
0260
02DA
047A
0619
077F
095A
0A84
0A2F
09B4
0970
088B
07CF
0840
091D
09E7
0AF0
0BAC
0BB0
0BD1
0C02
0B42
0A4E
0A91
0B64
0BCC
0C8A
0DE7
0EFF
0FF1
112E
11E2
11BC
1197
1189
115C
11A0
1264
132F
13F7
1422
132F
1273
1285
1199
0FAB
0F2A
0FDE
0F69
0E22
0DC7
0D84
0BC2
0976
0875
0864
07D3
0707
06FF
0722
06BD
06AD
0729
071C
0683
05FA
0511
03D2
030C
026C
0197
0171
01CC
0157
004A
FF73
FE2D
FC32
FAA2
F9E3
F936
F85A
F792
F6ED
F64D
F59D
F4E9
F456
F3FC
F406
F489
F51C
F55C
F562
F53F
F4E5
F4AC
F506
F60C
F75F
F835
F848
F867
F908
F9AA
FA20
FA82
FABA
FB7A
FD31
FE83
FEEF
FFFF
019C
0239
0284
0370
03B7
033E
039B
0453
0456
04B7
05E8
06B4
070C
0786
07C5
079B
0718
060B
055C
05FE
06C9
069E
0653
0690
06C6
0685
05D9
0542
0517
04A4
03BA
0392
042D
04A2
05D5
07D1
07FB
0664
063A
06FE
05D1
03FF
03FE
0478
03F9
0380
02FD
017D
0009
FF9C
FF47
FEF2
FFA1
0054
FF5E
FDDC
FD80
FD69
FCB9
FC9C
FD44
FD62
FD75
FEBD
FFE2
FF56
FE5B
FE27
FDC9
FD26
FD77
FDFE
FCFC
FB62
FB3A
FBE7
FBAD
FAC5
F9F0
F8B4
F6D3
F500
F391
F261
F183
F114
F116
F143
F10F
F0BC
F10E
F147
F039
EEFF
EF18
EFA2
EFB0
F047
F1CE
F2E3
F2FA
F31A
F389
F393
F3BB
F507
F669
F668
F607
F643
F5DD
F4D8
F51F
F688
F77A
F811
F8A0
F8AA
F8A6
F926
F9E9
FB04
FC0C
FBF2
FBBF
FCE0
FDE8
FDE1
FE64
FF8D
FFBE
FF5B
FFB8
00BD
01C1
023F
025E
0324
045C
04C3
04E0
05AB
063E
0604
055A
03F1
026C
0258
02CD
0253
0211
0284
0228
0173
020A
02D5
0214
00BC
00BB
023A
0385
0304
0130
FFCD
FF4E
FEC3
FDB7
FCB9
FC44
FBF7
FB6C
FB1C
FAF5
F9FC
F8D4
F8FA
F95B
F887
F7DC
F7F6
F701
F54C
F50A
F56A
F46E
F300
F252
F162
EFF9
EFA5
F06D
F077
EF35
EDC9
ECB4
EBE5
EBD3
EC18
EB4D
E9F4
EA10
EB60
EC02
EBCD
EBC5
EC54
ED68
EE32
EDF3
EDFB
EF9A
F138
F190
F294
F541
F758
F7AC
F7F0
F91F
FA28
FA53
FA32
FA5F
FAC0
FAF4
FAFF
FB89
FCE0
FE0C
FE0A
FD95
FDCD
FE0D
FD80
FD00
FD2A
FD58
FDBA
FF0F
0069
00C9
0160
0344
0524
05B2
05F7
072D
083C
079B
0641
05E0
05D0
0528
052A
065B
0706
0687
05B5
045C
0247
006E
FF08
FDC6
FD63
FDBB
FD67
FCEA
FDDD
FFA7
00CD
0157
01D8
0276
02DB
023C
00E2
0043
0043
FFB2
FF5C
0071
01E2
026A
0202
00AE
FEF7
FE11
FDD0
FD0A
FBB2
FA79
F9D8
F9B5
F902
F764
F672
F687
F5C0
F40B
F321
F2BF
F215
F241
F39E
F4BC
F513
F51A
F4E5
F48B
F410
F35E
F2E6
F25B
F0C6
EF63
F010
F11C
F058
EFA4
F120
F322
F3C2
F3D0
F446
F4CC
F554
F65C
F7A8
F8A9
F981
FA4E
FABB
FB66
FD2D
FEC5
FE95
FDE7
FE49
FEDB
FF19
FFE4
0104
01B9
0232
024E
0209
025C
0319
0335
0360
0471
05A6
06C4
0812
08DA
0951
0AB8
0C87
0D9E
0E6B
0F30
0FBB
1086
1128
10C7
1072
10EB
10DB
1014
0FC2
0F9B
0F3E
0F24
0E5A
0C29
0A63
09E1
091C
081D
0813
07F7
06A5
057C
05A0
05EE
0571
0526
0617
0752
0723
05E1
053C
051D
042B
02D5
02B1
035F
030B
0130
FECD
FCC5
FB6F
FA73
F8AF
F5FA
F3D0
F2A2
F165
F07B
F0BC
F0A7
EF51
EEAD
EF69
EFAD
EF3B
EF39
EF5A
EF20
EEDC
EE76
EE2C
EEA8
EF61
EFCC
F067
F0C5
F069
F099
F193
F1EC
F23E
F3D9
F56D
F5EC
F69D
F813
F996
FABD
FB1A
FB11
FC06
FD41
FCE6
FC61
FDEA
FFEC
0062
0087
019C
02AF
0305
0300
02E0
02BB
02D7
030D
030C
0347
043C
04FB
04AA
0479
0553
05CD
0526
04B6
04CD
0472
03FA
043D
050A
05BF
05AF
04E5
04B7
0542
04E6
03DE
0376
02E0
0188
009F
0011
FF5E
FFAF
00D1
0106
007F
FFD1
FE88
FD8B
FD73
FCDA
FC1F
FC9F
FCDD
FC6A
FD7D
FF1D
FF0F
FF50
00D9
00DD
FF77
FF0D
FEC7
FDD1
FDA9
FDD6
FCDF
FBB5
FB2B
FAB8
FA5F
F99C
F779
F50A
F3A6
F2BE
F1F9
F1B4
F17D
F0E5
F021
EF3C
EE8C
EE8A
EEBD
EE9A
EE58
EE32
EE50
EE93
EE68
EE12
EE71
EF32
EFC3
F046
F03B
EF6D
EF26
EFA4
EFC8
EFDD
F063
F06D
F02B
F0EE
F254
F331
F3AC
F468
F577
F624
F615
F688
F7EA
F84E
F7A0
F81C
F931
F97D
FAD8
FD77
FE3E
FD67
FDBB
FECB
FF65
002E
00E8
0153
0289
03E7
040A
041A
04E9
0552
057A
0609
05C6
047F
03F7
0473
04AA
0457
03F3
03C4
0432
052F
0578
041B
0219
00DB
000D
FF57
FFBF
00B8
002F
FEC0
FE3F
FDF1
FD2C
FCB3
FBB9
F9F6
F97E
F9F3
F91E
F844
F8C7
F8C2
F843
F911
F966
F799
F5ED
F583
F4A4
F2CC
F0FF
F006
EFEA
EFBC
EF4C
EF90
EFC0
EED8
EE76
EF05
EE85
ED89
EDC4
EDF1
ED65
ED48
ECE7
EBFD
EC99
EE64
EF3A
EFB4
F0AA
F149
F1E4
F2B8
F294
F268
F409
F5E0
F61C
F63B
F748
F7E7
F79A
F7A6
F889
F92F
F901
F91E
FA1A
FAE0
FB4A
FC68
FDE7
FF0B
0030
013F
01D3
024E
0267
01EC
0224
02EF
02DB
030B
04B4
05E6
0618
0727
085D
0827
07B3
0789
06C0
0650
0703
0772
075C
0790
0759
0689
0669
06CC
0680
05E5
05F5
068D
06C0
0607
0545
05AD
067C
0656
05DE
060C
061D
0573
04C3
0452
03AC
0321
034F
03DB
044F
0509
05E9
0602
058D
056D
050E
03F0
0339
032B
02B6
0267
0308
0318
01C3
00B8
0083
FFDD
FE97
FD3C
FBAE
FA65
FA0F
F9EF
F948
F920
FA26
FAE7
FA0B
F899
F802
F7AA
F689
F55D
F522
F568
F5A3
F61E
F716
F83F
F911
F968
F9F2
FAFE
FB7B
FAE6
FA87
FB2C
FBFC
FC45
FC46
FC47
FC8D
FD61
FE44
FE5E
FDE4
FDC8
FDED
FD9F
FD9C
FF32
018A
02D2
0319
0399
04BC
065A
0803
091E
09F7
0B57
0D0A
0E55
0F04
0F92
10DE
12CE
13DA
13CE
145D
155C
1518
144B
1459
1421
1324
1337
1464
147F
1387
133B
1392
137F
12F8
11D1
0FD2
0EB4
0FEF
1150
107F
0F37
0F21
0E80
0CC5
0BED
0BDF
0B06
09E3
0920
0813
0721
06EA
0636
0467
02EA
02BB
0318
0288
008D
FE87
FD8D
FC92
FB02
F9E4
F936
F844
F799
F77C
F755
F726
F6E2
F64C
F628
F67A
F5EF
F50E
F559
F5E6
F599
F541
F51A
F4C8
F523
F64B
F70A
F769
F854
F96C
F9C6
F96A
F93A
FA01
FB65
FC86
FD74
FE98
FFA7
0034
0026
FFE6
0018
0057
0019
0080
01F5
02B0
027D
02F9
03A8
0376
031F
02CA
023D
0286
033A
031D
03D8
0616
06F8
0686
07EF
0A68
0B4C
0BB8
0CF3
0D80
0CC6
0BF5
0B9D
0B94
0BBA
0C02
0C4D
0C2C
0BDB
0C40
0C6C
0AC0
08C9
08C7
0986
0947
08DA
093E
09F8
0A1A
0975
091E
09AD
09E5
0962
092D
08B3
074C
06AF
0768
07BE
07B9
0857
08C9
08A5
08A1
086C
07A0
069C
0564
0481
0497
045D
0359
039C
04F0
046A
022D
00E0
00B3
002D
FF3D
FE9E
FE62
FE2F
FE34
FEE4
FF90
FF50
FEA6
FE08
FD12
FC5E
FC3A
FB48
F9D7
F9C3
FA45
FA1F
FAC2
FC4D
FCA0
FC16
FC79
FD4F
FDA6
FD9B
FD39
FD1D
FE04
FF05
FF50
FFA4
0055
00F0
014E
012E
00AA
0074
004F
FFB9
FF73
FFEE
0093
013A
01AB
016D
011D
0141
015C
01C3
02D6
035E
034A
044F
063C
077C
0851
09B4
0B72
0D01
0E16
0EE0
0FDB
1086
100D
0F16
0E9E
0EBE
0F7A
1038
1003
0FCE
10D9
11AA
10CC
0F61
0E55
0D51
0CEC
0DE2
0F22
0F4B
0EA4
0E5E
0E9A
0E7D
0E23
0E40
0E12
0CF9
0C45
0C3B
0B40
09AB
0924
0914
0889
0853
0870
0787
057E
037B
022B
0132
FFC4
FE23
FD4A
FCD8
FC21
FBF8
FC53
FBC6
FAD8
FB07
FBAA
FBE5
FC23
FC3B
FC1E
FCA6
FD57
FD36
FD37
FDFC
FE6C
FE7A
FEF2
FF60
FF88
FFDC
FFED
FFCF
00FF
034B
04C4
053F
05E7
06B5
073D
07AE
07E8
07C3
07C2
07E0
0784
0772
08EA
0AB8
0AC7
09F9
0A47
0AC2
09CC
0882
0866
08C9
088D
07CE
0758
07A5
07FF
07A2
07AD
08E5
098C
08E9
08C0
0918
0883
07FC
08A9
095C
09F4
0B73
0C85
0BE1
0B11
0AF4
0A7B
09CA
099C
092F
0851
083F
0905
095C
0915
092E
09CA
09C7
08A6
0790
072A
066A
054D
05B1
07BD
090C
08AD
0869
0955
0A33
09E3
0926
0900
0914
08A6
07CC
06DB
0632
0632
0643
0587
0487
03A8
01C1
FF13
FDD6
FDEC
FD0A
FB8C
FBA2
FCF4
FD8D
FD18
FC6B
FBE5
FB6F
FAD6
FA19
F9AA
F9A4
F9A5
FA07
FB60
FC9E
FC73
FC1D
FD36
FE53
FDC5
FCD6
FCBD
FC63
FB93
FBA3
FC92
FD71
FE2F
FEB3
FEF9
FFCE
00F5
0103
003C
0000
0038
005C
00C8
0199
0276
0346
0411
0508
0617
064B
057D
050E
0549
055C
05E1
0754
081C
07C6
082F
099C
0A2D
097B
08E5
0912
0979
098A
0957
0948
0972
09D2
0A8E
0B31
0B1E
0B07
0BA5
0C02
0B70
0AE5
0A9B
09A3
08AB
094C
0AC8
0B24
0A4B
0928
07C5
0639
0522
04A2
048F
04B0
0431
02F1
0246
024E
0171
FFF7
FFC3
00A4
00F8
0064
FF44
FDF1
FCDD
FBB6
FA0A
F8A6
F7F6
F72C
F663
F63D
F60E
F566
F4CE
F41E
F33F
F2E6
F29B
F19D
F129
F1F6
F26D
F200
F1F8
F299
F33E
F3F1
F4DE
F609
F773
F8A0
F958
FA51
FBBC
FD03
FE17
FEFB
FF5B
FFB5
00BA
019B
0158
0064
FFB3
FFD9
00FD
0244
02B8
02FC
03C7
0403
036A
03C8
0503
04BB
0359
0366
0488
052E
05FD
0730
07DA
08A7
099D
08E1
0788
0833
0905
07CB
0704
07A8
06FB
0560
056A
0617
0598
04A2
03D2
0335
02FA
0231
00B4
004F
00BD
003A
FFDD
00D5
0153
00F7
01A0
02CF
02E0
0257
01AE
0079
FFBD
0080
01A0
01F4
01C7
0173
012B
0164
01CD
0165
0030
FF3F
FEE1
FE8E
FE2A
FDD0
FD6A
FD73
FE1F
FE05
FC57
FAA9
FA10
F97F
F870
F791
F730
F75D
F83A
F951
F9F7
F99B
F80B
F664
F5B6
F4F7
F378
F2CA
F385
F421
F3D8
F363
F3C1
F521
F5D0
F4DB
F4BC
F6A5
F7BF
F74E
F7C8
F8B3
F86F
F8B7
FA6D
FB83
FBBA
FC3A
FC6A
FBDA
FB1A
FA27
F992
FA35
FB0E
FBAF
FD87
FFDE
003A
FF16
FEA2
FF0D
FF88
FFE1
0036
0108
02AB
042E
04B0
0520
06BC
08BA
0946
0887
0848
0894
0848
0804
0884
086F
0743
06B8
0751
07C2
078B
0703
062B
04DD
0362
0278
0234
01A3
011C
0208
0354
0329
02BD
02DA
01A1
FF8B
FEF5
FECD
FD83
FCD8
FD5F
FD3B
FC95
FC9A
FC7B
FB61
F9F7
F91E
F922
F8F7
F75D
F574
F4A9
F3C5
F209
F0E4
F064
EF5A
EE5C
EE46
EE82
EE9C
EEAD
EE97
EE5C
EDF9
ED9C
EDF7
EEC0
EEC3
EE63
EE9B
EEA0
EE0D
EE2B
EF0C
EF5D
EF61
F06D
F20A
F259
F163
F1A1
F3EA
F5E1
F65F
F6F9
F7F1
F841
F8A0
F986
F9D8
F9F3
FAEE
FBD5
FBF7
FC5A
FD23
FDA1
FDEC
FDF8
FD8B
FD04
FC8C
FC3D
FCA3
FD6C
FDF1
FE8C
FEF8
FE89
FE7D
FF54
FF1E
FE1E
FEB6
FFC2
FECF
FD78
FDE9
FECB
FE8D
FDF1
FDEC
FE1F
FD85
FBEC
FA86
FA14
F9A1
F84A
F6A1
F5BB
F5C5
F5D3
F52F
F473
F417
F3A4
F342
F360
F366
F32C
F343
F332
F2BF
F2F2
F37F
F35A
F36B
F42C
F427
F3A8
F452
F501
F403
F2E4
F37D
F4B4
F4C5
F3FA
F39F
F384
F27A
F0E9
F024
EFD9
EF5C
EF00
EE64
ED77
EDFD
EFCC
F03C
EF95
EFEE
F00A
EEA1
ED9B
ED93
ED39
ED5E
EEC0
EF98
EF67
EF93
F026
F0CA
F1CB
F212
F10F
F0F3
F26E
F2FD
F240
F26C
F31C
F2B1
F2A5
F441
F533
F444
F3D9
F4E3
F57F
F55C
F5A6
F622
F671
F715
F7CA
F84E
F93E
F9F3
F989
F9A5
FB63
FC8D
FBEE
FB97
FCF6
FF2B
0101
01F3
0290
03A1
0457
03F4
03E2
04C4
04FB
0437
03F3
046D
0527
0648
0757
078A
0728
0687
0584
047A
03B4
02DC
01DC
00E0
0030
0069
014C
0175
0091
FF6F
FE0F
FC76
FB7D
FB13
FA9C
FA96
FB0F
FAF6
FA6F
FA3F
F9A9
F842
F746
F6FC
F65E
F58F
F545
F4EF
F3EA
F295
F15D
F08C
F042
EFCE
EEC1
EE3C
EEEF
EF6B
EEC2
EE3C
EEB0
EF3C
EF61
EF85
EFA7
EFBA
F012
F095
F110
F1CC
F2A1
F321
F3C0
F4EB
F61F
F724
F857
F9BA
FB44
FCB2
FD2F
FD0D
FDBD
FEEA
FF31
FF1A
FF98
001B
005A
00A6
00D0
0141
0279
0350
0352
03D3
0468
03BB
0355
0474
050A
0461
04B4
065F
07A3
07FE
07D9
07A3
0801
0881
0830
07EC
08AF
092E
08AB
089A
0983
0A2D
0A34
0A13
09A8
090A
08FC
0932
086F
0702
0689
0700
06EC
062B
058F
04EB
0420
03E9
0420
03D7
0334
02BF
0225
0130
005A
0003
002A
009A
011B
018A
0184
00DF
0060
008D
00C6
00BA
009F
0021
FF85
FFD7
0084
000C
FEE0
FE21
FDB1
FD30
FC51
FABD
F955
F90B
F8E3
F85D
F8DE
FA59
FADA
FA20
F991
F995
F99E
F950
F8C7
F87C
F8AF
F92E
F9D7
FA5C
FA79
FAEB
FC39
FD31
FD10
FCFE
FD9C
FDDE
FD32
FC7A
FCE6
FE75
FF92
FF42
FED5
FF6A
FFE2
FF46
FE60
FE00
FE2E
FEBE
FF4B
FFB1
006E
018B
0253
0271
0212
01CA
02A0
0475
0573
050F
0545
0727
0933
0A09
0A05
09F7
0A4C
0AF1
0B2E
0AB3
0A86
0B51
0C32
0C91
0D0F
0DAA
0D9A
0D1A
0CE6
0CDD
0CB2
0C42
0B22
098A
088B
086A
08AE
094D
09ED
09D7
093A
083D
063B
040A
0372
03A3
02A7
013D
00F9
0134
00F1
0058
FF57
FDC9
FC6D
FBCF
FB93
FB25
FA1E
F8AA
F78F
F6E4
F5EB
F481
F33D
F279
F232
F1F7
F127
F00A
EF57
EEF1
EEC9
EF4F
EFE4
EF78
EED5
EF4D
F04E
F0CC
F10C
F1B9
F2E3
F419
F4B1
F4BF
F55D
F6E0
F845
F926
FA3C
FB9D
FCBA
FDBA
FEE2
FF9C
FF97
FF7F
FFB5
001D
010F
0273
0330
0348
0414
057C
0623
0620
064A
0657
05EE
0594
0596
05CE
064B
0721
0810
08A4
08CE
0943
0A30
0A72
09CD
099F
0A11
09E9
0951
0938
096D
09B8
0A54
0AB5
0A3D
0952
0888
082A
083B
0807
073A
06DD
07AA
08B0
08C2
07DE
06FB
06DB
06E0
0621
0541
0520
0503
045C
0425
04B9
04DC
0410
03A3
0431
042C
02A9
0172
01CC
022C
0194
012F
014C
011A
00C5
007D
FFBB
FEA9
FD93
FC3E
FB3F
FB1A
FAD9
FA0F
F989
F95E
F973
FA44
FB0E
FAAD
F9CE
F926
F832
F73C
F6E7
F69F
F62A
F665
F77A
F8CB
F9EA
FA7D
FAA6
FAFF
FB7C
FB9F
FB7F
FB8A
FC3D
FD9D
FEAA
FEDD
FF47
0043
00B6
009B
00E1
0118
0093
0035
00C2
0151
0136
01A9
038B
051B
0489
034E
0381
0471
04EA
054D
05A3
058A
05DE
075E
095E
0ACE
0B0C
0A90
0AFF
0CA2
0D99
0D1B
0C45
0C00
0CCA
0E73
0F71
0F56
0F90
0FFD
0F4B
0E58
0E4C
0E45
0DE3
0DE3
0DB9
0CD8
0C80
0D65
0E40
0DFC
0D46
0D52
0DBB
0CEE
0B07
09B3
0919
087D
0879
08F9
085E
06D7
0618
05D2
04E6
03DB
0319
0211
00E8
FFF7
FED9
FD7F
FC20
FAA0
F97E
F935
F8C4
F778
F661
F5F6
F537
F423
F3B1
F3BC
F3A2
F384
F39E
F3EA
F46C
F4BB
F434
F327
F29A
F2CE
F317
F34A
F43B
F627
F7E1
F8CD
F9DA
FB4F
FC69
FD4F
FE34
FE23
FDB1
FF0D
019F
02D8
0307
03FF
0529
055B
0530
0554
05B4
0645
06BE
06D4
06D0
06B9
0665
068A
0798
08BE
097B
0A02
0A0A
09A9
09CB
0A3F
0A16
09E8
0A92
0B29
0B0A
0B1A
0B70
0B24
0AA2
0ACC
0B06
0AAD
0A3D
09F3
0986
08FB
0840
0749
06BA
06BA
0657
0531
03FD
0358
0364
03C8
040F
0480
0550
0598
04FC
0481
0489
04AF
051F
05B9
05FF
064C
06A6
0637
0545
04AB
042B
03E5
0465
04B3
0413
0379
02CF
0116
FF28
FDF5
FCBC
FB79
FB0E
FAF0
FA4B
F99F
F94E
F90C
F8C8
F87C
F7EE
F72A
F66C
F5D8
F548
F49D
F468
F523
F623
F6AA
F6D3
F697
F5F0
F582
F570
F549
F534
F564
F5C2
F6AE
F7C5
F7BA
F70F
F778
F89E
F942
F996
F9ED
FA17
FA56
FAD1
FB97
FD45
FF7E
00A2
0097
00F9
021D
02AC
0203
014D
01EB
037B
04A2
055D
06A7
089F
0A80
0B7D
0B7B
0B71
0BC3
0B56
0A3C
0A6C
0C3B
0DE8
0EB7
0F39
0FBB
101B
0FF2
0F31
0E9D
0E56
0DA3
0D03
0D37
0D23
0C1A
0B58
0B40
0AEC
0A8C
0AAD
0AA6
09D1
0860
06C5
05A2
057F
0604
0661
0673
06C1
0758
0745
062F
0553
0531
0479
02DA
01BB
0142
0041
FEE4
FE1D
FD89
FC3C
FA50
F853
F662
F4A1
F39A
F355
F2EC
F20F
F195
F18F
F0F0
EFF3
EFE9
F091
F080
EFB5
EF6C
F020
F12E
F1DF
F25C
F355
F4B1
F5CE
F6BB
F7BA
F883
F929
F9E9
FA30
F9DE
FA17
FB05
FB95
FBE4
FCD8
FE09
FEA5
FEF2
FF72
001B
00C6
0176
025C
0375
0464
0527
05E4
064F
06DA
088B
0A83
0B2F
0B58
0C1D
0CA2
0C9B
0CE3
0D1E
0CF5
0D72
0E73
0E8B
0DA8
0CAF
0C27
0C4C
0C71
0BB6
0AEA
0AC4
0A3C
0936
08F4
0927
08E7
08B6
08B9
0839
0780
06F9
0654
0604
0687
06D7
064C
05C2
057C
04CA
03E4
039B
03CE
03D0
037E
0322
0306
034E
03A5
0394
036D
03C7
045F
04D4
0544
0532
0441
038C
0384
02DB
017F
00C9
00A5
0042
FFAA
FEE6
FE2E
FDF4
FD56
FBCB
FAB2
FA15
F8A1
F769
F78B
F755
F676
F6AC
F74B
F6FD
F6F4
F7B3
F7FA
F7D9
F808
F84A
F89B
F934
F9FA
FACF
FB0F
FA75
FA8F
FBCC
FC0E
FAFB
FA90
FAFF
FB16
FABD
FA65
FAAB
FBCE
FC93
FC8F
FD41
FE8C
FED7
FEBE
FF93
00EC
026D
0424
0591
06EA
08A6
09F8
0AA5
0B9A
0CDC
0DEF
0EC6
0EEA
0E65
0E50
0EEA
0FBA
10C4
118E
11B1
120A
128A
11E0
1049
0EEA
0DC9
0D0B
0D03
0CCF
0BD4
0ADF
0ABE
0B7D
0C41
0BDB
0AC4
0A48
09E1
08BE
07B7
070B
0613
056C
05A3
05BA
0513
0423
0334
0248
013B
FFF9
FEF6
FE4E
FD8A
FD07
FD01
FC5A
FAD3
F9B5
F920
F80D
F67A
F556
F532
F567
F4B7
F3B5
F414
F501
F491
F3BB
F40B
F460
F36B
F1F4
F157
F1D3
F23B
F1A8
F137
F208
F35D
F48D
F56F
F555
F4CE
F55D
F66C
F6FF
F7C5
F857
F7FD
F881
FA6A
FB51
FB39
FC29
FD31
FCED
FCBB
FD30
FD3C
FD2F
FDD9
FEC2
FF5D
FF8B
FF61
FF92
0082
0196
0268
02FE
0327
033A
0419
05CD
076A
0848
08C5
09B6
0AFD
0B98
0B3A
0A91
0A54
0ABC
0B05
0A3B
0946
0989
0A15
09A7
0920
090F
0878
0723
05AE
0429
02C2
01FB
01FD
02E5
0445
049F
0368
01F8
0137
00D4
00B6
0115
01C7
0261
0270
01F0
018B
01A7
01C2
0154
009C
0042
006A
0050
FF53
FDFB
FD17
FC94
FBF2
FB0E
FA57
FA2B
FA3A
FA15
F9EE
F9AE
F901
F8A5
F93D
F9AD
F926
F88F
F865
F81F
F78F
F6C0
F5DD
F58F
F5DE
F60C
F5F6
F599
F4D4
F47D
F4EB
F4C7
F3F2
F3FE
F4A5
F48E
F43A
F46F
F487
F42E
F3DC
F3CE
F417
F46C
F46E
F486
F4F8
F565
F644
F7E0
F8CC
F8AF
F920
F9FD
F9EC
F9C9
FA93
FB2E
FB49
FC06
FD52
FE68
FF6D
008D
01C8
0323
03EB
03DF
048B
0687
080D
0888
0999
0B7D
0C94
0C8A
0C71
0C8D
0C5C
0BCF
0B71
0BCE
0C87
0C58
0B1D
0A72
0AF8
0B2B
0A32
0926
08E1
08CD
080B
066C
0478
02CC
01CC
01FE
032F
039A
029A
0217
0272
016F
FF3A
FE78
FEDC
FE16
FC74
FB8D
FB21
FA1D
F858
F6A4
F5B4
F4B0
F282
F061
EFD8
EFF5
EF70
EEBE
EE80
EEE8
EFEC
F07F
EFE3
EF5D
EFD2
F026
EFF0
F073
F1C4
F263
F223
F2A3
F453
F592
F5A3
F5BE
F670
F6E7
F715
F776
F7C0
F7BA
F7A3
F796
F810
F943
F9EA
F971
F94B
FA01
FA5A
FA0E
F9F5
FA8E
FBD0
FCDB
FCF1
FD65
FF50
00C9
0072
004B
0199
02B4
02B9
02BA
02FC
02DD
02D0
039B
047B
046A
0435
04E2
057F
0520
04DF
059D
0662
0677
06A0
0781
087F
088F
07C8
0770
0800
0867
07EE
0722
06B8
06C9
06D9
06BB
0756
08E7
09AD
08A2
0709
05E6
050D
047D
0433
0414
0458
0497
0415
036E
0356
0346
0327
0368
0383
030D
0265
01AC
0118
00AD
FF68
FD84
FCDA
FCF2
FBD4
FA50
F9D1
F940
F81A
F7BA
F804
F7A0
F6B5
F647
F642
F5E4
F53E
F547
F604
F675
F6DC
F809
F8F0
F89B
F840
F895
F8B4
F893
F904
FA22
FB77
FC2C
FBC2
FB17
FAF0
FA93
F98F
F892
F820
F849
F892
F840
F7F7
F8B7
F979
F94F
F97F
FA92
FB32
FB0B
FB11
FBBF
FD06
FE9D
0042
01E2
02F2
035C
047E
065F
06EF
0660
06FB
0869
08DA
0898
0879
086A
08CF
09D7
0ABB
0B31
0B8B
0BCB
0BEB
0BE9
0BBC
0BD6
0C56
0C98
0C8E
0CB9
0D08
0D95
0EC3
0FBC
0F3D
0DBF
0CB2
0C4D
0BB4
0AE6
0AC5
0B24
0AE0
0A18
0961
0817
063B
0509
042F
028B
00D9
FFFC
FF6B
FECA
FDFB
FCB0
FB7D
FAC0
F9B8
F891
F7E3
F6D6
F556
F4A4
F44F
F382
F36F
F436
F42E
F385
F369
F34C
F2C8
F28F
F29B
F297
F2EE
F3DB
F519
F64B
F71D
F7EB
F933
FA58
FAE3
FBA9
FD0E
FE4F
FF02
FF90
0055
0113
0126
00D1
0120
01DE
01F6
0195
0139
007F
FFB8
FFD3
00A0
0161
01BF
018A
0123
012B
0142
00F0
00E4
01A5
02B0
0376
03F8
047F
0512
055A
05B0
06C5
07CE
07CB
07A8
0809
07E8
073A
06FE
06D0
061D
058E
056E
056C
0596
0594
04F5
047B
04BC
04F2
0497
043A
0475
0551
0663
073F
07F1
0866
081E
0768
0740
07A9
07FC
0860
0943
0A24
0A3B
09CF
09A6
09A6
0945
08B4
081D
06FE
059C
04C7
03FF
0289
0138
009B
FFC0
FE66
FDA5
FDB8
FD83
FC80
FB93
FB65
FB30
FA70
FA2A
FAAF
FAB8
FA1F
F9F4
F9E1
F932
F8AA
F8C6
F8F8
F911
F8E9
F84E
F82C
F917
F9DC
FA05
FAC2
FC2B
FD33
FDC1
FE17
FDF8
FDC5
FE11
FE84
FED2
FF4B
FFC7
000F
00B3
01B4
021C
0200
0267
0311
0331
0349
03BE
03C6
0387
043F
05A2
0662
06A8
074B
081A
08AA
0923
09AC
0A38
0AC7
0B7B
0C69
0D34
0D93
0E46
0FC6
10E4
10D1
1095
10B7
102E
0EE5
0E3A
0E77
0E64
0D9C
0D33
0D70
0D07
0BD2
0B9E
0CC0
0D38
0C65
0BC5
0BC5
0B82
0AF4
0AA6
0AAF
0B0D
0BA0
0BE5
0BB5
0B84
0B5E
0AC9
09F1
0994
0987
08C5
075E
0651
059B
048D
0349
0200
0043
FE33
FC82
FB4A
FA54
F979
F880
F7B9
F7C6
F863
F8C3
F8B4
F858
F7ED
F7F5
F884
F920
F988
F9C4
FA0D
FAC0
FB89
FBD6
FC45
FD7B
FE96
FEFD
FF80
0098
01CE
02AB
02FE
034E
0480
060D
06B6
06E9
07AA
0855
080A
077E
07CA
08E0
09EC
0A96
0B60
0C68
0CD5
0C64
0C13
0C63
0C9F
0C4F
0C02
0C3E
0C96
0C72
0C1D
0C0D
0C1F
0C55
0CC4
0CC7
0C08
0B24
0A6F
09FF
0A37
0A83
0A25
0A3E
0B73
0BE2
0AC2
09D1
09A8
092E
084A
0781
06BF
05FE
0592
05D1
06A0
0703
065E
05A1
0554
048F
036A
033F
0431
0528
0575
0559
05B8
06BF
073A
06DC
06F4
07AA
07C3
0744
06F7
0682
0573
0477
0459
04BB
046D
0314
01C8
00FC
FFBB
FDE3
FC97
FC39
FC34
FBF8
FB1A
F9D2
F90C
F8EA
F89D
F7EF
F777
F78D
F7D0
F7AB
F769
F7C0
F838
F80F
F80A
F8D2
F97B
F985
F9A8
F9F9
F9FA
F9BF
F99A
F9B1
F9F5
FA1C
FA43
FAC2
FB12
FACC
FAD0
FB95
FC78
FD67
FE8A
FF44
FF85
FFEA
0047
0090
0198
0343
0473
0521
05FE
06D3
072E
076D
07FB
088F
08D6
0922
09C5
0A3D
0A15
09F8
0A8D
0B26
0AD9
09EC
0946
091C
08DE
0857
0809
081C
0815
07FE
083B
084C
078B
067B
05F5
0608
064C
0644
0590
0463
0341
0263
01D1
0199
01B8
01FD
01FF
016B
00A6
004B
0032
FFE5
FF8B
FF78
FF7D
FF1F
FE42
FD7A
FD2E
FCA9
FB59
FA1D
F9B2
F971
F8FD
F8D6
F8C2
F82F
F76F
F6FF
F6ED
F732
F73B
F661
F563
F531
F529
F4D2
F4D4
F4FC
F496
F487
F5AE
F6CF
F6D7
F6C4
F78B
F8A7
F970
F9F8
FA71
FAE4
FB66
FC07
FC9F
FD0B
FD6A
FDA7
FD76
FD24
FD79
FE6E
FF29
FF5A
FFA2
0083
019F
0259
02D4
0370
03E1
03FE
047A
058A
0669
06BE
06D5
06E9
073E
07C4
07E2
07B3
07D2
07E4
0787
0756
074D
06BD
062E
0658
0688
0623
0586
04CE
03D9
02FC
0263
01C0
00E2
FFFC
FF87
FF88
FF70
FF57
FFE8
00AB
00AE
0041
FFD4
FF15
FE6C
FE82
FEA2
FE19
FDB0
FE29
FF09
FF6C
FEF5
FE29
FDE9
FE59
FEFE
FF8B
FFD3
FFA3
FF1A
FE95
FE3E
FDF2
FD7A
FD1B
FD33
FD39
FCA4
FC19
FBF5
FB9F
FB6A
FC19
FCDD
FCDB
FCCD
FCF4
FC81
FB9A
FB05
FA6F
F961
F876
F85B
F8A6
F891
F852
F8AE
F951
F944
F8CC
F8D8
F94A
F97D
F951
F909
F90C
F959
F945
F8C0
F898
F8D2
F8E7
F920
F99D
F9B0
F979
FA02
FB71
FCBD
FCD1
FBF5
FC03
FDEC
0002
00D1
015B
0283
0383
03FB
047C
051E
05D2
06E6
080B
08A4
0911
09C3
0A0D
09B0
09BC
0A44
09F9
08FE
08DB
096E
096B
08C2
07E9
06E2
0616
05AB
04D8
03B5
0341
0333
02B4
0211
0186
00BA
000E
FFD5
FF52
FE41
FD64
FD1C
FD1E
FD14
FCC3
FC54
FC03
FB76
FA90
F9EF
F99C
F8D6
F7A4
F6C5
F645
F5AA
F4E5
F43E
F3D2
F370
F2CC
F1D7
F104
F0E7
F146
F159
F144
F1D5
F2A8
F2B0
F24E
F268
F2A5
F2BD
F353
F458
F514
F59A
F619
F64C
F67B
F712
F78F
F7AB
F812
F8E4
F98C
FA0E
FAA8
FAF3
FA9C
FA2E
FA5E
FB30
FBF7
FC15
FBC0
FBB5
FC23
FC6E
FC45
FC59
FD51
FE8D
FEF4
FEB3
FEC5
FF39
FF99
0035
0152
0218
0211
0238
0347
047B
051D
0598
0648
06CF
0727
07A7
07DC
0748
06C2
0703
072E
06C6
06BA
0704
0683
058E
0522
049A
037D
02E3
02DE
0222
00ED
008D
00CC
00D0
00BF
00C9
0090
FFE0
FECE
FD95
FCA8
FC42
FC30
FC43
FC65
FC7B
FCA2
FCED
FD14
FCEA
FC9C
FC3F
FBD4
FB76
FB06
FA42
F948
F883
F81B
F7E1
F791
F6F7
F61A
F559
F523
F56B
F5BD
F600
F66D
F6EE
F729
F701
F688
F5F0
F597
F5A1
F5CA
F5D0
F5D4
F632
F705
F7E7
F869
F89D
F8A8
F898
F8D5
F986
F9C1
F8EB
F808
F831
F8E1
F8F3
F835
F76C
F766
F807
F848
F7AE
F731
F7B4
F887
F8C4
F8CD
F935
F99E
F9C6
FA09
FA7F
FB3A
FC6D
FD8A
FE0C
FEC8
001C
00EB
0137
025A
0420
0552
0630
0753
086F
096D
0A48
0A8B
0A9D
0B6B
0C7C
0CDB
0CDF
0D05
0CED
0C95
0C9A
0CCC
0C44
0B03
0A14
09ED
0A00
09F8
09EB
09B0
0945
08F2
086E
075D
0631
0539
0463
0418
0446
03D6
02A2
01A5
00DE
FFD4
FED6
FDED
FCF6
FC9F
FCDA
FC4F
FAE5
F9BD
F8C4
F76C
F643
F591
F4AF
F3AD
F33E
F336
F305
F2E0
F32B
F3AD
F40F
F462
F4B7
F4E7
F4F9
F512
F54B
F5D9
F6D0
F7C0
F86D
F952
FAA8
FBD0
FC3A
FC38
FCAC
FE10
FFB6
00B3
0153
022C
02B8
02A5
02C2
0327
02EB
023F
023C
02DE
0363
03B5
03E5
03AD
0338
031C
0374
03DD
0411
0403
03F3
0465
0550
05DA
0599
0562
05FC
06FA
077F
077A
0788
07F0
083F
0832
084B
08CE
0948
099D
0A2F
0ACE
0AD5
0A48
09D4
09EC
0A22
09A9
08B8
084E
083A
079A
06E1
06B4
066B
05ED
061A
0680
061B
0579
052F
04AC
0427
0461
049B
0405
03A8
046E
0554
052A
045C
03CA
032A
0200
010A
00DD
007C
FF62
FEAB
FE94
FDE1
FC91
FBCA
FB86
FB16
FA8E
FA0D
F962
F8DB
F8DA
F906
F8C6
F82D
F7DF
F830
F8B4
F8EE
F8DB
F8B4
F8F3
F9F0
FAD8
FAAF
FA64
FB58
FCD0
FD8A
FDE0
FE6C
FEDA
FF08
FF45
FF88
FFB5
FFF8
004F
00A4
012A
01F9
027D
020F
0123
00D4
011E
010F
00C1
0110
01E5
0296
02FC
0314
0309
039B
04FA
0616
062F
05E3
060F
06B6
075A
07D1
0860
0923
09EF
0AA6
0B08
0AD7
0A87
0AB9
0B3D
0BAD
0C1E
0C81
0CAE
0CF0
0D4D
0D35
0CB5
0C4E
0BEB
0B82
0B8B
0BCB
0B8A
0B18
0B1C
0B01
0A28
092A
0863
0735
05B1
04A4
0403
0380
0376
0386
02B5
0197
0156
0130
000E
FECB
FE49
FDC7
FCA3
FB55
FA20
F8BA
F720
F5B9
F4B7
F3DC
F2F0
F20D
F15D
F131
F1EB
F2EB
F2F9
F258
F214
F1D8
F11A
F0C6
F13B
F16D
F157
F21E
F395
F484
F4EF
F5DC
F771
F8BF
F977
FA67
FBE5
FD5C
FEBD
0046
0150
016B
0145
0152
0195
0275
039F
03EC
03A9
042C
053E
05D5
0620
06BC
0763
07A3
078A
0746
06E1
06A5
072F
0881
098F
0989
0903
08F3
0971
09CE
0990
0954
0A13
0B2D
0B23
0A42
09CD
0998
0914
08B2
0876
07DD
074F
0751
076F
074C
0701
0680
0631
06DD
0812
087D
080A
0800
08FC
0A1B
0A53
09F8
09EC
09DD
08FF
07CA
0724
06E5
06B9
06F3
0773
075D
0692
0608
0636
064B
057E
044D
0388
0300
024B
01A9
0116
000B
FED6
FE38
FDCB
FCCA
FB85
FA6D
F96D
F8D5
F8F0
F8F6
F86F
F811
F7FD
F76C
F679
F5D7
F544
F44D
F37A
F370
F40B
F4A9
F4D7
F4FF
F5E8
F728
F78F
F750
F7B4
F8ED
FA09
FA5D
FA0E
F9FB
FAE9
FC4E
FD11
FD49
FD98
FDD6
FDD6
FE0B
FE83
FEDA
FF32
FFE9
00E1
01CC
0280
02F8
0360
03D0
042E
049D
0549
05DF
0642
070B
086C
09B7
0A97
0B41
0BA3
0BBF
0C07
0C6B
0C7C
0C7C
0CBF
0CB8
0C22
0BB9
0BAE
0B50
0AA7
0A54
0A23
09B2
096F
0965
08DD
07FB
07C1
0850
0917
09D9
0A4F
0A22
0998
091C
0884
07B0
0701
06D3
070F
073C
0700
0689
05E7
04BF
0363
029D
0209
00DD
FF9D
FEE9
FE32
FCFA
FB91
FA59
F995
F925
F85D
F74F
F6D5
F6CF
F65E
F58C
F4EE
F48C
F423
F37E
F2C1
F259
F22A
F1C2
F187
F1FB
F297
F2E8
F33D
F3B2
F422
F49C
F509
F565
F5F7
F68D
F6D4
F749
F846
F963
FA62
FB26
FB6A
FBB5
FCBA
FDC4
FE26
FEBC
FFF5
00E0
0144
01C4
0219
01D5
01D1
0294
030B
02CA
0349
051E
06AF
06FE
0704
0782
080D
0840
0831
0840
08E9
09D5
09F1
092A
08A0
08D8
0912
0872
074F
06F2
079B
07E6
0708
05CD
04E4
0454
0435
0429
037E
027A
01DB
01A4
01A7
01E6
0213
01FF
01F2
01F8
01DF
01DC
0231
02B8
0357
0431
0515
0559
04CF
042C
03F6
03DE
03B8
03B5
036C
0278
0175
00FD
00A5
FFE5
FED3
FDD5
FD16
FC4A
FB3D
FA5F
F9F2
F98F
F922
F8DF
F89D
F873
F889
F82D
F6FD
F5E1
F542
F4AC
F457
F47D
F470
F3FF
F3CF
F41D
F4C3
F55F
F53F
F486
F450
F4B9
F4E2
F4D0
F50B
F579
F5DE
F624
F62C
F66A
F77B
F8B4
F8F4
F8CE
F9B6
FB68
FC73
FCDE
FDCA
FF18
FFE7
006E
014A
0253
0344
0424
04D7
0593
06DB
0874
0998
0A26
0AB9
0BF1
0D96
0E77
0E23
0DCB
0E09
0DDD
0D1A
0CD7
0D0E
0CD9
0C70
0C57
0BF8
0ADB
09B7
094C
0948
08B9
073E
05B1
053F
05CC
061A
05A5
0506
048F
03ED
0314
023D
0169
00B7
0086
00CC
0107
0109
0130
019C
01B9
012D
00AB
00BB
007A
FF37
FDF3
FDA4
FDA6
FD10
FBF4
FAC8
F9B4
F899
F778
F6AD
F644
F5CC
F56F
F5B0
F616
F5E9
F574
F52A
F4E1
F47A
F410
F3E5
F45E
F527
F54E
F4FA
F51D
F5B9
F641
F69A
F6C0
F705
F7F6
F8FE
F913
F8E8
F99A
FA71
FA82
FA63
FA93
FAB4
FAF2
FBBD
FC80
FC83
FC40
FCAA
FDD5
FF0D
FFB0
000A
00FB
0269
0334
0358
040D
0572
069C
0779
084B
08C7
0919
09BE
0A64
0ACA
0B49
0BB8
0C00
0CCE
0DD5
0DDE
0D3D
0D08
0CD9
0C09
0B32
0AE4
0AC7
0A59
0985
08CA
0883
081F
0734
0666
0620
061B
065C
06CC
06B1
05FB
055B
04B7
03A1
02A7
0254
0241
021F
022D
0262
0267
0231
01CA
0135
00E0
0138
01D2
0202
01CC
014E
0071
FFAA
FF64
FF1A
FE49
FD46
FC69
FBAB
FAF5
FA03
F8F3
F895
F90E
F94F
F8AE
F78D
F678
F5C4
F562
F4EE
F468
F422
F3FF
F3F7
F453
F4C9
F4DD
F4D0
F4ED
F4D8
F46E
F420
F432
F450
F417
F3E4
F45C
F4F6
F4AE
F428
F499
F545
F4EE
F449
F486
F557
F5FF
F689
F70F
F757
F797
F874
F9ED
FB52
FC70
FDB2
FF21
006C
01A7
0319
04C5
067E
07F5
08FE
09CF
0AA5
0B6C
0BED
0BF1
0BB2
0BF7
0CDB
0D6F
0D8A
0DFE
0E97
0E50
0D52
0C88
0BFD
0B40
0A85
0A36
0A12
0994
08E5
087E
0842
07E8
076F
068A
0511
03CA
0321
0260
0157
00AE
006C
0036
FFFD
FF49
FDCB
FC83
FC26
FBE5
FB2F
FA83
FA1D
F9C8
F994
F986
F969
F92A
F8C5
F848
F805
F812
F80C
F7E6
F806
F84E
F83D
F817
F856
F858
F75E
F634
F5D9
F5C0
F549
F523
F5DD
F6F9
F7E3
F850
F844
F869
F935
F9F6
FA26
FA63
FAF6
FB4D
FB64
FBAC
FBCB
FB61
FB12
FB3D
FB29
FAA1
FA72
FAAD
FABB
FAE9
FB86
FBC3
FB68
FB76
FBFC
FC0E
FBE0
FC4A
FD28
FDED
FE70
FED9
FFC4
0190
0341
03DA
040C
04F3
0666
07A4
0849
0867
086A
08A3
08CF
0898
0829
07F4
0813
0816
07BC
077D
07A1
07A5
0772
079A
07DF
0764
0671
05F4
05F1
05F6
0614
0657
0642
0561
03FD
0308
02F8
0309
0277
01DE
01F4
0217
019A
00FC
009F
FFEF
FEB7
FDB6
FD2F
FC84
FB97
FB05
FAC6
FA1C
F916
F891
F883
F81E
F78A
F790
F7E5
F7C8
F79A
F7F5
F865
F85B
F815
F7CA
F747
F68C
F5E8
F5A0
F5B9
F5CD
F579
F4FE
F4C4
F4B7
F4C5
F51A
F57B
F59F
F5C6
F60A
F604
F5CE
F5F6
F660
F693
F6AE
F6E5
F708
F71B
F74B
F73F
F6CA
F68F
F6FA
F788
F7D3
F828
F8C6
F964
F9C4
FA3E
FB23
FC00
FC72
FD1E
FE7E
FFCB
006B
00F3
01DA
02F5
043E
05B0
06F4
07DD
088F
0954
0A7C
0B8D
0B9D
0B2B
0B8A
0C9D
0D45
0D30
0CAC
0C28
0BF9
0BC0
0B24
0ACE
0B0C
0B1F
0AF2
0B2C
0B81
0B35
0A53
0941
0867
07E7
072E
0605
0538
04E9
041D
02D8
0214
01B4
00DC
FFBB
FF1E
FECF
FDE7
FC55
FAF0
FA0E
F94C
F863
F741
F5F8
F4FA
F45C
F397
F2BE
F26F
F285
F292
F2C6
F31A
F32D
F32C
F375
F3C8
F3B1
F35D
F38A
F487
F57D
F5B9
F5E2
F69C
F793
F85E
F8AA
F85B
F854
F92E
F9ED
FA13
FA54
FA83
FA3E
FA72
FB33
FB6D
FB81
FC40
FCD8
FCCE
FCFA
FD65
FD6F
FD5B
FD6D
FD5F
FD45
FD55
FD78
FDCE
FE84
FF66
0026
009F
00D9
010A
0149
0195
01FF
0252
0267
02B8
0355
0362
02D9
02D1
0388
044D
04D0
0515
0527
0564
0608
06B2
06DE
067A
0608
0632
06D0
06DA
0602
055F
05D1
0692
0686
0636
06C2
0784
0737
0671
0639
05FA
0548
0509
0575
05AF
0566
04CD
03FB
033E
02C6
0234
0159
007A
FFB9
FF25
FED7
FE7F
FDBC
FCB4
FB9F
FA6F
F93A
F855
F7C9
F737
F65D
F58B
F541
F569
F557
F4A8
F3BE
F355
F3B3
F443
F46A
F484
F537
F631
F6AC
F6BC
F701
F7A9
F878
F92A
F979
F946
F8F3
F8F9
F92A
F918
F8D4
F8B8
F8CF
F90F
F97E
F9CF
F9A5
F93C
F923
F978
F9F8
FA70
FAD7
FB3E
FBB6
FC4F
FD0B
FDB3
FE18
FE81
FF56
0059
0115
01AD
0273
0371
0496
059B
060E
0629
0696
0749
07AE
0793
072A
06F3
078A
0887
08D3
08B0
0940
0A31
0A69
0A3B
0A8E
0B1D
0B41
0B31
0B5A
0B87
0B6A
0B44
0B70
0BAD
0B7C
0AF1
0A73
09EE
08F0
07A7
06F6
0735
0786
0731
06AD
0673
05F0
04B1
033F
0216
010D
001E
FF7C
FEE3
FDD1
FC95
FC1A
FC3A
FBA5
FA1A
F8E9
F89D
F834
F72D
F648
F603
F5E9
F58B
F528
F4FF
F4B9
F437
F433
F4E6
F561
F563
F5E6
F722
F82A
F8BC
F96C
FA71
FB82
FC73
FD53
FE2F
FEF7
FFA6
0043
0089
0042
FFF0
0032
00BD
00F3
00D2
00B5
00D0
012C
0197
01A1
0138
0101
0171
020E
0259
02AC
0362
0435
04EE
0558
0519
0492
0499
0514
059D
064D
06C4
0681
0628
063B
0627
05D2
05BB
05C3
05C0
05AD
0507
03ED
037D
03A6
0347
0285
026B
030C
03CA
0432
0426
03F8
0418
04B9
05B3
065F
0656
0657
06E1
0700
0634
0582
0587
05B8
05C3
05E6
062B
0658
0643
0627
0645
0635
0571
0468
03DD
03C2
0372
027B
011E
001C
FFAC
FF25
FE20
FD12
FC8F
FC63
FBBE
FA8E
F9D8
F9E3
F985
F82E
F69F
F566
F491
F42C
F401
F3EA
F421
F480
F4A5
F4C6
F517
F55E
F5B1
F63A
F6BC
F739
F7EF
F8C1
F986
FA18
FA3D
FA6D
FB6A
FCB4
FD31
FCF5
FCCD
FD01
FD54
FD81
FD98
FDF7
FE9F
FF3E
FFC8
004F
00AA
00CC
0108
01E1
0356
0485
04EC
0581
06EB
0845
08ED
0947
096B
094F
097D
0A17
0A76
0A4D
09F9
09FD
0A68
0AA6
0A72
0A54
0A61
0A1C
09AB
0967
08F6
0837
0797
073A
070C
06E9
069A
0688
0739
07DB
0799
074C
078A
0762
06A4
0674
070D
0787
0767
06DD
064E
0604
05DB
058E
0521
0489
03C7
0360
0376
0315
01ED
0123
00F8
0020
FE90
FDA7
FD3D
FC16
FAC7
FA85
FA9E
FA0D
F95D
F90D
F88C
F7B6
F732
F72A
F70E
F6B6
F6B6
F748
F7A5
F754
F725
F7CA
F8B1
F93E
F992
F9E3
FA3C
FABD
FB73
FC37
FCCE
FD36
FDDA
FEFE
0018
00C2
0166
022A
02B5
031F
0395
03BF
03A2
03CD
045B
04FA
0565
054A
04F1
0576
06D8
0786
0712
06F8
07C7
0862
086A
08A8
092C
097B
09CB
0A62
0ABE
0A7F
09EC
0958
0903
091C
0924
088E
07EF
081C
08A9
08A1
07FB
0766
0741
073A
06C6
05F7
0575
057B
05A2
05B2
05BB
05B5
059F
0588
054E
04FD
050C
05AA
0678
0721
077F
0789
07A5
082C
0894
0826
0749
06DD
06E9
06E8
06B8
0682
0643
05F9
05D5
05B5
04FC
0397
026B
01EE
0173
00A1
0005
FFAB
FEE5
FDBD
FCE7
FC6B
FBBC
FAD4
FA3E
FA2C
FA40
FA26
F9F8
F9E2
F9DB
F9C9
F993
F93B
F8F9
F8D5
F879
F804
F827
F8D3
F8FA
F869
F85C
F963
FA6A
FAB0
FABE
FB06
FB74
FC53
FD95
FE45
FE4F
FEF3
0076
01C1
0280
0354
047B
05C1
06DB
0766
0778
07CF
08DF
0A31
0B04
0B53
0BBA
0C4C
0C86
0C9C
0D15
0D9B
0DD6
0E30
0E98
0E7D
0E24
0E1B
0E28
0DDA
0D29
0C62
0BE9
0BAB
0B39
0AAF
0A45
09BB
0951
0986
09B5
0932
088A
080B
072C
05DE
048A
0364
02A6
025B
023D
0237
0239
0212
0202
020E
0186
0081
0005
002D
004C
0028
FFAB
FED3
FE23
FDCC
FD58
FC97
FBC6
FB37
FB35
FB79
FB5C
FB0E
FB2D
FB72
FB22
FA34
F941
F8CF
F88F
F7E1
F74A
F7B9
F885
F88D
F850
F8B1
F954
F9B2
F9DE
F9C7
F977
F9A3
FA88
FB23
FAD8
FA94
FAED
FB0E
FACE
FB3A
FC0A
FBD9
FB1E
FB5B
FC59
FD08
FD56
FDAB
FE4B
FF6A
00B7
01AE
0249
02CB
037B
048A
059B
061A
0647
06BE
0784
0838
088C
089C
08DA
0931
0929
091A
0977
098B
08EA
0872
0893
08A0
0841
07E0
07D1
07D3
0745
063E
05BA
05E0
05B1
051E
0501
051E
04C5
045C
0455
0427
0373
02C2
028D
028D
024D
01E8
01B2
0172
00EB
009D
00BF
00AC
003C
0018
0042
0049
0073
00D4
00B6
0011
FFAF
FF84
FEEC
FE24
FDB3
FD6D
FD21
FCF5
FCD9
FC9D
FC5F
FC59
FC94
FCC2
FC66
FB73
FA81
FA03
F9C3
F96D
F922
F939
F983
F979
F93F
F95E
F980
F908
F878
F88F
F8E2
F8D1
F89F
F8AE
F8D9
F8D3
F884
F81E
F7E2
F7D5
F7CE
F7BC
F7C1
F821
F8D5
F974
F9D0
FA1C
FA75
FB16
FC34
FD5F
FE1F
FEEE
0044
01C5
030C
0426
0553
06D0
0841
0912
09AE
0A90
0B17
0B20
0B8F
0C44
0C68
0C52
0C7C
0C6E
0C18
0BE7
0BB8
0B61
0B0F
0A92
09E6
099D
09C6
099F
08C8
07CB
075A
0740
06B1
05B6
0518
04B7
03CE
0273
0147
0075
FFE6
FF97
FF66
FF0A
FE51
FD76
FCDC
FC59
FB6B
FA19
F8CD
F7DD
F77E
F77B
F744
F6AF
F5F0
F536
F4BD
F46B
F3D1
F349
F375
F3D3
F3CE
F3CE
F3E1
F3AD
F385
F385
F336
F2E3
F327
F3E3
F4E3
F5EF
F685
F6EC
F7B4
F83B
F823
F877
F97E
FA22
FA0E
F9EA
FA1F
FAA4
FB15
FB08
FAB8
FA95
FAAF
FB22
FBC4
FBCC
FB1F
FAB6
FB06
FB73
FB6A
FB10
FAF7
FB62
FBF1
FC4A
FC81
FCBC
FD38
FE2A
FF2F
FFD7
007A
016F
0276
0361
0411
0442
0451
04E0
05B5
064B
06C2
0733
0763
0774
0799
0776
06E3
0669
064C
05FB
0545
04E6
0518
050D
048A
0430
03E8
032E
0296
02CB
030A
029E
024F
029A
026D
0120
FFBC
FF0C
FE89
FDE8
FD94
FD87
FD73
FD69
FD30
FC67
FB7E
FB03
FAC6
FA9B
FA69
F9AF
F879
F796
F707
F624
F522
F497
F45F
F43E
F460
F4AF
F4B3
F457
F41F
F453
F463
F3CE
F328
F329
F380
F39E
F3B0
F418
F4CF
F595
F62F
F691
F6E2
F741
F7B1
F83F
F8DB
F94B
F98F
F9DC
FA18
F9F6
F99F
F990
F9CA
F9F4
F9FA
F9DA
F979
F947
F9B1
FA05
F9AD
F97D
F9FA
FA52
FA60
FAED
FBBD
FC15
FC74
FD84
FEAD
FF3F
FF86
0018
010F
0240
0370
045F
051A
05FF
0709
07B4
080E
08D3
09EE
0A7A
0A83
0AE9
0BA1
0BE7
0BA8
0B3E
0AA0
09FC
09FF
0A7E
0A57
0955
0883
0832
07BF
0714
06BE
06D0
06EB
06B9
0611
0507
03BD
0276
01BF
019D
012F
003B
FF87
FF1D
FE5E
FD66
FC5F
FB19
FA37
FA53
FA6A
F977
F818
F712
F62D
F51D
F3F0
F2BE
F1C3
F151
F161
F17D
F132
F0B8
F0B9
F11A
F120
F0D7
F0F3
F171
F1EC
F280
F326
F371
F39A
F450
F554
F5E7
F651
F73C
F848
F8DC
F949
F9FF
FACC
FB6A
FBF5
FCA0
FD64
FE05
FE72
FED2
FEFC
FEC2
FE9A
FED3
FEF5
FEDE
FEE1
FED9
FEC8
FF43
FFFC
0000
FF8E
FF98
0021
0082
0088
00A6
0138
01BA
0196
0158
019A
01F8
0241
02C6
033C
0363
03C9
0476
04B1
0477
0474
04DC
053E
0537
0512
053F
0564
053A
0562
05CE
058A
04BB
0442
0405
03BA
03A2
03A3
0383
0364
030C
0249
01AD
0177
0149
011E
010F
00EC
00DB
00F3
00BA
FFFC
FF20
FE82
FE4A
FE4D
FE08
FD4A
FC40
FB02
F9E4
F934
F885
F793
F6FE
F70F
F709
F653
F51D
F3F9
F34D
F2EC
F270
F1E5
F19F
F1C3
F23D
F2B8
F2E5
F2E9
F330
F3FA
F4F9
F568
F544
F591
F66C
F6D2
F6DE
F774
F83F
F8B0
F91B
F979
F984
F9CC
FAAB
FB94
FC2C
FC82
FCAD
FCE7
FD38
FD79
FDEB
FE9B
FF0D
FF64
000E
00AE
0108
0178
01EF
0243
02D1
0382
03FC
0497
057B
061F
0668
0698
0699
067E
068E
06B1
06C6
06F5
074B
07A5
07D5
07D7
07F5
083F
085B
0854
0881
08B3
08C1
08E0
08D0
084E
07E6
0800
0849
088E
08C4
08B6
0858
0790
0639
04DE
0425
03A9
02FA
0263
01FE
0182
0104
0097
0008
FF52
FEA3
FE18
FDC3
FD54
FC66
FB49
FA82
F9D8
F8DA
F7A6
F69B
F5F8
F5C7
F5B0
F55A
F4C9
F424
F395
F34D
F31B
F283
F1B1
F163
F196
F194
F15D
F193
F244
F313
F3FC
F4CA
F523
F59A
F6E6
F85A
F90D
F988
FA93
FBDF
FCD2
FD53
FD95
FE03
FED7
FFB3
0040
00B0
0145
01F4
0275
0299
02BB
0350
0429
0505
05F0
0684
0671
068D
0768
0823
0825
07F3
07F6
084D
091E
09E7
09F1
098E
0988
09EB
0A22
09A6
08B6
084E
0891
0882
07EB
0775
0708
0652
05EB
0624
064D
0615
05E4
05E3
05DA
05B2
0587
0596
05F3
068B
0749
07D5
07B4
072E
06EC
06C5
0650
05DE
05A6
0565
054A
059F
05C4
051E
0435
03BD
038C
0333
02BC
0255
01D2
00FA
FFFB
FF3F
FED4
FE55
FD7F
FC85
FBB9
FB29
FABE
FA4F
F9A6
F8E5
F87B
F831
F75A
F64F
F600
F621
F5C4
F511
F4B5
F4A8
F490
F45D
F437
F44D
F4A9
F517
F578
F5E9
F69B
F78F
F84F
F87A
F88A
F914
F9D3
FA73
FB1C
FBBE
FC33
FCC1
FD7A
FE1A
FEC0
FF95
004F
00FE
0220
039F
04DF
05AC
067F
07BB
08F7
09A6
0A3A
0B53
0C73
0D00
0D72
0E44
0F07
0F39
0F1C
0F61
100D
1045
0FC4
0F59
0F45
0F06
0EBD
0EA6
0E4A
0DC5
0DA6
0D67
0C7D
0BC0
0BB0
0B8D
0B00
0A6E
09FF
09CF
09FC
0A2B
0A10
09F1
09E8
099C
08D8
07C4
06CE
0673
06B9
0727
0759
0736
06C4
0621
0550
043F
032C
027C
0205
015B
009F
001D
FFA6
FF0D
FE84
FDE3
FCD5
FBD1
FB61
FB11
FA6A
F9C3
F948
F8C7
F862
F822
F7BC
F74A
F70E
F6F0
F6FE
F753
F775
F73E
F75E
F7F2
F84B
F853
F881
F8F5
F98F
FA20
FA78
FAC7
FB32
FB50
FB23
FB91
FCCE
FDE2
FE4A
FE8C
FF16
FFAB
0006
0031
0068
00E7
01C6
02D6
03C7
049A
0590
06A3
0789
0822
089F
0961
0AAB
0C2E
0D47
0DC6
0E02
0E47
0EA9
0F09
0F21
0EF0
0EB0
0E61
0E01
0DAF
0D3C
0C8F
0C1C
0BEA
0B59
0A81
0A09
09B7
08FE
0826
0796
0715
0647
0535
0476
04B7
0578
057D
04D2
047C
0462
03CB
031A
030D
0376
03D8
0413
0432
045A
0490
0491
0454
0422
03E3
0367
0306
02E8
028F
01C6
00DC
0008
FF99
FFBA
FF88
FE2B
FCAC
FC66
FCBA
FC7D
FBE4
FB77
FB10
FAA2
FA40
F9A9
F8EC
F893
F8AA
F8AE
F862
F804
F7DC
F7F8
F829
F855
F8A0
F90F
F966
F97C
F952
F908
F8DE
F8E5
F8DD
F8CF
F914
F97C
F990
F99B
FA33
FB09
FB6F
FB90
FBFB
FCB9
FDA7
FED9
0036
016B
0266
0343
041A
050F
0613
06F3
07E9
093A
0A85
0B9E
0CEE
0E47
0EFE
0F52
0FE0
108D
111E
1189
1191
115E
1150
1106
1061
1056
10E4
10B6
0FC9
0F35
0EDB
0E25
0D62
0C98
0B86
0AC1
0A8F
0A1B
092A
0870
07F6
0741
0638
04E8
038A
02B8
0285
026F
0262
0280
026A
01DC
011A
0083
0058
0073
0042
FFB7
FF51
FEE9
FE2B
FD90
FD2D
FC41
FAFD
FA41
F9B8
F8F7
F8A5
F8A4
F801
F738
F73A
F751
F6AE
F5E5
F574
F547
F56C
F5A2
F5B6
F646
F757
F7D2
F7AC
F7F2
F87A
F88A
F899
F92B
F9BD
F9FE
FA3E
FAA3
FB18
FB78
FB8A
FB74
FBA2
FBF6
FBF7
FBAA
FB60
FB3A
FB51
FBB9
FC51
FD05
FDFD
FF51
00B9
01BF
0251
02F8
0407
04FD
057A
060A
071C
083E
0910
09AF
0A04
0A16
0A79
0B45
0BCD
0BFA
0C42
0C84
0C86
0C8E
0C94
0C48
0BF9
0BE8
0BB9
0B69
0B35
0ACB
0A19
09B9
097F
089C
0769
06EF
0708
06C4
05F9
0519
042B
02FF
01FA
018A
0125
0025
FF2B
FEFA
FEDF
FE25
FD9D
FDD1
FDC3
FCFA
FC87
FCF7
FD63
FD2B
FCBD
FC83
FC51
FBED
FB5C
FAB4
FA11
F99F
F978
F978
F948
F8D8
F876
F833
F7B7
F6F6
F63F
F5AA
F548
F561
F5C6
F5EB
F5E4
F625
F697
F6DD
F6F6
F71F
F794
F845
F8BC
F8CF
F8E8
F91E
F91F
F906
F920
F94B
F95D
F983
F9D4
FA1A
FA18
F9CE
F990
F992
F997
F983
F9B8
FA6C
FB5D
FC36
FCC7
FD39
FE09
FF6A
00E5
01F5
0292
0334
0468
0603
0733
07D4
088C
096E
0A0A
0A8A
0B2C
0B85
0B83
0BCD
0C6F
0CAA
0C60
0C5D
0D03
0DC6
0DFE
0D98
0CEB
0C57
0C09
0BE0
0B84
0ACD
0A15
09D4
09E6
0995
0890
074E
064A
0558
0423
02EC
023C
01F7
0178
00A3
0000
FF9C
FEDD
FD98
FC42
FB42
FAB0
FA42
F983
F8A5
F839
F7E1
F6E9
F5EB
F5C4
F5C3
F501
F426
F422
F4A4
F4EE
F4E6
F4DC
F4E8
F4C1
F431
F39F
F38F
F3C9
F3E0
F405
F493
F54C
F5AB
F5A2
F5C0
F66F
F735
F769
F77B
F844
F96C
FA0F
FA44
FA98
FADA
FAB2
FA7B
FAC1
FB6B
FBC5
FB7B
FB22
FB55
FBBB
FBDF
FC0F
FC8B
FD0E
FD81
FDF0
FE18
FE07
FE3A
FEA5
FED8
FEF6
FF58
FFF1
00B7
01B5
0297
030D
0352
03CD
0492
055D
05C8
05D2
0602
0686
06CB
068A
064D
066D
0697
069B
06A1
06A1
0683
0665
064D
0614
05CB
05A9
05B4
05C2
05B3
0595
0588
0558
04A1
039B
02E9
0272
01BD
012C
0154
019A
011B
004B
0019
0044
FFE7
FF19
FE90
FE20
FD2D
FBF8
FB0D
FA2C
F912
F824
F771
F6A4
F606
F5F2
F5FC
F5DD
F5EB
F61B
F612
F5F1
F5DC
F594
F547
F56D
F5D5
F601
F611
F659
F6C3
F71D
F763
F793
F7D1
F866
F927
F986
F9A5
FA3E
FB27
FB78
FB37
FB2E
FB66
FB5E
FB51
FBAC
FC05
FBD0
FB73
FB90
FBFD
FC3E
FC72
FCEE
FD97
FE4B
FF24
FFF5
0074
00CD
0156
0218
02EA
0386
03CD
0429
04EB
0594
05CD
0601
0660
06B4
0732
07EE
085D
0882
08EF
0961
093E
0903
0961
09FA
0A3C
0A42
0A3F
0A2A
0A2B
0A5E
0A76
0A2A
09C3
09BB
0A18
0A63
0A4A
09F4
099C
0912
082D
072F
0651
0591
052D
054D
054D
0497
03B8
0352
02F5
01F9
009D
FF98
FF25
FEDA
FE3A
FD50
FC51
FB2A
F9EF
F8E7
F7D8
F683
F570
F4FA
F492
F3FB
F3B8
F3C0
F380
F2F5
F2A0
F2BE
F31B
F345
F325
F34C
F413
F506
F5B6
F62F
F69D
F757
F88F
F9A4
FA0C
FA61
FB1A
FBB3
FC24
FCD1
FD38
FD16
FD67
FE59
FEC2
FE81
FE74
FE8E
FE86
FECE
FF5F
FFA6
FFE1
007D
0121
0190
01F2
0245
02AD
0375
0448
04AD
04D6
051F
05B8
06A4
074F
0743
0725
077B
07A1
0754
070E
06C4
0664
0677
06AF
063B
05AB
05C6
05E9
05AF
05A0
0589
051C
0509
054F
0505
0468
042A
03EF
03B5
0421
049D
044A
03D9
03EA
03DF
0381
033B
0300
02EC
0345
035D
02B4
023A
0283
029E
01E7
00EF
003F
FFBA
FF0C
FE30
FD67
FC93
FB66
FA5C
FA1A
FA0B
F95E
F859
F766
F689
F605
F5CB
F51A
F409
F37C
F35A
F2F5
F26D
F205
F1C7
F20A
F29D
F2B9
F2BF
F375
F3F5
F38B
F3A1
F4EA
F5DE
F5EA
F652
F74E
F7D7
F7E1
F81E
F89C
F918
F996
FA30
FAD8
FB31
FAF2
FA7E
FA52
FA47
FA59
FAF5
FBDD
FC7C
FD1C
FDF9
FE6C
FE75
FEF3
FFB9
000E
007B
0199
0296
02E3
0343
0426
04F5
0556
058D
05EA
067A
06FA
0719
06F0
06CB
0692
0621
05CB
05ED
0638
060E
0570
04EE
04CA
04CB
04B5
044F
038D
02FF
0324
0375
0353
031A
0317
02DD
0266
0232
020C
0194
0162
01EA
0258
0204
0198
01A6
01A5
0133
00B9
0052
FFBB
FF2C
FED9
FE3D
FD02
FB9F
FA77
F970
F87C
F78F
F68B
F59A
F50A
F4D8
F4D0
F4A0
F409
F354
F2EF
F285
F1A6
F0E7
F100
F182
F19B
F162
F178
F204
F2A5
F31C
F397
F446
F4FF
F58E
F620
F6FF
F807
F8B2
F8D9
F908
F9C2
FAC2
FB75
FBCF
FC0A
FC1A
FC16
FC66
FCFF
FD7A
FE20
FF52
0055
0099
0107
020E
028F
0255
02A6
0390
0403
0444
0511
05CD
05FE
0633
0688
069F
06C9
0741
0798
07B2
07C7
07CD
07BC
076F
0692
05B4
05BB
0601
0565
0472
0415
03FA
03AB
0335
026F
018D
0164
0211
02BD
02D4
026A
01CD
014D
00DE
0052
FFEE
FFE7
FFFE
0026
0095
011B
0180
01EA
0238
0226
020C
022A
021B
01CA
01B4
01C7
016A
00A0
FFF7
FF84
FED7
FDDB
FD18
FCE1
FCA7
FBDC
FAF9
FAAE
FAAA
FA6E
FA18
F9B0
F910
F899
F86B
F7E8
F72A
F6FC
F72A
F729
F74E
F7B0
F7E5
F844
F904
F968
F975
F9D8
FA1C
F9E5
FA24
FAF4
FB66
FBB6
FC68
FCDB
FCED
FD3D
FD6E
FD24
FD44
FE3E
FF46
FFFC
00B9
0198
0272
0336
0406
0509
05D3
05E4
05DA
069A
07BE
088F
094A
0A3C
0B21
0BBD
0C08
0C21
0C5F
0CC8
0CEB
0CC9
0CCB
0CC4
0C5A
0BE9
0BE2
0BEB
0B7E
0AC3
0A56
0A63
0A5C
09B5
08C2
0838
0813
07DE
0789
0733
06B2
05FB
0543
049B
0410
03BA
035B
02DC
02A5
02A6
0253
01EA
01E0
01A2
00DF
0061
006A
0056
0011
FFDA
FF7D
FEEC
FE57
FDA5
FCF6
FCAA
FC84
FC2C
FBEA
FBC4
FB5A
FAE3
FACA
FAA6
F9F9
F918
F882
F81F
F7A9
F743
F754
F7D7
F83E
F847
F858
F89D
F8A3
F85D
F892
F97E
FA33
FA2D
FA1A
FA6C
FAC0
FB0C
FBA2
FC4B
FCDD
FDB4
FE90
FEAA
FE5D
FEBA
FF97
FFFF
0020
00DC
0215
0302
039F
0450
04E7
0544
05F0
0706
07CA
07FB
0865
099C
0B04
0BA5
0B97
0BEC
0CD8
0D57
0D3A
0D6E
0DE0
0DBA
0D4F
0D49
0D23
0C91
0C4A
0C67
0C2B
0B96
0B15
0A79
09A6
090C
08B0
081A
074D
06C5
06C5
070B
06FB
0636
0519
041B
0336
0271
0219
0215
0217
0222
0216
01AE
013F
0122
00E8
004B
FFC8
FF83
FF34
FF00
FF11
FEF9
FE83
FE0D
FDCC
FD88
FD27
FCE6
FCF7
FD14
FCDA
FC79
FC63
FCB1
FD2B
FD59
FCDE
FC42
FC3C
FC45
FBBA
FB52
FB9D
FBE2
FBB1
FB84
FB9A
FBFC
FCAC
FD19
FCEE
FCE3
FD49
FD76
FD49
FD2C
FCF8
FCAC
FCEC
FDB1
FE4C
FEAA
FEEA
FEBC
FE5C
FE75
FED8
FF22
FFB7
00BF
01B8
0298
038D
0426
045E
0510
065E
075E
07BE
0827
0912
0A49
0B4D
0BF8
0C9A
0D52
0DDA
0E2C
0E98
0F18
0F51
0F39
0F2F
0F47
0F1C
0EA7
0E89
0EC9
0E83
0D9D
0D04
0CDB
0C63
0B82
0A9F
09DF
0989
09D6
0A17
098C
0898
07ED
0765
0692
05A6
0512
04C3
043D
0371
02DC
029A
021F
0131
0044
FFA0
FF22
FECF
FE99
FDF6
FCDF
FC19
FBBB
FAFA
F9DF
F941
F917
F8B1
F819
F7D5
F7E5
F7E5
F7C2
F7BE
F7EC
F812
F822
F856
F8B5
F8FE
F909
F90F
F986
FA54
FABE
FAC4
FB26
FBBE
FBF9
FC3E
FCA9
FCA8
FCDE
FDFF
FEDA
FED1
FF1A
FFAE
FF7C
FF5B
002B
008D
FFC6
FF2D
FF6F
FFCE
0004
0071
0137
0209
0290
02F8
03BD
04C1
0564
05A4
0625
0713
07C2
07E2
0820
08D4
0984
0A39
0B23
0B70
0AE4
0AD1
0B98
0C01
0BBE
0B92
0BA6
0B9F
0B55
0AF0
0AC7
0AA4
09EB
0907
08BC
0892
07F3
0735
067F
05CF
0580
0573
053E
051F
0506
0460
035C
0278
01A7
0121
0122
0110
009A
0057
005B
0001
FF33
FE90
FE5A
FE0E
FD5A
FCCF
FCC5
FC99
FC07
FB7A
FAD1
F9D3
F8F8
F87A
F820
F7EA
F7BD
F773
F753
F775
F799
F7CD
F7EC
F79F
F766
F7C3
F81D
F80A
F802
F851
F8EF
F9B5
FA4E
FAD2
FB89
FC12
FC6C
FD2F
FDDB
FDAC
FD7A
FDF8
FE51
FE1D
FDF1
FDF3
FE12
FE60
FE7F
FE3F
FE0A
FDF2
FDB6
FD8E
FDC3
FE17
FE68
FF00
FFD5
0058
007C
00DA
0190
0252
0344
042D
046F
04D2
064D
07B8
0827
08C1
09CD
0A47
0AB0
0BA7
0C05
0BA1
0BD0
0C4B
0BED
0B4F
0B5D
0BBA
0BE1
0BD2
0B9A
0B5D
0B49
0B29
0AAB
09F8
0986
096A
0962
0975
0975
08C2
0796
06CD
0629
0544
04CE
04A8
03DA
02FF
02FC
02CA
01CA
011E
0105
008D
FFA8
FEC5
FDDA
FD0B
FC88
FBEB
FADA
F999
F89A
F7F8
F764
F695
F5C7
F55B
F542
F51A
F4E6
F516
F56A
F4E3
F3CD
F38F
F3FE
F3E7
F3A1
F3EA
F44E
F4C4
F5BA
F691
F6F3
F7C6
F92D
FA61
FB4B
FC20
FCCB
FD61
FDE8
FE43
FEB7
FF5A
FFAB
FF7F
FF68
FFD6
0046
FFDF
FF3D
FFE1
012D
015F
00FB
0146
01AC
01B9
0202
024E
0282
034E
0427
0437
045A
0502
054E
0570
0614
06C1
0755
083E
08F0
08EB
08CA
08EA
0913
093E
0947
08EB
084D
07E4
07FF
082B
078E
0683
0629
0646
05F8
0574
0507
0482
0430
045C
049A
049B
0462
03DC
032F
026B
016E
00B3
00BE
0128
0164
0147
00B2
0011
FFC9
FF50
FE72
FDD4
FD64
FCEF
FD02
FD2B
FC54
FB14
FA47
F945
F7F2
F748
F718
F68D
F5D6
F571
F556
F562
F567
F524
F49B
F41E
F407
F420
F3C2
F31B
F31D
F3B9
F3FE
F3E3
F41A
F4B6
F54B
F5A9
F5FB
F67D
F746
F852
F94E
F9BC
F9ED
FA9A
FB5D
FB9D
FBEC
FC74
FC9F
FCD5
FD65
FD79
FD58
FDF3
FE76
FE4C
FE89
FF11
FF0F
FF53
FFFA
FFE3
FFCF
00B0
0133
011C
01BF
0287
02BB
037D
0472
044A
0449
0574
0632
0630
06B5
073B
071B
0744
078C
070B
06C0
0769
07D1
0776
070C
06AA
066F
0696
0647
052F
0476
046D
0472
04BC
0525
04B6
03D9
035F
029F
018F
0144
014F
00DE
00C2
0118
00B0
FFE4
FFBB
FF78
FE8A
FDE1
FDB8
FD14
FBD0
FAD2
FA70
F9DB
F87C
F6FE
F60C
F54E
F495
F425
F3B8
F329
F2CE
F272
F1EE
F1C5
F193
F09A
EFB8
EFBE
EFD1
EF83
EF7E
EFDB
F051
F0ED
F18B
F211
F2AE
F343
F3C0
F470
F544
F601
F6BC
F787
F863
F92F
F99F
FA13
FB07
FBC4
FBFB
FCAA
FDB2
FE43
FEFB
0003
0058
00A1
01D1
02A4
0292
02F0
03BC
041A
045C
04AB
04EC
05A2
069E
0737
07A3
07D8
07B0
07FE
0882
0802
076B
07D0
07CE
06FA
06D0
0705
066F
05B0
0581
05B8
061F
0605
04FF
043A
0468
0499
044D
03E0
0371
031E
02F8
02CE
02A4
0244
0148
003A
FFBF
FF6D
FF26
FF54
FF99
FF91
FF87
FF4A
FEA8
FE48
FE38
FDBE
FD1C
FD0F
FD26
FCB4
FC24
FBF5
FBAC
FADA
F9EB
F911
F809
F760
F797
F7B5
F720
F6A2
F666
F608
F5CB
F55D
F43A
F354
F323
F299
F1CA
F1A1
F1CF
F208
F276
F2BB
F321
F42A
F4DA
F4D2
F554
F675
F776
F84F
F890
F877
F91F
F962
F85C
F88B
FA03
F9F9
F9FD
FBEC
FC48
FAF1
FC71
FF1B
FEC0
FE2C
FFF5
0168
01E9
02CF
032C
03A3
05E7
07B7
073B
069C
06F2
0787
08B9
09E1
09B5
09A1
0AC4
0B42
0A83
0A59
0AEE
0AF3
0A86
0A6F
0A4C
0986
08BE
08AD
089C
07DC
074F
0773
0729
05F8
04D9
0470
0474
045A
03FC
03C5
03AC
02F7
01FD
0199
013D
0054
FF9D
FF62
FF3D
FF3A
FEF3
FDFC
FD58
FD83
FD57
FCA5
FC43
FBFC
FB9B
FB69
FAC4
F98F
F900
F8D5
F7C7
F6B1
F6B2
F6C6
F66B
F68C
F6CD
F648
F5B1
F5B0
F597
F50C
F472
F409
F419
F48D
F466
F388
F387
F4D5
F5B1
F54D
F51A
F600
F70E
F787
F7DE
F865
F8E1
F977
FA71
FB64
FBE7
FC42
FCB1
FD23
FD9F
FDD9
FDA0
FDDA
FF08
0007
003F
0094
0169
0280
03DC
04D8
0500
0580
06F5
084C
0954
0A86
0B43
0BA0
0CCA
0E61
0F3B
0F78
0F31
0E36
0D4F
0D04
0CE3
0CD8
0CD1
0C66
0C09
0C12
0BD1
0B5C
0B23
0A69
0948
08C9
0800
061D
04EF
04BB
035E
01C3
0282
0416
03EF
0335
02FC
01FB
0082
001A
FFF9
FF6E
000B
01C3
0260
01C3
012E
0050
FF33
FEDA
FE84
FD55
FCDD
FDAE
FD88
FB8A
F9D2
FA0E
FB6A
FC06
FB77
FAEA
FAC9
FA8C
FA6C
FA6F
FA05
F9D9
FA4B
FA24
F9C7
FA42
F9E4
F80F
F6FC
F61A
F3C5
F2AF
F46D
F635
F7A6
FA22
FB84
FA93
F992
F8EB
F7DA
F777
F794
F73A
F7D3
F9B4
FABF
FACB
FB08
FB25
FB04
FAFD
FAD2
FB22
FC6B
FD4D
FD77
FE55
FFEF
0164
0278
02EC
0372
0552
0798
08D3
09C9
0AC3
0AB2
0A57
0B5A
0D61
0EF1
0F68
0F8B
1067
112F
109F
0FCD
1023
1109
1199
115F
1079
104D
10D7
1004
0E61
0DFB
0DAB
0C99
0C40
0B90
0920
0787
07C6
0765
0677
05FD
04B8
037A
03BE
032F
013B
010D
01ED
00B5
FECA
FE69
FE64
FDF0
FDB3
FD71
FCA2
FB39
F9CB
F990
FA27
F9BF
F8C9
F897
F81F
F6DD
F627
F5AF
F49B
F434
F4F7
F549
F4BF
F43D
F406
F408
F3DB
F2C1
F160
F12E
F1A7
F0FD
EF4F
EEA8
EFF1
F1C8
F2D9
F392
F491
F57E
F619
F665
F63F
F630
F6ED
F7DE
F857
F90B
FA82
FC13
FCF7
FCF4
FC68
FC01
FBFB
FC40
FD01
FE00
FE99
FF03
FFC6
007A
00CB
0141
0221
030A
03CF
0485
0526
05BB
0688
07DC
0980
0ADB
0BD2
0CA5
0D4D
0DDC
0E70
0E82
0DE8
0D9A
0DC4
0D73
0CDD
0D18
0DED
0E63
0E20
0D3D
0C2C
0B53
0A45
08DA
07F7
07E2
081A
08BF
099A
096A
0824
0712
0618
0431
01D0
0035
FFBC
002B
0178
03A3
0625
07FD
08C7
08D9
080D
0615
03A3
017D
FFD3
FF10
FF26
FEFE
FE81
FEC6
FF91
FFC2
FF7C
FF79
FFD4
0027
FFB3
FE61
FD6C
FD5B
FD04
FBE0
FAE3
FAFC
FC4C
FDB5
FDE1
FDB8
FEC5
FFAA
FEB1
FD5A
FD3B
FD96
FDFC
FEA9
FEE4
FE9F
FED7
FF1E
FE70
FDA2
FDB2
FE05
FE37
FEBA
FF1F
FEAC
FE00
FDBE
FD4A
FCB9
FD06
FD8F
FD80
FE73
0117
02E8
0311
03A3
04B9
050C
055D
061D
0678
0742
0936
0A9F
0B07
0BE2
0CB3
0C5E
0BCF
0B94
0B11
0AF2
0C78
0F42
11C6
12E3
1322
13A5
13BE
12C0
125F
12FC
1281
117E
11E0
11EB
1074
1028
1172
11D7
11CC
1259
1193
0F3F
0D78
0BF8
0A0B
0941
0982
090F
089B
091B
0926
086D
07EA
06E3
0537
04A2
0482
0300
01E1
030B
03FB
02AE
0125
00AB
FFF9
FEC5
FDE5
FD07
FBB3
FA99
FA7C
FB2B
FC01
FCA5
FCF0
FC4E
FA93
F8E8
F843
F841
F8B4
F9F4
FB9B
FCF7
FD8E
FCDD
FBBD
FBE9
FCBF
FCB5
FD0F
FF17
0123
022A
0303
0361
0312
0375
0424
0358
0212
0234
02D0
02E2
0381
04D8
0573
0541
0560
0593
0527
052F
06CB
08BD
0977
099E
0A16
0A7A
0AD3
0B95
0C06
0BB4
0BA9
0C28
0C1F
0B71
0AE3
0A63
09AD
098A
0A6E
0B21
0AA1
0A20
0AB2
0B14
0A6A
09CE
0964
0899
0889
093D
0880
06CE
06DB
0802
0836
07EB
074F
057F
03A7
02C9
018A
FFDC
FF62
FFA6
FF52
FECC
FE98
FE4D
FD77
FBE0
FA59
FA18
FA4E
F9BB
F973
FA50
FB13
FB31
FB06
FA21
F8CF
F81D
F78F
F6A9
F656
F670
F60C
F602
F6DC
F74F
F702
F6C4
F661
F5BF
F5A0
F59E
F4DC
F444
F4F0
F5FB
F633
F62A
F717
F8C5
F9E7
FA18
FA19
FA78
FB45
FC2F
FC73
FC15
FC47
FD26
FD9B
FDCD
FE6A
FEBD
FE47
FDB3
FD3B
FCE4
FD24
FD8F
FDA5
FE20
FEFD
FF45
FF78
002A
0067
0082
01BF
02DE
0293
0293
03B6
0471
04A9
0550
05C7
05D8
0688
0772
0755
0692
063E
0692
072D
078C
077C
0719
0663
05D2
061B
06AF
06C4
06EC
071D
065A
0570
05CE
06BA
075C
0821
087A
0776
05C4
0451
0353
0325
038A
038C
032B
02E2
0286
01FB
010A
FF3D
FD34
FBF8
FB51
FAA8
F9D4
F8C4
F807
F806
F7DC
F715
F628
F498
F2A5
F255
F35F
F358
F266
F1F8
F1C9
F1D2
F230
F1A2
F037
EF48
EE5A
ED36
ED57
EE42
EEAD
EFB8
F183
F224
F1E4
F210
F21B
F219
F2E2
F3AD
F423
F54E
F6D9
F7E8
F8E9
F9FF
FAD4
FB93
FC1E
FC73
FCE2
FCD2
FC5E
FCF8
FE25
FE9E
FF4E
000D
FF5C
FF07
0096
016F
014A
02C1
0430
0357
02FD
0497
05C8
067D
07E1
08AD
0834
0797
0786
0863
0971
08D9
0780
07A8
081F
075B
070B
07D7
07E9
06BA
0536
03FB
0369
0344
0312
030D
030E
02C3
02F1
0385
0329
0227
0188
00F6
0072
006B
0048
001F
0093
00D2
00A8
0106
00F5
FFA3
FEAC
FE2D
FCC9
FB8B
FB67
FB20
FAA3
FA34
F897
F690
F606
F5B8
F44F
F343
F336
F36C
F3BF
F36D
F252
F22E
F2E1
F28D
F1D9
F1FF
F23D
F265
F28E
F200
F1E1
F355
F442
F3D4
F41B
F4DF
F4D7
F501
F54A
F4AA
F4A6
F5F2
F69B
F6C2
F7B7
F86A
F872
F929
FA30
FA80
FA74
FA58
FA89
FB86
FC45
FC1A
FC13
FC21
FBD7
FC6B
FD5C
FCCF
FC3D
FD7C
FE9B
FE66
FE48
FE62
FE56
FF03
0012
008D
00F6
015A
014C
01B6
0299
02B7
02DE
0426
0507
04AF
04B9
0582
05A8
04F4
043D
03D0
03A0
03AE
03A4
02D8
0182
00F5
0174
01C0
01AC
01F4
0208
0169
00C7
000E
FF26
FF67
00B7
0137
0140
025F
03CA
0447
0436
03E8
0346
026F
014D
0051
003B
003B
FF7A
FEE5
FE8F
FD41
FB72
FA46
F955
F86F
F818
F7D9
F757
F752
F7E1
F81F
F7A2
F6E4
F6C4
F72E
F6DB
F5F6
F602
F67C
F650
F6D7
F865
F8DC
F879
F927
F9DA
F954
F957
FA7F
FB0B
FAC2
FA99
FA70
FA53
FAC1
FB4B
FBA6
FC24
FC6E
FC50
FC7D
FD00
FD54
FDC3
FE84
FF24
FFA7
001B
0016
FFF3
006C
0131
01EF
02DB
036F
037B
0439
05C7
0696
0674
0665
064A
05DA
05B5
05FA
065D
06E8
0729
06D5
06B6
06DD
0670
0608
067C
06A7
05BC
04D4
045B
03BA
0350
035F
02EC
01C0
0109
0117
00D0
FFB3
FE8C
FDDC
FD1E
FC23
FBA1
FBBF
FBD2
FBB3
FBC4
FC18
FC72
FC97
FC7C
FC64
FC63
FC7B
FD23
FE59
FF4A
FFB7
FFBA
FEDE
FD92
FD09
FCD5
FBFA
FB03
FA4E
F98A
F96E
FA43
FAA4
FA19
F98C
F911
F870
F82E
F86E
F8AE
F8A8
F8B1
F97C
FAAC
FAEC
FAE9
FC6B
FE31
FE2F
FDAB
FE13
FE86
FEE4
FFBF
004E
005C
0088
0030
FF4F
FF58
FFDA
FF48
FE6F
FE98
FF33
FFC4
006E
00A1
006B
010A
027C
0317
0266
01E3
0273
034F
03A6
0392
039F
048E
063F
072E
0717
079C
08A7
089E
0809
07E2
0763
06BA
06D5
069D
0575
04CD
04A2
0402
0394
0349
0211
00E9
0103
0135
005E
FEE2
FDAD
FDA8
FE4A
FDF8
FD13
FCB0
FBDA
FA34
F8F3
F7EA
F6C8
F699
F6CD
F621
F5A7
F600
F5D9
F51D
F487
F3BD
F2ED
F2B9
F2C6
F2E8
F326
F31C
F335
F377
F29D
F13B
F0F4
F0F9
F0C6
F184
F206
F114
F0BB
F10D
EFA8
EDFD
EE40
EE61
ED25
EC41
EBF8
EBD6
EC2C
EC39
EBF4
ECCF
EDF9
EDF6
EDF2
EE62
EE2C
EE2D
EF65
F100
F2DB
F4C4
F581
F5E5
F755
F870
F87D
F8BF
F8EA
F89E
F925
F9FC
F9CF
F9DB
FAC4
FB4A
FBD1
FCF1
FD58
FD47
FE39
FF4A
FF8E
002E
017D
02B5
03DF
0501
060C
076C
0865
081B
07F1
08E3
098D
0987
09F4
0A91
0A8F
0A64
0A44
09C0
091A
08A1
082A
07E2
07CE
074F
067C
0615
05F6
059C
059C
0676
0726
0679
04CF
0360
0296
01DC
00D3
FFF8
FFBA
FFB1
FF8B
FF90
FF93
FF25
FEC0
FE8F
FD8D
FBEC
FB4D
FB4D
FA45
F921
F955
F967
F81E
F6FE
F6C2
F683
F69E
F72C
F6A3
F5D4
F74B
F968
F939
F8BE
F9F8
FA01
F7DD
F6EE
F790
F72B
F652
F67F
F6C7
F6F2
F788
F783
F6EC
F746
F7F5
F7E6
F80C
F882
F865
F890
F99D
FA69
FAC9
FB2F
FB1C
FAF7
FBB2
FC95
FCF3
FD63
FDCC
FDEB
FE6B
FF24
FF53
FF6E
FFFC
0077
0077
0030
0044
012B
0200
01FD
0288
0478
0620
0682
0673
0650
0677
07CD
09B8
0AB5
0AFB
0BD6
0D69
0EA7
0EF9
0F1B
0FB5
102E
1011
0FC1
0F49
0EBB
0E8E
0E3A
0D39
0C86
0C83
0C44
0C04
0C67
0CB0
0C4E
0B86
0A9B
0A1C
09F6
0942
08DB
09E2
0A79
0978
08F2
0949
08DA
082D
07DB
06AB
0525
04D7
04E7
043B
0318
019E
0062
FFF4
FF0B
FD39
FC37
FC03
FB69
FB46
FBE7
FBBF
FB3F
FBF4
FCD1
FC51
FB4D
FAFA
FAFE
FA5E
F956
F968
FAAE
FB3A
FAD0
FB35
FC45
FCAE
FD02
FDBE
FDB7
FCF4
FD01
FDDD
FE2B
FDA9
FD2A
FD0E
FD0D
FCFD
FCE8
FCD5
FCEF
FD3D
FD57
FD5B
FE19
FF58
0002
004A
00FB
019C
0198
0183
01EB
02A9
0348
0348
02D8
02E3
0397
0414
0400
040F
04D0
05AF
05C7
058C
0619
06F6
06F5
0677
066B
06A6
06CF
06ED
0700
0742
07A5
0776
06E0
06B3
0679
059F
0515
0555
0597
0595
054C
0464
0356
02F0
02E5
02A7
0227
016D
00EF
00FE
00DA
0082
0114
01EC
0160
0045
0058
014C
0233
029D
0212
0145
0158
0126
FF80
FE22
FE21
FDD1
FCA0
FBBC
FB2B
FAA6
FABD
FAFD
FABF
FAF9
FBFA
FC70
FC36
FC58
FCFC
FDE9
FF28
0061
0172
0291
036C
03F0
04DB
0613
06B3
06CE
06FC
0740
078F
0808
0894
08DE
0899
0822
084B
0896
07D6
06EA
0750
07F9
077D
06EE
0784
0894
0965
0A19
0AA1
0A82
09E2
09D4
0AD6
0BAD
0B8A
0BBB
0CF2
0DD4
0DD2
0DF7
0E74
0EA2
0E85
0E6B
0E3E
0DC5
0D00
0C6C
0C4E
0C16
0BA6
0BB2
0C0B
0BFB
0BAC
0B00
0992
0897
090C
0976
08B5
07E6
07DB
083C
08C4
08CB
07B4
065A
0592
04C1
039C
02BC
023B
01E2
01BC
0186
011C
00E1
00BE
003D
FF93
FEFC
FE30
FD36
FC4D
FB77
FB11
FB3D
FAFB
F9EF
F922
F8BC
F7FD
F74D
F71E
F6BF
F64D
F677
F644
F4CA
F357
F304
F310
F2D7
F293
F276
F2A7
F323
F399
F41E
F51C
F672
F7AF
F889
F92D
FA44
FBD3
FD05
FE00
FFA7
0156
0210
0285
034D
03BB
03C4
040D
0460
0437
03D3
03D3
047A
055E
05E9
0614
0621
062F
066A
06CE
0776
08F5
0ACD
0B9A
0BEA
0D2C
0E94
0F3B
1003
10F5
1179
1242
1311
12C4
125E
12F3
1381
13D8
142E
1355
1211
125E
12B2
1177
10A7
1072
0F0D
0E11
0EC4
0E7E
0CFA
0CD7
0D46
0CA3
0C74
0CBE
0B57
0925
082F
0786
0663
0619
06C0
06FA
069D
0654
0627
05EB
05A5
050E
03E0
02A5
020D
0199
0083
FF53
FEBD
FE17
FCB9
FB18
F9CB
F90A
F8DB
F8AE
F82A
F7EB
F805
F791
F6B8
F6AD
F737
F70A
F647
F617
F66B
F653
F5DA
F5AE
F5AE
F586
F5BE
F68D
F725
F773
F86B
F9DC
FA8F
FA85
FAAE
FB16
FB6A
FBE9
FCC2
FDB6
FE8A
FEF2
FEC8
FEB8
FF6A
0048
0086
007D
00DC
0175
01B6
01B8
0210
02C7
034D
037F
03C0
041C
0485
0540
0630
06BC
070C
07E5
0921
09E5
0A4E
0B6C
0D3C
0E59
0E6B
0ED5
1001
10BD
10C8
10D9
10D2
10A4
10F4
1155
10D1
0FDF
0F57
0F15
0ECF
0E3C
0D45
0CD4
0D60
0DC6
0D8B
0D49
0C8C
0AFB
09EB
09D3
0999
093B
0956
0986
09BA
0A39
0A15
08E4
07F5
07A5
0711
069D
06B7
0613
048E
03ED
03FB
02FE
0188
00B7
FF76
FD8C
FC96
FC42
FB47
FAA4
FB02
FB0D
FABE
FAB7
F9BA
F78F
F62B
F5C7
F55B
F553
F592
F543
F57C
F6DC
F769
F6A9
F66B
F6BC
F698
F695
F727
F798
F7B2
F7AD
F795
F7CC
F863
F8A5
F876
F889
F8FA
F950
F989
FA1D
FB07
FBB5
FC4E
FD8D
FEE1
FF28
FF0A
FF99
0040
007C
00CF
00F7
0091
0083
0145
0208
0287
0308
0346
035A
03E1
0463
03FB
0349
038D
045F
047A
040B
043B
04EB
0516
04BF
0476
03FC
030D
023B
01F4
01C9
011F
0005
FF66
FFE1
007D
0001
FF0B
FEA1
FE3F
FD60
FCA9
FC3B
FBBF
FBD7
FCAA
FCF5
FC70
FC3B
FC82
FCE2
FD8E
FE19
FE07
FE52
FF30
FF1D
FE26
FDD8
FDFA
FD99
FD22
FCD0
FC32
FB99
FB4E
FAE9
FA6B
FA2A
FA60
FB2F
FBE0
FB7D
FA9E
FA5A
FA82
FAC3
FB2B
FB84
FC00
FCBF
FD14
FD46
FE52
FF5B
FF6D
FF88
000B
004F
00DE
01A9
0175
0126
022F
0342
0355
0386
03F1
03D3
03D2
0470
0518
05C2
06BE
07E6
0906
09CA
09E5
09AE
0982
0993
0A58
0B77
0BEC
0BF7
0C6B
0D2B
0E03
0EB3
0E96
0E34
0EA3
0F38
0F0B
0E99
0E00
0D10
0C86
0C4C
0B81
0AE5
0B50
0B8A
0ABD
09CC
092C
0892
0802
0761
068F
05E0
056F
052A
056D
0636
06B4
065A
0544
03D2
0274
017B
00DD
0067
FFFC
FFBF
FFDD
FFFC
FF88
FE8E
FD76
FC87
FC01
FBB9
FB16
FA45
F9E2
F994
F8EF
F88F
F874
F7A1
F634
F549
F4D8
F433
F385
F33B
F353
F3A0
F3B2
F32A
F26C
F1DA
F140
F0AE
F070
F049
F037
F0AB
F148
F178
F1B3
F275
F35E
F42C
F4D5
F54C
F60A
F75E
F8A0
F970
FA24
FAC6
FB61
FC31
FCC8
FCCC
FCCE
FD15
FD62
FDCF
FE6B
FF25
0045
01A6
02DC
0425
0532
0534
0528
0658
07A6
0829
08EB
0A0D
0AC2
0B81
0C91
0D37
0D9C
0E1F
0E31
0DE9
0DF7
0DF1
0D74
0D19
0CF1
0C73
0BC4
0B46
0AC6
09DD
089C
0793
0700
067B
05F3
05AD
0526
040E
034E
0363
037F
0326
0297
01D6
00F8
0055
FFFB
FFC3
FF96
FF3C
FEBD
FEB1
FF27
FF19
FE13
FD49
FD50
FCDB
FB70
FA59
F9A1
F85A
F75D
F738
F687
F55E
F513
F4A1
F33B
F2A8
F2F1
F23B
F175
F208
F25D
F1C1
F1AC
F1EB
F179
F0DB
F034
EF42
EEE5
EF27
EEE3
EE7F
EEC8
EF18
EF59
F004
F027
EF76
EF72
F030
F066
F06F
F110
F19C
F1ED
F29E
F312
F2CA
F2E4
F3CA
F457
F44C
F48B
F522
F592
F5FC
F6A3
F759
F7F1
F879
F917
F9C5
FA55
FAF6
FBF5
FCBF
FCDB
FD5B
FEFD
0064
00B1
0129
026E
0381
0446
057F
06AC
072E
07AE
0845
0802
075D
07C0
0895
0845
0733
0692
060E
051B
043E
03B3
02FA
0226
01C8
01F7
0267
02A6
0240
015E
00BA
0079
FFFC
FF1A
FE95
FEE0
FF3F
FF0D
FEB7
FE92
FE50
FDFA
FD9E
FCCE
FBE4
FBAB
FB6B
FA49
F940
F8EE
F857
F759
F699
F5B2
F47F
F3CB
F367
F2CC
F2AB
F2FE
F273
F146
F0D7
F0C1
F019
EFB3
F032
F08E
F034
EFEF
F038
F0F2
F210
F305
F347
F39A
F485
F4C9
F402
F3C9
F450
F421
F3A4
F424
F4C5
F4A2
F4A6
F4F2
F4AC
F47A
F51B
F59A
F59D
F641
F798
F8AA
F968
FA25
FAB6
FB18
FB39
FAD5
FAAC
FBB4
FCEE
FD0D
FD28
FE72
FFBD
002B
00A7
0157
0181
019C
0209
01F7
018B
01DE
02B0
0323
033E
0323
02F2
0337
0395
0302
01CA
0113
00EC
0079
FF3E
FDB8
FCDA
FCA7
FC6C
FC46
FC49
FBA3
FA65
F94C
F7F0
F682
F67D
F73D
F6D9
F617
F64F
F677
F62A
F66E
F6DE
F6DA
F713
F74C
F6C5
F67F
F730
F7D1
F7D5
F75B
F655
F580
F552
F4C4
F3F4
F43A
F4BA
F3F9
F332
F39B
F411
F404
F430
F47C
F4A5
F51D
F5A0
F58C
F57D
F63F
F74F
F7E8
F846
F8F1
F9B0
FA1A
FA70
FAFE
FB81
FBED
FC6E
FC95
FC39
FC10
FC40
FC53
FC7C
FCC0
FC7E
FC16
FC47
FC81
FC73
FCDF
FD5F
FD09
FCB3
FD28
FD87
FD80
FDE9
FEB2
FF38
FFAB
0049
00EB
01B1
02BD
03AB
042B
0472
04CC
0525
0536
050F
0508
0536
0564
0544
04AE
041B
043D
04BA
04BD
045E
0421
0424
0451
040A
02CD
01CF
0225
026C
01AD
016D
0204
01A1
0012
FED6
FE2B
FD7A
FCB3
FBD1
FB05
FAB0
FA7B
F9FF
F999
F948
F896
F7D0
F75D
F6DE
F635
F5E4
F605
F609
F587
F4F5
F4E2
F483
F2F0
F176
F162
F155
F03B
EF7C
EFB9
EFE4
F00E
F0A0
F089
EF86
EF05
EF54
EF5D
EEEA
EE95
EE8A
EEB0
EEFA
EF79
F06E
F1D2
F30E
F3CB
F475
F574
F674
F6FD
F769
F856
F997
FA9F
FB37
FB2A
FA99
FA5F
FAA2
FA75
F9FB
FA67
FB91
FC69
FCF1
FDA5
FE70
FF44
0011
0081
00CE
018F
0296
0355
03DB
0487
0588
06B8
0785
0793
0791
085D
0978
09B2
094F
09A1
0A9A
0AF2
0AA3
0A9B
0AD4
0AE7
0AE7
0A83
0988
08D6
08BC
0858
078A
06F0
0677
0618
061A
061B
05F3
05FB
059C
0453
0345
031C
0306
02EF
0344
037D
0365
035E
02E1
0199
0058
FF6F
FE87
FDC8
FD2C
FC89
FC47
FC3D
FBB9
FB10
FA69
F907
F7A6
F79A
F7DB
F741
F6F7
F781
F7AD
F785
F7C7
F7A2
F67C
F591
F5BC
F627
F60F
F5E8
F62A
F671
F687
F6CB
F719
F73F
F7F3
F92B
F992
F948
F9C5
FADD
FB83
FC00
FCAA
FD2D
FDA3
FE13
FE2E
FE37
FE40
FDF2
FE0B
FEF9
FF71
FF5B
0024
010B
00A1
003F
011F
01F4
0216
024E
02A3
02F3
036D
0382
0354
0447
05FD
06AC
06C8
07CE
0932
09F8
0A8D
0B2C
0B68
0B8B
0C19
0CB9
0CD0
0C6E
0C25
0C4B
0C68
0BF1
0B4E
0B0D
0AD5
0A57
0A00
09F2
09E4
0A16
0AB3
0B07
0AB4
0A4B
09DB
0906
085B
0888
08E0
08B8
0888
08A3
08A1
086F
0827
0783
06A4
05E2
0502
0406
0376
02E2
0197
0054
FFAF
FECD
FD8F
FCD8
FC53
FB77
FB0C
FB09
FA4E
F94D
F906
F8DD
F84A
F7BF
F72B
F68D
F687
F6C2
F6C4
F75A
F854
F835
F77C
F7D6
F8EC
F9A1
F9E7
F9C4
F95E
F93F
F923
F8B5
F8AA
F92B
F982
F9C6
FA25
FA30
FA38
FAAD
FAE1
FAD7
FB86
FC8F
FD29
FDDE
FEEA
FFA1
0030
011E
0218
02CB
0342
036F
0396
03F6
0448
04B4
05B5
06C5
073D
078A
07F2
0806
07E5
0802
0828
0830
0890
094C
099D
0955
092F
0955
0915
086A
07F7
079F
0716
06BE
068E
05FC
057A
05D0
0687
06D9
06DC
06B0
060B
04E9
03EB
039C
03B4
03BD
03F2
046F
04C2
051A
05B6
05B2
04FB
04F4
0592
05A6
0591
05D8
05BF
056B
0554
049A
0337
025A
0196
0036
FF3E
FEF2
FE73
FE49
FF0E
FF9F
FF3F
FE8E
FE0C
FDEB
FDFB
FDBA
FD8D
FE18
FE9B
FE6B
FE42
FE9A
FF31
FFFC
00D2
017B
0206
0216
0181
0126
0164
019B
01C0
01FA
01F3
01EB
020B
0198
00CD
00C1
012B
015B
019D
01E7
01F9
025D
02FB
0322
033C
03BD
042B
04C5
060E
073A
07AB
0804
089B
0940
09F9
0A6F
0A35
09C3
09AB
09AC
095E
08CA
083F
0805
0802
07DA
078A
0756
0745
070C
0691
0646
0653
0617
055D
04C7
0473
042A
044D
04D1
04F8
04DB
04D3
0467
038A
02BC
01E7
0148
0191
022C
0244
0248
023E
019E
0116
0141
015F
0130
0119
00BD
0014
FFCD
FFB4
FF3E
FEA4
FDEF
FCFE
FC23
FB5B
FA55
F95E
F8AD
F837
F84E
F893
F7FB
F6FD
F6C3
F6C8
F63D
F5B7
F5A7
F5A3
F58A
F56A
F548
F595
F682
F784
F85D
F95E
FA86
FB82
FC44
FCE4
FD6B
FDF2
FEA7
FF86
0028
0030
FFEB
FFF5
0053
0081
005A
0048
00AF
0199
02CA
03D4
048A
055F
0682
0760
07F2
08EF
0A04
0A5A
0A8E
0B7A
0C94
0D7A
0E81
0F6D
102A
1126
11C3
115C
10F2
1107
10E1
10CC
112A
10D8
0FD7
0F8E
0F91
0EC6
0DFD
0DA9
0CEF
0C27
0BEA
0B47
09F8
0920
08EB
08D6
0901
0916
0881
07DD
07A0
0716
062B
05BF
05F7
066C
06E7
06D9
05EA
0507
04E4
04AD
03C6
02EC
02AC
028D
0224
017A
00C0
002C
FFA5
FED2
FDDA
FD29
FCB4
FC55
FC20
FBFC
FBDC
FBED
FBEF
FBA2
FB5C
FB2C
FAB9
FA35
F9D1
F94E
F900
F942
F958
F90B
F94C
FA0A
FA68
FAA0
FB1C
FB76
FBCB
FC97
FD69
FDB8
FDDA
FE38
FECE
FF69
FFD9
003C
00BE
0111
00F0
00AF
00C4
0162
0256
0309
034A
0388
03D9
03FC
042E
04A7
051F
0574
05CE
0647
0701
07EE
08B0
0941
0A0B
0B4D
0CBA
0DAF
0E26
0EEA
1000
1074
1056
1066
1073
1063
1095
106E
0F8A
0EEA
0EA9
0DED
0D23
0CAF
0BD5
0AE0
0A8B
0A4D
0A39
0B0F
0BBB
0B15
09F5
08F5
07FD
0795
0779
06E4
06B3
075B
078B
0730
0728
06B8
0592
04F2
04C5
043E
03DC
03A1
02CA
01EB
018C
00C0
FF6F
FE99
FE02
FCE5
FBA9
FAE7
FA62
F9D7
F96D
F93D
F910
F8BF
F865
F805
F7A1
F764
F71D
F67D
F61B
F67E
F6E5
F6BD
F685
F676
F65A
F648
F643
F652
F6C0
F713
F6A5
F63C
F69A
F708
F711
F733
F77A
F79F
F7AE
F7B3
F7D9
F854
F8D3
F943
FA07
FAE4
FB71
FBCD
FBDE
FBA8
FBEB
FCAC
FD0F
FD47
FDEF
FE9D
FF24
FFE1
0086
00E0
015E
01F2
0264
0314
03E6
045F
04BC
0533
0582
05B1
05C2
0579
0529
051B
04C0
03F4
0358
02F7
026D
01C3
0110
005B
FFDD
FF94
FF41
FED6
FE57
FDB8
FCEC
FBF0
FB25
FB00
FB16
FADC
FAD0
FB40
FB7F
FB6B
FB9B
FBFB
FC35
FC86
FCE8
FCEE
FC93
FC21
FBC0
FB76
FAF7
FA03
F902
F86E
F82B
F805
F7E9
F7C2
F7B1
F7ED
F86B
F8FB
F93D
F8E4
F885
F8DD
F958
F943
F939
F9A2
F9D4
F9C2
FA24
FAD2
FB2D
FB50
FB8B
FBF2
FC98
FD2B
FD1B
FCC7
FD06
FD72
FCFC
FC17
FC33
FD2E
FD76
FCAB
FBE1
FBA4
FBAF
FC00
FCA6
FD5B
FDED
FE51
FE94
FF1D
0019
00DC
0116
018F
02A3
038F
03EC
0453
050C
058F
059D
05AE
0603
0653
0686
06B0
0682
05F5
0598
0574
0516
04D4
051E
0575
058A
05B4
05C2
055F
04FC
04AD
03D8
02DA
02BB
034D
039B
039B
03C7
03C4
02CE
0114
FF91
FEB2
FE33
FE02
FE00
FDB0
FD18
FCB4
FC58
FBC0
FB60
FB62
FB61
FB64
FB4F
FA8B
F97C
F93A
F96A
F8EE
F7F1
F722
F682
F601
F598
F4FF
F45C
F41A
F40B
F410
F457
F47C
F423
F3D4
F39C
F2E9
F240
F25E
F28C
F245
F240
F2C9
F394
F4A3
F5B3
F671
F762
F892
F930
F96F
FA0B
FA8C
FA86
FA98
FAEB
FB27
FB5D
FB44
FA88
F9F8
FA2F
FA80
FAAE
FB74
FCD0
FE01
FEBF
FF59
000F
00B6
011B
01A0
029C
0377
03D2
045F
056D
0658
06FB
07C7
0897
091A
0993
0A1A
0A35
09DF
09B0
09B7
0986
0932
08F5
08AC
0871
084B
07A6
06B6
068D
06C9
062F
0528
0481
03EA
039C
042D
04C2
0490
0412
0343
01ED
0112
0134
0151
00D9
0049
001B
0053
0046
FF46
FDF0
FD3B
FCFE
FCAB
FBF5
FAD7
FA08
F9FE
F9D5
F916
F88F
F85B
F805
F7D5
F7AD
F704
F66B
F67D
F6C2
F723
F7AF
F7B1
F746
F76C
F7C5
F780
F73D
F796
F7FE
F82B
F843
F821
F804
F892
F99B
FA55
FADA
FBD2
FCF7
FD98
FE00
FE95
FEBE
FE8C
FF1C
0029
0069
0029
0049
0065
005C
00B7
010B
00E4
0108
01C8
027F
030A
0382
0397
0398
042D
050B
05BF
0667
06CE
06BF
071E
0891
0A2B
0B2D
0C2B
0D64
0E52
0F15
0FF2
105D
106B
1103
11BD
117A
10C7
109F
1097
1041
0FE2
0F4E
0E83
0E42
0E64
0DCF
0CAB
0C2A
0C8D
0D3D
0DC7
0DDF
0D74
0CDE
0C3B
0B56
0A7C
0A28
0A17
0A00
0A56
0B0B
0B21
0A75
09D6
0949
086B
07B0
075A
06D1
05E6
04FB
0430
0379
02AC
017B
0028
FF3E
FE8C
FDA9
FCC0
FC09
FB7D
FB11
FAAC
FA5C
FA41
FA1D
F9F1
FA40
FAE1
FB0B
FABC
FA77
FA73
FACA
FB4E
FB8C
FBAD
FC18
FC7E
FC99
FCAB
FCC2
FCB0
FC83
FC70
FCB3
FD3A
FDA5
FE15
FEC1
FEE7
FE32
FDDE
FE8A
FF4C
FF9F
FFD8
004C
013C
025E
030A
0364
03B8
03AE
038A
03DC
0422
042F
04B6
0560
0598
05FA
0695
06CA
0726
0810
08BB
092B
09D4
0A15
0A09
0ABA
0B98
0B96
0B58
0B85
0BA2
0B53
0A8A
0989
0922
092F
0880
0746
0698
065B
064C
06C3
0744
0705
0640
0510
0372
0267
026F
0287
0268
02E3
03A7
03DC
03CC
03CE
03B2
03AD
03D0
03A5
036E
039C
036C
0263
013D
0024
FEBF
FD96
FCDC
FBD6
FACD
FA88
FA49
F959
F8BA
F924
F9C2
F9DB
F9A4
F985
F99E
F9B0
F98A
F975
F9A0
F9C0
F9DF
FA55
FB23
FC15
FCF2
FD6D
FD98
FDD2
FE11
FE2C
FE5C
FEBB
FEF2
FEBE
FE61
FE59
FEAA
FECF
FEBB
FEDC
FF03
FED5
FEC8
FF11
FF30
FF4F
FFFC
00D6
0175
022E
02DF
031F
0344
03A1
040A
04AC
059B
0629
0625
063F
069B
06D8
070D
074E
074C
06FD
069F
064F
0646
0685
06A0
06B6
074E
07EB
07BD
0745
0739
0732
06CD
0647
05AE
0525
0534
05D4
066A
06A1
0653
0577
045D
0335
022D
01C8
01F7
01F1
019C
015A
0127
0123
015F
0112
001C
FF98
FFBC
FFC6
FF99
FF45
FE9D
FE03
FD90
FCAF
FBA9
FB05
FA2E
F90B
F865
F7E7
F6FF
F660
F64F
F617
F5CD
F5BF
F58B
F544
F537
F4E4
F442
F412
F444
F464
F4DE
F5FC
F744
F864
F952
FA18
FAF4
FBD8
FC4A
FC5D
FCAD
FD67
FE30
FE97
FE92
FEA1
FED9
FE9B
FE11
FE3D
FF0C
FF9E
0011
0103
0269
03F2
052C
05B1
05F6
0682
06CD
06B1
0715
07FF
08AD
0962
0A71
0B2A
0B8E
0C44
0CD5
0CB0
0C75
0C81
0C6A
0C42
0C39
0C05
0BA7
0B63
0B1A
0AAC
0A3F
09E0
098A
0910
084D
0786
06CB
05B0
04B3
04D7
0592
05C3
05A2
0584
04E5
03B4
0265
0141
00D0
0129
0143
00B1
0055
0065
0007
FEF9
FDDC
FD26
FCAF
FC0D
FB31
FA62
F9AB
F916
F8E1
F8CF
F864
F7C1
F718
F643
F570
F4E0
F449
F3BC
F3DE
F486
F4BE
F432
F36A
F2E9
F2AB
F258
F1DB
F18B
F189
F15E
F0B5
F01F
F06A
F16A
F23C
F2A3
F314
F3A2
F414
F46E
F4BC
F516
F5C3
F6B3
F77D
F800
F863
F8B2
F8D9
F8D3
F8D7
F92C
F9AE
FA2F
FAD7
FB7C
FBFB
FCEF
FE4B
FEE7
FEDC
FF71
0074
00D6
00B5
00BC
0159
02BC
0438
0511
05B5
0694
0763
082B
08FD
0965
097D
09A7
09B3
09BC
09E9
09BF
097A
09B9
098E
085E
0791
07BA
07B7
073D
06BA
0635
061A
06A1
0727
0796
080F
07D4
06DC
0618
0594
0529
0543
0574
0531
0521
0542
04D7
0478
049E
044B
0370
02F4
0258
0107
FFE4
FF58
FED5
FE50
FDBA
FCB2
FB95
FACA
F9EB
F8EE
F84E
F7E4
F784
F79A
F7FF
F7F5
F78A
F739
F6F0
F687
F618
F5A5
F568
F5A4
F5D9
F584
F53D
F575
F59E
F57B
F55F
F53E
F517
F51F
F50D
F4EC
F567
F626
F663
F6AC
F771
F810
F870
F8BD
F8A8
F8E1
FA24
FB39
FB81
FC61
FDEC
FEE4
FF8E
003E
006E
00BC
01B8
0260
0295
032F
03C0
0411
04FE
0628
06BC
0736
07D0
0846
090E
09E3
09F1
09F3
0A9F
0AF4
0A8D
0A3A
0A2F
0A3D
0A45
09E2
093D
08C1
080B
0719
0680
05E1
053A
05A0
069E
06BE
064C
05C9
04A9
0374
0313
02FB
02F6
0388
0440
04CE
059A
0621
05F3
05C5
05AD
0557
054A
054B
04A6
041E
0412
0380
02AF
024E
016D
0009
FF58
FEE0
FE23
FE49
FF02
FF12
FF58
003D
0026
FF55
FF8B
0041
001D
FF9B
FF71
FF8C
FFBE
FFBF
FF8B
FF9F
0006
007A
0105
0161
014A
0142
017F
0182
0146
010D
00DC
00EE
0128
0102
00E5
0149
014F
00B3
00B8
0182
01EF
021E
0305
0474
058E
0607
062D
0651
069E
072F
07DD
0836
086F
093B
0A28
0A84
0AFF
0BD4
0BEC
0B97
0BFD
0C5F
0BFD
0BE5
0C5D
0C84
0C7B
0C7A
0C25
0BF5
0C38
0BE9
0AD6
0A1C
0A02
09FD
09A1
08AF
07B9
07A1
07F3
07E7
07C0
077B
067F
0522
040A
0300
01D8
0116
00F5
0126
017E
01F6
0224
01BC
0149
0136
0118
00DE
00D4
0082
FFD4
FF87
FF35
FE2B
FD51
FCEB
FBDB
FA6E
F980
F890
F7DC
F811
F808
F746
F72D
F777
F6DD
F624
F5FF
F59F
F506
F4AE
F470
F49B
F54A
F5A8
F5E1
F6C8
F7EF
F8E7
F9F6
FAAA
FAB1
FADE
FB54
FB4C
FAF1
FAE8
FB03
FAE6
FAED
FB62
FBB5
FB8A
FB92
FC18
FC82
FD0D
FE38
FF2B
FFAA
00B5
01C5
01DF
0230
036E
045E
04DE
05C4
06A4
0737
07F5
089D
0923
0A1F
0B2A
0B9C
0BEA
0C48
0C5D
0C6E
0CCC
0D26
0D15
0C8C
0C21
0C4F
0C60
0BC5
0B1A
0A7B
098C
08D8
0865
075F
062E
05AB
0596
05CD
063D
0629
05A0
050F
03E4
0257
0192
0139
009A
001F
FFB3
FF2C
FF0E
FEAF
FD57
FC3D
FBCB
FB07
FA71
FA91
FA74
FA44
FA81
FA08
F8BB
F7DB
F71D
F5F7
F52F
F4CD
F44E
F3F9
F3C5
F390
F3BE
F3D0
F331
F2A0
F266
F215
F1EB
F1CA
F14F
F11B
F114
F06C
F038
F146
F23A
F2DD
F3F4
F491
F48B
F53B
F5F6
F5C7
F605
F6E6
F6FC
F6CC
F768
F812
F844
F857
F832
F7DB
F7AE
F7B8
F827
F913
F9E9
FA70
FAE5
FB2A
FB3F
FB6D
FBB5
FC2E
FCEA
FD91
FE5B
FFB8
00FF
01CD
030C
04C4
05E4
0685
076F
084B
0893
08B9
091D
095B
0940
0950
09B1
09EA
09F5
09E5
094A
0872
0822
07E2
0741
0709
0753
079F
0855
0939
0946
08F2
08DE
085D
0799
0737
06AC
0628
0676
06A4
061F
05E6
05A4
0497
03DF
03CF
034A
0299
0244
0197
00C6
007F
0015
FF25
FE41
FD3C
FBD0
FA92
F9E9
F9A9
F980
F924
F8DB
F903
F93C
F928
F8C9
F826
F7A8
F784
F718
F674
F641
F605
F581
F594
F626
F675
F6B2
F6D4
F6C0
F71A
F777
F72E
F765
F85A
F8A8
F8B7
F960
F99B
F976
F9E5
FA0F
F9BC
FA18
FAC9
FB4A
FC0A
FC67
FC79
FD8A
FE6B
FDEF
FDEF
FE89
FE48
FE88
FF84
FF28
FEC6
0039
01B0
02BC
041F
0464
0474
062E
06D1
05F7
075C
08BD
0729
075D
09DA
08E8
071D
0964
0B06
0919
081F
08AB
0891
08D7
088E
0684
0619
07E8
0862
07E8
07E3
06CC
05A4
05FC
053C
0330
0347
04C6
0517
0550
0602
05EE
05DE
068B
06CD
06A1
068B
05D6
04E0
04A8
045D
0357
0275
01C1
007C
FF23
FE8B
FE5C
FDE2
FD34
FCDC
FCE0
FCD4
FCD5
FD41
FDA5
FD8F
FD7C
FDB0
FDB8
FD90
FD6A
FCFB
FC6E
FC83
FD01
FD25
FD5F
FE34
FF02
FF85
002F
0091
004B
0032
008C
00C0
00FF
0172
019F
01FE
02D4
02DA
020D
0213
02CF
0332
0395
0432
04C6
05AD
0655
05EF
05F0
071F
0775
06B7
071B
0872
0919
0951
098D
0967
0952
09B2
09FC
0A46
0AE6
0B11
0A96
0AB6
0BA2
0BDA
0B13
0AD2
0B83
0BE5
0B98
0B49
0B12
0B04
0B5A
0B59
0A90
09E4
096D
08B6
08BC
09CE
0A53
09FB
09BC
0948
087B
07F2
0702
0573
04E6
055B
0538
04C8
04D0
048E
0409
03EB
0390
02C2
026A
025F
01FB
016A
006F
FF00
FE35
FDDE
FC9C
FB32
FAE8
FA96
F96E
F8CB
F8DB
F86C
F7E7
F818
F825
F7A0
F789
F82D
F890
F7D4
F636
F515
F55E
F640
F6CA
F730
F796
F80D
F8DD
F929
F85E
F87A
FA8C
FC34
FC2A
FBFC
FC2B
FC3D
FCB7
FD6C
FD7F
FD6C
FDAF
FE08
FEE4
FFFB
0005
FFB7
0054
0097
FFBE
FFA0
012C
03A3
067F
08BC
091E
081D
0712
06B4
071A
0789
0762
0787
08CE
0A6F
0B69
0B67
0AB4
0A3E
0A1F
0993
091E
0983
09AE
092D
0936
0998
0950
08FB
091D
0903
08B1
0883
084A
0853
08DC
0915
0898
07D5
070F
069B
0658
0581
049E
04A0
0436
0298
01C3
0249
023B
013F
0048
FF5C
FECF
FECD
FE37
FD1E
FC9A
FC04
FAF2
FA57
F978
F7A2
F6CE
F73F
F6D1
F5F6
F5B4
F4E8
F480
F5EC
F627
F3D9
F2EA
F3BF
F2CD
F142
F1D7
F263
F12F
F05E
F0E7
F1BA
F268
F2E9
F385
F48C
F52D
F52B
F5A1
F641
F639
F67E
F72C
F716
F705
F7C4
F7E7
F74E
F76B
F7C9
F7A7
F7B8
F7B0
F715
F732
F858
F907
F8FB
F8DE
F8C6
F94E
FAD5
FC2B
FCA2
FD2A
FE42
FF7D
0050
0063
0065
0177
0343
04C3
05D9
0639
057F
04BA
04CA
0499
0381
02DA
0387
049C
0503
04BB
0442
03D4
03A5
03DB
03EC
0357
02FF
039F
043B
0450
04C3
052D
0468
0394
03F5
0425
0368
0374
046D
048D
0400
03EF
03A7
02B3
0256
02AF
0292
021F
01CF
00E2
FF47
FE08
FD1D
FBCA
FA4A
F926
F8A0
F8E5
F93B
F886
F749
F6AE
F65D
F5B9
F546
F542
F4FE
F461
F464
F5C7
F7BA
F8B5
F8A4
F865
F78B
F596
F3D4
F303
F21F
F149
F1A7
F2B1
F377
F48E
F652
F7F6
F8E0
F933
F9BA
FAFF
FBD7
FB2A
FA32
F9F0
F9BB
F9FD
FB70
FCC7
FD7A
FED5
004D
008F
00A2
0106
0098
0032
0120
01F1
01F0
02B1
0422
052A
0659
078C
079D
07B9
095F
0AD4
0A82
09F0
0A7D
0B36
0B0A
0A4A
09C8
09B8
098A
08E8
0846
0801
07E1
07C9
07DF
07EB
077D
06C8
069F
073E
07E0
07EA
079A
073C
06B9
060F
0590
0566
0528
047F
03FB
0451
0560
06E0
0864
08A4
0757
062F
05CC
0526
047D
0458
0398
021C
0123
005D
FF70
FF77
FFF0
FF8E
FFA2
00CF
00F8
0004
FFA1
FF11
FDEB
FDF2
FE98
FDEF
FD59
FE49
FF03
FE8F
FDF1
FD6B
FD2E
FDBC
FE08
FD9F
FE4E
0014
0083
FFDE
00A6
023F
0223
00E3
00AA
0114
00B7
0055
00EA
017A
0184
020F
02DD
02AB
022B
0283
02D7
029E
030B
0441
04FE
052A
0561
054B
04CD
04AF
050B
0538
0569
064D
0780
084E
092B
0AA1
0BF3
0C48
0BD8
0B2C
0A9D
0A76
0A84
0A8B
0AF2
0B98
0BB1
0B76
0B63
0A95
08F3
084F
08E5
08AC
074D
067A
069D
06CE
06F7
0726
0681
04D7
0377
031D
02D8
0238
020A
0226
01A6
0133
01B2
023E
023C
0270
029B
01DC
00E5
005A
FF7B
FE87
FEA1
FF14
FE80
FD6E
FCDE
FC7C
FBEA
FB6D
FAF2
FA27
F930
F86B
F80F
F806
F7CC
F6F2
F605
F609
F6FE
F7BA
F75C
F658
F5F4
F6BB
F7CF
F84A
F884
F914
F9C0
FA34
FA90
FAB9
FA4B
F95D
F8C0
F919
F9DA
FA15
FA46
FB65
FCAB
FD03
FD2C
FDCD
FE35
FE73
FF3C
FFD8
FFAC
FFD3
00B1
011C
0105
019B
02D3
03AA
03F8
041C
0439
04C1
0603
06FA
06A7
0631
072C
08CE
096A
092D
0939
099E
09B1
0928
0861
07E7
0783
0697
058D
053D
0557
0524
04AF
0406
0331
02FA
039A
03CE
031B
02AF
02B4
01FE
00C0
0003
FF43
FE2B
FDFD
FE74
FD98
FBF1
FB99
FC04
FBD6
FB99
FB4B
FA4C
F9DB
FAB1
FB05
FA49
F9E2
F994
F871
F777
F780
F7A0
F71F
F669
F61D
F65B
F677
F5FE
F59F
F5AA
F569
F4F8
F4EE
F4C6
F444
F448
F490
F3FA
F312
F2FA
F34C
F38D
F416
F48B
F471
F494
F54B
F5CC
F63D
F71F
F798
F75D
F790
F833
F878
F89D
F895
F806
F818
F926
F97A
F900
F93D
F9E4
FA66
FB6F
FC53
FC11
FBC5
FC3F
FD20
FE9D
001D
0062
008A
01CF
02DB
0330
03E6
049C
0500
0606
0710
071B
073B
07E4
07F6
077C
073D
0747
079F
0804
081B
083F
0820
0723
0692
072A
075A
06F8
0732
0749
06E1
0743
07D5
0758
0707
0761
06BE
0502
03B0
0361
03B9
03C3
02FF
0297
02F9
02BB
01DB
017D
00FC
FFC6
FF25
FF76
FF7B
FEAD
FDAF
FD3A
FD01
FBFE
FA90
F9E7
F969
F855
F7B6
F7B6
F762
F758
F803
F80C
F756
F6FD
F6CF
F662
F5F0
F54B
F48A
F408
F350
F2A3
F302
F3C7
F416
F47F
F49D
F3E1
F403
F5A0
F68F
F632
F5E9
F616
F6CB
F811
F8BA
F885
F8BB
F944
F948
F952
F9C3
FA3C
FAE5
FB86
FB8C
FBA1
FC4E
FCDF
FD2A
FD7E
FDBE
FE79
FFE6
008A
004A
0131
0339
0466
0490
04D6
058F
06A8
0783
075A
06BA
066B
064F
06BA
07AB
07BD
06FD
06E1
06B2
0583
04EB
0513
042F
031F
0355
0342
025F
024F
029B
0238
0242
02B9
0273
0241
02AA
029A
023A
01EF
012B
00F1
01E6
01CB
0048
FFCF
FFFC
FF32
FE87
FE66
FDE1
FDD9
FE56
FD80
FC08
FB9B
FB50
FABF
FAAC
FA20
F8F6
F90D
F9F5
F9EE
F9A4
F9E8
FA18
FA03
F98C
F8C6
F90C
FA37
FA25
F92A
F944
F9E0
F9B0
F95F
F99A
FA00
FA46
FA9C
FB4C
FBF0
FBD6
FBB5
FC57
FCB0
FC5E
FC96
FD33
FD59
FD89
FDD3
FDB1
FDA1
FDB5
FD92
FE09
FEDC
FEC8
FED8
FFF2
0053
FFD3
0021
00B9
011A
0241
02FC
0210
01BB
0319
042C
0456
048A
04FA
05C3
0694
06C3
06F8
0774
0732
06F1
07B7
07E6
0708
0705
078B
0727
06AE
0693
061D
0602
0686
062F
0524
04E6
052B
051A
052F
05D0
063E
0597
0414
02E2
024F
01B4
016A
01F9
026D
0222
01F3
022C
0202
0128
0053
0046
007B
FFCB
FEDD
FEDC
FE97
FCF1
FB56
FAA5
FA07
F972
F905
F810
F6D1
F63B
F664
F6E4
F6F5
F61B
F576
F5A5
F56A
F4D2
F4F7
F4F5
F485
F54C
F679
F61C
F5C1
F6EB
F809
F892
F96A
F9D1
F986
F9C3
FA3C
FA23
FA46
FABE
FAA6
FA96
FB51
FC07
FC46
FC70
FC45
FBDC
FC4C
FD9F
FE70
FE58
FE6E
FF60
00A2
0160
0169
018E
02B9
0453
0508
0514
0578
05F1
0640
0711
081D
088C
08D4
0957
0980
0964
094F
08E3
0882
0894
0828
075D
077C
07AF
06DA
065D
0684
0599
0439
0419
0448
03A0
02CF
023A
0238
0358
041A
0313
0209
021F
015A
FF38
FDBD
FD66
FD45
FD14
FC8C
FBCE
FBE7
FC6C
FBBE
FA61
F9DA
F9BA
F949
F909
F8F9
F884
F7CD
F725
F6A3
F64C
F5A2
F496
F41C
F426
F39C
F2DB
F2BF
F2D6
F2EF
F341
F2F0
F1E1
F179
F1AD
F155
F0D6
F0D0
F0B2
F064
F09D
F1C0
F363
F447
F409
F450
F593
F605
F5BF
F668
F745
F74E
F798
F845
F856
F870
F928
F973
F8ED
F869
F88D
F960
FA1A
FA55
FAEB
FBA5
FB76
FBA7
FD3B
FE0D
FD9D
FE48
FFD8
0077
00E2
01C9
0247
02C1
03EE
050B
05BC
064B
0691
06D1
0723
0700
06E3
0732
06EE
0651
069D
0744
079F
07FD
0784
064E
0689
076B
0636
0457
0472
057E
063C
06DD
06A7
05D3
05F9
064C
0536
03EA
039E
038F
036C
034A
02AB
0218
0269
029A
01C0
00E4
00CA
00B0
001D
FF49
FE17
FCBF
FC20
FC08
FB54
FA62
FA4B
FA1E
F890
F6B9
F600
F5F3
F5FD
F622
F622
F5F5
F5C5
F548
F488
F3F7
F381
F313
F2AB
F1CF
F0F6
F162
F271
F2BD
F2E9
F386
F3BA
F3C1
F456
F4C4
F4FA
F5D6
F691
F685
F72F
F8D2
F9A7
F984
F994
F992
F928
F925
F9A7
FA0F
FA80
FB08
FB2C
FB4A
FBEF
FC6F
FC87
FD35
FE70
FF20
FF81
0035
00C2
0159
02BA
0404
046A
04DA
057D
059D
0603
06FB
06FE
0641
069A
0788
0782
0716
071C
070C
06A4
066B
0675
0627
054D
04C5
0504
04E6
03F1
0378
03E2
0447
049C
04B7
03E7
0325
0353
02F6
01C5
01BC
02A3
029C
0213
0226
0252
0215
0185
00D4
00A2
00C3
000B
FEFC
FF10
FF79
FEF5
FE6E
FE73
FDEF
FD0C
FCF0
FCF5
FC16
FB75
FC1F
FCDD
FCCD
FCF8
FD88
FD25
FC0B
FB99
FB74
FAE7
FACB
FB5E
FB8D
FB84
FC3A
FD2D
FD71
FD6C
FDD8
FE84
FEAE
FE30
FE0B
FEED
FFF0
0038
003B
0060
0081
00D1
0145
0151
0120
0141
0191
0202
02CF
037A
03A3
03CF
040F
03F0
03F6
04AF
057F
05F3
063C
0623
05CA
061C
0729
0818
08AD
08FB
092B
09CF
0A91
0A5A
09EE
0AB2
0B88
0B2F
0AD8
0B36
0B54
0B3F
0B72
0B31
0A61
09EC
09CA
09B2
09F9
0A0E
0929
0865
0910
0A33
0A36
094A
0891
0841
07D1
072F
06CF
06D9
0719
0746
0741
075F
07C1
07A3
06C7
063D
0659
0644
05D2
053C
0446
0351
02FD
02BF
0218
017E
00D7
FFAD
FEA2
FE4E
FE39
FE02
FDE2
FE02
FE3A
FE37
FDE5
FDAE
FDB9
FD97
FD0F
FC76
FC31
FC6A
FD10
